Header_Length,Protocol Type,Time_To_Live,Rate,fin_flag_number,syn_flag_number,rst_flag_number,psh_flag_number,ack_flag_number,ece_flag_number,cwr_flag_number,ack_count,syn_count,fin_count,rst_count,HTTP,HTTPS,DNS,Telnet,SMTP,SSH,IRC,TCP,UDP,DHCP,ARP,ICMP,IGMP,IPv,LLC,Tot sum,Min,Max,AVG,Std,Tot size,IAT,Number,Variance,Label
20.460938,9.81629,91.16554,209.47705,0.05939161,0.08078139,0.026198976,0.21745346,0.5086942,0.0017187331,0.01160062,4.2906156,0.7916428,0.40908456,0.20504212,0.04834849,0.061810862,0.05920058,-0.0065042125,0.048993956,0.11306205,-0.03657159,0.61836755,0.35767794,-0.007289254,0.01366191,-0.042156655,-0.022316668,1.0103103,0.9970248,3251.6943,59.363113,180.69472,132.52396,36.31334,156.69818,0.0023671584,13.895767,-14447.416,DICTIONARYBRUTEFORCE
32.18496,4.173024,90.78544,1868.4487,-0.03502534,0.14509119,0.016365947,0.2974144,0.8803892,-0.0123923635,0.038818944,10.583795,1.1246985,-0.3233647,-0.07303488,0.16261204,0.34222677,0.0484396,-0.008144517,0.044493176,0.12136862,-0.0008748146,1.0163357,-0.031988572,0.01590986,0.038831584,-0.024629133,-0.012177498,0.9681201,0.9593665,-3244.084,64.08528,1284.2887,279.72537,444.03897,292.6046,0.0064884075,11.233482,218723.8,DICTIONARYBRUTEFORCE
25.376663,8.390375,57.53885,213259.84,0.029707717,0.32451096,-0.09103468,0.07899222,0.39784837,-0.0038896077,-0.06649344,3.7287586,2.7581275,0.41931573,-0.19305238,-0.034821823,0.06964273,0.069721,0.032072064,0.045935456,0.14924972,-0.01849383,0.61098933,0.2975973,0.05134629,0.08746412,-0.069304116,-0.024520017,0.98948914,0.9997318,-2557.8604,62.261425,170.6268,0.7105789,41.326744,44.969925,0.0050027114,13.893089,-11708.674,DICTIONARYBRUTEFORCE
28.452106,4.3928866,106.87303,6171.3486,0.09717532,0.049534835,-0.008998333,0.4388961,0.8870426,-0.018844407,0.018538104,8.1190815,0.423986,0.73505974,-0.0718318,0.21006891,0.08818304,0.03776922,0.0126533015,0.007398943,0.15377176,-0.032592945,0.9107159,0.0017787964,-0.0019483129,0.025558848,-0.0014915038,-0.02005675,1.003409,0.99474955,1533.9829,61.468365,530.99524,157.50491,178.64154,162.86502,0.007113323,6.901123,45174.543,DICTIONARYBRUTEFORCE
27.625784,4.1285458,79.295235,58846.914,0.07076367,0.025065431,0.16361889,0.060300972,0.9399565,-0.02926329,-0.06290725,7.8163857,0.7583937,0.46261325,2.3319397,0.035357825,0.33879712,0.059582368,0.040666185,0.031030819,0.16660863,-0.03687199,0.8458035,0.018261552,0.0046419934,0.09689588,0.0023588678,-0.035503946,1.0021782,1.0121766,-4309.0303,61.601444,-83.668335,128.3182,-3.295147,120.7374,0.012854812,4.966469,-22730.45,DICTIONARYBRUTEFORCE
30.297981,5.325822,94.65785,133260.92,0.16493244,0.042988177,-0.055041753,0.20885096,0.8608085,-0.06380203,-0.023219734,9.21203,0.445655,2.6070788,-0.13129635,0.2165969,0.06082387,0.09890207,0.024564829,-0.010141264,0.18038698,-0.05953543,0.8021506,0.07675968,0.017578766,0.054749392,-0.020725533,-0.04324658,0.99330485,1.053296,-129.78027,62.519726,216.5594,160.26389,66.236374,135.02507,0.003474131,9.209381,2619.0557,DICTIONARYBRUTEFORCE
24.017576,6.33734,53.815506,-566.0996,-0.0056070834,0.3208253,0.01734607,0.22389093,0.4566632,-0.023233611,0.010809045,5.801817,2.4247875,-0.19383223,-0.15445195,0.13118647,0.0268899,0.06469174,0.03980676,0.021670986,0.14178452,-0.030729804,0.76174,0.17280592,0.01276258,0.113882914,-0.040997878,-0.01947732,0.9486578,0.899879,-5107.425,59.785656,852.556,171.9296,321.41782,231.38406,0.014543858,6.4161377,167623.08,DICTIONARYBRUTEFORCE
20.509819,9.0050335,101.619934,-13935.318,0.009868256,0.05850202,-0.025282338,0.27394778,0.52054703,0.01303749,-0.057872865,5.0715694,0.7798829,1.1433053,0.2672051,-0.019840088,0.17199443,0.06919315,-0.060569536,-0.05301007,0.16770011,0.0026078103,0.5299152,0.41744727,0.034931365,0.07323216,0.053255655,-0.04717672,0.8939141,0.95268595,-1492.4097,59.82857,182.85086,-14.001884,72.751686,16.643562,0.020853452,8.070709,3135.9465,DICTIONARYBRUTEFORCE
27.079006,4.7353644,65.06476,-1407.8584,0.0006079301,0.14675501,-0.0008997787,0.23088399,0.72711676,0.0222472,-0.04901096,6.6933208,1.3380985,-0.13063404,-0.04486436,-0.102417134,0.67005897,0.07224611,0.00437716,0.04486674,0.09649204,-0.08917854,0.8180915,0.09611305,-0.022356514,0.121762276,-0.047050636,-0.025530677,0.9572777,0.9280136,-2014.0015,61.80709,799.459,387.53824,280.84512,444.7474,0.022143533,-0.3814392,114413.86,DICTIONARYBRUTEFORCE
28.906452,3.8446035,92.52713,1819.1956,0.029702812,0.13254243,-0.009090708,0.18246119,0.72330505,0.017275445,0.025271112,6.968937,1.1675069,-0.048730154,0.050514642,0.07284143,0.47809982,0.06663612,0.0360074,0.03451876,0.089266434,-0.026335755,0.84374726,0.0816043,-0.026291907,0.08138124,-0.0065552955,-0.049791113,0.9524622,0.91940725,-1489.3682,63.85319,100.67949,65.57313,32.422153,104.65995,0.022817772,7.104027,5609.727,DICTIONARYBRUTEFORCE
31.165012,3.5044768,100.216324,-147.62695,0.026822083,0.42152506,0.08717141,0.2862296,0.6762753,-0.03850207,-0.010504155,6.8553114,5.4195023,0.15110868,0.99605143,0.15900342,0.19480892,0.07923287,-0.026771922,-0.017851703,0.16821758,-0.021521498,1.0101578,-0.04787559,-0.00078234123,-0.011178054,-0.0074001956,0.052485123,1.0098631,1.0216999,9182.919,64.84102,1669.7794,494.47086,627.7626,499.6087,0.013110145,7.8115234,465934.22,DICTIONARYBRUTEFORCE
27.171387,6.5233054,69.804276,7956.6523,0.07099742,0.1487584,-0.012360067,0.10786747,0.638859,0.014882237,0.03267553,6.26287,1.3968573,0.1054852,-0.13400714,0.13844845,0.16835816,0.0738368,0.010796747,0.015494238,0.1313427,-0.026929498,0.7795586,0.16541055,0.0261955,0.050662313,-0.022816656,-0.011085653,0.99404013,0.96680826,-5333.4824,62.0236,313.46503,90.06716,90.25135,96.37976,0.005695174,8.053864,8231.22,DICTIONARYBRUTEFORCE
27.425327,4.85046,101.404816,3144.4873,0.056358743,0.024123011,0.048671514,0.16552092,0.87785494,-0.070444874,0.039056215,7.1693587,0.67269766,0.5189815,0.29531842,0.2768423,0.03802005,0.03735072,-0.0042726286,0.020518338,0.14829805,0.0031578029,0.84327936,0.039224155,-0.025161559,0.04053057,0.0065256283,-0.02875558,1.0183524,0.9899452,3487.71,62.07975,418.54712,222.0778,190.53925,186.37851,0.0050075357,4.580803,74201.13,DICTIONARYBRUTEFORCE
23.906479,7.5960593,88.957664,-2534.5732,0.014373094,0.069757774,0.1282988,0.21403985,0.6673786,0.026455456,-0.023804575,4.7445154,0.67634904,0.1132582,2.5299957,-0.15602756,0.7986545,0.05839249,-0.028532833,0.020354956,0.08233002,-0.05302216,0.7876782,0.194222,0.0010548811,0.084853016,-0.03515192,0.019325761,1.0054151,0.97112554,1277.0474,61.37607,123.97783,106.00832,49.01513,113.41571,0.010866371,13.504387,-10886.788,DICTIONARYBRUTEFORCE
33.838757,3.8167052,88.38193,7492.66,0.010922988,0.008349415,-0.00015276251,0.26239195,1.0876908,-0.030757448,0.010690702,10.787424,-0.10623109,-0.18428916,0.025347989,0.19340971,0.57529765,-0.028527562,0.014536567,0.041253064,0.1410856,0.016537203,1.0961132,-0.112602994,-0.0047112326,0.056409135,-0.003907741,0.026601141,1.0058979,0.9964807,4527.166,62.484997,1325.2164,461.30585,547.3665,484.1385,0.0023418588,9.356506,358829.56,DICTIONARYBRUTEFORCE
27.94964,4.754586,87.68686,454.8684,0.10836578,0.15494226,0.04729979,0.35486487,0.78939706,-0.006563034,-0.018046845,8.777767,1.4498448,0.95434105,0.29072243,0.24476755,0.057327695,0.06723659,0.012609238,0.01779384,0.13139164,-0.024036817,0.929606,0.007123832,0.012162906,0.028551988,-0.0038117543,-0.014964974,0.9718755,0.9824551,525.03906,61.117393,414.68076,92.93899,98.72299,135.70416,0.008914813,7.556862,12026.671,DICTIONARYBRUTEFORCE
22.47934,9.359371,87.33863,2000.9932,0.07839185,0.045671105,0.033808425,0.1440132,0.62362504,-0.037963036,-0.0016515609,4.7764034,0.866056,1.2142874,0.4686019,0.036350697,0.093765266,0.026646975,-0.039651282,-0.04041329,0.18549922,-0.016135663,0.59808725,0.34645152,0.008486131,0.026013624,0.028533647,-0.03544081,1.0309726,1.0241163,4342.1025,59.793404,267.31094,278.0682,119.80135,297.87515,0.0037692224,6.0671844,19926.348,DICTIONARYBRUTEFORCE
25.949808,5.4937625,84.200516,-5689.847,0.09253384,-0.013390561,0.03572498,0.21361502,0.87057424,0.0043848907,-0.0002311659,15.069931,-0.063231535,1.8631196,0.06563497,0.24348244,0.07269471,0.04999267,0.024702957,0.017449446,0.14438848,0.0003308151,0.81891555,0.12847053,0.0032130536,0.048719548,-0.032475457,-0.03393033,0.97282076,0.94206387,-1567.4307,60.448734,639.45996,88.384346,183.14313,100.42852,0.009716096,11.251099,51056.215,DICTIONARYBRUTEFORCE
30.073906,4.0304127,66.77488,-1264.937,0.09315689,0.029653324,0.031110683,0.17630117,0.94761115,-0.007701351,-0.020272158,8.689255,0.5780492,1.097685,0.69892853,-0.003933287,0.72603047,-0.0034161983,0.0012122979,-0.05706659,0.15912159,-0.0023365766,0.9530732,-0.03264794,0.0094030835,0.07792568,-0.015232629,-0.032130107,0.9920833,0.9812078,9094.11,59.822124,1031.7349,370.04364,414.4369,429.1392,0.007267679,12.241112,222637.92,DICTIONARYBRUTEFORCE
26.428516,4.7378006,70.31148,-961.5205,0.109303325,0.007085275,0.019073792,0.46960217,0.8822303,0.02946489,0.028537814,12.486641,0.12717807,0.6385337,0.10355291,0.15496822,0.09448356,0.0021140464,-0.0009975862,0.046550516,0.14951426,4.7027133e-05,0.8737092,0.061386626,0.0023203297,0.05462805,-0.027180742,-0.031412963,0.9413268,0.9483274,3968.4023,59.51866,735.2273,218.74055,222.75842,236.43701,0.0090969475,8.661835,70115.336,DICTIONARYBRUTEFORCE
26.750645,7.4036207,105.89996,5411.697,0.09578666,0.07788837,0.09839299,0.20648709,0.7210366,-0.012983669,0.0158944,6.1074014,0.62601554,0.2288008,0.41510746,0.16532359,0.16887723,0.09214565,-0.024475476,0.059193466,0.12917961,-0.06858029,0.77600443,0.14146715,-0.0211467,0.081053674,0.027403126,0.017222138,0.9394581,0.98613954,-1519.9209,64.50605,48.13031,81.75183,42.27034,91.2229,0.007967069,-0.07118225,-8507.983,DICTIONARYBRUTEFORCE
26.566545,7.5184016,115.236206,956.5254,0.04196403,0.1814533,0.012674363,0.169743,0.64903015,0.019122785,0.014411125,5.5385256,1.5827484,0.14362657,0.2561709,0.095970474,0.23903088,0.10313907,-0.00046487898,0.0452556,0.1038654,-0.004034722,0.8012434,0.16321933,0.02681867,0.008516384,0.0083630895,0.02781533,0.99020404,1.0109451,2975.7415,67.00075,71.688126,73.68048,-17.925472,92.84024,0.007873769,7.6297836,-36321.31,DICTIONARYBRUTEFORCE
26.462734,6.915603,85.42915,280.19336,0.048748203,0.24389902,0.021053141,0.19712318,0.55996794,-0.014356122,0.0055078208,5.754464,2.0922635,0.01376787,-0.05027313,0.14355631,0.0864918,0.11291626,0.04959753,0.0074800937,0.13603276,0.0016576471,0.7663749,0.20982486,-0.0016393466,0.008163314,-0.007828776,-0.018082034,1.018492,0.962666,-1081.8613,61.09404,1497.5302,258.58276,515.4322,303.138,0.009935353,4.2449875,373733.16,DICTIONARYBRUTEFORCE
16.687168,11.334628,101.98742,-5312.7065,0.026928244,0.0591816,0.0017076358,0.2941527,0.37594053,-0.0017089618,-0.02640266,4.356045,0.89916456,0.7413403,-0.03811364,-0.17768237,0.37897208,0.16875982,-0.042226173,-0.013938302,0.12241991,-0.06486789,0.4002317,0.5546534,0.028242115,0.020526323,-0.009869327,-0.030867869,1.0357412,1.0082691,3439.6948,65.361046,1205.6711,279.35715,375.63007,258.45306,0.016087651,14.639633,155793.86,DICTIONARYBRUTEFORCE
29.921425,5.280307,105.722275,-1476.0884,0.06748863,0.1564197,-0.023373798,0.08089032,0.65334433,0.04579678,-0.050951745,4.802581,1.8424013,1.5194035,0.040278565,-0.048110258,0.67372626,0.11680041,-0.039232615,-0.013244601,0.20218043,0.0035806186,0.74283993,0.2181869,0.005239991,0.040206704,0.011083529,-0.080745846,0.9331743,1.0273952,-765.02344,74.46533,-130.50952,-8.737778,-43.905174,-23.063591,0.019985037,10.495155,-6987.121,DICTIONARYBRUTEFORCE
28.047184,4.278646,63.515003,1116.8057,0.021956861,-0.004971371,-0.004242137,0.0022793012,0.8235609,0.0250661,0.018011322,8.817823,-0.097859606,0.0037209503,0.1319063,0.15916982,0.45488143,0.053929616,-0.023946093,0.034167636,0.06737895,-0.035940394,0.8671845,0.042145036,-0.047537122,0.11250854,0.013197193,-0.016862411,0.9558203,0.8948741,14129.751,62.6996,1388.4813,525.20087,549.92365,493.16257,0.015642216,10.374306,372931.2,DICTIONARYBRUTEFORCE
23.745283,6.691246,127.67308,28263.273,0.109184645,-0.030637769,-0.03602144,0.14383012,0.7097874,-0.053330123,-0.014056765,7.4173427,-0.1654716,0.6153587,0.043129876,-0.10819449,0.519435,0.056544896,0.07302648,0.006089639,0.08907984,0.019326903,0.6874591,0.17024471,-0.02062588,0.104266346,0.008096126,-0.025910925,0.94054216,0.89141744,1822.6597,59.231503,53.414215,78.305084,31.825256,101.520424,0.02374359,5.2309265,4306.0166,DICTIONARYBRUTEFORCE
29.433182,2.6861596,64.87323,34843.465,-0.012354645,0.32222715,0.0058133923,0.31597134,0.64385074,-0.00441973,-0.031254154,6.015418,2.5205925,-0.085020624,-0.016109884,0.0048346072,0.47541043,0.06929034,0.04324788,0.026895719,0.10615327,0.041228004,0.9067137,-0.0022649132,-0.005559509,0.027977144,0.002067252,-0.035284005,0.9699678,0.89270353,-362.66406,63.203094,286.01184,94.14218,69.21626,162.9671,0.025783803,6.9079742,11579.485,DICTIONARYBRUTEFORCE
23.057587,8.3568,81.194244,-491.2339,0.016454482,0.15832603,0.036818184,0.22175764,0.52368337,-0.013105622,-0.03167637,5.9225187,1.7062634,-0.12904564,0.124158636,0.06544567,0.1951086,0.11445889,-0.006701527,-0.0237019,0.14261195,-0.021123882,0.6663459,0.30675578,-0.0026382646,0.022927128,-0.022700064,0.008855666,1.0201589,0.9807669,5600.151,61.69693,1748.2648,381.43973,629.8279,403.09644,0.008240225,11.498375,440053.4,DICTIONARYBRUTEFORCE
14.035277,13.00977,71.71412,3576.9678,0.053813852,0.010882647,-0.031315625,0.06278782,0.22203273,0.027610566,-0.014149007,2.2443073,0.26419374,0.09177004,0.009749419,-0.14962071,0.35942236,0.12700221,0.007552723,0.031273715,0.08592666,-0.067009635,0.26431155,0.70875883,-0.03344991,0.08660611,0.007935375,0.008014281,0.9594993,0.94896257,882.00635,61.40797,221.09416,171.59232,85.49743,203.31393,0.022318367,12.656967,-229.57776,DICTIONARYBRUTEFORCE
31.018682,4.515723,79.65509,-2543.1294,0.046106398,0.069804065,0.007783612,0.2961548,0.9065526,0.0074940464,0.009693263,9.30661,1.1596949,0.38438794,-0.09634772,0.23994088,0.14343716,0.061745614,0.014532164,-0.012504239,0.15630111,-0.003875224,0.914935,-0.0014842228,0.006241193,0.0397821,-0.015245309,-0.036095303,0.98695374,0.97173893,-782.9546,67.570114,617.8373,120.959435,214.4368,134.45145,0.010920271,9.448669,67562.56,DICTIONARYBRUTEFORCE
29.961536,3.1051679,80.30557,2207.6204,0.08852753,0.4781559,0.0040278793,0.19566019,0.5485929,-0.027060203,-0.010330788,5.9395666,4.335015,0.16335839,0.0191017,0.15566511,0.19594896,0.10307574,0.032064103,-0.012819933,0.13382632,0.0052780146,0.9320792,-0.017217958,-0.0012960332,0.025923513,0.025194097,-0.03701165,0.97882456,0.9610508,-940.8369,62.49184,621.48267,131.50621,146.36008,184.00992,0.018523354,4.5706635,51534.71,DICTIONARYBRUTEFORCE
29.21555,3.9653513,58.745537,1159.467,-0.039335754,0.0084603,0.026289502,0.056094635,0.9169292,-0.022186505,-0.0043719937,9.73019,0.07447659,-0.2005419,0.19965409,0.16001537,0.56918395,-0.012492113,-0.009360047,0.033121437,0.10637242,0.011748172,1.0209632,-0.059110425,-0.034915358,0.0841357,-0.015167527,0.017344054,0.96631104,0.9405954,9367.484,60.706932,1321.5488,572.874,528.92303,584.78015,0.0029134462,18.372063,391046.9,DICTIONARYBRUTEFORCE
27.22027,6.444444,74.82068,6693.7515,0.035266005,0.0730629,-0.0034542382,0.28402236,0.787557,0.010384679,0.03834168,6.6202126,0.72799337,-0.016995031,-0.048361104,-0.026289726,0.4746295,0.039103556,0.013093438,0.0146476105,0.117726564,-0.03210267,0.8496578,0.09982387,-0.0030320114,0.052685462,0.0016570417,-0.018795276,1.01446,0.98420554,-1154.669,60.436783,247.1262,107.50023,95.77343,111.72287,0.0040773056,8.82164,5881.4727,DICTIONARYBRUTEFORCE
34.40183,3.5069678,97.16933,-3866.31,0.061556045,0.0052248607,-0.032470483,0.46971565,1.1119688,-0.039909303,-0.011958655,12.45649,0.07653585,1.726603,0.24641863,0.028413972,0.730181,0.033707496,-0.029620418,0.017151684,0.16291055,-0.014022267,1.0203834,-0.09240016,0.0096668,0.0047352873,-0.06257976,-0.06175341,1.0313774,0.99767345,14982.616,66.323074,2361.8755,599.82806,842.70337,592.50726,0.010886562,13.167969,631619.06,DICTIONARYBRUTEFORCE
24.343819,6.946446,77.14403,-1044.0542,0.03495758,0.124455206,0.13155973,0.040729165,0.6645031,0.018632583,9.766547e-05,6.3092284,1.5821202,0.06639795,1.8503475,-0.11877188,0.6988891,0.05955106,0.0165766,0.004013586,0.082168,-0.05442682,0.77146846,0.14172466,0.01604282,0.08978475,-0.01874036,-0.0024965126,0.9689508,0.9461539,-2537.1162,59.2181,190.23419,89.706505,73.98766,108.88909,0.010690387,12.113457,3360.2231,DICTIONARYBRUTEFORCE
19.508677,10.145135,108.31578,-4378.4243,0.02803254,0.14296018,0.0077180513,0.13886029,0.40751085,0.016150234,0.007793435,4.655387,1.353526,0.016101986,0.04590709,0.050840117,0.18224482,0.14415868,0.0034962827,-0.0001387624,0.13659623,-0.016563112,0.51212937,0.43024787,0.009281837,0.023591015,-0.01062726,-0.018502897,1.0221242,0.98196733,593.9346,65.1724,1203.1001,199.38855,425.9481,220.15599,0.012881355,14.933022,246868.25,DICTIONARYBRUTEFORCE
21.9067,5.7355247,66.049095,-2319.7979,-0.013391532,0.047254518,0.015965557,0.5857235,0.60460687,0.022675412,-0.026444681,6.330117,0.8505854,-0.29195482,-0.040776897,-0.0004327204,0.042681016,0.082983755,0.0031507248,0.033897217,0.15423048,-0.060998216,0.68268055,0.22034073,-0.004158148,0.16949756,0.06467594,-0.0265958,0.8993795,0.87886196,3103.1775,58.6627,642.6333,170.78638,212.86038,275.3104,0.028733755,10.350235,69931.0,DICTIONARYBRUTEFORCE
27.86166,5.0606174,68.05479,-143.2456,0.15131535,0.013977952,0.0015970762,0.22811602,0.812081,0.022271123,0.016839506,8.172349,0.22239009,4.0829735,-0.057410628,0.1951631,0.3151841,0.06107445,-0.0018774299,0.047972664,0.14397602,0.02512762,0.8034991,0.1251208,0.0020550564,0.06987517,0.01238367,-0.050259273,0.9717154,0.95906967,489.5254,63.386486,434.7342,158.9673,157.17245,171.60098,0.01797767,12.504349,41648.14,DICTIONARYBRUTEFORCE
32.356045,3.0375402,105.70622,422.8667,0.010118186,0.26373708,0.048405856,0.114147045,0.93030226,-0.052727476,0.030501146,9.525154,3.0090678,-0.065273754,0.39195025,-0.03671758,0.70085067,0.0454146,-0.0011217175,-0.023572583,0.14136805,-0.0096141165,1.1088139,-0.16113128,-0.014589719,0.06108928,-0.01844978,0.0088378545,0.9777493,0.95092857,-69.86279,60.80435,506.04816,138.89423,176.06653,138.12381,0.0086776465,5.5773926,70269.15,DICTIONARYBRUTEFORCE
16.041323,11.562687,117.640305,-10866.65,-0.0027422141,0.005443854,-0.026914028,0.34257385,0.4412027,0.024347123,0.00812957,2.911961,-0.01159139,0.4058909,0.28842467,-0.2908115,0.4256033,0.070466645,-0.06378629,-0.02949464,0.20259675,0.041106272,0.41695726,0.55105233,0.018796729,0.03214094,0.04238313,-0.027803974,1.0152643,0.9714812,2581.9214,62.299255,588.6686,208.11389,178.12384,230.4195,0.017540725,7.392853,34074.402,DICTIONARYBRUTEFORCE
23.390406,7.513755,78.44542,87125.555,-0.031628396,0.07715876,0.060378164,0.3217254,0.6876063,0.057523493,0.010365053,5.422405,0.7637736,-0.035748586,0.4471861,0.021929007,0.14948344,0.061806235,-0.0018095737,-0.0018609222,0.11319913,-0.07317058,0.78623337,0.19440936,0.00039231032,0.091061205,-0.0170996,-0.030912023,0.97795737,1.0402862,-3990.3604,59.58061,253.57007,116.020584,55.42272,116.13996,0.0024239144,15.11319,1136.969,DICTIONARYBRUTEFORCE
19.719604,10.123941,108.58227,-840.3496,0.030951707,0.19408016,-0.010403579,0.13579857,0.33447295,-0.0035601882,-0.00093688024,3.394136,1.8885605,-0.013853319,-0.013135856,0.06668667,0.04450674,0.15185556,0.028425228,0.024155688,0.111112826,-0.049119942,0.48870003,0.46138746,-0.007253228,0.029242432,0.018332995,0.017337553,0.9830765,0.978252,645.3828,62.131905,254.33267,122.8952,101.32969,136.7998,0.015132858,12.747154,11327.467,DICTIONARYBRUTEFORCE
23.084312,7.056836,60.03782,-15321.283,-0.017285034,0.02926503,-0.03209822,0.71822494,0.7029185,0.0644345,0.01940017,7.9499254,0.8365159,-0.23884976,-0.03013767,-0.2504255,0.78961575,0.05907755,-0.025344785,0.020498687,0.15324545,-0.06670142,0.7870723,0.19603482,0.032779895,0.073264055,0.017142188,-0.039255057,0.88695025,0.8855517,-4375.1475,60.507824,200.44138,73.13988,103.11118,83.48578,0.020659043,11.452827,-10367.47,DICTIONARYBRUTEFORCE
26.15234,6.0717883,94.00906,884.31396,0.024471853,-0.01090423,0.075267345,0.12151208,0.77288425,0.04879156,0.040508278,7.229452,-0.48450404,0.09469792,0.88018894,0.05246868,0.47764155,0.038624138,-0.024804223,0.066957004,0.0795715,-0.04114764,0.8036333,0.10845315,-0.011633296,0.07131076,0.005332264,-0.0057806354,0.97238326,0.9515231,1133.498,64.99627,33.370544,42.176563,36.696167,28.75322,0.012499455,15.307671,-7096.643,DICTIONARYBRUTEFORCE
21.168894,7.547309,85.83429,-2388.2476,-0.014032552,0.039593104,0.060617816,0.31811476,0.60027266,0.025181592,-0.040348597,7.2466984,0.52211654,-0.13478899,1.2117478,0.004129219,0.2784023,0.06093401,-0.042450927,0.023955146,0.07740817,-0.046180718,0.6890768,0.26308614,0.00855693,0.114411965,-0.004944857,-0.030328616,0.9670135,0.99924487,1072.061,61.026264,408.49292,211.95459,134.22693,227.7781,0.014832933,14.6273575,14391.312,DICTIONARYBRUTEFORCE
18.955439,7.6682434,91.17369,-8343.152,-0.08071411,-0.010810788,-0.036919475,0.21017845,0.4570243,0.055869386,-0.05505901,4.294939,-0.35423014,1.0311989,0.12801422,-0.13409956,0.22055855,0.13174428,-0.04533127,0.020772412,0.13968916,-0.00499825,0.42643148,0.39290175,-0.041302882,0.13726643,0.09463151,0.021987166,0.81863517,0.8613013,4098.2466,65.3668,210.90923,72.503685,69.40694,147.92642,0.032593634,7.8279114,654.60974,DICTIONARYBRUTEFORCE
29.508886,5.8727036,56.479862,1573.4634,0.081549406,0.38650396,0.03766216,0.28671303,0.5189319,-0.0022904284,-0.024383754,5.6128454,3.3797374,0.57658887,-0.15231715,0.057460085,0.22976306,0.089817636,0.028888715,0.008793407,0.18439528,-0.0394227,0.8514972,0.1321164,0.019034965,0.020323701,-0.070446976,-0.011727017,1.023411,0.96786714,2257.1465,68.82561,1372.5627,277.26062,501.67017,342.7139,0.009500584,6.4383087,378708.8,DICTIONARYBRUTEFORCE
25.048693,5.6023655,53.22708,14116.59,0.026043072,-0.022840017,0.018167567,0.38474253,0.8292325,-0.047478236,-0.037953895,10.654538,-0.7599967,0.38176316,-0.03379591,0.24618801,0.0128687,0.03541249,0.015626527,0.028686743,0.12862727,-0.011673597,0.8206579,0.052117094,0.011184783,0.120171666,-0.0033689383,-0.022464897,0.9178101,0.8962295,4272.456,57.926693,402.1931,187.633,114.76637,230.32068,0.009827127,7.0938797,16249.592,DICTIONARYBRUTEFORCE
24.859697,6.653403,73.66816,663.26514,0.052844133,0.101990454,0.004781729,0.2624498,0.6407353,0.0046145013,0.0022410252,5.1292152,0.82163924,0.30832225,-0.020385452,-0.052379932,0.53029865,0.09947762,-0.019098518,0.036019538,0.089491494,-0.029252559,0.72048676,0.1991149,-0.0077837794,0.033110805,-0.007972609,-0.018108744,0.990241,0.9958146,-2570.0078,65.13618,778.408,261.32785,277.67352,282.91757,0.013933113,8.775192,115236.055,DICTIONARYBRUTEFORCE
27.276268,5.327338,86.71878,-3238.1274,-0.0059037562,0.038235422,-0.016496636,0.51656574,0.9196966,-0.012424431,-0.019649511,11.23585,0.6479273,-0.092179686,0.08594214,-0.047262415,0.56853,0.047958385,-0.017483234,0.0052431645,0.14693731,-0.021449344,0.92562956,0.038277745,0.015842408,0.033282276,-0.03351962,-0.042194597,0.9667254,0.9566799,1946.9624,58.23363,1108.3655,173.4429,333.38303,181.73639,0.0094719,10.28141,124463.1,DICTIONARYBRUTEFORCE
31.946619,2.294629,77.15472,8630.629,0.04011908,0.16058797,0.0058744964,0.34869245,0.9224368,-0.03462044,0.026086926,9.110178,1.3445623,-0.2335347,-0.04603786,0.13168411,0.4594581,0.010190275,0.029686362,0.023088098,0.16952126,0.006220718,1.0887153,-0.13042332,-0.03702265,0.053721696,-0.060077958,-0.0159384,0.96461976,0.94738024,-2816.9463,59.212734,1294.7231,268.62762,453.64633,298.54312,0.00761661,8.15947,351409.78,DICTIONARYBRUTEFORCE
16.651638,12.465298,71.19874,6288.2534,0.05439177,0.053329356,-0.0265865,-0.0033560065,0.27850613,0.0036189524,-0.0065753795,1.913107,0.4683293,0.096109256,-0.031045165,-0.023450226,0.06679767,0.12109314,0.016038507,6.182119e-05,0.12612513,0.018944483,0.33420298,0.6135663,-0.004061798,0.06616462,0.013636209,0.008442657,0.9787729,0.96854526,-291.6411,62.646317,177.17854,78.79855,78.50878,99.6373,0.011086792,13.245903,10333.961,DICTIONARYBRUTEFORCE
23.76232,5.096161,113.92224,1794.1765,0.051448498,0.080384396,0.015028788,0.15065539,0.738086,-0.052215464,0.018678498,7.0812874,0.80578476,0.20536453,0.505369,0.015741518,0.2938106,0.05826837,-0.0065458287,0.03401731,0.10995821,-0.022094462,0.82943517,0.10157042,-0.03484823,0.060065087,-0.0056225667,-0.019126287,0.9699027,0.95510507,839.77,58.39285,233.71837,145.08679,89.5974,138.14116,0.016118964,7.3863373,14959.284,DICTIONARYBRUTEFORCE
25.979149,5.7408834,92.650345,727.0449,0.07160038,0.004185909,0.009930926,0.12485023,0.8201435,-0.024711628,0.016633054,9.625229,0.15718618,0.6943893,-0.074891195,0.09798617,0.3240019,0.06261363,0.03889667,0.050829522,0.097670026,-0.0037621707,0.81925935,0.09466044,-0.020721268,0.06806467,-0.0100437775,-0.04259603,0.9382618,0.9323159,-3407.9531,60.05035,209.39613,24.0364,72.3799,30.301971,0.009469075,9.155876,7970.9346,DICTIONARYBRUTEFORCE
21.69665,6.3522468,87.6096,-898.4502,0.028579164,0.09916271,0.009819289,0.14471893,0.55787027,0.028969066,-0.0058565265,4.735977,1.0907756,-0.08703229,0.0436905,0.05582492,0.19489408,0.07504041,0.013460075,0.03937941,0.086464375,-0.011667925,0.6568103,0.22006808,-0.011478114,0.121209584,0.013298264,-0.048505448,0.9273453,0.8502732,-3368.8086,58.841328,371.30743,137.50377,134.65286,184.15932,0.027182978,5.6956863,25000.768,DICTIONARYBRUTEFORCE
31.5751,5.063894,83.63058,10086.024,0.024237989,0.0071255,-0.03370676,0.37238324,0.9807807,-0.00066830893,0.0011914736,9.124459,-0.026291158,0.28292483,-0.100841485,-0.051978193,0.8114155,0.028861592,0.0051017758,0.014695983,0.09998222,-0.03245465,0.9898726,-0.0062113684,0.022109918,0.027933985,-0.022351013,-0.027986271,1.0079334,1.0166298,-3520.205,63.775066,1039.883,220.27386,384.66046,222.35913,0.0030782437,11.713821,188893.84,DICTIONARYBRUTEFORCE
25.846992,7.0384626,72.8024,-4919.314,-0.0029119942,0.110413484,0.0016496656,0.16624732,0.65393126,0.05471013,0.025876146,6.2101345,1.280147,-0.21348016,0.23267528,-0.039884765,0.549608,0.07078035,0.0065988675,-0.029011572,0.14081901,0.0011918182,0.73000264,0.22445112,-0.031132905,0.033310156,0.027478479,-0.028055245,0.97526926,0.98333776,6285.43,71.609795,1023.4248,453.87408,379.64166,453.44476,0.011085375,13.507591,198752.42,DICTIONARYBRUTEFORCE
24.434072,9.546094,98.91004,3401.5254,0.027940214,0.0653722,-0.0026780297,0.13039601,0.5766589,0.004082664,0.030164355,4.4380865,0.6535628,-0.040581003,0.17577472,0.05355651,0.27130997,0.073912725,0.019892298,0.0831502,0.05586862,-0.03435673,0.6670691,0.2813126,0.0022412394,0.054985523,-0.041858748,0.01013806,0.99703234,0.96216357,-2408.1377,63.68804,-32.416412,41.261974,5.0627413,58.23164,0.007540092,6.0541687,-15642.573,DICTIONARYBRUTEFORCE
20.57131,8.463621,87.92264,-1940.2817,0.06902081,0.04775576,-0.052604023,0.50818276,0.56961733,0.02014047,-0.038145386,4.1392274,1.0608611,1.318152,0.25267333,-0.04664511,0.1455057,0.11976124,-0.044649575,0.031791307,0.13539203,-0.053474005,0.57603896,0.39998183,-0.0143645285,0.06538366,0.018923203,-0.01133752,0.9653112,1.0231473,3230.0017,61.52121,465.19818,269.33356,167.30063,302.47037,0.021416312,6.1456146,15386.979,DICTIONARYBRUTEFORCE
27.139194,7.024159,88.227554,79179.97,-0.0047437567,0.07614855,-0.058537744,0.5176345,0.7859997,0.021078857,-0.06336382,8.469255,0.75722164,-0.4102527,-0.024977647,-0.20986068,0.6444184,0.04393969,0.019369295,0.04450591,0.18516067,-0.00637996,0.7959099,0.17972228,0.0575613,0.11978916,0.02456745,-0.0140923895,0.97305053,1.0013494,-671.6846,59.675846,845.417,270.57706,311.08096,311.53894,0.009168673,6.8221054,134855.58,DICTIONARYBRUTEFORCE
29.900057,5.615183,114.01018,2729.066,0.10743373,0.07975413,-0.008994227,0.21536258,0.86149204,-0.011040019,0.017896686,7.5416565,0.9408834,1.9607247,0.20301186,-0.120892376,0.873181,0.032222442,0.0056746416,-0.04328716,0.13831905,-0.065609306,0.88622177,0.06720033,0.014121435,0.0026899995,-0.004680734,0.0029220898,1.0252041,1.0079489,2602.5935,61.264534,336.57565,125.464806,107.55661,143.26889,0.0072577163,10.983231,27950.354,DICTIONARYBRUTEFORCE
19.261984,9.0344715,112.78645,-478.31592,0.028329916,0.031655747,-0.010989901,0.2252672,0.5587063,-0.03777171,-0.007323883,4.5918107,0.45511335,0.40563312,0.30568764,0.054269914,0.11845484,0.09814084,0.00592371,0.028616987,0.100817665,-0.034606118,0.562805,0.3488454,-0.02855693,0.056769285,0.013088973,-0.03638896,0.9988755,0.95914125,3953.9631,59.113525,391.05786,144.80756,138.8386,158.3016,0.018816583,9.160873,23503.127,DICTIONARYBRUTEFORCE
23.142296,8.65498,81.65064,-521.9995,0.018054852,0.10399594,-0.01755812,0.24283116,0.5534454,0.02074796,-0.03355182,5.486086,1.254661,-0.09419239,-0.07745442,-0.012464453,0.23374076,0.10352823,-0.0009346241,0.04673623,0.14750075,0.012981977,0.6246629,0.34373307,0.0016685855,0.046385184,-0.008683008,0.0048651453,0.9796757,0.97481316,-4228.958,60.685917,208.09976,28.810791,50.50193,52.54366,0.011128394,8.230301,-9260.687,DICTIONARYBRUTEFORCE
21.730755,7.40282,98.51372,-1318.2964,-0.020922462,0.111063816,0.08267437,0.20377985,0.61944425,0.026386363,0.01253772,4.7847996,1.2217275,-0.20852716,1.0191066,0.029057784,0.26149404,0.07691246,-0.03498621,0.024064716,0.09846312,-0.024015654,0.7036017,0.24470313,-0.0022740872,0.053131416,0.018068705,0.00096075237,0.9705593,0.971207,-526.8628,65.31202,888.4235,327.67062,319.7535,319.58316,0.012398855,8.424881,137441.69,DICTIONARYBRUTEFORCE
33.35811,3.715661,80.275566,-487.11914,0.046231344,0.10061798,0.013181929,0.31713736,0.95420235,0.030382501,-0.005137471,9.5567665,1.1274812,0.26368946,0.038695518,0.09840493,0.61114323,0.07563623,-0.008962312,-0.008447845,0.15918958,-0.029641146,1.0315012,-0.047645383,0.004632245,0.01642209,-0.04490386,-0.028967092,0.9902477,0.9662728,4655.517,69.213196,1522.4037,399.48404,559.9765,421.16916,0.010689169,10.515823,361089.1,DICTIONARYBRUTEFORCE
21.620438,8.64287,112.76821,2556.232,0.06627746,0.23461607,0.008135139,0.06893793,0.40977356,0.008301081,0.011493825,3.6509473,1.9282684,0.1856919,0.13779666,0.034034565,0.16028915,0.13422361,0.018112995,0.025703385,0.12283623,-0.057537276,0.5997627,0.3339361,-0.011223081,0.030274145,0.0013409602,0.0369702,0.9783961,0.95867,1961.1519,59.26732,48.049744,83.835815,13.730891,117.62893,0.012117435,6.029785,-7603.104,DICTIONARYBRUTEFORCE
25.911333,6.6779685,80.061966,239.68896,0.05013615,-0.013494924,0.025959298,0.15204455,0.7348505,0.004154763,-0.004711901,7.2337036,-0.40245834,0.121739015,0.04619836,-0.067202404,0.57157415,0.0693664,0.009347954,-0.0153806815,0.1312103,-0.01912784,0.73330504,0.22379397,-0.021600237,0.047091264,0.025942925,0.0030399673,0.9969025,0.9523821,5933.9873,64.82211,1075.0312,369.4773,412.37082,406.21994,0.015004833,8.518478,227250.75,DICTIONARYBRUTEFORCE
19.621418,9.513448,86.77106,2499.3599,0.103973225,-0.0037295215,-0.00140046,0.21346259,0.5539899,0.021196797,0.04605063,5.2340407,-0.2940851,0.3823192,-0.047115073,-0.04800063,0.35262206,0.091972314,0.020630257,0.04925725,0.11369711,-0.01684176,0.54302883,0.39371738,-0.024149302,0.06253487,0.011792648,0.010238252,0.98774725,0.95858055,2804.7827,59.38289,456.13452,247.5044,149.40405,227.27087,0.009097932,7.258415,30445.133,DICTIONARYBRUTEFORCE
24.617466,7.2562237,100.58549,-1563.3159,0.039334673,0.115967035,-0.03793557,0.4006469,0.597603,0.029572146,-0.014426723,5.681232,0.93739337,0.3780526,-0.059329268,-0.028712064,0.4779466,0.12213751,0.02031698,0.009770472,0.13109559,-0.0009051757,0.72490084,0.27187827,0.012619075,0.009633789,-0.026123267,-0.030526944,1.0114833,0.9833495,-1738.9268,62.629246,746.526,102.18953,213.456,140.71454,0.015433832,12.7445755,78391.734,DICTIONARYBRUTEFORCE
25.883083,6.6345005,122.51543,12965.131,0.13040248,0.032535788,-0.034378607,0.146676,0.7446464,-0.029473767,-0.0033361139,6.520231,0.45112246,0.2604039,-0.06683975,-0.082518496,0.64094305,0.053093936,0.060584918,0.0018046051,0.06621079,0.0052724686,0.7399983,0.20069842,-0.026400268,0.070151195,-0.012920618,-0.025894266,0.95130384,0.95424515,-2432.0117,60.48566,371.5526,172.62436,148.54114,192.58395,0.020352429,4.5511856,44339.938,DICTIONARYBRUTEFORCE
19.461071,7.894293,112.42204,-4268.7866,-0.0003734883,0.0633011,0.04862134,0.20829754,0.537031,-0.009125874,0.004876652,4.986866,0.68034834,-0.015124975,0.56351787,0.08388901,0.07968974,0.10497446,-0.0354939,0.020841274,0.13412006,-0.016873151,0.61883104,0.29246682,0.0078185685,0.06740394,-0.0070644724,-0.007754266,0.97845316,0.947868,2166.604,59.324295,396.78427,81.27972,115.24062,79.01042,0.014136136,13.530525,19735.309,DICTIONARYBRUTEFORCE
28.673985,6.8913393,69.36372,-1688.4551,0.05186945,0.10958495,-0.009107165,0.22341588,0.71119696,0.032708354,0.01007473,6.10773,1.0637765,0.38841963,0.082654506,-0.048351124,0.6397476,0.08887908,-0.012017571,-0.0092467,0.13163108,-0.021284001,0.7912999,0.19822209,-0.027323049,0.002659316,-0.025203492,-0.042789113,1.0086925,1.0092231,1314.8887,77.921005,952.0868,287.2687,343.2025,319.6079,0.014601808,9.8937,159173.11,DICTIONARYBRUTEFORCE
21.37433,6.697955,117.940926,5496.232,0.07879791,-0.0018392015,-0.0046727573,0.104188755,0.61295164,-0.023012534,0.0011536432,5.8975315,0.049362905,-0.04006748,0.06440534,-0.063723855,0.30034333,0.040899534,0.028807467,0.024407778,0.06839435,0.008151591,0.61623275,0.2482914,-0.0075911502,0.12736113,0.0054011587,-0.03780435,0.96103466,0.8489656,-4820.1943,58.66815,224.43622,135.00578,107.38434,166.35747,0.027091956,0.3540268,14147.279,DICTIONARYBRUTEFORCE
25.646921,6.803805,73.20634,1486.9153,-0.0009462889,0.0825539,0.0029681507,0.36040518,0.7179546,0.008132407,0.002291419,6.8056726,1.159589,-0.16614589,-0.08772977,-0.0053486135,0.43070436,0.058933385,-0.023473611,-0.00045019668,0.14651047,-0.022290662,0.8001262,0.16351882,0.009219145,0.041490536,-0.030115426,-0.0005729962,0.99074614,0.98611987,545.1362,61.48005,1165.7385,393.71082,416.6072,399.1397,0.008220959,11.241684,193129.31,DICTIONARYBRUTEFORCE
21.097857,9.786378,77.12673,43466.51,0.055058204,0.18915336,0.027991952,0.05847607,0.42990732,-0.007281327,0.029223345,3.7283266,1.3663759,-0.018752351,0.22765815,0.0678223,0.019197812,0.084239066,0.025060277,0.027671851,0.09151661,-0.03470801,0.57641447,0.33946604,-0.03110743,0.06782804,0.013210259,-0.024132997,0.9444402,0.9646701,-105.38379,59.912937,29.040466,101.94521,8.225857,92.405464,0.008718891,14.085388,-6743.0083,DICTIONARYBRUTEFORCE
36.828278,1.3732028,65.61476,8762.212,-0.038483918,0.37234297,-0.0059668534,0.2806257,0.8263267,0.010719491,0.047691688,5.179659,2.9779625,-0.08687637,-0.13635202,0.30577546,-0.0061371396,0.054001205,-0.018719103,0.043572113,0.111962,-0.0144194625,1.0566038,-0.15425241,0.035619937,0.079011306,-0.03565558,0.011366195,0.9399002,0.9735491,-4328.707,82.08669,688.72266,361.91873,267.49197,348.37848,0.021710867,-5.3957977,130534.51,DICTIONARYBRUTEFORCE
32.781,3.2865767,76.87352,-588.0967,0.0843133,0.14762412,0.012473421,0.31643555,0.922844,0.0153554175,-0.012138066,9.262851,1.549359,1.6104972,0.01356825,0.079284824,0.74626917,0.07793291,0.013636883,-0.0067710225,0.12715271,-0.036405146,1.0470281,-0.07347724,0.02246677,0.04062157,-0.014315926,-0.015304504,0.975179,0.9421222,1420.9414,61.951977,1083.4266,196.8833,387.08005,255.13965,0.00951537,9.706017,227446.34,DICTIONARYBRUTEFORCE
25.592663,5.3729343,127.75863,-1029.3003,0.05715376,0.081636555,0.0010469789,0.04232001,0.74990886,-0.020470917,-0.008319394,9.303611,0.8885214,0.00039748847,0.020534696,-0.04313718,0.51205295,0.066641085,0.022745248,0.018543236,0.07893114,-0.046669424,0.82743996,0.13235809,0.034596782,0.053325113,-0.039961353,0.007571801,0.95350486,0.9450139,-4198.9775,60.005333,184.82901,55.88669,78.94165,60.35721,0.014499851,7.8255997,738.99585,DICTIONARYBRUTEFORCE
30.821266,2.1753445,98.67776,-8248.654,-0.06451833,-0.021458872,0.053573683,0.5106967,1.0851768,0.01798379,0.00015175436,17.484901,-0.4798913,-0.39444762,-0.11373639,0.13140675,0.3724097,0.0035038777,-0.005330532,-0.031872444,0.14825492,0.022896588,1.0401475,-0.11472015,0.01446069,0.07198235,0.026262641,-0.059053678,0.9298577,0.9014664,-1061.7603,61.996044,929.01605,165.79324,300.67212,185.81685,0.020285144,6.2638016,152330.56,DICTIONARYBRUTEFORCE
28.814762,5.3899603,66.350876,2160.398,0.12614548,0.10212701,0.04869587,0.3078179,0.88009673,-0.0047278972,-0.0011997088,12.233747,1.6529827,0.6329307,-0.14901945,0.12688795,0.11219775,0.043218587,-0.030108495,-0.0067068497,0.18009327,-0.0006044749,0.9337723,0.048478387,0.045378223,0.04614748,-0.045784466,-0.022515561,0.97666115,0.9998308,-4828.409,59.71535,938.2543,209.43837,281.3052,239.19623,0.002905951,7.3620377,106330.79,DICTIONARYBRUTEFORCE
26.929996,6.1006308,84.95408,1838.8394,0.05195401,0.052521914,0.009523665,0.33310372,0.75974447,0.020435493,0.009264833,6.7025,0.41977215,-0.07729561,-0.027913619,-0.08242417,0.73912454,0.056019146,0.005950234,0.03283027,0.090737276,-0.06561357,0.8310268,0.13483386,-0.03789619,0.07269231,-0.039468423,0.0013809372,0.99367505,0.9537593,411.13477,59.50502,1399.8646,256.98987,511.92294,289.4533,0.013726363,10.903404,390719.38,DICTIONARYBRUTEFORCE
26.301535,5.8982916,81.87357,-1297.0425,-0.007480904,-0.007579156,0.03301848,0.28685352,0.8456389,0.006294095,0.0070228637,10.709297,-0.28143045,-0.13363624,-0.0074665803,-0.038871545,0.5366425,0.02544975,0.0068415655,0.026748486,0.095666036,-0.020473452,0.86132944,0.11973584,-0.010465655,0.071820706,-0.014261065,-0.0007971097,0.9883564,0.94991904,238.16113,61.86855,643.63965,221.42633,214.99692,214.93556,0.009144989,12.591347,65197.266,DICTIONARYBRUTEFORCE
27.02083,5.754611,92.262924,-76.62793,0.035455123,0.016208546,-0.007860347,0.1136564,0.78258556,-0.017977117,0.0016314001,7.9347467,0.25347266,0.26583517,-0.02492715,0.06316297,0.5027704,0.08777818,0.006218571,0.010533686,0.103152804,-0.0053117797,0.80455947,0.13290042,0.018121535,0.0691376,-0.012107719,-0.0359497,0.9880985,0.94766665,-618.21484,62.179047,1061.3259,174.49197,358.83432,199.18741,0.016190408,11.216255,169039.33,DICTIONARYBRUTEFORCE
27.420155,5.5278726,83.20939,2125.8042,0.07608677,0.23543225,-0.036536902,0.36306188,0.62171006,0.0075248852,-0.025874944,5.1159368,1.8472885,0.58708423,0.058594123,-0.013543561,0.55162317,0.08540026,0.008167959,0.03611161,0.115093365,-0.029047467,0.8220068,0.1317173,-0.004234812,0.0074570533,-0.014136044,-0.038567238,0.99075615,0.9916295,1803.084,61.50494,284.214,67.61001,76.589615,104.58188,0.018373266,7.7476883,3703.2107,DICTIONARYBRUTEFORCE
33.80903,2.4282506,58.53138,4206.228,0.010555069,0.07906478,0.008814893,0.421249,1.0126284,0.0013708888,0.042446967,9.728975,0.6784632,-0.0056720898,-0.03345479,0.10215306,0.5459367,0.016417775,0.014519552,0.057228576,0.1452713,-0.0076604583,1.1425705,-0.16075662,-0.022440853,0.111947246,-0.082647495,0.015143322,0.9691726,0.91883975,-2088.5522,61.93355,1294.3308,239.47876,541.44135,272.31808,0.0073954156,10.788681,550669.2,DICTIONARYBRUTEFORCE
20.339054,10.184902,67.951706,3734.4587,0.047328193,0.30484638,0.023717478,0.022848967,0.25094527,0.017352603,-0.004794365,2.7592194,3.0140078,0.48722976,-0.008092838,-0.0654243,0.23642777,0.14375067,0.04722158,-0.0014654174,0.123113126,-0.01526964,0.53061736,0.48095557,0.0015819888,0.058416717,0.0025848346,0.02556635,0.9843589,0.96394527,-2128.126,61.29827,113.51439,40.934208,42.127796,89.42391,0.011278054,8.742172,2480.1543,DICTIONARYBRUTEFORCE
20.338566,8.292455,112.91403,-2261.1064,0.091184214,0.03074593,-0.013029242,0.16945663,0.5851841,0.0009389728,-0.0040392717,5.4809575,0.42579293,1.1006988,0.10913865,0.03646475,0.20150228,0.11293829,0.0045137014,0.044262834,0.08699137,-0.038613312,0.5797974,0.35638,-0.0068774996,0.05969651,-0.0040132366,-0.038633745,0.9452746,0.9404938,-170.71436,58.969704,131.61957,55.085964,46.49469,59.287247,0.018431691,8.086205,-16539.307,DICTIONARYBRUTEFORCE
27.608522,5.1476293,94.60216,36.928223,-0.016343245,0.15208308,-0.0037798542,0.41987243,0.7419158,-0.024303922,0.011415566,7.1168613,1.32308,-0.2926864,-0.05286698,0.023214694,0.56739295,0.05086638,0.019440062,0.046169408,0.11802916,-0.008378931,0.9348213,0.045777313,-0.02571284,0.0224639,-0.036373127,0.014500033,1.0045013,0.93558127,4009.822,58.296318,1399.2882,302.36096,518.84644,316.3591,0.008206591,12.757263,432099.8,DICTIONARYBRUTEFORCE
18.81448,10.919772,90.576675,-1751.731,0.0718543,0.023431351,0.022371123,0.22224407,0.49706736,-0.0019010628,-0.026488949,4.998477,0.6445625,0.5717045,-0.030917201,-0.11762284,0.30536732,0.13575014,-0.031805854,0.01607313,0.15965867,-0.034757197,0.47554037,0.46563455,0.00057707075,0.0800733,-0.023419332,-0.0011727866,0.98250353,0.973166,-783.3662,60.580322,430.69543,101.91412,111.7865,100.44429,0.013955788,10.28849,3330.325,DICTIONARYBRUTEFORCE
22.232353,7.3863425,54.491943,6581.787,0.025167987,0.20916946,-0.014355153,0.0712187,0.41668698,0.0103709465,-0.006899191,1.6614895,1.4165685,0.53230244,0.274157,-0.05917279,0.5650146,0.06772696,0.009959726,0.051003326,0.12607263,-0.029071257,0.63652515,0.30442238,-0.013983204,0.106064126,-0.019233445,0.00026651658,0.9505812,0.91648287,330.21777,60.30585,-234.45209,53.378498,-22.80016,79.72991,0.016603574,6.9602966,-21713.994,DICTIONARYBRUTEFORCE
27.231857,6.609312,79.04771,525.4768,0.05112253,0.0985947,-0.017117873,0.14949754,0.69381565,0.008327778,0.003417565,7.197012,0.8772439,0.11061504,-0.11049829,0.023825109,0.5393753,0.10265845,0.03245795,-0.004971805,0.11329301,-0.023943705,0.76954377,0.22544694,0.02050503,0.01701793,-0.016129326,-0.0017237943,1.0124177,0.9702231,635.4595,65.48319,1460.0065,363.0663,556.76324,396.98624,0.011245331,11.123512,371170.8,DICTIONARYBRUTEFORCE
22.968052,6.2750278,95.157906,-10977.779,0.028307926,0.06554397,0.07321536,0.15692891,0.7134188,0.018941479,-0.00895308,7.9908075,1.1849353,0.32510892,0.87768257,0.03876491,0.21451144,0.09324126,-0.028613009,0.0107791405,0.13334633,-0.021073801,0.7450906,0.20364727,0.021220872,0.0825786,-0.0008927053,-0.028455108,0.88959295,0.90634584,-7017.449,59.30891,-159.89597,-67.80273,-58.441574,-46.339577,0.017149338,8.818672,-76735.14,DICTIONARYBRUTEFORCE
26.631647,6.261319,106.00415,386.98486,0.023045804,0.28018028,0.028878704,0.25209042,0.6261436,-0.009876898,0.0032784324,5.5081043,2.38369,-0.06279387,0.36679596,-0.06701438,0.48703247,0.07486149,0.00082755927,0.02747367,0.10950624,-0.03424427,0.826918,0.10072919,0.0073094685,0.026350472,-0.0020297244,0.025474,1.0158876,0.9622512,918.6504,60.83989,129.4719,120.074524,37.560375,144.35349,0.008218095,3.914894,-7049.167,DICTIONARYBRUTEFORCE
24.315079,6.94046,83.53154,4281.617,0.06402965,0.12895523,-0.015172069,0.26092684,0.61201507,0.0019410736,-0.010896851,5.975104,1.2524949,0.029999163,0.0070643234,-0.002307091,0.407415,0.07146669,0.010730977,0.035550598,0.09336057,-0.01854757,0.7408763,0.211034,-0.0031687412,0.05938673,-0.021371774,-0.057805873,0.9790389,0.9342549,-3981.9365,58.7543,313.59033,78.3906,70.65118,102.30574,0.016727224,9.186638,-7720.207,DICTIONARYBRUTEFORCE
22.232994,8.0357,113.12536,-247.51709,-0.002972614,0.025952086,0.022257693,0.12983947,0.6349342,-0.0022774283,0.032918457,5.635561,0.14466253,-0.09044271,0.030366234,0.03085028,0.28901693,0.06971876,0.012725453,0.011547575,0.10000851,-0.015396978,0.68363667,0.26167187,-0.000992897,0.020445585,0.010950113,-0.024431476,1.0322069,0.980952,2522.1526,62.397583,426.90955,181.07605,158.1131,181.28128,0.003576665,14.728287,39402.562,DICTIONARYBRUTEFORCE
33.173023,4.5935364,86.48677,2231.8706,0.052961215,0.035717916,0.022731964,0.008221774,1.079186,-0.079383925,0.003470073,13.980338,1.2855322,0.5146796,0.054822475,-0.21493149,1.074294,-0.0018645683,0.017477445,0.01469495,0.08240311,-0.07235991,1.0327606,-0.077331364,0.03311625,0.009101389,-0.079376176,-0.017584734,1.0022069,0.9305594,4685.253,63.381927,1611.9606,628.56757,613.7366,671.3646,0.017109457,6.239006,359240.56,DICTIONARYBRUTEFORCE
27.529987,6.372007,131.95291,-1571.7446,0.10604494,0.027703855,0.032538064,0.16443527,0.8407116,-0.055478238,-0.0013542571,8.917657,0.6377096,0.7175773,0.18009919,0.01578416,0.3997935,0.10088922,-0.0026284251,-0.0111602,0.12778947,-0.06359407,0.8361939,0.13793434,-0.005286769,0.009924964,-0.032972846,0.015667003,1.002919,0.9836329,-2613.495,62.88797,331.17218,79.12764,96.531075,73.30739,0.005826556,9.7988205,1593.0989,DICTIONARYBRUTEFORCE
26.918406,7.0190506,68.93129,7035.913,0.043934066,0.32099283,0.0010761153,0.20328756,0.47314623,0.04823213,-0.01806055,3.9684072,2.5855932,-0.028866202,-0.02408265,-0.14618836,0.66294354,0.06646474,0.02674308,0.053703707,0.054416835,0.002918304,0.7874111,0.22392537,-0.006961031,-0.0065626157,-0.0075214817,-0.0014755409,1.0212532,0.9806037,1182.1587,68.42685,65.20532,92.73189,18.43914,130.66644,0.018489912,7.8632584,-12996.729,DICTIONARYBRUTEFORCE
26.58334,6.705715,79.013275,-388.7832,0.06272442,0.113089696,0.010462022,0.07994544,0.6745736,0.024260124,0.012013676,6.3031225,1.632743,0.34275752,-0.11983313,0.009010175,0.3808848,0.09833846,0.00229883,-0.014468778,0.15203622,-0.009735542,0.7167521,0.228598,-0.0052168826,0.037922237,-0.00092419796,-0.01712697,1.0039937,0.9856744,219.39062,65.71136,466.80823,171.47894,161.38913,195.0763,0.012352125,7.089554,48153.42,DICTIONARYBRUTEFORCE
25.448477,5.932366,97.17856,795.26855,-0.005502943,0.13276573,0.028071105,0.11169404,0.6733626,-0.011179069,0.032652825,6.27841,1.4431925,-0.12235588,0.19308612,0.18561599,0.12713064,0.07232267,-0.00092813745,0.023828616,0.13854688,-0.0055710273,0.80068576,0.09245198,-0.030096667,0.07800464,0.028480738,0.015682226,0.9769375,0.9580723,-1301.0938,61.229,143.59946,111.712524,80.025345,120.82227,0.010576703,11.42614,9148.88,DICTIONARYBRUTEFORCE
27.583622,6.1244826,93.19427,4786.573,0.09958668,0.1992235,-0.008585326,0.17355467,0.6150629,-0.015215971,-0.021046942,6.997199,1.7812533,0.6420109,0.003067255,-0.12002517,0.5171023,0.070540465,-0.005149422,-0.012105926,0.1691593,0.008047502,0.7489705,0.21938398,0.020992028,0.0069103613,-0.003969115,0.020982035,1.0469488,1.0054846,-287.6255,60.321667,1345.682,212.04486,498.2569,260.74838,0.010244038,6.924217,430535.9,DICTIONARYBRUTEFORCE
24.24556,6.3799977,110.951675,-1008.4907,0.04956933,0.03755429,-0.028928004,0.5514286,0.66152585,0.02202386,-0.0060862605,5.633379,0.619686,0.2972583,0.06308936,0.015421597,0.17296417,0.1104731,-0.0207043,0.021521911,0.1344482,-0.028675094,0.7102555,0.2545542,0.014081616,0.079891115,0.008379229,-0.027027514,0.93101835,0.9168372,2019.2324,60.70341,1045.1497,209.17493,328.90613,266.13666,0.026972555,7.308769,141775.6,DICTIONARYBRUTEFORCE
17.810217,9.121977,77.822655,-1719.6528,0.033354156,0.0013859606,-0.011172234,0.3285849,0.5262609,0.03665862,-0.010461822,3.8012862,0.12514013,-0.20725498,0.23209807,-0.19275434,0.3328723,0.04616064,-0.057959594,0.024818528,0.12383327,-0.065472715,0.51212674,0.4265507,-0.024610246,0.13010892,0.04336175,0.01576951,0.954702,0.94990677,186.48389,60.269497,152.07558,160.32379,5.433053,164.21204,0.021873703,5.054016,-17035.723,DICTIONARYBRUTEFORCE
27.08582,5.5773993,102.01875,1996.3945,0.051039286,0.041132927,-0.031621236,0.49595913,0.77595466,0.033458613,-0.0074399477,6.9106746,0.3319439,0.69179225,-0.003982894,-0.22112963,0.77746767,0.04154706,-0.0024711294,0.006887461,0.1522372,-0.021049336,0.8089676,0.1863351,0.017395439,0.054289564,0.0023929076,-0.038220838,0.9737881,0.9890552,3560.8162,63.21057,190.13385,141.75134,84.41335,169.04417,0.018041283,6.727478,21435.824,DICTIONARYBRUTEFORCE
39.44035,2.8219113,67.301285,4623.8804,0.037202276,0.16480106,0.0014578365,0.4717454,1.0553678,0.033673335,0.028073214,10.764049,1.5461165,0.32948655,0.117432356,0.04182672,0.7215242,0.04913959,-0.01522333,0.039494857,0.1171962,-0.059251145,1.1874535,-0.18852784,0.013704291,0.071513265,-0.074138165,0.047371253,0.97444487,0.9816502,-623.7876,70.72499,1451.9042,442.25244,569.4175,495.93622,0.0049612713,2.9565048,547960.1,DICTIONARYBRUTEFORCE
30.088978,5.2716193,75.44033,-3763.3433,0.019473106,0.023337746,-0.0067534484,0.23699097,0.8735244,0.009245124,-0.033989355,8.901691,0.12192986,0.17913768,-0.076237716,0.01788265,0.5817381,0.077098265,0.0023449305,0.017498294,0.1277144,0.0014172494,0.86395013,0.09337333,0.006217591,0.017341796,-0.016983472,-0.04483195,1.01948,1.0021386,3092.3271,69.30664,1638.3384,333.04788,582.3361,340.59436,0.006212022,12.66861,355703.12,DICTIONARYBRUTEFORCE
25.051094,6.084454,106.89632,2727.3047,0.03669352,-0.0047152922,0.038709197,0.3920338,0.83231694,0.0393228,0.01256891,6.956234,-0.21003172,0.010533686,0.29183424,-0.08224398,0.6146975,0.02661851,-0.0025600754,-0.010118251,0.11142701,-0.045933727,0.81383395,0.08829716,0.004257746,0.088737816,-0.00041280407,-0.009656808,0.99871993,0.9916714,1419.3574,59.34283,589.33875,180.77422,203.48624,163.05293,0.0047617042,13.422829,72881.75,DICTIONARYBRUTEFORCE
28.822197,4.9864616,97.43078,-1861.5884,-0.05999682,0.07828193,0.027588792,0.27014956,0.89710337,0.022515135,0.01652362,9.549413,0.8990394,-0.3317265,0.043655004,0.039201904,0.69561905,0.036767345,0.011337619,0.031498156,0.09759833,-0.0037887553,1.0078913,-0.04193575,0.012847297,0.056612387,-0.022774879,-0.0266952,0.9668441,0.94462943,-657.5137,61.245167,556.82886,133.01038,184.49786,152.96104,0.0074516586,14.337669,45825.42,DICTIONARYBRUTEFORCE
25.276508,5.929587,78.48758,-2910.4404,0.044990577,-0.02303545,0.062220663,0.2526543,0.87281585,0.037214678,-0.01432002,13.612143,-0.44804958,0.20353527,0.091798946,0.022529604,0.2965457,0.014341136,-0.018401403,0.018988427,0.12263485,-0.007702396,0.8216038,0.13322112,-0.0031776796,0.055965003,0.018237323,-0.014944242,0.94229215,0.9248323,-3823.8203,61.332268,184.18715,61.19326,35.988457,61.164814,0.013461131,11.771103,-16014.807,DICTIONARYBRUTEFORCE
26.472525,7.0851107,73.25642,15262.354,0.026886884,-0.0125741605,0.025638463,0.090399735,0.68406963,-0.028664658,-0.015320667,6.326096,-0.58996344,-0.009158979,-0.11671221,-0.06119972,0.64045525,0.06754228,0.043251798,0.0248002,0.094423935,-0.02225355,0.73243433,0.24279565,-0.012098263,0.05191062,-0.022661088,0.0309051,1.0286881,0.9433297,1393.4165,61.225956,1392.0065,311.90814,508.28705,338.1995,0.010034725,11.854729,432939.72,DICTIONARYBRUTEFORCE
23.697767,7.6990004,59.63366,305.55127,0.039864488,-0.00072771305,-0.016070675,0.38955688,0.71692294,0.012285308,0.02771548,7.7817397,-0.2871978,0.07689423,0.018745748,0.022998806,0.3230686,0.02755261,-0.010612583,0.0059881248,0.117291026,-0.0013295235,0.75029147,0.17484389,-0.0010641222,0.06443095,-0.02997252,-0.017531183,1.0018345,0.97219974,2788.7908,60.02812,539.06116,190.97598,183.13675,197.49622,0.002664204,15.622917,48214.992,DICTIONARYBRUTEFORCE
23.0154,6.126575,127.197365,5897.5645,0.028482107,0.03720532,0.093872696,0.24586137,0.7314764,0.005189197,-0.022748038,5.2281113,0.54871655,-0.3155049,0.9241355,-0.19811489,0.72134835,0.02418801,-0.0069704745,0.021740548,0.09785291,-0.09854129,0.7867203,0.15058859,0.00029191142,0.099761814,-0.03465598,0.0087147895,0.9903015,0.94896543,-258.6792,58.762012,129.74454,169.58752,50.97378,130.129,0.011568194,7.305794,-3794.028,DICTIONARYBRUTEFORCE
33.70069,2.6197412,84.01793,-1951.062,0.10004741,0.24022618,0.026255377,0.48313537,0.91660017,0.0050685443,0.013173044,11.372843,2.4583907,1.0098244,-0.0739964,0.13416462,0.27069747,0.09283494,-3.7006103e-05,-0.0033904007,0.1695212,-0.016029702,1.1072001,-0.09395071,0.0421774,0.0032964128,-0.06211225,0.00068632886,0.96383697,0.98699486,-789.2539,63.106064,1255.2019,155.80313,378.94492,198.60114,0.0076016528,5.0744095,209557.73,DICTIONARYBRUTEFORCE
14.412975,12.429781,99.09651,-2606.6792,0.011862404,0.14035082,-0.0037925807,0.16065802,0.20649071,0.007523063,0.0031241216,1.625438,1.2527742,-0.028624702,0.03974807,-0.04793353,0.1518808,0.16066384,0.01600127,0.00047237612,0.11849447,-0.020456342,0.33936566,0.6206817,-0.01275787,0.031727564,0.0065513654,-0.005892059,0.9874511,0.9808806,1487.5044,63.043556,426.00012,90.37615,135.94382,118.39206,0.016794318,13.725937,31835.281,DICTIONARYBRUTEFORCE
31.535727,4.713873,97.31076,7345.8325,0.048057888,-0.0047846865,0.030180719,0.25028992,1.0945526,-0.08813682,0.011881896,20.015804,-0.18782762,-0.05274103,0.22601601,0.2772092,0.4425984,-0.01450198,-0.022344295,-0.034585852,0.14592044,-0.02308516,1.0341556,-0.05897979,-0.007307488,0.029909918,-0.03224301,-0.06998713,0.999733,0.9846363,17260.81,57.85044,2450.6792,740.861,844.58453,746.85754,0.001969474,14.713303,651282.1,DICTIONARYBRUTEFORCE
29.183815,5.7431583,108.778786,902.24,0.07177307,0.18060261,-0.00929272,0.1613623,0.72749406,-0.0040739225,0.020458635,6.998738,1.8547009,0.55630934,-0.056666933,0.00959106,0.5109903,0.11002995,-0.0005092332,0.0019836798,0.12725359,-0.014471261,0.8216148,0.12054125,0.020971967,0.011930311,-0.025745481,-0.008026323,1.0173982,0.99229336,-4341.3027,64.46418,354.8277,18.746132,82.640915,35.617607,0.009165261,6.8897934,15132.054,DICTIONARYBRUTEFORCE
21.86638,8.214525,71.272606,-5480.306,0.0035213772,-0.0004302226,0.0025074836,0.33020738,0.7273202,-0.017202701,-0.017593056,6.3722153,-0.27624592,0.6815353,0.15126991,-0.06514038,0.5172702,-0.00718784,-0.019397274,0.005444712,0.1511187,0.0042083627,0.6613031,0.30406743,-0.0076727774,0.022951886,-0.032588694,-0.09411461,1.0348454,1.0001986,5969.443,59.05163,786.19006,222.19186,279.48047,255.56635,0.006138585,14.002899,105773.46,DICTIONARYBRUTEFORCE
32.86493,4.8888826,80.66961,4979.6094,0.064720385,0.15515727,-0.018781073,0.21827391,0.8320096,-0.038726337,-0.02189094,8.418308,1.3426238,0.05466174,-0.13171467,0.15913317,0.2681299,0.035674836,0.009604286,-0.009088171,0.1649859,0.034309767,0.9255122,0.040232074,0.022029895,0.047990587,-0.03380895,-0.0071580517,1.0476795,1.0212336,-1081.2017,64.106895,1364.1917,217.22948,533.26855,260.34192,0.0037437386,7.576195,437270.3,DICTIONARYBRUTEFORCE
30.364048,5.094709,89.19684,10321.129,0.12754582,0.11672463,-0.0675354,0.24130432,0.92350084,-0.1063281,-0.07330037,9.884386,1.4597285,4.6816893,-0.122346416,0.15052988,0.20697024,0.04353747,0.0022038445,-0.01725764,0.16115382,0.02933724,0.90824866,0.038398292,0.048274532,0.0424261,-0.026317235,-0.03687317,0.96137637,1.0031592,-3352.331,58.982788,219.00389,53.733536,126.10485,71.196075,0.01063007,2.3947601,20220.908,DICTIONARYBRUTEFORCE
32.22967,4.880005,100.47818,7039.509,0.14095894,0.38111433,0.04167717,0.037882596,0.6686481,-0.057602134,-0.0033443887,8.516218,3.642098,3.6667852,-0.058265854,0.25526527,0.34596395,0.10098436,0.0013350369,-0.067922115,0.16577265,0.0023771403,1.0009718,0.012346192,0.12921785,-0.053486772,-0.024657074,0.03225965,0.9807229,0.9608429,-1555.3003,64.09526,1306.7925,268.02466,423.27203,308.48517,0.006032918,8.8791275,243045.05,DICTIONARYBRUTEFORCE
22.495733,9.190284,70.87265,-1756.2559,0.06867242,0.1978265,0.052154765,0.23118635,0.51486945,0.021271378,-0.022804864,5.019837,2.8264868,0.20606057,0.85643613,-0.04768689,0.15359683,0.08688063,-0.012365043,-0.015496934,0.16134891,-0.036792733,0.69940853,0.3068298,0.036667995,0.017540377,0.0059989514,0.008201095,1.0054519,0.99385184,-1560.5747,61.837566,451.15283,219.29056,131.84583,241.30017,0.004682315,7.9347305,15657.913,DICTIONARYBRUTEFORCE
25.134462,5.0219245,116.64717,2616.5796,0.12188402,-0.014576039,0.030234363,0.3413005,0.7985396,0.0058683828,-0.0020487816,6.8121543,-0.6402316,0.8739149,0.3225355,0.056341425,0.38031733,0.059178732,0.0032116007,-0.025004102,0.10116558,-0.049352072,0.8061773,0.09725866,-0.0061421935,0.11177221,0.02212273,-0.024945285,0.98038876,0.95744556,4447.39,61.786846,489.4617,212.8134,176.19434,188.38889,0.013044605,12.184135,46051.664,DICTIONARYBRUTEFORCE
25.78048,7.100164,78.27018,1934.1804,0.047985632,0.06245755,0.00040516723,0.23339729,0.73363,-0.0051590824,0.0038866233,6.883689,0.9389749,0.22492288,-0.021555023,-0.039599024,0.53092235,0.078181714,-0.0029046647,-0.0018440699,0.10116973,-0.049493477,0.79594755,0.17672877,0.011292742,0.053092983,-0.031182364,-0.01635375,0.9924502,0.986201,-616.97266,59.371113,446.6054,159.32458,136.72633,172.04568,0.006880993,11.731529,24205.004,DICTIONARYBRUTEFORCE
23.816355,6.0244894,115.00401,-1238.8042,-0.0043834187,0.007956113,0.015154073,0.17976125,0.7953166,0.006008127,0.013652455,9.298551,-0.124244586,0.05502802,-0.04510751,0.032034818,0.32381102,0.057268403,0.0021080393,0.015493427,0.116020426,0.0038080662,0.7530762,0.16362654,0.020076724,0.04594657,0.0054845912,-0.024063166,0.98203146,0.9463691,-1194.6631,60.632336,1327.7759,169.23834,388.11725,177.95557,0.008276116,9.585564,179701.38,DICTIONARYBRUTEFORCE
33.705627,2.5094526,97.33075,9902.315,0.08866745,0.0013763903,-0.018577479,0.45365047,1.0584754,-0.045550413,0.029713072,10.494074,0.18901795,0.626573,0.10288787,0.1639593,0.44635472,0.033775114,-0.009226849,0.06785764,0.14328997,-0.0152117675,1.0806842,-0.12159453,-0.026162654,0.08147588,-0.055994015,0.004847273,0.9641249,0.9389267,5867.9116,61.925156,1508.0502,394.60315,561.5326,400.60385,0.010888585,4.183998,547794.56,DICTIONARYBRUTEFORCE
26.143492,5.0477595,71.04777,13018.93,0.06841281,0.006064333,-0.03355343,0.13221212,0.79242754,0.0070653995,-0.0060130702,5.1961784,-0.4226835,-0.027481506,-0.06691202,-0.00086181797,0.6002226,0.05848175,0.022171821,-0.012950545,0.09104812,-0.056107648,0.7633319,0.1438538,-0.053427774,0.10152744,0.018095613,-0.010165338,0.97746265,0.9606289,-671.2368,61.545837,771.5679,261.86636,305.3269,289.30496,0.012285415,6.6842422,147950.27,DICTIONARYBRUTEFORCE
29.140957,7.0202475,88.46152,1265.3003,0.07263622,0.02951386,0.043990567,0.14380668,0.7982203,0.008803257,0.023455631,6.093631,0.37161016,0.30146956,-0.040236004,-0.120786265,0.79507446,0.058615685,-0.018717533,0.01796891,0.055544283,-0.08255908,0.8299266,0.14334212,0.004734816,0.037767798,-0.040916413,0.018712081,1.0104954,0.9805964,-1150.6953,71.63065,452.4574,179.78152,168.60501,181.90515,0.009955358,10.366806,44784.168,DICTIONARYBRUTEFORCE
20.817904,9.488712,94.16396,3932.0881,0.12078132,0.13626677,0.0060890173,0.23379098,0.45330644,-0.008586621,0.008249629,4.4557343,1.1361645,0.5510261,0.07779672,-0.03635258,0.14728063,0.12978123,-0.0065989,0.020457746,0.115444176,-0.05635605,0.5599489,0.3895927,0.009595004,0.035764925,0.0030983938,0.012755817,0.9814429,0.9605243,4971.7256,60.858524,262.5982,135.67772,67.47896,167.90588,0.013165574,7.2948,4470.8936,DICTIONARYBRUTEFORCE
28.459219,4.4969015,77.1202,-3508.141,0.056661226,0.092856124,0.023988497,0.4134841,0.8160945,0.037694007,-0.017427243,7.973583,1.271296,1.0692269,2.2213464,-0.051083643,0.7238156,0.07343282,-0.052450545,0.0017454475,0.16085917,-0.051966228,0.90749985,0.071949296,-0.012986664,0.038838215,-0.009345099,-0.022857506,1.0065249,0.9911484,7101.4907,68.2075,1125.948,399.15628,363.78003,417.52487,0.014113708,11.756859,163617.03,DICTIONARYBRUTEFORCE
21.658434,8.797885,100.453995,883.0237,0.04340093,0.049759533,0.0034099026,0.21838799,0.50949985,-0.023965472,0.017705712,5.0839963,0.39159897,0.13685869,-0.06638771,-0.03577925,0.2886549,0.1115199,0.022820827,0.015016247,0.10641061,0.0050666044,0.54924154,0.39637187,-0.032990504,0.062047843,0.026699083,-0.011806245,1.0135918,0.96755314,4938.5825,66.54903,428.16614,218.94217,188.22357,245.71191,0.013781577,8.503662,81034.914,DICTIONARYBRUTEFORCE
26.98656,6.1259365,86.11673,631.80884,0.00317364,0.07883447,0.021952912,0.33482477,0.7455689,0.030681185,0.022904467,6.599676,0.65194106,-0.1183052,0.2508132,-0.023753082,0.48842022,0.07510442,-0.024658803,0.012861427,0.11397658,-0.028749174,0.8517457,0.12909417,-1.3515819e-05,0.050797876,-0.048647217,0.006051874,1.0278027,0.98307407,606.29443,70.90507,382.20837,149.08925,99.542984,169.47299,0.006689613,11.847931,16128.299,DICTIONARYBRUTEFORCE
21.539804,8.09472,108.31671,-789.6094,-0.037614137,0.0424604,0.010150004,0.17034434,0.6182306,-0.010698591,0.012470585,5.8401113,0.6007314,-0.27865562,0.10166715,-0.13106498,0.5640361,0.072239146,-0.005439953,0.044354625,0.1094865,-0.070404954,0.68182254,0.26291174,0.009447934,0.092227206,-0.019911557,0.027202826,0.98005295,0.9412926,-4002.7295,59.26441,441.15247,144.33388,156.35553,133.94815,0.009514123,9.403984,38770.312,DICTIONARYBRUTEFORCE
28.797268,4.380832,114.75186,-5315.2837,0.016280498,-0.006848849,0.0031297351,0.42693383,0.9942273,-0.009414832,-0.05932806,12.225511,-0.29235625,1.1766797,-0.3679423,-0.21199687,0.7159419,-0.089709975,-0.018668368,0.021920282,0.19075653,-0.022060854,0.91168004,-0.019027673,0.04354173,0.003895224,-0.047416802,-0.049131304,0.95351434,1.0382224,4197.452,60.43603,961.91254,154.21071,404.1278,197.38042,0.013819132,0.7214966,228254.7,DICTIONARYBRUTEFORCE
24.839012,7.7661877,91.46515,11840.139,0.024941396,0.12020872,0.038435277,0.43970343,0.624954,0.032277115,-0.020357076,5.7848396,0.5101119,-0.2486495,-0.016731784,-0.03258822,0.2744436,0.078096405,-0.0062984927,0.0036055082,0.12727103,-0.043672852,0.76118314,0.22741131,-0.010880759,0.05156894,0.00052785035,0.026908413,1.0127405,0.98012453,-3605.415,60.964596,1067.176,197.44914,349.17236,245.59259,0.010355352,5.422554,217084.25,DICTIONARYBRUTEFORCE
30.305613,4.6268396,81.137146,82.95801,0.034197267,0.31093583,-0.0022396818,0.48589325,0.7203453,-0.01768764,-0.022542987,7.402136,2.678175,0.3149833,0.0047709793,-0.06112396,0.53344166,0.06480045,0.012590472,-0.00681282,0.15275018,-0.040882163,0.9815705,0.0117396,0.023519706,-0.0125287045,-0.039649658,0.004615411,1.0168562,1.0068072,485.6289,62.566208,869.2561,185.20041,284.98212,214.237,0.009293273,9.121613,137814.56,DICTIONARYBRUTEFORCE
24.42829,5.6744456,121.24626,-335.6294,0.03717633,0.12642847,0.02693726,0.18141831,0.67560166,-0.011194667,0.02104013,6.9963827,1.0584797,-0.08210336,0.097580984,0.06258629,0.28639108,0.09854764,0.02990722,0.030756779,0.07830285,0.023281185,0.7748824,0.14551134,-0.021021597,0.046473958,0.020928161,-0.02464745,0.9650578,0.9117248,-1666.2632,60.58046,1089.9973,79.01584,320.11444,112.66443,0.013165886,7.7520065,189932.08,DICTIONARYBRUTEFORCE
23.341297,6.975928,73.49773,157.99756,-0.0049136486,-0.010629696,-1.9620638e-05,0.14861345,0.68603283,-0.007275623,-0.001378262,6.479421,-0.92820436,-0.12099766,0.5611309,0.149565,0.35058737,0.006477013,0.008935541,0.004003579,0.101108775,-0.0077753044,0.7390462,0.21741475,-0.037254214,0.027519708,0.012857711,-0.03548485,1.0233028,0.98836094,18703.812,60.13068,1653.8279,791.48157,610.955,811.3461,0.0031320308,17.069298,412197.06,DICTIONARYBRUTEFORCE
29.44802,4.9391828,84.26958,-1299.438,0.044838406,0.4204124,0.03831996,0.49282056,0.6497269,-0.04148799,-0.016058238,8.534607,5.8363476,0.25307038,0.46465042,0.10479103,0.15851927,0.07424263,-0.0715077,-0.03106102,0.21630748,-0.036748003,1.0188931,0.008961332,0.04632152,-0.005348823,-0.050039668,0.027318412,0.99608153,1.0177537,3073.3643,61.52148,1615.5543,414.99292,500.5693,448.28085,0.008043053,0.08432007,290271.9,DICTIONARYBRUTEFORCE
31.521751,3.2609124,105.21338,-1523.688,-0.014534153,0.1975682,0.007838711,0.30852196,0.8373088,0.017563773,0.03509931,8.018324,1.8333797,-0.05845257,0.01289062,0.11954612,0.47525176,0.08069035,0.00222228,0.0062595587,0.12986356,-0.02686275,1.0159885,-0.04717609,-0.005400827,-0.008923615,-0.0040755235,0.008815945,0.99754477,0.97537357,2187.3271,65.94836,880.3805,288.5146,330.4681,303.57397,0.005874563,10.869843,143706.64,DICTIONARYBRUTEFORCE
32.345226,4.688756,75.09934,950.73315,0.06823413,0.15385213,0.0417545,0.12995853,0.84270054,0.0006763864,0.014961071,8.649716,1.6551995,0.37303048,0.035637572,0.0012640655,0.6977338,0.05275704,0.028132644,-0.014845261,0.086243145,-0.03030151,0.967194,0.00032328442,0.03238602,0.03589828,-0.045479745,0.034367356,0.9908726,0.9483565,-3272.8828,64.318695,141.32028,70.38176,59.389275,100.60765,0.010503328,8.229874,6193.076,DICTIONARYBRUTEFORCE
17.696436,9.386616,96.461754,-1684.0,-0.009412932,-0.012100418,0.13302645,0.24118753,0.56245023,0.0029848232,0.01725085,4.3593693,-0.723686,0.007669329,2.4057772,0.009053246,0.020254152,-0.0025897939,-0.00039558392,0.049011502,0.12255807,0.012308214,0.58446664,0.38993004,-0.018699368,0.035999198,0.0041478826,-0.033285886,1.0129964,0.9821711,4350.891,57.76315,137.09537,139.33823,51.190933,148.80142,0.00596916,8.900047,2559.065,DICTIONARYBRUTEFORCE
24.154709,4.8238196,120.85639,1229.9756,-0.0011664629,0.01860981,0.0070409826,0.00413976,0.7757337,0.013965438,0.016261466,6.9656286,0.24182382,-0.15864065,1.0671597,-0.061883967,0.4833305,0.085032426,0.022783153,0.07047009,0.042536646,-0.0015542563,0.79343057,0.08693636,-0.030078284,0.13247487,0.057685457,-0.040355846,0.9511976,0.90221536,1111.5249,62.475967,25.129257,106.86192,5.865615,101.33894,0.024939831,4.906418,-5010.9595,DICTIONARYBRUTEFORCE
28.12629,4.672408,62.439125,1967.2014,0.0071312855,0.10271925,0.015608385,0.10744774,0.76031923,0.044203095,0.004461077,5.0367517,1.0496516,-0.017703012,0.21049175,-0.007650605,0.591125,0.082570165,0.01634186,0.013183348,0.11435725,-0.012028412,0.8517511,0.07198939,-0.0019653002,0.07833462,0.0035692845,-0.0023493357,0.95288193,0.9319047,-3088.5498,65.016785,454.07233,158.55807,202.73364,173.16699,0.014831901,9.430199,79679.83,DICTIONARYBRUTEFORCE
29.818462,4.1042995,101.5351,857.20044,0.04300379,0.03766832,0.05183839,0.43673688,0.9508441,-0.010501649,-0.020416444,7.561214,0.559191,0.2194102,2.3369246,-0.0022398774,0.5159703,0.045116402,-0.02021767,0.027139436,0.11963944,-0.0773701,0.96982044,0.004554513,-0.0059015853,0.09824522,-0.038611982,0.026130555,1.0088538,0.9971817,3929.884,65.65639,148.92511,157.67096,51.606396,167.0888,0.015834553,6.681122,-3239.074,DICTIONARYBRUTEFORCE
22.678808,5.922224,89.5361,-723.7378,0.03112124,0.07266492,0.047781315,0.1676821,0.57254726,0.033406463,-0.04475537,6.7415943,1.0619097,-0.21185473,0.041003805,0.041646697,0.07894198,0.06381017,-0.00625934,0.05215401,0.1250116,-0.014800224,0.6428851,0.22445677,0.0013421709,0.13318744,0.0047654705,-0.034963444,0.9118235,0.8101753,-3117.461,59.956318,153.91946,80.68145,51.18421,134.00908,0.029867452,9.01001,-6475.0464,DICTIONARYBRUTEFORCE
21.77283,7.2179656,105.997475,-625.97363,0.031250857,-0.0054599396,-0.014472686,0.32299858,0.6744645,0.015291591,-0.020931844,6.223613,-0.074123435,-0.02149744,0.51793224,0.011272057,0.28130266,0.04258614,-0.01383948,0.040899158,0.08201879,-0.0488783,0.6987515,0.24348345,-0.0045428937,0.110458575,-0.003803908,-0.027408425,0.95465577,0.94312936,-643.43555,58.698563,183.6355,114.74191,62.20718,130.29874,0.017798657,7.4591293,-11436.847,DICTIONARYBRUTEFORCE
25.30177,6.0576143,104.02025,17132.145,0.06553969,0.08360973,-0.032774944,0.20150168,0.6635649,-0.005117156,0.038681697,5.1771274,0.68910235,0.22026226,-0.11938132,0.104137465,0.260138,0.09109777,0.035322458,0.0214727,0.12063946,-0.018008415,0.7452501,0.16749464,-0.007866693,0.046700466,0.044166356,-0.01194138,0.990451,0.98375255,957.69385,61.019608,279.627,107.00281,78.38051,95.61645,0.008771343,10.812073,7088.133,DICTIONARYBRUTEFORCE
30.013601,5.3329124,87.24146,-193.8418,0.050761994,0.0012814513,-0.013669808,0.2286208,0.9220069,0.012758133,-0.002233216,8.896334,-0.18211298,0.6389972,0.053509228,0.044142142,0.6707563,0.04638312,-0.009086024,-0.011574239,0.12714721,0.011899703,0.90683717,0.0375905,0.0086195525,0.037662968,-0.0066761253,-0.015297109,0.99357396,0.9660255,6740.7104,62.49077,1436.0504,392.93573,512.978,393.6904,0.009995799,10.266296,282199.1,DICTIONARYBRUTEFORCE
26.071892,3.7371206,89.60878,5666.154,0.069668025,-0.009931106,0.04886066,0.39052483,0.8320179,-0.00019354164,-0.053501803,7.97472,0.37945515,0.0029665045,0.09503108,-0.15545842,0.62235767,0.0036521628,-0.008825226,0.027850602,0.09784019,-0.042715795,0.7854607,0.12593354,-0.033087365,0.14839405,-0.012853619,-0.012002093,0.91683567,0.8205112,-5107.839,60.182907,165.8169,134.44588,48.422066,198.70004,0.031555504,-0.46646118,-15174.547,DICTIONARYBRUTEFORCE
16.707405,11.715686,108.35356,-1521.6592,0.068143524,0.13593188,0.022913866,0.2839739,0.36531654,-0.0076428894,-0.004155319,2.5776298,1.2287809,0.5089239,0.4371309,-0.1457211,0.19217823,0.093233004,-0.015017411,-0.026362732,0.13997094,-0.03784981,0.48738775,0.509585,0.020480167,-0.012478177,-0.0006584497,0.0048343,1.0403397,1.0115392,4276.214,72.77185,524.2483,281.49658,115.35532,304.77536,0.0070484416,13.615028,14314.705,DICTIONARYBRUTEFORCE
22.251242,6.8440123,90.21433,3538.9182,0.1182825,0.17965253,-0.02622538,0.5037326,0.54834116,-0.037022308,-0.017310716,4.566666,1.5311174,1.1620704,0.23567092,0.08456357,0.091678075,0.10757104,-0.040116865,0.014833661,0.15462655,-0.05184691,0.6649921,0.26758707,0.03527561,0.03224824,0.011651925,-0.04052192,0.9596104,0.99732345,4491.496,58.245804,809.567,179.05011,230.87851,213.58754,0.017670149,4.3134995,78873.45,DICTIONARYBRUTEFORCE
33.5146,0.9067273,87.896965,867.6172,0.004643984,0.27444828,0.020956902,0.22481933,0.8837913,0.014515906,0.0015816139,11.683296,2.7208376,-0.39828914,-0.04221681,0.10178441,0.60585666,0.06613795,0.03895079,0.00028908253,0.13734765,0.026039211,1.0958436,-0.13526753,-0.0076196757,0.087476864,-0.019536631,-0.056161843,0.9193426,0.9030626,-7853.6123,62.27417,530.227,12.9692,103.96429,51.041092,0.021641912,4.0132446,42408.8,DICTIONARYBRUTEFORCE
30.882618,3.9398313,86.81836,-1046.125,0.094236694,0.0002674535,-0.02793739,0.45967633,1.0029607,-0.04768808,-0.0023835804,11.42524,-0.29174823,1.7839758,0.29679406,0.05557652,0.73183507,0.003976156,-0.00906648,0.0013779011,0.14428554,-0.026392492,0.9828207,-0.015915219,0.022623852,0.051293224,-0.0432406,-0.06454439,0.9983446,1.0100297,4048.622,59.884064,1930.9182,257.40167,593.9401,280.05017,0.008397467,15.019173,384100.38,DICTIONARYBRUTEFORCE
28.848427,4.287123,98.20556,4609.978,0.07020658,0.21952586,-0.020029163,0.39201742,0.752057,-0.06803623,-0.014073342,7.5517035,1.821565,0.19378814,-0.035179406,-0.067747675,0.5991706,0.0653745,0.02725359,0.0023210328,0.13572645,-0.049416363,0.93172336,0.054417793,0.0065086596,0.02400006,-0.046524145,-0.023262797,0.9965087,0.97104204,2306.0059,59.464104,1623.5376,314.3874,542.8144,360.7259,0.013581239,5.8756104,438436.97,DICTIONARYBRUTEFORCE
24.578339,7.2304964,124.674324,-2030.5903,-9.617768e-05,0.1624826,0.02160452,0.20454662,0.6302816,0.02773378,0.012455498,5.3338895,1.4426793,-0.08519501,0.2562541,-0.072572656,0.57206976,0.08982844,0.017140873,0.016676767,0.09733894,-0.034673497,0.7629618,0.18636057,-0.028234424,0.037134256,-0.012758094,-0.006909985,0.9864169,0.95925,616.83203,61.37189,190.82242,51.949753,52.636868,59.752037,0.01162072,13.181717,-864.9998,DICTIONARYBRUTEFORCE
21.58707,8.889137,124.33273,-1629.9033,0.015074274,0.098575614,0.04264116,0.021522822,0.5620742,0.015575647,0.014790583,4.836685,1.0197083,0.09536646,0.25578594,-0.044306066,0.36601445,0.09743317,-0.000506402,0.0020026462,0.1022654,-0.014335068,0.6510292,0.2988409,0.001839113,0.010202621,0.023960562,0.006416375,1.0028654,0.9958256,4246.161,60.54345,181.55429,122.900024,77.44742,121.43783,0.0053694467,13.605606,17465.846,DICTIONARYBRUTEFORCE
26.64602,6.0868526,54.895252,-1054.2319,-0.0004127808,0.21326832,0.022401577,0.16247821,0.5798065,-0.005393523,-0.012877042,6.656882,1.8650626,-0.0637301,-0.063920625,-0.06183801,0.4464614,0.11473461,0.01702961,-0.007123104,0.06870446,-0.061659362,0.7651564,0.21932237,0.0041062757,0.051992446,-0.021863878,0.02497727,0.9775957,0.89866996,1258.2021,79.72595,1849.8872,518.16266,641.7133,563.91223,0.014217417,2.7123108,519693.75,DICTIONARYBRUTEFORCE
37.6533,2.535954,105.73573,7776.7637,0.17416665,0.3049862,0.06749231,0.36353135,0.9958798,-0.023593085,0.06470926,10.828602,2.80169,2.1095686,0.106278226,0.3016789,0.18489395,0.060175747,0.02199258,-0.09045779,0.18022195,-0.035962958,1.1993786,-0.24537961,0.0233477,-0.023755468,0.021043822,0.022474462,1.020927,1.0276291,13.969727,65.90484,890.863,249.03152,317.8558,268.8587,0.0013546026,6.4131165,154312.3,DICTIONARYBRUTEFORCE
30.934084,4.6215053,78.38205,2713.2764,0.13327113,0.21500392,0.012036254,0.20028646,0.8761587,0.013254883,-0.05581887,13.310236,4.6422024,0.44626766,0.100828074,0.03257355,0.24764179,0.07566808,0.046687678,0.012808584,0.17696546,-0.09526073,0.91942465,0.041589726,0.023335947,0.09711839,-0.051260576,-0.014324782,0.9104483,0.9248494,-8945.157,59.042336,174.79192,88.62863,15.833991,117.84419,0.010990773,-1.3146591,-37909.41,DICTIONARYBRUTEFORCE
32.809067,5.1566215,90.537224,1661.0352,0.047441304,0.24639383,-0.009552277,0.11435787,0.8265482,-0.027191376,-0.021410782,8.722066,2.7708383,0.42055643,-0.052528262,-0.093099535,0.80072516,0.086489245,0.0041352864,-0.02632098,0.113485895,-0.01962182,0.9755304,0.009634799,0.051583774,0.0147726275,-0.027482763,0.008238423,1.0212637,1.0137365,-3128.1494,64.10015,1210.1163,283.41367,450.2125,309.86215,0.0061259186,5.1111603,254785.84,DICTIONARYBRUTEFORCE
31.739874,4.7187963,74.46192,-5336.0767,0.06294195,0.15521841,0.019585181,0.09498288,0.8009905,0.014033027,-0.026392117,9.460108,2.5998101,0.09967401,-0.05937807,-0.05200918,0.7550198,0.12782787,0.044026416,0.01726903,0.10408212,-0.04743688,0.91895664,0.07440711,0.031448916,0.067442566,-0.023981228,0.010823467,0.94365907,0.9332624,-4374.661,66.55341,-31.172424,26.440163,3.138238,37.07199,0.0147042805,9.920197,-21938.799,DICTIONARYBRUTEFORCE
25.1829,6.021894,72.8005,-823.57324,0.03251236,0.016954098,-0.018728932,0.5413428,0.79367113,0.063745275,-0.031286262,7.3401446,0.35285306,-0.0029447488,0.03177426,-0.14599739,0.6102076,0.037584145,-0.019826915,0.010123853,0.13303569,-0.05073554,0.8234344,0.12207005,0.019463718,0.08614911,-0.006456054,-0.040627085,0.9470882,0.9572282,5375.9844,59.573273,819.8921,270.75748,268.64816,332.78525,0.018444583,8.786072,78132.05,DICTIONARYBRUTEFORCE
22.22274,7.0211377,60.584763,390.0371,0.031881444,0.13034879,-0.018252257,0.43787032,0.5619507,0.008378703,0.022434546,4.567608,1.0397207,-0.07020824,-0.0015604123,0.06374887,0.19699286,0.07325605,0.002014297,0.024177387,0.12734695,0.012968134,0.6991376,0.22139616,-0.026517948,0.0713564,0.015954703,-0.02648703,0.9536453,0.9705615,1301.9482,59.055855,377.53964,94.74676,110.68103,106.13788,0.01234705,14.115936,19049.32,DICTIONARYBRUTEFORCE
17.358263,10.725328,90.0626,-4494.569,-0.00093368813,0.02627155,-0.004882978,0.25109592,0.46163592,0.019109134,-0.0032744044,4.082219,0.45036212,-0.15196897,0.10234527,-0.20131893,0.5262131,0.1148564,-0.01367281,-0.007436084,0.0943824,-0.042731892,0.47147053,0.48671103,-0.0033784076,0.079494044,-0.0037283543,-0.0027692039,1.015133,0.9561739,1462.959,62.337837,926.99866,214.12881,292.12396,218.0378,0.01161347,12.611626,108079.11,DICTIONARYBRUTEFORCE
31.707298,4.844433,107.5588,3125.6367,0.06399152,0.08831701,-0.012856232,0.4958503,0.8913681,-0.050448306,-0.023393426,11.776646,1.2304162,0.80047226,-0.10836966,0.14575438,0.17829226,0.06516999,0.013152277,0.043354526,0.14636627,-0.047987387,0.95843947,0.06506487,0.08039451,0.046570167,-0.08852628,-0.019150035,0.96395475,1.0161997,6685.3115,63.328712,2593.6462,743.0462,900.6265,749.95905,0.0054797125,6.659767,951259.56,DICTIONARYBRUTEFORCE
30.246382,4.04465,99.46608,1641.2766,0.051205687,0.20076843,0.053506985,0.26457235,0.7700635,-0.021831915,0.024685163,6.53122,1.892618,0.15134797,0.3594825,0.13931057,0.32501173,0.07824224,-0.01977646,-0.033873722,0.14545496,-0.03994891,0.9488544,0.0036621874,0.007568241,0.047628213,-0.032525238,0.0028132647,1.0012977,0.9652829,3647.1143,71.51917,1106.9084,338.82236,415.37317,369.17114,0.012051201,11.541512,238933.11,DICTIONARYBRUTEFORCE
33.43361,2.5699213,75.21092,-1886.2881,-0.05358725,0.20956615,-0.010225341,0.6878566,0.9556041,0.007658367,0.0051760534,11.49977,2.426486,-0.3245722,-0.015521921,-0.010644215,0.5342378,0.022931177,-0.00864108,0.01099911,0.19146843,0.0012565218,1.1035315,-0.10179404,0.05956357,0.0853035,-0.012411237,0.047182232,0.9869709,0.9824962,6114.849,64.34266,1058.7128,524.6057,388.08664,599.1587,0.0077886656,1.2276001,201200.5,DICTIONARYBRUTEFORCE
24.232267,6.817986,118.09433,-664.71875,0.05846262,0.13729063,-0.01791836,0.22892325,0.6155587,-0.016749782,-0.0017790054,5.964504,1.1498067,-0.14954647,-0.053660776,0.024283955,0.30877063,0.12215867,0.005782633,-0.005673901,0.10204361,-0.0125916805,0.7095708,0.26202905,-0.006257477,0.040635206,-0.025828552,0.0288271,0.9836696,0.9362529,-3718.9775,60.39184,905.09015,227.70541,343.59442,237.88171,0.014272453,2.8242035,159727.53,DICTIONARYBRUTEFORCE
29.977865,5.178627,70.68348,5033.9956,0.05832864,0.13207713,-0.008652273,0.334223,0.7624766,0.024477402,0.020668197,6.841172,1.5505357,0.102354795,0.012811029,0.13829635,0.14309914,0.08281269,-0.017663268,-0.0063003693,0.19299316,-0.040501412,0.8157238,0.06984241,-0.0038218312,0.09301753,-0.016201364,0.0038233493,0.9819327,0.9812366,943.0029,66.980064,425.7736,209.51666,103.77092,233.46402,0.016478932,1.5902481,14011.846,DICTIONARYBRUTEFORCE
23.989492,6.0370626,133.04266,-4401.2456,-0.043061543,0.08433391,0.016170252,0.24324429,0.6985419,-0.020308688,-0.0017489376,7.819468,1.1406775,-0.0489107,-0.13310821,0.076793775,0.14700976,0.08557825,0.024897967,0.03238071,0.13048215,-0.0074870507,0.7893692,0.17806664,0.0022872468,0.0015542319,0.025572315,0.0017912965,0.99813384,0.97577816,-258.1753,62.524113,666.6758,184.14249,257.7064,187.97505,0.008947838,13.244843,91238.734,DICTIONARYBRUTEFORCE
23.066303,7.2672167,84.99718,-4020.0513,0.018382635,0.19334662,2.0661391e-05,0.39899042,0.537035,0.020988297,-0.05345354,5.811561,2.4352431,-0.25197884,-0.024037983,-0.0037775468,0.105202295,0.12275405,-0.01273225,-0.022849444,0.17698008,-0.019237433,0.6827198,0.27806753,0.017371368,0.07186205,0.05644527,-0.004520826,0.9426567,0.9505133,-2202.2402,59.778744,887.4682,140.1274,265.65503,168.48924,0.019205008,5.614479,92102.38,DICTIONARYBRUTEFORCE
25.603212,5.9457135,73.501595,1585.9946,0.16506203,0.37152907,0.061866768,0.06867719,0.4858036,0.0008563843,-0.051927656,5.071373,3.4890947,2.347869,0.5777583,0.07864934,0.15118748,0.1133541,0.012876384,-0.02441154,0.15518843,-0.02836745,0.78924364,0.16227749,0.018715331,0.03940195,0.00126909,-0.008505349,0.89071125,0.92992353,429.39404,59.897736,-165.9418,27.137009,-56.58078,64.97406,0.01492045,4.621002,-44825.867,DICTIONARYBRUTEFORCE
26.975063,3.4462767,80.09819,-5815.113,0.032156006,0.06524349,0.0059475354,0.51513636,0.8178802,0.06862657,-0.034713462,9.463115,1.655045,-0.1280326,0.03522218,0.07912766,0.06269804,0.090024814,-0.04582002,0.014799546,0.18946546,-0.07047213,0.86737597,0.06159431,0.019147651,0.13553885,0.032874167,-0.012803514,0.9310277,0.9254366,-4139.4453,62.426163,625.0116,212.36038,190.71622,242.15494,0.026635839,0.7899399,48554.19,DICTIONARYBRUTEFORCE
21.972942,8.343536,89.726364,8916.704,0.0792947,0.120467,0.03437218,0.032805484,0.51166373,-0.026645957,0.011609689,6.524343,1.5772948,-0.02626412,0.019741992,-0.042574074,0.21736442,0.13555889,0.08001451,0.030520977,0.081210695,-0.060608465,0.60105205,0.36849448,0.021456122,0.06251372,-0.00012373552,-0.015438726,0.9848837,0.9131028,-5684.1064,60.35508,526.72864,183.44081,163.34064,234.32153,0.013146111,4.8026657,28299.707,DICTIONARYBRUTEFORCE
28.869776,3.4115856,95.02669,3530.408,0.09251271,0.09437875,-0.011988133,0.481436,0.8893651,-0.019002145,-0.012473357,9.678242,1.4590428,0.60773516,-0.009076464,0.20185512,0.08408026,0.07468198,0.0056853797,0.026046513,0.15341128,-0.023895696,0.9256668,0.03592166,0.03506718,0.049087275,-0.0013966206,-0.049094014,0.95976293,0.98420244,71.03027,60.189747,981.3816,287.96127,306.2552,290.3854,0.01591685,3.157692,118771.3,DICTIONARYBRUTEFORCE
19.12988,8.212536,100.60588,106.9126,0.03585466,0.13589107,0.030522536,0.14558226,0.43847808,0.008351278,0.004778062,2.3258784,0.9542257,-0.127061,0.33257174,0.07406505,0.102458015,0.068533726,0.004523848,-0.0031071296,0.06958156,-0.028430035,0.601473,0.3254865,-0.020832147,0.052521363,0.060767673,-0.013077248,0.98226076,0.9653802,4474.8057,60.41944,607.956,236.62875,240.30313,236.57355,0.013627434,13.198395,98754.18,DICTIONARYBRUTEFORCE
18.431128,10.443726,88.96739,2062.3833,0.046943225,0.06477779,-0.018379103,0.13186954,0.351152,0.04048824,-0.005060446,4.7267914,0.6830244,-0.27716047,-0.0071921754,-0.090048455,0.332859,0.11027539,0.023844458,0.0468169,0.07254588,-0.03404316,0.45077133,0.54965115,-0.00940757,0.09159174,0.0013722293,0.02077542,0.97035515,0.9273647,-1138.3345,60.64986,97.419586,127.090195,32.839714,159.79553,0.01903771,8.814011,-5602.9326,DICTIONARYBRUTEFORCE
30.952978,3.1982546,79.30963,3558.7334,0.10403398,0.021354796,-0.004724427,0.37170634,1.0455673,0.0058577787,0.014135541,14.580366,0.83822256,0.57381713,-0.040773954,0.14002018,0.30230194,0.018797334,0.019799817,0.02299963,0.14901625,-0.014989306,1.0090762,-0.0523269,-0.00085790176,0.053351462,-0.02321169,-0.011008902,0.94071287,0.93589634,-5697.5967,61.047344,523.35956,63.61525,153.99374,83.72608,0.0116493525,6.3667145,27283.057,DICTIONARYBRUTEFORCE
21.888788,7.259955,74.17618,-2785.5903,-0.001185406,0.1703034,0.025432715,0.37133968,0.507904,0.016036376,0.01735505,4.045768,1.4178517,-0.31633452,0.33885795,0.12730402,0.044591486,0.076891944,0.021837102,-0.0012420211,0.13906981,0.008598984,0.6702297,0.2568647,-0.032592673,0.047071207,0.045894258,-0.0038167462,0.98238254,0.9608018,1934.7834,60.65647,455.6137,149.96465,187.07327,211.44702,0.012433171,11.852699,71081.18,DICTIONARYBRUTEFORCE
23.725365,6.6953053,69.36809,234.58643,0.0322729,0.14343983,0.0025383825,0.3849972,0.61607945,0.018207055,0.013915857,6.0502343,1.3562703,0.012277401,0.441917,0.034296922,0.32287827,0.082767725,-0.021811696,0.00991519,0.114630304,-0.012365858,0.7655418,0.2150123,-0.015441194,0.038901042,0.0061859423,0.016211497,1.0149105,0.97054875,6155.1055,60.0501,1277.8704,404.49536,471.3348,433.37674,0.009253214,8.604347,279079.7,DICTIONARYBRUTEFORCE
27.242962,3.758613,103.41972,-5412.678,0.019520603,0.024476333,0.072656095,0.35323316,0.93044245,0.0142016215,0.010358287,13.398972,0.6053639,0.30435938,0.9715956,0.20667759,0.15044954,0.04462598,-0.015761277,0.047632474,0.12921435,0.01093171,0.9473062,0.005761026,0.013065487,0.057809096,-0.04065279,-0.026660563,0.9385187,0.937525,-1282.8457,61.430714,676.27026,101.04598,185.02954,115.22598,0.0117387185,10.450783,42039.71,DICTIONARYBRUTEFORCE
20.3322,9.266784,101.81056,-1289.4297,0.093252555,0.041608438,0.014652133,0.081357144,0.566059,-0.03939135,0.013591677,6.145594,0.98326075,1.1192583,0.0043301284,0.13673759,0.058972903,0.11860025,0.020197544,-0.0012728758,0.122801736,-0.06094087,0.58566916,0.37169063,0.007904306,0.034429073,-0.025181532,-0.030832026,1.0075132,0.97378,-1072.6401,58.9759,621.5288,177.26578,187.60818,184.5214,0.008353197,10.943367,33621.754,DICTIONARYBRUTEFORCE
25.05743,7.559449,86.04445,-232.24707,-0.020036653,0.06114877,0.01234942,0.11743718,0.68137735,-0.018344242,-0.007058613,6.4693065,0.6964016,-0.23252949,-0.06834449,-0.08845246,0.70292455,0.05504437,0.01547689,0.019751413,0.088675916,-0.051408708,0.7629113,0.21431291,0.0063200714,0.02414861,-0.032720428,-0.00048161484,1.0020419,0.94929355,2771.5708,59.994064,1441.5499,481.26318,588.2392,499.6188,0.0070977113,14.319756,357691.25,DICTIONARYBRUTEFORCE
29.361855,4.6940284,85.82562,-318.5044,0.088244766,0.09257481,0.004131424,0.4176062,0.8508439,0.00041993277,0.035438832,7.406005,1.0441473,0.50747734,-0.031242792,0.120171644,0.19444507,0.07657767,0.0032492029,0.013807585,0.14144483,-0.024372468,0.9190548,0.01884572,0.014077349,0.03714506,0.0031149806,-0.035110604,0.98622274,0.97030884,1226.2446,64.37977,533.33716,155.4315,145.54767,170.29482,0.008769234,7.2983856,35497.25,DICTIONARYBRUTEFORCE
25.666866,7.2752075,115.09802,-614.7671,0.018262643,0.18233256,0.013786329,0.19620894,0.6741968,-0.0114902025,-0.019559994,6.8088045,2.003357,0.043383095,0.020490114,-0.03167185,0.43066445,0.10666146,-0.0028182613,-0.05532753,0.14659542,0.002849293,0.76314133,0.19386107,0.021191493,0.029815545,0.010797045,0.035406217,1.0398473,0.99689484,5114.371,60.82019,1131.6868,374.05923,408.72772,422.46204,0.009696516,4.899437,210204.39,DICTIONARYBRUTEFORCE
22.28592,9.762941,88.41719,-3217.7227,0.0455274,0.15762067,0.021294335,0.08582611,0.42249358,0.009481838,-0.0072861877,4.6545286,1.666141,0.82451457,-0.08091952,-0.036495153,0.41119918,0.1636591,0.01599352,0.018277224,0.096166,-0.024637204,0.5753817,0.4054177,-0.013943986,0.020918494,-0.021665026,-0.02484231,0.99951607,1.0000896,-3986.755,67.02229,233.44496,44.93439,67.052124,52.50601,0.01117156,16.412735,4614.644,DICTIONARYBRUTEFORCE
27.333054,5.651604,85.007355,1821.7583,0.05765918,0.20191406,0.024605507,0.17285031,0.6274847,-0.009315144,0.04632363,5.7193913,1.5573492,0.014139524,0.056699883,0.14592704,0.18343218,0.09000112,0.033270862,-0.01744885,0.10775359,-0.016797485,0.8098268,0.10174756,-0.030007048,0.022424234,-0.023429459,-0.01663202,1.0045737,0.93150204,289.50635,62.99111,995.67944,196.32031,357.8217,200.57036,0.010679361,9.965454,205313.55,DICTIONARYBRUTEFORCE
29.041496,4.641635,97.45314,1103.8413,0.13889888,0.25035688,-0.055568345,0.31654164,0.72070664,0.001240272,-0.06812972,7.8239784,2.6510236,0.5114077,0.002823379,0.051890902,0.46766207,0.064482525,0.024368556,0.048952132,0.14398058,-0.034532018,0.8679954,0.060576435,0.0015181955,0.08994792,-0.04254076,-0.014189135,0.9191302,0.92777383,-1482.9658,58.927155,-33.95346,34.975864,-1.321497,53.826607,0.02271315,0.37528992,-28907.756,DICTIONARYBRUTEFORCE
24.573418,6.6783743,83.54188,-2423.5586,-0.010840976,0.0058360044,-0.0011929986,0.3753043,0.8032923,-0.023202363,-0.0034867995,7.9740276,-0.13030073,-0.021734945,0.13232966,-0.117417604,0.6781522,0.036933947,0.0020176638,-0.004419377,0.12562524,-0.032723278,0.80829823,0.18509383,-0.017091354,0.033167,-0.032520927,-0.044415563,1.0296016,0.9686134,6870.2544,58.64552,1405.3296,398.74677,511.762,421.66864,0.0043315794,12.149284,286800.66,DICTIONARYBRUTEFORCE
23.972939,7.461076,57.703938,24768.035,0.062593654,-0.0011398419,0.013534658,0.1792656,0.65121734,0.0011536462,-0.0030760304,5.1268196,-0.28950828,0.34914994,0.007523391,-0.053502936,0.45401058,0.04557766,-0.0059481245,-6.318092e-05,0.121700026,-0.03156688,0.6835624,0.23434922,-0.009215472,0.094811305,0.016689535,0.027476802,1.0203401,0.9818635,1108.6938,60.60662,79.22987,73.61853,26.537151,71.98527,0.0041079745,11.190132,-13350.399,DICTIONARYBRUTEFORCE
19.082321,9.826982,58.898605,-768.65283,0.012293071,0.16126566,-0.0028163055,0.28505507,0.39417028,0.0126121715,0.02771263,3.3904958,1.4738697,-0.12735677,-0.02035036,0.008142853,0.031444028,0.059181653,0.003915704,0.018913604,0.11393115,-0.0048766006,0.55923325,0.40310743,-0.015902711,0.0351293,0.0013299286,-0.001894189,0.9986826,0.9770059,1132.5952,61.854073,307.5728,92.514565,105.42766,130.3773,0.004482033,14.092148,5856.537,DICTIONARYBRUTEFORCE
41.71776,1.643919,66.93027,15588.098,0.0077406964,0.28517565,-0.009848055,0.38550815,1.1011678,-0.015497551,0.00089100795,10.487658,2.3683922,0.022486495,0.103264384,0.21842329,0.52912736,0.02875458,0.021727245,0.01300608,0.1715491,-0.020364104,1.2676793,-0.2724552,-0.0069137453,0.040837407,-0.0646985,0.040839724,0.9853717,0.97845674,-2251.4268,72.55957,1001.671,413.2958,397.8671,477.56155,0.004357306,-2.7220383,234207.34,DICTIONARYBRUTEFORCE
23.214485,10.159414,87.70297,155.43164,0.21627767,0.023298053,0.0011674757,0.056887634,0.5715385,0.0041807354,0.025787164,6.2355785,0.9667798,5.9698467,-0.10937813,0.17823674,0.037563276,0.16356412,0.01944402,0.030755308,0.11761308,-0.008846688,0.5212828,0.4264544,-0.004755147,0.06712458,0.0061368523,0.017966712,0.92675257,0.9306698,-7136.3984,67.56874,248.00922,167.22314,104.886986,153.35005,0.016383357,4.565933,-9854.626,DICTIONARYBRUTEFORCE
18.920712,10.363723,101.85349,-5258.361,0.031899456,-0.014803553,0.00085408334,0.08567613,0.51036227,-0.008500711,0.009712146,4.9295797,-0.49972072,0.96675926,0.07134051,-0.25111294,0.7258758,0.091687515,-0.0063386047,0.00014448073,0.11677459,-0.02206144,0.527216,0.46697068,-0.018092617,0.025581067,-0.019433571,-0.028048325,1.0435776,0.993286,2456.129,62.669685,801.8819,199.34293,257.5957,186.81775,0.0092351455,12.789688,114445.6,DICTIONARYBRUTEFORCE
12.20698,14.05705,103.24569,-1800.0332,0.042284377,0.16847366,-0.024219675,0.22838815,0.1094044,-0.0009673537,-0.015724042,0.37523115,1.3478887,0.48020348,0.18311068,-0.12159918,0.12892063,0.14295097,0.014742981,0.013964886,0.09715598,-0.06577656,0.2662992,0.7049451,-0.016769586,-0.0077609643,0.011493521,0.010288869,0.98557884,1.0040814,5441.458,61.942547,165.36903,88.50401,45.05268,125.50345,0.015253767,14.158463,-7006.4014,DICTIONARYBRUTEFORCE
28.934258,3.7741663,66.10058,4498.8784,0.07317904,0.22382791,-0.0110275,0.36777484,0.7048062,-0.0054396745,-0.057623267,6.96846,1.9300009,-0.020030422,0.060181726,-0.0005983142,0.64899445,0.034042355,0.058375146,0.062751904,0.11425807,-0.049713373,0.8928052,0.002285812,0.00019740313,0.11554637,0.009076408,-0.013811754,0.90888417,0.85359436,-2278.7197,60.04513,-123.44412,22.170547,-35.083122,90.73711,0.029564556,2.458603,-26401.438,DICTIONARYBRUTEFORCE
33.28602,4.6711116,83.40078,-6.4853516,0.045867026,0.092322476,-0.0036160043,0.1370862,0.92335117,-0.008680059,0.020383272,8.845709,1.0273163,0.28044823,-0.050886888,-0.052469656,0.8214656,0.05543194,0.006014835,-0.004382003,0.12465219,-0.017050087,0.9876143,-0.0013482124,0.014621967,0.037189987,-0.027169276,-0.03603202,1.003612,0.97189635,2725.101,66.55179,1241.5,378.4713,513.0286,406.33502,0.0073423227,11.627899,326100.38,DICTIONARYBRUTEFORCE
25.812819,7.2152843,94.3593,-426.16846,0.033736676,0.25694215,0.032568134,0.023131713,0.5245061,3.3190008e-06,-0.0052032457,5.533579,2.7665205,0.029151978,-0.04438443,0.017586678,0.2930956,0.13575768,0.0140127465,0.00023528468,0.13728064,-0.020687124,0.6976076,0.2795822,0.0314162,-0.0001083524,-0.0324203,0.0016644038,1.0335202,1.0185503,-3732.6172,66.933304,550.074,144.10265,178.54987,179.76585,0.008659389,8.177437,64163.715,DICTIONARYBRUTEFORCE
25.93949,7.0574026,75.45145,-4197.0444,0.0431269,0.07173634,0.03717216,0.17687702,0.7161054,0.007071657,-0.0067161326,7.5562115,1.0743366,0.13046055,0.17865287,0.037096515,0.33441898,0.07713439,-0.0030265702,0.018806512,0.12656131,-0.036107466,0.7958638,0.1821529,-0.0029211352,0.03826635,-0.035914224,-4.3837354e-05,0.97202295,0.964225,-2607.332,62.15659,160.71306,59.169106,55.04126,63.294064,0.0055701304,14.144943,-10822.791,DICTIONARYBRUTEFORCE
30.840837,4.1843643,131.21625,313.5918,0.082097046,0.084725015,0.05615614,0.25663552,0.9514387,-0.029495994,0.006992803,7.9824276,0.8374684,0.18603377,0.04769972,0.016014328,0.57576483,0.047957264,-0.027560985,-0.008172136,0.13063626,-0.055937923,0.99781704,-0.049382623,-0.020924605,0.047759406,-0.004763929,0.033673048,0.9968297,1.0081114,-893.88184,63.32495,810.36646,167.27145,294.3989,183.11821,0.0048533822,6.96743,122970.74,DICTIONARYBRUTEFORCE
24.548069,5.2272882,103.92626,-4663.469,0.055017523,0.075864606,0.16453959,0.24264061,0.82505,-0.0013241236,0.007279645,7.758207,1.3924242,0.8717867,3.787893,-0.09564843,0.42182565,-0.010048751,-0.03434709,-0.008716787,0.175144,0.0054678414,0.8708514,0.078571305,0.004434425,0.06174802,0.0043882523,-0.015824145,0.9714335,0.9842795,-1434.3315,57.629257,216.36237,37.589935,110.80771,42.64333,0.009828273,7.360901,18646.006,DICTIONARYBRUTEFORCE
23.220663,7.0303917,88.981255,-707.43604,0.037727743,0.3319682,0.06369424,0.038841423,0.41138884,-0.009476456,0.007990807,4.516987,3.1298947,0.062882826,0.10625559,0.09909251,0.048766498,0.12688677,0.0033248123,0.013856154,0.12339191,-0.024835642,0.69950795,0.23859878,-0.0006903964,0.040466197,-0.007944972,0.0030594505,0.96719587,0.94540775,-518.3296,61.243977,204.04736,60.482853,77.74165,83.57795,0.011158273,10.789505,14006.381,DICTIONARYBRUTEFORCE
21.473011,8.329266,94.19742,8.412109,0.012013809,0.0024858515,0.11882125,0.35980156,0.6691544,0.018709391,0.005049305,4.809331,-0.13732357,-0.22404695,2.874725,0.0030733878,0.29991615,0.041521154,-0.0009318767,0.09345322,0.076959305,-0.034175828,0.71596915,0.24047779,-0.03074631,0.08462977,-0.014510628,-0.0011880975,0.99189353,0.95904565,709.73535,58.917233,26.269104,65.23355,18.827135,71.34677,0.008070659,8.93071,-24951.58,DICTIONARYBRUTEFORCE
23.962954,5.8959527,130.51439,194.1709,0.05507984,0.020055884,-0.012526428,0.37829682,0.6922837,-0.009781027,-0.048502192,7.6535983,0.3418575,-0.10121151,-0.057622112,-0.11663774,0.57680523,0.056440182,0.018921446,0.004819664,0.08552393,-0.057441667,0.71615344,0.25176162,0.033048958,0.059674233,0.009796232,-0.008926344,0.97127163,0.9419644,-235.10693,60.077145,563.53424,215.60202,185.0781,238.80997,0.02336716,9.728317,52664.465,DICTIONARYBRUTEFORCE
26.809668,5.921437,79.14949,353.83545,0.14137264,0.10981629,-0.019760916,0.2579184,0.71813315,0.014196539,0.0070487377,6.162533,1.3188109,1.7035426,0.06961585,0.0931648,0.3240647,0.07172567,0.010123294,-0.023841046,0.16254765,-0.029780306,0.7537534,0.16973983,0.010973421,0.040500306,-0.0046500703,-0.039848838,0.9527763,0.9570119,3880.9724,61.39074,561.0873,147.22595,193.0969,203.1071,0.015931759,8.429802,63780.3,DICTIONARYBRUTEFORCE
22.626787,8.223972,59.692833,2421.1038,0.013216564,-0.006151955,0.016558032,0.05945858,0.6107908,-0.033643838,-0.018064857,6.7303433,0.37567842,0.20208994,0.014911963,-0.072876304,0.3749788,0.031974744,0.06302281,0.017838571,0.09465912,-0.032271877,0.7118917,0.33431348,-0.009439827,0.07600634,-0.040362917,0.025565695,1.0224019,0.94325095,1845.7393,58.490173,2087.9058,475.43652,805.8866,551.248,0.0067409803,12.850441,905040.94,DICTIONARYBRUTEFORCE
23.88282,6.4281354,122.404465,-1708.5562,-0.015672628,0.070265286,0.051652424,0.035851847,0.7079709,0.026878748,0.014257839,7.4768405,0.8774016,-0.12008018,0.37088233,-0.1033686,0.5602234,0.071520835,0.008522434,0.012335455,0.080706805,0.011679185,0.77888125,0.18307418,0.0041609467,0.055907235,0.007418645,-0.020554692,0.99354714,0.93585026,1425.7383,62.074963,471.80978,131.55556,147.02713,151.80705,0.0085032,6.9089127,52253.31,DICTIONARYBRUTEFORCE
29.48249,6.366613,79.25771,35672.934,0.09457162,0.031460274,0.008778416,0.15834111,0.8127647,-5.1033567e-05,-0.017020257,7.3825655,0.1455402,0.31005377,-0.0566246,-0.17048942,0.96019185,0.014926743,-0.02146263,-0.005166987,0.07767628,-0.03662079,0.8474724,0.10936906,-9.877607e-05,0.032743286,-0.058881782,-0.023199376,1.0196365,1.0194379,1639.5186,64.313095,900.83905,245.06827,334.51334,256.83548,0.01717414,13.581192,175411.61,DICTIONARYBRUTEFORCE
38.994995,0.39949322,69.92465,22803.209,0.040364817,0.2546316,-0.02859819,0.4470918,1.017259,-0.016614389,-0.040527947,10.663523,2.621356,-0.01460281,0.07537059,0.097056545,0.5188634,0.01833471,0.062130205,0.0009191409,0.18202388,0.08073679,1.1445359,-0.17948274,0.040235624,0.05679008,-0.0052437326,-0.076599926,0.9400421,0.94649094,-2784.8926,66.10017,643.33276,175.98444,180.18835,239.40411,0.021953736,-1.045044,143286.36,DICTIONARYBRUTEFORCE
15.306606,12.517185,88.136185,5058.481,0.014469566,0.10779611,-0.004580037,0.14314917,0.28837827,0.024515009,0.023806,2.9605336,1.2025971,-0.12704687,0.0066443905,-0.17241673,0.22845173,0.11753808,-0.0482378,-0.038601935,0.14327872,-0.032984577,0.305608,0.63874614,-0.0070161223,0.061261185,0.024787204,0.03473515,0.9872165,1.0030913,3250.4438,67.605995,1052.2322,388.14832,396.81866,422.04193,0.012358541,8.864265,207689.02,DICTIONARYBRUTEFORCE
23.412914,8.249544,92.90184,4253.598,0.015100518,0.37239724,-0.029286437,-0.019664312,0.32089716,0.021455428,-0.12068105,5.0385537,3.7662897,-0.15828606,0.24585742,-0.04932008,0.20533033,0.1458835,0.029423384,-0.038721368,0.13912423,-0.041584283,0.51342523,0.3729651,0.06436968,0.09857283,0.08190601,0.059847496,0.92595655,0.9270144,-4284.51,61.520424,-301.3612,52.785656,-124.63055,72.92903,0.020820038,-1.7397461,-73117.3,DICTIONARYBRUTEFORCE
29.849934,3.805441,80.65401,-1530.1621,0.039223623,0.28458512,0.04976912,0.13565211,0.73727447,0.0037493017,0.012146072,7.2454667,2.5511131,-0.12030151,0.071984075,0.15614799,0.31740314,0.06332813,0.0015302282,-0.010550035,0.1358022,-0.0049929507,0.95893586,-0.009047263,0.006298509,0.022649674,-0.01472581,-0.018919459,0.9898167,0.99428135,997.645,63.25556,998.4127,196.08333,343.73648,225.0859,0.0048532938,10.980049,176507.98,DICTIONARYBRUTEFORCE
26.494919,6.773733,118.94004,5876.325,0.0561739,0.013375396,-0.007725631,0.25061828,0.8046936,-0.047459565,-0.018599086,6.6181574,0.038582746,0.1871342,-0.041576527,0.052807875,0.42653823,0.050418355,0.032535166,0.00017793383,0.120180815,-0.020386092,0.7921358,0.15506104,-0.010861184,0.022880066,-0.0046276255,-0.02591291,1.0256507,1.0005304,199.05078,62.11599,864.9585,276.54932,314.55157,271.80994,0.006665651,9.502708,150067.75,DICTIONARYBRUTEFORCE
33.385292,3.1265583,64.02746,-3619.9985,-0.00014208257,0.13903576,-0.005007924,0.50958776,0.9352699,0.0046125725,0.012248092,10.3301525,1.5369272,-0.19436502,-0.05482476,-0.014664616,0.7261047,0.07166795,0.020263318,0.03669732,0.1414633,-0.010582361,1.0909393,-0.064913884,0.00022027176,0.07196215,-0.025251187,0.0051902235,0.9802984,0.97183365,-321.57764,66.980446,1464.4468,366.93478,550.46704,401.29544,0.00971709,7.49897,334004.6,DICTIONARYBRUTEFORCE
29.73153,4.3904133,77.6926,1557.676,0.04545068,0.23703709,-0.015623225,0.3094897,0.6971307,-0.010650216,0.0205514,6.6482654,2.1186643,0.23486662,-0.004678853,0.13616592,0.30264577,0.09295002,0.031885173,-0.009642107,0.12199038,-0.03132631,0.9060749,0.06305469,-0.0018506777,0.026009912,-0.004532812,-0.02913961,0.9794158,0.98272747,-827.18115,63.97808,438.16022,125.5422,130.47333,167.33618,0.012375191,10.113991,29685.408,DICTIONARYBRUTEFORCE
27.88119,4.965387,97.75809,-2870.7515,0.07322225,0.0075517423,0.042247027,0.1192589,0.88719034,-0.021400806,0.027006602,10.493784,0.30478525,0.86858994,0.03443004,0.0061117113,0.5706212,0.06438131,-0.000353395,-0.0072546345,0.12724386,-0.030105243,0.87687534,0.06958654,0.008875098,0.058184914,-0.038031034,-0.029493513,0.99174863,0.9460954,-184.00098,62.334118,638.8794,138.42091,236.73282,142.46826,0.009988286,12.307259,77351.85,DICTIONARYBRUTEFORCE
32.439075,4.679953,94.41601,524.81494,0.10769468,0.32807532,0.028587472,0.05811992,0.6596077,-0.035738733,0.053484406,6.339457,2.841908,0.36754215,-0.030224506,0.112102345,0.343957,0.13340352,0.03264718,0.014030786,0.0865314,-0.032605443,0.8824852,0.07528173,0.026917875,-0.032339644,-0.032935917,0.025547598,0.9739237,0.94581056,-2164.1309,78.38925,1125.3901,189.82654,339.57745,231.84183,0.012506656,3.8553696,170713.92,DICTIONARYBRUTEFORCE
21.365923,8.810698,94.46866,-625.6924,0.025001671,0.010644272,-0.012478158,0.43370372,0.6483054,0.04417774,-0.0067099417,6.561368,0.3582686,-0.06453277,-0.013684666,-0.10776313,0.42396718,0.07629247,-0.015899712,0.070424765,0.11876449,-0.052239444,0.68673223,0.31571934,0.024164284,0.06313713,-0.055668537,0.0047163945,0.97958827,0.9733534,-2103.4604,58.241783,418.03296,144.90341,105.202415,152.81354,0.008374439,8.761192,11008.1,DICTIONARYBRUTEFORCE
21.770721,8.764648,123.38646,-94.75293,0.03056373,0.04746477,0.008818292,0.08161236,0.5816282,0.0017454993,0.03482539,6.012788,0.6431012,0.1924037,-0.010841581,-0.0236205,0.27564627,0.12227554,0.026455065,-0.008861911,0.095455214,0.0068763224,0.62286764,0.34075883,0.004559031,0.0020010897,-0.007168217,-0.013461977,1.0253016,0.9657835,2582.9192,65.09051,492.64835,158.1173,153.36563,173.85587,0.00769382,9.272049,49759.58,DICTIONARYBRUTEFORCE
22.400118,6.1871815,91.87151,5427.53,0.08604743,0.34326515,0.022274302,0.009503701,0.43358064,0.02812989,-0.038285427,3.9331892,3.1543155,0.4318024,0.35320944,0.07202316,-0.0009007435,0.09542419,0.039167903,-0.030031651,0.14534666,-0.06548542,0.6740443,0.25301415,-0.026427332,0.027634492,0.03634124,0.023986435,0.91604745,0.95004183,-356.67627,59.994724,-65.73926,49.969902,-13.428764,117.74962,0.019064669,-1.3710785,-14061.867,DICTIONARYBRUTEFORCE
14.789585,12.112926,74.94928,2861.21,0.032954063,0.06252238,-0.029628592,0.05319931,0.22698997,0.027843807,-0.011679721,2.4510336,0.6036939,0.051591355,-0.02449517,-0.030812953,0.08154249,0.11631204,0.036781274,0.025351001,0.10033129,-0.03803179,0.28817183,0.65622115,-0.018613866,0.08589252,0.029494453,-0.00030253083,0.9206854,0.9255539,-358.6416,58.348804,-68.222046,39.282448,24.56633,78.60182,0.019510547,10.8439865,-11136.843,DICTIONARYBRUTEFORCE
25.96827,5.004101,127.207054,-62.134277,0.032014992,-0.018133892,0.007310204,0.19768177,0.88207567,-0.036880855,0.038868994,10.304268,-0.72690374,0.9034511,0.41625115,-0.013365548,0.60537064,0.018722236,0.006516408,-0.038495127,0.1289527,-0.00969557,0.88222814,0.078438915,0.00712685,0.07392381,-0.030543592,-0.03964961,1.005269,0.9394735,9468.201,59.551384,1250.1929,297.90686,449.96786,316.5936,0.012236931,9.153717,275701.75,DICTIONARYBRUTEFORCE
24.848583,5.7057104,68.9507,-1000.7466,0.042327598,-0.0024960213,0.023744695,0.14011234,0.80627227,0.022509329,0.03686661,9.0577965,0.16736865,0.11893372,-0.028978584,0.07431476,0.38393053,0.037193738,0.020067044,0.042120732,0.10285269,0.0004927255,0.8063688,0.12861241,-0.013288802,0.0869812,-0.02851299,-0.0038590748,0.9432411,0.9159897,-3990.1182,59.825214,164.8356,36.194225,71.6954,42.70566,0.008796222,11.304794,7083.0303,DICTIONARYBRUTEFORCE
31.111744,5.2863746,77.2484,6893.787,0.06799649,0.056429904,0.027477752,0.23113382,0.8649976,-0.019417042,-0.01444515,8.597599,0.5846058,0.71637535,-0.050014623,-0.020405326,0.7459619,0.06252834,0.011802478,-0.0060782954,0.10760245,-0.06498722,0.9237443,0.06772343,0.03055457,0.004869206,-0.06132289,-0.01470601,1.0184975,0.9769646,5772.298,63.439156,1955.8795,522.7921,711.5865,557.9441,0.013154813,9.7895355,674479.8,DICTIONARYBRUTEFORCE
29.28395,6.3749423,109.79227,3327.392,0.039922524,0.019828534,0.02452581,0.04248729,0.8952951,-0.011277701,-0.005604173,8.589554,0.3979124,0.32931042,-0.0769394,-0.119476795,0.8162512,0.029962191,0.014999374,0.019429054,0.08614321,-0.053492866,0.92242724,0.068210766,0.026795741,0.021211188,-0.04029189,-0.018651582,1.003953,1.0156782,30.17871,63.217796,970.7123,243.09488,377.80075,247.5149,0.0058920737,11.675102,199985.33,DICTIONARYBRUTEFORCE
21.00289,9.579508,108.78746,-2124.0664,0.05523295,0.037622426,-0.0102032665,0.26735938,0.4877041,0.008250918,-0.017131453,4.4682746,0.54691505,0.18597308,-0.006658975,-0.09442429,0.30476868,0.12759712,-0.005804077,0.010116565,0.12408283,-0.05468557,0.49123394,0.49123734,-0.016875474,0.056349903,0.0109698055,-0.007247347,0.9963903,1.0057762,665.6787,74.81054,398.17664,211.0949,136.43942,254.6099,0.020138951,9.686974,31772.262,DICTIONARYBRUTEFORCE
26.07828,5.78841,89.651825,-820.3877,0.06044537,0.4027972,0.024431467,0.29692164,0.44608635,-0.010729209,-0.03092277,4.7495003,3.8409986,0.068615235,0.012894066,0.102673605,0.07301944,0.115303926,-0.00058808364,0.04247678,0.122118175,-0.032490566,0.76504093,0.17244288,0.027621323,0.02704338,0.009209466,-0.018764617,0.9839333,0.99137765,1621.8789,65.69545,636.05804,244.76831,198.35861,295.43475,0.018955255,5.4606476,57107.96,DICTIONARYBRUTEFORCE
17.66202,11.22977,73.72442,-7814.238,0.03071196,0.049570445,-0.0129783945,0.16431145,0.3618524,0.052077465,-0.012090578,3.2091815,0.9336818,0.09724364,0.03746279,-0.06921739,0.18893425,0.14767176,-0.022948034,0.020681264,0.14488998,-0.029518966,0.36788917,0.5576964,-0.034564886,0.12469116,0.051886573,-0.017102059,0.9152428,0.92921525,1310.5547,67.63578,56.66873,100.810326,7.0211163,127.97651,0.023240432,10.090736,-37266.094,DICTIONARYBRUTEFORCE
20.698786,7.8580556,105.95575,971.7451,0.050983474,0.020773612,-0.069026515,0.47696587,0.5840342,0.0039654453,-0.035217088,4.3078747,0.13481909,0.49739563,0.057327777,-0.11801797,0.24474235,0.08112586,-0.0048246933,0.009704259,0.11295055,-0.069742434,0.5885655,0.39256424,-0.01601073,0.029018309,0.03260279,-0.023000352,0.8916331,0.954461,2577.7256,59.27507,149.10612,75.257904,40.70688,115.1682,0.025075927,3.6093063,-27044.25,DICTIONARYBRUTEFORCE
18.582857,10.973175,84.269135,-538.10596,0.083167434,0.0126471175,-0.002159325,0.15044947,0.42631635,0.024992306,0.009282731,4.547307,0.3702522,0.20400953,0.037806,-0.1016533,0.41690192,0.15116008,-0.013960918,0.03674891,0.10831909,-0.0719181,0.4319775,0.51809216,-0.009301737,0.082177885,-0.023069011,0.040349305,0.99683934,0.96872777,1963.5032,61.44352,198.39212,162.99068,47.57032,175.16672,0.0135508925,9.86866,-162.41302,DICTIONARYBRUTEFORCE
26.822317,7.1359425,71.7345,6042.082,0.021664621,0.017603792,0.0024503074,0.038162123,0.7418713,0.00035155856,0.009360638,6.3488917,0.622781,0.21011019,-0.07882132,-0.044025786,0.56761193,0.060610563,0.03437844,-0.04157133,0.12317567,-0.020619452,0.74845856,0.23217234,0.011001375,0.038265407,0.024967197,-0.0023741182,1.026989,0.9482242,778.6426,62.644413,1020.3871,321.56738,435.39062,337.2616,0.0061402065,11.323463,234161.75,DICTIONARYBRUTEFORCE
26.886166,5.543909,94.34668,-1393.7305,0.018257424,0.0075509264,0.09467752,0.08070195,0.8833563,-0.00021842774,-0.0048919627,12.01125,0.33373085,-0.014496528,0.6290008,-0.0057150424,0.60024244,0.050257802,-0.0052022934,0.031765863,0.09272062,-0.0053872867,0.91026926,0.058969736,0.0010000728,0.07124811,-0.022506483,0.012975896,0.977949,0.9461613,-2714.9668,61.276337,206.6888,125.64773,71.51631,100.75704,0.0059094667,13.704803,-1502.4885,DICTIONARYBRUTEFORCE
25.381348,6.9710717,127.84218,7489.769,0.061264887,0.07876622,0.02315646,0.04403059,0.6872364,-0.06607584,-0.040038493,6.7877035,0.97735286,0.076614976,-0.097837895,0.10833159,0.22785893,0.10078757,0.08361852,0.009253336,0.10990762,0.041334264,0.7515512,0.22651446,-0.026035607,0.05348283,-0.0026319502,-0.017027423,0.99042016,0.93254066,2508.7175,60.256115,1602.0502,411.4313,631.1652,416.62778,0.013627546,3.2074203,502219.7,DICTIONARYBRUTEFORCE
29.389587,5.581929,77.358444,3061.0923,0.15613957,0.30829215,0.006799337,0.26746222,0.59146124,0.027653657,-0.123084076,6.4058213,2.5933373,1.6125942,0.22207382,-0.0011075148,0.50007594,0.08167907,-0.010349121,0.0035936385,0.16886348,-0.052713826,0.8049029,0.1311078,0.035530895,0.067223765,-0.037388045,0.025586762,0.9766903,0.9456505,2190.7595,62.696648,136.80942,88.93745,0.83893967,191.95697,0.025913013,0.80210114,-4831.6807,DICTIONARYBRUTEFORCE
27.942955,2.7467186,80.770615,4149.753,0.09101939,0.35358092,0.08255014,0.05839953,0.69043016,-0.037330654,0.004419312,8.8446865,3.2934988,0.279661,0.37513363,0.2213791,0.029772092,0.07587371,0.015020987,0.021024745,0.12796426,-0.029156795,0.90616417,-0.07163458,0.030904582,0.06253514,0.0031589624,-0.0616441,0.9497708,0.93527645,1872.293,61.14368,416.8417,92.267944,84.54491,122.4612,0.01859886,7.2294083,46269.035,DICTIONARYBRUTEFORCE
33.39881,4.277366,71.28079,3657.2454,-0.009529431,0.14823154,-0.018624894,0.4757646,0.95095766,0.010164435,0.014524886,10.120806,1.639364,-0.2996777,-0.028474946,0.12849763,0.4102734,0.020710861,-0.037223995,-0.010028588,0.18871242,0.0024984544,1.097161,-0.085493736,0.03634633,0.026209503,-0.0175181,-0.0016788207,0.9938712,1.0112976,5229.3877,61.04191,1808.9174,710.63934,668.9181,741.9886,0.0015374532,3.70858,421684.6,DICTIONARYBRUTEFORCE
26.641287,6.410684,87.96928,-910.29297,0.03049314,0.018869525,0.007283941,0.16361819,0.7864943,0.003967378,0.00034054276,6.838713,0.25203267,0.01687435,0.095730364,-0.027798485,0.6475121,0.019670565,-0.0041589327,0.0061834557,0.15862933,0.017986419,0.76272184,0.15969232,-0.009781394,0.040599227,-0.01940035,-0.03110586,1.0000613,0.98702013,7150.09,61.703182,1763.4917,438.29706,650.9919,452.2932,0.010997729,11.334839,458853.66,DICTIONARYBRUTEFORCE
23.512678,7.1755905,71.975365,-5570.8257,0.049222153,0.23855439,0.013240363,0.15154059,0.48091957,0.07239268,-0.0060444535,5.0490494,2.5191364,0.2341768,0.49060136,-0.15187146,0.64834213,0.1146619,0.015867773,-0.039541278,0.16567124,-0.04552715,0.6959977,0.2991681,-0.024091233,0.077408716,0.006356444,-0.04116752,0.9711874,0.95159924,-168.63477,61.792603,793.16693,95.73606,247.09985,143.6068,0.015326976,9.690666,131778.6,DICTIONARYBRUTEFORCE
32.286877,3.0639052,91.55567,7854.6904,0.027800174,0.11119404,0.004721503,0.3521299,0.8887958,0.00092533475,0.008901248,8.822813,1.0250934,-0.27643806,-0.042590916,0.08442898,0.53019583,0.033065178,0.041764695,0.03757172,0.0715289,0.014794219,0.9942596,-0.03272819,-0.03443031,0.076480046,-0.0162294,0.0054245256,0.9595149,0.9314076,1731.0942,60.652126,1492.931,348.22556,535.71063,367.17706,0.023630107,1.049408,519805.16,DICTIONARYBRUTEFORCE
22.612314,6.804744,83.551254,21109.014,0.054478947,0.17225666,0.0072091883,0.07217317,0.5388256,-0.030309606,-0.0003819354,4.0417213,1.4007785,0.102875836,-0.05484496,0.08473392,0.051540095,0.067193404,0.049910963,-0.0073536434,0.14847109,0.020197358,0.6388658,0.2263293,-0.010063355,0.051861223,0.042463243,-0.02070592,0.9698781,0.9307634,4420.6167,58.6846,195.83852,125.681885,106.24263,150.07944,0.0104778055,4.6129684,57621.203,DICTIONARYBRUTEFORCE
30.557629,5.557687,80.46164,86.97998,0.02410162,0.2698631,-0.013843177,0.4187675,0.7655846,-0.028206728,-0.005302902,6.6391025,2.372544,0.16316123,0.0077029313,-0.12924953,0.7497016,0.024947807,-0.014105894,0.0008730404,0.14751847,-0.034759335,0.97723234,0.03587421,0.0043750275,-0.010952629,-0.045930937,0.0038079452,1.0647433,1.0226591,3604.8496,62.501823,971.2503,315.99472,392.2177,343.483,0.0037081514,8.9146805,211338.31,DICTIONARYBRUTEFORCE
21.526487,8.449511,66.55807,1286.2263,0.049270596,0.0070043444,0.011791684,0.37542674,0.5798787,-0.028095715,0.008988664,5.9579287,-0.04778882,-0.028159544,-0.0041408464,0.023863785,0.23177063,0.07989447,-0.00812957,0.024015216,0.13966504,-0.03615407,0.64848965,0.33155996,-0.028182056,0.05827092,-0.024697967,-0.009284484,0.9896622,0.9459632,6386.3354,59.126427,1905.4314,338.51688,624.56915,368.55365,0.011286127,12.1519165,495419.9,DICTIONARYBRUTEFORCE
22.325075,6.625002,88.959015,-4460.93,0.02837874,0.0016268526,-0.017191567,0.41092783,0.6570548,-0.016373258,-0.0101782,7.393618,0.043464806,-0.019474396,-0.06793493,-0.0033769757,0.1616253,0.10628537,0.006171819,0.02135652,0.14058669,-0.02104695,0.57450575,0.283256,0.010757242,0.11913062,0.09135057,-0.06272136,0.9508471,0.9065825,3834.4204,60.81128,699.2274,172.29237,238.92209,233.73074,0.023661364,2.6680603,65631.516,DICTIONARYBRUTEFORCE
22.275537,7.2400765,92.94348,-520.8872,0.08697288,0.02080802,0.014969224,0.27480274,0.6559433,0.019439649,0.0110825,6.806183,0.36687118,0.39889508,0.061470427,0.0766324,0.13466482,0.094791785,-0.01268316,0.015808318,0.151021,-0.044386853,0.6558238,0.2562503,-0.011197366,0.06755217,0.0017244136,-0.01808206,0.9657008,0.9446122,369.4746,61.213383,573.3456,104.16647,167.11624,147.14262,0.015079299,9.659256,41135.87,DICTIONARYBRUTEFORCE
30.83642,3.7990596,67.3841,-3940.9487,0.094980374,0.22349596,-0.0043642963,0.33490744,0.828662,-0.0059621083,-0.020584539,9.757824,3.1083393,1.2865336,-0.181564,0.23962104,0.15755926,0.0967376,0.0030909711,-0.0007898733,0.184766,-0.042663816,0.9719218,-0.022187747,0.031788338,0.06501721,-0.040553525,-0.0462586,0.94293374,0.9551352,3523.0303,60.768852,1351.5111,193.81479,437.19373,214.26184,0.01291825,4.30394,218440.5,DICTIONARYBRUTEFORCE
25.880224,4.78588,105.36508,2034.8376,-0.018291645,0.061932016,0.14965029,0.22120216,0.84668666,-0.008340361,-0.00093457755,9.444047,0.99527764,-0.25141674,1.5755402,0.22315249,0.020379327,0.027745973,-0.0043071667,0.050724838,0.13067138,-0.02437152,0.9400603,0.009421911,0.004831811,0.07417883,-0.0067122513,-0.02329895,0.9693588,0.92809486,-4257.9756,60.439762,177.82043,143.59767,77.65627,126.47193,0.0106200855,9.362549,-235.89978,DICTIONARYBRUTEFORCE
28.42276,6.201984,117.037796,41180.062,0.0925468,0.0388537,-0.0811347,0.58758116,0.82095665,-0.054904003,-0.038960923,7.3359594,0.009188727,2.1966484,0.08168113,-0.2043693,0.78820044,0.025706086,-0.0093817515,0.013138821,0.11395544,-0.05608424,0.8025171,0.16497006,0.050349828,0.033882175,-0.04343345,-0.034522343,1.0105848,1.0327293,4305.728,64.441444,623.26965,213.5719,182.8157,265.0382,0.013107726,9.071739,68869.77,DICTIONARYBRUTEFORCE
31.307167,3.5988846,72.31434,1996.6841,-0.019330665,0.019517964,0.030908372,0.15040277,1.007657,0.0026706238,-0.025606902,8.845396,0.03930597,-0.18372318,0.24176641,-0.020657655,0.8634939,-0.002206983,0.00079289544,-0.044253353,0.12951654,-0.02703198,1.0277104,-0.029730335,-0.0049166684,0.081942834,0.014611006,0.0076880953,1.0271938,0.99676645,7810.4727,63.682983,1432.2849,791.05774,554.1394,800.64526,0.004926286,9.053833,296540.62,DICTIONARYBRUTEFORCE
26.1686,6.8100896,74.817276,436.40576,0.052252233,0.09954077,0.11886589,0.34024194,0.7158151,0.033787202,-0.009970879,6.044092,1.028072,0.16819148,2.5451288,-0.043885894,0.36759898,0.04563497,-0.02170086,-0.000326992,0.12525918,-0.013440486,0.83145744,0.13848482,-0.008166301,-0.00675102,6.607734e-05,-0.0013570301,1.0080304,1.0188674,5409.206,77.59293,405.39807,202.4747,116.30057,217.61937,0.006895539,10.184196,22006.803,DICTIONARYBRUTEFORCE
28.79925,3.7145128,115.524765,-230.7207,0.03648016,-0.018605057,0.01815551,0.10452042,0.9949284,-0.030727992,0.014381625,13.595441,-0.163005,0.112056285,0.07942279,-0.10890716,0.83666414,-0.014796287,0.04306316,0.015967611,0.07590117,-0.01048345,0.94298923,0.009989533,-0.015731432,0.097012356,-0.022711346,-0.039738774,0.9981362,0.8995863,5231.2026,61.46946,784.37036,390.54413,321.20343,410.2393,0.024391355,2.239769,151374.88,DICTIONARYBRUTEFORCE
23.0909,6.155352,85.7577,-5550.481,0.016257904,0.021204988,0.017969362,0.38877445,0.7215628,0.024070315,0.003705318,7.5876765,0.36808628,0.009778532,0.6099027,0.14740406,0.10962575,0.07173254,-0.033844914,0.010213884,0.14432122,-0.015961759,0.7383346,0.16783734,-0.006374648,0.06959624,0.015634192,-0.032483965,0.9632983,0.9641175,2076.718,60.793365,705.9646,134.33182,205.96945,148.3317,0.0154215405,14.208313,49698.62,DICTIONARYBRUTEFORCE
26.857338,7.190873,60.31587,2536.0684,-0.0072465274,0.08946265,0.002223188,0.510035,0.70082086,-0.0023680995,0.018757595,7.625617,0.9007546,-0.12319465,-0.05601494,0.08052283,0.17903613,0.06554955,-0.0065689627,0.016430655,0.17106505,-0.014476793,0.8416198,0.1630357,-0.015128607,0.038937785,-0.0150354225,0.0047490466,1.013375,0.9569572,5120.8506,59.528427,1658.6116,479.18478,649.29956,520.3167,0.00515585,9.613289,567406.1,DICTIONARYBRUTEFORCE
22.317572,6.331609,107.58894,-469.04785,0.037696462,0.029379562,0.14061442,0.052609976,0.6972632,-0.015501164,-0.007482196,5.989361,0.37060347,-0.012175784,1.8341544,-0.0037392834,0.28869268,0.086797416,0.01962212,0.0012261746,0.10599553,-0.055232503,0.7481114,0.17287672,0.010513566,0.0932414,-0.014733544,-0.007275985,0.9949171,0.9273674,178.65771,60.650375,397.98578,151.7306,166.09753,133.80336,0.011630973,9.312141,49561.31,DICTIONARYBRUTEFORCE
27.256231,4.731394,91.927635,14811.131,0.096943095,0.1661881,-0.00027059112,0.3722914,0.72294945,-0.032442406,0.031905137,6.074035,1.0554909,0.16647327,0.00998713,0.059382588,0.23309754,0.09282111,9.264797e-05,-0.012298072,0.1545138,-0.045953166,0.82181966,0.085798234,-0.020899732,0.028736979,0.0048458437,-0.007416531,0.99923867,0.95906293,2494.2239,60.82856,735.5785,192.34293,232.03915,221.58075,0.012189666,5.3647995,112956.734,DICTIONARYBRUTEFORCE
24.521788,6.4975147,80.46225,-1907.7324,0.043696854,0.0119819185,0.02499362,0.09634603,0.7387336,-0.008950642,-0.055634696,6.0171432,0.10309576,0.36087722,1.5695025,-0.03516506,0.6123841,0.06348147,-0.013946138,-0.028201655,0.08595799,-0.03483785,0.7444296,0.17575312,-0.01876526,0.08308292,0.008646393,-0.005811928,1.0151877,0.9637345,8593.147,60.286774,1432.2327,473.80515,554.4807,479.53622,0.012845932,9.326981,312816.38,DICTIONARYBRUTEFORCE
37.21972,0.768991,97.94159,1924.1116,0.06955952,0.024069518,0.024928212,0.20905153,1.1500692,0.027899113,-0.00708835,11.136913,0.9318239,0.64522064,0.09975603,-0.12137896,0.9121646,-0.020013822,-0.0044967467,0.077910006,0.10756896,-0.038578022,1.0816386,-0.16851425,0.012424203,0.016100282,0.019905047,-0.044289783,0.96089345,0.9477886,-7659.1035,78.75279,302.7577,186.49696,62.71458,170.25452,0.02867524,-3.1663513,1343.1716,DICTIONARYBRUTEFORCE
26.819008,5.901843,55.22884,-4856.239,0.02591242,0.018900566,0.014862603,0.14891277,0.80246085,-0.035367034,-0.0037593464,8.823377,0.42949247,0.6185681,-0.104105726,0.015934842,0.5295143,0.061391942,-0.012955956,-0.0032288209,0.14431453,-0.03661479,0.7759632,0.122917704,-5.8081932e-05,0.08762435,-0.016697954,-0.043637376,0.9762873,0.90951127,6340.557,62.008457,1419.5247,385.68512,557.49817,399.74142,0.008245195,9.3739395,355877.47,DICTIONARYBRUTEFORCE
27.620562,4.819472,75.78482,18232.264,0.011763814,-0.012931624,0.036897317,0.100202106,0.81294245,-0.003468088,0.030951424,4.555194,-1.008489,-0.17411289,0.20433627,-0.014003243,0.6804457,0.025841214,0.013293877,0.0012274459,0.092725724,-0.07296467,0.87116593,0.0839842,-0.06674646,0.07808288,0.017625201,0.018831927,1.0064442,0.9811451,1514.6919,62.86873,330.526,126.84709,139.46991,117.80287,0.007340305,14.083885,70963.68,DICTIONARYBRUTEFORCE
28.859783,4.197448,64.378456,9209.423,0.03244052,0.32855657,-0.013615899,0.3971705,0.6348647,-0.01194337,-0.01756935,6.7457767,2.6439652,0.12563029,-0.07652428,0.03340042,0.32268557,0.06176461,0.02773713,0.00012003817,0.16219825,-0.008875187,0.9392835,0.017136432,0.04348926,0.046323165,-0.028677138,-0.013641778,0.985166,0.95238364,2459.3477,60.62634,720.0775,208.7755,255.60367,271.3917,0.010910135,5.733757,106187.57,DICTIONARYBRUTEFORCE
29.02288,4.617176,94.645584,691.0718,0.108673945,0.2922161,0.13719563,0.18013318,0.7403028,-0.04103202,0.007859605,6.9637747,3.0343065,1.3021129,1.8588203,0.14846767,0.22288512,0.07855565,-0.046666417,-0.07162359,0.20205723,-0.0075406344,0.9049555,0.031235194,0.033636197,0.012722392,-0.019327382,0.00021690503,1.0114038,1.0145395,2861.0083,68.186325,748.0535,179.85664,239.94516,207.251,0.010814797,9.284378,107233.9,DICTIONARYBRUTEFORCE
34.02749,3.7671475,63.944252,11130.273,0.04095038,0.035645697,-0.030980453,0.49824625,1.0957083,-0.014083884,0.047217175,11.286209,0.31424347,0.19234717,0.06387361,0.074359186,0.6798226,-0.023460912,-0.0033997,0.030782726,0.16293392,0.0033908337,1.134424,-0.1551031,0.013007079,0.07919971,-0.062402762,-0.002575172,0.96550345,0.985675,10819.67,60.522167,1279.071,618.845,539.09503,619.52905,0.0030368164,7.442993,392326.7,DICTIONARYBRUTEFORCE
24.610344,7.0650635,64.48404,2150.7957,0.09029196,-0.01040681,0.021712761,0.15964547,0.7474604,-0.029819867,0.0010695774,6.5702314,-0.37230957,0.66683435,-0.021664025,-0.020190982,0.47043878,0.023169186,0.020628946,-0.00016328879,0.12277937,-0.009498376,0.7392188,0.17571431,-0.022299336,0.055111647,0.008097192,-0.03747026,0.99203014,0.9508848,4328.0884,59.18409,276.16553,158.35165,105.576965,165.46432,0.0066938084,13.170074,22585.86,DICTIONARYBRUTEFORCE
27.681484,7.1132607,87.16734,11843.154,0.0853562,0.0460333,0.01433716,0.23518455,0.7298798,0.025460295,0.018973522,8.210085,0.032854,0.16658767,-0.0068762153,-0.14382227,0.69771534,0.090693414,-0.008877468,-0.02891113,0.11683273,-0.06466245,0.7740304,0.21035357,-0.013465109,0.0342293,-0.05522817,0.048116602,1.0482287,1.0007904,1683.4385,68.11813,1078.6182,230.10046,360.33405,263.94492,0.012093978,7.837311,193274.2,DICTIONARYBRUTEFORCE
31.855663,4.204667,102.892136,2890.9248,0.06311354,0.1438434,0.054913,0.09594392,0.9092194,0.028950341,-0.008948058,8.971788,1.632881,0.07865172,0.035329312,-0.104738,0.9937936,0.046599403,0.032766614,-0.013609093,0.115902506,-0.034936525,0.9986778,-0.0358283,0.01938499,0.045680296,0.019724809,0.034619763,0.99557585,0.9563052,-2838.3818,62.7512,116.24437,1.4357071,33.5992,23.535042,0.0072648386,10.175621,16323.584,DICTIONARYBRUTEFORCE
22.60287,9.258248,95.02117,1707.9775,0.056144588,0.0052730325,0.015128797,0.10631331,0.6254257,-0.0104196,0.03057171,5.8794374,0.09869443,0.3690015,0.003039781,-0.05140195,0.4430432,0.07078867,0.010829837,0.02982137,0.09793365,-0.07911192,0.6321149,0.34767586,-0.01619954,0.060117193,-0.050721508,-0.0123597765,1.0321497,0.9963412,-424.1792,59.561707,332.7172,233.09384,101.03528,230.8187,0.003391454,8.940605,13443.834,DICTIONARYBRUTEFORCE
22.408342,10.596226,119.11891,13496.723,0.14109722,-0.0056589954,0.023103701,0.11026698,0.57889724,-0.0012664031,0.007887103,5.557589,-0.058786828,0.7558249,0.014110504,-0.038881063,0.49268633,0.10072203,-0.0025854027,0.048454873,0.080434635,-0.08360155,0.5454514,0.3810396,0.011963631,0.018529946,-0.042776026,0.0121894935,0.99586093,1.0030291,1566.8047,62.265247,25.501831,65.07775,-14.926018,81.84307,0.009122929,13.862602,-28523.041,DICTIONARYBRUTEFORCE
26.070972,5.0603156,86.4428,378.77515,0.043236308,0.027008925,-0.012560228,0.68193936,0.8184953,0.053799793,0.008874497,8.912739,0.45433474,0.09867046,-0.09018779,0.100736886,0.08558721,0.05130443,0.0018685637,0.064578176,0.1407996,-0.02262897,0.88980055,0.087998964,0.006135353,0.041410305,-0.001184335,-0.019406708,0.94658744,0.9680184,1703.4282,59.42973,453.9847,155.7006,132.8985,161.24469,0.011743313,6.286682,12621.577,DICTIONARYBRUTEFORCE
24.973873,6.3710246,122.882935,-1904.6655,0.0651532,0.018720655,0.12331415,0.29585397,0.8403217,0.0057103885,-0.015044598,7.7129607,0.32351482,0.15706928,2.4499524,-0.012654643,0.38811624,0.062164176,-0.012831243,0.047488082,0.09881614,-0.04568163,0.84521556,0.13206512,-0.010016221,0.07916857,-0.07304086,0.025752382,1.0201743,0.9767489,1483.6143,60.244064,-45.146576,111.37167,-28.792225,95.107994,0.011638509,7.147278,-51450.215,DICTIONARYBRUTEFORCE
31.722353,0.63097477,94.072136,-1615.9082,0.0382619,0.13005629,-0.044042632,0.51512676,0.9915503,0.08169755,-0.039261296,10.14663,1.4860675,0.13236235,0.6483371,0.16692376,0.37045315,0.024198947,-0.024409771,0.04658489,0.13147783,0.019167911,1.0631835,-0.16225183,-0.0075073047,0.085955404,0.028569438,-0.03314019,0.9045482,0.9591772,-198.47949,62.49776,75.00104,30.12001,5.9121,78.18915,0.028200911,2.470398,-18962.979,DICTIONARYBRUTEFORCE
29.691578,3.268352,73.35313,9162.076,-0.0069339294,0.10290575,-0.018434463,0.48649698,0.93394625,0.08469186,-0.079649426,10.438829,1.175624,-0.09757084,0.16347753,0.05010826,0.34478912,-0.105177075,-0.015336816,0.014697054,0.18463635,-0.065150775,0.9471106,-0.090177804,0.0019546668,0.116865456,0.07541089,-0.026695982,0.78244305,0.957455,-1698.7686,59.6002,-266.00424,-44.755943,-98.14248,40.494194,0.028609615,0.15261078,-52774.844,DICTIONARYBRUTEFORCE
16.62501,11.931586,69.61769,-2022.998,-0.002989946,0.03301501,-0.010362709,0.109233536,0.38047063,0.022144694,-0.03575225,3.7958097,0.7473923,-0.27154434,-0.09367952,-0.111759014,0.32675382,0.09298947,0.00029406045,-0.010471213,0.13661015,0.009482162,0.38028923,0.557881,-0.00021879328,0.058179196,0.025289875,0.02072051,0.99665993,0.9788225,3475.2986,60.09551,1224.4701,342.70178,455.3384,365.04382,0.011729486,12.986267,230074.84,DICTIONARYBRUTEFORCE
33.022125,3.1788883,126.740715,12126.711,0.07529063,0.20033069,0.022751208,0.30804315,0.8768129,-0.0751795,-0.056405738,8.278729,1.4017166,-0.3468376,-0.23528747,-0.11331865,0.6695243,-0.009318869,0.032963,-0.04731096,0.07454494,-0.027920222,0.9011656,-0.011042564,0.02585479,0.065156534,-0.049257867,0.008770636,0.92173004,0.89327836,-1002.7803,61.948868,1371.8309,388.7589,548.0188,447.77988,0.020396532,-0.64512634,425978.4,DICTIONARYBRUTEFORCE
29.401165,5.177556,74.560585,-5443.399,0.05926604,0.23669755,0.048862103,0.13485515,0.69126916,0.05215818,-0.08034445,7.71763,2.874249,-0.32673275,-0.024435714,-0.033737987,0.46689534,0.087939836,0.03988948,-0.028879596,0.1627217,-0.044571605,0.8321313,0.12203672,-0.024948437,0.09711988,0.046835355,0.053694326,0.9372612,0.9558526,-4692.6123,64.794205,28.268051,83.53505,32.698402,142.23827,0.012406006,4.400093,-972.17914,DICTIONARYBRUTEFORCE
29.906498,4.9172506,77.31761,6405.009,0.041210093,0.024785101,-0.032170307,0.41321442,0.9373183,-0.036993828,0.028597038,9.027377,-0.008198246,-0.063199386,0.06448836,0.05762463,0.5153525,0.0155849485,-0.00068187714,-0.004004203,0.14426175,-0.0013954844,0.9697926,-0.0018013829,-0.01094527,0.03876242,-0.0100803785,-0.0017553382,1.0223604,1.0090178,2529.3552,60.0669,1189.1421,286.60065,456.19144,301.12048,0.0007402145,10.182785,291072.94,DICTIONARYBRUTEFORCE
24.00296,6.1144667,67.45962,-1688.0581,0.09606861,0.06267353,-0.006004977,0.2478766,0.6794358,0.04079067,-0.008478745,6.7770624,0.8070518,0.2910148,0.17618431,0.04515505,0.43533823,0.06312987,-0.005826871,0.023849878,0.09106573,-0.027184408,0.7488719,0.16198923,0.008162646,0.118290916,-0.0075167366,-0.03514584,0.90154094,0.9201045,-4193.211,58.947094,28.339035,18.753448,1.6922913,35.845966,0.016803294,13.100845,-29755.162,DICTIONARYBRUTEFORCE
19.293789,12.414553,72.07199,9452.989,0.116523795,0.06737851,-0.014760748,0.28072062,0.42431593,0.016031627,-0.0036501535,3.2950842,1.0232427,1.1290265,0.02403451,-0.14946231,0.3906629,0.10140818,-0.026163332,-0.008498755,0.13053854,-0.059348784,0.46427637,0.5297396,0.017995434,0.041555915,-0.044155415,0.032642372,1.0101706,1.0218731,1314.8208,61.719242,374.22363,264.94077,83.719795,283.16284,0.008308746,7.2063828,-4686.0923,DICTIONARYBRUTEFORCE
15.495265,12.302563,85.34609,10737.148,0.044446606,0.015366967,-0.018246226,0.104427755,0.2693064,0.035944935,0.002054344,2.6103296,0.15087041,-0.15385848,-0.0053898618,-0.028032515,0.1352544,0.113166735,-0.015676977,0.022848096,0.09172157,-0.04342574,0.28591353,0.6517673,-0.010564489,0.09765946,-0.0014119595,-0.0057008117,0.9654565,0.94612795,-1870.2915,60.99131,220.03484,116.75534,68.985725,145.0969,0.018489573,13.238113,2488.8228,DICTIONARYBRUTEFORCE
22.996609,6.516344,102.699905,-1371.7861,-0.03643447,0.008930381,0.02860942,0.1671206,0.7496953,0.0018367736,0.019885905,7.190117,0.17195536,-0.21227822,0.0074856537,-0.034554783,0.5167651,0.043609586,0.0029273331,0.053169884,0.091386996,-0.0101937065,0.79716974,0.13769151,-0.01057033,0.08285593,-0.017412314,-0.024535552,0.964741,0.94058025,613.8081,59.465755,548.1191,125.82461,191.29126,117.53009,0.006131419,12.735855,58680.25,DICTIONARYBRUTEFORCE
33.837025,3.9341884,110.56354,9180.975,0.108032554,0.026824353,-0.047806025,0.4254839,1.0304896,-0.045264125,0.00828705,10.062459,0.243474,2.0387316,0.07850966,-0.02735547,0.77158433,0.034630332,0.018948557,0.010013016,0.14284359,-0.031860936,1.0083004,-0.03880956,0.0061314646,0.014891241,-0.04424903,-0.015901668,1.0103313,1.0375284,2536.68,64.228386,1370.5892,359.7578,514.0546,390.37082,0.0084276525,8.568367,311930.1,DICTIONARYBRUTEFORCE
19.07842,9.430522,89.87247,-3266.7183,0.02121703,0.020109935,0.02298125,0.14156508,0.51054615,-0.005625761,0.024197686,4.536686,0.22771537,0.27366954,0.3435972,-0.009488076,0.3247833,0.08610383,0.010601109,0.0015972275,0.09022409,-0.0025243917,0.5532651,0.3885572,-0.01259664,0.046040602,0.007113218,-0.01757896,1.0146596,0.99016243,4352.18,62.681118,527.8592,175.76428,195.35904,181.13556,0.0074942615,19.244072,60183.418,DICTIONARYBRUTEFORCE
25.930822,7.213209,88.60879,4598.1367,0.083957724,0.088389106,0.002627715,0.42511693,0.7297712,0.026129115,0.07058191,6.2245703,0.7028976,0.034827966,0.0072867605,-0.0491211,0.36349317,0.07373499,-0.015180009,0.012260167,0.10647569,-0.06812532,0.76336366,0.15199628,-0.026926955,0.04685749,0.0012112409,-0.00024297275,0.9998723,0.97539985,-476.5127,62.61336,470.78754,191.09921,123.859215,195.86668,0.0065392233,4.580887,22873.604,DICTIONARYBRUTEFORCE
30.753721,2.859906,95.77267,2942.7285,0.026810242,0.2877515,0.0067258836,0.30213067,0.69451267,-0.012432583,0.009473103,5.2968965,2.643258,-0.07405551,0.109240666,0.17223993,0.18582135,0.07679265,0.020333493,0.0002248073,0.1531508,0.035956867,0.914587,0.02404098,-0.031029034,0.02881894,0.0015918864,-0.0037514232,0.99578947,0.99444234,1271.4048,66.19941,218.77417,120.07542,79.42192,151.63812,0.017261075,7.3045654,26007.018,DICTIONARYBRUTEFORCE
27.722105,5.5178347,63.662155,822.91187,0.06504675,0.054366376,0.013709597,0.32653108,0.80144864,0.010361889,0.024225192,8.700699,0.6477008,0.21721663,0.011656786,0.11422236,0.2862949,0.06470669,0.00442395,0.014519554,0.11178366,-0.024646243,0.8905402,0.04596203,0.0038614566,0.061987225,-0.015920402,-0.016366817,0.96538246,0.9474968,-3545.2334,62.98149,386.88947,41.653183,104.80584,56.025005,0.008079648,16.429123,5033.793,DICTIONARYBRUTEFORCE
19.9771,9.291519,111.55582,-4056.6177,0.07083033,0.14600216,-0.001460982,0.23112169,0.45544043,-0.013024616,-0.011387487,4.321989,1.8083323,0.4474065,0.34963652,-0.014606167,0.15214908,0.13759059,-0.019800879,-0.013608133,0.14733247,-0.07115043,0.5536339,0.40994963,0.007353045,0.04294496,0.007498711,-0.0087255975,1.0086315,0.9793145,-1187.1206,61.28897,674.99817,138.8306,155.67099,158.86732,0.015868898,6.283249,25098.83,DICTIONARYBRUTEFORCE
27.343035,4.229518,72.41389,949.65405,0.061743524,0.12525593,0.22357321,0.2869652,0.7983821,0.042672284,-0.016633153,6.7531695,1.187342,0.22255188,3.0470803,0.16485997,0.036990315,0.028855454,-0.03316142,0.018051164,0.15409839,-0.042369943,0.9610398,-0.029378986,-0.011989233,0.067486964,0.002708803,-0.016996987,0.9727276,0.99902195,2123.6555,63.10118,218.49823,95.511246,57.96482,111.73062,0.011637742,15.363533,1794.7153,DICTIONARYBRUTEFORCE
24.714712,4.2338676,59.081863,10176.111,0.14943843,0.027232861,0.15224358,0.14881748,0.7713331,0.015374514,-0.05030682,5.9529104,0.45929325,1.8331804,3.160419,0.073915765,0.37737486,0.033337407,0.031560168,-0.0029041292,0.123809315,-0.04287701,0.8190403,0.06626694,0.025472619,0.13528304,-0.02203206,-0.028049648,0.91603446,0.92633367,-2698.7832,58.071724,-47.335663,35.983013,5.603895,77.34335,0.014223271,8.169037,-24758.006,DICTIONARYBRUTEFORCE
24.734762,6.360536,61.355686,1136.4121,0.033454757,0.07976049,0.028221542,0.3155599,0.66206205,0.005635544,0.010186342,4.921686,0.5817902,0.077712595,0.88544977,-0.07098189,0.5244117,0.06275625,-0.0016630767,-0.012655779,0.13949314,-0.065225035,0.7523113,0.18887778,-0.014860045,0.09405438,-0.007897726,0.01523411,0.99513763,0.9641151,-266.96045,62.839584,245.21172,137.73836,93.15607,149.97124,0.008769187,10.446739,14158.526,DICTIONARYBRUTEFORCE
16.700512,10.248853,105.451416,-102.87598,0.04158429,0.0776892,0.05902216,0.28035548,0.42941296,0.025190039,0.006463125,4.243863,0.7853606,-0.17856058,0.66902614,-0.05512577,0.076109484,0.10547306,-0.0033826195,0.034472615,0.11444289,-0.028668085,0.5193921,0.4247559,-0.010195841,0.048889894,0.012541394,0.010738661,1.0017328,0.9672294,762.66504,58.157475,311.69577,146.20338,102.1903,141.98085,0.0054900907,7.887764,4299.4497,DICTIONARYBRUTEFORCE
32.85804,2.6911302,66.688286,16614.152,0.01180997,0.07129156,0.035635833,0.2973078,1.0295099,0.020278733,-0.04581216,10.408629,1.1565448,-0.4703217,-0.049908616,0.069315776,0.56603044,0.0009301165,-0.011406633,-0.020458072,0.09186174,-0.015180331,1.080086,-0.10426588,-0.0068056304,0.09019676,-0.04021177,0.023073265,0.958514,0.9211313,-3001.3428,60.666477,1701.1095,551.37286,603.1711,559.9017,0.01057936,1.4229813,366306.12,DICTIONARYBRUTEFORCE
27.86325,6.849868,60.472637,584.3308,0.069091044,0.08151706,0.024121607,0.17694409,0.7019544,0.03753495,0.0022319076,6.555563,1.011986,0.3063662,-0.032840267,-0.08182294,0.78840876,0.087272085,0.02343923,0.025376817,0.1126997,-0.054390818,0.8128537,0.15278523,-0.03306371,0.06910941,0.006121085,0.042652637,0.97582453,0.9482914,-1713.4106,63.5936,-107.24332,10.7932205,-0.090135574,0.9617615,0.0087579265,11.882538,-14112.556,DICTIONARYBRUTEFORCE
26.700016,5.842773,60.28107,19717.254,0.042428657,-0.0012032463,-0.0036470545,0.103528224,0.76685965,-0.005818825,0.0635746,6.753883,-0.4915244,0.10630867,-0.23333786,0.12482138,0.32779074,0.048843116,0.009961174,0.03563544,0.09407717,0.0075789164,0.7913309,0.13475935,-0.008411337,0.08509881,-0.001856396,0.005598087,0.9573719,0.9175222,-2668.5771,61.33445,1269.9092,239.27075,487.46426,227.83945,0.0057871984,14.522583,290560.84,DICTIONARYBRUTEFORCE
21.957584,9.617825,66.50772,8841.26,0.06660133,0.20635144,-0.012553748,0.09469616,0.35546494,0.0037041544,-0.04257279,3.596075,1.6256298,-0.17180482,-0.04663945,-0.11872977,0.5996017,0.11354813,0.04924328,0.035897236,0.1017029,-0.021938281,0.55675936,0.4212087,-0.009350956,0.07475165,0.010892492,0.011698468,0.9819579,0.9461883,-2360.711,60.40291,-37.65509,97.13279,-12.492542,128.74547,0.017887307,8.313972,-18330.975,DICTIONARYBRUTEFORCE
20.342457,9.204397,135.49956,-1294.0757,0.004967088,0.067259334,0.081483066,0.09176991,0.53356487,0.020192131,-0.014785393,4.0113163,0.7055673,-0.06614544,0.39487717,0.016593268,0.2615412,0.07808872,0.034321357,0.01729033,0.11097409,-0.031234555,0.6133926,0.3385759,-0.032801922,0.02338743,0.04648675,0.0065227784,1.0228372,1.001993,4214.5967,62.13498,797.5964,195.30145,316.29877,212.30954,0.006030776,14.335365,146430.83,DICTIONARYBRUTEFORCE
31.578785,4.1900177,100.87366,1280.251,0.06166508,0.16347292,-0.04649708,0.411479,0.77454275,0.011744894,-0.00041499734,7.352179,1.3841165,0.19859117,0.0017349795,0.039814074,0.48091674,0.10091238,0.03435242,0.027889352,0.12512577,-0.017279167,0.9003741,0.07884013,-0.02185517,0.01447638,-0.026645428,-0.013271084,0.9988637,1.0129465,-2081.3594,69.48352,554.1719,121.26782,169.30426,165.93918,0.016564827,8.326271,66607.39,DICTIONARYBRUTEFORCE
26.04915,3.8762693,62.639957,-1511.8711,0.09323661,0.017226966,0.00884969,0.3469719,0.82828814,-0.056435637,-0.033291817,8.138283,0.33879536,1.0827216,0.52175856,0.23358944,0.10718558,0.043416437,0.02104141,-0.017563924,0.17713225,-0.020220568,0.82196003,0.016217446,-0.0024453993,0.123316735,0.0154081695,-0.03670553,0.90796024,0.9513622,4867.927,57.663525,507.69733,67.63449,199.48654,131.81776,0.014695941,9.565697,73362.07,DICTIONARYBRUTEFORCE
32.8687,4.6195507,127.564835,14566.629,-0.013137579,0.101552404,0.02626343,0.29777884,0.91294485,-0.0016170467,-0.018536845,6.853889,0.7059675,-0.3791581,-0.2778646,0.09539045,0.5838894,0.0074549387,-0.0211531,-0.020447161,0.18389192,0.016493458,0.99290144,-0.057583813,-0.016219283,0.051538646,0.05117324,0.08964349,0.9292642,1.0150921,-40.075684,64.82245,1164.3556,411.41113,485.3259,407.04984,0.0030023248,8.25087,375330.4,DICTIONARYBRUTEFORCE
29.72499,5.4152584,107.524796,-1831.772,0.006101532,0.20250802,0.007299692,0.4891312,0.7564942,-3.1391392e-06,0.007640782,7.782079,2.0118182,-0.072692245,-0.031693943,0.11304081,0.091539025,0.0650553,0.005323598,0.071101956,0.13286498,0.00956016,0.97385097,0.062207878,0.008433665,-0.028229717,-0.04506667,-0.0014627352,1.0256287,1.0202415,-1973.5366,70.26863,304.37405,103.91557,87.50831,130.8033,0.0033215927,11.092125,1719.2891,DICTIONARYBRUTEFORCE
35.963234,4.4410734,89.51513,3145.896,0.050270386,0.053521782,0.017696857,0.12150681,1.0764476,-0.032171123,0.034573104,10.366309,0.7095146,0.024745584,0.0344563,0.14898372,0.69552994,-0.015879778,-0.02281303,-0.046093732,0.12938358,-0.0058259396,1.1182511,-0.1324042,0.020908125,0.01266986,-0.013859255,-0.017152835,1.004784,0.99757004,8858.443,65.58265,1604.7985,720.1668,629.1349,740.12976,0.0028924698,11.853355,439877.44,DICTIONARYBRUTEFORCE
31.402187,4.593859,120.30167,86.00098,0.0681825,0.14984648,0.01961697,0.2647449,0.9146531,0.0014243432,-0.040178083,10.58375,1.490371,-0.14768133,0.0161772,0.019534577,0.48194057,0.06264578,-0.014879189,-0.035086177,0.10752038,-0.02445515,0.9513265,0.02145747,0.055273626,0.008231357,-0.030956378,0.027322594,0.9685318,0.9533932,-6200.198,64.112045,1046.2842,203.24805,326.4953,227.8865,0.016698787,1.583725,138894.4,DICTIONARYBRUTEFORCE
21.187237,9.482943,125.45438,947.5176,0.052553307,0.13106373,-0.0510811,0.30369887,0.47002587,-0.006741276,-0.023582194,3.7433672,1.2211485,0.42703265,-0.0366345,-0.019886691,0.24623986,0.1437242,0.031445168,0.017740559,0.12450348,-0.022937683,0.5659989,0.40533584,-0.010858376,-0.008394373,-0.017449707,-0.02338819,1.0143323,0.998807,1645.2017,64.01975,339.0813,77.72006,77.44022,86.01242,0.014391232,10.580597,3232.535,DICTIONARYBRUTEFORCE
25.66178,5.8366404,74.55112,10093.675,0.1127728,0.1492389,0.06473188,0.07779708,0.6649121,-0.017094957,-0.011145026,5.2126317,1.6288215,0.68192995,0.51743007,0.14577271,0.04694882,0.059511546,-0.01148438,0.0017150166,0.15058391,-0.050082132,0.7664329,0.121793374,0.004631602,0.056358173,0.023300413,-0.0002273079,0.9318433,0.96052504,459.0874,59.969574,-57.296967,60.20193,-24.824383,67.86035,0.00781998,11.764938,-33089.805,DICTIONARYBRUTEFORCE
20.147532,9.650908,96.13,-4538.5913,-0.015915824,0.114534095,0.029306088,0.14887589,0.42543584,0.019520491,-0.012309995,5.2173944,1.1411155,-0.18282226,0.00095574185,-0.004718262,0.34031722,0.11812015,-0.0055557163,0.055580333,0.07837511,0.0022159563,0.585597,0.3759777,-0.015764859,0.06467949,-0.013547277,0.0040235,0.9939099,0.97060406,2041.4849,62.085052,229.68512,107.79365,74.11181,119.96925,0.011621398,18.745323,2940.654,DICTIONARYBRUTEFORCE
27.33619,5.009911,129.81372,-1865.6597,0.025804866,0.1939498,-0.02130634,0.41097853,0.71316683,0.006734025,-0.02611949,7.0463867,1.9157419,-0.13532159,0.07975436,-0.006233421,0.40923482,0.09661053,0.01011561,-0.0068129506,0.1381942,-0.0514995,0.8589228,0.11487971,-0.010780187,0.06211039,-0.026915139,-0.017305486,0.99666184,0.96105635,2109.292,64.63371,700.4586,226.4028,247.0199,287.27768,0.02267704,4.924614,79200.54,DICTIONARYBRUTEFORCE
24.294712,7.285781,106.23566,571.0842,0.08003167,0.034620967,-0.0072754123,0.3382103,0.70916426,-0.012254984,0.0018629408,6.000613,0.19717854,0.9362637,0.05808918,0.017501349,0.3227895,0.06732485,0.010626236,0.047790796,0.11053744,0.010627442,0.748373,0.19659607,0.0019491068,0.01664016,-0.026009351,-0.046405487,1.0167917,0.99428546,1887.2759,60.962925,237.23074,71.611305,50.927994,63.800247,0.0048302165,12.880646,-4380.526,DICTIONARYBRUTEFORCE
29.54517,4.54102,89.955505,4822.229,0.13799687,0.0070359195,0.022128135,0.3283366,0.90987194,-0.007153424,0.01101201,9.020049,0.018001644,1.806835,0.028394368,0.209959,0.17776965,0.04636719,0.0125803435,-0.0022772234,0.13502942,-0.03644124,0.91341406,0.022968236,0.008296421,0.06067264,-0.004307688,-0.03699657,0.9920077,0.99269974,35.841797,63.43895,373.13223,114.046875,88.686356,120.52841,0.0072693974,13.290466,7036.4795,DICTIONARYBRUTEFORCE
33.211407,4.3760543,101.36452,1769.5857,-0.01476853,0.24910887,0.050630644,0.16891392,0.816824,-0.028480157,0.023523632,8.376521,2.3354406,-0.16199516,0.20365226,0.11353686,0.4208602,0.0848519,-0.021532997,0.031840246,0.14192018,-0.016250202,1.0119882,-0.06341036,0.009162667,0.0047872346,-0.037704214,0.029178487,0.99600726,0.98547816,-1647.9375,72.293724,753.9818,140.5154,211.60086,155.22171,0.008326813,3.8205109,77777.805,DICTIONARYBRUTEFORCE
27.187439,6.7363915,97.60027,503.15674,0.011223377,0.41156957,-0.007374894,0.28288057,0.4683299,-0.028805247,-0.007049988,5.639949,3.6273508,-0.09219682,0.006464608,-0.005824417,0.28115472,0.11673471,0.02730754,-0.011960123,0.13436538,-0.054773837,0.75617754,0.20189986,0.0036750967,-0.01408366,-0.007568751,0.00823114,1.0361984,0.9951954,701.3203,71.33355,1176.9194,346.27075,412.10507,378.67645,0.013011825,5.234688,225736.08,DICTIONARYBRUTEFORCE
22.182743,6.443435,134.48978,2128.3354,0.10009288,0.019062214,-0.028395094,0.45535746,0.69967425,-0.021697983,-0.011370768,7.444189,0.5637706,0.87727296,0.005243253,-0.038633842,0.22391036,0.09108356,-0.032435838,0.018393071,0.11633574,-0.026821401,0.69884294,0.24594714,0.01937916,0.042982884,0.0031526852,0.022131419,1.004976,0.99728817,3415.4116,59.47054,620.00696,214.57404,186.67984,223.43408,0.016914101,4.977936,52653.934,DICTIONARYBRUTEFORCE
26.38074,4.259244,122.5833,-650.5322,0.04134593,0.030200532,0.079769686,0.3309717,0.90975845,-0.031907365,-0.00439903,11.884985,0.8404988,0.10196437,0.69696164,0.13698778,0.12707518,0.06309533,0.003867047,0.07753438,0.12905902,-0.055944316,0.9445759,0.00064053386,-0.00487498,0.07229334,-0.0077510574,0.0020616036,0.9356974,0.9193348,-1709.6724,58.773895,66.40102,81.37132,48.50721,57.590275,0.0104045905,6.601288,-16330.378,DICTIONARYBRUTEFORCE
23.218777,8.0822,125.52022,6651.882,0.07435542,0.14411865,0.013480412,0.09744231,0.58215344,-0.0012343645,0.0031893514,5.2710896,1.475503,-0.022002244,-0.033302594,-0.07062125,0.39254236,0.090042956,0.0032933708,-0.0019199308,0.103943706,-0.051511396,0.70874256,0.23807853,-0.004029339,0.025012253,0.010745129,0.0353128,0.96891475,0.9973424,-1551.9448,58.94662,213.93472,76.74927,52.71093,78.704926,0.005566872,8.91153,3647.3608,DICTIONARYBRUTEFORCE
29.775845,4.6232843,99.37278,613.9331,0.098697625,0.032897264,-0.016521325,0.2910009,0.9113352,0.006669709,-0.0059409486,9.536494,0.611516,2.190088,-0.09113774,0.053740833,0.58932614,0.054382242,0.018619819,0.007818112,0.13406469,-0.0049910555,0.9085415,0.0222412,0.036922857,0.047018036,-0.036352146,-0.025612641,0.94985574,0.9442895,57.824707,61.3901,724.7339,104.88478,248.60416,120.27705,0.01547295,11.548996,106085.4,DICTIONARYBRUTEFORCE
16.793215,9.751901,90.68691,-1162.9834,0.08852545,-0.012823596,0.075345844,0.23691426,0.48798606,-0.039411336,0.010153852,3.6822882,-0.572637,1.7568504,2.024842,-0.021440815,0.18663731,0.044326812,-0.00829433,-0.0065782666,0.1178781,-0.031734563,0.4953537,0.4471066,0.00093764625,0.016863795,-9.659212e-05,-0.04848441,1.0539061,1.0184515,12053.219,62.60207,699.3253,352.91003,208.98349,356.34705,0.007040942,15.380844,64698.094,DICTIONARYBRUTEFORCE
27.653765,3.1000633,102.4207,1636.1746,0.11211444,0.10122056,-0.004902859,0.19153981,0.876423,-0.018776644,0.004499587,9.48634,1.986285,1.229295,0.124445446,0.17982276,0.15408154,0.10500877,-0.0043712603,-0.04178816,0.18831399,0.0019790232,0.85446084,0.04109565,-0.0075316248,0.076684035,0.009787985,-0.045112036,0.92650163,0.93272936,-3588.999,61.963253,727.1739,133.8246,219.83163,187.58981,0.020854719,3.1227493,88454.2,DICTIONARYBRUTEFORCE
29.00019,6.181943,135.79169,-2929.084,-0.006509619,0.12080441,0.021590153,0.3342038,0.7987732,0.051768646,-0.02050231,7.4448943,1.1833782,-0.3801853,-0.06074559,-0.18643783,1.0106751,0.025754549,-0.025770586,0.025784113,0.09048784,-0.09086631,0.942184,0.05819766,0.024016278,0.05786218,-0.023235098,0.04828913,0.9764228,0.9984716,-922.5093,63.135986,449.62988,159.72952,151.29407,183.19276,0.011160233,12.251663,25792.602,DICTIONARYBRUTEFORCE
29.4906,4.592692,100.74756,1280.8169,-0.0114141675,0.1363904,0.016496556,0.4473876,0.8676067,0.02040144,0.025588706,8.24797,1.2450267,-0.24221666,0.019182408,0.08898939,0.36595634,0.019610066,-0.028398294,0.051526226,0.12598293,-0.0124995075,1.0177653,-0.03726056,0.006204848,0.07840242,-0.0016766833,4.3986365e-05,0.94499487,0.9687797,-2023.1562,62.291992,485.23105,224.24374,151.9704,218.6278,0.009080359,6.4029465,26157.627,DICTIONARYBRUTEFORCE
28.339878,4.1129026,72.86624,1724.0605,0.058593743,0.0038426772,0.0031772093,0.37809718,0.8210785,-0.00050215167,0.008533955,7.9124346,-0.04216513,0.25679228,0.008063353,0.08391655,0.29481837,0.06274412,0.011409662,0.024072213,0.12444362,-0.01040107,0.8132713,0.07573341,-0.05853872,0.09219315,0.010646688,-0.058615737,0.96554637,0.95481384,57.821777,65.92035,585.0689,159.55972,212.14899,179.72812,0.02122654,10.688896,93267.38,DICTIONARYBRUTEFORCE
28.410557,4.6307526,66.75273,-8638.857,0.02766268,0.20163809,0.057605892,0.30603775,0.7687762,0.019746479,0.00078617595,8.637205,2.1841292,-0.081257075,0.29589704,-0.006303289,0.47561947,0.07996787,-0.0009061117,0.018446324,0.15492083,0.0010920735,0.94541883,0.0049415,0.015825175,0.06686829,-0.021154352,-0.018531842,0.9458438,0.93383193,-519.4136,62.275085,413.06067,90.16515,133.56543,121.68195,0.008116979,10.40757,28173.514,DICTIONARYBRUTEFORCE
17.376123,11.448801,99.57834,572.83057,0.04134904,0.01670505,-0.036290508,0.2295659,0.43745777,-0.051285885,-0.05837873,2.97586,-0.15567762,0.5371484,-0.009350124,-0.09596526,0.20372973,0.11201758,-0.033722006,0.010813795,0.15805459,-0.0029987702,0.3648336,0.56332785,-0.0037406688,0.07643153,0.020103363,-0.03490017,0.979071,0.98108095,-59.131836,63.24778,383.86182,71.19317,107.19269,103.19145,0.018559672,8.316612,8064.88,DICTIONARYBRUTEFORCE
37.15931,4.0490093,64.97773,220.57617,-0.0006552879,0.079271905,0.0053972867,-0.0146108745,0.97273964,0.023026085,0.02411864,8.025736,1.1588862,0.0018595718,-0.102151215,0.014342565,0.87065953,0.06440674,-0.004557823,0.042982887,0.05812008,-0.028754551,1.0422518,-0.0653224,0.035483442,-0.024842568,0.0013501383,0.03688466,0.94212985,0.96011364,11819.375,132.93805,1998.5594,1117.7932,674.8417,1135.3253,0.008054545,10.399414,493340.4,DICTIONARYBRUTEFORCE
24.404716,7.980557,67.54086,2571.3127,0.0011147279,0.02463342,0.033117287,0.024347683,0.68087465,0.020029627,0.03501388,4.5304394,0.9147329,-0.24121024,-0.0041487813,-0.28153178,0.81944984,0.03687397,-0.009474926,0.052529793,0.12261395,-0.043087535,0.7380017,0.26080918,-0.0025877496,0.09613241,-0.01793835,0.04126711,1.0045967,0.9411526,-2466.3096,61.71462,265.63913,314.40848,77.85243,287.70007,0.008705014,3.9372177,20673.1,DICTIONARYBRUTEFORCE
23.105614,6.26192,61.01658,24451.33,0.078428455,0.19726211,-0.015139384,0.3117286,0.610234,0.0030632694,-0.02233852,4.9257293,1.6041927,0.12671666,0.11989422,0.07460975,0.047884144,0.03349477,0.003995076,0.018909013,0.17618822,-0.008399509,0.7687191,0.14821059,-0.0018191431,0.057893224,0.006651734,-0.041452885,0.90674245,0.9227787,439.42822,57.686565,273.70203,121.6567,88.5989,175.32227,0.013638111,5.833153,11596.3125,DICTIONARYBRUTEFORCE
20.362032,9.835813,84.02577,-10215.531,0.01162107,0.071765535,0.008246123,0.16938585,0.5044862,0.03170077,-0.050397985,5.7161865,1.2778714,1.0685768,-0.09250659,-0.12201856,0.35343912,0.13589217,-0.041620538,-0.07588963,0.1308007,-0.05374905,0.47071046,0.46569252,-0.002498927,0.07972786,0.025402956,-0.0665341,0.9989784,1.0219009,3817.881,65.61601,1184.5802,312.8442,423.6315,292.6456,0.015888564,5.9316025,228728.28,DICTIONARYBRUTEFORCE
21.030838,11.222869,86.56189,1216.3787,0.052983917,0.03928373,-0.051320948,0.13742903,0.46307606,-0.0047962833,-0.03661389,3.6984594,0.5568639,1.0084938,0.035768785,-0.26538554,0.7345304,0.10223922,-0.028701738,-0.009300685,0.16641982,-0.03431543,0.47416043,0.49559706,0.026744798,0.062136766,-0.0086989105,-0.03920047,1.0146918,0.983122,2672.2712,63.70228,154.56583,123.22936,87.20376,154.06277,0.018816581,10.804352,12030.923,DICTIONARYBRUTEFORCE
29.489145,4.801303,114.296265,8928.816,0.041569233,0.14945288,-0.034050792,0.26822627,0.7380902,0.017789185,-0.01593617,7.6638684,0.97773045,-0.038128726,0.031603176,0.004567518,0.5994558,0.07476753,0.024005834,0.0017095683,0.1297748,0.00026348513,0.8444027,0.11333953,-0.016308252,0.038145114,-0.020388205,-0.010166503,0.9811997,0.96502674,1606.1108,62.71695,533.87213,83.05236,152.07864,114.27173,0.019310543,4.0629807,92351.53,DICTIONARYBRUTEFORCE
29.248291,5.8730245,97.532196,-3573.9443,0.10178104,0.012440823,0.025512163,0.2467774,0.89985806,-0.044146545,-0.043851923,10.439384,0.48697785,1.7886288,-0.08151257,0.021848898,0.32792917,0.035591822,-0.018662684,-0.056066103,0.15426816,0.027665567,0.8190663,0.11805958,-0.00042513013,-0.040553033,0.00883113,-0.08157053,1.0095243,1.0122424,3285.5754,65.4099,1224.2483,384.26614,461.89703,393.26053,0.009986802,7.2279053,263977.3,DICTIONARYBRUTEFORCE
23.43737,6.918751,71.95946,91779.74,-0.019893471,0.053477835,-0.05627033,0.25260317,0.64965475,-0.017151348,-0.067904495,3.8099632,0.99378407,0.1982961,-0.29896384,-0.06682768,0.069816045,0.025596777,0.006322982,0.004852554,0.038673628,-0.042633113,0.6695314,0.22052805,0.03560249,0.013406526,-0.043539047,-0.036893956,0.9821397,0.91886973,-6623.4355,116.38251,363.39197,397.39233,57.11574,426.98727,0.014150061,12.7517395,-6532.416,DICTIONARYBRUTEFORCE
27.226562,7.256531,74.45405,1135.884,0.017814074,0.0848561,-0.004279611,0.31910393,0.7021247,0.033991236,0.047497485,6.945132,0.7589615,-0.06837467,-0.12521191,0.18802768,0.035463337,0.074067645,-0.010090823,0.03660651,0.12339911,-0.012302435,0.7869829,0.1613941,-0.010444535,0.036397047,0.010845083,0.00020507723,1.0043722,0.9875354,-1372.3682,68.26698,324.28555,108.94558,118.26597,123.52182,0.005341219,11.988068,7396.3516,DICTIONARYBRUTEFORCE
27.710247,4.706285,108.31926,-458.4077,0.07126569,0.14092277,0.035575733,0.0380405,0.7666355,-0.03998213,0.01338795,8.030062,1.6906271,0.6222008,-0.01615725,0.1691422,0.19365157,0.08948794,0.035598107,-0.004483792,0.12317102,-0.011238506,0.8929033,0.049637258,0.013454633,0.028653767,-0.005139094,-0.016540602,0.9808529,0.9605192,99.48096,61.798046,561.135,103.05894,201.96179,110.86285,0.008264022,11.135101,88097.02,DICTIONARYBRUTEFORCE
25.302166,4.39213,93.42893,-1598.3398,0.03023848,0.15443335,-0.0021217763,0.16008283,0.6807692,0.04492825,0.0105601745,6.700739,1.677263,0.25545657,0.10899403,0.050617732,0.39325052,0.092926286,0.003131763,0.016418856,0.14348367,-0.008065769,0.74260974,0.15056686,-0.007884141,0.122350045,-0.011537423,-0.046401575,0.963883,0.951794,-136.29395,61.566597,320.32532,75.28133,107.634254,133.76804,0.025277944,2.4998016,34728.727,DICTIONARYBRUTEFORCE
25.97258,4.928521,88.001686,7293.1787,0.0787254,0.109377936,0.12708643,0.14157727,0.76035225,0.0007863721,-0.005493432,5.98235,1.3683708,0.255288,1.5993536,0.21147871,0.029968455,0.074903116,-0.037664033,0.022914134,0.12906662,-0.029023677,0.85380566,0.083796926,-0.039974075,0.09362213,0.040415518,-0.027287027,0.9783203,0.99810654,433.25244,62.630867,675.0243,322.0721,210.7555,284.44574,0.012380223,6.1021576,79146.305,DICTIONARYBRUTEFORCE
24.143469,6.2454376,100.98495,-335.58545,0.14007466,-0.045949277,0.017074034,0.1729648,0.7949295,0.04500016,-0.013494524,9.332338,-0.6439188,1.044945,0.06597106,-0.10880779,0.6711158,0.0007798569,-0.033083346,0.021639574,0.07327641,-0.014935538,0.72738206,0.19697307,0.008822753,0.083520606,0.0015695859,-0.03232198,0.94197094,0.8889941,-3099.4795,61.337807,-119.40393,56.945343,-28.71098,64.01209,0.024866732,5.4897385,-45819.19,DICTIONARYBRUTEFORCE
25.302418,6.075636,97.98939,-1008.2407,0.04566587,0.011792869,0.04430059,0.23750405,0.8007242,0.00019206142,0.00027470523,8.8727455,0.0736203,0.4007506,0.30760247,0.13794339,0.06792598,0.042827904,0.026362348,0.06599383,0.13160573,0.0010106759,0.8354699,0.109352104,0.0073196036,0.040245265,-0.033093058,-0.032158457,0.98566717,0.9829293,-1481.3315,61.553085,273.42285,31.180801,86.82942,50.96546,0.0033162634,14.249702,4962.932,DICTIONARYBRUTEFORCE
18.699839,10.205421,112.97929,-6268.4253,-0.0011955667,0.0672985,0.05575017,0.14838825,0.49107328,0.03641688,-0.018360151,4.4478703,0.6994834,0.04597347,0.5635501,0.06405582,0.07942637,0.1337395,-0.008470965,0.05145853,0.11499569,-0.020737354,0.5574783,0.4358457,-0.0012657233,0.017290197,-0.013696214,0.016237997,1.0072874,0.99071556,981.39404,67.07109,283.34866,117.63865,69.113434,147.53085,0.009447196,12.569862,-16043.914,DICTIONARYBRUTEFORCE
25.610916,8.219363,90.71441,67596.98,0.029055245,-0.016825454,0.025011092,0.098664045,0.75074816,-0.03185799,0.0010417821,6.3457756,-0.33823645,0.04427746,0.0928556,-0.16157982,0.7559849,0.05451142,-0.015002007,0.04437052,0.082237534,-0.07988815,0.72725254,0.20960484,0.0027492293,0.07079599,-0.0047248555,0.010603055,1.0183765,0.9911576,3016.857,64.09144,66.195206,101.113,34.26615,87.915565,0.008418771,12.931549,1215.3245,DICTIONARYBRUTEFORCE
23.528141,6.275854,122.76643,5942.168,0.065839596,0.013640197,0.045376815,0.10602911,0.7875501,-0.07140902,-0.015851289,8.054651,0.37691388,0.6876799,0.92193866,0.07491124,0.078006394,0.05150054,0.00420311,0.01690306,0.14367881,-0.034390777,0.7711013,0.13300855,-0.0059436285,0.061715312,0.022179522,-0.017282669,0.99381393,0.95658135,1297.2539,58.967392,124.46265,27.194672,35.84211,21.093803,0.010253347,7.4953537,-6637.6216,DICTIONARYBRUTEFORCE
28.797462,4.3131466,98.96416,1486.352,0.08831549,0.107286885,0.062811606,0.31311947,0.8925138,-0.01721482,0.004207946,11.8214445,1.3391013,0.76395607,1.1062768,0.12917338,0.25067905,0.057725012,0.0030417275,0.021758828,0.11662646,-0.03552162,0.9741208,-0.018865412,0.024041196,0.03091918,-0.024898447,-0.0232812,0.95513016,0.9491665,-2082.8364,61.57717,282.85516,77.09067,72.372986,79.485504,0.010888193,12.06002,-765.0784,DICTIONARYBRUTEFORCE
16.4091,10.752889,106.157295,-1657.5991,0.03208235,0.104613245,-0.010900972,0.200295,0.38006616,0.0061004334,-0.022521086,3.455485,0.9295051,-0.098719895,0.14203617,-0.030812327,0.17505294,0.12847024,-0.021741092,0.026000766,0.1126717,-0.06510523,0.43779445,0.48702374,0.007333343,0.07632867,0.013106141,0.005000597,0.9802121,0.9981517,3234.3276,60.486263,320.8746,147.09097,84.08893,176.28726,0.01685688,11.005257,9489.111,DICTIONARYBRUTEFORCE
30.422802,5.7247305,98.4805,-1329.373,0.0037905015,0.12113869,-0.00575511,0.2327524,0.8351367,-0.011764053,-0.017166428,8.434942,1.6529753,-0.08117828,-0.07665889,-0.142792,0.8154902,0.09335556,0.003204248,0.0022310019,0.11603717,-0.050291028,0.9003383,0.09673984,0.05040405,0.021004537,-0.016301522,-0.014377207,1.0153215,0.99862945,-4569.8604,67.11711,1276.3977,264.0664,457.81476,296.1062,0.01104577,10.755234,231737.67,DICTIONARYBRUTEFORCE
25.92017,6.827506,60.692387,77046.54,0.069867454,0.48557672,-0.020079609,0.025847247,0.41639534,-0.0071606324,-0.037736796,3.43828,4.7895,0.064961664,-0.04783526,0.0017694291,0.07411256,0.023840543,0.04096114,0.007010442,0.13458334,0.00026113354,0.755569,0.16747686,0.011607012,-0.00038283644,-0.017586676,-0.028456114,1.0256966,0.97436327,-746.54297,63.816143,564.022,150.359,205.93561,198.4606,0.005084788,8.568024,93537.84,DICTIONARYBRUTEFORCE
24.244677,6.226545,125.73143,-1706.1509,-0.013059702,0.072625756,0.03430652,0.06051303,0.7148922,0.006721551,0.0052647875,6.377344,0.81066126,-0.14322725,0.09971476,-0.033907026,0.51802534,0.06659263,0.01342637,0.035017222,0.08245847,-0.009912703,0.7962085,0.15898709,0.018675331,0.07631478,-0.010660318,0.0011935085,0.96227086,0.9415196,87.37402,61.538357,270.19086,111.79136,93.35599,114.34777,0.010724881,9.642502,13830.561,DICTIONARYBRUTEFORCE
19.886488,8.668983,90.37477,-816.8169,0.018541783,0.022274816,-0.01908486,0.34798023,0.5251096,0.021244254,0.00791561,4.8482857,0.32487583,-0.122603044,-0.030672416,0.010215383,0.20756857,0.0860871,-0.016434524,0.06092345,0.07589253,-0.027460009,0.602329,0.36675337,-0.0038064853,0.092607215,-0.011145695,-0.033741683,0.947746,0.96873367,-3442.9023,59.513634,425.23312,130.15091,125.16152,147.5605,0.015356302,12.393188,14653.507,DICTIONARYBRUTEFORCE
25.06634,8.122615,72.90292,38898.703,0.036673807,0.009275136,-0.008166655,-0.06743597,0.7400799,-0.059693824,0.015261211,8.213893,0.91757226,-0.11625589,0.03171676,-0.124563694,0.6775132,0.08832026,0.055685338,-0.00479809,0.116162315,-0.018288843,0.70556974,0.2318729,0.014035623,0.10564671,-0.014394622,-0.032141253,1.0108199,0.92410934,1565.0298,61.30188,458.80426,316.75027,152.78665,350.60748,0.0104728965,1.15522,50389.293,DICTIONARYBRUTEFORCE
24.579052,7.659089,81.53737,2664.7393,0.0076887566,0.21988986,0.011928323,0.14730878,0.48395216,0.04344705,0.033629365,3.9771676,1.7080282,-0.1680139,0.056339607,0.03681803,0.35276273,0.09181021,0.030658599,0.031136496,0.08225852,-0.051405746,0.66739196,0.24049054,-0.043777484,0.05729869,0.0019234698,0.011236504,0.9856952,0.98098785,2362.0232,82.27539,281.62708,188.60988,77.005974,202.56381,0.014572096,11.625862,14043.815,DICTIONARYBRUTEFORCE
24.183552,8.602457,71.40535,1092.4663,0.04074741,0.14586683,0.0014831126,0.4246436,0.5828156,0.0042966097,-0.017864237,4.6137295,1.1914505,0.06603813,-0.042601965,-0.017124996,0.27982295,0.070828654,-0.004526116,0.04235079,0.14900836,-0.011920965,0.7264155,0.26484177,-0.00064703636,0.012127218,-0.0026732124,0.0049761217,0.99409425,0.9936836,357.79443,61.48545,94.60921,93.85471,13.817429,124.215805,0.007042711,10.959084,-28679.28,DICTIONARYBRUTEFORCE
25.604324,6.1590548,110.924225,1926.6877,0.02388484,0.033896584,0.01723317,0.26940957,0.80962616,-0.013843044,0.034820896,7.1470485,0.32083526,-0.07197604,0.02271235,0.13533069,0.26414347,0.019275494,-0.002792324,-0.012063956,0.14211234,-0.0197477,0.83189404,0.10965516,-0.009826377,0.015539053,0.023974597,-0.016441463,1.0360823,0.9933961,6702.4526,59.33719,1148.6997,462.51224,470.66577,456.86047,0.002381811,10.220383,254850.03,DICTIONARYBRUTEFORCE
20.107473,8.467789,99.54176,-967.8462,0.02988679,0.03681253,-0.01601028,0.2976663,0.55741245,0.019427944,-0.022149302,5.383785,0.4747172,-0.11131419,4.319474e-05,-0.2106081,0.5953893,0.071511455,-0.016081205,-0.032031048,0.1190693,-0.06508658,0.57861924,0.3812382,0.0019124197,0.08355746,-0.01956363,-0.018072106,0.9867637,0.9754174,3397.802,59.44026,893.3008,295.7967,301.0496,346.5767,0.019176526,7.6574326,129922.2,DICTIONARYBRUTEFORCE
27.066086,7.4710054,89.59605,654.97485,0.030272473,0.2734869,0.013237905,0.1824757,0.5657547,-0.019747663,-0.022026403,5.207792,2.4590847,-0.11211862,-0.06637901,0.038095992,0.44408885,0.099158816,0.01967364,-0.008999048,0.14789192,0.0028688554,0.80225956,0.18903433,0.0027429964,-0.00240352,-0.03409955,-0.035974428,1.036851,0.99474686,1562.6333,65.73439,1243.4868,261.8782,425.87878,311.53247,0.011154168,11.304764,248153.56,DICTIONARYBRUTEFORCE
21.633781,7.141842,75.70121,4946.2207,0.034093328,-0.011002441,-0.011003268,0.055670775,0.62524587,-0.016833736,0.025787033,5.0209146,-0.47561526,-0.09008206,0.004510153,0.0056018215,0.44589478,0.059588257,0.027020782,-0.01165511,0.07499534,-0.019259542,0.6503193,0.28672394,-0.042433087,0.10470711,0.007253503,-0.016713409,0.9580825,0.9234124,4303.216,59.412575,742.70026,295.47968,294.89996,314.70285,0.01713564,8.958893,145758.78,DICTIONARYBRUTEFORCE
22.143835,6.697503,127.943855,1935.094,0.046532393,-0.0055775647,0.05165443,0.29160658,0.76202184,-0.0072409343,0.0013307598,6.355139,-0.24619648,-0.016186466,1.2928944,0.003787852,0.23194824,0.03354283,-0.022601247,0.050246745,0.13082287,-0.032830432,0.71800005,0.17014164,-0.017203381,0.081577405,0.014090965,0.009613688,0.98860854,0.9829484,9418.337,60.40794,112.815994,148.84232,33.080055,122.569595,0.0135420505,7.2273865,-1580.8921,DICTIONARYBRUTEFORCE
24.918964,6.267765,93.91307,-1250.6982,0.107473865,0.069219016,0.031553198,0.1775027,0.73674625,-0.026323974,0.035525024,6.240955,0.7209274,1.4851458,0.28585312,0.12227087,0.2385133,0.082775794,0.007369178,-0.0068891514,0.14234155,-0.012079239,0.7635318,0.16177087,0.005694998,0.031232608,-0.010566119,-0.02900468,0.9936028,0.9754743,2469.8713,62.209282,508.10895,125.43312,168.13477,138.05267,0.0084743295,12.586189,51241.24,DICTIONARYBRUTEFORCE
28.972168,6.0762815,70.889534,24132.188,0.050569497,0.11310984,0.005773739,0.48785624,0.8080796,0.058809053,0.029934552,8.354227,1.3335602,0.0063400716,-0.005809311,-0.052379448,0.30477536,0.055375922,-0.034802105,-0.029057428,0.14300062,-0.07180461,0.9201049,0.09596162,0.024579206,0.07543794,-0.027990501,-0.012055867,1.0063021,1.0082093,-2325.6094,62.268745,529.2129,304.80273,131.99554,328.25397,0.003563484,6.888962,12348.834,DICTIONARYBRUTEFORCE
19.34281,9.416994,117.53491,-4792.5405,0.0054685026,0.004544686,0.04838491,0.12143373,0.6279913,-0.02369418,-0.0045479066,6.9674263,0.3288269,0.40784496,-0.031922378,-0.019159613,0.20607825,0.048829786,-0.015589554,-0.00817154,0.13023211,-0.009851543,0.6175152,0.37771013,0.0004335749,0.009794951,-0.022253513,-0.06869599,1.0529597,1.0041355,5455.963,59.53626,1158.7432,394.9177,407.137,426.93427,0.0028827146,8.142807,178662.83,DICTIONARYBRUTEFORCE
22.49988,6.8612337,139.7235,1198.2708,0.035184454,0.042299807,-0.012099906,0.0904956,0.62929153,-0.037310008,-0.0058048777,4.7756763,0.2932349,-0.20960958,0.011747143,0.019352933,0.22322074,0.04280865,0.038051527,-0.03442936,0.090341605,0.008849505,0.6470848,0.20730321,-0.023907516,0.09390961,0.05233843,-0.007857596,0.9450915,0.8981818,2244.9978,60.369003,268.99835,189.69617,124.76522,194.48413,0.027937759,5.437233,40079.723,DICTIONARYBRUTEFORCE
26.89553,5.7850127,93.52207,34802.21,0.045856647,0.12681878,-0.021009732,0.47942406,0.65844196,-0.0099107055,0.007911322,6.5411606,0.7640293,-0.10896592,-0.08666769,0.057708092,0.3261054,0.0694619,-0.02370367,0.03204051,0.12349739,0.021219429,0.791292,0.1907291,0.020688538,0.029313749,0.0102654835,-0.01729257,0.9595244,0.977568,6798.5303,60.051632,1332.6251,398.02188,490.7568,455.38443,0.01911452,7.800438,378740.9,DICTIONARYBRUTEFORCE
29.26322,4.6851034,85.32622,1615.521,0.07562806,0.09718,0.016843744,0.6629052,0.9036343,0.0018338795,-0.00075477175,9.820078,1.363131,0.476811,0.11263199,0.11852793,0.056519754,0.06350829,-0.04165463,0.0033407891,0.1567717,-0.057606813,0.9588924,0.014092948,0.012708112,0.062218294,-0.019871553,0.0027525984,0.9642541,0.9887309,2372.2266,61.90661,516.45337,208.36575,162.27347,224.49344,0.0129389,4.3538513,27742.512,DICTIONARYBRUTEFORCE
20.977627,9.391547,121.57803,-3802.061,0.04153589,0.07361036,-0.0180481,0.31796324,0.56027937,-0.012847122,0.0074145985,5.1309223,0.8113017,0.75456804,-0.043124214,-0.19705614,0.53159755,0.101459935,-0.019836027,0.0018026447,0.12046706,-0.017955305,0.611965,0.3990585,-0.0170401,-0.0001838454,-0.01590553,-0.02346916,1.049368,1.0050633,3417.6936,65.76356,960.96454,286.49765,354.76035,302.3181,0.0062763533,10.76918,151775.6,DICTIONARYBRUTEFORCE
25.895452,3.9077897,75.66801,1283.6404,0.0135717,0.091281064,0.020105701,0.29515877,0.76968384,0.040960122,0.022153351,9.06739,1.3142182,-0.43261632,-0.06459074,-0.0035525206,0.5458656,-0.004257015,0.02914299,0.014390491,0.10688384,-0.01954131,0.85247153,0.045231916,-0.031456694,0.12955315,-0.0068048434,-0.042523555,0.93810534,0.8453455,-5648.508,58.55534,449.65436,183.54938,128.25267,221.94754,0.02368103,7.863312,21887.004,DICTIONARYBRUTEFORCE
20.247375,9.22209,98.92338,-686.64844,-0.004368648,0.06371977,0.015113393,0.025302587,0.5180841,-0.004345561,0.03593392,4.05828,0.5722758,-0.076928556,0.16546449,0.07946128,0.15435635,0.09653522,0.0013206713,0.029726729,0.08747656,0.010171513,0.5927569,0.32655767,-0.004053253,0.05235374,0.0046542566,-0.023890313,0.9871786,0.9584883,1445.1309,61.16616,155.6575,62.640156,69.19408,62.464073,0.008980633,15.6612625,10883.133,DICTIONARYBRUTEFORCE
30.824127,1.7153225,79.08947,3833.8574,0.07553606,0.07882061,-0.00041605206,0.36381832,0.9655184,0.00947379,-0.023765031,13.136164,1.272201,0.7427565,0.064133584,0.068855375,0.19828814,0.027702082,-0.0013693841,0.04248358,0.15683457,-0.018890643,0.9695386,-0.060490303,0.0034750183,0.112531975,0.0002398109,-0.052013487,0.8764329,0.8581254,-5014.5527,59.90544,234.51436,88.20852,65.05582,143.76996,0.030187538,3.730072,-548.3507,DICTIONARYBRUTEFORCE
33.45572,4.8940516,81.07207,4684.6777,0.00057695433,0.26511434,0.053416733,0.14040597,0.76659364,-0.017571306,0.020657832,8.051464,2.180752,-0.16503137,-0.03630446,0.13495745,0.3503478,0.051975653,0.045782994,-0.008518886,0.10846432,-0.04922472,1.0203553,0.01149437,-0.006314475,0.018871319,-0.04753308,0.0071418,1.0296075,0.98182297,-2198.6758,64.10927,1528.7222,385.53845,582.18,450.0622,0.0032583456,4.1676865,517354.34,DICTIONARYBRUTEFORCE
26.540388,5.500107,91.22692,2632.9553,0.06893974,0.2596893,0.048616957,-0.015273935,0.58455145,-0.03061953,0.03278184,5.6328816,2.534723,0.24716395,0.08987925,0.09076218,0.25995782,0.10817829,0.008516436,0.014795905,0.06371593,0.021588095,0.8328086,0.11792865,0.034473088,0.06975173,-0.012366594,-0.028142864,0.94823825,0.9429026,-2367.8262,63.840923,355.4949,72.67585,80.66835,121.74161,0.013531393,9.04245,13641.941,DICTIONARYBRUTEFORCE
21.860775,10.051439,79.74712,-2022.6138,0.0738748,0.004277178,0.025069918,0.09523797,0.5936288,0.0041159983,0.008440774,5.1652603,-0.08360247,1.0174005,0.011696647,-0.19526726,0.74749637,0.04879478,-0.010085827,-0.0029575918,0.07595572,-0.037895504,0.6055358,0.3420088,-0.014342639,0.01942783,-0.013880849,-0.035790533,1.0406781,1.0127068,4302.1665,63.497543,682.324,307.22208,249.2886,293.45453,0.006468778,15.384666,101249.47,DICTIONARYBRUTEFORCE
27.922394,3.584139,112.50806,-461.12207,0.07272213,0.090837955,0.08423499,0.15172279,0.89029676,-0.027102947,-0.021512244,8.928031,0.73069686,0.046674006,1.4375265,-0.17055525,0.82732004,0.013532748,-0.0034701033,0.016466027,0.08474063,-0.0727932,0.9275614,-0.0055215163,0.01752288,0.11449355,-0.0885967,-0.01838464,1.000302,0.95539516,1868.9102,61.05588,305.90927,186.35315,109.753075,218.1408,0.018184086,3.8973236,27617.121,DICTIONARYBRUTEFORCE
22.277248,7.990787,86.661255,965.26587,0.064147726,0.018279562,0.14780042,0.19753054,0.64005923,0.0125246765,-0.003237878,5.3869348,0.28127468,0.24823007,1.9794781,0.15053688,0.01699643,0.07374558,-0.009647346,0.08681639,0.116257265,-0.052907955,0.7167076,0.23238376,-0.0079387175,0.06944027,-0.009558652,-0.0034986716,0.97643876,0.9657142,1612.3262,61.03609,55.23767,76.25888,11.027521,89.849915,0.008495746,16.080132,-20012.297,DICTIONARYBRUTEFORCE
28.689255,4.3307953,75.459145,6729.872,0.03105783,0.031895325,-0.008751527,0.5618338,0.77663475,0.03860095,0.0013021962,6.3183165,-0.08384782,-0.12277969,-0.1463705,0.09930753,-0.015676586,0.11150986,-0.026254509,0.06258613,0.16097322,0.00078688376,0.78594,0.12812662,-0.00719857,0.077947654,0.0028723525,-0.004299637,0.9596934,0.9908409,1521.8452,74.53095,504.14737,277.86566,174.79147,273.54742,0.021979067,0.39543152,51963.086,DICTIONARYBRUTEFORCE
22.75038,7.105668,120.40969,-3422.058,-0.008792057,0.022853844,0.1297052,0.17700012,0.8026468,-0.043381393,0.012739058,9.084467,0.8008415,0.1368313,1.7369027,0.021372465,0.1538719,0.053654857,-0.0054371404,0.0071973954,0.14860196,-0.008456594,0.8093575,0.15050033,0.0067385775,0.03372432,0.0065384666,-0.022104513,1.0117173,0.9617074,454.47803,60.53631,293.65222,129.87933,98.71003,150.34848,0.006294663,5.9591904,11321.646,DICTIONARYBRUTEFORCE
31.345694,4.2394056,86.57676,9996.987,0.09366125,0.13728611,-0.0045168516,0.20422983,0.851359,-0.025763577,-0.027813947,7.9959154,1.0900668,0.3645204,0.027307963,-0.17299315,0.9443205,0.041400805,0.010698632,0.0016906764,0.13341923,-0.07863332,0.98608816,0.018606793,0.0012671808,-0.0008777855,-0.06898363,-0.007005241,1.0010039,0.98798376,4667.865,61.632145,1401.6925,461.66547,521.1171,533.8147,0.016007526,5.694702,321409.66,DICTIONARYBRUTEFORCE
31.835226,4.2410436,128.55527,121.69629,0.0071850414,0.08395135,-0.054672774,0.28475115,0.8645616,0.0058744377,-0.025207058,8.5653305,1.3358698,-0.10725221,-0.0405322,0.011473036,0.5488305,0.095925026,0.018942801,0.043283693,0.11411675,0.009856391,0.9286026,0.057330895,0.03254907,0.008613563,0.004123333,0.03743272,0.97902566,0.9985352,205.55713,68.93459,29.479141,69.74475,8.666896,59.623486,0.009775193,6.2208633,1557.4768,DICTIONARYBRUTEFORCE
31.618458,5.060586,58.292316,3123.211,0.04019694,0.16305836,-0.019130584,0.30953363,0.79259247,0.00014040561,0.04024499,7.5315104,1.2693925,-0.010796309,-0.09177025,0.050440036,0.5064246,0.026926447,0.013681522,0.04087008,0.108481705,8.7856315e-05,0.9806854,-0.020745251,0.0054127583,0.0408959,-0.048805173,-0.003321739,0.98529863,0.96720505,-8805.446,65.74999,854.32355,122.15863,302.13654,126.03088,0.003965626,8.160019,129507.01,DICTIONARYBRUTEFORCE
21.426346,8.616798,109.64116,2593.3481,0.081024796,0.15190344,-0.013614753,0.27892017,0.49563488,-0.02888212,0.00097028445,3.9619675,1.1593262,1.4439391,0.029521517,0.047749486,0.13987945,0.113467954,0.011356572,0.011178035,0.12586735,-0.025348958,0.60309523,0.32644537,0.012860678,0.014349848,-0.020945316,-0.0307788,0.9915188,0.9756353,3286.2192,60.01209,292.1471,50.76798,65.26561,63.61396,0.010909004,9.632797,570.46674,DICTIONARYBRUTEFORCE
17.354542,10.73488,132.11758,-5954.194,-0.013660153,0.09177697,0.06117425,0.17902094,0.45305872,0.008300442,-0.029445764,4.002467,1.1829698,-0.16653213,0.50345397,-0.0046184426,0.16113032,0.106036656,-0.017424244,-0.011764135,0.115675986,-0.024218893,0.52432585,0.45779485,-0.003336058,0.025497356,-0.006202059,-0.01190653,1.045016,0.99356145,2284.4631,63.087784,528.4603,201.57153,158.20065,197.18573,0.0069474545,14.179825,23609.4,DICTIONARYBRUTEFORCE
16.193111,11.796394,85.85011,-5189.8403,-0.032800797,0.1671489,-0.014247029,0.105280474,0.2283439,0.00019511266,-0.015904877,2.730013,1.7430027,-0.23624615,-0.15625574,-0.015266664,0.0888943,0.14136499,0.021520738,0.03326078,0.12640898,0.003380091,0.38839516,0.57084966,0.016109036,0.023155663,-0.008868639,-0.027448984,0.99062806,0.9817995,-2561.3262,61.051765,660.1736,69.720146,229.60873,72.60006,0.008989803,16.799911,87562.26,DICTIONARYBRUTEFORCE
23.412626,8.004335,111.917336,170.2544,0.07992752,0.09117823,-0.003267764,0.13665567,0.6269273,-0.028475557,0.00022497261,5.5099216,1.4219508,0.7552982,-0.11426844,0.009132421,0.34100828,0.12307613,0.0062653795,0.01638964,0.10652961,-0.038070075,0.6827963,0.2879662,0.001626662,0.02620583,-0.020327142,-0.0021790247,1.0154725,0.9830179,90.45654,60.244244,689.0901,202.1474,240.84692,206.5169,0.009315158,7.796982,81683.11,DICTIONARYBRUTEFORCE
20.91904,8.682615,111.505486,302.7036,0.05195286,0.022069722,-0.03637447,0.3474474,0.5566551,0.0067726993,0.003811228,4.1205664,0.16714804,0.22578864,0.048370466,-0.073732875,0.36772582,0.08745222,0.019078104,0.04208967,0.10464593,-0.072928526,0.608751,0.35173056,-0.029789021,0.04943993,-0.0013148179,-0.006918283,0.9860464,0.954886,4149.812,59.66195,200.43665,137.9268,81.1256,173.383,0.015254953,10.670158,-1329.6943,DICTIONARYBRUTEFORCE
22.188494,7.817463,131.21432,-424.84375,0.029950524,0.017010458,-0.024017591,0.088333614,0.6500201,-0.002456619,0.006982987,7.232929,0.5174372,0.036057156,0.04351025,0.026176961,0.27499282,0.115529835,0.017934978,0.046672184,0.090106085,-0.032742165,0.6470187,0.30678347,0.0058692344,0.088380136,-0.022400849,-0.012026493,0.9700046,0.9240516,-3933.1748,60.60954,305.9854,68.473526,77.14937,72.10899,0.017534273,3.9800186,-11921.027,DICTIONARYBRUTEFORCE
27.059534,4.291065,88.66113,-437.30762,-0.0159373,0.16778065,0.09295788,0.25260994,0.8137085,0.008557893,0.017741881,8.028973,1.8231462,-0.22855075,0.8329401,0.14319329,0.18034019,0.054396324,-0.008578071,0.0053880364,0.14534803,-0.004010042,0.9436668,-0.022761777,0.009657575,0.057030343,0.004690583,-0.012924911,0.9566411,0.94613594,-917.5542,60.688103,594.8509,138.09041,198.00674,136.67833,0.008380561,9.88205,64786.92,DICTIONARYBRUTEFORCE
24.32437,5.6151924,83.3714,1538.0825,0.12644994,-0.010037342,0.13745385,0.18757915,0.75696725,-0.016970407,0.0023009884,6.0112753,-0.37697053,1.2221195,2.8139014,0.19270688,0.16740789,0.03833148,0.020283276,-0.04559595,0.16081893,-0.0034558587,0.757861,0.1557787,-0.0016196654,0.061314624,0.010341922,-0.025756877,1.0210758,0.99674773,7577.882,60.378643,969.23047,254.34454,330.11224,244.4425,0.009998632,13.420929,164045.33,DICTIONARYBRUTEFORCE
26.112995,5.604192,78.23124,2317.1274,0.030288924,-7.8871846e-05,0.11860169,0.21678801,0.8860869,0.021309316,0.008803801,19.224447,0.04872983,-0.029444302,0.8602399,0.20871611,0.08508747,-0.013716564,-0.015548706,0.056670606,0.106274046,-0.027569875,0.90991,0.03826772,-0.0124320155,0.09164859,-0.03797677,-0.02018572,0.9504179,0.96161014,-646.29834,58.43997,268.252,122.07558,83.81124,101.94124,0.0037174267,16.869629,7300.834,DICTIONARYBRUTEFORCE
25.284945,5.1361485,116.142204,-2675.0552,-0.0077366824,-0.022377634,0.041502744,0.42007205,0.92454404,-0.034287427,0.010602363,11.068463,-0.9032032,0.060611516,0.5126359,-0.018966313,0.50501263,-0.0028920174,0.007497328,0.059770722,0.112036094,-0.0046666525,0.9046911,0.05438745,-0.00058504986,0.020016901,0.011920546,-0.065161966,1.0190107,0.9699596,3501.8337,58.987858,677.22864,187.80713,203.03745,187.94196,0.004923518,10.905212,59468.188,DICTIONARYBRUTEFORCE
30.809319,6.5275016,78.81314,2253.6643,0.045061257,0.086452015,-0.030395493,0.32038936,0.7388646,0.02699665,0.034293156,7.2594175,0.96986955,0.2009994,-0.034911953,0.02887706,0.42009374,0.11850844,-0.01039381,0.016023975,0.15857247,-0.018690664,0.7607641,0.17918292,-0.013562713,-0.0042872527,-0.0003091246,0.0061924756,1.0223479,1.0208747,-2535.587,85.2966,718.11456,216.14235,230.06,215.09076,0.012711253,7.6060944,78214.05,DICTIONARYBRUTEFORCE
21.607132,10.34634,63.566948,6400.757,0.076451376,0.030174544,-0.030871777,0.3191471,0.53310835,0.009674937,-0.011256562,5.889199,0.3230147,0.3708338,-0.13541952,-0.05957266,0.2305748,0.08301996,0.01764492,0.002084137,0.13336346,-0.02588096,0.5563071,0.43172947,0.015627272,0.043678824,-0.015914334,-0.01749951,1.0048952,1.000039,-5756.7627,59.121864,865.4797,216.72934,279.2517,228.42343,0.0059266537,7.581787,107448.99,DICTIONARYBRUTEFORCE
20.46416,6.8323765,118.09265,-2683.0566,0.08848346,0.026921416,0.16668218,0.29236105,0.66949457,-0.038639933,0.010505171,5.3083844,0.25549027,1.3049989,2.8476996,0.09728551,0.03755729,0.08451848,-0.022678714,0.009816488,0.1314505,-0.020329602,0.717736,0.23125222,0.04015824,0.039451845,0.006142943,-0.018987138,0.98169297,0.967759,4676.672,62.36637,491.8311,156.12556,135.20268,142.45616,0.011142606,14.8630295,17348.797,DICTIONARYBRUTEFORCE
34.05113,3.6439388,64.48551,5600.373,0.054318417,0.027131086,0.037333045,0.17065983,1.0075573,-0.019497935,0.022637289,9.212456,0.3544039,0.06993975,-0.06754816,0.04925689,0.6061641,0.024363378,0.012288765,-0.0028650556,0.117320284,-0.023405654,1.0563074,-0.10716409,-0.015650092,0.06133361,-0.017112559,0.01985545,0.99496657,0.945745,-4282.631,65.823654,287.10242,118.29554,117.70596,122.46318,0.0036608663,8.870445,28164.99,DICTIONARYBRUTEFORCE
30.18322,2.0256493,87.97135,3898.292,0.036844347,0.2576366,-0.011119754,0.48254487,0.776432,0.0111601325,-0.033113983,8.511841,2.517105,-0.028500985,0.0137640145,0.202921,0.018736202,0.07002193,0.0028042449,0.043678053,0.15815979,-0.006642607,0.96610874,-0.03738378,0.036087412,0.0984307,0.011234874,-0.00087925233,0.93235517,0.9626976,-4507.4375,61.84236,284.48465,143.2667,93.868744,168.8753,0.019533506,0.21759796,7162.025,DICTIONARYBRUTEFORCE
24.91023,6.1047196,90.0111,3424.2153,0.024237774,0.30578077,0.13812198,0.20200954,0.5841893,0.0036685513,-0.10126622,-4.7655935,2.9644907,-0.045203924,2.185678,-0.00019271392,0.13252085,0.11170405,-0.066314,0.1560272,0.22733894,-0.029768981,0.7686733,0.0810479,-0.055686045,0.07442883,0.05617341,0.009347176,0.9356703,1.0113921,7693.496,152.83655,750.8974,920.0733,49.459682,922.49896,0.015851509,-11.49749,-15076.783,DICTIONARYBRUTEFORCE
38.67,2.5706851,88.418335,2217.9146,0.078618586,0.24152394,-0.015910247,0.4662846,0.95833445,-0.010067599,-0.012882369,11.117372,2.1885672,0.61732644,-0.10437167,0.11425036,0.52634937,0.057039917,-0.0015011057,-0.020458048,0.15873642,0.009755137,1.1825162,-0.15118927,0.053625308,-0.012079928,-0.068844154,0.024445785,0.9973978,1.0216848,-6255.203,70.15363,1194.3745,192.87578,328.37506,201.6521,0.007876599,9.686699,156309.86,DICTIONARYBRUTEFORCE
25.661299,6.0935187,79.241,2005.042,0.07125725,0.25451213,0.02250927,0.16404395,0.5822469,0.0069451258,0.047158614,4.5604086,2.3742101,0.034559503,0.12194769,0.11852187,0.10274191,0.07840839,0.0054823514,0.013931219,0.13765158,-0.014959471,0.76782644,0.16436781,-0.026039174,0.04671296,0.00059052836,0.008502993,0.95988697,0.95782006,2053.6995,61.414577,149.52576,99.775566,44.45453,119.95776,0.011314022,8.495552,-2417.8916,DICTIONARYBRUTEFORCE
25.61316,6.367956,99.37987,-371.8589,-0.009895013,0.1301925,-0.029188402,0.41285697,0.6834225,0.040757984,-0.015211375,7.29537,1.6480023,-0.19807069,-0.006111674,-0.08904389,0.4822556,0.109011896,-0.00023690518,0.0016257493,0.15839136,-0.035595093,0.7413586,0.22723757,-0.0020658225,0.04810287,0.020387752,-0.04228632,0.9813831,0.9923057,744.58936,64.8994,954.00604,264.83688,295.8423,306.4078,0.023108233,4.5541687,112398.35,DICTIONARYBRUTEFORCE
24.065266,7.855817,79.87502,-203.90039,0.029302778,-0.009513765,0.012994938,0.13689677,0.67326206,0.0016865431,0.0038820482,6.133717,-0.27577746,-0.03455072,0.042384088,-0.016073717,0.35323402,0.06470274,0.022388663,0.03143828,0.08668091,-0.03042924,0.68569386,0.2780548,-0.039116107,0.06456295,-0.005541267,0.028148409,0.9931559,0.95882595,-680.70654,64.462875,283.4439,115.602066,68.95585,113.19327,0.008752977,11.459801,4334.029,DICTIONARYBRUTEFORCE
23.569448,6.5248747,130.78842,7761.335,0.07631182,0.20491059,0.016954543,0.21085863,0.58493876,-0.0325077,-0.007562689,4.7735147,1.5985667,-0.1819335,-0.015723106,0.007665541,0.17387341,0.07869366,-0.0001524575,-0.016325258,0.11472247,-0.016592558,0.7192457,0.19973956,0.014907142,-0.0044195773,0.011935247,0.017202195,0.94885117,0.9885891,-3022.7246,59.90644,360.92468,141.5286,97.770836,135.7922,0.008062626,5.2055435,14318.008,DICTIONARYBRUTEFORCE
23.76346,6.4913197,86.6984,2681.2979,0.05524195,0.16364212,0.028403513,0.086281136,0.57224333,0.011394186,0.025880374,4.453775,1.3251591,0.099402964,0.5714088,0.115618914,0.16224839,0.08890545,-0.007887011,0.03622579,0.06974972,-0.019301841,0.72861856,0.1616438,-0.009063359,0.103355944,0.031067722,-0.033559877,0.9273765,0.9328945,1187.209,61.08822,59.652496,79.87294,19.715416,109.51994,0.017668122,11.161995,-10029.954,DICTIONARYBRUTEFORCE
31.898403,4.4121547,86.09271,7359.721,0.042822998,0.18302481,-0.025310587,0.42544946,0.8790597,0.017041035,0.039413307,8.732033,1.4924052,0.15316987,0.0017316826,0.079724036,0.43592855,0.020361954,0.017959867,0.013701368,0.14086717,-0.021181177,1.0494365,-0.07407507,0.0050504925,0.016439214,0.00992014,-0.004970059,1.0028012,1.0114976,-2234.7666,61.705204,274.91757,80.440895,60.745667,91.93883,0.003392661,10.410202,-5339.66,DICTIONARYBRUTEFORCE
26.787579,6.6948624,87.68141,2460.064,0.0835991,0.019183561,0.039847154,0.071492195,0.8066493,-0.04683021,0.0035404111,8.923075,0.80070555,0.7447555,0.004037507,0.037378207,0.52570754,0.08413904,0.03503804,0.0046748435,0.11724228,-0.044234674,0.81529444,0.19177493,0.0016244384,0.03946364,-0.0199466,-0.026141122,0.9852634,0.951799,9009.32,58.99862,1698.9911,690.3398,653.04346,695.97095,0.0058168387,11.115517,491321.0,DICTIONARYBRUTEFORCE
24.98663,5.7991343,90.69183,-3484.627,0.058104217,0.026303131,-0.012998963,0.24089225,0.7301548,0.040919553,0.003385325,8.177296,0.46674523,0.16076788,0.076173864,0.032010887,0.34448966,0.08967117,0.0054801255,0.02941725,0.10218666,-0.011266385,0.74868023,0.20283674,-0.02973065,0.06901049,0.0020836154,-0.05444871,0.92897564,0.913005,-3304.3281,62.436775,269.77466,57.67739,94.118835,91.94119,0.019827653,8.852852,11817.807,DICTIONARYBRUTEFORCE
21.830013,8.775078,102.25522,13222.594,-0.0077752485,0.11365701,0.007492853,0.20965324,0.5251981,-0.024092335,0.024459034,5.0074334,1.1977564,-0.17285547,-0.10595395,0.012341853,0.29232413,0.097049735,0.020366555,0.042233683,0.1174879,-0.012577813,0.6348029,0.30137283,-0.0030178344,0.05648297,0.019022528,-0.030482452,0.9758008,0.95177656,-4771.9004,58.048603,421.88055,108.524796,140.02667,116.724495,0.0061525134,11.321426,38161.18,DICTIONARYBRUTEFORCE
21.358913,8.374271,65.785446,942.6123,0.06924143,0.04213328,-0.009098992,0.26641297,0.5452984,0.0016856106,0.016556825,5.1632495,0.5044388,0.3456084,-0.09293103,-0.00015572179,0.17324598,0.09220524,0.020371696,0.018872775,0.13006468,-0.019123686,0.5755393,0.35144052,-0.010996369,0.082035705,-0.012021981,-0.025682714,0.96071684,0.96087444,-2014.4585,59.63372,706.8003,133.65002,260.4146,170.02954,0.011702642,9.453819,102506.14,DICTIONARYBRUTEFORCE
31.826668,4.699675,70.8837,84102.32,0.058952797,0.049719814,-0.013455456,0.3059913,0.99363095,-0.019340407,-0.008378036,7.980894,0.810126,0.09321958,-0.17592697,-0.16764459,0.9011245,0.031214708,-0.0013725087,0.005785292,0.12468231,-0.035997298,0.9501039,0.011102031,0.022587705,0.07386434,-0.06904897,-0.006206166,0.9643772,1.0031725,-2802.3477,63.6107,987.1287,436.85434,322.12048,470.39462,0.008581507,8.915657,130185.6,DICTIONARYBRUTEFORCE
20.452093,5.8592625,62.104996,-230.5127,-0.0056706555,0.17837761,-0.0027599721,0.26908472,0.48195747,0.053711515,0.0367331,4.0275135,1.4518447,-0.32334018,0.0327149,0.117372245,0.048045635,0.052347496,-0.01149516,0.0088974545,0.09792991,0.0044594193,0.6901533,0.17576091,-0.024713732,0.13512146,0.028061233,-0.040074773,0.8950544,0.8969031,-381.5337,58.59848,428.43216,145.05222,123.253,174.42728,0.023061335,11.352325,46809.188,DICTIONARYBRUTEFORCE
22.145828,8.252623,74.852196,-1424.6753,0.02225108,-0.0014505907,0.02280179,0.32684815,0.66558623,0.0016938202,-0.007786224,7.323051,-0.23726603,0.36718908,0.020743769,-0.12922156,0.44546643,0.07574235,-0.020047871,-0.0042887684,0.14879328,-0.024572019,0.5988282,0.3292666,0.022521475,0.08951462,0.029923417,-0.045169685,1.000124,0.9680189,2077.5146,61.318577,1009.4772,180.16208,318.29965,227.13571,0.014482443,7.776474,139584.22,DICTIONARYBRUTEFORCE
29.155228,4.278121,105.66797,-2366.482,0.014188623,0.0125529645,-0.015709538,0.29819465,0.91908985,0.014533477,-0.019778239,12.023027,0.40313548,0.09425427,-0.33478484,-0.01162738,0.6021543,0.06925543,0.0018092291,0.012073586,0.14243191,0.0058910763,0.898905,0.0739726,0.01661766,0.077516295,0.0011378853,-0.07262166,0.9392464,0.93118215,-3073.6797,62.764774,1465.6744,174.39035,404.04337,182.02197,0.02085981,6.6396637,197370.7,DICTIONARYBRUTEFORCE
23.371923,8.439426,61.66479,8147.6113,0.07238076,-0.0043622483,0.009896489,0.08253219,0.6563203,0.016990788,-0.012671104,4.8961477,-0.56054777,0.7965889,0.03377533,-0.16653639,0.6581685,0.02281798,-0.0015657349,-0.01787882,0.11914321,-0.0297733,0.6488476,0.28904969,0.0068627414,0.035037555,0.022497708,-0.019097965,1.016722,0.99471676,-87.6709,60.445843,466.7011,143.03598,158.54434,160.78429,0.0040239184,13.989975,60143.27,DICTIONARYBRUTEFORCE
18.788425,9.419546,95.1089,-10049.025,-0.033559367,0.080450475,-0.011116127,0.2498158,0.44433418,0.03859907,-0.00084765255,4.1829205,1.1403196,-0.20758428,0.07819173,-0.031888146,0.20115936,0.11095232,-0.012449342,0.00016544946,0.14779894,-0.008986172,0.48963207,0.4385239,0.018371306,0.06518778,0.030809086,-0.0320871,0.968707,0.96013504,-977.1909,60.77416,482.86523,107.650696,191.12881,133.30612,0.01869319,11.235344,49053.586,DICTIONARYBRUTEFORCE
37.90718,1.3598766,74.005806,3227.7983,0.04755047,0.29539344,0.053448547,0.163164,0.99677205,0.030800037,0.03767085,9.937422,3.0909562,0.1207664,0.06557729,0.15765741,0.4230546,0.06645638,-0.024692647,0.032163724,0.16418533,0.005137655,1.1433368,-0.21524628,0.02737169,-0.0032790657,-0.029802363,0.024671175,0.9157487,0.96081555,-3619.6367,80.14415,183.33772,124.01776,43.23999,155.08446,0.017174477,0.7349243,4448.3623,DICTIONARYBRUTEFORCE
32.114326,4.934393,65.08468,4423.7334,0.07150502,0.035442036,0.0045731245,0.34640273,0.90199083,-0.010400196,0.018025097,7.504195,0.2375989,0.40153933,0.22218136,0.035372492,0.6531442,-0.004470921,-0.024261774,-0.028156076,0.15419206,-0.019231554,1.014768,0.013952313,0.014430566,0.035817105,-0.04024664,-0.0064089894,1.0337658,1.0270184,10958.309,66.34231,1710.7238,628.49524,728.4517,667.4775,0.0009555554,15.054741,690221.75,DICTIONARYBRUTEFORCE
32.52138,4.283968,90.11822,103798.38,0.09221249,-0.009938158,0.026341368,0.13461469,1.0985171,-0.03738047,-0.049449947,13.084328,-0.006709248,0.53382444,0.066207804,-0.17037542,1.072195,0.004069251,0.03345502,0.02061705,0.094493955,-0.050900918,1.038209,-0.065876074,-0.018671125,0.10919312,-0.047654543,-0.03662243,0.9865612,0.98213524,-7396.259,60.18428,-107.97601,-37.360115,-29.086075,-57.01243,0.006735614,10.780685,-33267.457,DICTIONARYBRUTEFORCE
20.438263,8.487141,100.086525,-3438.9023,0.051700916,0.006189897,-0.0062468695,0.23983963,0.5577827,0.016056899,-0.026265804,5.488801,0.31890598,0.58373535,0.039971847,-0.16595812,0.62544256,0.112649515,-0.009325807,0.0044660177,0.12202966,-0.048043013,0.54448295,0.37826914,-0.0105352895,0.068396434,0.011422088,-0.05101464,0.97256386,0.9528163,1098.4155,61.06707,782.6073,168.01715,245.94974,210.06091,0.02663875,10.11335,79373.9,DICTIONARYBRUTEFORCE
25.653416,6.0962768,81.55234,9817.459,0.07761586,-0.0069156573,0.0023227208,0.05241866,0.79195815,-0.021304393,0.016872112,6.680867,-0.3002462,0.30601633,-0.0005930476,0.10702241,0.36478543,0.060944326,0.027231092,-0.026957707,0.110231936,-0.010820729,0.8032309,0.16167854,-0.037774734,0.057201147,0.023378542,-0.010529141,0.9875295,0.94983506,6326.85,59.442684,1199.0789,413.64774,501.25348,403.58197,0.00665561,10.282562,316674.9,DICTIONARYBRUTEFORCE
17.284594,11.101761,101.37534,-122.15283,0.024335256,0.18715778,-0.025299808,0.2070307,0.25230122,0.011994984,-0.0018322351,3.2254515,1.4177768,-0.16796032,0.0024369732,0.021992337,0.024348013,0.14888713,0.030718083,0.022257216,0.0983882,-0.042824462,0.43991566,0.5451223,-0.015177281,0.017852038,0.0046544755,0.01872471,0.9942926,0.9628977,-701.3662,60.6454,282.0487,119.69875,90.70787,152.15697,0.012834763,7.748253,3960.7178,DICTIONARYBRUTEFORCE
28.112576,5.683053,127.48822,2667.367,0.02123126,0.101471715,0.03762541,0.16355331,0.7803222,0.029303933,0.023448935,6.985237,0.69753414,-0.22810517,0.11407227,-0.07039656,0.73244697,0.032344766,0.021022333,0.00061288476,0.107888766,-0.04237847,0.85092604,0.056967687,-0.02262523,0.06049677,0.011698295,0.04441435,0.9707412,0.94937235,5824.9365,63.08966,587.2489,208.16205,248.9166,204.97998,0.012258533,7.0967636,147232.86,DICTIONARYBRUTEFORCE
21.012922,8.467248,91.580086,-1841.7344,-0.020380236,0.0008299201,0.039612763,0.31079546,0.6714833,0.016323093,0.022584265,7.8353314,-0.02564549,-0.13466498,-0.08656636,0.01582213,0.18845755,0.06034982,-0.015455648,0.065001026,0.112656265,-0.004678061,0.6601862,0.29986593,0.010565008,0.07425888,0.00968269,-0.023307202,0.99348515,0.9403779,639.5137,58.906452,677.2189,230.77634,207.47818,239.54834,0.008303943,8.253548,51050.41,DICTIONARYBRUTEFORCE
33.65136,4.3141594,94.25858,2634.983,0.110661,0.2729411,0.026223458,0.1508768,0.8019203,-0.029336056,0.02571416,8.383783,2.39883,0.5223427,0.09242523,0.112446316,0.5017485,0.10170415,0.039897807,-0.032417893,0.110602535,-0.056738123,0.9686698,-0.009198652,-0.0047589396,-0.009521981,-0.044368796,0.030433372,1.0278884,0.9899101,-3649.5605,66.325806,1038.7448,158.94269,348.5256,197.1701,0.004812013,4.9933777,203804.8,DICTIONARYBRUTEFORCE
28.152409,6.1129656,73.531586,9605.27,0.0005889777,0.16707945,0.08714139,0.14969732,0.6856751,0.029312335,0.012662158,5.9144526,1.586102,-0.06860435,0.77992207,-0.086876646,0.60512114,0.042235706,-0.027402489,-0.013830915,0.12766303,-0.051622517,0.88477707,0.15788963,0.00087756664,0.019837856,-0.007974113,0.038374048,1.0493779,1.0199273,-1995.4136,65.12531,-154.4765,89.22805,-41.31456,92.20542,0.0025097777,10.086433,-32058.775,DICTIONARYBRUTEFORCE
22.534473,7.1466246,75.14159,32483.318,0.09515316,0.34434414,-0.018854836,0.15572779,0.39321324,-0.0348357,-0.042132456,3.62198,2.7214909,-0.021626465,0.05266683,0.035066947,0.019630156,0.10204162,0.018478174,0.036828846,0.12578307,-0.05867833,0.6540941,0.28941196,0.034582954,0.014475612,-0.021469355,0.017160527,0.98121166,0.9688483,3528.3235,60.55847,177.27235,170.77884,39.876587,216.13249,0.012682358,4.542206,4486.0854,DICTIONARYBRUTEFORCE
28.97156,5.221314,85.70532,11242.468,-5.8934093e-05,-0.03025776,0.0047038426,0.3390003,0.9057966,0.017720457,0.007866623,8.594395,-1.2872937,-0.21102762,0.02543844,0.14394501,0.39230847,0.013007319,0.0006754976,0.0586288,0.1111484,-0.024685085,0.93658763,0.044347186,-0.062039886,0.07597803,-0.012209722,0.022493275,1.0233358,0.9850109,2276.7334,62.33577,1367.1367,426.3783,503.66623,420.0724,0.0038600483,6.465103,327088.56,DICTIONARYBRUTEFORCE
20.403902,7.9218054,96.245766,-4418.6753,0.026665052,0.0044753775,0.004974033,0.2055749,0.56287736,0.0129073,-0.0007234304,5.1831946,-0.10575472,0.20864561,0.10184535,-0.03522813,0.33345032,0.09492257,-0.02681058,0.0032420643,0.13048752,-0.007773763,0.5867735,0.35358754,-0.017249713,0.063211925,0.008340081,-0.015965855,0.98160434,0.9637799,2845.9546,61.997944,499.83258,122.407364,165.79916,139.38556,0.018290913,10.190712,57743.78,DICTIONARYBRUTEFORCE
22.562193,7.433263,116.9397,-2224.8462,0.06346601,0.05563512,0.021641683,0.28319284,0.6630042,-0.035206962,0.0056826277,6.0700064,0.6784553,0.49025464,0.30426657,0.010098828,0.36494014,0.109813176,-0.0132750925,-0.034074526,0.12841758,-0.04569345,0.6830166,0.2606159,0.008976266,0.046860605,-0.021464732,-0.013508562,1.0069205,0.95897907,4516.7744,61.620476,1341.3223,313.10672,480.10977,300.8461,0.010784498,12.327713,245647.48,DICTIONARYBRUTEFORCE
30.330967,5.3983088,109.39626,4135.6514,0.14107119,0.037715312,0.031446394,0.14689292,0.9967535,-0.04596316,-0.0047356775,13.18022,1.6385438,2.3931644,-0.090968266,0.2372811,0.12296362,0.053150836,-0.026364781,-0.045599934,0.17250475,-0.025027215,0.9627595,0.049414463,0.0059055304,0.033909474,-0.034990694,-0.041133247,0.98571867,0.9684181,2711.8608,61.80438,1250.764,356.44278,409.56006,359.73392,0.010224698,4.2506943,183676.4,DICTIONARYBRUTEFORCE
24.728231,6.4777,88.12913,550.77295,-0.007881028,0.014856423,0.013098467,0.17166163,0.7294435,0.016181914,0.00024844194,6.4107733,0.22223102,-0.19605264,0.030283831,-0.108340845,0.74480456,0.060201105,0.01065547,0.027158258,0.086684585,-0.07151647,0.7801128,0.16759756,-0.0059513105,0.08241602,-0.013022244,-0.0020850636,0.99684787,0.9470062,-1255.8901,60.896774,324.6237,85.43247,96.7349,78.53836,0.011846769,12.124939,14693.642,DICTIONARYBRUTEFORCE
26.975157,6.4174213,97.24806,760.5928,0.0050372537,0.3601023,0.052219674,0.21132818,0.54036486,-0.0052012606,0.02569677,6.024975,3.2639022,-0.0029418804,0.18417001,0.15646757,0.03870282,0.085275605,-0.00028669834,-0.019101178,0.15707,0.012801589,0.8213831,0.13088393,-0.0086753685,-0.023996975,-0.010473592,0.013350008,1.0585867,1.030398,-297.28955,70.42313,463.29587,114.628876,137.35739,142.82014,0.0047982656,11.6008835,37703.05,DICTIONARYBRUTEFORCE
24.278896,8.110464,75.755035,901.656,-0.0024724659,0.030341407,0.0015996955,0.13110137,0.6362502,0.01635337,0.011420903,5.7805514,0.67931044,-0.21209025,-0.0002078712,-0.13623917,0.676328,0.0804217,0.030571215,0.055987928,0.07073332,-0.075561404,0.65535176,0.259436,0.0051311636,0.11760548,-0.019220248,0.014571996,0.99235636,0.94021904,-635.69727,65.168846,170.12387,164.14563,64.96966,174.93198,0.019961853,4.3014297,1854.6011,DICTIONARYBRUTEFORCE
33.083965,4.379299,93.844635,1327.9116,0.012563578,0.017265541,-0.0063085975,0.2611311,0.96401036,0.0016277871,0.020688336,8.703851,0.083649114,-0.039239045,-0.066070795,0.07484648,0.66792965,0.046787396,0.011916877,0.026325377,0.10556287,-0.026751582,0.9901836,-0.018298432,0.0018834416,0.037317384,-0.029331056,0.019674746,1.0362701,0.99952984,-514.78564,70.59403,687.44806,176.1147,282.98148,187.82239,0.0063448222,12.893547,135995.08,DICTIONARYBRUTEFORCE
27.32914,5.0576077,61.411297,611.2334,0.020033436,0.010650437,-0.0025242893,0.4684356,0.91442907,-0.00010779186,0.0025686529,11.007582,0.3311166,0.12978473,0.2676664,-0.14987624,0.71322274,0.042287484,-0.033636875,-0.012467717,0.16392037,-0.03493197,0.93068177,0.03265716,0.013791053,0.09539422,0.0021459162,0.03328811,1.0082691,0.9489013,218.45068,61.873905,557.39484,222.64746,166.21854,231.47104,0.0086487485,9.986343,40989.574,DICTIONARYBRUTEFORCE
20.26754,9.180491,93.950096,-1031.6675,0.051836796,0.005369084,-0.005316362,0.2843761,0.58514726,0.01720769,0.010690958,6.3488965,0.14138432,0.50834423,0.0043454953,0.047004946,0.19744693,0.07992627,0.03129521,0.026115729,0.10195334,-0.02861135,0.5995117,0.35525197,-0.010053368,0.046285387,-0.014614427,-0.028009871,0.98571,0.97017795,-891.4614,58.7473,491.30872,101.8415,132.30127,117.05059,0.0063845525,13.116333,16385.348,DICTIONARYBRUTEFORCE
27.959877,6.097169,65.73587,24011.645,0.029297762,0.27644205,0.005360609,0.0047248923,0.548073,-0.0028075841,-0.008434982,6.3112407,2.47477,0.038924467,-0.0775785,-0.15421213,0.58438253,0.081543475,0.022063762,0.02049011,0.09270214,-0.03720247,0.76579887,0.19146964,-0.046327963,0.04339864,-0.026370993,0.04600331,1.0056268,0.90870136,650.23,63.548794,905.2305,519.17957,346.48965,576.99567,0.010788216,1.0657043,187914.12,DICTIONARYBRUTEFORCE
26.031507,5.852894,107.18532,-1584.6504,0.09957339,0.029261887,0.037259698,0.38397172,0.8282173,-0.030181002,0.025113612,8.17115,0.32108307,1.2525905,0.26075596,0.13839589,0.14733525,0.051913872,0.0036365958,-0.0072189695,0.14731734,-0.0074242842,0.85075754,0.0861352,0.0005328725,0.029444022,0.006782068,-0.040250823,1.0342257,0.987833,5734.3716,62.247078,706.65875,248.29477,225.9956,234.48407,0.00447445,13.106155,83374.414,DICTIONARYBRUTEFORCE
20.562124,7.5449843,122.90083,-1518.3052,0.010473541,0.032964434,0.011005838,0.23719633,0.5776596,0.00064284017,-0.0058569596,4.939787,0.27024788,-0.076451145,0.12218489,0.039939724,0.19182378,0.072242305,-0.0010506902,0.025176965,0.09670858,-0.062021013,0.64859647,0.2983091,-0.009070648,0.06013054,0.0020491704,-0.013388859,1.0024238,0.9527383,1858.3804,61.638466,554.1301,235.36423,206.04608,241.08734,0.014168898,12.279533,49997.605,DICTIONARYBRUTEFORCE
27.541626,6.415966,87.58693,4965.038,-0.016909778,0.010614687,-0.03262853,0.20291479,0.823335,0.008592751,-0.024854086,9.465482,0.21332963,-0.22215125,-0.085839264,0.070245795,0.200411,-0.009420918,0.013974447,-0.004676953,0.19386837,0.094406836,0.73133767,0.13111372,0.023529029,0.09972323,0.066074096,-0.03900086,0.9526638,0.9519981,-80.893555,62.160847,322.4096,112.55944,100.96264,166.85214,0.011643116,4.295372,17415.398,DICTIONARYBRUTEFORCE
22.826853,6.7826266,95.73065,-4155.1997,0.051363446,-0.014564395,-0.009914395,0.12364824,0.6984238,0.02928694,0.019629553,6.8326263,-0.350744,0.12637386,0.15901633,-0.07840588,0.63212705,0.044970118,-0.018072702,0.032263383,0.088978775,-0.05322993,0.70591486,0.22716881,-0.0050534355,0.0940419,-0.0065725064,-0.012776264,0.9503144,0.9167593,-627.24023,60.05179,-28.473358,96.0479,14.521143,92.375854,0.01905508,10.132515,-25117.277,DICTIONARYBRUTEFORCE
38.48593,1.0729003,82.38179,3333.3623,-0.035694234,0.24445,-0.022527978,0.394491,1.0231612,-0.018198457,0.01610758,11.319339,2.2508135,-0.22762181,-0.036786083,0.19733132,0.61125445,0.038405403,0.017082777,0.034993976,0.12598123,-0.020110656,1.235482,-0.26089263,0.03168777,0.06337508,-0.053718753,0.020593598,0.9826219,1.0020071,-2472.171,67.28424,646.2766,160.92543,242.50568,200.89377,0.014039489,6.8284073,120475.93,DICTIONARYBRUTEFORCE
18.321531,9.405822,128.30228,-1088.2388,0.04818008,-0.0022125235,-0.0307551,0.16123503,0.45025,0.030583303,-0.007416021,3.1642761,-0.41001916,-0.059619974,-0.0062690303,-0.106871024,0.5297927,0.10166731,0.009263394,0.05533695,0.06599133,-0.03372311,0.47732127,0.45014402,-0.02507085,0.11304414,0.050842483,-0.0034237,0.98126405,0.9457283,4475.953,61.91765,73.46564,112.44734,45.00434,135.85689,0.024695648,11.071983,1586.2234,DICTIONARYBRUTEFORCE
23.842318,6.642827,87.91023,-3548.4482,0.025068792,0.2970467,0.0030414364,0.2602017,0.5075766,-0.003022268,-0.040326867,1.1212194,2.4847147,0.2349954,0.217098,-0.14744888,0.4091119,0.123491615,-0.043496832,0.072893135,0.14955057,-0.018845566,0.7075857,0.2041227,-0.0066883527,0.028160438,0.016700683,-0.0013615657,0.99026614,0.9974769,7148.0044,98.773094,330.09174,362.8444,45.897854,395.2745,0.019477813,-0.062286377,-9533.696,DICTIONARYBRUTEFORCE
21.137367,8.450804,110.82027,2225.6755,0.05182333,-0.014165721,-0.021180732,0.22135429,0.5970484,0.019008394,-0.0027527031,4.4151382,-0.8800912,0.32656085,0.09974885,-0.04977986,0.46551204,0.05937057,0.0067550875,0.039877288,0.072551176,-0.07482769,0.6388127,0.3004383,-0.034593433,0.06753398,-0.0053843856,0.010020546,1.0077827,0.9722221,7928.541,59.877247,71.083206,84.90561,8.636914,89.92893,0.0097678,13.264427,-12003.225,DICTIONARYBRUTEFORCE
28.99561,5.6492743,73.31972,50137.637,0.10787503,0.0018143241,0.04204717,0.1778735,0.85081404,0.014387146,0.013592558,6.3968234,-0.046163034,0.35597587,0.0009097904,0.21865861,0.03673066,0.05882494,0.033303946,0.00586526,0.14738981,-0.028457921,0.81270117,0.07458929,-0.01812813,0.08111521,0.027722493,-0.037497927,0.9939872,0.969233,-2967.9404,63.739952,255.50883,134.38345,86.255974,92.51187,0.0045009675,11.502937,4357.772,DICTIONARYBRUTEFORCE
31.318571,5.501603,97.917694,3013.1362,-0.010227495,0.27180722,0.017369725,0.2730137,0.703895,0.009906279,0.00022990862,7.0526295,2.1841402,-0.28092447,-0.011997818,0.036610294,0.54305726,0.023969904,0.041518018,0.007742289,0.10225786,-0.027084293,0.93258196,0.06861949,-0.013153515,-0.020863768,-0.03248533,0.024131492,1.0354129,0.97443604,-1705.6123,64.136246,1420.5724,524.15717,532.71484,573.92737,0.0033843287,4.593361,454228.0,DICTIONARYBRUTEFORCE
28.294727,6.83955,86.65048,2994.7007,-0.020236142,-0.0007764585,0.0030308682,0.10246711,0.7918308,-0.014939496,0.02220932,6.8810725,-0.12862317,-0.16489962,-0.115550086,0.011188587,0.64013535,0.054718643,0.017845575,0.047875144,0.060002673,-0.001116097,0.8057371,0.19362296,-0.017808082,0.033736885,0.0042568007,0.046290964,0.98899984,0.927796,3218.6865,65.452354,1395.6908,508.97995,587.8715,507.05493,0.008826902,7.514282,381726.0,DICTIONARYBRUTEFORCE
25.062819,7.423251,96.52035,-1153.2002,0.020977205,0.0114626335,-0.016031988,0.28973758,0.7592353,0.0032137656,0.04479224,6.89638,0.21957797,0.31652027,-0.005531013,-0.03290037,0.5480394,0.050455444,0.021842772,0.020591019,0.10089837,-0.04706793,0.7701731,0.17384778,-0.010812775,0.021814004,-0.013338665,-0.025239535,1.0044371,0.9625056,3419.0696,61.377575,465.17242,192.87749,185.33548,198.1525,0.0083891265,10.734497,46998.074,DICTIONARYBRUTEFORCE
20.490965,7.958253,104.12172,-2635.7026,-0.025534496,0.017284984,0.057499424,0.2606204,0.6445884,-0.011536175,6.6519715e-05,6.727838,0.38931188,-0.039217282,0.23418137,0.09154703,0.021791138,0.061381575,-0.013709644,0.04612044,0.11582275,-0.039142128,0.6872016,0.30204952,0.0062224944,0.03357905,-0.028463185,-0.014694108,1.0085719,0.9768011,4822.158,61.67358,474.57684,325.01962,139.80234,326.15048,0.0070948335,10.986626,23786.479,DICTIONARYBRUTEFORCE
29.763527,6.8889556,67.15584,12696.783,0.019733503,0.06836269,0.03363873,0.15015127,0.77646947,-0.0011268951,-0.04579669,9.097073,1.2128677,-0.0180627,-0.032613248,-0.036205597,0.6380419,0.08429043,-0.011429027,0.022579372,0.11126962,-0.004262575,0.8212267,0.16553068,0.019931031,0.03191694,-0.02282195,0.009112166,1.0198396,0.97802687,4033.8113,62.72127,2118.403,592.0752,772.9266,626.7936,0.008147361,8.341911,575697.3,DICTIONARYBRUTEFORCE
22.938217,7.324325,118.85614,-6469.8013,-0.048035663,0.098592296,-0.020572938,0.41927376,0.6703428,-0.0029658386,-0.028028088,7.7912,1.9004594,-0.17717807,-0.023415823,-0.10058981,0.4206092,0.10744478,-0.022587426,0.012463391,0.14011538,-0.03903406,0.71475303,0.24174829,0.022165269,0.0057441844,0.008784294,-0.0129934475,0.9943613,0.9545006,-3198.9033,59.655533,836.57056,122.745094,235.33362,117.4259,0.011967927,9.707031,57075.383,DICTIONARYBRUTEFORCE
25.857738,6.561571,97.118675,407.62646,0.09646441,0.14814286,0.021864291,0.3446744,0.6881215,-0.0007815758,-0.0008464651,6.2885013,1.4603983,0.46036536,0.27596456,-0.002521826,0.38918778,0.05813095,0.0056678057,0.00867735,0.11873597,-0.03828544,0.836093,0.14050248,0.026986536,0.014735583,-0.033454444,-0.021012995,0.99065936,0.9744362,-3981.996,59.4381,509.0524,96.99745,116.35809,120.3263,0.006091036,7.981926,7005.752,DICTIONARYBRUTEFORCE
29.039724,4.8339443,82.26515,25702.809,0.07166342,0.2615092,0.026192097,0.1965928,0.688255,-0.00825797,0.04932479,4.228242,1.9021232,-0.030345522,0.2580854,0.05651827,0.32230178,0.054370962,-0.00067237765,-0.0041575357,0.08519818,-0.04400697,0.890889,0.037481137,-0.033091128,0.030553872,0.021875976,-0.009357574,0.97506493,0.9581516,-557.2046,63.71129,609.08374,223.29663,232.30148,249.25467,0.010178823,3.9479065,105528.9,DICTIONARYBRUTEFORCE
23.89789,5.9895673,77.4173,11819.156,0.050893903,0.09046497,0.15721263,0.057251252,0.68076473,0.027586311,0.028458899,5.0974436,0.4780299,0.06739565,1.7513921,0.10537069,0.06912428,0.014171127,-0.013380108,0.028765613,0.09861694,-0.041132808,0.7702872,0.090431914,-0.014447413,0.105260625,0.029152099,-0.033857893,0.9316897,0.9555323,600.33057,60.654327,-96.12714,84.85204,-20.573303,65.86469,0.011388415,11.164673,-10305.267,DICTIONARYBRUTEFORCE
21.524912,7.4519176,114.92543,-13101.395,-0.04352286,-0.031063337,0.0164095,0.47066972,0.746105,-0.03378034,-0.079420835,9.24384,-0.7097759,2.2735283,-0.17194632,-0.13893858,0.2921644,0.06200369,-0.056941204,-0.010967687,0.13243967,-0.039370287,0.6858802,0.33994725,0.03510972,-0.06122649,0.04052827,-0.04848292,0.9841731,0.9988994,-326.9673,58.058796,917.85004,130.4903,317.2724,136.99867,0.013610925,2.092804,100383.336,DICTIONARYBRUTEFORCE
27.46195,5.513595,95.19352,-2101.5815,0.075845,0.013412711,0.038219694,0.42034516,0.8419089,0.004923158,-0.011257022,7.729997,0.04989107,0.6894947,2.0990355,-0.049571447,0.56881,0.048062667,-0.02815688,0.004189885,0.120429456,-0.04528383,0.86002207,0.116781704,-0.0053667766,0.045392193,-0.017347159,-0.016661813,1.0160786,0.98866516,4393.079,66.40364,452.1645,150.48611,111.18607,143.77203,0.013263354,12.870079,19843.729,DICTIONARYBRUTEFORCE
25.250021,5.6467605,97.179184,-1829.6748,0.040840045,0.283834,0.05001317,0.23583584,0.5311908,-0.01227573,-0.002951962,7.070669,2.2607448,-0.09803475,0.059265994,0.097141996,0.10257907,0.11119916,0.023483127,0.033295233,0.08844219,-0.04273707,0.78501606,0.16066912,-0.037084375,0.05304044,-0.02411377,-0.022446867,0.95864,0.9142208,-2443.499,61.143036,858.4969,226.4383,289.93445,295.78815,0.019957375,3.8195877,141248.17,DICTIONARYBRUTEFORCE
28.744766,6.0140676,87.48045,-341.51172,0.06540469,0.085964285,0.016966399,0.15713406,0.7834214,0.00524895,-0.0019175746,7.884145,1.1220101,0.3639893,-0.08360177,0.12687688,0.1998782,0.07669047,0.016723106,0.039107315,0.120144926,0.02184683,0.875877,0.102423266,0.0006443565,0.025717676,-0.021511726,-0.004122127,0.9762722,0.9863598,-3721.3877,64.00429,226.00552,77.376755,81.50154,87.9111,0.0052618175,12.325508,4213.025,DICTIONARYBRUTEFORCE
26.498943,6.402275,98.29442,35004.234,0.15963832,0.22725995,-0.03737876,0.17589104,0.6150777,-0.0016678142,-0.053620555,6.422473,2.0694902,1.3358216,-0.017110534,-0.0406679,0.51774836,0.08745359,0.024429524,0.016957598,0.11998504,-0.068810344,0.7778614,0.16611797,0.029642323,0.03900192,-0.035305485,0.02272251,0.97272754,0.95744175,764.9536,58.74308,-206.11826,17.125587,-56.901733,45.63207,0.013003188,7.074196,-46440.19,DICTIONARYBRUTEFORCE
27.741678,5.2231007,64.51268,1343.2798,-0.036094923,0.08873842,-0.009906747,0.5433336,0.78346676,0.014848202,0.032164868,6.6077266,0.73150045,-0.3486275,0.018903216,0.027265616,0.39333138,0.026640408,-0.025532082,0.008771363,0.18654458,0.011395513,0.886609,0.06682294,-0.040868506,0.08817316,0.04903369,-0.0023296848,0.9791468,0.98825955,4832.413,64.773834,988.1112,467.54886,357.2125,504.29788,0.011155033,12.753258,185647.55,DICTIONARYBRUTEFORCE
30.170189,6.029563,76.55288,94.51953,0.080768086,0.036782432,0.012681968,0.20230089,0.89413184,0.009670672,-0.014556976,8.568442,0.7039825,1.287807,-0.030612476,-0.11158932,0.81314915,0.052099302,-0.003457251,-0.021266911,0.12724079,-0.028765615,0.9264627,0.08004698,0.020551605,0.02539365,-0.044666745,-0.008220411,1.0086149,1.0062932,-1591.2666,62.554928,635.0564,223.55237,230.88126,238.82938,0.0042052893,8.445137,77597.734,DICTIONARYBRUTEFORCE
24.651302,6.7609777,87.061745,-1118.314,0.05129667,0.19200812,-0.024296872,0.25546598,0.6017006,0.047902144,-0.034586348,5.6406145,1.7780814,0.2562875,0.24694026,0.07543682,0.3147408,0.09723521,0.0076245884,0.045114405,0.10068796,-0.0394308,0.7782835,0.18472771,0.0125100985,0.04959061,0.026051808,-0.022437135,0.9005664,0.94399023,2315.1003,59.697025,-240.146,22.287552,-62.09787,59.62092,0.018230304,9.11393,-60106.246,DICTIONARYBRUTEFORCE
19.446787,9.670615,92.65873,-8563.572,0.04670491,0.021169746,-0.0014688075,0.22673082,0.53108734,0.017354183,0.007948845,5.7004833,0.21960336,1.0836343,0.33060205,0.032947674,0.14755207,0.11577583,-0.009326808,0.023613323,0.14241883,-0.004357216,0.5546026,0.43496943,0.012599513,0.01639534,0.011319075,-0.024432547,0.9612553,0.9633401,247.99219,63.440792,468.0576,83.42914,133.97528,99.52662,0.010126,12.632416,16325.152,DICTIONARYBRUTEFORCE
22.319637,8.21241,62.111004,-3102.5073,0.015753066,0.29306132,-0.0036781048,0.41918346,0.41261622,0.032938443,-0.0011852896,4.4551344,2.691545,0.25295246,-0.09590029,0.041504093,0.04479431,0.11770181,0.0042680185,0.024766356,0.13895735,-0.013615826,0.67769104,0.30021498,0.019782407,0.049863998,0.01147366,-0.021825843,0.9782381,0.9596843,4320.082,61.384525,643.55054,178.18298,201.0238,204.60388,0.011808648,6.9425735,54216.133,DICTIONARYBRUTEFORCE
22.270033,7.74609,124.951294,-745.80225,0.0408388,0.187104,-0.013516553,0.08048608,0.5042867,-0.004621465,-0.012168884,5.113322,2.1717625,0.5346055,0.28375942,-0.13345695,0.4774625,0.15257168,-0.013681332,-0.005917968,0.1321708,-0.039854642,0.60451233,0.33385944,-0.012684251,0.062214784,-0.023576392,-0.056384522,1.0125042,0.98806614,-583.1006,61.5406,890.54205,162.81502,249.42648,183.07187,0.024102518,5.8118134,98856.57,DICTIONARYBRUTEFORCE
25.457329,4.2002277,128.63977,1577.9343,0.07987686,0.017923085,0.0483315,0.3839688,0.8843369,-0.01610614,-0.03495001,8.104818,0.4486894,0.01062164,1.4992163,-0.062272698,0.5358412,0.02070389,-0.018070508,-0.023334704,0.10547918,0.0040839985,0.87920946,0.046594985,0.04398103,0.11704613,-0.009470739,-0.021641692,0.955603,0.93648154,-509.41895,58.330208,569.22217,191.40933,210.30063,156.73938,0.019819522,7.1177444,67895.36,DICTIONARYBRUTEFORCE
22.524971,7.4888697,79.09328,-2965.7915,0.06794226,0.14363587,0.11672795,0.018362364,0.5728942,0.01621488,0.004087796,5.1936584,1.6153917,0.68368435,1.207986,0.004222053,0.32529193,0.11906623,-0.0069013564,-0.032642595,0.124925785,0.010121706,0.6938667,0.2464882,0.0070134457,0.044324994,-0.0038227625,-0.02431765,0.9884821,0.9715583,-889.97363,62.19563,489.8791,64.28406,122.08595,65.25399,0.00791857,13.0306015,45703.773,DICTIONARYBRUTEFORCE
25.331604,6.3209,92.159,604.13135,0.016266895,-0.01060959,-0.001987822,0.31699488,0.8028333,-0.031394504,0.005016476,8.505145,-0.60682356,0.35928085,-0.0944556,0.049308036,0.38952658,0.030316666,0.02468202,0.062320344,0.122796595,0.014441183,0.79067427,0.15161303,-0.0071912277,0.033388704,-0.033133894,-0.07639459,1.0283943,0.9789405,1752.2358,60.010654,509.3642,130.79132,156.32156,135.65628,0.008756262,12.023705,41159.234,DICTIONARYBRUTEFORCE
24.330559,5.9601893,88.82908,50652.78,0.076525725,0.08048447,-0.0050748815,0.36276677,0.70740706,0.0002721633,-0.0073533244,5.623284,0.2605458,-0.05712427,-0.012616961,-0.05946105,0.36621165,0.06956616,0.014258733,-0.00058526173,0.08956058,-0.04134336,0.74749094,0.14970756,-0.0071235253,0.05232092,0.0049143005,-0.044253543,0.9646419,0.96507245,1778.437,59.46925,539.4459,146.98067,163.30563,195.03903,0.015740942,8.255066,65338.77,DICTIONARYBRUTEFORCE
24.328896,5.7115927,134.62143,2974.0298,0.086248234,0.22251983,0.006224627,0.24346636,0.61447597,-0.020123143,0.015103247,6.379534,1.6011248,-0.14313626,0.044640817,0.081685595,0.14408737,0.07807844,0.036747634,0.024604492,0.096328296,0.017582374,0.7871406,0.103412315,-0.027173474,0.023008231,0.029479505,-0.004768269,0.9348262,0.9246505,-970.2988,58.788403,220.95749,108.7295,61.483765,113.77614,0.016055716,1.3547287,10102.155,DICTIONARYBRUTEFORCE
25.965912,6.9233103,77.94716,-3262.2559,0.05608475,0.20528434,0.031893212,0.30007765,0.65144205,0.0015373208,-0.027582355,6.385778,2.3133755,0.05181899,0.03257785,-0.17476845,0.7475026,0.09187473,-0.015791973,-0.00854676,0.08865656,-0.048881985,0.8157982,0.16273835,0.024461878,0.019902484,-0.03894104,-0.0030531362,1.0193729,0.99238145,-1597.8691,63.842823,937.79425,275.9099,281.67957,291.77313,0.009434356,10.099281,104969.08,DICTIONARYBRUTEFORCE
33.68374,4.248089,94.631165,19.444336,-0.0026470236,0.29749924,0.06355935,0.32578805,0.8029853,-0.0112557,0.01029007,8.28161,3.1428008,0.10634093,0.24079981,0.19987746,0.29498634,0.08391365,-0.003488008,0.01772509,0.12523592,-0.022863261,1.0642519,-0.071941204,0.023100367,-0.008211736,-0.062022,0.028835518,0.99683404,0.95193166,6592.899,74.765884,1551.8038,380.07687,549.0858,431.14316,0.0071884207,10.073044,476239.3,DICTIONARYBRUTEFORCE
28.731228,4.447908,101.055,-572.83594,-0.031317316,0.18933672,0.036981296,0.40377226,0.854927,-0.026979672,0.0011389633,8.386691,1.9648509,-0.23677854,0.18918043,0.028174367,0.4390307,0.036338974,-0.025157738,-0.002880753,0.15227766,-0.0153251635,0.99057317,-0.024308203,0.010860105,0.024278913,0.028616078,0.009207673,1.0385641,1.0150205,1067.7319,60.690914,654.9905,244.88666,225.76337,272.536,0.0021189647,8.54763,81620.03,DICTIONARYBRUTEFORCE
27.24273,5.8807015,120.92567,11117.641,0.1830945,0.03796422,-0.0026033283,0.29357144,0.7598514,-0.04450278,-0.0032365671,7.4927044,0.74663603,1.1939316,0.11416252,0.010822196,0.33997923,0.085145645,0.029537586,-0.036679126,0.14974372,0.0185537,0.72740346,0.14657538,-0.0062407763,0.032767233,0.00248719,-0.029742613,0.95227,0.938546,2721.538,62.47489,756.7381,222.90363,265.35663,264.7864,0.023029173,7.763199,138570.39,DICTIONARYBRUTEFORCE
25.159475,4.641028,144.82635,447.94458,0.025128331,0.0073510455,0.027835019,0.54225427,0.94184834,-0.028904423,0.02043654,11.116379,0.3231535,0.098918855,0.15445557,0.003938074,0.29405007,0.05430226,-0.0038637407,0.009232656,0.14111,-0.018196672,0.9159665,0.00020469727,-0.033648804,0.031054791,0.0142874215,0.015475076,1.0188359,0.981473,5513.8213,59.24197,960.5171,390.49588,315.58032,381.4123,0.0081739,4.9099426,129936.875,DICTIONARYBRUTEFORCE
20.081316,8.077486,77.36453,1976.4988,-0.0035056192,0.08746447,0.082475655,0.19192751,0.5274017,0.027266806,0.0052361097,3.7976902,0.72515726,-0.17606032,1.4099526,0.05503223,0.07037238,0.06416856,-0.024405869,-0.03696258,0.17641068,0.0018926244,0.5888976,0.31438732,-0.019265948,0.049316794,0.037275508,0.01273876,0.960698,0.9863534,253.31934,60.608273,282.07257,101.61764,97.60402,118.99306,0.0129958,13.205345,26764.2,DICTIONARYBRUTEFORCE
34.720016,2.9632409,94.6779,1090.5046,0.14455433,0.14374796,0.012822308,0.13668479,1.0050249,-0.035853416,0.0012486405,13.268351,2.7372396,1.0420702,0.1032082,0.04759933,0.70584935,0.10041152,-0.0004289206,-0.050832197,0.16719836,-0.04312933,1.0436057,-0.06035592,0.040597674,0.043654177,-0.06733001,-0.0018711854,0.9802645,0.9215709,2888.969,62.175976,2331.3213,445.84747,745.9223,482.29938,0.016461339,2.4160004,511765.5,DICTIONARYBRUTEFORCE
28.551666,5.882905,111.47011,1531.5842,0.043496247,0.14512269,0.021771807,0.106767595,0.68594074,-0.0025567575,-0.010306651,6.958151,1.5504344,0.061041374,-0.02372409,-0.010259565,0.59074605,0.1589371,0.0035656616,0.012376806,0.11009191,-0.027691543,0.7841195,0.17633662,0.014428513,0.04777914,-0.011976006,0.003179703,0.9914247,0.95731485,-873.5781,66.90388,1504.7634,302.52823,540.3862,330.80206,0.01916215,8.032471,349613.12,DICTIONARYBRUTEFORCE
21.949123,8.944962,68.8204,-1721.0918,-0.0061773695,0.036962837,0.012571275,-0.008552737,0.5680043,-0.012804836,0.0044529606,5.4056396,0.7746199,-0.014010526,-0.009849927,-0.06188381,0.5408926,0.078870095,0.021672312,-0.015519742,0.07684414,-0.04915273,0.63471544,0.33207452,0.013484674,0.054112304,-0.013092749,-0.0022821967,1.0072004,0.95891774,2783.9111,61.170162,357.59103,301.96072,139.46964,306.26965,0.007077081,15.826973,36063.484,DICTIONARYBRUTEFORCE
30.615944,4.5193834,54.788723,15891.523,0.08715338,0.091098495,0.035059523,0.28917775,0.8981741,-0.0977752,-0.09083412,10.384055,1.0132439,1.8055351,-0.06711245,-0.09814986,0.6943986,0.03362989,0.04684562,-0.0013576727,0.17407207,-0.08352418,0.91344625,0.020257644,0.05311295,0.19614926,-0.007144124,-0.018981196,0.95227444,0.95903385,6145.984,59.245037,1707.5187,543.2779,699.5364,656.2948,0.009213315,3.4911804,588432.56,DICTIONARYBRUTEFORCE
17.958292,10.543272,72.38158,-2013.6182,0.0050046574,0.14053707,0.0047026807,0.09825721,0.3145641,0.013084158,0.003742918,3.7840788,1.3728771,-0.2006866,-0.025361389,-0.09283534,0.43589312,0.12742247,0.022776341,0.0065835007,0.06632379,-0.027090507,0.4596592,0.5051115,-0.0044669933,0.060896754,0.0025671395,-0.0065159146,0.99475604,0.9717432,-813.18164,65.08415,623.3873,175.3862,202.1731,203.79816,0.012690052,15.846275,72803.04,DICTIONARYBRUTEFORCE
16.744751,10.203886,62.578903,-2921.2847,0.03969957,0.06453935,0.023162924,0.077264905,0.3665759,0.0066082347,0.021853913,3.1100302,0.64487875,-0.05259779,0.10466524,0.046055354,0.07264635,0.08627239,0.015269547,-0.0017330423,0.11371718,-0.011177751,0.45709944,0.46641177,-0.020920988,0.09757771,0.01406567,-0.025004525,0.95243263,0.94167584,1375.8047,59.935116,383.13397,138.59793,150.24512,162.36824,0.011444676,17.454826,42767.207,DICTIONARYBRUTEFORCE
21.306984,8.785612,86.493805,-2956.5713,0.05389556,0.1439179,-0.013423808,0.16680361,0.50282687,-0.0176489,-0.010233175,3.9331264,1.7102668,0.4804213,0.07514086,0.039353758,0.1873148,0.11251485,0.014022861,0.0075470884,0.12180716,-0.017182836,0.5858954,0.36786562,-0.013212715,0.03522245,-0.0054987846,-0.016331194,0.982337,0.9539483,-964.6323,58.70172,229.21713,39.535732,112.35902,82.699265,0.012400562,8.226402,10390.303,DICTIONARYBRUTEFORCE
22.292141,7.2205,129.75879,14013.129,0.098620445,-0.017961001,0.018523194,0.33873525,0.7395738,-0.00027882052,-0.0023493054,8.117464,-0.7219037,0.32519966,0.057747856,-0.026139408,0.3776423,0.066682816,0.014450215,0.013438614,0.10828104,-0.032951593,0.6721208,0.21989132,-0.030571839,0.062460303,0.011449246,-0.01654307,1.0295424,0.96714604,5134.4414,58.398186,682.3257,198.39296,214.47107,179.06915,0.009184449,5.2055435,90440.234,DICTIONARYBRUTEFORCE
32.677547,6.150336,99.32,29336.67,0.100135066,0.08120958,-0.0035979785,0.30746272,0.83581775,-0.04799128,-0.0062599475,7.306207,0.61694103,1.0290797,0.04048501,0.06616348,0.6028473,0.04868804,0.011252909,0.017175172,0.14218068,-0.038696986,0.8879897,0.08732327,0.005311831,-0.028937537,-0.056497402,-0.048862215,1.0646529,1.0562066,5077.6953,68.18435,1568.3251,512.6784,606.6739,503.8308,0.0032909221,14.577171,522504.7,DICTIONARYBRUTEFORCE
27.139238,5.386019,68.821236,-2248.5571,0.031283226,0.10611013,-0.016726723,0.311709,0.70673484,0.03997201,0.013655907,6.8465085,1.1365755,-0.033898722,0.017046645,0.063339576,0.39784294,0.09494376,0.019871783,0.0054795155,0.12573676,-0.038082574,0.8038445,0.13645901,-0.020657908,0.081416875,-0.002432582,-0.046405457,0.9657736,0.9194518,-174.85693,64.40824,748.1305,152.24582,270.69843,207.29471,0.020201849,8.52607,135498.8,DICTIONARYBRUTEFORCE
21.07481,7.509582,88.56976,2243.5051,0.03575346,0.09684984,-0.012366958,0.32010007,0.4820024,-0.0009232352,-0.021074025,4.946994,0.5555705,-0.16915369,-0.03286666,0.030244188,0.09914922,0.115831226,-0.004591369,0.0041406183,0.1458393,0.010902261,0.5828041,0.33462515,-0.015819363,0.09901585,0.029833656,-0.029275173,0.9236288,0.9571206,2179.998,59.988724,330.96313,66.12039,108.54772,131.43565,0.022978654,7.8764877,26271.172,DICTIONARYBRUTEFORCE
30.225468,2.2626078,107.31146,5373.1294,0.049035594,0.011940114,0.0017273496,0.6106184,1.0506059,0.012637126,0.021201886,19.718887,0.26845038,0.23838627,0.14218459,0.13306572,0.32223287,0.024762556,-0.004792651,0.026086904,0.14672738,-0.029572245,1.0756581,-0.13254702,-0.014107517,0.097820245,0.0062604435,-0.017241392,0.93944263,0.9529977,1462.2231,59.93554,290.79102,141.43013,105.74888,126.23796,0.01562083,8.060867,8949.779,DICTIONARYBRUTEFORCE
24.373728,6.5906205,80.877716,1813.3398,0.030486071,0.16390777,-0.00087368535,0.26493928,0.6468768,0.009935828,-0.012034018,5.2517557,1.7870755,-0.10384837,-0.0062421523,-0.023914522,0.26401544,0.10926499,-0.04166183,-0.014021292,0.14599724,-0.07589724,0.7302207,0.20008013,0.0070862537,0.060176175,0.013581727,-0.0032844022,0.9381213,0.9625396,4806.8306,61.32855,995.1541,537.7203,327.15775,591.541,0.018298317,2.568428,152804.83,DICTIONARYBRUTEFORCE
24.996138,8.286533,67.27669,398.0642,-0.005697394,-0.0010678096,0.008463258,0.09127008,0.6769626,0.006233481,-0.0150128035,6.7808075,-0.16145775,-0.1329314,0.068164565,0.10751599,0.5286928,-0.0008333009,-0.019129317,0.009438441,0.08337088,-0.017284762,0.7724374,0.21569903,-0.012418482,-0.0069229,0.0008969614,-0.012792003,1.0427183,1.0016857,15283.74,60.865032,1831.4563,714.49774,677.72003,724.10834,0.0015369658,21.293571,531413.44,DICTIONARYBRUTEFORCE
23.16646,8.928326,115.33738,681.76025,0.013104526,0.093837276,-0.00452043,0.145939,0.5570283,0.012705907,-0.0046922523,4.648238,1.000958,0.034595527,-0.14568177,-0.05251559,0.38005218,0.051873405,-0.010706563,0.026223492,0.09977379,0.0033519045,0.6682452,0.31959617,0.0028405106,-0.01698766,0.0027658045,-0.022845957,1.0359788,1.0418215,-3381.9873,62.871597,228.05904,70.79703,85.42653,79.62049,0.0013243352,12.136032,4566.5244,DICTIONARYBRUTEFORCE
25.187881,7.1058273,62.355934,14785.324,-0.0029749796,0.07758292,0.02089056,-0.0061494345,0.6580591,0.014899846,0.039913274,5.1897764,1.0361967,-0.08731133,-0.19026203,0.04429043,0.4039561,0.11351441,0.0759281,0.009743864,0.09744667,0.012803536,0.7433224,0.20107596,0.023247609,0.07716715,0.02591547,-0.0023988914,0.97665644,0.8801228,-2958.127,62.061172,609.86456,217.59308,266.2636,223.39594,0.010127236,10.214607,122746.734,DICTIONARYBRUTEFORCE
19.091743,9.179499,94.4335,-6167.019,0.011483565,-0.0018450465,-0.011376383,0.2189085,0.5419062,0.039310582,-0.01089995,3.377101,-0.2670568,-0.25136578,0.20896538,-0.15020642,0.6489976,0.055480145,-0.015935667,0.044077467,0.09988706,-0.009755654,0.572613,0.38127747,-0.010519569,0.077929996,0.01941685,-0.0036336202,0.9716927,0.9342409,-879.6494,59.33686,-77.25354,16.446854,-32.252056,9.202324,0.016610077,12.694031,-47300.902,DICTIONARYBRUTEFORCE
25.666878,6.6118016,75.886406,-772.5029,0.022427816,0.20723954,0.013986837,0.2568337,0.5584211,0.01762063,0.03370147,5.4456143,1.6821581,-0.15120347,0.093734294,0.10376705,0.11629134,0.082800545,0.0068699615,-0.01603856,0.13706079,-0.008478802,0.7881814,0.16246447,-0.018797895,0.018412929,-0.00766742,0.026489712,1.0145248,0.9581103,4028.7385,68.06254,235.95096,138.91226,88.04831,188.01411,0.011647656,11.30175,8600.709,DICTIONARYBRUTEFORCE
33.741604,3.4995825,80.61569,10547.087,0.052839726,0.17154334,-0.013876054,0.33024237,0.92815787,0.033439975,-0.05843276,10.238533,2.2815945,0.08636162,0.16011128,-0.059632562,0.6543604,0.004115058,0.07103371,-0.043892287,0.24516869,-0.051792245,0.9593967,-0.035412494,0.00042901607,0.10768145,0.0020988286,-0.05589277,0.98386264,1.0025892,5364.5723,63.180183,689.907,313.57584,182.0463,445.86432,0.020938352,0.37664032,61871.656,DICTIONARYBRUTEFORCE
29.33625,4.1573277,83.76842,-795.2749,0.03272573,0.054996945,0.0018285005,0.31229874,0.9027572,0.0028197751,0.007174825,9.651939,1.0864301,-0.01632324,0.026677085,-0.01673996,0.54449296,0.04590241,-0.0029626535,-0.034997597,0.14002046,-0.015135147,0.89803994,0.013381564,-0.005550168,0.10534901,0.012176851,-0.051787212,0.9516748,0.93149745,6540.3403,61.87125,865.44086,373.61505,307.1184,424.14853,0.01956695,6.036995,144839.47,DICTIONARYBRUTEFORCE
17.710495,10.781336,56.422195,-2885.6924,-0.021887952,0.13381052,-0.032445658,0.18860774,0.30178434,0.002118338,-0.03517631,2.3731675,1.2624419,0.035226606,-0.04749384,-0.21405666,0.56769633,0.12656264,0.018807402,0.010738749,0.12636718,-0.009194071,0.43725038,0.5200381,-0.022497075,0.059529684,0.012840854,-0.03834571,0.98529184,0.96503806,559.4717,65.694984,623.30505,136.057,202.85538,152.74051,0.016732259,14.168922,81417.555,DICTIONARYBRUTEFORCE
18.949123,8.2779045,61.085495,-5820.3257,0.017242711,0.10297527,0.09523022,0.048026036,0.46021774,0.025088487,0.02166667,4.2093816,1.566634,-0.23450097,1.4899708,0.0017855735,0.19695644,0.08314322,-0.015079889,0.006985846,0.08545186,-0.045603294,0.59308076,0.32940108,-0.002893475,0.13632002,0.019686848,0.009559713,0.89778763,0.89323825,-1706.3525,62.295055,-33.817627,113.422485,-8.026102,115.384186,0.019742766,13.321228,-31741.883,DICTIONARYBRUTEFORCE
21.525826,8.215244,99.898254,-1679.8682,0.086315066,0.05363248,0.011111637,0.09653422,0.6357691,0.00434683,0.0065678824,7.5315685,0.8760203,0.66472024,0.020853162,0.059613064,0.15379353,0.09808043,0.020641249,0.025607813,0.10135825,-0.004683812,0.6368196,0.29187697,-0.017244928,0.050555035,-0.018677598,-0.033860575,0.9471451,0.9465337,-7042.1562,59.645073,581.4254,35.356724,128.16391,43.701607,0.010627772,8.059189,16039.892,DICTIONARYBRUTEFORCE
28.52866,7.16462,91.768845,28317.516,-0.03966734,-0.00944787,-0.008845945,0.0753282,0.78072447,-0.05095141,-0.036842033,7.6205554,-0.55663204,-0.26645023,-0.07343168,0.08467904,0.5374283,0.06282209,0.027378794,0.026626483,0.093535714,-0.029257596,0.7763188,0.19519895,-0.026412074,0.03304411,0.009196847,0.065667726,1.0235746,0.9954384,5602.056,66.92728,1630.1101,527.32367,663.1413,521.44,0.0068658837,11.686813,507440.9,DICTIONARYBRUTEFORCE
19.976286,10.726261,94.57365,1616.8516,0.06671265,0.019734506,-0.0043599424,0.09699837,0.48391947,-0.011827914,-0.012915871,4.199279,-0.021334438,0.30362552,-0.0043357722,-0.06876292,0.40730882,0.10057847,0.0065643573,-0.022437489,0.119116895,0.004165764,0.46867752,0.49147052,-0.006779054,0.01568065,0.01189385,-0.019780772,1.0339888,1.00565,1733.1841,62.529697,1206.6365,296.0656,449.3115,322.34662,0.010168328,12.096703,250294.64,DICTIONARYBRUTEFORCE
24.585997,5.8704085,85.68827,4743.0024,0.049235094,0.13285235,0.008809626,0.028987614,0.6266515,-0.012281315,0.02498044,5.035434,1.1784571,-0.0019806996,0.12509951,0.023329481,0.35171202,0.07584496,0.066777736,-0.006832797,0.077053875,-0.05429776,0.7407208,0.17301552,-0.007767047,0.07289709,0.016700557,0.0031667203,0.9580236,0.9200763,-2860.2754,60.41613,74.24449,70.96601,17.737785,94.27621,0.011922296,7.661438,-4100.8794,DICTIONARYBRUTEFORCE
26.754553,6.179698,91.378174,3023.2122,0.07482301,0.20965724,-0.0009173318,0.48196706,0.72914684,-0.024352716,-0.009580854,7.4897842,1.8749352,0.42060915,-0.0064254366,-0.02690823,0.28133342,0.07471711,0.021012614,-0.00871723,0.1659376,-0.04522318,0.8560464,0.08418604,0.038105674,0.033905655,-0.04171871,-0.020603968,0.9712416,0.9692439,-960.1548,58.104164,698.0653,143.01952,194.65338,187.37335,0.009116819,2.7360535,59797.438,DICTIONARYBRUTEFORCE
33.95336,4.909508,65.16115,24760.59,0.052355085,0.13127017,-0.018918507,0.363214,0.87667936,0.028108133,0.015851479,8.741379,0.82359946,0.24461368,-0.061467633,0.09746988,0.51929706,0.047105495,0.0053824065,0.0036901003,0.11895894,-0.013229765,1.017798,-0.023954872,0.017246185,-0.011646534,-0.0342509,-0.006916253,1.0210657,0.993414,136.94238,65.97212,1435.5658,348.67184,513.79205,377.22934,0.0029639069,8.770805,332008.1,DICTIONARYBRUTEFORCE
21.7674,7.221146,92.09418,1944.2993,0.031402923,0.31048217,0.01461968,0.16136728,0.3163154,0.013700498,-0.04995806,4.575485,2.160208,-0.3310198,-0.06942,0.05950883,0.066551976,0.124694444,0.058839925,0.04035942,0.09511319,-0.01021977,0.6235487,0.29547152,-0.014525261,0.03141196,0.071827024,-0.0119270375,0.98969847,0.95306456,-2789.7988,60.829777,293.20618,86.633415,53.7475,160.5012,0.0245069,9.928452,4262.809,DICTIONARYBRUTEFORCE
33.85426,2.084635,91.60886,-1393.7427,0.21849124,0.084231876,-0.027020061,0.29629347,1.0169616,-0.033850983,-0.039929323,10.1545315,1.7240376,4.6180935,0.12289624,0.3903633,0.050224252,0.08856742,-0.03560534,-0.061994508,0.24173924,-0.0025290204,1.0050305,-0.073804125,0.065792605,0.019353297,0.015019335,0.0074760425,0.9199221,0.99641144,193.63281,67.730225,1206.7664,258.61234,416.26614,256.69772,0.0177612,5.641304,210725.75,DICTIONARYBRUTEFORCE
18.2222,11.491995,92.89124,-3571.6445,0.032546412,0.081868105,0.02355187,0.123807564,0.4066276,0.009513377,-0.028369848,4.1344557,1.3168525,0.20271046,0.08098998,-0.18309726,0.39805436,0.13468304,-0.0043884944,-0.016469315,0.11746955,-0.043798875,0.4457006,0.54770994,-0.002095378,0.03017827,0.024335075,0.011746626,1.0176371,0.9928708,685.4707,67.3342,334.13647,124.783195,79.99893,142.8612,0.011957073,11.028076,-1505.3987,DICTIONARYBRUTEFORCE
21.02501,9.165897,89.86373,1178.2661,0.0044993404,-0.011029299,0.015679548,0.10100142,0.6069949,-0.027827404,0.008587468,5.1086693,-0.7810968,-0.09990466,0.044985145,0.06887126,0.2444595,0.05095672,0.015050357,0.0071889064,0.10486174,-0.0032697385,0.62138957,0.32838494,-0.013311787,0.0426275,0.011989734,-0.018086959,1.0048885,0.9625389,4067.3743,60.44208,1251.7493,260.26553,445.5659,274.033,0.005304289,13.944862,245303.6,DICTIONARYBRUTEFORCE
28.8149,3.8564277,95.80082,3049.3462,0.059637148,-0.0015831884,-0.01757159,0.34107864,0.9603167,-0.010463277,0.0016754004,8.966289,-0.23223132,0.69361866,0.16373551,-0.043713022,0.69001776,0.02718193,0.034698706,-0.021847837,0.10771524,-0.07139402,0.9587678,-0.0074855606,0.0133053325,0.05648303,-0.019916601,-0.030669212,0.9829477,0.94337535,6164.7407,60.139412,973.5514,316.3273,362.7175,350.36172,0.011720439,9.80426,174929.97,DICTIONARYBRUTEFORCE
14.039792,14.093758,93.52867,-1636.438,0.08365456,0.018075101,-0.029044043,0.2592998,0.24382724,0.06360878,-0.043638125,2.333837,0.88383436,1.540797,0.008000339,-0.16592397,0.029207204,0.14297336,-0.028248798,-0.06900513,0.17992674,-0.03847006,0.21736026,0.7267407,0.020460041,0.097924806,0.07904185,-0.03036739,0.9790552,1.0024819,5109.843,68.378456,906.9214,245.48175,230.1907,331.28253,0.02024241,3.0708237,54587.434,DICTIONARYBRUTEFORCE
17.282028,11.717184,77.482155,-4106.9253,0.01369722,-0.0021373362,0.046244357,0.020826403,0.42029428,-0.0035307289,0.006233193,3.4296954,0.094921336,5.2470714e-05,0.24608327,-0.20760663,0.5723635,0.10256015,-0.004060017,0.0019111438,0.07699554,-0.032675788,0.45372027,0.52764416,-0.020220948,0.07108211,-0.012848901,0.014495498,1.0281097,0.9660553,4746.7773,61.83259,197.20853,170.85803,58.66506,163.18704,0.0068337987,15.22197,5410.5933,DICTIONARYBRUTEFORCE
23.308302,7.149689,106.47043,9333.155,0.06167149,-0.03433083,-0.022629825,0.073395245,0.6979874,0.00041347288,-0.006118859,5.4189153,-1.2608904,0.054652873,0.5562725,-0.18634646,0.7171517,0.046415124,-0.0139883645,0.007070866,0.111512005,-0.058049116,0.6861284,0.2430707,-0.044141006,0.10359105,0.011443756,-0.000561513,1.0299673,0.9569059,6506.3843,62.505974,910.7963,417.58676,298.66034,393.46237,0.021384733,3.6443481,131056.83,DICTIONARYBRUTEFORCE
31.13295,4.0743046,63.59128,408.35352,0.12563309,0.0110969385,-0.026694402,0.5075828,0.95970637,0.033252873,-0.0055153575,12.7128935,0.8034482,3.9656627,-0.10331231,0.24013743,0.104620814,0.08963206,-0.011193817,0.012269881,0.17081706,-0.031213462,0.96333385,-0.001576312,0.05187219,0.08816604,-0.0023234915,-0.014900349,0.8963564,0.9321364,-3802.1963,64.045395,534.19885,136.35342,125.80017,141.47105,0.019973934,5.925583,4674.826,DICTIONARYBRUTEFORCE
21.380344,9.672796,78.31449,-2952.3945,0.066119045,0.2163718,0.028347377,0.03494635,0.3951107,0.018861067,-0.009101581,3.5022752,2.407359,0.5145216,0.4410327,-0.1352687,0.38555843,0.14092036,0.013485888,-0.047800846,0.1379582,-0.044765748,0.5083449,0.4463956,-0.019714685,0.051752858,0.04450143,0.011467751,0.9833938,0.9623641,-1945.1841,62.790184,77.56824,85.99061,39.470215,91.665634,0.014265079,7.427536,7410.3687,DICTIONARYBRUTEFORCE
21.527983,8.880373,89.81848,3227.603,0.037993226,-0.022038562,0.012356114,0.289541,0.6237186,0.026847487,-0.023871217,5.409428,-0.7097799,-0.13663855,0.011030118,-0.13674697,0.689946,0.010377862,-0.01977395,0.10123026,0.051909767,-0.09427346,0.67547745,0.28158152,-0.03751215,0.10413495,-0.037450317,-0.005090246,1.0099441,0.96631956,1113.3413,59.99612,130.53825,143.08722,51.057537,143.71951,0.014470146,10.211716,-3938.3767,DICTIONARYBRUTEFORCE
36.323345,2.823028,98.780685,1590.4421,-0.059524402,0.20856474,0.043305375,0.31848904,1.0321501,-0.026766412,-0.024127318,10.617481,2.136005,-0.25877362,0.10941445,0.14861244,0.55673116,0.04994059,-0.031897217,0.031646106,0.11629038,0.029780392,1.1477714,-0.16991194,0.044196114,0.021453714,-0.06431534,0.07470885,0.951058,0.95342815,921.7241,75.405624,1714.535,600.6133,625.29694,620.93243,0.009242134,3.7364655,369161.38,DICTIONARYBRUTEFORCE
25.904697,6.331678,97.44141,-1732.9839,0.0156484,0.064633265,0.03048473,0.12602381,0.7705501,-0.020372711,0.007090631,7.7247443,0.961085,-0.026510779,-0.011560562,0.045750182,0.32439786,0.09113275,-0.00070621725,0.0011978345,0.1287984,0.0011451589,0.8215617,0.1416404,0.017064378,0.03395285,-0.023761913,-0.009957244,1.0173359,0.9630365,-2291.3643,62.993458,484.30035,90.94677,148.6347,114.26935,0.0054804184,10.21653,30359.86,DICTIONARYBRUTEFORCE
28.810162,5.262673,60.744926,2099.9119,0.07894659,0.04744032,0.007150082,0.20428877,0.81337017,-0.023327406,-0.0063852966,7.6213474,0.5432962,1.0899743,-0.021998221,0.028533839,0.55781883,0.05535204,0.0021410827,-0.019145705,0.16805586,-0.022242002,0.84647495,0.08660649,0.00624961,0.062145464,-0.012843527,-0.025427971,0.9913769,0.951591,1166.0283,62.313644,1295.2776,268.02316,512.8584,303.67065,0.006536889,11.801697,324575.84,DICTIONARYBRUTEFORCE
25.496326,6.795904,91.26221,3359.9287,0.05727525,0.1881799,0.0021864357,0.17121811,0.53174484,0.060693033,-0.0021419115,5.497024,1.1579461,-0.10999333,0.061474554,-0.10948255,0.64312565,0.09416559,-0.01000801,-0.00024751294,0.11574163,-0.011930367,0.7451271,0.224782,-0.027700637,0.030526789,-0.0013830978,0.02979939,1.0066963,1.016404,5078.7964,65.21198,442.08722,142.58379,182.93695,171.45847,0.016569372,10.157425,85710.84,DICTIONARYBRUTEFORCE
22.847923,9.011443,88.592545,372.25366,0.030147716,-0.013783315,0.025385752,0.19565316,0.65134245,0.027498774,0.0097458735,6.3174553,-0.44212875,0.07585288,-0.05275105,-0.10982598,0.41904733,0.07186594,0.0068608252,0.02659222,0.117319785,-0.0014017941,0.6381223,0.369729,0.029249026,0.041360393,0.014688216,-0.0065785367,1.0159444,0.97486067,2151.8704,64.34374,532.35516,266.1789,145.64853,279.4395,0.005481884,6.067337,27781.77,DICTIONARYBRUTEFORCE
18.315315,8.871541,92.43506,-383.39746,0.006176671,0.013835548,0.05690489,0.11639197,0.53284496,0.0030245115,0.014022205,5.4611783,0.33615243,-0.20129707,0.78355265,0.061698202,0.042088423,0.05941017,-0.013778897,0.023858996,0.13325301,-0.012967598,0.52958167,0.3701425,-0.00943672,0.12709156,0.0065786997,-0.015956039,0.9610546,0.9289325,251.22607,58.26613,264.24933,131.43645,120.73165,148.20804,0.013911639,5.8237457,29724.271,DICTIONARYBRUTEFORCE
24.608078,7.005191,67.64909,-1332.4448,0.048503563,0.21001105,0.013414949,0.2266896,0.5354841,0.016202297,0.034655306,4.9804316,1.8365328,0.057624757,0.05646471,0.121357426,0.15985374,0.08517214,0.016754098,0.0011033472,0.102476254,-0.0472114,0.7390948,0.20097674,-0.02211676,0.016266257,-0.017251913,-0.00028795563,0.9751565,0.9520836,-588.50684,63.8449,538.83655,113.45137,203.40659,127.80727,0.010631414,14.421783,73893.75,DICTIONARYBRUTEFORCE
22.334484,10.124342,86.88349,-690.42725,0.06013136,0.05328233,0.00067647314,0.110300355,0.5157426,-0.0063621323,-0.04286244,4.2256217,0.8405888,-0.068408675,-0.0026949495,-0.26748732,0.8154915,0.12531112,0.000593001,0.00062988605,0.10890505,-0.06349993,0.53140587,0.46662527,-0.009019493,0.095869556,0.002636998,0.0011748634,1.0224864,0.96219593,-2819.0605,65.65189,229.68689,192.24593,69.57658,216.93428,0.02090949,7.094139,-865.75494,DICTIONARYBRUTEFORCE
25.95242,6.822374,96.02464,785.81714,0.070037514,0.12983146,0.013567766,0.25807944,0.6533602,0.0010608201,0.02179767,5.9283953,1.3495798,0.2941493,0.047220647,-0.04042691,0.42934307,0.11556737,0.024322301,0.006805528,0.099063694,-0.050820775,0.740055,0.23418829,-0.008254534,0.03597107,-0.006005736,-0.008049513,1.0079739,0.99149406,-736.83887,69.1565,527.5542,177.63358,161.95444,228.43253,0.01252676,8.178963,40670.188,DICTIONARYBRUTEFORCE
28.30353,7.2195697,93.44515,17408.531,0.05458251,0.1798713,0.038903594,0.0998427,0.66784555,-0.03992871,-0.0062880083,5.3316684,1.448358,0.67092705,0.026936002,-0.05410083,0.654308,0.069125704,-0.021242935,-0.0013395213,0.09811933,-0.052108247,0.8338641,0.13438907,0.01733834,0.0023990998,-0.011552855,0.020949274,1.0335467,1.0129299,2440.6472,84.89902,845.4766,448.5146,280.47864,505.80698,0.010231022,9.503365,111089.79,DICTIONARYBRUTEFORCE
28.091263,3.8390324,58.877106,7865.8945,0.015737947,0.08022747,0.034406606,0.22061716,0.8408228,-0.012289757,-0.03168258,7.7332454,0.6370779,0.083394796,-0.17637077,-0.20323008,0.6989849,0.04905935,0.041415967,0.018155714,0.07644051,-0.06520149,0.90913945,0.07890788,0.008582712,0.08231938,-0.056114312,-0.004625423,0.90885407,0.92167944,-2748.8828,60.656754,2124.6724,611.2092,796.6862,661.941,0.025660612,-1.6354446,926620.1,DICTIONARYBRUTEFORCE
26.692928,7.026394,85.857315,7300.536,0.057935916,-0.02060504,0.010948148,0.08783636,0.7636532,-0.0035626376,0.011986486,7.3185763,-0.6028192,0.34242272,0.001237262,-0.03654879,0.61835873,0.06284638,0.04349666,0.021728609,0.075412005,0.011666067,0.755727,0.21625939,-0.021346446,0.029268723,0.0032822834,-0.0109236585,1.0141023,0.97876424,4244.8975,64.05196,1417.6136,441.58282,532.8887,429.6483,0.010545324,11.2992935,322915.16,DICTIONARYBRUTEFORCE
25.229431,7.678569,102.90605,-2689.7842,-0.038073838,0.0057913014,-0.003234765,0.23441057,0.79498714,0.003390817,-0.0048654596,9.069214,0.26349184,-0.2802906,-0.017769016,-0.08841701,0.67915267,0.04260641,0.020093225,0.0655157,0.07121795,0.0015170686,0.8304625,0.16271731,0.0021759537,0.08752559,-0.03838612,-0.012414101,0.97581744,0.9470655,-2573.962,59.387505,225.30833,69.807076,72.29509,63.29464,0.009224769,12.752281,-4841.8936,DICTIONARYBRUTEFORCE
19.283817,9.872324,95.23408,-7626.9136,-0.013203759,0.051192105,0.022555469,0.18175021,0.53510034,0.033727877,0.014532179,5.717586,1.0191671,-0.12732236,0.11428606,-0.1332339,0.31753013,0.109741226,-0.030146092,-0.016642014,0.16493592,0.0007137004,0.5241915,0.41693363,0.0026184414,0.09781472,0.05090067,-0.039963484,0.9723911,0.9443295,493.1748,59.9324,477.07883,149.32285,154.40744,154.84317,0.01454986,6.6539993,40074.793,DICTIONARYBRUTEFORCE
23.938375,6.819757,79.435074,-1467.6831,0.044150893,0.22137685,0.011815274,0.051313233,0.4802015,0.012012032,-0.031717848,4.1649437,2.234529,0.37219253,0.18049268,-0.041854028,0.41731745,0.17339148,0.05012052,0.08397165,0.07182812,-0.036610745,0.63213444,0.2622547,-0.045608576,0.09084451,0.04165718,-0.020999212,0.95198333,0.89353216,-403.0796,63.75952,235.7868,120.70251,79.128555,166.63129,0.028057504,3.6232758,11073.67,DICTIONARYBRUTEFORCE
28.65926,3.1193202,83.399994,8620.204,0.112585515,0.21452332,0.04159744,0.13494469,0.77947754,0.027967628,0.02154525,6.2375913,1.6618016,-0.08963176,0.1456753,0.15154408,0.16878152,0.07266241,0.04453178,-0.017735712,0.11747583,-0.020035384,0.8621687,-0.0070875664,0.01500327,0.046141714,0.0470224,-0.042111598,0.99457407,0.8870204,-1812.6792,60.822304,640.0079,165.7378,191.31949,191.83362,0.014947422,0.6117859,82957.336,DICTIONARYBRUTEFORCE
28.19794,4.335613,75.527756,1805.8506,0.06886416,0.19390373,0.016040599,0.21240817,0.72854507,-0.00087903463,0.049352277,7.5069094,1.6527258,0.14896199,-0.046765998,0.1321351,0.24148872,0.090780176,-0.008370661,-0.0021450035,0.18484625,-0.016561193,0.85137284,0.056003924,0.004773487,0.061087836,-0.006974251,-0.0075611654,0.99302506,0.96000856,-1073.7427,62.838474,700.1575,73.481964,224.25482,109.66903,0.011195806,7.2939377,100379.8,DICTIONARYBRUTEFORCE
20.822893,8.185224,108.12117,6921.6904,0.102048084,-0.013557454,-0.00852242,0.121865585,0.55937815,0.009747892,0.0011646794,4.7225385,-0.3482049,0.17870857,0.034380242,-0.050891623,0.37628782,0.05119549,0.016383262,0.034899224,0.060719386,-0.056690056,0.57587266,0.34450024,-0.032394335,0.11447195,-0.024514737,-0.013683027,0.95109403,0.9153624,1279.3726,59.106552,132.53542,132.13904,51.586376,137.41019,0.020795042,4.336075,-4030.3933,DICTIONARYBRUTEFORCE
22.544762,6.6336374,96.0561,12636.365,0.02418298,-0.023017794,0.012529324,0.13209628,0.67505294,-0.01186876,0.0020127161,5.9616656,-1.023607,-0.18231025,0.043374483,-0.107244715,0.5023918,0.025790436,0.013479646,0.02327894,0.095641375,-0.009511839,0.67820036,0.25813258,-0.029713754,0.10188532,0.017225374,0.0021939632,0.976674,0.92026734,2658.671,60.296867,130.40105,185.54544,31.89199,205.84335,0.01991939,5.4267044,951.0686,DICTIONARYBRUTEFORCE
24.451097,6.9353924,91.28754,-467.65234,0.06448411,0.0327756,-0.016494565,0.13906552,0.73132974,-0.003196543,-0.019778822,6.9040914,0.6281482,0.43567824,0.061879948,-0.077105194,0.6262262,0.08172113,-0.0060387887,-0.010517634,0.11147283,-0.03662624,0.70239836,0.24378885,0.011898409,0.048405483,-0.008979346,-0.036476847,0.97975326,0.9845508,3937.3096,59.771027,1780.4805,443.65063,630.06555,461.7981,0.014839763,9.195091,386737.5,DICTIONARYBRUTEFORCE
30.475838,4.040882,99.72076,-2720.3623,-0.012045343,0.03594664,0.0060414313,0.15734233,0.9427483,-0.022466809,0.009070553,10.396847,0.57534444,-0.020900268,-0.016380787,0.12893799,0.53989834,0.05684262,-0.006728149,0.01915776,0.11908759,-0.012134015,0.96342564,0.0021082833,0.0058715977,0.030772317,-0.05291907,-0.038869444,1.0006231,0.9766787,3584.126,63.127632,1664.6392,345.76907,589.6378,349.4224,0.0047295615,12.585472,365761.1,DICTIONARYBRUTEFORCE
24.707592,6.555755,77.30824,-2835.0264,0.030208398,0.010030435,-0.035039682,0.47924098,0.7621202,0.05052544,0.01295165,6.8762217,0.13327333,0.11734217,0.046894494,-0.07284432,0.6196935,0.05725577,-0.00746611,0.020251337,0.124916345,-0.047193687,0.77864707,0.17174044,-0.0053924927,0.05164824,-0.011269431,-0.020585174,0.9755217,0.9674397,961.53564,60.344585,1157.881,258.3709,374.77106,263.94495,0.01244149,11.136917,148790.34,DICTIONARYBRUTEFORCE
26.461815,5.388324,103.87753,-5886.7124,0.088970795,0.15774715,0.004736155,0.31194198,0.7398791,0.034134995,-0.047943115,7.2764516,1.8694224,0.9202475,0.230854,0.15135355,0.0983282,0.10028811,-0.034966104,0.024393938,0.14194533,-0.018559588,0.8304151,0.14534514,0.01754459,0.045027826,-0.024088956,0.012119258,0.91999865,0.950004,-4267.297,61.821827,-64.0661,-35.627464,-41.84612,-5.729706,0.017077543,5.583832,-62178.562,DICTIONARYBRUTEFORCE
31.849407,4.091855,95.89365,368.6338,0.094441,0.041673344,-0.046136968,0.25969294,1.0042111,-0.02828339,-0.03528666,12.355919,1.4203901,1.9400549,0.14187464,0.043093134,0.48735213,0.028412491,-0.012824766,-0.050168674,0.20765676,0.024727302,0.86108893,-0.015360833,0.0062700524,0.057013597,0.045598935,-0.07033412,0.9679863,0.9916794,3280.13,62.069355,1495.7142,304.84247,469.54984,344.31903,0.016362617,6.302353,238276.64,DICTIONARYBRUTEFORCE
30.719692,3.981006,103.95636,1617.8743,0.08097366,0.14957458,-0.016219191,0.3265423,0.77681357,0.008234116,-0.02645353,8.538302,1.7760208,0.44566867,-0.1699643,0.025434216,0.43771082,0.09931141,-0.0010313932,0.030361908,0.13364586,-0.017173242,0.8501762,0.12077808,0.020548163,0.02467178,-0.048991203,-0.07294798,1.0006096,1.0125493,-4286.552,66.52495,768.64923,135.79291,219.95935,159.59625,0.020321567,6.03286,97972.91,DICTIONARYBRUTEFORCE
25.534641,5.4778776,91.37398,-45.01367,0.035145912,0.11450654,-0.034336023,0.3062279,0.67873484,-0.008563868,0.013639357,5.6316414,1.0740823,0.22442523,0.021487046,0.063629866,0.45686552,0.088977665,0.008020684,0.012330249,0.1226738,-0.008151586,0.79767025,0.15732056,0.0063380133,0.056559116,-0.017898325,-0.04055302,0.9719564,0.96983904,1172.3115,60.156548,514.9579,82.22485,157.9957,108.12875,0.017098887,9.440018,49096.207,DICTIONARYBRUTEFORCE
23.33441,6.294385,112.02463,7809.412,0.046430375,0.044832747,-0.008416487,0.15074395,0.6767722,-0.029654145,-0.025537912,7.650284,0.7007163,-0.12178966,0.047896225,-0.096875906,0.4295526,0.04313657,0.0605243,0.10071748,0.097471245,-0.02339996,0.68521553,0.20966153,0.028157737,0.10293252,-0.04256398,-0.03708841,1.0121906,0.8936898,-3831.4463,58.78379,213.05278,184.1359,63.27394,238.17819,0.025826547,4.172783,-1827.0696,DICTIONARYBRUTEFORCE
26.44043,7.844183,112.83673,22614.775,0.10885223,0.017509207,0.007834415,0.08963414,0.7578522,-0.037994746,0.006208713,8.46995,0.32048646,1.506133,-0.12850435,-0.108034134,0.75129414,0.09821459,-0.022590585,-0.05979664,0.1270465,-0.06762104,0.73955023,0.21407183,0.0246975,0.0325454,-0.05026069,0.015040657,1.0334632,1.0135037,-1214.0762,61.24065,1543.1871,381.07806,593.86237,379.70697,0.00345783,10.817299,367130.88,DICTIONARYBRUTEFORCE
23.10497,7.5868444,81.2279,-1756.6211,0.1102103,0.06562733,0.023906903,0.15936114,0.56990105,0.005908164,0.013255037,5.3827944,0.81026506,1.6510439,-0.0075447927,0.21764474,0.08843193,0.11373091,-0.02397325,0.0018604519,0.14793032,-0.022210946,0.63285714,0.280917,-0.0046561146,0.060196336,-0.018636722,-0.053365625,0.9666476,0.9634638,3522.7744,66.79721,477.65607,104.2412,139.69882,129.3411,0.01623043,16.678741,34883.766,DICTIONARYBRUTEFORCE
29.972383,4.294934,72.85582,1956.8293,0.0232075,0.20859806,0.040457804,0.2147988,0.80210274,0.019001866,-0.018528517,7.222017,1.9316831,-0.17181006,0.32410234,0.11729725,0.28084543,0.067799725,0.038089845,-0.0282179,0.15180802,-0.019815471,0.9674089,0.01163742,-0.0012377929,0.040910933,0.00969272,0.008200238,0.98302865,0.95497507,-1263.3408,63.266464,955.47125,256.71658,380.45007,311.82812,0.007449502,4.1885834,205045.05,DICTIONARYBRUTEFORCE
25.971699,6.3796353,97.5417,-978.7749,0.0384114,0.0034221974,0.0519308,0.21074545,0.80391985,0.012864894,0.014406189,7.3259096,-0.25994635,0.07792144,0.9400848,-0.010932343,0.507993,0.055378765,0.02020329,0.05522907,0.068180814,-0.05127932,0.84310526,0.115525976,-0.014218651,0.06742115,-0.029689223,0.016016738,0.98249215,0.9594145,-264.82666,63.12336,138.36426,65.06738,49.814457,61.59682,0.008018639,13.690529,-8552.521,DICTIONARYBRUTEFORCE
30.78925,4.6135097,91.17801,1153.6057,-0.07209082,0.2595559,-0.01761506,0.22932489,0.68813777,0.025175858,0.04108637,5.5023685,2.2175834,-0.118749335,0.0068967976,0.14134544,0.121839516,0.07174299,0.01773445,0.038975313,0.06562559,-0.0003549317,0.8844861,0.0061331484,0.022554463,0.004361463,-0.035768334,0.0063786656,0.9236497,0.8777079,-3548.3096,86.94606,370.2047,221.00433,92.61184,246.99036,0.012901898,5.6150208,9861.431,DICTIONARYBRUTEFORCE
23.11533,7.297385,95.755936,-2625.1758,0.021592919,0.016064608,-0.013529902,0.17696868,0.64102805,0.029454622,0.022748532,6.6615133,0.35115716,-0.0209595,-0.030913252,0.0130749475,0.4901441,0.09632547,0.024381954,0.044464074,0.08736172,-0.03870534,0.70092905,0.24354766,-0.007811876,0.06630427,0.00023497269,-0.013521424,0.9729034,0.9124635,-3.349121,61.070087,170.38203,51.828712,80.14676,66.23222,0.014581272,11.563522,3404.6062,DICTIONARYBRUTEFORCE
27.539225,5.987635,128.80205,-2498.1611,0.036615003,0.1830015,0.02097822,0.1371174,0.6958066,0.028710674,0.014387948,6.081089,1.5216626,0.2479105,0.044755273,-0.10309588,0.73345435,0.06746915,-0.0014329003,0.008267522,0.102945924,-0.044691533,0.85975105,0.079461284,-0.011178315,0.005934639,-0.002705264,0.029098362,0.97931165,1.0081599,4373.7505,63.563034,189.65253,26.197098,62.307766,52.001827,0.0095901685,12.813141,10922.91,DICTIONARYBRUTEFORCE
24.261599,7.7251673,85.24709,1624.4473,0.036227055,0.22090743,-0.018948823,0.28083196,0.5118387,-0.012564572,0.01667998,5.0132647,2.0537493,0.17952548,-0.00064054504,0.12062176,0.0385362,0.10813531,0.018998696,0.0720501,0.11820268,-0.020193027,0.6919232,0.23797159,-0.007570516,0.00038705883,0.020770358,-0.0027016923,0.9660957,0.9857762,1665.8667,61.536247,48.98506,96.857834,25.387321,77.66639,0.009839542,8.286758,-11837.598,DICTIONARYBRUTEFORCE
29.241993,4.465041,76.80356,-3825.3872,0.07663078,0.14654274,-0.008927543,0.34163687,0.8015936,0.013267789,0.0017268793,6.9628453,1.6205606,0.70307827,0.3042129,0.075192414,0.49023196,0.073559225,-0.023943854,-0.024366418,0.14132391,-0.019266287,0.885018,0.054569203,-0.004744334,0.0575604,-0.01904691,-0.04436624,0.9692024,0.97358406,832.1968,65.127495,638.0094,125.26651,188.8917,153.51428,0.015283788,9.027786,58423.773,DICTIONARYBRUTEFORCE
27.525608,4.9062138,63.911175,-8049.6245,0.024617745,-0.011323759,0.011141986,0.322811,0.87746125,0.003643863,-0.0071140733,10.03827,-0.29665923,0.20610139,0.012397374,-0.17199837,0.7783012,0.036728706,-0.0037960662,0.003205333,0.12703487,-0.01585999,0.8567487,0.09232956,-0.0022561639,0.05701939,-0.014977029,-0.034383763,0.96804863,0.9246044,951.5625,63.905453,518.239,211.63997,161.04865,195.03871,0.01441143,11.734299,39143.773,DICTIONARYBRUTEFORCE
26.487268,5.196155,57.496128,294.54834,0.012571797,0.13823529,-0.0026479922,0.3168901,0.7328441,0.0072964747,0.008393905,8.062836,1.3402793,-0.023543777,0.010338425,-0.063438945,0.6314304,0.055408135,0.024803003,-0.008799,0.11829691,-0.032907773,0.9036727,0.0611328,-0.0061970893,0.0870288,-0.009743147,-0.0054238457,0.9665834,0.9137907,-2904.0576,58.6503,426.94595,76.913574,171.32819,110.83664,0.008688105,10.95919,64106.88,DICTIONARYBRUTEFORCE
22.222664,7.151988,96.01875,-303.6001,0.00073567964,0.085550405,0.0025361776,0.27166143,0.6029804,-0.010325151,0.040958636,4.746093,0.7062518,-0.14160603,0.093005195,0.1510054,0.062096037,0.06353287,0.0069889566,0.04524932,0.11548935,-0.0033469452,0.6896518,0.21968368,-0.028246488,0.04311067,0.016630251,-0.019383248,0.9924702,0.9614329,1554.0576,60.054626,547.3275,98.934166,193.91653,118.092285,0.00823683,12.101845,63619.54,DICTIONARYBRUTEFORCE
22.635567,8.686185,71.973915,930.08936,0.014367158,0.020563126,-0.0054505863,0.23705311,0.625621,0.019065535,0.002938211,5.2045383,0.05957063,-0.059158396,0.05545784,-0.016742704,0.35186422,0.065587476,0.004845336,0.0027072616,0.11707188,-0.019745898,0.6552856,0.30127674,-0.017443638,0.04748944,0.0027163466,0.0012155343,1.0220014,0.980616,589.71875,62.860714,538.3734,183.03113,187.77042,187.10602,0.0056803348,13.627541,55597.105,DICTIONARYBRUTEFORCE
21.022554,6.6382194,111.58122,-1748.3779,0.0254151,0.1837116,0.038223114,0.22761805,0.5028216,0.0026200707,0.042059667,4.4490576,1.6134624,-0.018823542,0.19567394,0.044472307,0.14616048,0.09578145,0.0011051167,0.0042817695,0.10109164,-0.031194989,0.68786365,0.23128065,-0.012579617,0.0545855,0.03918322,-0.008897734,0.96261406,0.95156187,4038.5315,61.025917,613.9248,119.593285,215.94415,138.11589,0.01247243,17.299988,87701.78,DICTIONARYBRUTEFORCE
21.166597,8.239729,85.32882,36578.88,0.043349,-0.0050706235,0.0012604217,0.015452804,0.5809762,-0.005279794,0.010930457,4.5752945,-0.3434765,0.0240836,0.03653013,-0.031981576,0.3627275,0.08464094,0.04792029,0.011050807,0.074704334,-0.024597796,0.60349727,0.32574588,-0.03768017,0.07022456,0.02125037,0.010878499,0.98884165,0.9471535,1976.4678,59.94962,5.4809265,87.967064,10.47982,86.225746,0.010649109,12.792778,-1770.4971,DICTIONARYBRUTEFORCE
30.940142,4.7610044,75.64665,1483.0852,-0.0106582595,0.06290092,0.024203967,0.33679816,0.90224344,-0.0106522795,0.061305355,9.672611,0.7492835,-0.32208836,-0.14809015,0.07152624,0.51133174,0.059075862,0.03633059,0.034075063,0.10836063,0.00014091376,1.0040405,0.0035316756,-0.028008427,0.06280817,-0.016698172,0.05486012,0.9866073,0.93042916,-2190.9087,62.502666,1091.8674,261.0557,452.37466,289.643,0.006380823,8.372749,326856.3,DICTIONARYBRUTEFORCE
26.453579,4.846952,88.45949,3386.004,0.027564477,0.015255741,0.041605722,0.28917632,0.88156575,-0.017462024,0.02512657,11.440811,0.4923765,0.109147295,0.07412361,-0.022471786,0.4762056,0.057089474,0.0050452864,0.003373525,0.12052082,-0.05320314,0.9078742,0.05656105,0.00062908744,0.053724155,-0.024809022,-0.024887636,0.9761526,0.92543954,-1618.5742,58.3733,874.53033,207.97931,296.88666,218.32513,0.0058076894,13.416847,124960.414,DICTIONARYBRUTEFORCE
20.519882,8.597727,72.04425,-2111.6807,0.013062639,0.025931662,0.0128139295,0.095310144,0.5461458,0.03081436,0.031355854,3.8406177,-0.050774932,0.05037936,0.08654818,-0.05526763,0.5842617,0.05161973,0.008517698,0.010078432,0.09031071,-0.014950775,0.62852603,0.32446876,-0.019601263,0.04238777,-0.0063301437,-0.024316737,0.99669933,0.9670171,2582.3413,59.54588,357.42084,187.95284,150.78021,189.85693,0.0055897096,16.934563,50221.58,DICTIONARYBRUTEFORCE
23.49763,7.131696,117.3665,-2332.2354,-0.039059415,0.07470683,-0.000565697,0.34374502,0.6961435,0.001147773,0.024168521,6.333864,0.7594189,-0.2923578,0.03834124,0.0961712,0.18429123,0.05498964,0.013576483,0.057660133,0.11788522,0.0034581916,0.7714842,0.1706951,-0.024685,0.028675854,0.007693101,-0.0047638454,0.9876653,0.96007156,1861.2549,60.635258,206.61862,154.85985,67.07286,151.55695,0.009415019,10.446091,1274.2483,DICTIONARYBRUTEFORCE
25.711246,6.3088703,88.96803,-1806.9424,-0.014881508,0.007891752,0.05398044,0.07871737,0.7908497,0.030997796,0.0045391987,7.090712,0.1771715,-0.14854841,0.41570354,-0.074143186,0.6249591,0.056724414,0.018849552,0.03935714,0.073684335,-0.0061660213,0.8377976,0.13166837,0.0056407205,0.07678471,-0.010063764,-0.004261639,0.96469766,0.92725646,-4095.5713,62.58637,72.41289,35.343925,28.506458,16.900253,0.008529943,10.921593,-9168.087,DICTIONARYBRUTEFORCE
36.157234,2.5550022,56.176342,628.77,-0.028564222,0.057505663,0.019130472,0.2726545,1.0564082,0.0034671025,0.0049430598,11.792692,0.82306015,-0.12198924,-0.01435235,-0.084302664,0.97326547,0.014881173,0.0076561603,0.029648777,0.15140522,-0.00894728,1.1200204,-0.16473357,0.012571799,0.09751235,-0.05778315,-0.0065939315,0.9536852,0.8969655,3064.6787,65.38825,1650.9147,398.80777,649.1216,413.55084,0.013836935,8.114761,497466.2,DICTIONARYBRUTEFORCE
20.096607,8.967759,93.5533,77.9707,0.036194354,0.032695457,-0.03516654,0.14809346,0.5032404,-0.0052764416,4.686881e-05,4.2092085,0.48553345,0.30662772,-0.032892626,0.0020712195,0.30387175,0.1075691,0.023391008,0.01357279,0.113855824,-0.023420118,0.52111447,0.4291174,0.0036355434,0.060747147,-0.012569911,-0.035141855,0.9742493,0.9718274,2068.2222,58.766457,827.49023,198.9323,319.88824,234.62332,0.01781843,8.734322,153607.94,DICTIONARYBRUTEFORCE
21.859848,8.124144,70.2044,-485.98877,0.06748184,0.11926923,-0.0025939778,0.2701759,0.5334683,0.019727759,0.0033749407,5.143483,1.1534082,0.09992275,0.038419925,0.14542258,0.0539307,0.09165353,0.013261898,0.04864917,0.11744882,-0.038523383,0.65055877,0.27447733,-0.004610133,0.057060387,0.010686614,-0.020540843,0.91758376,0.96582484,350.16992,58.54725,198.64,61.56717,54.42741,76.83969,0.011577457,14.6503525,-13551.371,DICTIONARYBRUTEFORCE
21.741423,8.327015,68.870926,-1990.4175,0.047245413,-0.023891166,0.030931497,0.13340859,0.65774935,-0.010318903,0.014472857,6.2283473,-0.7683332,0.16823159,0.05325401,-0.05210522,0.51864594,0.03621033,0.008391318,-0.003155782,0.096389465,-0.0313723,0.65327233,0.25826856,-0.037192177,0.061527483,-0.0048289075,-0.01710907,0.99210405,0.9386295,3394.456,59.654633,284.8236,130.38806,102.2698,112.851814,0.010272113,16.046265,19989.844,DICTIONARYBRUTEFORCE
26.82071,7.832836,78.45146,71.45557,0.08672443,0.015256769,-0.033646137,0.432827,0.7726119,-1.6815611e-05,-0.01602833,8.197754,0.329646,1.8274751,-0.09380029,0.0716761,0.2218869,0.07670137,0.005841269,0.01334754,0.15428361,-0.024909254,0.7373306,0.26685852,0.0404454,0.029524572,-0.00544284,-0.028388882,1.0096363,0.99554425,-654.29346,63.359814,482.48718,172.48085,137.88513,185.93729,0.0075143054,7.022064,13972.298,DICTIONARYBRUTEFORCE
17.196957,11.827815,83.5451,-928.52246,0.076731235,0.024380542,-0.011325241,0.052004416,0.37089396,0.021536367,-0.013042131,2.9481888,0.33933336,0.19818105,0.12984832,-0.017711762,0.27360633,0.12759414,-0.00014724676,0.059924163,0.07581322,-0.07068474,0.3888909,0.54025584,-0.0117812455,0.10952101,0.0031322706,0.012368168,0.9441476,0.9462866,3356.0168,59.890717,-104.679016,57.534798,-38.593586,73.81751,0.016171409,13.197792,-40537.32,DICTIONARYBRUTEFORCE
18.168436,9.747984,106.56634,-1449.9985,0.0055595115,0.025839893,0.0039934344,0.062510826,0.47909778,0.034065194,-0.009807844,4.3891087,0.45587784,-0.14346805,0.045235004,-0.057762697,0.421406,0.08656068,0.029512847,0.019122854,0.061265435,-0.054487716,0.523663,0.42733493,0.011087371,0.098712005,-0.009918403,0.012726597,0.9785327,0.9473804,-902.7134,59.988297,639.87775,240.98376,251.44012,237.36942,0.012606819,9.781799,91075.41,DICTIONARYBRUTEFORCE
28.149246,4.1497226,78.78752,-1093.4014,0.030874304,-0.0016384531,0.057644922,0.105425216,0.9105399,-0.012715534,-0.017815992,9.472588,-0.4217335,0.473522,1.2219422,-0.046247825,0.7542117,0.0049292855,-0.025966903,-0.031773552,0.12197375,-0.03166273,0.9364441,0.019502586,-0.013678641,0.059128474,-0.018042926,-0.026273582,1.0160886,0.9778202,11919.471,60.980614,1358.5657,606.27844,494.17407,624.0054,0.0069299983,11.715286,267902.7,DICTIONARYBRUTEFORCE
25.113932,5.451035,113.17816,706.5647,-0.029694222,0.012079588,0.022134772,0.42702317,0.7904435,0.020585492,0.025039194,7.5130897,-0.29581782,-0.17436299,0.059682734,0.11901251,0.16509156,0.030274408,0.0010653632,0.050618332,0.12249203,-0.0026338734,0.8601122,0.097886935,-0.0028214091,0.012143832,0.010699829,-0.029484674,1.0251124,0.9853198,3265.0469,62.839912,689.99365,299.23996,215.91309,297.2678,0.002319605,12.886467,70094.03,DICTIONARYBRUTEFORCE
26.64246,5.853385,75.064186,-3701.7183,-0.012607397,-0.00096040213,0.036844447,0.16289376,0.828633,0.02329571,0.037428163,10.64212,0.18951237,-0.15050326,0.008299126,0.04003284,0.47133332,0.05244914,0.021661522,0.027332425,0.09477392,-0.018100498,0.84405226,0.11823786,-0.009434168,0.04323959,-0.0030253036,-0.0011296291,0.98192525,0.943005,-640.65137,64.05716,294.4097,94.87138,109.31414,86.26832,0.008101589,15.84314,18961.367,DICTIONARYBRUTEFORCE
26.451622,5.889617,81.90022,-2415.7534,0.015883079,0.027064627,0.029769482,0.08978035,0.7798017,-0.0050932253,0.0086323535,7.7267756,0.4112857,0.052522466,0.11358832,0.0017972011,0.6043138,0.069477506,-0.019340383,0.00096137635,0.09627592,-0.033672832,0.8167148,0.11189927,0.01611238,0.059765793,-0.0028606132,-0.012821004,0.97818714,0.9442196,1026.5239,62.720654,739.87,166.90979,246.42578,162.07349,0.010480739,16.278748,95841.96,DICTIONARYBRUTEFORCE
22.616173,8.020277,110.575356,-3126.151,0.048027184,0.061204117,-0.022305502,0.43643427,0.6285258,0.0067105126,0.00076281605,5.9391613,0.64831936,0.4205561,0.06881097,-0.03028819,0.3043257,0.10078794,0.0050036283,0.040496163,0.11604983,-0.038642403,0.69409406,0.2747043,-0.0067630433,0.010980064,-0.009263534,-0.0028152019,0.9867895,0.9780519,-549.43994,60.168808,250.12012,63.531498,65.99243,68.55107,0.008640215,13.643112,-7314.1807,DICTIONARYBRUTEFORCE
27.85968,5.9437294,81.12458,45572.64,0.056632333,0.044050377,0.02580117,0.3425626,0.8108901,-0.027883206,-0.040091928,7.521598,0.5126104,0.19252545,-0.101992086,-0.1870192,0.77633816,0.047172993,-0.011982442,0.0145912375,0.078638285,-0.055898536,0.86228204,0.14724116,0.029084004,0.03117196,-0.05426558,-0.00034114346,1.0171069,0.9879759,1143.3711,60.330822,1782.684,499.64236,644.7936,564.47626,0.0118821245,7.1667633,572425.9,DICTIONARYBRUTEFORCE
25.200575,6.9931154,92.98264,1001.5183,0.17083256,0.14701442,0.0062325294,0.30417392,0.63144994,0.021091977,-0.019130414,7.03379,1.7336719,2.1176863,0.035999928,0.02621821,0.31638062,0.13787618,-0.020791514,0.028344285,0.14803919,-0.046808638,0.719637,0.2690353,0.022087991,0.055904392,-0.052895322,-0.0175227,0.9497183,0.9736813,-1682.9932,63.490837,599.1116,155.78603,138.26532,222.87204,0.018835539,7.5196075,16802.979,DICTIONARYBRUTEFORCE
25.76928,7.5914936,138.34222,-1070.9268,0.021788351,0.059319742,-0.025312325,0.19746749,0.67597127,-0.032961197,-0.056630142,7.400316,1.123235,-0.052647173,-0.1499613,-0.048862204,0.5635175,0.13390782,0.01233724,-0.018924138,0.12250148,-0.0010861875,0.72797537,0.23826332,0.003971169,0.026270831,-0.013007203,0.014279297,1.0360845,0.98382664,3509.0818,62.665882,2051.5112,403.10403,757.9228,411.49493,0.015694877,12.648041,562789.8,DICTIONARYBRUTEFORCE
21.648493,7.9004025,83.37874,-1788.7363,-0.014071528,0.16250525,0.057250377,0.112465635,0.5403198,0.008656847,0.023270192,5.3860703,1.6010032,-0.05248431,0.67644536,0.030810632,0.2767271,0.08904578,0.0072923996,-0.030298086,0.11114593,-0.02098706,0.6680627,0.2765818,0.008206436,0.033981945,0.007940516,-0.014320573,0.998352,0.96654767,3061.6934,61.583725,886.7262,206.89174,334.62076,232.41827,0.008498046,15.16777,162062.33,DICTIONARYBRUTEFORCE
24.061337,6.8724985,93.062294,1374.2886,-0.016668454,0.0426141,0.008226981,0.06207477,0.67473215,-0.015314957,0.050736967,6.219354,0.59891355,-0.13645956,0.07070173,0.012300707,0.39869457,0.075500764,0.055168528,0.04827645,0.08078217,-0.042653583,0.75405705,0.17410097,-0.012020178,0.09422518,-0.030351544,0.0024229474,0.96643674,0.9241234,-2214.9434,60.637947,176.39923,143.4007,83.356445,125.07641,0.006282443,8.460823,8013.7256,DICTIONARYBRUTEFORCE
27.350548,3.3992312,88.66705,234430.52,-0.001277905,0.23648658,0.058835052,0.25080806,0.86269456,-0.120153725,-0.020252686,7.8363557,1.7443031,-0.09381823,0.26028636,-0.17405194,0.33561406,0.046643257,0.029891368,-0.020928776,0.12105965,-0.05913222,0.88366485,0.00018909575,0.050639506,0.06709739,0.035947334,-0.083085254,0.8740249,0.93982196,-924.2798,60.51004,621.15027,312.95905,204.52289,349.59406,0.012878395,11.123222,102173.57,DICTIONARYBRUTEFORCE
37.961395,2.7638059,82.63396,6276.307,0.023374649,0.23934169,-0.038679127,0.50343984,1.0373898,-0.03810306,-0.013034668,11.440825,2.5670128,-0.025901929,0.03453591,0.05651418,0.76587105,0.014479972,0.012876859,0.04822429,0.16700022,-0.018808931,1.2257789,-0.21394065,0.027833711,0.043683495,-0.066442646,0.002639247,1.0045419,0.9956158,4683.047,61.96347,1935.5931,492.2167,710.3894,511.63754,0.005641582,3.535225,682199.75,DICTIONARYBRUTEFORCE
25.429895,6.7389565,105.88368,2198.6433,0.08680157,0.021356642,-0.00772361,0.29639274,0.7787678,0.025155224,-0.018605717,5.859309,0.396904,0.3388521,0.29883158,-0.039600164,0.46824273,0.07731677,0.013319047,0.03988007,0.081826255,-0.0860089,0.7532829,0.1794138,0.0005589379,0.076380454,-0.015433851,-0.03885851,1.0011394,0.9646085,1499.3599,62.387943,131.86044,126.81347,37.47808,146.59036,0.014531923,4.165077,-19318.729,DICTIONARYBRUTEFORCE
20.988194,9.004618,81.87193,-1665.4946,0.045363538,-0.011782208,0.05457742,0.20799561,0.61803925,-0.006917811,-0.00855669,5.30894,-0.4060535,0.6198626,1.4432702,-0.14686091,0.542664,0.057798102,0.000728094,0.016826132,0.09148569,-0.047544554,0.6390085,0.35027143,-0.0011580926,0.058100034,-0.018866597,-0.0007731747,1.0315045,0.972531,460.03662,60.44877,241.09967,134.5911,64.92885,100.739746,0.0048463135,14.230629,-3823.1414,DICTIONARYBRUTEFORCE
28.024696,5.0458703,136.22133,-764.6929,0.065230116,0.121324554,-0.019670714,0.53265876,0.8455422,-0.046002787,-0.011986959,7.0609155,1.5356208,0.35847008,0.0034373254,-0.0161393,0.41362715,0.0602036,-0.0077111735,-0.023673696,0.15620404,-0.0064999703,0.91152954,0.051477376,0.008267587,0.0051076594,-0.014950663,0.018396176,1.0089575,1.0065509,4748.548,61.329334,1069.6105,438.6863,389.30264,427.72232,0.010246022,6.4075546,190314.11,DICTIONARYBRUTEFORCE
22.24666,5.8079276,115.988884,-1984.25,0.07557251,0.13302687,0.011909298,0.4041844,0.65538937,0.003330715,-0.016467331,5.844775,1.1345499,0.19900472,0.13148701,0.057555594,0.124000065,0.07717166,0.00066029374,0.0012573414,0.13445821,-0.03889039,0.76730824,0.16252157,0.036763694,0.060156263,0.010601281,-0.015205439,0.9505387,0.96354806,3510.2373,59.918076,441.675,138.70155,121.158516,175.66513,0.016874349,10.313057,16023.234,DICTIONARYBRUTEFORCE
30.006676,4.2922826,113.08208,-964.96045,0.016404247,0.22141519,0.050889436,0.18443839,0.8552613,0.0034796093,-0.016116085,11.016612,2.2068584,-0.030985365,0.7412237,0.010953037,0.41280457,0.07138033,0.0073474036,0.015282734,0.12016083,-0.02991831,1.050103,-0.04789063,0.039007638,0.006677868,-0.037189573,-0.0027246308,0.9611631,0.9558385,-5637.3633,60.687286,283.2398,23.796318,57.199047,41.360126,0.0077185417,6.4008102,-8909.452,DICTIONARYBRUTEFORCE
33.718235,4.8318815,60.66251,-790.1865,0.033634476,-0.029422877,0.009872039,-0.026865764,0.95552903,0.0031425613,0.031643756,8.193123,-1.2230718,0.4108213,0.033706654,-0.05620152,0.84379065,0.005346951,-0.0034888042,0.037230507,0.087308176,-0.0490425,0.9456181,-0.0095605245,-0.021972615,-0.013205153,0.016039323,-0.0141731445,1.0025134,0.97843635,12153.482,91.058304,867.51514,688.39484,266.07034,663.55347,0.0090688,10.054993,122508.266,DICTIONARYBRUTEFORCE
30.317783,3.9953895,101.907555,21652.102,0.091692016,0.23996277,-0.000484779,0.15232883,0.8306516,-0.02086506,-0.023814796,8.438952,1.9478784,0.39896315,0.16192795,-0.03649493,0.69812614,0.08075592,0.0444036,-0.0005219737,0.09524341,-0.025379397,0.94031143,-0.010156253,-0.0018859119,0.048986472,-0.011831344,0.020852339,0.9899689,0.9585908,-754.9751,60.712727,72.47337,75.695274,46.06125,115.49254,0.013109771,-1.39431,-2570.9038,DICTIONARYBRUTEFORCE
14.6080885,12.627317,103.29416,-169.38037,0.101441786,0.0072477744,-0.019503033,0.015499952,0.33162326,0.0074317376,0.03763736,4.0987806,0.5135758,0.29246292,0.059085865,-0.084121816,0.1957385,0.14836186,0.05172272,0.02204642,0.077026516,-0.03946434,0.33172062,0.6596774,-0.021437805,0.07367096,-0.010170153,0.031228557,0.9724877,0.9607272,-948.7119,61.26596,422.68195,200.50696,141.22824,194.16809,0.010769427,7.805031,21470.377,DICTIONARYBRUTEFORCE
28.784534,4.6658587,88.40055,336.7954,0.0042627286,0.075357944,0.029954715,0.19513573,0.90475386,-0.043960173,0.016238729,9.269076,0.8377032,-0.19810273,0.20717861,0.21153307,0.33299887,0.039486025,-0.035394054,0.0020667678,0.11978928,-0.01094262,0.9340667,0.01657847,0.007783614,0.053032637,-0.0003745174,-0.0017083716,1.0086731,0.9846503,7136.428,61.594036,1403.2443,525.4846,568.53076,524.42914,0.0040754382,11.06282,322280.3,DICTIONARYBRUTEFORCE
31.026283,6.0549955,95.75478,2564.2246,0.06785304,0.12571077,0.012438852,0.22114904,0.81837845,-0.0059264945,0.015213309,7.4553647,0.9893755,0.37126684,-0.05901057,0.08662809,0.4372382,0.10022281,-0.01900641,0.0071888366,0.10932193,-0.01296756,0.905778,0.06869939,0.041905545,0.011780514,-0.035752557,-0.001010457,1.014316,0.9847717,-3754.8867,67.12517,1404.1302,325.97403,516.81976,352.4152,0.002835645,4.1426315,288635.53,DICTIONARYBRUTEFORCE
28.615273,5.5047874,58.154263,-4948.319,0.0045498833,0.051861156,0.009357577,0.13187037,0.8085584,0.0073558977,0.0026245532,9.689432,0.7341919,0.024516646,0.10737595,0.06494781,0.54350823,0.06230859,-0.010828207,0.005786135,0.107396476,-0.030445386,0.85623026,0.09811535,0.0050945207,0.044278838,-0.010036206,-0.008010249,0.986581,0.90196824,10221.483,67.85187,1915.6654,551.87555,694.84247,545.86505,0.00742495,14.113419,449207.6,DICTIONARYBRUTEFORCE
30.585579,6.0498323,71.80846,1350.5947,0.046486326,-0.01358481,-0.008968137,-0.03882328,0.8663689,-0.019369945,0.003239829,8.862854,-0.43457296,0.25238794,0.02836559,0.1307229,0.52448004,0.059420954,0.009056049,0.0011162693,0.09675606,-0.00067542307,0.87236834,0.11932052,0.0057031354,-0.0053858687,0.026850656,0.03528802,0.99168676,0.95224965,12563.791,70.624374,2146.8936,716.3082,668.3587,713.06647,0.008397995,8.883514,430046.44,DICTIONARYBRUTEFORCE
23.650047,8.80775,100.185745,-376.3877,0.06170743,0.10661077,-0.03887736,0.365377,0.5878585,0.023057649,-0.034081087,5.6071715,1.147171,0.64686096,0.02601787,-0.053695045,0.23109697,0.09997138,-0.0013723643,0.04587964,0.116055384,-0.027581278,0.63205826,0.3242543,0.0067576882,0.03616204,-0.0014200993,-0.0033373293,0.9696186,0.97320616,-3.4990234,61.140846,-43.418915,32.13916,-8.108776,39.017384,0.011342578,5.804764,-48049.062,DICTIONARYBRUTEFORCE
29.170792,5.308716,65.65977,-1486.0078,0.030056778,0.13633047,-0.01953733,0.47510487,0.8022198,-0.023997433,0.033728816,8.958659,1.5443045,-0.04773075,0.00021183863,0.009741214,0.38258487,0.06918327,0.035083164,0.022297759,0.13706745,0.012642908,0.91566366,0.092732854,-0.025981035,0.046268757,-0.019235456,0.012314412,1.0092056,0.9546921,294.208,61.81763,1032.562,272.04886,422.17355,307.8573,0.0075343493,8.636841,249469.53,DICTIONARYBRUTEFORCE
30.3315,5.4555054,60.333046,70460.945,-0.00048022717,0.09707327,-0.040115323,0.3611621,0.79863775,0.0055735065,-0.015500393,6.0490336,0.46404284,-0.14729649,-0.30451974,-0.19207427,0.86744463,0.02660599,-0.020357754,0.070358224,0.14064413,-0.041746367,0.88664526,0.0824278,-0.024638582,0.04320113,-0.045906793,0.04497608,1.0124406,1.0114503,-1455.2407,72.278305,329.37698,215.44044,78.6306,250.15009,0.010344259,8.392609,11306.795,DICTIONARYBRUTEFORCE
30.43383,2.7150922,105.50621,1662.74,0.002370337,0.10794263,-0.019244846,0.40461135,0.89457595,-0.005790151,0.010286608,9.249015,1.223156,-0.21895188,0.042681005,0.0019317586,0.53499025,0.046282593,0.02705169,0.022242755,0.0940367,-0.038260937,1.0300028,-0.048055623,-0.0045313174,0.07875104,-0.05216543,-0.001187278,0.95773387,0.9264755,-1.722168,61.734386,194.49469,156.85222,75.71701,178.3115,0.019103352,6.728958,-6641.6836,DICTIONARYBRUTEFORCE
29.698862,6.384235,101.82201,2594.1338,0.030565653,0.09526762,-0.00082437415,0.11777271,0.7288656,0.002177442,0.015583174,7.774085,1.5789714,0.013138669,0.0154231265,-0.06285188,0.6832882,0.10037135,0.039681084,-0.039019927,0.13927084,-0.028417468,0.7760362,0.17284136,0.033721253,0.028417183,-0.0028885296,0.017561875,1.0304395,0.97133106,-1384.6821,65.12642,728.60834,226.09839,262.48434,255.82574,0.0103221,6.18515,132154.89,DICTIONARYBRUTEFORCE
21.950157,7.3560705,83.99845,-1849.6484,0.09208244,0.20894532,0.06968505,0.25916082,0.5244109,-0.027436206,0.017471272,5.3150516,1.8921671,0.34795597,0.6357162,0.08485094,0.051903512,0.09902962,0.014168792,0.02243198,0.13827586,-0.036458667,0.6973064,0.21149418,-0.013189941,0.044083506,0.019222101,0.0017830357,0.9704088,0.95724195,2571.3513,59.392406,356.13837,87.90466,119.201546,124.14065,0.010391702,11.650673,19630.146,DICTIONARYBRUTEFORCE
29.955544,2.7737403,74.00457,469.2727,0.037110835,0.03349502,0.24218737,0.14422823,0.9673198,0.034465943,-0.04412236,8.400816,0.4638992,-0.004099952,6.004573,0.06086226,0.5079519,0.015769528,-0.030818004,-0.02101143,0.13943018,-0.029635869,1.0132896,-0.06587502,-0.031224277,0.115103945,0.010958644,0.008869547,0.961583,0.9867295,590.9116,64.19967,1002.3174,235.01636,378.17188,241.86148,0.015292809,10.715675,191696.66,DICTIONARYBRUTEFORCE
22.92684,7.1090226,116.721924,-878.7915,0.004845308,0.04843608,-0.012429963,0.31009725,0.6739484,0.0074669137,-0.0084415795,5.8089695,0.5749491,-0.13741618,0.047022697,-0.0057618506,0.34519568,0.049620576,-0.0062818173,0.01009005,0.13651969,-0.041440908,0.70048696,0.20668112,0.0026685232,0.06998547,-0.00022870954,0.009928727,0.9829601,0.95473355,942.8032,60.262012,469.76804,172.97903,163.29495,164.14331,0.012089106,11.178162,34599.348,DICTIONARYBRUTEFORCE
26.949179,5.7823453,114.79878,-768.9092,0.0120318765,0.25322044,-0.01705312,0.2560454,0.51959574,0.002780734,-0.020682931,5.4762807,2.2484455,-0.1514078,0.1395561,-0.0018126611,0.23531714,0.15809508,0.031653684,0.05841182,0.106056415,-0.038153395,0.7331898,0.20008393,0.0005856552,0.045071125,0.046311997,0.014441412,0.9343476,0.9525666,1352.5029,68.682755,175.85368,145.02748,40.470978,203.29294,0.029014574,3.161354,9489.362,DICTIONARYBRUTEFORCE
27.039593,4.59179,95.395355,5087.639,-0.0062498916,0.06297534,0.03623607,0.44597274,0.831248,-0.028707977,0.025945427,9.310722,0.7522815,-0.18727751,0.0450895,0.24903652,0.01847204,0.0121963015,0.0020801462,0.05816094,0.15527622,-0.029463405,0.9268348,-0.008580023,-0.02216315,0.050423913,-0.010600941,-0.018396132,0.99968797,0.9573563,-1732.0308,59.61791,254.0918,103.44662,82.21479,97.38448,0.005822783,10.390083,6696.4062,DICTIONARYBRUTEFORCE
20.538406,9.104687,92.46523,-1841.543,0.026607646,0.24281244,0.02170803,0.37584874,0.41051632,0.0018952595,0.013369165,4.00473,2.1764688,-0.031787608,0.11902537,0.0102120135,0.1351826,0.08782761,0.011135387,0.004797536,0.09166025,-0.008386699,0.6681,0.3214752,-0.0007610838,0.0007505331,0.012145693,-0.016910039,1.0118175,1.007867,2097.1255,60.971066,673.0063,198.3829,203.16348,233.19827,0.0067448365,12.150024,64790.566,DICTIONARYBRUTEFORCE
24.507164,7.945365,119.62483,-1755.2261,0.040411673,0.10760856,-0.030567035,0.21702449,0.6403466,-0.035181955,-0.023946635,6.074303,1.3929036,0.23215187,-0.0685976,-0.05868837,0.4328207,0.09346916,-0.007839034,-0.0063586747,0.14765811,-0.037757576,0.66304505,0.28819928,0.02414773,0.0265003,0.0022375304,0.02885035,1.0179327,0.9807069,-1.6479492,61.208836,294.9564,87.103516,106.170944,121.28925,0.010946909,5.955864,11807.182,DICTIONARYBRUTEFORCE
25.689121,7.456232,131.65845,-373.3203,0.011008595,0.23640513,0.0460172,0.052073885,0.64056593,-0.022914773,0.017252387,7.186913,2.8264523,0.11561446,0.2517147,0.058173053,0.23615876,0.09237999,0.01219761,-0.07366833,0.16175991,-0.021245124,0.73345596,0.17588195,-0.0106922155,0.027879821,0.010606697,0.020798257,1.0327175,0.987362,2840.09,63.84399,572.85,210.68228,182.68558,271.1737,0.009375709,8.387314,75646.91,DICTIONARYBRUTEFORCE
22.657736,6.627615,85.73898,-6853.317,0.063346304,0.01494952,0.010843127,0.27987024,0.6677457,0.03372405,0.007208341,7.3750753,0.35696548,2.1745353,0.023409806,0.124419294,0.24041538,0.10370278,-0.024946086,0.0015394809,0.13615803,-0.012676091,0.6721133,0.2623879,-0.0036092452,0.06835023,-0.0040525803,-0.06755772,0.96535563,0.95937544,2411.6924,60.905468,755.43243,136.10403,232.35007,141.62387,0.019565111,14.26693,83539.78,DICTIONARYBRUTEFORCE
23.359549,7.9069834,64.75742,-3386.75,0.0031139608,0.0092081,0.020982472,0.2463508,0.6752472,0.041663192,0.013625145,6.57379,0.21860658,0.08186181,0.11481777,0.06117993,0.2339865,0.059107184,-0.00058358535,0.04552278,0.09056991,-0.003205114,0.7174931,0.22779942,-0.006005601,0.04648283,-0.011195595,0.0026369002,0.988445,0.9663247,2467.4138,64.95442,56.691467,45.87284,23.850744,69.34125,0.007478813,18.86644,-16712.592,DICTIONARYBRUTEFORCE
19.654165,8.628832,102.50734,-4660.479,0.041817322,0.020230252,0.012970904,0.13748363,0.5666148,-0.031495295,-0.0120249335,4.4821224,0.24263479,0.32839027,0.46759233,0.028798927,0.07824092,0.1036572,-0.035596374,0.007827379,0.12415119,-0.0132671725,0.5421786,0.4108294,-0.014486104,0.058360554,0.027746363,0.017454471,0.95993316,0.955361,-1805.3833,61.150764,64.88345,60.482872,64.98232,82.83812,0.016883267,6.139206,-12467.443,DICTIONARYBRUTEFORCE
27.493378,4.6965284,68.867134,34026.938,0.07355313,0.13727576,-0.033248484,0.2214983,0.70248556,-0.03312893,-0.037887797,7.5112963,0.98864585,-0.04460126,-0.07368613,-0.042571235,0.5938091,0.047057685,0.048863072,-0.008737579,0.12035709,-0.04352721,0.8196267,0.14210783,0.022368822,0.06693675,-0.024456969,-0.031351395,0.9485129,0.95075834,-721.147,59.580566,304.87952,79.46475,90.50504,151.17346,0.0170785,8.641838,33803.16,DICTIONARYBRUTEFORCE
21.583208,8.063457,103.96107,1171.898,0.09463627,0.13033384,0.0217584,-0.012069025,0.51105696,-0.025214948,-0.011624863,5.3903847,1.5612144,0.51865035,-0.115474015,0.07089283,0.05383843,0.14858373,0.03672608,0.02280818,0.10999165,-0.0047029555,0.5936018,0.34600112,0.023055952,0.042658392,0.025097992,-0.039381295,0.9484018,0.90088284,-5225.2393,60.60001,355.22656,95.722404,117.23948,136.08295,0.014840179,4.8793106,19569.9,DICTIONARYBRUTEFORCE
26.025688,6.418147,94.56207,2433.6323,0.11926829,0.0026005679,-0.005965098,0.312212,0.81715316,-0.024187526,0.018323906,8.133858,-0.01535572,2.1366827,-0.040929448,0.06985285,0.35856947,0.058614135,0.02160789,-0.0036072545,0.12378853,-0.03261371,0.80019903,0.158355,0.01903069,0.039245073,-0.012519512,-0.040649913,1.0000073,0.96971714,2204.761,61.49829,736.40405,248.06271,212.9679,266.99188,0.0077665104,9.325157,73500.38,DICTIONARYBRUTEFORCE
32.108505,2.5453248,66.4266,17569.86,0.11944044,0.218661,0.06579659,-0.007405495,0.94697785,-0.01523151,0.032332547,9.221277,2.227986,0.10208224,0.19917089,0.101380095,0.25089917,0.0072745276,0.01984128,-0.032041155,0.1747696,0.008827023,1.0803077,-0.121224634,-0.0067573823,0.09268079,-0.015083503,-0.0048396643,0.9095164,0.9359324,-5819.6035,62.487633,238.96085,133.58174,52.10159,160.76892,0.0045091542,2.695549,12481.79,DICTIONARYBRUTEFORCE
26.51659,5.162938,73.7993,1390.0903,0.08757789,0.082803555,0.16650103,0.018973766,0.7673626,0.022920696,0.03943481,6.4416046,1.0978467,0.2710708,1.9672117,0.24563374,0.03467207,0.06266936,-0.010368842,0.037722092,0.14966816,-9.534415e-05,0.84191406,0.04814356,-0.0038931845,0.067965955,0.023316571,-0.043793242,0.92909914,0.9272807,-1195.294,64.88926,120.39959,55.98391,68.83121,84.355736,0.015433444,10.480629,1304.1343,DICTIONARYBRUTEFORCE
18.392956,11.11499,64.11756,-2876.7393,0.044825,0.008421465,-0.011810781,0.25676176,0.4554128,-0.010430318,-0.0037260284,4.0342455,0.0476448,0.6796695,0.0045885704,-0.06877198,0.19440956,0.09602518,-0.015497637,0.016031649,0.15430999,-0.02619169,0.44318935,0.49050063,0.0016440148,0.06677005,0.012038144,-0.035795264,1.013844,0.98055136,4065.036,61.624348,450.1089,182.52963,166.63806,197.2377,0.008931732,11.312317,28471.875,DICTIONARYBRUTEFORCE
22.843513,8.596879,101.62889,1100.5771,0.027649473,0.32430932,0.005587365,0.22001712,0.34932405,-0.064433746,-0.0068835425,3.3566902,2.6968575,-0.077027485,-0.027682837,0.13878459,0.0132769225,0.1554974,0.023336362,0.039334007,0.13174011,-0.02056498,0.63298917,0.32669368,0.013246895,0.029521866,-0.030654367,-0.008766296,1.0118572,0.975698,3946.214,60.841084,1656.1337,257.64114,548.02344,293.47186,0.015252898,8.184677,423822.53,DICTIONARYBRUTEFORCE
31.862942,5.079285,110.61735,6448.823,0.05675992,0.20048426,0.088732734,0.2726837,0.8643189,0.055299424,-0.03451384,6.6829743,1.7604853,-0.21560964,-0.055418864,0.016142115,0.5538325,0.015142599,-0.033900738,-0.053824782,0.08303449,-0.011628139,0.99425036,-0.0053633777,0.03713447,-0.046379223,0.022841534,0.050043464,0.97590774,1.0817032,-3504.2617,66.82389,1812.0565,552.3059,706.3199,535.814,0.004976217,-0.6547241,1.04317025e+06,DICTIONARYBRUTEFORCE
26.765265,5.8823214,73.271324,5920.7773,0.024485646,0.17877062,0.006096158,0.20361114,0.5903186,0.02210673,0.053093288,5.1992407,1.3814969,-0.13811402,-0.07945244,0.029663073,0.28094316,0.07975582,0.037269887,0.029401595,0.11818651,0.021838387,0.7286689,0.1866608,0.015023939,0.03186522,0.0068360893,-0.01757504,1.0034143,0.911264,-1018.5913,65.74409,393.58124,145.09424,120.531685,184.90503,0.017541094,7.192047,28814.088,DICTIONARYBRUTEFORCE
22.722464,7.1421585,104.45805,2993.499,0.01982347,0.01989284,0.062139556,-0.006255526,0.7139625,0.0071854573,-0.00904193,8.085581,0.3219414,0.038796447,0.3887447,0.064221516,0.08004314,0.06896998,0.021054097,0.101176135,0.06371151,-0.050923135,0.76155555,0.21648362,-0.000412839,0.0573227,-0.04129082,-0.034211274,0.95067555,0.9513869,-2067.4385,60.294514,-271.91547,45.765995,-104.465256,36.216652,0.0035722496,9.580429,-69021.68,DICTIONARYBRUTEFORCE
32.002037,3.2362766,93.9742,2239.221,0.013954451,0.44579315,0.044400226,0.30235472,0.6346319,-0.029940654,-0.023331393,6.4857106,3.7076669,-0.26962793,-0.04614693,0.2350102,0.007991477,0.078668706,0.0068073766,0.011947224,0.13153708,-0.016942056,1.0189693,-0.0848545,-0.026030913,-0.012131784,0.02541358,0.021645859,1.0124555,0.9591141,2027.1299,65.70251,1029.1487,259.3074,359.32138,281.10593,0.013961176,4.2801666,223685.9,DICTIONARYBRUTEFORCE
28.004084,5.0188594,126.717995,-1900.3911,0.060142096,0.2421876,0.040251255,0.29521212,0.69523007,-0.035198864,-0.011179073,7.7934594,3.1106868,0.045759115,0.13262172,-0.057214327,0.39862177,0.04613236,-0.014485542,0.02249831,0.10880868,-0.049687594,0.8153839,0.13453679,0.038866036,0.020741811,-0.036160633,-0.024913982,0.9948872,0.9452468,-2944.8057,63.83938,509.04858,247.93997,173.17783,285.85498,0.02168181,0.04723358,43535.125,DICTIONARYBRUTEFORCE
20.943916,5.8773685,95.43304,-311.521,0.0049531925,0.047739305,-0.010575855,0.08791929,0.603789,0.014768161,-0.021226386,4.363708,0.60603666,-0.021952745,0.19347952,-0.00026899856,0.15331529,0.11127793,0.011839046,0.0898762,0.12220089,-0.005472088,0.5844876,0.1834988,-0.042622305,0.19073701,0.051669493,-0.05762261,0.9302809,0.8497849,-180.92188,60.01892,149.39491,136.22136,57.994568,160.95532,0.03171476,0.65166473,-4431.7344,DICTIONARYBRUTEFORCE
30.352465,3.2758586,75.8596,-6656.5786,0.05237878,0.025631458,0.1282299,0.26710597,0.94925255,0.046462722,0.017472459,9.058938,0.54845065,0.11227581,3.1723003,-0.11461887,0.7289648,-0.008391281,-0.074923724,-0.019748352,0.15268709,-0.020325374,0.9755831,-0.033901222,0.003973602,0.08279155,0.020242661,0.022165608,0.94342047,0.9952632,-171.33203,68.849846,171.48544,120.5726,62.65977,87.81773,0.01733462,10.382202,8393.987,DICTIONARYBRUTEFORCE
27.827122,5.17488,91.28429,9032.988,0.095556855,0.05259201,0.055832073,0.27510455,0.8485631,-0.019942373,-0.0022560335,7.667717,0.58422095,0.7234585,0.9036114,-0.009959977,0.5611581,0.052919462,-0.024296988,0.04948586,0.09451732,-0.07220949,0.8798295,0.039701127,0.015988402,0.12163976,-0.033303216,0.003902642,0.97151136,0.9651727,1109.6431,61.070427,-25.07576,89.7068,18.155632,71.75685,0.011780842,8.56105,-15027.583,DICTIONARYBRUTEFORCE
28.85165,6.0289116,74.802444,10137.002,-0.0070787496,0.11075999,-0.028916497,0.43422505,0.7823123,0.012570448,0.03395409,7.7463856,0.8866639,-0.14143069,-0.028038844,-0.0040003797,0.5152257,0.007568239,-0.032149594,0.020105762,0.11906377,-0.0038848678,0.9344489,0.10254372,0.0032335892,0.011732335,-0.03734529,0.0063465536,1.0695755,1.0280342,3732.1765,59.987686,1511.7094,621.66797,607.26697,658.6555,0.0003656917,9.505638,441433.78,DICTIONARYBRUTEFORCE
37.850967,1.4520307,74.4347,2879.1538,0.121789135,0.18284081,0.011119247,0.34529263,1.1260625,-0.0074632596,0.024653321,11.647977,1.9135866,1.25037,0.07256254,-0.0026364531,0.88277894,0.015832415,0.02269546,-0.018380359,0.15766932,-0.023279322,1.2174481,-0.22197767,0.019041978,0.03354819,-0.03130361,0.017979894,0.9793489,0.9905823,-1580.7935,64.36514,679.13855,164.92526,240.80731,206.00012,0.0070851515,5.951729,122015.766,DICTIONARYBRUTEFORCE
18.718313,9.633851,70.19091,-2670.85,0.059121042,0.025421513,-0.0002797111,0.25581193,0.47842988,0.027463831,0.021581654,5.0211797,0.67889285,0.10034453,-0.027846228,-0.023594124,0.19275366,0.11107436,0.008265692,0.017663362,0.11923945,-0.06666339,0.5028343,0.42109975,-0.025681522,0.110729255,0.0030279858,-0.013443761,0.9536009,0.9157399,417.26318,58.86941,384.0553,148.94968,130.30222,179.21793,0.015660333,6.7690964,17563.975,DICTIONARYBRUTEFORCE
33.50146,3.1447778,117.03111,2231.5647,0.05563811,-0.001585066,0.022917744,0.43017074,1.1101367,-0.014654517,0.007070284,14.254453,-0.27179724,0.06867181,0.17511004,0.0086812945,0.79845566,0.04320242,0.011033764,0.032927155,0.11999979,-0.042703845,1.1045492,-0.12626234,-0.026413072,0.098960295,-0.056806397,0.04111351,0.96552914,0.94900286,1358.7554,62.226692,1325.5732,250.81671,497.76764,246.99976,0.0073193246,9.430504,369067.25,DICTIONARYBRUTEFORCE
32.89364,5.0440493,77.5594,6920.5503,0.07304785,0.0041440255,-0.016733706,0.42345387,0.94937164,0.08081113,0.016079448,9.758634,-0.12189671,0.6791563,0.08601152,-0.33633217,1.0367749,-0.04033253,-0.013369283,0.017046873,0.14410326,0.011102654,0.9041226,0.030518135,0.012731481,0.049800195,0.040451232,-0.07828549,0.9659341,1.029738,791.8628,70.16529,301.79343,107.84278,99.954895,91.6369,0.019216448,12.673355,54726.098,DICTIONARYBRUTEFORCE
17.448746,9.767367,66.41624,-2074.5073,0.051424325,0.0027499667,-0.010270735,0.33540913,0.454623,0.029695708,0.02016388,3.3117518,-0.23806775,0.19325645,0.5668353,-0.04365184,0.20629571,0.0934755,-0.014988903,0.010075829,0.11843308,-0.033163473,0.48175633,0.44318074,-0.03917392,0.089590445,0.031158023,-0.015682975,0.97356266,0.9688324,5509.389,62.235935,462.6999,160.37076,136.83755,159.93048,0.013379265,16.522034,30653.643,DICTIONARYBRUTEFORCE
23.09313,6.6630516,115.78103,1483.2751,-0.015451839,0.01612357,0.050027557,0.22432636,0.68329316,0.0062557803,0.022643618,6.439734,0.14562722,-0.1121768,0.17721492,0.16221672,0.014766782,0.050722465,0.0042769546,0.07253377,0.11633284,0.0053864066,0.7844437,0.16070639,-0.017590836,0.054766532,0.029752849,-0.0025244616,0.96803224,0.9712244,-23.36377,62.4985,274.31482,135.5834,97.84941,112.76875,0.0068195,13.477165,8643.233,DICTIONARYBRUTEFORCE
28.758621,3.760394,110.56624,3633.6726,0.029398447,-0.008206583,0.013815628,0.34579727,0.9613435,-0.031407706,0.015325091,9.586979,-0.74174297,0.5273798,0.030933658,0.08244443,0.22538643,-0.04578227,-0.024058873,0.0034765573,0.17982826,0.025341753,0.88858163,-0.013963802,0.027444612,0.04647188,0.0121240355,-0.06299886,1.0314416,1.033556,7490.833,62.798973,765.7405,236.90143,238.16159,261.58563,0.002841376,8.634018,116665.15,DICTIONARYBRUTEFORCE
31.27813,3.7615974,76.7746,458.0647,-0.011537856,0.20930727,0.004460551,0.53160536,0.8417095,-0.009846427,0.032477904,9.044667,1.9459687,-0.16441463,-0.074328326,0.14108497,0.2865268,0.061268702,0.015520774,0.02531631,0.14456606,0.0055960706,1.0550954,-0.052113183,0.010146937,0.054485552,-0.012972521,-0.0031218957,0.95428175,0.95699,3118.0767,60.65552,1181.3384,369.65427,439.45276,392.2527,0.011151793,6.306694,276022.4,DICTIONARYBRUTEFORCE
21.514359,6.776806,87.42646,-392.9248,0.097933196,0.029665152,-0.008378474,0.28108126,0.601697,0.0015604758,-0.026419666,4.192684,0.14614844,1.5309875,-0.02444445,0.07422698,0.15965104,0.078431435,-0.017639538,0.032023754,0.1623936,-0.0035953568,0.621782,0.30585024,0.011473339,0.07753714,-0.009434548,-0.017798286,0.90900517,0.9412347,3789.9717,59.168945,17.841019,54.47547,37.05005,116.981155,0.021532444,7.6918335,-9021.232,DICTIONARYBRUTEFORCE
33.132915,4.9290977,91.12926,6333.7104,0.04030807,0.034391314,-0.008908213,0.38991937,0.9659244,0.015116292,0.048006535,8.098394,0.3058616,0.18821366,-0.06949426,-0.055722967,0.80096465,0.050160665,-0.008256388,0.015253183,0.12858523,-0.021381292,0.9940068,-0.037841894,0.0012949016,0.059366968,0.0020945398,0.012032202,1.020631,0.9896779,-1598.689,67.64453,301.3694,144.96832,122.90939,132.66664,0.005882515,9.126877,22225.215,DICTIONARYBRUTEFORCE
23.120792,8.462411,88.60916,15898.686,0.016917877,0.094555505,-0.0031798729,0.14655791,0.5767931,-0.012002719,0.014602875,4.923049,0.3594111,-0.2445246,-0.029959638,0.037811395,0.3588638,0.060664,0.008987239,0.015630351,0.11535357,0.0016038958,0.67469126,0.28525338,-0.02208181,0.028923655,5.5930577e-05,0.009770043,0.9983327,0.95898765,884.46094,59.41321,1228.848,364.58276,491.4128,355.35867,0.00637772,10.07299,326589.78,DICTIONARYBRUTEFORCE
28.586498,4.2850075,101.35309,-4127.561,0.027289845,0.03603545,-0.012128771,0.67463857,0.92608726,0.015966339,-0.020405388,8.746439,0.3831223,0.53870654,0.14577006,-0.16916233,0.6741154,0.004947544,-0.019319,0.013015533,0.14248924,0.008065369,0.93709266,0.034569226,0.018906327,0.007429078,-0.009992988,-0.035165854,0.9889913,0.98726636,-74.208984,63.15625,392.1659,92.93872,113.53054,108.75959,0.0148601085,11.138016,22827.447,DICTIONARYBRUTEFORCE
31.534216,4.392408,70.883606,3185.8262,0.0701382,-0.005773965,-0.009243574,0.56708604,1.0715592,-0.0150656095,0.010848221,19.234682,0.08736984,0.5140884,0.16445793,-0.006296248,0.71768856,-0.0013462175,-0.0038760854,0.03565596,0.14901751,-0.0535317,1.0230505,-0.020143684,-0.00054206233,0.08689284,-0.067128785,-0.0073803584,0.96122223,0.9545006,6955.2915,57.96087,2083.1074,440.78836,731.2463,475.83798,0.009381285,8.686287,600879.4,DICTIONARYBRUTEFORCE
34.751976,1.1350431,109.764534,2134.9255,0.07716872,0.028479178,0.11586762,0.5474806,1.2143745,0.006093877,0.036606558,16.45335,0.58416396,0.583951,2.7877917,0.10410014,0.59832346,-0.004920317,-0.023660727,0.0019296212,0.13518019,-0.03283776,1.2111094,-0.2564002,0.013253326,0.07116109,-0.023028433,0.023183882,1.0103954,1.0086324,3628.8403,63.949158,724.7112,231.64948,261.24966,210.24297,0.00436235,13.579933,93089.89,DICTIONARYBRUTEFORCE
30.203022,3.2655277,79.23105,3895.982,0.02468367,0.31789523,-0.024052422,0.48083115,0.7051889,-0.02999406,0.02569132,6.5831866,2.5233173,-0.18910722,-0.002044253,0.13609853,0.1634834,0.059635364,0.0033864332,0.01662005,0.16446225,-0.0037768856,0.9967119,-0.0387568,0.0025408482,0.030928921,0.008311271,-0.0052017346,0.98276675,0.9926415,-2498.5283,62.756283,615.6739,165.15948,155.97177,189.98038,0.013850378,4.636406,49970.082,DICTIONARYBRUTEFORCE
25.097567,6.8294783,103.158005,-2521.5781,5.9893355e-05,0.23892765,-0.004039081,0.32829878,0.5992324,-0.0033413013,0.019979842,5.237736,2.156686,-0.08717705,0.050000604,-0.06471361,0.4420189,0.07841199,0.010197637,0.03492561,0.11069107,0.010059051,0.81883806,0.17208737,-0.012477947,0.0137430485,-0.025377002,-0.013676023,1.003968,0.96904325,-799.3511,61.896084,178.91684,70.42865,62.970913,81.21236,0.0063782944,9.569733,-1521.739,DICTIONARYBRUTEFORCE
31.289967,5.2790117,84.31401,1611.9607,-0.01687178,0.2624885,0.008084005,0.24694239,0.6890853,0.0116262715,0.019683436,6.643222,2.2126162,-0.08660598,-0.009279232,0.17728275,0.24138275,0.030070309,0.013731704,0.03940884,0.08883667,-0.007188804,0.9605941,0.0010812096,0.015300839,0.009410908,-0.012405183,0.01215238,0.98421454,0.9763216,-1241.9941,68.60078,113.454185,69.81767,37.6204,111.045906,0.008387416,10.604782,-10107.34,DICTIONARYBRUTEFORCE
30.520771,4.127536,77.54736,-3767.478,0.10882798,0.021528093,0.044734076,0.09635394,0.96630734,0.02560958,0.021238385,9.318978,-0.011249408,1.6844816,0.15713893,0.026741346,0.59192604,0.0055636046,-0.033296052,0.02399522,0.1438488,0.024178036,0.9688393,-0.0063092355,0.037333123,0.058576696,0.0021145493,-0.003592074,0.9149472,0.9383083,-4511.124,64.939545,-284.8907,-50.96969,-67.72636,-49.079018,0.0094018625,8.695976,-57872.707,DICTIONARYBRUTEFORCE
30.857471,3.6506214,99.047745,-3586.358,0.0031616352,0.0065836557,0.014167691,0.3649439,0.99883634,0.010643284,0.0018441258,13.305192,0.06047997,-0.14632748,-0.023140023,0.09785105,0.50927025,0.06739798,0.0053866254,0.051675756,0.118933015,0.027804248,0.9816598,0.033061836,0.014170183,0.059743673,-0.015758133,-0.0070986147,0.9804844,0.9556244,1206.2715,64.666855,1807.3501,369.02444,605.3306,360.77814,0.007908676,7.121849,376483.75,DICTIONARYBRUTEFORCE
19.773148,9.096746,79.07282,-1771.3838,0.07209372,0.064872235,0.00885622,0.1283553,0.4636635,0.0021450752,0.0076014264,3.4386919,0.73585033,0.8066756,0.41484568,0.060592774,0.17450279,0.10822718,0.0026274798,-0.0054756645,0.14677565,-0.015956283,0.52903306,0.39763737,-0.030386202,0.056470267,0.009474674,-0.02821194,0.9443747,0.96618605,1025.4346,59.864517,216.44667,67.11883,86.83042,82.43613,0.014694975,14.009422,6195.87,DICTIONARYBRUTEFORCE
30.488777,6.77293,63.959938,3799.1016,0.079689905,0.1502552,0.018534748,0.15435065,0.7327934,0.013807507,-0.009793183,6.2052994,1.5384669,0.41605473,-0.049554773,-0.04412027,0.50706476,-0.026830293,-0.008522788,-0.0012938771,0.16052888,-0.004884638,0.82521814,0.1370147,0.033342306,-0.02098632,0.0019281218,-0.011226897,1.0444444,1.0481575,488.1172,70.86976,149.45584,148.7955,85.83101,203.9138,0.001688341,11.329971,9506.549,DICTIONARYBRUTEFORCE
22.877474,6.8677416,118.46549,-1976.6626,0.03296784,0.19690621,0.026847163,0.30081424,0.5792874,0.0030112471,-0.010373266,5.726223,2.1164591,0.006565191,0.91639227,-0.10461146,0.44776842,0.10848588,-0.01624645,-0.008495584,0.12038201,-0.03876954,0.70227236,0.24081533,-0.0040412717,0.061688468,-0.009504151,0.0060329866,1.0096612,0.9563378,2364.78,59.83477,1232.8789,274.70865,435.52393,302.4976,0.018067826,3.4190216,226807.98,DICTIONARYBRUTEFORCE
25.263475,6.483598,83.622925,1346.2385,0.11731737,0.042313475,-0.012162553,0.29493856,0.6820665,0.0017879665,0.007869612,7.096201,0.5846959,1.6726607,-0.074706085,0.1461179,0.17616104,0.10448998,-0.012724762,-0.007339068,0.14560494,-0.0220058,0.68908834,0.24291924,0.014803328,0.06931959,-0.02644965,-0.05888713,0.9484901,0.970947,-2996.21,62.31972,1238.1621,160.19418,338.7281,210.8365,0.019321281,9.939476,142299.73,DICTIONARYBRUTEFORCE
28.743235,4.015323,129.27286,-5137.388,0.01936979,-0.0047158734,-0.013865566,0.4943237,0.9560512,0.026071155,0.013369026,12.458551,-0.10255918,0.32556418,0.15903991,-0.1548005,0.83521026,0.03836508,-0.017647952,0.024141029,0.103865474,-0.04936729,0.961202,0.023668138,0.013698707,0.08107298,-0.006027762,-0.028290413,0.9625008,0.9335582,-428.99902,62.66132,821.51776,155.87639,291.46405,163.09789,0.020759497,10.270172,98271.07,DICTIONARYBRUTEFORCE
28.873608,5.5238347,82.65611,3086.936,0.12437943,0.29045174,0.04779618,0.14934506,0.6338496,-0.015787533,0.036255952,5.7075367,2.722824,1.9686401,0.3334299,0.18714133,0.2685825,0.069758974,0.016463293,-0.031333722,0.15114856,-0.0021363795,0.86146504,0.09334175,0.0019332278,-0.02088745,0.0042886147,-0.025157,1.0120269,0.9905664,1186.9565,62.799786,495.2019,90.17891,146.86642,109.83537,0.008697721,11.736717,54691.766,DICTIONARYBRUTEFORCE
30.473967,5.4102726,98.14372,703.26904,0.029074874,0.16643725,-0.0077212024,0.3173936,0.78882694,-0.022642164,-0.008486641,6.8263717,1.7428327,0.31716144,-0.054190047,0.19625136,0.16611809,0.09713949,-0.00153556,0.016408527,0.14357242,0.0172072,0.87278926,0.07797906,0.007274744,-0.006756643,-0.012755235,-0.039436355,1.0193057,1.0050555,289.38086,70.50519,445.14468,106.22024,132.3117,131.8695,0.011652331,8.346672,21157.291,DICTIONARYBRUTEFORCE
22.413097,9.222948,82.51918,6142.0776,0.030287616,0.18501468,-0.012123149,0.2325254,0.45177475,0.012826344,-0.028393414,4.277998,1.7297537,-0.10383315,-0.09646259,0.07058287,0.0881943,0.12210962,0.015184231,-0.0022863038,0.17311318,0.020287361,0.52263325,0.39779955,0.015024079,0.04363924,0.01683016,-0.04207956,0.9963162,1.0018647,2092.9624,66.0874,667.7049,229.14786,191.57916,304.78558,0.016793853,8.949821,60830.484,DICTIONARYBRUTEFORCE
17.187963,10.7803,60.48594,-703.48926,0.0059653074,0.11364827,0.059684873,0.1882135,0.3563155,0.031323068,-0.008953261,1.8567947,1.2634563,-0.18324643,1.5252233,-0.19079776,0.465755,0.078899555,-0.0136886705,-0.0042616855,0.10018787,-0.025975272,0.5204694,0.45501497,-0.01217402,0.104223974,0.0112037165,0.030100727,0.9702302,0.94596416,500.15967,58.69899,62.819687,97.927414,47.07328,91.966675,0.011539845,9.783211,519.7182,DICTIONARYBRUTEFORCE
17.9246,10.2858305,91.961464,387.94678,-0.003752876,0.09342623,-0.0028796704,0.18309945,0.38347226,0.009441841,0.025390781,3.1431086,0.69404477,-0.13146214,0.007907077,-0.07179806,0.29540706,0.10859983,0.0073380764,0.0060160737,0.11873552,0.010136719,0.5045202,0.45981416,-0.012011501,0.028723828,0.023988614,0.010983026,1.0182663,0.9817625,1219.5898,59.912617,298.86,73.83749,118.557014,85.71713,0.008543821,15.969727,23989.938,DICTIONARYBRUTEFORCE
22.207136,8.236848,116.70419,779.0459,0.053039346,0.0822856,-0.03573458,0.10109235,0.546735,0.0012148608,-0.017158363,5.3644185,0.9850688,0.23155692,-0.042386174,-0.12029961,0.46203408,0.111207955,0.010561439,0.015160965,0.09225936,-0.04723943,0.60845923,0.3602879,0.014309993,0.054589152,-0.0026480388,-0.0074830647,0.99211836,0.99465317,229.22217,62.306393,412.07498,120.271454,120.91121,134.93799,0.015407384,7.9305344,27486.04,DICTIONARYBRUTEFORCE
20.589878,7.92846,111.54248,-4089.7075,0.027350925,0.00892441,-0.01907698,0.26334798,0.56649125,0.02806801,-0.008869345,6.579899,0.24672993,-0.0907106,-0.11031989,-0.036672622,0.22108088,0.11614293,0.0064574694,0.037897535,0.111764565,-0.020540852,0.583203,0.39190245,0.02032954,0.07208136,0.034201857,-0.012555876,0.9289337,0.9062926,-3080.7568,59.313225,115.44094,47.26971,36.9048,77.221054,0.02273616,6.680893,-15674.285,DICTIONARYBRUTEFORCE
31.046963,3.6711624,114.308105,2263.1528,0.110376105,0.21155868,0.086895235,0.24704805,0.91805553,0.0037315306,0.06253378,8.612547,1.8807771,0.23572165,0.21510555,0.2759407,0.17717093,0.058428094,-0.030161189,-0.029271547,0.17650945,0.020534249,1.0578581,-0.13844268,0.03360805,0.023194326,0.06840849,0.022595469,0.9236596,1.007231,3061.3345,61.528084,757.93115,286.82318,266.80914,259.7107,0.0060145347,4.263359,119950.375,DICTIONARYBRUTEFORCE
26.703836,6.002604,90.02556,-3507.648,-0.012503247,0.12646234,0.0065393792,0.2578705,0.6807418,0.05890155,0.004185771,6.572099,1.4976114,-0.27576703,-0.015844569,0.03023914,0.4192708,0.08626833,-0.015615161,0.025250064,0.08548917,-0.042310584,0.7759198,0.17177641,0.009308445,0.08638989,-0.027881004,-0.024287205,0.9705057,0.9322686,-4959.9824,66.480385,437.07794,168.62198,139.4028,175.52333,0.020211805,6.10305,23655.295,DICTIONARYBRUTEFORCE
30.538296,3.4269478,78.32785,16514.934,0.020934587,0.014665725,-0.026548818,0.50553083,1.0132152,-0.009868495,-0.036879573,11.931966,0.46300805,0.07388651,-0.07428157,0.041584462,0.527194,0.00936597,0.005085785,0.027839992,0.16416653,0.033724718,0.97822934,-0.046080656,0.023181528,0.067705,-0.027840525,-0.049848154,0.9714759,0.9568929,-2506.3506,58.489094,624.27686,114.20659,176.32724,128.43349,0.010907059,9.178421,56524.973,DICTIONARYBRUTEFORCE
26.689856,6.0499673,98.39072,-1878.1597,0.01382211,0.35895225,0.022072326,0.09556287,0.5479581,-0.015970023,-0.02045425,6.027008,3.6959019,0.07757819,-0.014218239,0.02046247,0.1772654,0.10332461,-0.011678128,-0.009192367,0.16490197,-0.0060817413,0.80855817,0.1521043,0.015955284,0.012797731,-0.007983133,-0.03056822,1.0180832,1.019213,-3970.914,61.94064,644.20776,96.14406,184.11398,114.63348,0.004529273,6.182434,66773.74,DICTIONARYBRUTEFORCE
29.208467,4.026854,78.734795,470.3435,0.034497485,0.006306672,0.019691626,0.22213498,0.9987207,-0.0066089933,0.011338164,14.23814,0.31919992,0.24930535,0.49385455,0.10696742,0.58015424,0.014156263,0.004573604,-0.029131586,0.12490407,-0.024941064,0.9879059,-0.0397633,0.007658065,0.069152504,-0.0067770947,-0.005072728,0.9453867,0.94255286,12418.154,58.4054,1493.8582,507.5395,578.32886,527.44904,0.00757081,12.6073,359675.12,DICTIONARYBRUTEFORCE
19.802687,8.568958,115.38315,-3902.9282,0.027823854,0.045599684,0.040867977,0.27047524,0.60899764,-0.009257662,0.006192103,6.0453954,0.885238,0.4111498,0.6033959,-0.059288032,0.37258542,0.0976818,-0.004423675,0.019107934,0.10452537,-0.026052747,0.6620908,0.3102843,0.015076658,0.03481149,-0.020689296,-0.044855654,1.0121301,0.98743165,438.89795,58.61986,769.953,154.16068,222.6076,169.64368,0.00554327,12.504974,54732.973,DICTIONARYBRUTEFORCE
19.803482,8.222942,107.5717,1039.686,-0.041430056,0.0017530915,0.036973305,0.21966949,0.587506,0.011219327,0.038519297,4.4142923,-0.3958891,-0.22076437,0.3698414,0.0021632295,0.30739987,0.024202436,0.013002355,0.01952594,0.097740576,-0.019213084,0.66467476,0.2800076,-0.03339843,0.045258924,0.017866775,-0.020759042,1.0184022,0.98418045,4953.002,59.156418,548.8026,232.79575,217.92798,236.41806,0.001721869,16.977432,83418.15,DICTIONARYBRUTEFORCE
25.511055,6.8657546,86.58411,-5165.984,0.07687727,0.08932055,-0.021409515,0.33050779,0.7235121,0.010141834,-0.044537537,8.223015,1.5471561,1.0264324,-0.2414629,-0.121614605,0.65390253,0.10023776,-0.0046665734,0.017883247,0.13530889,-0.035228178,0.7634055,0.22746171,-0.0036462164,0.0679876,-0.06010396,-0.06032784,0.96152234,0.94542783,-3797.6973,58.88587,596.2992,42.785248,167.90195,28.326088,0.015676063,7.8922806,24121.637,DICTIONARYBRUTEFORCE
22.53838,6.801347,87.76061,-2809.7642,0.0529654,0.012415555,0.08787726,0.20794831,0.69670177,0.054771706,0.021559004,6.537135,0.20064545,0.1631591,1.1304119,0.16240326,0.07647486,0.05819254,-0.014499009,0.05072701,0.12795688,-0.030183759,0.7323927,0.1893181,-0.012532182,0.07099602,0.0022212788,-0.00473273,0.94109225,0.9462493,1707.5225,61.04034,121.29834,86.666916,45.314053,113.48824,0.012621255,15.991844,-9354.327,DICTIONARYBRUTEFORCE
28.075726,4.912917,118.6176,927.7776,0.101475716,0.14666577,-0.036106117,0.5186313,0.7777652,-0.028806983,-0.006734582,7.527,1.3628926,0.7496149,0.04361196,0.12212534,0.10229955,0.11826901,0.031932436,-0.008856388,0.15957025,-0.023966657,0.8660219,0.08006956,0.037864823,0.020227684,0.011151693,-0.019623574,0.9695852,0.985053,3397.6218,62.75451,580.0003,208.19751,161.12729,223.20334,0.014680211,5.417488,41987.09,DICTIONARYBRUTEFORCE
26.675783,6.3475122,56.459297,55155.92,-0.012236935,-0.0071826647,0.007515407,0.03834684,0.7549985,-0.012725549,0.024901228,6.0186906,-0.32126474,-0.110035904,-0.081657365,0.047247835,0.58602107,-0.010611856,-0.0063340412,0.012036901,0.084698424,-0.00975103,0.84722495,0.12126471,-0.040649027,0.07332875,-0.031244475,-0.0113187255,0.9969808,0.9478712,2920.937,59.98899,1013.1412,455.4655,431.37912,452.2691,0.0010834795,15.73056,284138.84,DICTIONARYBRUTEFORCE
30.502012,4.2449355,114.15173,7883.385,0.081056446,0.17606811,-0.03870276,0.23235427,0.7182753,0.022198927,-0.05132537,8.208884,1.8072652,-0.28096247,-0.08149473,-0.00060325954,0.6099122,0.049845584,0.030964844,-0.04627435,0.13799365,-0.010786717,0.81119674,0.13016054,0.033804346,0.054875817,-0.011669373,-0.0048994273,0.96343654,0.94230497,-2665.4238,63.45275,672.9524,177.19836,204.55283,231.79321,0.026477309,7.412277,90026.67,DICTIONARYBRUTEFORCE
24.060444,8.379717,115.97716,-9164.164,-0.014737517,0.18542708,-0.01083513,0.20524707,0.56055546,-0.017880129,-0.047938492,5.6294103,2.6740623,0.37397352,-0.14784385,-0.1960489,0.5329935,0.13895151,-0.02045607,-0.0040691392,0.15642118,-0.0358001,0.69548666,0.32676417,0.002891703,-0.023388127,-0.040730685,-0.029251145,1.0507919,1.0015346,-2732.288,65.307,645.4629,102.10594,219.44229,79.53231,0.009508496,11.293869,76446.86,DICTIONARYBRUTEFORCE
25.584986,7.7532005,90.86515,-4757.7417,0.008364365,0.22104172,-0.030585676,0.24120836,0.5745792,-0.042340383,-0.044173975,6.035712,2.5635016,0.22664121,-0.12425868,-0.046276614,0.46967146,0.13691041,0.020149427,-0.005925568,0.14958371,-0.015543312,0.7358847,0.22959596,0.009560696,0.034308773,-0.012199878,-0.04500132,1.0040352,0.9612657,-393.83008,59.530273,449.22922,44.910694,150.04459,61.537018,0.011955063,8.462082,33987.15,DICTIONARYBRUTEFORCE
28.62069,6.1199765,109.56026,11268.744,0.018378723,0.013184252,-0.03248895,0.30029452,0.85164255,-0.01897517,-0.0030171638,8.175395,0.034687437,-0.20566346,-0.030561887,0.024582772,0.6235302,0.044340882,-0.036055885,-0.0075589535,0.15888645,-0.019639695,0.878703,0.09627145,0.00070344424,0.0064381794,-0.011634951,0.004172474,1.0241501,1.011081,2961.0095,60.33177,1633.2023,639.00195,650.1086,633.1884,0.0014114871,10.456757,475656.72,DICTIONARYBRUTEFORCE
24.637562,6.909859,63.620544,-2009.3999,0.057509772,0.05812719,-0.003729614,0.23332797,0.68448395,0.026475472,-0.024371056,7.169153,0.83188987,0.31406456,0.0024684705,-0.06947859,0.5386411,0.10229482,-0.011135958,-0.015219977,0.14606354,-0.047794882,0.7150629,0.23648669,-0.012467882,0.08398202,0.0215011,-0.01781112,0.98714924,0.9501592,1886.4341,63.572327,1273.7312,305.39056,426.92514,335.21048,0.012867571,8.650627,215954.23,DICTIONARYBRUTEFORCE
23.626364,4.621512,83.49623,-7976.2964,-0.021651024,-0.015164134,0.026657797,0.4134918,0.8071724,0.014759428,0.00959703,12.11559,-0.2737285,0.043692555,-0.081976905,0.057747904,0.25304136,0.06526491,-0.04018767,-0.03913917,0.14884232,-0.015858613,0.77095795,0.1431126,0.01767707,0.07822048,0.02520775,-0.07539968,0.9002296,0.9369463,602.7036,58.277756,1508.5458,154.7747,438.7457,188.53851,0.020375455,6.243515,242440.53,DICTIONARYBRUTEFORCE
20.679049,7.782114,81.78851,-1851.4326,0.0068539567,0.20245524,0.026247883,0.19266246,0.4195772,0.028937172,0.023656057,4.31804,1.816623,-0.15184994,0.08492023,0.071372434,0.07252645,0.10900952,0.0024755346,0.024273193,0.095023036,-0.032856975,0.6297395,0.2878455,-0.037080873,0.088650025,0.017351903,0.0010447577,0.9456092,0.88882995,2593.578,59.568108,323.36423,160.99469,130.22237,193.7023,0.015914252,8.560165,29675.447,DICTIONARYBRUTEFORCE
33.64727,2.5163279,63.052643,28679.799,0.15620925,0.13320823,0.018022466,0.2734385,1.0298462,-0.011824256,0.018136349,10.732029,1.3486217,0.90956676,-0.08110203,0.29439133,0.15250216,0.04245244,0.027403103,-0.013902502,0.21009508,-0.027223622,1.0792508,-0.17945349,0.014035981,0.08089825,-0.0121103125,-0.059728343,0.94734037,0.95365363,-3870.1387,60.112427,770.6921,160.26454,229.1213,173.13531,0.00600702,4.306175,75572.0,DICTIONARYBRUTEFORCE
21.6062,9.065467,70.63106,-3265.338,0.046980657,0.013935575,0.0040308177,0.08973721,0.5442945,0.0071481513,0.006520739,5.534291,0.42721626,0.11250465,-0.124903604,0.008077229,0.28189585,0.12104863,0.018484328,0.020958314,0.11096054,-0.030204456,0.5664482,0.37921515,-0.011548091,0.0658211,-0.012370766,-0.019064615,0.9675896,0.94918364,-2689.9482,64.457306,233.56331,42.647728,63.191784,46.215275,0.011474223,15.427727,-202.776,DICTIONARYBRUTEFORCE
24.089548,5.8193865,57.56615,2487.87,0.12782374,0.26952338,-0.026322259,0.21594802,0.52409863,0.018321155,0.023969205,3.8751094,2.2045712,0.53528064,0.025583856,0.13166071,0.1119877,0.053424478,0.03253837,0.013022639,0.12747686,-0.020886935,0.7478251,0.15072078,0.012777728,0.0625303,0.026991956,-0.056939922,0.9320858,0.9335224,-2066.8813,59.188927,757.3297,151.66722,217.40616,182.59322,0.016964879,5.683975,99126.85,DICTIONARYBRUTEFORCE
27.036205,5.490376,81.518425,25005.906,0.045691177,-0.0027239828,0.041688398,0.19467376,0.8819139,0.013117548,0.0047220616,8.5058,-0.2013758,0.21551758,0.11175915,0.038582027,0.4233184,0.019825285,0.011964134,-0.018997693,0.08407124,-0.04983313,0.88607,0.057487275,0.001341796,0.06625694,0.003311513,-0.039489675,0.9959142,0.981403,-1707.7964,60.54029,531.6636,173.89368,177.70639,173.10773,0.0027444996,11.633827,47637.004,DICTIONARYBRUTEFORCE
24.431374,7.091118,83.306435,-1319.4863,0.032201145,-0.013678907,0.023172284,0.21746607,0.8000217,-0.0277954,0.015065761,8.073053,-0.4709729,0.6510586,0.061845586,0.17132065,0.07412356,-0.02057962,-0.01151658,0.034903556,0.15839449,0.035941232,0.75632346,0.16959834,-0.004192039,0.029188005,-0.0012187148,-0.068802476,1.0275898,0.98069954,5728.6147,59.09998,412.82996,144.28079,140.28058,172.89792,0.0020752267,11.013931,33340.555,DICTIONARYBRUTEFORCE
23.86243,8.269659,62.756252,7171.463,-0.025458854,0.03386305,0.24031393,0.015264997,0.69161,0.062460084,0.0020939554,3.3208094,0.65447223,-0.29301706,3.2834494,-0.006982079,0.1077032,0.04992556,-0.06647744,0.068654254,0.14459571,-0.063188605,0.74241984,0.19186135,-0.059859462,0.1115593,-0.012772506,0.030694678,0.8985665,0.96037364,-4274.4463,73.46668,-124.522644,186.94135,-23.883446,129.0342,0.010487535,3.3371582,-33284.844,DICTIONARYBRUTEFORCE
31.391117,5.0910726,66.90821,-1658.6313,-0.009096227,0.041489955,0.03615881,0.18281224,0.95516306,0.013325874,0.008767775,9.965472,0.9339098,-0.347515,-0.0041683204,-0.15857893,0.9017212,0.017704558,-0.014571847,-0.0026658224,0.13681065,-0.038796715,1.0062193,-0.02952542,0.005068083,0.070157126,-0.03407544,0.023615573,0.96117854,0.91649026,-1441.2593,65.754814,552.2994,184.2439,199.84097,174.70457,0.00905166,10.975876,67431.586,DICTIONARYBRUTEFORCE
27.12801,5.7689586,79.139565,2469.7637,0.05730389,-0.033824306,0.003363262,0.0945522,0.8632832,-0.02815317,0.0025003543,9.346547,-0.8330102,0.62575215,-0.029909458,-0.13279116,0.714981,0.0032956759,0.016649373,-0.000108121894,0.13728753,-0.0061238324,0.8129648,0.103139065,0.015127638,0.06900711,0.00036101788,-0.02783955,1.0110748,0.9527347,3076.2463,62.512993,589.8382,221.42667,214.39194,235.11652,0.014940588,8.946899,96455.945,DICTIONARYBRUTEFORCE
35.062454,3.7459803,67.03639,3892.1902,-0.02831215,-0.0031744253,0.009226489,0.34169984,1.1051277,0.017555613,0.052155085,13.279796,-0.38991266,-0.3252799,-0.041835602,0.23219144,0.5049692,-0.0037063425,-0.0025127968,0.009039006,0.14077425,-0.01631608,1.1252707,-0.1435036,-0.03460273,0.07696347,-0.022449154,0.029531538,0.9876156,0.93029296,1168.4409,67.324,1152.0814,480.3535,457.40085,480.10132,0.0044206013,13.339241,260284.97,DICTIONARYBRUTEFORCE
22.904034,6.4876947,81.91371,-7994.1196,0.046606738,0.025216907,-0.06682263,0.26002195,0.59981364,0.005688684,-0.0040829717,5.4049006,0.5493977,0.5571085,0.06941493,-0.17356129,0.7673934,0.10236405,-0.018492745,-0.0041811494,0.17244749,-0.013183739,0.6238346,0.28626,-0.020524211,0.10587418,0.050506756,-0.091213696,0.894364,0.90173364,-2865.751,61.14199,158.1016,-26.74205,85.74083,-10.572014,0.028293302,9.378166,17113.578,DICTIONARYBRUTEFORCE
27.226192,3.8717453,94.34758,5585.6035,-0.07597749,0.038261164,0.008630398,0.64549726,0.91911143,0.055456985,-0.0096990885,8.293564,1.3061099,0.040744934,1.9217017,-0.068055846,0.14646652,-0.10830201,-0.12249425,0.037439704,0.28538156,0.003094254,0.8385237,0.0575493,0.07683684,0.14703336,0.06524201,5.655922e-05,0.88062537,1.0641463,5139.992,64.84714,670.00574,357.93805,154.50458,423.39435,0.015615961,5.1218414,63910.594,DICTIONARYBRUTEFORCE
30.663837,4.393221,61.531982,-881.5835,-0.0039151963,0.011687328,0.015340146,0.025215913,0.947771,-0.006567087,-0.023220785,6.4450645,-0.14429782,-0.06978685,0.7322159,-0.13983217,1.0031422,0.010351105,-0.014497342,0.02180412,0.07471505,-0.03338688,1.0029789,-0.033291943,0.009137517,0.02669016,0.019662922,0.018933944,0.9470153,0.93767715,12608.713,96.497284,2064.579,1386.4956,635.3324,1378.9646,0.0063438923,11.1884,427932.6,DICTIONARYBRUTEFORCE
29.549599,3.6560564,89.924286,-826.8657,0.07914048,0.09578126,0.028148238,0.04477301,0.94472253,-0.0030813548,-0.0007471186,13.55423,2.3706446,0.39871937,-0.045067612,0.0021603098,0.68468577,0.07106678,-0.01845295,-0.028956845,0.11125605,-0.04553635,0.93942034,0.010938841,0.04834886,0.080390856,-0.045551136,-0.045878537,0.9453354,0.91082907,-1670.8887,59.180096,1718.6587,257.68387,488.89645,281.957,0.016130328,5.9239197,249861.02,DICTIONARYBRUTEFORCE
23.67037,6.3946624,81.860794,205.20117,-0.016970063,0.06263874,-0.0069683674,0.08137465,0.6583668,0.0050581126,-0.03173706,5.022014,1.2968137,-0.2252274,0.017336808,-0.09021144,0.5098073,0.06378063,0.037285637,0.042409845,0.055138204,-0.026591485,0.6989056,0.18723123,-0.028119868,0.16209495,-0.007094447,0.01569022,0.97613215,0.89596176,-3200.581,61.471363,185.45822,223.79611,71.83072,243.14893,0.024455234,5.1184006,-4892.113,DICTIONARYBRUTEFORCE
28.38044,4.339528,63.668365,-1404.7256,0.04976831,0.45787874,-0.0076810345,0.39388403,0.5540782,0.041639946,-0.013387857,2.211327,4.0817046,0.75508857,0.20787714,-0.058524035,0.37501538,0.055279844,-0.0153198475,0.014446901,0.1324123,-0.009702671,0.92957336,0.05016601,0.016317336,0.012370521,-0.0067092106,-0.037925784,0.9668801,1.0053564,7974.828,105.33385,615.21954,403.35297,134.53976,451.85864,0.015071221,1.0217056,46239.914,DICTIONARYBRUTEFORCE
27.800209,4.10338,114.2566,-2977.2764,0.000997223,0.0055907373,-0.0032823253,0.47274014,0.9333189,-0.013767259,-0.0110967755,13.669547,0.11696171,0.46957332,0.08727066,0.017717447,0.5475789,0.05339619,-0.037210554,-0.010685715,0.15224323,-0.046138797,0.9350019,0.019245759,0.03382491,0.0276337,-0.017698199,-0.015681857,0.9867555,0.94768125,10379.236,58.598183,1889.6232,483.11703,620.4759,498.85703,0.017840393,9.790703,349106.03,DICTIONARYBRUTEFORCE
23.446869,7.538385,87.87696,-5328.761,0.06790876,0.19123954,0.028728213,0.087799564,0.5459834,-0.007687955,0.0066395616,5.523825,2.6166275,1.392547,0.7044839,0.0040752906,0.30284324,0.1222267,-0.043803547,-0.05863738,0.1971391,-0.023968536,0.66966283,0.26840752,0.008227077,0.06684789,-0.0059765344,-0.027493445,0.95968395,0.94208395,-173.33643,61.00137,338.37128,67.60355,128.36838,60.596527,0.015692059,7.8161697,45102.195,DICTIONARYBRUTEFORCE
21.471573,8.240416,104.90773,18962.832,0.1512925,0.28778106,0.060512614,0.21560505,0.43325582,-0.03873585,0.0012528361,4.054945,2.0138795,0.06660023,0.09342015,0.0046838634,0.04176653,0.11287042,0.02945589,0.006862078,0.12378216,-0.06519862,0.6022899,0.24372382,0.019782886,0.048172243,0.04968427,-0.0020213705,0.9577987,0.92737865,3178.147,59.308395,466.12817,163.24933,123.18922,194.53201,0.017080085,0.68167114,44156.242,DICTIONARYBRUTEFORCE
21.11596,9.191036,71.19781,-3541.7178,0.06418059,0.23295136,0.024789402,0.097109094,0.38300285,0.0310358,0.0013723294,3.5078607,2.423361,0.5571393,0.09629139,0.077991866,0.066247016,0.14579049,-0.005497732,-0.0049912184,0.140658,-0.032830082,0.558628,0.36563063,0.013295885,0.057518773,0.014024407,-0.0010200869,0.92125106,0.9564789,544.7964,64.435905,93.26636,47.24568,47.837784,66.86073,0.017819952,11.2838745,-3936.991,DICTIONARYBRUTEFORCE
21.974182,8.395721,79.49299,-1880.8745,0.047624897,0.02948839,0.16205749,0.16533141,0.6306061,0.030558089,-0.019809792,5.405866,0.443801,0.10938392,2.3050885,-0.04509332,0.398365,0.06889791,-0.025347881,0.04841369,0.07944039,-0.038604356,0.6997813,0.24492343,-0.013805028,0.08535284,-0.040048998,0.018396009,0.9769695,0.98065645,-870.19434,60.70366,-24.154068,73.0065,-3.3958511,44.124935,0.010585194,16.085869,-26837.766,DICTIONARYBRUTEFORCE
24.701958,7.2750936,94.506355,3516.3062,0.07802378,0.08414855,-0.012675851,0.27952,0.6103391,0.046335228,0.013493288,4.829935,0.44965836,0.17929998,0.06488464,0.042092703,0.34586465,0.0749917,0.009890021,0.033465516,0.08617214,-0.041390195,0.69252825,0.21049558,-0.028001927,0.043421384,-0.00996645,-0.009260298,0.9879805,0.9646554,3707.4297,62.423576,140.11111,66.76135,13.931609,97.83472,0.012856683,12.850891,-2804.8767,DICTIONARYBRUTEFORCE
19.966446,8.872694,58.74031,884.43945,0.076073624,0.11769431,-0.0008336012,0.19091588,0.4497523,0.012982502,0.004604154,3.8677616,1.343476,2.0291195,-0.028436352,-0.012059667,0.31802818,0.110970065,-0.007614451,0.002028891,0.12425557,-0.024396475,0.56918466,0.391501,0.0117458785,0.103564866,-0.015695501,-0.024945341,0.95354503,0.9561737,-280.79395,58.817783,800.17456,176.13724,271.88898,222.16841,0.012889478,9.887939,111143.92,DICTIONARYBRUTEFORCE
30.217386,3.980587,89.22174,4703.0234,0.027841274,0.15828241,-0.025278164,0.372298,0.86519253,-0.042520944,0.0077975653,9.2689,1.4161648,-0.16027752,-0.12944946,0.07952564,0.31044233,0.07597792,0.010206177,0.026886694,0.13905731,-0.0235768,0.95806956,-0.009609676,0.014047199,0.09009641,-0.052556768,-0.014607988,0.9755359,0.9294071,-805.6045,59.11378,1283.3583,214.48404,445.2604,229.12872,0.014978895,0.6191635,290836.2,DICTIONARYBRUTEFORCE
24.769552,7.0780306,71.13395,12038.766,0.08068376,0.04894383,0.0075946394,0.09538229,0.68029445,-0.008839684,0.011753245,5.7852316,0.37813628,0.15802866,-0.13480793,0.14466076,0.10209607,0.052713417,-0.00041595194,0.012572998,0.09087707,-0.006103646,0.73501706,0.20592317,-0.007275871,0.06714471,0.005891649,-0.013660843,0.9793087,0.9900393,-2138.1196,61.3037,364.7627,59.677204,105.28785,74.89848,0.006255697,10.94529,13354.888,DICTIONARYBRUTEFORCE
27.425007,6.349395,88.58417,33140.383,0.03640926,0.0696617,0.016673014,0.10047481,0.75200105,0.0062219677,0.048724223,5.9290643,0.54258966,0.21248302,0.0020420179,-0.08527777,0.7132682,0.057592537,-0.0012100581,0.024076711,0.06432033,-0.059873305,0.8325408,0.10302124,0.009000964,0.058757998,-0.00053583644,0.010708421,1.0014094,0.9657129,-726.20654,62.376167,120.68733,31.89,53.19268,31.476517,0.006450887,10.956177,-3653.2754,DICTIONARYBRUTEFORCE
23.291342,5.6454363,145.0951,-941.9761,0.056418717,-0.011057134,0.17833623,0.19052607,0.78466004,-0.02768375,0.027995143,6.6159077,-0.17079808,0.40077364,3.1538038,-0.056600016,0.38155928,0.055968422,-0.009162099,0.051721502,0.09086304,-0.05901545,0.8287062,0.1316928,-0.0024535647,0.050707493,-0.019183576,0.028366972,1.0150598,0.9592883,4789.829,63.160496,219.2169,120.08757,77.23457,96.30903,0.012760199,12.767151,2211.9922,DICTIONARYBRUTEFORCE
29.391066,3.7137673,79.19604,716.1841,0.06353369,0.1986968,0.04212853,0.2607844,0.8399235,0.017341904,0.0016807276,9.453359,2.4409053,-0.19737878,0.050106797,0.2122263,0.13941926,0.060093634,-0.026639186,-0.020472834,0.16177802,-0.009989458,0.99676776,-0.055004153,-0.0026400504,0.09647586,-0.03406283,-0.02100847,0.92617923,0.9229821,-1414.3208,60.25263,914.22253,283.3727,293.56647,301.97864,0.014843019,4.369766,113804.81,DICTIONARYBRUTEFORCE
21.950178,6.529134,67.516556,39388.793,0.15093623,0.0024304788,0.17791015,0.27221277,0.702709,-0.019177444,-0.06537772,5.443543,0.35911208,1.3386569,2.935185,0.15133666,0.012188536,0.054640323,0.007933424,0.017707665,0.1535073,-0.084501766,0.7335514,0.1604352,-0.011118377,0.0876712,0.01373126,-0.03892414,0.89513385,0.96382594,8149.684,57.383057,177.02936,199.33685,60.54016,211.61234,0.013606249,9.874268,-5363.5874,DICTIONARYBRUTEFORCE
32.013412,4.0239167,66.588554,-5286.063,-0.024235098,0.084331535,0.04044293,0.11635935,0.87623775,0.051971704,0.041508466,9.510089,1.3288891,-0.34259146,-0.07120888,-0.044657677,0.8098717,0.079842,-0.013827199,0.015442009,0.10443952,-0.038634866,0.9386716,0.024901733,-0.0040256814,0.04829829,0.010791788,-0.020247644,0.9455208,0.92087835,7031.5674,76.64432,1826.3047,584.44025,683.44666,570.98645,0.017375743,12.103958,499313.7,DICTIONARYBRUTEFORCE
25.135769,6.4542375,127.36981,-2816.9365,-0.0150925,0.2173624,0.010349349,0.11093555,0.5623967,0.017637353,-0.018825129,5.6286817,1.8416355,-0.34786868,0.11121691,-0.0443041,0.6048843,0.076043904,0.055459846,0.018786311,0.07683068,-0.027467985,0.8102935,0.15476371,0.0039380207,0.05499825,0.006478359,0.028255995,0.957111,0.9362617,1088.5869,60.20067,55.725525,38.759758,29.271626,71.86964,0.015085878,12.845825,-5096.005,DICTIONARYBRUTEFORCE
22.032066,8.024384,89.81127,1994.1409,0.10010186,0.16459298,-0.004467247,0.23419367,0.5375843,-0.0037969253,0.009139286,4.1747174,1.317249,0.8579118,0.15532455,-0.055518754,0.4745627,0.086871564,-0.013347173,0.010432493,0.08257799,-0.063710004,0.63677084,0.275109,0.017302334,0.06516661,-0.030036904,-0.023702083,0.9753746,0.96760935,640.8462,59.015858,294.8946,147.63626,79.937126,183.98682,0.01306409,6.975296,-670.0689,DICTIONARYBRUTEFORCE
25.25267,5.1360297,103.979675,-798.8198,-0.0077295206,0.38760474,0.018206835,0.2580827,0.44967914,-0.024382891,-0.035209958,2.9298902,3.0503612,-0.02962915,0.18217133,-0.082794435,0.2095547,0.16943863,0.00072121155,0.09146586,0.101480894,-0.06879847,0.7378154,0.11907981,-0.01628917,0.030261349,0.082558766,0.037710246,0.9348789,1.0051175,6662.2266,74.46567,416.21497,224.00113,94.536385,278.37213,0.029926386,1.0267792,20660.479,DICTIONARYBRUTEFORCE
19.87068,8.627371,100.45517,-552.39746,0.060531624,0.1363049,0.022002444,0.12296664,0.4094756,0.011221167,-0.03941416,4.26394,1.1575855,0.018998025,0.03940226,0.007259943,0.3049552,0.13033378,0.009969854,-0.0026689563,0.081964836,-0.014929267,0.54168355,0.39772934,-0.008743105,0.084579326,-0.0045163,-0.0047131535,0.982184,0.90571636,1686.8169,59.79301,1019.7768,296.79462,398.49918,348.3193,0.024857093,9.650467,204686.22,DICTIONARYBRUTEFORCE
24.13696,6.557451,88.229355,2601.661,0.015820267,0.0712923,-0.00980461,0.07479211,0.6391032,0.023455445,0.042779822,4.864065,0.41364682,-0.06765043,0.07953274,0.07512006,0.36558023,0.07706384,0.025712386,0.03136357,0.1001948,-0.020900544,0.7317265,0.17402403,-0.004138779,0.07271945,0.014839673,-0.0041256007,0.9682632,0.93763995,817.06836,60.971874,-2.8457794,68.08808,20.027033,74.64931,0.011429641,13.206192,-2021.4722,DICTIONARYBRUTEFORCE
25.635525,4.2643075,81.75131,6780.995,0.08417089,-0.0022784164,-0.006880956,0.13125826,0.77618146,0.030902317,-0.0029257871,5.738975,-0.3074464,0.28873214,0.15294906,-0.13846967,0.7925853,0.022269823,0.028427128,0.0057542836,0.14245923,0.0020901114,0.7700074,0.14176483,-0.034488432,0.07822372,0.056918267,-0.06942385,0.9605819,0.92243856,3594.1653,60.591145,281.81998,128.78322,103.7657,209.76703,0.02719281,6.4656677,60211.67,DICTIONARYBRUTEFORCE
13.295783,12.631151,69.57748,77.18945,0.03464279,-0.014798762,-0.024795953,0.089164585,0.2504802,-0.0019167678,-0.0057946215,1.4556054,-0.4872654,0.14831701,0.46492192,-0.07154292,0.25764975,0.11049911,-0.02469913,-0.010679461,0.10866106,-0.03826452,0.30148405,0.6307756,-0.043553673,0.08532025,0.030212846,0.00502252,0.9786631,1.003181,5136.9697,64.69936,291.04407,176.60522,85.388054,179.0638,0.014683305,18.00512,9028.925,DICTIONARYBRUTEFORCE
23.020761,7.502319,96.42877,3043.8887,0.1608906,0.003241536,0.022492059,0.3456185,0.6870405,0.013572054,-0.088177405,6.8363876,0.3939547,1.3356519,-0.115679435,-0.13105783,0.45595255,0.06383363,-0.013476323,0.041769005,0.12053777,-0.054546714,0.6119168,0.30167443,0.004503941,0.08369025,0.027064972,-0.042669084,0.9094313,0.9354741,-2566.1123,58.508465,398.5337,98.83935,115.946724,153.15327,0.026685776,7.2598953,11693.131,DICTIONARYBRUTEFORCE
12.878359,12.204641,105.4288,-6005.737,-0.014786504,0.033325013,0.0020242855,0.28977677,0.30752838,0.021697797,-0.015022716,3.335147,0.44050986,-0.048302263,-0.03678383,-0.12367115,0.15233542,0.14977632,-0.012271953,0.016799822,0.114180736,-0.028806388,0.33268225,0.63475907,0.010135873,0.041658416,0.01181099,-0.021103138,0.9980375,0.9755513,3729.9702,60.068012,930.1994,228.84213,281.09607,216.01413,0.014317029,13.250549,101996.43,DICTIONARYBRUTEFORCE
25.229553,5.408344,116.90805,1158.2231,-0.0071553695,0.19134171,0.021444103,0.05844707,0.6003392,0.016252527,0.033451047,5.576974,1.6250913,-0.1852282,0.26517177,0.020756776,0.39144084,0.08612542,0.026015984,0.007078852,0.103759974,-0.01661251,0.7999639,0.14582893,-0.0063062822,0.0574091,0.03459033,0.010640727,0.9725391,0.9274652,1863.2954,62.492966,104.01201,89.34145,38.002434,110.77405,0.015749943,8.144745,5210.287,DICTIONARYBRUTEFORCE
32.962677,6.015096,65.663185,7315.788,0.10284479,0.41537055,-0.0048160087,0.03366911,0.59923345,0.0499537,0.01262668,4.9593725,3.9468148,1.2449262,-0.11503725,-0.05306176,0.3658432,0.029841056,-0.036642298,-0.042314373,0.18447138,-0.0012647966,0.91592175,0.09910786,0.036950827,-0.06338593,0.0016411534,-0.025065675,1.0455743,1.0609347,-3557.1777,71.80452,583.9065,185.41055,212.55173,233.79874,0.0008503967,4.8025894,110298.39,DICTIONARYBRUTEFORCE
19.302713,9.376664,104.84044,1729.083,0.066195704,0.060008522,0.011549868,0.19510888,0.46375227,0.0029697614,0.002712293,4.045209,0.44805363,-0.007602749,0.19149777,0.093512654,0.0002704393,0.100203395,-0.010040723,0.0786582,0.10148369,-0.063777536,0.56540227,0.38962325,-0.008729685,0.07847594,-0.027439522,0.0131882895,0.95581174,0.9734326,2997.8408,59.639915,18.33754,116.16763,-15.800049,107.97776,0.01145523,12.413925,-26768.89,DICTIONARYBRUTEFORCE
28.214453,7.5544653,119.11305,34708.52,0.1313198,0.46527368,-0.03460382,0.22169101,0.45716146,-0.0064418474,-0.05148044,4.902839,4.438651,0.69923675,0.10953428,0.06992577,0.09435928,0.09622113,-0.02182554,-0.05979611,0.18327759,0.0024769595,0.76077294,0.15588218,0.063037045,-0.08551215,-0.0062779104,-0.0065171905,1.0304344,1.0567476,29.103516,63.31679,459.0459,141.37372,49.81607,190.86316,0.0047682887,3.0933304,14243.711,DICTIONARYBRUTEFORCE
25.355818,6.422993,81.43172,-767.28613,0.054541074,0.028376563,-0.009188038,0.3450615,0.71051645,0.03202328,-0.045177717,6.319683,0.2050446,-0.16959292,0.026681397,-0.2333817,0.90561163,0.046434257,-0.024760712,0.029813956,0.1336145,-0.013176583,0.77090013,0.21714543,-0.0038720877,0.14933543,0.007157302,-0.008655981,0.9768035,0.95825326,844.1719,61.761703,287.78043,169.04547,91.61824,236.46838,0.021925518,5.9913025,5239.321,DICTIONARYBRUTEFORCE
30.507933,5.3050294,123.44899,-359.02686,-0.011323298,0.05951276,0.012984879,0.4121824,0.9322996,-0.013831132,-0.0131913,9.9543085,0.7371864,-0.13431484,0.14405939,0.040481653,0.57427895,0.03521558,-0.03794259,-0.006691315,0.1406319,-0.023692664,0.9560252,0.023647966,0.011497537,0.006313557,-0.0218395,0.0011241436,1.016016,1.0097014,6096.5684,64.45083,1924.5574,631.0118,687.7348,655.583,0.0034444248,11.863007,458791.3,DICTIONARYBRUTEFORCE
23.061167,9.258867,95.04074,277.00977,0.14667225,0.059923317,-0.013645934,0.14092301,0.5617402,-0.0062738257,-0.028617734,4.9738426,0.89044416,2.7653437,0.013169179,0.11741339,0.1507062,0.14889394,0.031574767,-0.01893374,0.14947662,-0.016167458,0.5756222,0.3831813,-0.002367699,0.006480019,0.009475992,-0.0124640195,0.99790925,1.0017698,2093.867,67.48081,222.6255,131.41093,73.58706,166.3184,0.012636202,9.784309,974.3706,DICTIONARYBRUTEFORCE
26.429663,7.8694825,92.67371,12068.463,0.12025248,0.3102233,-0.049512792,0.052801456,0.4535304,0.019520693,-0.029742533,5.253025,2.9631286,1.3953513,0.013202967,0.017923417,0.28654525,0.15541446,0.041891746,-0.0013650628,0.12984648,-0.03345156,0.6751133,0.3307726,0.058777727,0.021431556,-0.028656267,0.03930331,0.9877777,0.99281365,-2691.0166,61.373474,-161.94467,91.61884,-59.240837,118.622116,0.0091476105,-0.115234375,-50809.344,DICTIONARYBRUTEFORCE
25.062967,7.0037823,67.58225,-102.19678,0.075708166,0.09017255,0.024363987,0.15733448,0.6615552,0.035428766,0.013279354,5.48637,0.90671414,0.21109352,0.28858262,0.06853764,0.19322167,0.0741688,-0.00867532,0.00965062,0.12795982,0.0077996724,0.70252764,0.18832032,-0.04238251,0.064651825,0.016291436,-0.002720179,0.9801545,0.95110905,-79.1416,65.64316,239.8693,67.64321,74.97946,83.054726,0.011623373,9.209778,11590.541,DICTIONARYBRUTEFORCE
31.17871,5.372334,81.38919,-127.6001,0.0476309,0.011671426,0.004333423,0.1880769,0.94668406,0.00037510472,-0.03140833,10.153509,0.13666695,0.011283754,-0.16159979,0.04207907,0.49897543,0.009242305,-0.014809908,0.0024207728,0.13608323,0.030083135,0.86474437,0.06585501,0.037601557,0.049362294,-0.0026182784,-0.0770167,1.0166768,1.0201042,5540.7812,71.80141,1508.6921,492.37762,539.92804,522.4138,0.0061876974,6.165161,291965.62,DICTIONARYBRUTEFORCE
21.829552,8.980234,110.83132,-419.01123,-0.0023920555,0.12771231,0.020273358,0.22407536,0.5391973,0.014038091,0.027749352,5.323609,1.2063645,-0.06630412,0.10872684,0.10211383,0.03538492,0.109797806,0.0041976897,0.039446734,0.11807765,-0.01513192,0.63029814,0.31219533,-0.0027249102,0.0010792818,0.02694402,0.018251548,0.9793235,0.9977738,1545.7837,70.14325,266.00497,113.48455,68.66534,133.98242,0.008655193,11.479942,-6389.765,DICTIONARYBRUTEFORCE
31.398993,3.4360483,74.561295,4288.6426,0.05634234,0.028448893,-0.010078533,0.5253588,0.87513775,0.043720774,-0.022521723,7.8627195,0.3723058,0.06950043,-0.031706367,0.080163024,0.22181474,0.081277505,-0.016237652,0.055175204,0.17542729,-0.03784227,0.9087745,0.016647132,-0.0083941575,0.098439224,0.017954275,-0.009806546,0.92779756,1.0011096,437.4839,72.20145,371.9997,200.95317,93.47511,247.72913,0.022409203,1.4949265,9689.6045,DICTIONARYBRUTEFORCE
31.626188,4.8666224,115.37721,1505.6533,0.027607037,0.031338554,-0.04275474,0.31010923,0.8911844,-0.060767867,-0.008067001,8.6507225,0.20910683,0.55007046,-0.0824154,0.13809446,0.4362309,0.07728696,0.012332374,-0.0029967632,0.14348495,0.0042630313,0.8737328,0.073446654,0.034061972,0.009480909,-0.041086398,-0.024334908,1.0336636,1.0125014,3172.527,68.250114,1548.4232,373.53534,593.9681,381.91943,0.008325921,11.610542,412075.25,DICTIONARYBRUTEFORCE
17.608864,10.628525,107.542206,-3307.358,0.028401349,0.045622792,-0.021222292,0.26746762,0.4079836,0.022593046,-0.026118802,3.0552616,0.4673842,0.5052066,0.075547665,-0.08353071,0.19724987,0.11629912,-0.023678558,0.02933536,0.13449566,-0.044583373,0.4188051,0.5221739,-0.013147704,0.06875948,0.006833845,-0.030557107,0.98770386,1.0131216,3656.2024,61.990265,337.40845,148.65651,128.6578,175.04099,0.020526646,9.537384,24939.61,DICTIONARYBRUTEFORCE
23.730145,6.0572014,86.44748,5701.509,0.08749693,0.07430941,-0.009578823,0.33208957,0.64153636,0.014623862,-0.016930418,5.2327166,0.54194367,0.113653734,0.09448229,0.065055415,0.112650946,0.07641238,-0.03241625,0.024339736,0.16462027,-0.023990536,0.652313,0.24462588,-0.03007503,0.11102176,0.027533026,0.013539346,0.98399705,0.97684497,3211.256,60.805374,473.3375,161.91159,150.22394,202.54436,0.020912925,2.806961,57877.98,DICTIONARYBRUTEFORCE
19.554506,10.426815,68.383835,1376.0977,0.16527346,0.029414399,-0.003793945,0.01660378,0.46806282,0.004815541,-0.025328439,4.053383,0.9682861,1.6979835,-0.09226475,0.057286292,0.054872777,0.11899334,0.018493956,-0.015838375,0.17540604,-0.0064002816,0.44474685,0.49472508,-0.006908345,0.06737641,0.045111254,-0.018520582,0.96343523,0.96426755,-295.56104,59.393063,549.07434,217.10371,190.77945,230.83905,0.010989195,7.1107635,52965.066,DICTIONARYBRUTEFORCE
25.089977,7.2924547,90.15045,14173.17,0.029093985,0.12925379,-0.0050936104,0.32144603,0.6570728,0.004730423,0.008017248,5.9931526,0.97209483,0.014171207,-0.0032015145,-0.028930556,0.36113188,0.100951865,0.013087468,0.005468847,0.13344488,-0.026726639,0.7129564,0.22791256,-0.007939732,0.014801266,-0.010736989,-0.0062036794,1.0126953,0.9870489,-2390.463,62.530857,713.0268,184.6629,219.2019,224.39874,0.009890192,4.683693,86070.01,DICTIONARYBRUTEFORCE
19.773674,9.165583,48.63168,-2120.398,-0.03060484,0.31513655,-0.024006262,0.16809452,0.25144908,0.00020572508,-0.015026425,2.2296362,2.906935,-0.097258404,-0.08032486,-0.13164678,0.36046502,0.13975291,0.029765256,0.030003367,0.116909586,-0.043110445,0.5186579,0.41112527,-0.009194938,0.12611225,0.00357253,-0.0202096,0.9646871,0.92153,-401.20215,76.60926,653.5077,272.77847,215.5303,286.67282,0.01614107,7.277527,74362.8,DICTIONARYBRUTEFORCE
21.66395,8.7129,79.36513,-2615.5942,0.07574519,0.025526581,0.017954772,0.14254904,0.5958042,-0.0019406236,0.024997015,5.768928,0.75431734,0.65893424,0.027344648,0.013722698,0.2583246,0.11150317,-0.0037376024,0.010810843,0.13325317,-0.05016671,0.6029414,0.33091003,-0.008671229,0.06776466,-0.004468132,0.01247974,0.9712784,0.9537213,1170.063,59.367397,237.04715,92.59323,100.88242,107.4786,0.011371872,10.494614,9474.833,DICTIONARYBRUTEFORCE
31.264492,4.986932,76.28598,-2517.2798,0.025209762,0.03280992,0.001682362,0.26331174,0.956271,0.002835149,-0.002950055,11.13216,0.7331881,0.22186889,-0.10944824,0.0737223,0.6118114,0.054733075,-0.0027652225,0.021600913,0.13074914,-0.038820084,0.9556002,0.009381913,0.026957208,0.011361594,-0.03356927,-0.016794909,0.9885783,1.0084019,5319.407,63.69677,1718.5594,459.64206,644.49426,453.14825,0.005956223,13.871857,380213.47,DICTIONARYBRUTEFORCE
28.010391,4.5080853,64.49678,822.36743,0.039395608,-0.00137927,0.0949452,0.4760947,0.95755243,-0.0065769562,0.025631417,10.507801,-0.29563737,-0.07988593,1.1909039,0.15073122,0.1322356,-0.035738017,-0.019128224,0.038442235,0.15147096,0.0008623302,1.0046613,-0.05005094,-0.0065403096,0.039259423,-0.0043441867,7.07712e-05,0.98646635,0.9893295,4005.4253,60.408566,170.59113,148.69577,70.57896,172.60828,0.0010155799,13.87381,-3644.6587,DICTIONARYBRUTEFORCE
25.333858,7.0455165,95.834,51.350586,0.07493002,0.35709617,0.048397314,0.05903734,0.4793281,-0.014274295,-0.0293236,5.0539365,3.5284238,0.3044302,0.42363453,0.082987666,0.06670047,0.13621154,0.013569575,0.0030611549,0.15783004,-0.06805758,0.7323493,0.20289563,-0.006057812,0.039317146,-0.018886242,0.0153761925,0.96506166,0.9638514,-2210.4531,60.94054,148.23195,66.45021,38.05812,101.44581,0.012506869,3.5335464,-10252.457,DICTIONARYBRUTEFORCE
28.591972,4.9937153,93.06172,148635.06,0.10194732,-0.020337982,-0.0017506885,0.28033057,0.9083529,-0.101257525,-0.0635518,7.5309544,-0.75014025,0.5788971,0.13676059,-0.04999815,0.4704822,0.018321602,0.0046072016,0.014752412,0.13659558,-0.0816762,0.82724786,0.054983724,0.01965223,0.07563404,-0.05748235,-0.041773204,0.98511803,0.9917322,9002.057,64.18652,124.82356,115.60953,5.761142,134.80788,0.013254682,15.212631,10391.785,DICTIONARYBRUTEFORCE
26.146048,7.2220182,64.33933,1259.897,0.003417777,0.060461815,-0.023716476,0.44477853,0.7211001,0.008312777,-0.0006041769,6.6767454,0.5701459,-0.21818838,0.060649812,-0.034949794,0.51930386,0.044218678,-0.011769607,0.0024505192,0.12193687,-0.038203973,0.82207555,0.17795932,-0.014609391,0.025607685,0.0032635173,0.028064474,1.0179309,0.9893632,2939.9724,63.566315,1460.2112,425.96463,555.2185,474.90384,0.00566349,13.442635,366729.53,DICTIONARYBRUTEFORCE
31.81091,3.4223511,117.95684,18163.97,0.0954881,-0.022550115,0.029533703,0.38292584,1.1738944,-0.050021008,0.054513052,24.173101,-0.9992388,0.46993405,0.20940661,0.14598602,0.29475614,0.0248677,0.019638482,-0.018640112,0.1603348,-0.09764784,1.0688043,-0.08683839,-0.017503055,0.09051047,-0.059711687,-0.05257098,1.0182443,1.022654,2535.5405,62.598305,387.799,248.78076,96.54637,240.31387,0.0035241302,4.460037,19773.188,DICTIONARYBRUTEFORCE
22.76285,9.087689,79.37559,-2182.1274,-0.013873277,0.036156863,0.020317996,0.17891349,0.5691204,0.026192749,-0.027333656,5.3006845,0.7356831,-0.24689914,-0.04050037,-0.06565138,0.4949617,0.10297842,0.007229936,0.012566479,0.09651913,-0.05008082,0.6075506,0.3539485,-0.022305101,0.06555173,-0.019241188,0.033519145,1.0020453,0.97102994,-2794.5557,66.73328,310.25696,165.17249,93.312904,169.64482,0.010409708,11.498314,4395.5176,DICTIONARYBRUTEFORCE
28.359974,5.469165,80.77428,513.479,0.05766855,0.2010093,0.012291199,0.40799913,0.73691624,-0.018876443,0.042606026,7.309964,1.8473505,0.23877724,0.016723085,0.14535348,0.0924592,0.095839195,-0.0015977351,-0.012379283,0.14740194,-0.02847606,0.877605,0.05453479,-0.0067794276,0.029629936,0.01681673,-0.004969351,0.9950547,0.97445804,806.6284,64.55421,743.4034,171.08441,244.10046,186.0518,0.009590117,9.323761,103817.88,DICTIONARYBRUTEFORCE
27.398556,6.50093,103.34169,55.364258,0.031504534,0.045972493,0.036877435,0.11522522,0.7880787,-0.004836813,0.0066650077,7.0165114,0.58496666,0.17832232,-0.05792281,0.0173386,0.5628676,0.057921216,-0.009008883,0.020240003,0.05905764,-0.00066847075,0.8496439,0.12910502,-0.0034343847,0.039913267,-0.012020226,0.009329951,0.9811368,0.93442786,4849.9614,62.1798,1517.7383,432.76697,618.90234,446.9119,0.008096575,10.632111,473569.12,DICTIONARYBRUTEFORCE
23.40909,8.359067,109.565094,1401.2234,0.05121357,0.017431246,0.014071612,0.20922697,0.6551403,0.004110232,0.03915267,5.3362184,0.36677495,0.009331106,0.050516944,-0.03900315,0.41409978,0.106190756,0.003954647,0.049320962,0.08953344,-0.039080363,0.6526097,0.2805764,-0.045728326,0.08322522,-0.0003419211,0.008003133,0.9755994,0.95808184,-955.7339,64.0466,296.0901,151.41032,106.4696,147.88606,0.011825837,5.947418,6114.15,DICTIONARYBRUTEFORCE
13.758587,11.952314,98.00819,-4997.5063,0.044070113,0.058448106,-0.016736533,0.24799526,0.2669802,0.013862993,-0.016965758,2.0957937,0.8048502,0.5266718,0.03503144,-0.0652927,0.16250853,0.1577281,-0.012091812,0.010802843,0.0964237,-0.036999263,0.33002293,0.6429072,-0.0061531086,0.04117965,0.017326191,-0.025698751,0.98408437,1.0069176,6373.2676,61.276604,837.46014,272.0061,296.36435,295.00644,0.017224966,12.467995,109368.766,DICTIONARYBRUTEFORCE
28.93452,6.457004,77.153305,11321.8,0.18269001,0.046193715,-0.0053002103,0.23559411,0.892834,-0.022688795,-0.0787065,15.585696,2.2764294,4.046676,-0.096706815,0.28077278,0.019861309,0.07338149,0.01746325,-0.034678396,0.1569949,-0.07942751,0.83970934,0.1410641,0.024150422,0.075400345,0.01517573,-0.016558092,0.91849625,0.93444586,-8174.1357,58.68011,506.8131,169.36087,138.2229,191.70404,0.013261943,6.606735,6784.819,DICTIONARYBRUTEFORCE
25.692337,5.547002,70.25526,820.9629,0.015216508,0.013318804,0.11931442,0.3230007,0.824255,0.044890746,-0.025315667,6.904923,0.27123007,-0.026505563,2.3352263,-0.0722427,0.40872118,0.054921303,-0.041606694,0.005783448,0.119442195,-0.036653377,0.82898456,0.12286944,0.004570249,0.096999615,-0.008618663,0.03592205,0.99739844,0.9838833,1425.4551,65.01706,880.9677,363.11423,316.7676,351.2755,0.0056330157,7.0311127,134397.58,DICTIONARYBRUTEFORCE
28.351574,5.77296,75.20395,12415.47,0.15370382,0.085597984,-0.014719214,0.090437226,0.7119581,-0.024649955,0.0058566895,7.331826,0.95557624,5.036401,-0.24123946,0.25433576,0.12799402,0.099836275,0.056563318,0.027394796,0.15719527,0.006129276,0.76410466,0.1822798,0.04835326,0.04290633,0.0012966106,-0.07512938,0.9761773,0.9583087,-3384.1523,65.83794,501.6156,96.19024,149.18036,116.06065,0.013909141,9.780907,50179.324,DICTIONARYBRUTEFORCE
30.17345,5.342278,88.93048,323.88037,0.13333692,0.050039466,-0.006059904,0.25409153,0.8473384,-0.027431857,-0.028290572,8.500713,0.8936805,1.9260333,-0.03341333,0.07885052,0.4441102,0.094001174,0.0012912042,-0.022492878,0.1625866,-0.0149925705,0.8285729,0.112616576,0.017215203,0.018645942,-0.044912267,-0.044412605,0.98697895,0.9751136,1505.5171,66.61501,1179.4888,239.79037,427.06958,252.90811,0.01511485,7.825371,260660.2,DICTIONARYBRUTEFORCE
18.296505,9.696244,87.60145,324.82275,0.034767736,0.017483132,-0.02665109,0.18403618,0.40569735,0.041134603,0.02603476,4.050597,0.1731691,-0.085201845,-0.008304882,-0.054684542,0.26781332,0.145048,0.0102793975,0.042933658,0.112751186,-0.044483315,0.4320727,0.48269773,-0.034366123,0.1281903,0.053459466,-0.020786088,0.95222235,0.941238,1723.7524,64.62205,313.61978,124.78316,104.05751,168.24644,0.023771638,9.057892,23335.42,DICTIONARYBRUTEFORCE
27.925987,5.4866858,73.66311,-5699.859,0.06961382,0.26879102,0.015797738,0.2771946,0.71195453,-0.019915646,-0.015973441,7.8834124,3.0009868,0.66254914,0.43130144,0.10497417,0.23742409,0.07802629,-0.01423016,-0.03426921,0.19178838,-0.006322926,0.8938663,0.08505194,0.0060740695,0.0037315476,-0.01515113,-0.043482617,1.004669,0.9854503,6607.61,60.680115,1671.3253,301.56732,581.7903,346.59793,0.0055907494,5.9948807,388940.0,DICTIONARYBRUTEFORCE
27.099537,6.0043225,102.709145,-2484.685,-0.05264745,0.21370964,0.034767583,0.23878601,0.68243784,0.0062325206,-0.021464089,7.1899824,2.3324184,-0.30096555,0.02835786,0.043312117,0.402776,0.07659652,-0.0024683215,0.006725602,0.12194645,0.016788302,0.88147753,0.11517947,0.01326961,0.0056633283,-0.032626253,0.022170497,1.0086643,0.9858753,-1067.7026,69.43204,1020.63916,370.04993,355.69754,376.70093,0.0074167536,10.698349,158125.64,DICTIONARYBRUTEFORCE
26.63509,4.7897425,130.5053,-2182.7588,0.036356073,0.0534454,0.042477444,0.36350533,0.8390103,-0.0021130713,-0.040155828,7.7527018,0.65754145,-0.17145528,0.08027431,-0.16500698,0.5919533,0.05440443,-0.0014313264,0.04428933,0.06406792,-0.049125515,0.8500377,0.02507556,-0.020987913,0.10916358,-0.017373143,-0.008204802,1.0035088,0.9012849,2473.7273,63.998264,240.75316,175.0195,99.12361,204.66354,0.030032894,3.5545044,5486.871,DICTIONARYBRUTEFORCE
27.224552,4.7672896,89.91149,-2730.4653,0.042879935,-0.027900953,0.26977038,0.22952704,0.97167003,0.004086366,0.002523549,12.215383,-0.88139474,0.23628849,3.9780676,0.22786194,0.03884248,-0.0017127674,-0.004560142,0.07504866,0.120902374,-0.02149402,0.9687027,0.00053146854,-0.007968141,0.041095905,-0.01249574,-0.015495118,0.96261877,0.96314925,-834.375,63.242184,108.908646,77.31279,5.3015165,91.84147,0.008799514,12.434128,-29939.094,DICTIONARYBRUTEFORCE
29.936008,7.5567493,61.082703,24396.84,0.047160372,0.011557067,-0.058086485,0.37133983,0.7156795,-4.9435184e-05,0.050010033,5.0174527,-0.15849306,0.82181156,-0.16787411,0.09093475,0.23021142,0.07376569,-0.008130706,0.062274754,0.1448794,-0.013154151,0.75211126,0.23960027,0.015145976,0.05524328,-0.033337172,0.026187068,0.9752438,1.0055554,-3837.8457,82.67952,256.9763,179.53265,41.88978,174.08484,0.0068297056,10.5336075,-10586.615,DICTIONARYBRUTEFORCE
21.634092,9.543339,102.18098,1285.1558,0.0693863,0.25058705,0.010875246,0.13064842,0.4069647,-0.013824553,-0.010900758,4.2567654,1.8637663,0.03529735,0.007440056,-0.05258611,0.28962055,0.09029482,0.04115838,-0.010755285,0.090472385,-0.0242644,0.57915425,0.3734228,-0.013069458,0.007167759,-0.008923443,0.0075187343,1.0091119,0.965492,-1601.96,59.789757,931.1685,230.5369,344.96323,265.7349,0.008777116,7.61718,186500.3,DICTIONARYBRUTEFORCE
25.824526,6.4423594,109.216095,695.166,-0.026089478,0.022570146,-0.0005904399,0.09614428,0.76429677,0.025471149,0.008003734,6.8103843,0.36749494,-0.17501566,0.08123155,-0.018249443,0.51131606,0.050252505,0.022795886,0.091083534,0.07283425,-0.041276436,0.8345592,0.14278142,-0.011673126,0.08597531,-0.017250072,0.024404543,0.9471439,0.93440187,-379.67578,61.69459,-65.94327,13.034592,-12.571047,12.137505,0.009441699,8.79348,-22474.143,DICTIONARYBRUTEFORCE
27.822264,4.6200967,79.51474,1117.5059,0.036685836,0.2536864,0.081736416,0.3765257,0.7316213,0.04841404,0.036224335,7.1139607,2.3968089,-0.026416054,0.4784881,0.040768627,0.22993623,0.0499656,0.025378728,0.008556153,0.15597844,-0.024958711,0.95716894,-0.009170008,-0.010560123,0.030890122,-0.007936767,0.028026327,0.9915872,0.9459789,61.601074,60.95038,356.24075,154.60913,103.94861,170.98831,0.0047021485,9.394516,18059.615,DICTIONARYBRUTEFORCE
27.831123,6.6815624,122.36795,-352.03906,0.021911576,0.25225946,0.004779934,0.095974125,0.65572613,0.004666503,-0.013492808,7.2165003,3.246133,0.11525496,0.05388595,-0.17666095,0.7430002,0.106781416,0.02635356,-0.053749535,0.16838205,-0.022034049,0.8186247,0.17057359,0.034806028,-0.0054183905,0.016860433,0.048255056,1.0235237,1.0317336,1436.3804,63.36546,937.37085,257.00293,319.04922,292.6907,0.009351175,6.5998154,167914.28,DICTIONARYBRUTEFORCE
30.641087,5.709712,97.33687,13077.93,0.053820536,0.013008351,0.0065730186,0.4229168,0.9379136,-0.04520599,0.018427376,9.698089,0.19938944,0.8062334,0.05994082,0.16532445,0.32630196,0.023444423,-0.03946819,-0.01758385,0.15803821,-0.047939144,0.9173214,0.054269165,0.053681884,0.027942408,-0.009297686,-0.019679388,1.033416,1.0097201,9602.103,59.961353,1880.2744,697.5029,730.77374,705.06116,0.0013133344,5.7094727,515796.84,DICTIONARYBRUTEFORCE
18.402351,8.492259,109.467834,1712.8552,0.09927975,0.1242701,0.03874621,0.1389855,0.48156002,-0.015163977,0.0063141785,2.5823731,1.1495916,0.30158246,0.20347568,0.079267696,0.034725275,0.15364516,0.0037654163,0.023345986,0.15814525,-0.004197741,0.523736,0.34718224,-0.0091258725,0.09967894,0.05474689,-0.023444423,0.9599157,0.95278406,5413.8267,60.93184,378.5401,244.5929,149.36987,266.07062,0.021222858,3.6227798,31108.277,DICTIONARYBRUTEFORCE
25.846027,6.6437097,64.8502,-3149.8286,0.03550542,0.055329558,0.011854392,0.18721612,0.7224285,0.0058675166,-0.017556906,7.2639995,0.5080779,0.6363353,0.14032903,-0.0073599066,0.6213919,0.04170287,-0.0044485694,0.013384104,0.12085404,-0.025530301,0.80467683,0.19462271,-0.0076010237,0.017266085,-0.062508404,-0.06697449,1.0193243,0.9773093,7098.6323,61.584915,1283.0848,313.20413,504.44666,337.77316,0.0038880396,18.48249,324738.4,DICTIONARYBRUTEFORCE
31.586414,2.8883579,70.99476,12572.305,0.15156683,0.039208695,-0.017820066,0.22713695,0.99305016,0.014996957,-0.028593058,15.501429,0.9380191,1.4842947,-0.1335932,0.15528834,0.154833,0.02583963,0.030465575,-0.004270836,0.15707359,0.018772012,0.9395774,-0.046151437,0.04693685,0.07686053,-0.017002825,-0.04871899,0.88856745,0.942466,-9058.161,60.585457,69.42532,16.24791,10.615965,36.453995,0.014003853,6.764633,-31926.1,DICTIONARYBRUTEFORCE
25.613457,5.5178347,74.72768,-748.0498,0.07850248,0.12146186,0.016386468,0.23375466,0.72818094,0.01442278,0.0072100963,7.4405847,1.483122,0.5446986,0.10345176,-0.004065223,0.46778938,0.07631396,-0.014464419,-0.024728358,0.127814,-0.028714728,0.80730027,0.12287543,0.016711798,0.06842489,0.0007377239,-0.016041357,0.96893656,0.93597287,1869.9316,59.27072,544.7664,178.19919,182.27802,178.3375,0.011453458,9.470749,62151.727,DICTIONARYBRUTEFORCE
26.489109,5.631299,115.9433,-3001.732,-0.0037480704,0.057722818,-0.01088621,0.48375234,0.8576035,-0.035350405,-0.0017642602,9.580031,1.0841497,0.014878882,-0.050012514,0.061119344,0.3664726,0.06153645,-0.0130932145,0.007418673,0.14707181,-0.047184307,0.86646247,0.105989225,0.024338609,0.030324705,-0.024088023,0.0022104569,1.0031396,0.9847295,2681.4397,58.32767,1455.2224,365.5829,520.16327,373.1899,0.009238773,6.936722,257230.9,DICTIONARYBRUTEFORCE
24.093761,8.108393,122.672066,27480.62,0.12389503,0.011858485,-0.036210086,0.06802417,0.6268205,-0.009913976,-0.024286835,5.7083507,-0.09083069,1.9626527,-0.0942463,-0.06450607,0.61932236,0.06127873,0.01229372,-0.04104805,0.12722673,-0.0399081,0.6324248,0.3122711,0.004397072,0.040539354,-0.013254799,-0.020376483,1.0426229,1.0191958,2173.7249,61.022232,213.69778,70.36977,67.857574,66.83299,0.004657786,12.9088745,20275.125,DICTIONARYBRUTEFORCE
33.31007,4.9246883,90.47301,8134.144,0.06482037,0.22549121,0.11040885,0.044551168,0.86668783,-0.057352204,-0.05278444,8.740019,1.9684564,-0.16690129,-0.003914181,0.006587631,0.67892486,0.056650046,0.0865322,0.023898046,0.03423952,-0.089566395,1.0228374,-0.007475234,-0.0020000827,-0.0026998587,-0.045900267,0.07263624,1.030273,0.9764248,2154.883,64.60428,1104.0258,591.02405,463.55566,663.558,0.008786641,-0.6716385,410130.12,DICTIONARYBRUTEFORCE
18.683056,9.955612,124.23712,-2848.289,0.0025063567,0.005360773,-0.03145379,0.50094134,0.5860877,0.012623918,-0.0060143974,4.6970778,0.04544748,0.29338348,0.4267135,-0.34557256,0.7607913,0.07079515,-0.021863692,0.014098782,0.09357273,-0.069632865,0.6248159,0.37619185,0.0028686854,0.021103736,-0.020076882,-0.016593957,1.0336876,0.99035865,7170.012,60.916504,948.1697,326.78357,288.61172,327.35757,0.012237431,12.1414795,99486.6,DICTIONARYBRUTEFORCE
21.224733,7.6637163,68.227234,-6619.265,0.10700877,0.1238904,-0.045807496,0.28391483,0.5035645,0.02633778,-0.014180664,4.2034035,1.5010844,1.2169114,0.5099463,0.053670373,0.24067755,0.12316189,-0.012044426,-0.007936516,0.16226248,-0.054589253,0.60174996,0.3356877,0.010393519,0.095929116,0.015014831,-0.04360055,0.8949048,0.9423006,-3331.1963,59.623524,291.1336,39.74114,91.14074,75.43253,0.021786142,7.9095917,-1233.5161,DICTIONARYBRUTEFORCE
20.018343,8.558789,101.6958,-4341.563,0.013183745,0.031805854,-0.00017472543,0.06481322,0.54059374,-0.016900508,0.002989471,5.8733125,0.5982565,0.16983835,-0.16627067,0.05910637,0.17715274,0.11740052,0.012083483,0.019667072,0.10464144,-0.011840099,0.54609436,0.39135042,-0.012246965,0.060559064,-0.005117771,-0.021991748,0.978393,0.930943,-419.0464,60.140152,337.30917,76.965454,141.7094,87.316284,0.014221987,8.33271,31820.924,DICTIONARYBRUTEFORCE
33.86956,3.6310244,69.07568,2776.652,0.06998685,0.07558782,0.004252803,0.051522877,1.0032173,-0.014605802,-0.0036026142,10.626783,1.555099,0.5154036,-0.100607604,0.05593718,0.60891104,0.027927486,0.0025080796,-0.06466757,0.18933553,-0.012301066,1.0221326,-0.06874139,0.042364787,0.04498464,-0.02946606,-0.026281945,0.9917216,1.0156832,-1545.4551,62.607044,1541.734,269.81946,575.6893,279.22595,0.003388867,11.171875,369250.1,DICTIONARYBRUTEFORCE
31.94085,1.5552292,49.5057,10660.853,0.050692923,0.3295754,-0.003880423,0.3851682,0.77663976,-0.05096503,-0.026902795,8.307826,2.7737606,0.5264328,-0.26862955,0.25985384,0.034461413,0.06615375,0.03940199,0.049016476,0.18977875,-0.046557825,1.0427184,-0.14202672,0.06585218,0.14769423,-0.11160074,-0.063381925,0.93183005,0.86827385,-167.01465,60.355984,1484.3755,239.68243,523.73676,270.5799,0.015547533,0.18688965,448503.38,DICTIONARYBRUTEFORCE
37.967102,1.5050712,78.98949,-3481.6245,0.09216988,0.16729735,0.030520927,0.1751331,1.0485928,0.02297974,0.018443,12.331501,2.4170895,1.1371021,0.04375601,0.22126761,0.49456152,0.0978792,-0.02529578,-0.048731085,0.19647719,-0.07918831,1.1397043,-0.18864292,0.041551977,0.02528659,-0.04544016,-0.024426354,0.92580056,0.9723908,1307.0063,73.59255,1491.6964,199.14175,474.20325,210.44606,0.015012088,6.895561,307847.44,DICTIONARYBRUTEFORCE
18.933037,7.871397,101.519485,-2221.4727,-0.0076706237,0.023232473,0.067220464,0.16313261,0.5796878,0.027739162,-0.018805997,5.1773186,0.36925998,-0.076630086,1.0258896,0.046786446,0.15662229,0.07881444,-0.026970461,0.024908353,0.101239115,-0.01941664,0.5940106,0.29145443,-0.008826156,0.12307526,0.030176021,-0.029712029,0.97096825,0.9628141,2350.9917,61.807533,474.91006,192.56541,169.89474,181.86772,0.017244946,13.142426,35026.31,DICTIONARYBRUTEFORCE
21.280218,7.2808876,129.91772,8543.986,0.10582164,0.015233385,0.050087616,0.42695814,0.6745268,-0.05402504,0.00068753725,3.9529808,0.045507755,0.18584526,0.12977214,-0.045111053,0.025342349,0.08525244,-0.06634848,0.040635835,0.16747636,0.030149138,0.64374304,0.2468455,0.008819855,0.06567253,0.024478843,-0.02573675,0.99965024,0.94525725,7199.987,63.576187,610.3921,361.53278,205.27188,355.54404,0.02764748,5.8677597,54485.395,DICTIONARYBRUTEFORCE
37.874916,0.31329536,108.10486,3326.8848,-0.0017990638,0.4310045,-0.04344376,0.34307706,0.86396444,-0.0070773023,0.015402852,8.927322,3.954235,-0.07369443,0.12740235,0.1870297,0.23907843,0.091582395,0.043759663,0.06366626,0.16216695,0.013343206,1.1620781,-0.19599907,-0.016653154,-0.013033035,-0.046205528,0.018405681,0.9604152,0.9761465,775.8613,71.634285,209.22719,143.59439,61.39359,187.86563,0.020560818,-4.3401947,6907.945,DICTIONARYBRUTEFORCE
29.882061,5.460764,91.379395,1909.4526,0.0041514263,-0.011551285,0.0069822604,0.38867018,0.9695912,-0.034120142,0.00809659,9.315086,-0.7909984,-0.09752407,0.07214022,-0.124867484,0.9133379,-0.011858646,-0.010212254,0.021749012,0.15316351,-0.037142605,0.9930657,0.015955977,-0.009612137,0.02626631,-0.056337196,-0.025126416,1.0423709,1.0159122,10131.4,60.037674,1732.5826,641.7068,688.513,653.3102,0.001307368,12.431244,576526.6,DICTIONARYBRUTEFORCE
25.113647,5.6050744,90.65404,-2769.9116,-0.0060741603,0.016693471,0.018386962,0.3015022,0.82849103,-0.057527106,0.037236843,8.482267,0.25780952,-0.032488823,0.03159082,0.13734849,0.24681008,-0.000682855,-0.0063024787,0.010057733,0.12401675,-0.00030654483,0.8063725,0.12558408,-0.002069252,0.019999312,-0.030353006,-0.06932698,1.0105065,0.9684457,7989.2236,58.79877,1162.9321,309.25555,464.21045,356.23462,0.006564653,8.139076,267270.12,DICTIONARYBRUTEFORCE
32.369286,3.8668425,72.20244,-1096.6963,0.06977416,0.30279183,0.040345713,0.1319686,0.8407014,0.021596124,-0.00036393525,11.910589,3.5414014,0.07060649,-0.11949793,0.11961859,0.24232888,0.05671836,0.029343788,-0.0010408601,0.1880443,0.0017621927,1.0765314,-0.10561728,0.03800843,0.059903905,-0.037763737,-0.0316049,0.91604096,0.96010965,-6972.671,61.44566,295.9765,1.9303513,99.88937,53.445057,0.006111783,4.4898224,25837.305,DICTIONARYBRUTEFORCE
30.21999,5.415725,68.35589,31887.688,0.01745292,0.14875548,-0.014694095,0.13282071,0.7487452,-0.0021292362,-0.0035031606,6.364619,1.1938585,-0.26468903,-0.11130319,0.008120371,0.5002608,0.057997636,0.022601925,-0.012285084,0.1320861,-0.01590856,0.8526513,0.10745207,-0.020211713,0.044833627,-0.009572966,0.019715095,0.9972799,0.954072,-2848.9336,64.5734,867.5611,353.7804,330.71994,390.93082,0.011201562,5.522644,162901.48,DICTIONARYBRUTEFORCE
25.163929,6.881174,83.71574,12691.873,0.18124768,0.03219209,-0.046396695,0.39609835,0.7439878,-0.021118172,-0.028122518,6.8040237,0.81199574,4.6525173,-0.007493868,0.21821722,0.03854278,0.09718543,0.024284031,0.016935209,0.18434165,-0.04218834,0.6632106,0.2357367,0.04183206,0.03937754,0.0338627,-0.027520798,0.929857,0.9815545,2700.3367,59.825134,389.82953,241.5737,124.76963,227.79779,0.01391941,3.4161453,12032.967,DICTIONARYBRUTEFORCE
28.342178,6.626776,64.677635,1593.6287,0.07997702,0.0062212595,0.009666094,0.13805027,0.84532815,-0.010907891,0.014512351,9.272819,0.36120787,0.58317447,-0.065839,-0.0763878,0.6744423,0.035171643,0.01180525,-0.010417778,0.11773893,-0.020987466,0.85696757,0.14961939,0.020448968,0.034690894,-0.014810387,-0.024672419,1.0041183,0.97221303,3075.5144,60.217815,1433.5302,438.66052,587.7736,445.1717,0.0033822802,9.743805,393953.72,DICTIONARYBRUTEFORCE
26.332937,6.7536383,69.704185,-1572.5449,0.041658245,0.1726637,0.050799627,0.058335412,0.6405185,0.025853723,-0.03412758,6.209116,1.9395484,-0.19844857,0.15010661,-0.06624834,0.44398817,0.08434528,0.024240196,0.0085295215,0.12538755,-0.08043994,0.7471591,0.19753487,0.013923522,0.08933286,0.02480191,0.054197088,0.9392785,0.91960174,-4044.5264,61.363533,-327.4502,24.281403,-112.40426,37.30979,0.009380126,8.504402,-84291.12,DICTIONARYBRUTEFORCE
28.265575,7.0703363,96.82847,-1839.104,0.08339578,0.35067716,0.026649673,0.2490576,0.55845857,0.0038864762,0.026550133,5.4265313,3.1099696,0.6935183,0.24796534,-0.02271994,0.42529947,0.080087714,0.002001631,-0.016438581,0.115031116,-0.04953357,0.84419036,0.13719034,0.0036289147,-0.028961943,-0.038044065,0.0033750478,1.0586267,1.0238019,-649.94385,68.22458,289.22278,97.66963,49.393925,129.40016,0.0044666445,10.775948,-3899.2795,DICTIONARYBRUTEFORCE
30.138859,4.8859544,114.3351,2890.0728,0.08287027,-0.011697103,0.04104378,0.49407202,0.957727,0.009130111,0.024415635,11.842416,-0.29714784,0.6606495,0.150808,0.15701362,0.063568555,0.03991108,0.014693732,0.046563648,0.13801841,-0.009054648,0.9537122,-0.004897489,-0.027428769,0.058676757,-0.030727888,-0.016031345,0.977957,0.95771086,379.69434,68.44019,463.87747,167.14758,110.1638,172.64374,0.010811518,6.1618576,14200.237,DICTIONARYBRUTEFORCE
27.102238,6.173132,63.78839,103409.15,0.076595984,0.052812405,-0.008221769,0.27583224,0.7584618,0.026759528,0.03627598,6.4464173,0.34718078,0.032260723,-0.039303456,0.17739572,0.033655908,0.034958344,0.0025192695,0.0079781925,0.14524816,0.0041666115,0.77775174,0.10359461,-0.016138528,0.078436285,0.014085479,-0.05007036,0.98889375,0.9972342,-690.25684,61.545364,419.26614,133.66147,110.437454,140.19604,0.0034041605,14.256668,12483.405,DICTIONARYBRUTEFORCE
21.950436,5.79678,62.297928,3894.1284,0.095767125,0.06524259,-0.02657232,0.53566235,0.5997959,0.007885462,-0.038633585,4.842146,0.75082195,1.1086985,0.34598422,0.17171769,-0.02762713,0.096005164,-0.020449542,0.054223396,0.124292,-0.061173283,0.71733713,0.20777403,0.012190413,0.08124546,0.0118964575,-0.008347229,0.85949516,0.95927477,4522.494,58.03609,104.78388,120.1333,63.987602,145.43517,0.020067904,10.902969,532.495,DICTIONARYBRUTEFORCE
22.325878,6.1889615,120.491425,-0.17675781,0.03985077,0.033980396,0.087761134,0.17786625,0.7217954,-0.046302952,0.04858339,6.4885983,0.5615961,-0.052232377,1.0603163,0.14573546,0.04680669,0.082313135,-0.022079557,-0.0067533366,0.12125307,-0.02258947,0.763257,0.1300001,-0.0037362683,0.10902115,-0.0038342876,-0.024242697,0.98515224,0.9339618,515.4126,60.85779,752.39343,178.87402,273.55695,178.6441,0.017182715,10.299171,111287.64,DICTIONARYBRUTEFORCE
24.14938,8.058519,81.238754,-1536.8242,0.0122144995,0.012993887,0.018995874,0.11935871,0.66465783,0.005579972,0.0027634506,5.8908486,0.30071968,0.12019028,0.027978523,-0.0709798,0.68086505,0.052075937,0.013452624,0.016453398,0.09042006,-0.047541365,0.7201694,0.26898584,0.0040708925,0.0450316,-0.033218555,-0.001947321,1.0334471,0.96469516,402.79053,60.28577,-11.954025,127.5619,22.154726,125.94707,0.0063160756,14.25605,-22414.87,DICTIONARYBRUTEFORCE
18.237726,10.319853,104.912445,50073.64,-0.004682215,0.00023636594,0.13492215,0.32924423,0.5521349,-0.016739894,-0.04831977,2.4243407,-0.49742216,-0.1463915,1.6083561,-0.013511462,0.0054033324,0.09716302,0.00058982056,0.072823256,0.16313732,-0.05817602,0.51549935,0.34407347,-0.0007368345,0.054102316,0.037374537,-0.06606448,1.0237406,1.0242252,5827.785,65.8034,294.37274,293.00278,61.3683,262.61002,0.009735514,3.7681427,6184.293,DICTIONARYBRUTEFORCE
20.640463,9.26007,122.68388,-3239.2988,0.04904726,0.035487384,-0.01815009,0.118520215,0.55431217,0.022562312,-0.018319407,5.2845993,0.4994719,0.45610082,0.08123173,-0.113233514,0.46175596,0.13303685,0.011120928,0.06093267,0.10515982,-0.025374675,0.5791569,0.37133658,-0.0022531208,0.0637131,0.00088057015,-0.0012100581,0.9838843,0.9409549,-1232.0459,58.54875,4.019928,1.0299911,9.885216,3.1333466,0.012493691,8.644218,-25399.428,DICTIONARYBRUTEFORCE
27.95437,6.585393,87.85567,-6004.364,0.057408255,0.2541411,0.022298746,0.13475786,0.57469153,0.016909806,-0.034493167,6.116218,2.6457376,0.36355826,0.049515795,0.09238287,0.26343724,0.14386691,0.009172129,0.035055883,0.12113384,-0.049110413,0.79504704,0.18861534,0.0039376505,0.023053063,-0.031074475,0.00989091,0.9648391,0.96892995,-3319.3516,65.45094,1.0585327,15.275124,4.9197054,25.444115,0.011483857,11.374962,-31191.895,DICTIONARYBRUTEFORCE
26.88882,6.1498113,99.99869,-260.76514,0.037341148,0.032828208,0.018983226,0.04230115,0.7739296,0.0049232417,0.0049884664,6.8874445,0.1802144,0.18668556,0.07468889,-0.013322568,0.60859567,0.057095088,-0.012133949,-0.027393678,0.12713498,0.03349772,0.7957024,0.15205815,0.02661853,0.04642888,-0.0141899735,-0.02761593,1.0183344,0.9891997,1893.9209,63.641235,868.1503,168.09137,310.83606,178.37988,0.008330666,11.937904,166495.47,DICTIONARYBRUTEFORCE
26.066044,5.18002,127.1495,-5178.0044,-0.040388238,0.019113272,-0.054795485,0.29346892,0.8382142,-0.0075876554,-0.021058742,10.177123,0.23947659,0.30182657,-0.15056585,-0.07759256,0.6054922,0.0798788,0.008621001,0.031003932,0.13241833,-0.02287389,0.83087534,0.122060575,0.012475726,0.015134694,-0.009947726,-0.026315117,0.9829651,0.96206725,544.6372,59.125168,1069.3732,119.184425,372.35345,109.860146,0.013400968,11.252502,211874.9,DICTIONARYBRUTEFORCE
32.890526,4.6632514,75.90947,-2202.9932,0.09158046,0.14282002,0.022293497,0.17009059,0.87950677,0.025516566,-0.005480419,7.7812757,1.3868748,0.92423594,-0.047655594,0.0148192905,0.68378973,0.05056618,-0.0152994,-0.0037255744,0.13674891,-0.0014298549,0.96498585,0.0029456017,0.009143636,0.021212924,-0.014429579,-0.04336201,0.9876878,1.0244944,-2685.253,70.178444,216.45787,69.7454,85.83701,85.05689,0.0061824513,11.856903,20431.375,DICTIONARYBRUTEFORCE
25.213543,5.94426,93.153076,5889.4087,0.120181784,0.108398356,0.021280654,0.085273616,0.7138469,-0.04192729,0.02669884,7.815129,1.0412439,0.54734373,-0.032677084,0.13866556,0.13198613,0.07051985,0.008153849,0.0100278845,0.10092637,-0.052200846,0.7927816,0.11423067,0.008533212,0.06679389,-0.0071180235,-0.044433344,0.92263204,0.9410964,-2650.1885,58.761997,286.74396,83.37051,72.21315,96.1153,0.012267738,7.5262985,1214.0847,DICTIONARYBRUTEFORCE
26.306805,5.9610143,75.89421,-1861.9785,0.0014292914,0.03146017,0.1976808,0.13423982,0.8226677,0.036916055,-0.022374745,6.5294433,0.67880446,0.13414788,3.780962,-0.1401293,0.7152463,0.046819948,-0.039295226,0.03130988,0.09621596,-0.050023302,0.85754246,0.11566697,-0.002961983,0.07439661,0.00849293,0.011489451,0.9863872,0.98407114,14.845215,65.963234,162.5773,136.514,52.793934,123.66605,0.0121142985,11.450043,-9518.461,DICTIONARYBRUTEFORCE
22.071314,7.4458623,90.25709,-1206.3213,0.04272577,0.020476788,-0.022147875,0.52545124,0.6644125,0.01969332,-0.009951944,6.1740336,0.2746696,0.026590565,0.0546011,0.011593272,0.22333717,0.08486922,-0.023616126,0.03483866,0.104790285,-0.057791095,0.6985098,0.26454404,0.00011435477,0.05519617,0.0023770332,-0.023588974,0.97419065,0.99357796,2279.6978,60.11489,705.30164,207.76112,200.41458,209.55273,0.013024448,11.177422,44291.754,DICTIONARYBRUTEFORCE
23.49548,7.1482286,100.62515,8237.765,0.077332996,0.042926136,-0.03369398,0.12160491,0.59209734,-0.008969576,-0.009584574,6.0333686,0.23535478,-0.036640916,0.028972344,0.063138954,0.1987708,0.07930276,0.018235497,0.028938802,0.10281955,-0.020345392,0.6254147,0.25867492,0.018510608,0.123547696,-0.03445979,-0.015809849,0.9448334,0.8971152,1358.4272,60.0121,-46.534058,124.38005,-1.438652,169.64087,0.02224798,5.830368,-6395.094,DICTIONARYBRUTEFORCE
31.385916,3.2671196,69.9778,701.6238,0.1501138,0.3456039,0.02046244,0.1711959,0.7422833,-0.015274863,-0.014977347,7.941659,3.79508,1.5390677,-0.010251644,0.22582376,0.2627931,0.091924444,0.038139284,-0.0012029242,0.16755359,-0.04268289,0.99410176,-0.056744978,0.03646008,0.055000484,-0.033272475,-0.021326069,0.93118626,0.94822127,-1314.4111,60.96805,268.52313,72.751366,87.87778,136.50182,0.014146675,4.3517914,7200.523,DICTIONARYBRUTEFORCE
29.589249,3.9159856,75.94955,-2230.0762,0.06821741,0.15800399,-0.012404511,0.34576818,0.80325264,0.030222416,-0.0071273306,7.95132,1.897713,0.6582772,-0.008916016,0.11239572,0.37572128,0.10147371,-0.035566237,-0.009495792,0.18226787,-0.004513543,0.8809663,0.030177046,-0.009909609,0.06715594,-0.018474836,-0.05110182,0.9484273,0.962349,-1449.75,64.87463,997.36774,86.82353,273.0624,102.39548,0.019138128,8.683281,105404.44,DICTIONARYBRUTEFORCE
31.921871,2.5319452,72.670746,2997.5415,0.037188426,0.06721967,0.005779045,0.28932345,0.9745298,0.061379183,-0.035465665,8.942305,0.8050123,-0.1595916,0.1061191,0.038285967,0.6625566,0.044405073,-0.008388291,0.023437247,0.11763589,-0.032971807,1.013294,-0.087726146,-0.013741603,0.10732213,0.030887185,-0.0056591537,0.9422324,0.9666019,-4083.5752,64.53435,237.26692,88.76515,74.89725,114.41104,0.0154474145,6.317024,3802.5369,DICTIONARYBRUTEFORCE
27.341803,5.3009505,63.627197,1756.0513,0.022533722,0.10108973,0.026646705,0.13673164,0.7572466,0.0061010565,-0.003240807,6.677258,0.91205806,-0.08013046,-0.07015563,-0.0043157116,0.56756276,0.045667253,0.004966855,-0.019874971,0.12220428,0.009467671,0.85116047,0.098318644,-0.005553378,0.051742513,-0.0022284547,-0.004808372,0.984672,0.9486706,4595.612,60.46937,1163.2502,388.49136,493.78506,425.07654,0.007801746,11.83181,296800.7,DICTIONARYBRUTEFORCE
27.821016,5.117564,112.68593,74228.055,0.119204976,0.3154743,-0.039455812,0.17141187,0.5947247,-0.03495132,-0.053288236,6.954557,2.1910913,0.33788902,0.04561139,0.01964301,0.33650187,0.092132375,-0.018222,-0.030186063,0.16279683,-0.009005129,0.7888556,0.107751384,0.04448509,0.0066591003,-0.019084414,0.051874794,0.99691856,1.008693,6135.51,61.805202,85.09039,118.16588,-18.627636,150.95818,0.010087401,7.5248795,-15958.36,DICTIONARYBRUTEFORCE
25.566885,7.913086,88.49716,5163.7085,0.034225963,0.063809924,-0.00983743,0.25409997,0.6916086,-0.0017486169,-0.016545378,6.2253923,0.58789796,0.40537688,-0.045352407,-0.15309992,0.77423483,0.06782306,0.011458079,0.0033551222,0.0969933,-0.03281649,0.7729457,0.2161986,0.006564441,0.029318772,-0.03009523,-0.020546272,1.0377109,0.9987858,-133.95166,60.85095,864.4291,239.0261,307.9444,247.20322,0.007409962,13.795799,130544.89,DICTIONARYBRUTEFORCE
26.094093,5.0314026,96.92244,-5496.137,0.0041641295,0.03039983,0.1395739,0.36808106,0.91899616,0.0034400746,-0.024293493,9.484426,0.8215409,0.19519499,2.6528602,-0.0072653075,0.27760908,0.022444045,-0.040812768,0.04198753,0.13557003,-0.011650612,0.9349169,0.03318647,0.014827877,0.043107625,0.0044008438,0.026675638,0.94924176,0.9550152,-3804.9814,60.2116,100.32297,37.13312,27.061234,27.896042,0.012735945,9.765907,-29076.904,DICTIONARYBRUTEFORCE
22.272924,8.545671,98.25505,-5413.6626,0.062006902,0.070393234,-0.031604357,0.39296752,0.56506974,-0.014167712,0.011163553,5.2938204,0.69359833,1.4914019,-0.013726054,0.066466026,0.1357029,0.11308442,-0.016151039,0.029144075,0.13859002,-0.02412997,0.6188458,0.3451008,-0.0036451966,-0.0020527001,-0.024059825,-0.03366398,1.0199131,1.0064778,66.56299,66.9108,575.87054,111.37866,175.9649,103.58113,0.0094985105,14.090355,31839.9,DICTIONARYBRUTEFORCE
23.236618,6.454816,105.01329,-1209.7505,-0.058185853,0.004671793,0.043155,0.16910401,0.71039116,-0.0045658154,-0.006950875,5.427833,-0.3548929,-0.23567647,0.42366105,-0.017024282,0.46661434,0.022216067,0.012802631,0.044855833,0.1273463,0.02532199,0.77416736,0.18685675,-0.009957332,0.07214809,0.02964517,-0.041696314,0.99909276,0.95325243,-269.51807,61.296474,170.51389,84.375656,62.29219,83.94444,0.0060323635,12.531555,17126.81,DICTIONARYBRUTEFORCE
24.631807,6.3014207,74.52985,-3982.9321,0.026546715,0.06951024,0.13371003,0.36604655,0.74393666,0.027899912,0.011254927,7.7269077,1.0081507,0.178371,2.0870478,0.13701506,0.06189101,0.053278044,-0.005610422,0.03271309,0.14494897,-0.018079747,0.84915966,0.13142641,-0.0047985604,0.024984917,-0.016678447,-0.015352868,0.9655848,0.97030497,2538.5127,61.543945,292.62936,108.97278,101.832565,139.98973,0.0073718433,15.146698,8229.014,DICTIONARYBRUTEFORCE
24.280226,7.2168155,99.98381,679.7788,0.07672708,0.039144967,0.013159214,0.31861296,0.7190419,-0.038005967,0.005658751,6.7088575,0.8118601,0.5282439,0.035809733,0.14166884,0.0470657,0.08970573,-0.014553957,0.0049591204,0.15642612,-0.029605843,0.706009,0.23053348,0.007944865,0.020708479,-0.010071442,-0.038418677,1.0035856,0.9891184,246.25635,61.150215,844.3988,213.33543,249.92773,214.64618,0.008676368,5.7246475,81913.625,DICTIONARYBRUTEFORCE
24.703356,5.6011233,112.10986,2020.4441,0.05106544,-0.021646455,0.14049831,0.037016705,0.8675977,-0.012966144,-0.01145561,11.641975,-0.2715145,0.092160985,1.6337335,-0.11879125,0.64564586,0.04181363,0.034053396,0.037045635,0.060232002,-0.028769577,0.86769664,0.074034534,-0.0015184865,0.12083565,-0.03975835,-0.013402922,0.9702343,0.9123996,-4780.758,59.087307,-130.28973,15.686043,-8.1449585,-17.22435,0.010946114,8.6317215,-28266.73,DICTIONARYBRUTEFORCE
23.29429,8.834197,67.435745,194.20654,0.054102782,0.06290996,0.045606013,0.07947912,0.5691087,0.032521408,0.010801828,5.6763787,0.86970055,0.2892723,0.057499267,-0.04731801,0.47419873,0.10077209,-0.0093135135,0.049984198,0.097910315,-0.055671208,0.6358601,0.31480688,-0.0005230587,0.08021428,-0.03830198,0.035066117,0.9808475,0.9573539,80.36426,60.800076,-108.969086,61.07894,-38.779266,72.58272,0.006148024,15.092178,-41117.21,DICTIONARYBRUTEFORCE
27.875029,4.372609,90.17717,5722.2593,0.0038217288,0.05294476,-0.04468801,0.6829043,0.8558541,0.0044737007,-0.016502365,7.382624,0.96438414,-0.040867086,0.13668616,-0.10280539,0.5736482,0.04209935,-0.040924795,0.03256599,0.15479136,-0.019465398,0.9025984,0.073543064,0.005308017,0.059712846,-0.0031184591,0.008406629,0.97237116,0.9845001,4150.142,60.294933,1147.7476,306.01614,414.86014,349.8168,0.023345841,5.1269226,218217.64,DICTIONARYBRUTEFORCE
28.802845,5.7804303,104.40718,-805.6343,-0.003480371,0.33831242,0.024030583,0.048529956,0.5864464,-0.003977604,0.008383639,7.0019236,3.2331345,-0.1420879,0.022316948,0.10391237,0.2779816,0.13268027,0.031626146,-0.02534213,0.108191974,0.015709244,0.84064883,0.13581797,0.02603868,-0.0010441407,0.0014231168,0.0070273597,0.99790704,0.9821112,-4592.9824,68.47325,1127.5139,158.36096,360.16617,196.1579,0.008688934,9.368233,190593.86,DICTIONARYBRUTEFORCE
24.318727,6.3885574,105.12541,-220.91455,0.05086735,0.15528582,-0.0094060395,0.11475096,0.6249234,0.0217572,0.008433561,5.442931,1.2988725,0.06850983,0.37671518,-0.093144834,0.5141477,0.122940086,0.0009684544,-0.019477181,0.111122794,-0.07082891,0.69340193,0.2827818,-0.028341148,0.048424825,0.002503423,-0.0047911145,1.001668,0.99246347,717.7915,65.406136,505.2345,233.4075,169.61917,264.5235,0.020975335,3.8290634,75849.09,DICTIONARYBRUTEFORCE
21.70146,8.0961075,79.38023,-2099.3003,0.048417747,0.012633711,0.06033364,0.30191284,0.65044415,-0.0027359824,0.009258584,6.010659,0.34114802,0.67685366,1.1639951,-0.05770857,0.32067594,0.060935944,-0.036718294,-0.00068154186,0.13614891,-0.00063298736,0.6594207,0.2880491,-0.007754934,0.03652657,0.0049139513,-0.010805949,1.0380003,0.9908921,4805.03,63.691715,669.3998,244.47534,191.0289,244.89413,0.006703042,14.882217,52868.273,DICTIONARYBRUTEFORCE
33.310246,3.4792137,86.11417,12618.613,0.051811993,-0.008431869,0.013457436,0.09670394,1.0320064,-0.046904877,0.019162469,9.937103,-0.44485503,0.3756684,-0.0443054,0.10823604,0.72244924,0.009520304,0.015357774,0.006776615,0.10248965,-0.054552887,1.0574658,-0.078102276,-0.017851725,0.05454074,-0.03352802,1.925975e-05,0.9964111,0.94950294,9447.202,62.408432,1808.6483,617.0674,678.5642,603.2183,0.0058144704,10.709076,593587.44,DICTIONARYBRUTEFORCE
24.660429,6.7934017,114.1985,-1887.6631,0.039808784,0.20600131,0.0059334515,0.41918683,0.53320897,-0.04367187,-0.038452044,5.197006,1.6084075,0.22203279,0.07837758,-0.067687415,0.32484576,0.15314323,0.02086535,0.015418996,0.105272144,-0.068843156,0.69937193,0.28045908,0.010359561,-0.056602463,-0.020623932,-0.0050198566,0.9918726,1.01345,5619.737,74.31696,1604.517,411.4838,544.83496,497.91953,0.025023086,9.068161,361425.38,DICTIONARYBRUTEFORCE
25.706154,6.3929987,93.0725,-5061.5044,0.0473123,-0.008382781,-0.012124935,0.12829258,0.7792964,0.032722645,0.034574516,9.292304,-0.23144776,0.5328485,0.2557182,-0.026433,0.49691826,0.09152186,-0.022990651,-0.009550936,0.11844356,-0.029270303,0.73804563,0.21187446,0.021823827,0.04140642,0.019463193,-0.005952604,1.0037231,0.94473594,1058.4321,68.4555,931.6858,176.7102,289.57043,170.93182,0.01615739,10.6532135,117531.94,DICTIONARYBRUTEFORCE
14.446177,12.34972,88.97706,-2904.2832,0.09802699,0.057749398,0.004457212,0.019471813,0.25742078,0.023872552,0.0052570296,2.5444524,0.9310167,0.25277174,0.09533186,-0.032989684,0.08065938,0.1611346,-0.0055536255,0.03616829,0.10164332,-0.06861846,0.31354466,0.6525534,-0.026334114,0.09115196,-0.015893072,0.02812271,0.9455277,0.9398045,1176.438,60.43119,106.12913,107.2842,19.395763,138.99359,0.018207127,9.284805,-24073.473,DICTIONARYBRUTEFORCE
25.751083,8.367388,63.776524,2124.3704,0.07175544,0.0646364,0.016928367,0.14279209,0.614068,-0.03164914,-0.0024080323,5.818122,0.5225332,0.83478683,-0.06870094,-0.026584331,0.3509289,0.05377245,-0.035229348,-0.023732224,0.16048002,0.026325935,0.6582742,0.30801135,0.00018248102,0.068004645,0.0049138954,-0.024666822,1.0500835,1.0252457,-2222.379,69.80086,914.31433,188.33441,360.6401,240.07,0.0043467716,11.183449,197648.0,DICTIONARYBRUTEFORCE
27.736584,4.828888,124.72228,40089.766,0.19244799,0.023555497,0.11934018,0.45174867,0.93504786,-0.050198905,-0.01409048,11.514361,0.65403295,3.501735,0.64793766,0.012419295,0.47754622,0.108223565,-0.058977492,-0.06758279,0.15245071,-0.07819056,0.87067664,0.021741424,0.09176175,0.061053164,-0.011198599,-0.0393708,1.0128572,1.000209,-133.22656,62.217228,760.8503,492.5481,171.85596,441.5562,0.00492334,12.171074,34039.43,DICTIONARYBRUTEFORCE
21.608986,9.512186,86.41878,971.10425,0.017235283,0.17108093,-0.035618816,0.29116964,0.45455447,0.0022716396,-0.014761478,4.3368545,1.6707848,0.13498685,-0.15479887,0.014335785,0.10394428,0.080310546,0.021769889,0.050175123,0.13423684,0.012015229,0.58096164,0.38402113,-0.0007313723,-0.010696067,-0.017106356,-0.043254122,1.0144676,0.9884433,-3037.4033,60.63153,678.6494,98.33321,226.68512,143.09183,0.0068255085,8.177345,79297.66,DICTIONARYBRUTEFORCE
23.07135,8.288446,83.99403,1062.1143,0.06165048,0.041047707,-0.00042934204,0.17571858,0.60324365,0.010158046,0.02184446,4.9704475,0.44420522,0.27024218,0.04698193,-0.040393457,0.43745118,0.07071542,-0.00728365,-0.016281234,0.1453341,-0.019596666,0.6093112,0.30998886,-0.02159487,0.0624974,0.0043479586,-0.01897355,1.0040473,0.997989,2647.137,61.572495,391.11575,115.12059,136.9343,137.25143,0.011735772,10.925133,38783.312,DICTIONARYBRUTEFORCE
26.375303,5.1779585,62.930027,-900.91895,0.008713239,0.558385,0.015543179,0.28004572,0.32921663,0.0064608753,-0.015704155,1.6658976,4.8614187,0.27833632,-0.020697705,-0.025330853,0.14693847,0.09618172,-0.0036596647,0.028732117,0.14857443,-0.034987498,0.8184061,0.10677334,0.017342959,0.00606128,0.022907043,-0.014343455,0.96592647,0.98862755,7748.269,86.1372,521.235,261.90866,148.8115,298.77856,0.017760959,4.876541,57138.027,DICTIONARYBRUTEFORCE
26.916332,6.400701,79.6947,-608.812,0.06854093,0.07694059,0.010420993,0.21939884,0.79065526,-0.030380588,0.0005930499,7.960278,0.9198589,1.0661441,0.19980791,-0.005840282,0.5837522,0.03733313,-0.02780275,-0.039781824,0.14635104,-0.031851303,0.84728634,0.1319329,0.014580635,0.0110414615,-0.029356819,-0.03259396,1.0295045,1.0128226,4819.5156,58.385513,1082.3892,329.85754,438.8043,351.08276,0.0032445774,12.414398,240052.47,DICTIONARYBRUTEFORCE
32.918617,4.148659,97.5963,801.99927,0.015685778,0.13282381,-0.021540873,0.51964325,1.0107386,-0.057727586,0.022873454,11.719267,1.6025399,-0.06296261,-0.09667241,0.0017450983,0.68125063,0.043841075,0.014911718,0.021624692,0.14152613,-0.0041694054,1.1239499,-0.11485111,0.026518881,0.05897745,-0.06085245,0.012366263,0.98648286,0.9669555,3606.2869,59.48024,1096.4631,335.75455,477.1134,363.92636,0.0070290957,5.460701,313012.53,DICTIONARYBRUTEFORCE
25.382633,6.514016,103.08142,-1635.8809,0.04593115,0.016342739,0.015475513,0.12661743,0.7560222,-0.0071855057,0.0060391915,7.9708776,0.3626253,0.52953506,-0.006751865,0.02925949,0.42476112,0.08302151,0.03619699,-0.023865065,0.12591122,-0.060443994,0.79059976,0.19369999,0.018299635,0.040087514,-0.029655933,-0.0057927426,1.0012457,0.95466167,-2127.4263,61.625874,757.6007,215.9755,252.72055,229.86624,0.006978548,10.971268,79445.33,DICTIONARYBRUTEFORCE
20.773287,9.400167,91.13736,-1479.271,0.0013237726,0.15072583,-0.00092881965,0.12318474,0.43876955,0.012083765,0.019551812,3.9810498,1.4240599,-0.110215016,0.08165608,0.015288022,0.23274441,0.116302885,0.010876948,0.025269976,0.08766707,-0.022970837,0.58752006,0.36623073,-0.0111034755,0.05882301,-0.0039285654,0.017645443,0.97591025,0.9410083,-693.31934,60.367325,111.53059,83.823074,51.62526,88.81784,0.010207555,10.862961,13.91037,DICTIONARYBRUTEFORCE
26.867073,7.019765,83.83354,5975.0312,-0.01953277,0.17365685,0.019000469,0.19564496,0.65566754,-0.021089595,0.015297538,5.7475567,1.4646034,-0.27785832,0.020946955,0.061282903,0.3299162,0.027072765,0.013229512,-0.0233679,0.1557929,-0.0005379878,0.82794315,0.15799895,-0.0010913028,0.012339893,-0.022879459,-0.0024896488,1.0473979,0.9812089,3084.5813,59.922203,1340.5292,505.01666,571.83344,548.1401,0.0015382147,10.883713,417150.72,DICTIONARYBRUTEFORCE
26.493355,5.9303575,78.08691,-229.90527,0.057692695,0.071481936,-0.011834045,0.17318693,0.74339426,0.015587131,0.00042167027,7.4837546,1.2984825,0.3298296,-0.09476915,0.054480135,0.25292012,0.06551729,0.015051938,-0.0132426135,0.15941077,-0.0065197702,0.74777114,0.15894617,0.008309867,0.055755746,-0.0019012718,-0.025833048,0.95889217,0.9727448,-1972.4131,62.64866,508.17236,85.2487,183.40027,94.32213,0.0123692565,7.7921524,57445.12,DICTIONARYBRUTEFORCE
24.045506,6.5997653,79.1755,30375.926,0.06738241,-0.011570887,0.019686839,0.26123753,0.7839794,-0.010757855,0.021982593,10.312019,-0.5073054,0.030516867,-0.17929429,0.1852463,0.05942213,0.041572455,0.03239045,0.053065382,0.115234114,-0.045605678,0.7599675,0.1485779,-0.057464257,0.048380278,0.015694523,-0.040413134,0.9792029,0.9681771,-669.7549,58.025715,303.10797,101.35268,76.28265,84.59194,0.0047634663,15.031021,2367.258,DICTIONARYBRUTEFORCE
27.518373,7.345185,91.64346,2337.2014,0.05647055,0.30966806,0.03290366,0.19912699,0.45018315,-0.040478297,0.04836272,2.7940483,2.2174137,0.2853757,-0.07855746,0.1392385,0.025782838,0.13075964,0.0037783477,0.04159808,0.0866968,-0.018889498,0.683367,0.25058028,0.012293038,-0.0048577436,0.013701927,-0.0016650185,0.9626827,0.9974995,-894.5493,92.93457,442.972,280.22195,148.73727,307.00504,0.019057024,4.6487656,28694.863,DICTIONARYBRUTEFORCE
20.85395,7.8416643,75.68514,-1538.6069,0.016985862,0.0023610804,-0.0126632955,0.33267877,0.5551846,0.07059467,0.0034416094,5.826427,0.012485236,-0.1948753,-0.01697689,-0.017446466,0.2685593,0.09871267,-0.004929225,0.033518497,0.12033861,-0.016645446,0.5768647,0.34545258,-0.035213843,0.097599074,0.02504215,-0.03718982,0.9376009,0.94798607,1118.1836,61.752605,345.58707,93.88979,87.23661,138.94678,0.02083955,10.544121,9654.659,DICTIONARYBRUTEFORCE
17.632944,11.526232,87.32625,2363.23,0.1186842,0.10563258,0.03906972,0.03483667,0.35710165,-0.008119103,0.036192063,2.8504186,0.6912326,0.7109711,0.09420473,0.06653686,0.034724902,0.09570734,0.022523362,0.017613973,0.09645058,-0.006259801,0.4371506,0.4830532,-0.004134623,0.021838443,0.0341347,0.007816915,0.98698896,0.97086173,4240.0034,61.595005,128.28584,82.6855,30.950094,93.422806,0.007413448,17.5093,3560.0564,DICTIONARYBRUTEFORCE
31.149925,4.472788,88.27286,3874.6875,0.06080032,-0.0030354129,0.030030068,0.31649745,1.0475364,-0.036353733,-0.20891798,14.515436,1.0699227,1.3828566,-0.6758313,-0.022837939,0.22419171,-0.056424044,-0.051783137,-0.035432763,0.25848162,0.10204724,0.85108364,0.018118637,0.060014557,0.11520934,0.11196994,-0.062782004,0.90254843,0.944926,-6374.9756,61.055332,242.79582,32.116512,104.50268,48.448982,0.013082507,3.5641556,-13939.252,DICTIONARYBRUTEFORCE
19.946093,9.594479,73.17916,-1603.084,0.008353627,0.0113443,0.009413947,0.09109973,0.49055004,0.022563051,0.014326105,4.5061917,0.39435264,-0.074360825,0.011844783,0.041271426,0.18419255,0.08325589,0.010044625,0.03742865,0.11386314,-0.02183941,0.558339,0.40317217,-0.01385958,0.077274226,-0.0008811988,0.027145024,0.98492974,0.9479099,-2484.9854,62.49255,215.55367,99.98743,94.85978,105.83307,0.008378529,15.980766,13553.03,DICTIONARYBRUTEFORCE
25.135927,6.470636,89.16826,-6092.14,0.02402772,0.026761366,0.100635916,0.26596037,0.80046606,-0.020460516,0.009111713,7.95747,0.5852481,0.32359335,1.2969363,0.12553556,0.06933608,0.03603362,-0.025840733,0.028426185,0.14950287,0.005721245,0.80959475,0.14450061,0.0031644432,0.024544347,-0.013354963,-0.031269345,0.9634312,0.9745229,1923.2378,63.93308,149.27065,132.67868,74.143524,147.28403,0.008601676,9.384827,-6003.496,DICTIONARYBRUTEFORCE
28.191381,4.960049,82.36208,-1549.2544,0.009419787,0.15403974,-0.004629607,0.32306793,0.68225497,0.06188839,0.013018388,6.2617245,1.3594372,-0.20067516,0.059664965,-0.025721971,0.6412017,0.069299236,0.0020683417,0.031594705,0.121005036,-0.033301905,0.8554401,0.10567298,-0.03145139,0.073185526,-0.0054918416,-0.02481275,0.94970363,0.9555896,1722.3022,64.41961,129.69412,83.36721,60.249557,79.620705,0.021702837,10.436424,3508.536,DICTIONARYBRUTEFORCE
22.616415,7.61829,74.35718,-206.31787,0.059576478,0.034421053,0.02621132,0.16791935,0.6525813,0.01802335,-0.018414598,5.5901237,0.7984282,0.21999863,0.22074905,-0.07495571,0.39812213,0.07328439,-0.022569023,-0.026890675,0.128348,-0.037945975,0.6629667,0.2679427,-0.0129035385,0.061014608,0.022679903,0.001974199,0.98502964,0.9592189,1905.033,60.719048,371.27362,169.01762,123.2747,171.33258,0.011586157,12.390602,19120.791,DICTIONARYBRUTEFORCE
36.65042,2.3866296,95.220535,2551.864,0.10267821,0.1436493,0.016571993,0.21875599,1.058709,-0.03258369,-0.012222706,10.690097,1.6239271,2.2205992,-0.0635258,-0.014295911,0.9224288,0.030665908,0.0049087126,-0.037349034,0.14819497,-0.022554256,1.1656046,-0.14976855,0.03494225,0.027712232,-0.06125156,-0.020176211,1.0185885,0.9910754,-3920.9531,65.26047,483.90143,131.61768,198.58405,141.84024,0.006037291,10.227013,97440.38,DICTIONARYBRUTEFORCE
18.852715,10.954382,62.539963,41.35791,0.06582771,0.0905507,0.020387594,0.14418627,0.40222007,0.0006075419,0.028422996,3.45388,0.9109784,0.0013051555,0.13566253,0.03275717,0.029183287,0.08455834,0.010142032,0.020201186,0.12177548,-0.020135783,0.5126656,0.4311075,-0.033341363,0.032838274,-0.0031507434,0.018452052,0.9971625,0.9775732,-840.2173,67.089195,237.23291,99.117516,83.34856,108.762505,0.005759994,16.239952,1442.6497,DICTIONARYBRUTEFORCE
31.587528,3.9362125,53.798157,-5549.572,0.09434722,0.20936528,0.012162399,0.36879492,0.89226633,0.01226358,-0.02173729,9.000166,2.2939818,0.6783924,0.20536907,0.029681323,0.41373226,-0.028662145,-0.011949534,-0.016412085,0.19888532,0.008267284,1.022157,-0.039623577,0.0060177175,0.08712141,-0.025862083,-0.06716366,0.976577,0.99770594,-2369.294,65.4525,917.02356,243.0426,348.84796,271.35483,0.0021855943,3.0593567,146476.64,DICTIONARYBRUTEFORCE
26.202919,6.516369,91.17168,3878.2637,-0.022657951,0.06210583,0.07471938,0.17256032,0.71424615,0.03575084,0.037517224,5.1114926,0.57904965,-0.21020412,0.50809765,0.09261552,0.27300832,0.04886407,-0.011763586,0.057863414,0.1086194,-0.028272703,0.8333764,0.09873628,-0.027918682,0.11048257,-0.005223071,0.031308305,0.96512634,0.9406037,-652.8418,66.38103,70.7319,125.936295,37.348915,97.84921,0.009025703,6.371971,-13691.234,DICTIONARYBRUTEFORCE
22.435913,8.003275,83.43326,-1611.6426,0.033686195,-0.010804589,0.026303653,0.08268746,0.6796866,-0.020960491,0.01850407,6.200683,-0.48104522,0.52447027,0.4542696,0.06059751,0.384428,0.012439679,0.016453039,-0.006492841,0.10344249,0.0007607741,0.68443084,0.2511893,0.009291986,0.010668422,-0.011513381,-0.056117132,1.0421968,1.0070597,7160.4365,60.0305,686.1916,216.9967,242.031,237.88559,0.0024827651,17.959023,92902.11,DICTIONARYBRUTEFORCE
30.650745,4.3683143,92.78673,3745.0898,0.050296985,0.11175145,-0.038722426,0.42249623,0.84120435,-0.017237429,-0.009261377,7.579819,1.0479722,0.25212896,0.10519058,0.061885297,0.40273482,0.06145847,-0.009365658,0.014528615,0.1266909,-0.016605886,0.8996313,0.051087573,-0.014669912,0.03743849,-0.008001662,-0.014983768,1.0133089,1.0244216,2461.221,67.01032,458.83524,168.72485,144.1532,203.1803,0.015418586,5.8058014,29800.482,DICTIONARYBRUTEFORCE
26.888897,6.0229077,70.21468,82592.695,0.097811304,0.21051458,-0.016598383,0.13804002,0.626452,0.0014219776,-0.025484899,5.189522,1.7162495,0.17059031,0.13812028,-0.0040223403,0.43732792,0.035573736,0.0063572032,-0.0051255617,0.117020726,-0.037747182,0.79085755,0.12339301,0.014934551,0.01751767,-0.007576332,-0.031218987,0.990676,0.9817484,1647.7744,61.514816,88.33411,99.64749,3.2777433,127.23222,0.009187706,15.957817,1086.5239,DICTIONARYBRUTEFORCE
20.633852,7.9194508,99.7251,35.844727,-0.0040553324,0.057753243,-0.007972381,0.08869071,0.5110888,0.018128887,0.025665987,5.3268714,0.64263606,-0.085465595,-0.09700909,-0.05131504,0.4486064,0.092218034,0.038796358,0.043701306,0.098703295,-0.01656152,0.6005894,0.32585144,0.008184451,0.09236425,-0.009624044,-0.017083824,0.9755552,0.92528903,1359.6196,59.03614,134.703,123.07616,71.93039,143.8203,0.014731826,11.929375,16372.273,DICTIONARYBRUTEFORCE
26.649172,6.897032,83.73817,14437.998,0.09789579,0.12727673,0.03254003,0.3064471,0.6837154,-0.011069752,-0.00085931737,6.4625754,0.7717148,0.23352973,0.0980272,-0.056944445,0.4742499,0.08085198,0.010242,0.00523319,0.112020686,-0.03199361,0.7622586,0.20055665,-0.005023782,0.0149590485,-0.02242982,0.0068983342,1.0373518,0.9783807,-807.7075,60.396023,1234.1555,243.39459,430.77002,271.12537,0.007946153,4.7101135,295145.3,DICTIONARYBRUTEFORCE
25.6423,6.3220835,75.999756,-848.1372,0.055865195,0.14879118,0.050627608,0.0804211,0.66116273,0.02691035,-0.014972756,6.066445,1.4680717,0.15934536,0.6390608,-0.026428208,0.42858717,0.09248563,0.015203784,-0.026542062,0.1116855,-0.025414098,0.74267167,0.15845726,0.0323787,0.102041356,0.010026832,-0.0028382987,0.9309574,0.9251482,-320.01758,60.574955,-123.93359,-10.393265,-41.207382,19.644264,0.012306091,8.490166,-30667.46,DICTIONARYBRUTEFORCE
28.503105,5.7802935,77.2705,3038.3687,0.07647749,0.2336138,0.013669461,0.31727344,0.68709356,-0.009395846,0.014610801,6.975373,2.0596073,0.3524567,0.019892382,-0.047461893,0.61340296,0.08829813,-0.02442981,0.016539993,0.11856419,-0.010109701,0.8373241,0.10424731,0.00097253127,0.040228292,-0.00044887885,0.010778274,0.9992103,0.9842603,5177.0366,62.857605,1051.6653,366.2529,395.82156,389.17535,0.011289301,5.762001,241723.66,DICTIONARYBRUTEFORCE
21.52672,7.929161,112.55162,-1800.396,0.032310374,0.12032422,-0.02647271,0.31322488,0.48249343,0.013478462,0.03196112,3.630456,0.9612847,-0.1122884,0.07648113,0.0010614609,0.25111666,0.10922325,0.008329031,0.040135834,0.0796429,-0.048068237,0.6536865,0.3194844,-0.026976492,0.035492398,-0.0035570003,-0.006440673,0.9897326,0.9533282,3164.1846,61.828888,200.8825,126.363594,74.57367,145.66557,0.017115666,12.907715,-1252.0735,DICTIONARYBRUTEFORCE
28.531925,3.0709243,58.643547,6194.92,0.09161979,0.11529624,-0.04712814,0.44679013,0.7930349,0.04656729,-0.0056221057,5.134489,0.6855022,0.27519974,0.43202505,0.118398175,0.29353717,0.081667,0.0012156554,0.032044794,0.13421726,-0.033114266,0.9063585,0.0031583903,-0.050585575,0.121856116,0.022226814,-0.045644972,0.9308559,0.94045335,5257.873,59.849888,904.98944,233.87735,310.04846,271.4204,0.02156061,4.696266,181523.28,DICTIONARYBRUTEFORCE
22.959982,7.5140734,87.672745,292.17676,0.024449805,-0.010997769,0.011277474,0.11093078,0.6350712,0.011170433,0.020151937,5.432801,-0.7274275,0.24399213,0.021251684,0.09613863,0.33003458,0.072967544,0.032403246,0.044954844,0.09047584,-0.0038386043,0.6852552,0.2389072,-0.02534558,0.048867803,0.007011243,-0.020764034,1.0124365,0.97556156,2896.3235,62.685528,233.66507,64.49608,61.54964,57.238667,0.0072788135,17.15136,13714.633,DICTIONARYBRUTEFORCE
19.631794,8.024679,67.77288,-3020.5127,0.048927605,0.1490755,0.064925894,0.0772892,0.47613123,-0.0026959293,0.0047479686,4.340666,1.6735086,-0.02912714,0.473795,0.100826904,0.02983709,0.103453204,0.0028015068,-0.0047636824,0.13092397,-0.012940893,0.60998166,0.30436984,0.008592607,0.093664214,0.004739836,-0.009647821,0.941802,0.92388666,1166.8604,58.69874,422.5313,93.342224,156.88297,129.85573,0.011663862,12.123528,43215.996,DICTIONARYBRUTEFORCE
26.518255,5.5497603,103.928986,548.8801,0.07006801,0.19859594,-0.02445436,0.499393,0.6626789,0.011158338,-0.00023239525,6.2860174,1.6785516,0.26631957,0.08091065,-0.0634068,0.48568296,0.09354684,-0.00622523,0.01172311,0.12191935,-0.06671629,0.7999547,0.12990578,-0.0023135822,0.027212918,-0.0128812045,-0.011772457,0.9964691,0.9781554,3036.1482,62.120106,537.29114,124.81707,135.31927,160.97868,0.016404096,8.270493,34482.688,DICTIONARYBRUTEFORCE
34.327385,2.9223468,68.24487,535.5652,0.099417485,0.25261727,-0.008423896,0.34325123,0.8456109,0.009224317,0.0087773325,7.7297215,2.5010653,1.3786124,-0.014198234,0.24698047,0.22985828,0.067999214,-0.02260691,0.018091742,0.17458048,0.03895218,1.0158134,-0.056946125,0.0033712108,0.030227307,-0.024460096,-0.035742186,0.9943884,0.9872701,-2137.4468,71.25009,608.9809,99.96483,153.95978,115.168686,0.014293361,8.815781,44218.477,DICTIONARYBRUTEFORCE
24.811295,5.7086077,62.471317,1507.5217,0.063008524,0.02526461,0.012077423,0.32931662,0.8441722,0.033224154,0.0135284085,11.438236,0.89293313,0.057452537,-0.038386926,0.0730461,0.17760748,0.02250519,0.010196766,0.040201996,0.14111076,-0.033969194,0.819523,0.10555192,0.00029119197,0.12331529,-0.02566529,-0.014771193,0.922451,0.9200561,-5793.4043,58.33078,425.84744,94.08843,109.7729,102.11982,0.011862307,8.07016,3524.5227,DICTIONARYBRUTEFORCE
24.125376,6.2227902,105.292786,648.4592,0.055850483,0.022500137,-0.029588446,0.24486499,0.7202153,-0.02717806,-0.002423483,6.3318768,-0.09629991,0.74318254,-0.092639744,0.074710384,0.28122473,0.06333278,-0.0048988685,0.025607795,0.13204399,-0.006092442,0.69512844,0.2114865,-0.006746347,0.04453619,-0.019794868,-0.036801774,0.9813605,0.9946667,-457.31836,60.46027,402.45184,43.084137,141.7649,71.769875,0.013839374,10.025612,41261.688,DICTIONARYBRUTEFORCE
18.635004,11.396578,83.79426,2917.1309,0.021617897,0.00039668754,0.002265675,0.14404579,0.44583684,-0.0090105375,-0.009720677,3.756698,-0.20831107,-0.0074107847,0.05261726,-0.10866911,0.39406875,0.07572614,-0.0068947114,0.027295247,0.093884304,-0.055055335,0.47829255,0.4909875,-0.023420377,0.029688442,-0.011949133,0.0063733477,1.0494072,1.0121338,3654.2712,66.15666,421.84302,209.06763,119.98726,224.52075,0.008233985,14.538063,29543.844,DICTIONARYBRUTEFORCE
19.74731,11.352398,74.95482,12908.449,-0.04142853,0.019415436,-0.020654304,-0.010609574,0.42189687,-0.04147333,-0.03581852,4.896502,0.34232783,-0.23884042,-0.046530247,-0.003822525,0.36026785,0.07951408,0.018808829,0.020438505,0.06936022,-0.02543864,0.50151426,0.51740605,-0.01217455,0.011511025,0.0014961185,0.012837041,1.0344656,0.9587072,2363.3347,58.97683,1220.1904,598.0031,527.53864,609.4767,0.0038764973,14.074921,428055.5,DICTIONARYBRUTEFORCE
19.434978,9.744407,93.45592,-4733.7427,0.019911256,0.2346841,0.053971916,0.1879952,0.37249863,0.042879276,-0.016831841,3.9563742,2.8764904,-0.06050446,0.22382364,-0.011687273,0.079189666,0.1326062,0.0030987384,0.006531654,0.12003035,-0.019790689,0.5557228,0.4189901,0.025257533,0.012452846,0.009696464,0.0097041335,0.9938708,0.9960122,-1000.24365,63.366085,399.20038,131.85492,137.93567,166.05014,0.011710949,10.427177,27492.643,DICTIONARYBRUTEFORCE
18.180214,10.173682,69.308556,-2353.7476,0.011334968,0.124899685,-0.0065240613,0.12349951,0.32711682,0.009798297,0.010217781,3.079961,1.1953332,0.028723236,-0.1089292,0.10641529,0.0065349,0.13773634,0.02858107,0.042888165,0.11590167,-0.00497608,0.4764801,0.47113076,-0.016610458,0.05744377,0.01250219,-0.015326679,0.94382167,0.94667405,-896.89014,60.88309,57.371353,-17.557999,65.02609,3.9918976,0.011266561,19.092857,3448.0603,DICTIONARYBRUTEFORCE
28.724838,5.769824,86.24995,36090.33,0.06387099,0.07552821,-0.001796328,0.35599,0.7804466,-0.0010966655,0.01682743,7.618019,0.5380742,0.86128366,-0.018539013,0.08423991,0.40486726,0.08565672,-0.0040247524,-0.025073629,0.15080053,-0.039435558,0.82704383,0.14315692,0.017363984,-0.010197373,-0.009715444,-0.0048363674,1.0359801,1.0223567,4336.5356,64.21034,1269.3705,477.8037,481.83664,505.6967,0.0035523414,9.76236,328427.38,DICTIONARYBRUTEFORCE
27.449112,4.783685,86.02309,-1412.2773,0.038551264,0.060657542,0.020466449,0.20822434,0.79686487,0.014551196,-0.0032321177,7.708994,1.1025126,-0.0017117336,-0.15239415,0.18249431,0.14308864,0.07479441,0.006348365,0.061613597,0.12707794,0.016340699,0.8585483,0.086318776,-0.028142875,0.09660074,-0.028634809,-0.024144648,0.921394,0.922902,-4498.8057,61.810593,115.48841,32.24242,51.219177,28.07476,0.012344415,7.2571487,-5030.618,DICTIONARYBRUTEFORCE
29.036179,6.994317,54.411377,870.40186,0.011759879,0.009188133,0.025621444,0.065775506,0.7562327,-0.0010502973,-0.0025612093,6.12405,0.16053918,0.059105508,-0.03329194,-0.05231218,0.66881394,0.04268843,0.010559395,0.021568764,0.054593608,-0.056793038,0.8222228,0.15139088,-0.022507079,0.03340158,-0.020671796,0.045291245,0.99252635,0.941711,-1704.6338,71.335495,836.5712,269.13593,346.04297,261.01962,0.0054160785,12.753372,184135.31,DICTIONARYBRUTEFORCE
32.567783,4.332866,84.01564,27248.432,0.063370675,0.010668657,-0.009106014,0.14935528,1.0430734,-0.0043687904,0.019738318,9.338276,0.32778436,0.46723092,0.0498138,0.16641565,0.48420092,0.003171144,0.037699692,-0.09825945,0.15612373,-0.027707882,1.0112535,-0.04048591,0.015490927,0.054065738,0.018268138,-0.015651086,1.0207871,1.0183029,6827.558,60.88915,1189.7839,575.6114,475.91406,587.7683,0.0012514608,9.25486,271450.25,DICTIONARYBRUTEFORCE
22.664495,8.077969,67.36244,-965.08936,0.08788788,0.11639998,0.02701965,0.069180705,0.5400165,0.007319236,0.03441266,4.9561253,1.2540187,0.35258257,-0.02996489,0.05857636,0.26446617,0.10580383,0.0011793291,0.021440867,0.11823788,-0.024817744,0.6666099,0.28007352,0.012025168,0.065856196,-0.010586953,-0.011752275,0.96047306,0.9488563,-573.6367,60.83496,266.38712,102.0831,89.11939,126.844604,0.010257832,12.421196,14232.081,DICTIONARYBRUTEFORCE
32.37954,3.8055966,92.04905,3396.547,0.062110074,0.10792861,0.04883217,0.37280676,0.9306647,0.016702317,0.01642475,9.506505,1.2729142,0.48697442,0.51197064,0.27019435,0.01755786,0.03118433,-0.0044775056,0.10364024,0.15598445,-0.03709589,1.0124757,-0.048045833,-0.009492293,-0.0049647246,-0.032289367,0.006929254,0.993743,1.0372455,-2083.974,67.899376,14.387054,71.34027,11.733257,80.88615,0.0030355135,6.5628967,-31851.582,DICTIONARYBRUTEFORCE
33.581455,0.63053274,63.224194,11053.762,0.10691651,0.22694552,0.028683133,0.12844132,1.0552406,-0.0023979472,0.035649955,11.487489,2.6267507,0.14912543,0.11574234,0.3532371,0.097044624,-0.03841722,0.015093368,0.0073262346,0.19372025,0.026990453,1.1628394,-0.28102654,0.020672137,0.1318588,-0.04549312,-0.050433245,0.8952989,0.9207398,-7647.339,59.560944,501.56418,163.21758,176.91638,155.47406,0.010743145,-2.7941132,70679.586,DICTIONARYBRUTEFORCE
25.688595,7.5334244,124.64398,272.7456,0.16979033,0.3562904,0.06079666,0.12572898,0.4788802,-0.04058656,-0.013626758,4.7148156,3.6061656,2.5640824,0.10616727,0.024137918,0.20998314,0.113868356,0.008174567,-0.09611185,0.13990332,-0.03185989,0.706531,0.24550109,0.044999976,-0.069031276,0.0046750857,-0.0074223517,1.0033058,1.0046984,-3430.8936,67.47064,573.89136,140.03244,159.34091,177.65915,0.00875519,7.9402695,42479.59,DICTIONARYBRUTEFORCE
31.232792,2.8528118,113.80953,3541.8784,0.016845508,0.21003094,0.08690589,0.19490589,0.88110495,-0.058875255,-0.017296847,10.443324,1.8872688,-0.43258536,0.08193703,0.12812363,0.42190847,0.05056294,0.001129955,0.031936545,0.088755146,-0.035082843,1.0601082,-0.092621975,-0.019028787,0.08255558,-0.009887138,0.039363205,0.9352324,0.8994426,5370.1035,58.584244,1880.645,452.0199,637.1794,452.20825,0.009775418,1.9004669,627949.94,DICTIONARYBRUTEFORCE
21.490324,8.174147,117.104706,4390.673,0.103955865,0.0028180983,0.021069294,0.24462079,0.6147997,-0.025943268,0.044137172,5.114529,-0.5376286,0.5045586,-0.0027460977,0.0868193,0.11311113,0.08293242,0.025421765,-0.02520895,0.12884553,-0.016231205,0.59597856,0.27481878,-0.023642657,0.023689795,0.045586653,-0.010273875,1.0086709,0.981595,3906.4758,61.399826,867.79205,193.85774,293.63272,185.49933,0.006802317,13.122276,140196.48,DICTIONARYBRUTEFORCE
25.932766,5.4287987,114.97985,-304.3003,0.016094405,0.41411668,0.08929357,0.16651857,0.518635,-0.01357395,-0.0076002283,5.32812,3.778384,-4.544854e-06,0.7187074,0.06319692,0.04412126,0.11702746,-0.020883681,0.042063102,0.122768715,-0.03789542,0.79394305,0.09743566,-0.010578576,0.029426461,0.003983658,-0.012098429,0.9889291,0.9729446,3019.86,71.31531,356.65417,185.26636,136.03477,234.4299,0.021551965,1.2112198,29678.787,DICTIONARYBRUTEFORCE
24.107048,5.3315005,55.93814,-2506.5508,0.086635396,0.1722642,0.029741267,0.1955706,0.6239593,-0.019600073,0.019415522,6.542973,1.8111373,1.4680398,0.34282947,0.10757678,0.27538255,0.07636444,-0.0023782672,0.013784535,0.15197495,-0.017941117,0.7843814,0.09505488,0.029180514,0.14201123,-0.014687117,-0.046205267,0.89790505,0.8804384,820.2622,57.782066,242.61856,40.345394,90.00816,67.086586,0.013344707,9.670273,16595.04,DICTIONARYBRUTEFORCE
24.23806,7.982918,102.87526,-1491.7886,-0.0033524446,-0.0042499537,0.0043491926,0.16996144,0.7011433,-0.0072835158,-0.0028553605,6.4568887,-0.39666685,-0.09154058,0.004769042,-0.15394887,0.701615,0.07870201,0.0075764717,0.019421557,0.10666364,-0.0018077111,0.71840954,0.2826512,-0.00054547563,0.040858407,-0.016235562,-0.009879357,1.0482404,0.9938778,1486.3179,64.55141,982.9801,279.36536,353.47342,284.6747,0.006878292,10.595222,180920.4,DICTIONARYBRUTEFORCE
29.272667,4.9360557,88.24623,8408.325,0.056495365,0.11541933,-0.012588501,0.35143378,0.80262566,-0.02560177,0.0049791834,7.228085,1.1806401,0.31498674,-0.0016303733,-0.008520078,0.5914956,0.056230616,0.025884781,0.018222686,0.10400631,-0.018782316,0.8872032,0.0907975,0.04276163,0.027078386,-0.069545195,-0.025569625,0.94577956,0.9578991,4492.669,60.72079,1780.4519,597.82776,691.52386,650.6232,0.015921233,4.606926,694872.4,DICTIONARYBRUTEFORCE
28.164783,5.4689918,88.569496,-3406.5571,0.0024709385,0.38769087,0.031957425,0.3115142,0.5927693,-0.0011935784,0.0033085537,7.0717187,4.5042367,-0.028947478,0.04093927,0.08626884,0.080340914,0.08101825,-0.017659673,0.0047244364,0.20395216,-0.009759016,0.9111289,0.06726963,0.02899911,-0.020019297,-0.0278968,0.0044565834,1.0104002,1.0117083,-3933.0928,64.21289,849.75714,139.68631,257.4226,177.36627,0.0063517406,6.494568,104435.99,DICTIONARYBRUTEFORCE
28.893526,4.067078,63.581863,10619.989,0.06681326,0.119524695,0.0046785153,0.2152928,0.76344645,0.012991505,0.019696403,6.589538,1.0547644,0.049205083,-0.03776762,0.020538855,0.43635923,0.07720403,0.010204957,0.028271139,0.11418126,-0.015164593,0.86994344,0.05139363,-0.0066316966,0.08181424,-0.030925537,-0.030665785,0.9497026,0.8998845,3958.6497,59.216846,1621.8219,428.7503,613.638,436.35437,0.022595163,0.3907318,577251.5,DICTIONARYBRUTEFORCE
23.851553,6.205123,120.91545,584.5857,0.045273747,0.12892246,0.04698348,0.098341696,0.6761412,-0.04718975,0.011293861,5.6916885,1.1716913,0.23174247,0.49649242,0.027247824,0.37775716,0.07395818,0.018967178,-0.028200526,0.113577835,-0.026824819,0.75963295,0.15385896,-0.01056713,0.052653015,0.01234231,-0.003225822,0.9724673,0.93149817,3895.27,58.599483,944.1725,236.52972,380.9517,224.61044,0.011161581,6.951584,211219.73,DICTIONARYBRUTEFORCE
19.768518,8.653334,63.788555,4392.156,0.037365567,0.14186369,0.018258896,0.1607145,0.421133,0.03541599,0.021448195,2.72608,0.9934134,-0.04144128,0.3683254,0.053083755,0.022541855,0.06716418,3.9050356e-05,0.02470771,0.1525362,0.008111819,0.53277814,0.3544436,-0.008183632,0.06870462,0.052063275,-0.020502388,0.920397,0.9466825,471.27295,60.152393,148.4562,51.637405,76.301796,78.772934,0.014988131,11.69529,17119.572,DICTIONARYBRUTEFORCE
30.401154,6.1820655,71.43158,5274.4023,0.11175751,0.25219575,0.022331206,0.3594163,0.70135444,-0.020425197,-0.0013297633,7.645613,3.8610985,1.2439286,0.07392447,0.13372602,0.27826294,0.04717637,-0.09440213,0.011911238,0.17749353,-0.050823115,0.9067145,0.11159222,0.071267106,0.004309765,0.00845136,-0.01739847,0.98550075,1.0223219,11305.557,60.991577,2387.025,849.90283,764.6461,868.81506,0.0033931793,1.490982,610634.7,DICTIONARYBRUTEFORCE
26.842531,5.8085938,120.0923,1181.1226,0.11361004,0.13699698,0.019803086,0.15434976,0.71661454,-0.018796738,0.010000788,6.802265,1.5701486,0.6673596,0.07286747,0.17532152,0.12276187,0.09581878,-2.7609058e-05,0.00013764948,0.14687273,-0.003917357,0.75263554,0.1155697,-0.002065862,0.046074994,0.006409646,-0.027672155,0.98515195,0.9873066,-2358.4707,63.385765,407.36902,51.007816,115.56026,76.40929,0.013397129,6.1862183,26884.717,DICTIONARYBRUTEFORCE
25.245743,4.7666225,78.52322,1493.9795,0.09092367,0.022685789,-0.012733522,0.23172143,0.7848824,0.058838487,-0.004618552,9.286084,1.0305841,-0.09811175,-0.028288383,-0.052143738,0.39541316,0.029904136,-0.0053381408,0.03416282,0.1752495,0.0009995745,0.7340567,0.16096166,0.02070416,0.16511449,0.024964862,-0.045544006,0.894302,0.87381434,-4095.0586,59.908924,471.3986,134.3446,117.55266,167.37405,0.023876123,-0.30763245,23314.678,DICTIONARYBRUTEFORCE
26.889635,5.1404514,77.98388,-322.98486,0.0528038,-0.01788837,0.04300844,0.26917198,0.9145843,-0.00214305,0.0061511924,11.097738,-0.54029834,0.16344057,-0.09687205,0.08337907,0.4047946,0.027243553,0.008815326,0.052819118,0.11090748,0.008516399,0.8851633,0.069701366,-0.016736858,0.08362621,-0.03608944,-0.016691374,0.96522135,0.93769985,-1924.3462,59.989937,307.11795,105.422424,97.64663,109.39866,0.010227032,8.713509,19194.781,DICTIONARYBRUTEFORCE
21.487886,8.515646,74.509705,2139.552,0.0245127,0.08962698,0.021316696,0.19415084,0.5161639,0.013731723,0.019557618,5.0200577,0.920695,-0.09597254,-0.0874926,0.10735615,0.031946998,0.10868919,0.026618896,0.036562692,0.10218303,0.025552139,0.624834,0.32053548,-0.015142763,0.08826086,0.019092042,-0.012366277,0.95496047,0.93562055,-946.2412,59.593956,337.33356,142.01782,147.23376,158.57732,0.009767537,9.822502,40251.64,DICTIONARYBRUTEFORCE
26.932,7.3164186,81.52144,-2047.9883,0.048728418,0.090253614,0.021783482,0.16355021,0.6827345,-0.0039044244,-0.013561783,6.1680775,0.8198804,0.14030474,0.026331024,-0.04159134,0.7206895,0.077005886,-0.015498824,0.0033325097,0.09549346,-0.044592604,0.7906793,0.19717501,0.009091812,0.029055111,-0.036158,-0.03152595,1.0062724,0.99971676,4050.6997,67.09381,1413.8068,360.32266,524.632,371.1128,0.014354537,16.22895,322877.22,DICTIONARYBRUTEFORCE
24.485832,6.0446377,85.45902,-5901.7085,0.023492735,0.014620513,0.053591453,0.5538249,0.8272407,0.008630805,-0.016465018,9.596531,0.36000136,0.099322736,1.9837172,-0.10974729,0.62625176,0.05880771,-0.013549717,0.04848365,0.107592314,-0.030102417,0.8886431,0.12870866,0.027737483,0.070824735,-0.035254404,-0.003776187,0.9812179,0.93950254,-1975.8135,58.635296,346.3559,35.67924,101.60654,27.670181,0.009311812,13.39357,4365.6816,DICTIONARYBRUTEFORCE
41.73482,2.2439663,72.566505,5952.1953,0.046302196,0.24678467,-0.0143559445,0.37649572,1.0602473,0.008297874,-0.0144345,11.893244,2.4000194,-0.20577835,-0.016198806,0.13905074,0.5517557,0.051369667,-0.022485476,-0.023084385,0.19093296,-0.006912253,1.1969157,-0.1842834,0.06631966,0.06245277,-0.054357275,0.065170616,1.0135684,1.0470436,10.912109,83.05653,1721.0029,507.967,637.8229,572.454,0.0074803787,-2.1325073,376008.38,DICTIONARYBRUTEFORCE
29.107716,4.1031237,100.45472,4889.7925,0.061969254,0.0012791118,0.040857933,0.36286905,1.0196939,-0.015960654,0.008552362,12.732407,0.10173887,0.7097137,0.5921442,-0.017533,0.7362973,0.0033784984,-0.018800095,-0.0385852,0.09857919,-0.047988437,1.0136776,-0.06674968,0.034142207,0.07930767,-0.029993985,-0.035733934,0.9762971,0.97571164,3234.9167,59.006092,1044.6426,319.2427,363.03433,303.87314,0.005739933,14.087662,151784.12,DICTIONARYBRUTEFORCE
22.24164,6.3127346,147.60876,-2736.0088,0.05362521,-0.002223271,0.1395535,0.55431557,0.86214674,-0.027889866,-0.021722449,8.40711,0.39768872,0.7725495,2.9178782,-0.1706576,0.5369603,0.06025727,-0.06507933,-0.03908988,0.16030388,-0.029810397,0.80269074,0.12953572,0.034101963,0.066385105,-0.012797156,0.010012746,1.0870883,1.0297282,7900.1987,59.251534,743.87775,419.5921,198.94879,370.52777,0.009146645,10.521103,57799.99,DICTIONARYBRUTEFORCE
33.04266,4.349035,124.9607,8722.048,0.04862214,0.3157676,-0.026219085,0.23745945,0.8123576,-0.027261175,0.012821846,9.517374,2.77535,-0.17337175,0.15980023,-0.018404033,0.7169938,0.037823398,0.015315161,-0.030169778,0.14729665,-0.024976155,0.97254896,-0.020052915,0.02953736,0.0047286088,-0.02376276,0.06387127,1.0178791,1.0197634,2226.0398,62.213383,311.0332,125.199165,50.303967,184.38676,0.009307114,1.8474808,34087.57,DICTIONARYBRUTEFORCE
16.465733,10.699189,89.03159,-1898.1035,0.07422665,0.0070864186,-0.017815199,0.13196886,0.3613469,0.03762283,-0.0071118637,3.2816508,-0.067504056,0.60349977,-0.0067667663,-0.030246772,0.254122,0.133959,-0.008875969,0.021144588,0.11486314,-0.023134097,0.37416974,0.5668952,-0.0036828895,0.08975652,0.022993563,-0.028665774,0.9499189,0.9569875,1097.2998,59.099064,270.66107,71.683136,87.33621,92.50553,0.020375047,10.838684,10560.433,DICTIONARYBRUTEFORCE
21.702236,8.1733,68.78555,7720.012,0.10242128,0.007455218,-0.013743945,0.17918251,0.56544375,0.01103985,-0.017758438,4.4105086,-0.20211332,0.84631675,0.028367434,-0.14340064,0.6794172,0.081153885,-0.0014300551,0.010706702,0.12071519,-0.045318943,0.6024569,0.33819517,0.019971171,0.09410039,0.002516578,-0.009669782,0.95169103,0.9551771,2288.4866,59.303932,-97.142395,31.328205,-31.70501,71.3132,0.017853163,9.993553,-29382.635,DICTIONARYBRUTEFORCE
26.92243,4.611434,74.461266,-132.31738,0.075332046,0.08737625,-0.0023472728,0.19697545,0.77119356,0.01202053,0.016065223,7.943338,1.3551521,0.3990732,-0.10258143,0.07433746,0.3744621,0.077414684,0.0039224885,-0.0023946166,0.14739473,-0.004228726,0.7921419,0.11944503,0.0011994247,0.11361489,0.018307645,-0.058962855,0.93152994,0.935555,-2831.2744,61.34967,688.87103,114.684006,225.01904,148.08954,0.019921407,5.278908,96329.766,DICTIONARYBRUTEFORCE
18.131449,10.966266,129.87033,-2316.005,0.018300777,0.05349666,0.027371638,0.12946083,0.4678816,0.03106127,0.0035623321,4.070206,0.4716383,-0.1699891,0.032216318,-0.18108141,0.6440378,0.07241605,-0.0022213347,-0.021541283,0.08778789,-0.035087913,0.5205669,0.45354453,-0.010646649,0.05312135,0.027192134,0.032135554,0.99129593,0.9846942,2110.6213,59.61157,956.69727,331.28085,401.61798,339.2158,0.0049775452,14.849808,198344.75,DICTIONARYBRUTEFORCE
21.1428,7.918628,62.50154,-4986.0757,0.06862497,0.0109153725,0.015145328,0.21734476,0.6371766,-0.0021098512,-0.0046424265,5.9817576,0.30123267,1.2489886,0.10959005,-0.037246726,0.31921825,0.061413143,-0.017740078,0.0074210153,0.14229497,-0.00727673,0.61841196,0.30985367,-0.0011883792,0.06910584,-0.00012230594,-0.031251427,0.94348246,0.94923544,-1976.9526,58.88971,297.5805,27.706886,88.747284,49.96405,0.0093343025,12.830002,2668.9404,DICTIONARYBRUTEFORCE
29.807997,5.5428247,59.547268,38140.516,0.020040778,0.18591033,0.027403634,0.22931702,0.7527233,-0.018317716,0.037725914,6.6498737,1.0972489,-0.1828267,-0.08081402,0.10091599,0.29404813,0.012569734,0.01944082,-0.009962534,0.14344624,-0.019103618,0.9422316,-0.0045671305,-0.04211095,0.053105842,-0.008716368,-0.0027697254,1.0177432,0.97733057,-997.6797,62.572983,936.9561,220.22638,396.86267,244.64664,0.0022096343,13.770271,267890.06,DICTIONARYBRUTEFORCE
27.586643,5.588409,90.9873,76.9292,0.013496194,0.035140473,0.006608581,0.21851514,0.82251465,-0.028552664,0.011858429,9.291838,0.6835536,0.109975554,0.008138287,0.13985081,0.3889444,0.090089,-0.012460941,0.040072273,0.11927154,-0.027648281,0.871743,0.10728198,0.0011463906,0.04771234,-0.040620856,0.010424884,0.9904303,0.9442314,5677.0347,59.974247,1689.2937,442.78064,630.59106,460.84866,0.006808468,11.563538,428848.97,DICTIONARYBRUTEFORCE
21.584686,8.35477,99.11157,-9404.543,0.05127412,0.016719313,-0.035319734,0.14145426,0.5653575,0.066495754,-0.0410874,5.345636,0.27101147,0.67709595,-0.0077495533,-0.018662274,0.24026994,0.09765566,-0.020927034,0.0043353345,0.1257405,-0.0114613995,0.5371998,0.43656892,-0.00433767,0.06283882,0.06434395,-0.0013737008,0.9139292,0.9508758,-7257.922,63.71584,-409.16504,-66.74674,-109.06357,-50.020485,0.019668447,4.4340286,-102776.35,DICTIONARYBRUTEFORCE
29.720585,3.2313104,63.096966,6533.242,0.08535642,-0.010518398,0.040478107,0.24887975,0.987516,-0.045946866,-0.028123027,9.9388485,-0.042167664,1.0869924,0.09680978,-0.06268936,0.84846306,-0.060175136,0.035673272,0.023342578,0.15730727,-0.024643036,0.97950697,-0.03870914,0.013337387,0.10313719,0.0025287364,-0.05935244,0.9291276,0.90670604,-1135.0269,60.207626,-408.01227,-29.937386,-97.78929,23.960114,0.017349206,5.879898,-43670.04,DICTIONARYBRUTEFORCE
33.33317,4.9667435,69.173416,5452.696,0.10801436,0.28382,0.02021061,0.18544723,0.7213789,0.026645549,-0.028011143,7.920479,2.59338,1.3076019,-0.10104094,-0.13546664,0.94974995,0.060643412,0.054841135,0.021752812,0.09317422,-0.047220938,0.9749051,0.026295742,0.041931055,0.026030228,-0.068420365,-0.02278992,1.012622,1.0082905,-3781.7998,66.45728,175.7155,49.246113,56.361477,97.509384,0.016431777,9.34304,20948.58,DICTIONARYBRUTEFORCE
22.204538,6.8533096,122.66565,397.6648,0.029749654,0.0019581572,-0.057268843,0.43641683,0.62466186,-0.011069999,-0.0077557685,5.6455045,-0.4231239,0.7147309,-0.021238096,-0.13993056,0.476958,0.117031716,0.02247608,0.02933656,0.10979373,-0.029564667,0.64179826,0.30372894,-0.0026646047,0.017484386,0.011426293,-0.044171385,0.9761684,0.99030703,4358.28,62.12712,486.3375,130.81102,152.27829,147.53444,0.019727532,8.867142,47119.47,DICTIONARYBRUTEFORCE
35.037045,5.0193386,65.386314,5308.053,0.13225436,0.30308333,-0.008994726,0.13531068,0.7248724,0.013760382,-0.00040332088,6.5193167,2.583984,2.289781,-0.054212917,0.14685468,0.37178418,0.08153434,0.0035602832,0.044777222,0.15453458,-0.013256019,0.9177982,0.044778023,0.057720453,-0.017365955,-0.004114406,0.04473131,0.9865903,0.98577505,-474.1582,82.99718,197.74945,232.59128,39.04565,238.02365,0.009965714,3.3743134,-5254.218,DICTIONARYBRUTEFORCE
25.068918,7.245818,118.08627,342.27002,0.044565924,0.2143075,0.016522465,0.25756416,0.53227586,-0.036805157,-0.013391743,6.0665584,1.9429821,-0.06723217,-0.14952238,0.11277966,0.10523104,0.13368943,0.01733766,0.03608691,0.124736816,0.0019130623,0.716603,0.2481719,-0.0070653944,-0.0011169934,-0.005036611,0.00998218,0.9981732,0.9487467,313.6162,61.396587,1769.6934,315.83472,597.9959,333.71854,0.0123239225,7.8076706,441207.03,DICTIONARYBRUTEFORCE
30.532795,5.7949214,101.362854,23548.586,0.09717896,0.003977614,-0.034317225,0.31756127,0.9634635,-0.05501699,0.011266027,8.691053,-0.041168764,1.549556,0.013768895,0.0037694024,0.6848508,0.012636258,0.022636782,-0.021668272,0.12937053,-0.02159166,0.95454216,0.03163586,0.011088607,0.0117873205,-0.049539253,-0.049180944,1.0317475,1.0294276,5201.3315,59.88761,1297.4723,389.08884,526.5892,402.3308,0.0019755645,10.238861,334371.47,DICTIONARYBRUTEFORCE
28.963501,6.1054296,97.544975,12564.555,-0.009471214,-0.0032026551,0.039945543,0.113314025,0.9453787,-0.019163238,-0.005002392,10.683289,0.1606327,-0.081217065,0.0019124895,-0.17615794,0.9125536,-0.021002049,-0.014239058,-0.00958864,0.11102161,-0.042551205,0.9620689,0.020178363,0.026379924,0.045379154,-0.027491411,-0.011257258,1.0369931,0.9920828,-170.94775,59.748642,375.17462,190.79153,127.39674,203.31212,0.0006815694,11.013451,30454.584,DICTIONARYBRUTEFORCE
26.933489,6.2690477,118.75663,7988.463,0.12709388,0.034575332,0.02776885,0.19312218,0.8298214,-0.07898125,-0.021068806,7.7786374,0.6336954,0.7281531,-0.003943369,0.0727871,0.3929479,0.1106435,0.006294865,-0.047081873,0.13426489,-0.06248169,0.8184766,0.13902819,0.004757759,0.05010877,-0.024108652,0.02894805,0.97986466,0.948162,3129.7268,59.99245,1381.3011,442.82654,557.2581,440.3389,0.010801145,5.3601,323252.88,DICTIONARYBRUTEFORCE
29.54411,5.7743773,89.688736,-2031.769,0.050681535,0.13645248,0.014299817,0.30226862,0.7822947,0.013984311,0.007365471,7.7115693,1.395381,0.67538506,-0.044584535,-0.017256342,0.62339145,0.096761584,-0.015041491,0.0060645305,0.1275781,-0.008131567,0.8997511,0.09474098,-0.0017275126,0.0029303657,-0.043090876,-0.006683115,1.0306243,1.0017917,-2650.5615,65.400505,536.62134,132.26079,159.82983,126.93477,0.0056648003,11.51886,41228.227,DICTIONARYBRUTEFORCE
24.479725,9.144918,62.24,-2553.6045,0.037380163,0.14320208,0.0300204,0.108601645,0.5518595,0.0005489675,0.004713463,5.0130405,1.9360828,0.28607672,0.028525926,-0.20625266,0.65068334,0.12660131,-0.0045428844,0.0026385672,0.091770075,-0.06433689,0.6553142,0.31192386,-0.0031355582,0.060523383,-0.02591768,0.024704382,1.0153947,0.9798568,-4099.24,70.70296,474.1678,191.75488,151.24982,194.07375,0.009811989,7.7971954,45276.777,DICTIONARYBRUTEFORCE
30.652357,4.0252814,87.53803,435.9026,0.004817499,0.20969473,-0.019455483,0.29571107,0.76349944,0.00036961806,0.020810423,7.3458376,1.8258901,-0.2701916,-0.055069283,0.09268186,0.54387105,0.07268514,0.02907838,0.0148989465,0.12654209,-0.017874323,0.9479679,0.02415163,-0.009490895,0.0369758,-0.037090972,-0.020199103,0.9877064,0.9553021,2450.4321,63.990265,1440.4066,361.93848,515.3254,389.75897,0.01474474,9.934692,311875.62,DICTIONARYBRUTEFORCE
25.554977,6.2358146,108.286255,1515.7744,0.04996855,0.32814676,0.043593176,0.14218484,0.49076638,0.005805728,-0.014723129,5.661664,2.5652156,-0.08647262,0.12394487,0.0020819576,0.3960942,0.08430427,0.026588842,0.0077997097,0.08257358,-0.030460775,0.7952072,0.13990451,0.0062292,0.046997648,-0.012857689,0.00029157847,1.0135511,0.9607491,976.8672,62.288105,210.40579,88.052315,59.01273,159.00667,0.022031646,8.778198,-950.6805,DICTIONARYBRUTEFORCE
23.460155,7.3587008,64.98637,-7272.4565,0.031629644,0.11130599,0.026948743,0.2634747,0.5835262,0.027792227,0.023662943,5.2541523,1.1434305,0.18799172,0.46260458,0.05569035,0.30268937,0.0890087,0.0043331506,0.009164935,0.115037225,-0.0094243875,0.6926563,0.24208806,-0.021472218,0.0595738,-0.0062508974,-0.019601222,0.9509376,0.93572456,1407.3892,64.781166,112.33484,36.93477,52.695126,49.64329,0.011889881,17.02584,-4829.51,DICTIONARYBRUTEFORCE
31.512539,5.9440236,101.20126,9738.341,0.07270017,0.21450953,0.004158444,0.15653895,0.7697297,-0.03365226,-0.010206573,6.461833,1.8350118,0.48830616,0.058721013,0.15176292,0.2527137,0.1090407,0.0010222523,0.026358448,0.15248495,0.033975728,0.8628709,0.06461795,0.019419216,0.020057883,-0.034935385,0.012420969,0.9750469,0.98978364,-1793.1558,68.396614,173.85062,219.31949,60.562027,231.51312,0.012022386,-0.9471817,-7477.7144,DICTIONARYBRUTEFORCE
23.83157,8.268803,76.05147,-1332.7661,0.04758537,0.2958689,0.031294703,0.10620393,0.46456555,0.009167763,0.0016537262,5.256384,2.6775362,0.04545856,0.001343675,0.050021216,0.18213776,0.109927475,0.0077709085,-0.011506913,0.14935477,-0.016967239,0.69654745,0.27518418,0.0017934362,0.021698894,0.008634435,0.013800085,1.0299582,1.0016282,76.944824,61.687866,319.21844,139.71234,108.62182,186.5771,0.0053431327,5.216324,22213.355,DICTIONARYBRUTEFORCE
20.655165,10.340158,113.62868,10891.441,0.08181471,0.0024887011,0.02149201,0.34568322,0.6399698,0.01718657,-0.028818285,5.725209,0.17543465,0.17219159,0.039204504,-0.17573479,0.4785405,0.10142121,-0.027791414,0.02491882,0.13185723,-0.02210064,0.54062355,0.3901138,0.05509095,0.060962386,-0.015930865,0.015581428,0.97798944,1.0234358,-2740.5684,59.058117,805.5904,312.8986,307.32776,323.3527,0.00692139,-0.23387909,123596.164,DICTIONARYBRUTEFORCE
21.677732,9.4407215,63.815033,-879.6875,0.011489614,0.0011040791,0.014944326,0.07322398,0.55375403,0.036115885,0.008527145,5.0228915,-0.021133421,0.09416352,0.10222106,-0.062039755,0.4972739,0.08444847,-0.008551235,0.0142123755,0.09580921,-0.04572392,0.58219564,0.37704444,-0.02058769,0.06881971,0.025974732,0.0032006763,0.99421215,0.9607456,2270.1804,65.7005,99.03917,143.41434,28.685822,146.11185,0.011076918,14.700981,-13966.966,DICTIONARYBRUTEFORCE
22.266262,8.8262005,94.46904,26506.34,0.11903387,0.4123889,0.009219944,0.1720774,0.29842302,-0.047509786,-0.023377854,3.065323,3.3677888,0.7736928,0.048806496,-0.052410174,0.08694692,0.08308288,0.0038747536,-0.011378675,0.107645825,0.0057179527,0.61535573,0.28992537,0.047314025,-0.032826126,0.0077845384,0.016557002,0.9874495,0.92869824,1312.9463,62.422634,384.24918,171.75647,102.60289,215.08133,0.012634325,2.6121445,15318.439,DICTIONARYBRUTEFORCE
19.359194,10.46718,103.32678,-421.05273,-0.005713133,0.041346323,-0.03316012,0.30010873,0.5337096,0.017083794,0.007062703,4.1594973,0.39146468,0.10486365,0.07751689,-0.12165942,0.32439336,0.033805683,-0.027030258,-0.036565438,0.17664336,0.042516667,0.53099275,0.41738996,0.022315364,0.006608245,0.010838321,-0.046265677,1.0199542,1.0128403,5575.643,65.23843,893.108,248.08704,297.098,288.97873,0.009611665,10.662964,130593.055,DICTIONARYBRUTEFORCE
36.467926,2.6447396,98.185295,11781.633,0.0026776176,0.072605014,-0.037020367,0.37655815,1.0472815,0.0006987847,0.013890827,9.880018,0.88524747,-0.10751445,0.0010082498,0.015760913,0.8377256,0.051101297,0.029252721,0.031529345,0.11318762,-0.03263608,1.1151371,-0.11828633,-0.008938782,0.03644058,-0.018143719,0.01413333,0.9977922,0.9829854,-3151.249,66.27312,725.81104,176.86713,293.10944,187.16075,0.0072051585,10.065445,154158.33,DICTIONARYBRUTEFORCE
22.114153,8.3505745,119.22891,-8172.44,0.010243877,0.062394716,-0.034155596,0.31805468,0.49993417,0.056376975,-0.030121095,4.690028,0.81424475,-0.04952666,-0.040302332,-0.069631055,0.4446291,0.14621018,0.00011483207,0.045496628,0.07696521,-0.04353393,0.60450685,0.4268203,-0.0038788677,0.043627374,0.0057575153,-0.042072594,0.9902905,0.976872,-1925.0361,66.88802,370.04962,129.0,120.649895,141.50778,0.025777994,13.084511,5798.3057,DICTIONARYBRUTEFORCE
30.902332,4.1252575,72.72927,6375.686,0.06225208,0.1160596,0.009773792,0.17930889,0.8517591,-0.010207523,0.021660775,7.328356,1.0325885,0.70048785,-0.006138105,0.14662895,0.43421578,0.049881194,0.018712498,-0.012562656,0.12189899,-0.009632557,0.94386786,-0.011062334,0.0068355864,0.049592484,-0.0330575,-0.007090661,0.9993572,0.94838935,565.08496,61.40557,985.3113,233.62991,387.03503,248.8262,0.007138723,8.399506,212968.28,DICTIONARYBRUTEFORCE
26.653826,6.3590126,80.810776,5451.542,0.011192587,0.25008985,0.038145598,0.089387275,0.60416126,0.0018859707,0.041900914,5.1885495,1.9742208,-0.061495684,-0.0033286586,-0.06413548,0.64192975,0.05732298,0.03688129,0.004345705,0.07000795,-0.027197506,0.85026425,0.14035164,-0.023399757,0.032584697,-0.008201566,0.010339244,1.0074849,0.94165176,-1116.165,61.59695,751.78534,224.74054,305.7915,268.48264,0.005421207,7.6693726,162095.12,DICTIONARYBRUTEFORCE
30.883516,4.450561,118.89235,4351.9517,0.07748032,0.2614907,-0.010244964,0.32927707,0.7018739,0.0012185139,-0.008383616,6.477376,2.2401454,-0.08874954,0.17012632,0.1711188,0.0528598,0.10138024,-0.021169566,0.049199693,0.17420456,-0.031909026,0.85487473,0.058843594,0.01779754,0.05373328,-0.0049289176,0.039670113,0.95642734,0.9934799,-575.92334,69.05975,224.7892,221.52283,37.47853,222.3847,0.017509067,-2.499054,1007.30817,DICTIONARYBRUTEFORCE
21.963352,8.588786,82.00712,54075.31,0.15364777,0.0006813556,0.00023506815,0.13780645,0.61144555,-0.026437666,0.012541478,7.3651404,-0.10613118,1.293215,0.033796918,-0.0013342034,0.20556717,0.085397296,0.012630889,-0.018516554,0.1903426,-0.046260558,0.53056085,0.37223732,-0.023050409,0.060071465,0.016013976,-0.028161649,1.0017706,0.9726818,7890.6904,60.11962,527.78955,378.014,135.33443,391.28842,0.013546237,3.9102936,25574.857,DICTIONARYBRUTEFORCE
29.504246,4.7600756,106.040924,3742.1143,0.054672018,-0.004403774,0.0069244998,0.24946454,0.9798944,-0.063651666,-0.015080376,9.543559,-0.36770672,0.9923086,0.274796,-0.09123431,0.8711268,0.0073854853,-0.0046000862,-0.035476644,0.13735941,-0.0853739,0.9689675,-0.0057196417,0.007293275,0.06795335,-0.06301118,-0.019368188,0.9827479,0.97255147,15409.691,58.998276,2188.2896,766.23956,861.812,790.4385,0.0069063315,13.178795,828303.8,DICTIONARYBRUTEFORCE
26.371906,5.35885,107.30005,-677.58545,-0.008201095,0.06730065,0.20618543,0.25239572,0.8263484,0.014811517,-0.045991905,8.21556,0.9524807,-0.28324515,2.9645336,0.13738856,0.06469392,0.062070783,0.008923317,0.037489466,0.1142273,-0.05226679,0.90348375,0.03497171,-0.048431065,0.11861249,-0.028165866,-0.0059346855,0.94733,0.9187698,1044.7368,59.08163,1465.3162,455.46194,627.65643,429.0556,0.022234801,-3.0683975,488614.88,DICTIONARYBRUTEFORCE
21.450325,9.4562845,87.88665,-3027.977,0.025270786,0.07110476,-0.0063926145,0.20384791,0.52335584,0.022663102,-0.019191999,4.055345,0.8132028,-0.057507288,0.01596117,-0.1285013,0.6240315,0.117905855,-0.003634654,0.027516883,0.09319322,-0.057615638,0.60659343,0.36934492,-0.0230968,0.07336078,-0.013954358,0.009376299,0.99442947,0.9608734,-808.0796,61.28804,133.1322,87.98546,46.05633,84.65196,0.01567887,12.947128,-3402.3457,DICTIONARYBRUTEFORCE
32.441803,3.6787574,64.12646,172258.0,-0.008738627,0.15180789,-0.024600785,0.3659126,0.89567286,0.007590643,0.034019083,7.865557,1.0339191,-0.20505664,-0.08241031,0.0724231,0.08548051,-0.012758136,-0.027893245,-0.0009111129,0.16658789,-0.04275891,0.9641393,-0.0389942,-0.018595409,0.13373417,-0.025912654,-0.003755046,0.95504713,0.98583245,1173.5186,65.48686,283.83072,212.05792,74.3737,239.68549,0.0039195293,5.9401474,-4547.1313,DICTIONARYBRUTEFORCE
28.272308,4.9611387,116.55061,553.21484,0.061509684,-0.0168964,0.016574591,0.23728608,0.89062476,-0.037126973,0.010439065,9.958039,-0.9200627,0.19172,0.04426049,0.06396717,0.5612239,0.06016191,0.016302453,0.014528783,0.11160864,-0.045959238,0.87662226,0.048165407,-0.033069853,0.06402918,-0.0018269243,0.030963851,0.9939858,0.93601143,5010.8364,62.07952,1577.0946,311.54178,580.7203,293.07382,0.008054898,12.137863,396946.44,DICTIONARYBRUTEFORCE
28.891222,5.9406095,86.10358,-884.0,0.07654876,0.09236659,-0.013856197,0.40168104,0.77164364,-0.029401422,-0.028353764,7.430461,1.440485,1.0866714,-0.05989994,0.18750711,0.074636556,0.08769466,-0.0058860285,0.017836839,0.1551762,0.0037584966,0.8243283,0.14690277,0.0006597419,-0.00496794,-0.0009940239,-0.012963133,0.99502176,0.9919121,-1222.7139,65.956665,382.53064,99.48776,106.49242,101.8293,0.009338721,9.817413,4149.838,DICTIONARYBRUTEFORCE
35.181004,2.9149213,65.32433,23822.63,0.054652277,0.38632008,0.017235242,0.2026354,0.73708737,-0.025202045,-0.07639046,7.2343497,3.5741954,0.48088506,0.090647854,0.059146643,0.70332444,0.15017283,0.112636015,0.018586943,0.17289051,0.0014944514,1.0487767,-0.023729695,0.032496452,0.07530563,0.011177914,-0.027061898,0.99236625,0.98828405,-2030.9165,65.66193,161.70038,109.148125,39.12948,171.09259,0.023968553,-3.012535,14899.257,DICTIONARYBRUTEFORCE
20.364017,8.994521,67.38841,29091.977,0.11648402,0.050082754,0.09892792,-0.012699994,0.5482095,-0.008123504,-0.01547411,4.8013415,0.602037,0.4817567,0.9349051,0.043185387,0.048280474,0.07655905,0.03126367,-0.0134366825,0.1425252,-0.026764823,0.5761337,0.34405643,0.009459275,0.043148294,0.016828079,-0.023548834,0.9869619,0.9699727,-44.961914,58.428642,200.62416,119.77823,59.333294,112.18565,0.0042696767,16.490501,4647.831,DICTIONARYBRUTEFORCE
22.98627,8.727246,86.34907,-8157.4604,-0.009881127,0.006927571,-0.017106282,0.42040735,0.66252375,0.04184475,-0.036784716,7.9992995,0.2072119,0.1516051,-0.16781867,-0.16102019,0.41249114,0.07012612,-0.0063190563,0.045620285,0.112571806,0.0090177255,0.6411555,0.37547237,0.022336794,-0.03063632,-0.010861255,-0.05135741,1.0356479,1.0143745,154.61865,65.31903,992.594,298.94632,335.56293,299.7873,0.0052284603,8.761505,112489.15,DICTIONARYBRUTEFORCE
23.61771,8.137015,102.58103,4832.5864,0.03335827,0.03844614,0.011072204,0.19789505,0.7139547,-0.006778762,0.00014251098,5.865295,0.4500328,-0.014577925,0.050494183,-0.0055007963,0.39317855,0.060496397,-0.0057690684,-0.03450958,0.119937226,-0.045177933,0.7449268,0.23290652,0.007673173,0.025975091,0.015512445,0.010093347,1.0182796,0.9980581,3226.4272,58.57236,1188.9681,402.9563,490.57883,407.49472,0.002248656,8.736053,266910.1,DICTIONARYBRUTEFORCE
28.14945,7.1489954,86.67773,2309.5547,0.15861543,0.057119526,-0.04053314,0.34247836,0.7427001,0.010993182,0.029303784,6.3573623,0.7571076,2.8087032,-0.08682187,0.22742823,0.08078404,0.08906894,0.018814208,0.013583351,0.13899359,-0.008221393,0.7391479,0.20668238,-0.008551001,0.010185038,0.018255036,-0.025977787,0.9861103,1.0114168,-1032.2847,72.58559,661.0171,224.92172,199.46744,241.55338,0.0118716145,7.5583115,43068.785,DICTIONARYBRUTEFORCE
26.976238,5.7089624,94.41421,2645.2869,0.02352678,-0.0068237293,-0.0021915697,0.33782855,0.84129006,0.009870456,0.0013146247,7.30199,-0.5820706,0.056126975,0.11110675,0.0035002735,0.60602117,0.06385929,0.0019033579,0.029151479,0.10012904,-0.050661646,0.8702914,0.10643197,0.0006678933,0.09883412,-0.036099445,0.006307196,0.97890234,0.96313596,2101.3923,61.39571,1394.7014,307.0372,490.11575,317.89008,0.007644128,10.452606,292133.53,DICTIONARYBRUTEFORCE
28.188879,4.939228,80.04861,-2130.9956,-0.009279185,0.18391345,0.03898543,0.19392389,0.714287,0.0100339865,0.01220358,6.6114135,1.6667401,-0.25061738,0.048710335,0.04699951,0.48401952,0.07521047,0.010468102,0.020048998,0.10928911,-0.010880841,0.89636284,0.06565795,-0.0042583374,0.033708554,-0.022910409,0.0005602464,0.98124033,0.9552469,-1421.3257,65.11857,650.4708,180.51422,215.4447,195.55444,0.010786348,11.256638,89392.58,DICTIONARYBRUTEFORCE
22.982801,7.1893253,82.63683,18469.035,0.07499304,0.12994403,0.019645283,0.2896067,0.60611534,0.0035327328,0.018738577,4.9088836,0.9966904,0.61620754,0.21315189,0.0021632435,0.3380439,0.06482791,-0.011613983,-0.012156795,0.12914242,-0.030250918,0.71701366,0.24508189,0.0029991986,0.029887827,-0.002470552,-0.007880832,1.0385602,1.0040225,5951.1753,59.12043,741.73224,318.42438,243.82504,351.05875,0.0045006983,8.355743,102575.85,DICTIONARYBRUTEFORCE
34.284588,2.1716602,131.06058,-1377.3223,-0.059127916,0.10180165,0.01679919,0.33206365,1.069814,0.012799304,0.022372916,13.156232,1.2389449,-0.2938159,0.15015203,0.07485354,0.58566564,0.017840102,-0.020516805,0.046529215,0.15290129,0.021572191,1.1636982,-0.18180215,-0.0152846975,0.04870999,-0.010035247,0.039251953,0.9899103,0.97843,-1770.7852,65.25688,352.78452,99.42114,126.66521,97.78078,0.010712928,9.218658,24101.102,DICTIONARYBRUTEFORCE
25.210712,7.365624,69.99571,1416.477,0.0045049004,0.006816897,0.10816869,0.3836911,0.7237351,0.058298353,-0.0012891414,6.091806,0.14639886,-0.14750971,1.9114863,-0.030550528,0.37773678,0.063321136,0.0012278929,0.05738541,0.1009085,-0.06411502,0.7827354,0.17791115,-0.047216084,0.09720369,-0.0058911974,0.031614196,0.9918302,0.98804337,-2777.4922,67.102974,143.69519,103.70099,34.630566,93.04122,0.007884656,11.474197,-15778.567,DICTIONARYBRUTEFORCE
18.363531,10.173722,97.56151,-885.645,0.05996623,0.07252271,-0.010683942,0.06993281,0.40748176,0.024161527,-0.013711831,4.6716595,0.97968036,-0.17353672,0.14726071,-0.032407545,0.20263337,0.11866437,-0.004432476,0.021443456,0.11796088,-0.07839135,0.4502944,0.4505426,-0.0036869734,0.15703818,-0.013998227,-0.030746948,0.9380866,0.89772725,-4985.2344,59.574257,178.77586,106.92082,58.64572,145.76483,0.02380488,4.5562134,-1176.7505,DICTIONARYBRUTEFORCE
29.36164,4.444742,115.813354,-1496.8569,-0.012814904,0.041260242,-0.048170693,0.4224289,0.93538916,-0.033596225,-0.035509773,9.868622,0.48959282,0.05872203,-0.2612898,-0.15518045,0.8331405,0.07072847,-0.023421116,0.049896114,0.13911052,-0.03463471,0.960726,0.027339468,0.036838952,0.044519685,-0.031568564,-0.02791375,0.99738413,0.9940236,-2416.419,62.10488,1051.692,97.42847,357.95163,85.03317,0.01624425,9.668663,206661.58,DICTIONARYBRUTEFORCE
32.514816,3.7176285,92.83772,2309.504,0.0022432487,0.056723744,0.004071074,0.23841746,0.93926626,0.0030466001,0.031922996,8.337373,0.71903,-0.13758121,-0.08988646,0.09669802,0.5771598,0.015467206,-0.0007984275,-0.004742858,0.10024278,-0.0127786575,1.0409659,-0.031024545,-0.0058764033,0.026428405,-0.01268749,0.037760165,1.0056806,0.98295254,2486.4104,65.03339,2056.9238,536.74005,775.556,552.6516,0.006599793,9.851715,903323.06,DICTIONARYBRUTEFORCE
22.061125,7.389282,100.34854,-1980.0645,0.0150823295,0.09142154,0.011958821,0.19158839,0.59694535,-0.0036728021,0.00830814,5.8832254,1.4392316,0.053367805,-0.12791926,-0.009933923,0.19936252,0.08671093,0.0038953917,0.041173924,0.13908295,-0.010410719,0.6409328,0.30367255,-0.0020570052,0.066534445,-0.023191713,-0.03577482,0.9692681,0.94917595,-2290.5928,60.006516,331.66507,71.488266,109.2816,92.26015,0.014708558,7.305023,12866.639,DICTIONARYBRUTEFORCE
26.888496,7.7025228,64.39596,-2822.9624,0.079726785,0.020476924,0.016265824,0.2852359,0.6784495,0.024478946,0.0103089595,5.957168,0.10506472,1.7966778,-0.07936575,0.104149364,0.09473658,0.10472261,0.013352206,0.04024645,0.10943961,-0.004830938,0.70749766,0.25754339,0.005534501,0.058320187,0.016720347,-0.007790513,0.9606514,0.97871184,817.5503,87.569885,347.63116,182.5758,98.61675,223.99545,0.0095190015,10.071373,1824.2185,DICTIONARYBRUTEFORCE
18.269247,10.290115,91.283676,-6255.9272,0.03380759,0.13210589,0.072686374,0.08207809,0.42262495,-0.005382631,-0.009611941,4.500488,2.0085151,0.28729612,0.8375828,-0.028036991,0.24311738,0.14755628,-0.022860147,0.007949503,0.11160122,-0.020029832,0.5438778,0.42360836,0.010093647,0.040574912,-0.0029104576,-0.0033559836,0.9783979,0.95859337,1894.106,59.69653,265.762,90.09157,84.82148,93.37585,0.010213632,16.230614,2142.0947,DICTIONARYBRUTEFORCE
34.825222,4.136664,108.17226,-1148.7017,0.010864939,0.08141191,0.010706788,0.20839821,1.0256077,-0.0132569065,1.2691598e-05,10.400335,0.9126736,0.16995765,0.007017851,-0.11136904,0.9827676,0.048212416,0.012215312,-0.0024360884,0.12392994,-0.01817528,1.1072836,-0.076000005,0.011297482,0.031994417,-0.045507267,0.0041229185,0.99581635,0.98890895,-725.46484,68.47728,980.1345,284.06137,356.75085,309.81363,0.010290821,7.646492,166914.52,DICTIONARYBRUTEFORCE
22.870525,7.178757,122.57239,-563.77295,0.1308948,0.002512409,-0.0014847773,0.19614568,0.73671055,-0.015158905,-0.0127778575,7.9902186,0.19626772,1.8033267,0.17937076,-0.06397381,0.3855868,0.11189838,0.005718167,0.0014486536,0.11857529,-0.09578627,0.68679786,0.2609362,0.025114283,0.04696176,-0.028111015,-0.016875245,0.9686344,0.9399013,-88.84082,59.785618,244.57773,101.32988,44.89019,117.749054,0.016804349,4.7375793,-23973.926,DICTIONARYBRUTEFORCE
27.362652,4.603425,84.99764,1875.2888,0.09856893,0.059915222,-0.0053068646,0.30983073,0.7587716,-0.0068620523,0.015827833,6.1189175,0.3110532,0.6506923,0.055336002,0.23038305,0.15370117,0.091520965,0.018159386,-0.006429306,0.15325733,-0.015700718,0.8205383,0.09019792,-0.01940665,0.05466854,0.007413453,-0.07698323,0.9713792,0.95611507,2178.822,62.557693,643.80505,153.44067,196.7287,203.83685,0.018644908,10.049927,76688.61,DICTIONARYBRUTEFORCE
28.461634,5.825959,94.33461,12207.533,0.104460776,0.27059343,0.02999321,0.2981344,0.67198324,-0.06963658,0.016221344,5.164214,2.1380365,0.12418904,0.16933449,-0.067006476,0.30096608,0.055486053,0.0016762037,0.0077349083,0.10806593,-0.05628169,0.77851886,0.0833022,0.054635413,0.04597442,-0.035130475,0.006668493,0.954867,0.89717686,-3250.3535,63.242287,412.92096,170.86745,141.54436,254.91104,0.022680584,-4.410469,31744.707,DICTIONARYBRUTEFORCE
29.139477,4.453303,79.94542,-1721.832,0.0009014737,0.18104225,-0.009329036,0.44524756,0.75257194,0.044725128,-0.009472875,7.6160955,1.8824027,-0.29486364,-0.005637966,-0.08154779,0.73254544,0.04454792,0.023166863,0.037836347,0.07826916,-0.036556978,0.9252265,0.04462965,0.010306932,0.049342323,-0.027191566,-0.028190501,0.9874608,0.9565991,-2253.2744,62.348305,699.4624,188.34851,228.1402,243.37988,0.020078434,9.440468,79324.98,DICTIONARYBRUTEFORCE
25.54131,7.556311,73.131714,-1218.5742,-0.015300984,0.036906883,0.017121505,-0.01017233,0.70707124,-0.011913991,-0.025411356,7.005476,0.9129855,-0.10893501,-0.055310495,-0.025152313,0.5697513,0.08576976,0.027101502,-0.010381596,0.084886506,0.0024923123,0.7795009,0.22189082,0.007174494,0.037466038,-0.011097355,-0.006287908,0.99530363,0.9351231,6952.3706,60.86018,1475.937,487.29016,594.3158,504.43494,0.0057501313,12.804451,406880.2,DICTIONARYBRUTEFORCE
31.903313,2.025596,74.8051,4221.6943,0.03765312,0.09727455,0.0047007366,0.28073165,0.99539185,0.049762174,0.03868817,9.767693,1.4855181,0.03911542,0.061414145,0.23766114,0.2085958,0.04158462,0.050548404,0.046075746,0.19780137,0.03078225,1.027642,-0.14479662,-0.030046124,0.06897169,0.026724415,-0.07474451,0.9323406,0.9005151,74.59326,62.238686,657.7084,187.86765,243.57501,255.66318,0.022823773,3.5801544,123621.44,DICTIONARYBRUTEFORCE
34.043568,3.1706676,80.99066,7935.527,-0.005183881,0.062763624,-0.00037606573,0.19360866,1.0003074,0.0060962774,0.035710007,9.745868,0.55739933,-0.1659841,-0.14442928,0.07325646,0.64955527,0.021354107,0.03290471,0.03484599,0.14698225,0.035734944,1.0569594,-0.038836572,0.012300344,0.086826205,-0.011264476,0.016529985,0.98704517,0.96334964,-4372.4707,63.8239,1077.8395,364.46283,478.20618,374.04865,0.0065065916,2.9008255,297243.56,DICTIONARYBRUTEFORCE
26.264603,5.1115065,96.00767,-5042.1206,0.02833283,0.18521677,0.05732112,0.15774512,0.7005615,-0.012444853,0.01786413,7.417806,2.1723185,0.3892106,0.6852242,0.035372384,0.519411,0.098388284,0.010873055,-0.020790946,0.12217253,-0.036572963,0.8593925,0.09413082,0.024737783,0.040686857,-0.026068099,-0.01997444,0.98621327,0.9625163,-364.40234,61.192722,611.4186,121.82767,185.85873,130.7081,0.009938586,15.664871,57971.344,DICTIONARYBRUTEFORCE
31.760826,3.7361515,68.81772,-277.6797,0.035756424,0.36531672,0.06198789,0.23188375,0.7921285,0.011677152,0.041971855,7.79095,3.6669688,-0.079487674,0.16547574,0.24499357,0.07575646,0.0067846105,-0.04793327,-0.0073994133,0.19094273,0.011996267,1.0743862,-0.13674721,-0.0103815235,0.012563469,-0.0064283796,0.03774463,0.9792225,0.9960785,-1021.3286,64.03387,457.3493,171.96832,156.81299,207.38046,0.0037097342,5.969948,62416.383,DICTIONARYBRUTEFORCE
28.965693,6.1014123,88.46548,202.08105,0.018276507,0.05119759,-0.0027029077,0.20748515,0.7831141,0.03238826,-0.0051324745,8.193235,1.2777295,0.03963197,0.025288887,0.055690188,0.1568368,0.072401345,-0.023503646,0.0002971338,0.2010152,0.03172659,0.6803561,0.16552706,0.02153011,0.10115276,0.08862637,-0.021125555,0.98388475,0.98106897,250.61426,72.95993,881.19135,253.02124,298.54102,288.90494,0.018621342,3.1782913,126539.984,DICTIONARYBRUTEFORCE
23.91839,7.262499,92.123314,-3841.3794,0.017460529,0.01965252,0.02929488,0.4305931,0.75148505,0.020576496,0.006548795,5.9762535,0.1536858,0.21539436,0.8397869,-0.068889566,0.37596962,0.04306106,-0.033856325,-0.00057836995,0.13509934,-0.027394293,0.74556416,0.22949679,-0.010955733,0.03165732,0.0076030144,0.024608366,1.0434785,1.0011169,7791.3535,65.93117,477.92548,353.8533,162.79865,396.1358,0.008450262,8.449158,26088.227,DICTIONARYBRUTEFORCE
26.115356,6.067736,104.05994,773.92114,0.054797944,0.11859157,-0.0015190686,0.3501531,0.7792846,-0.013975242,0.018097613,6.7312207,1.1405648,0.22575559,0.3771719,0.117585056,0.1922387,0.07472389,0.016317539,0.021706406,0.11420672,-0.034574036,0.8660645,0.056585234,-0.014489498,0.047934655,0.014060896,-0.018190403,0.95639294,0.9662577,4094.6062,59.590267,216.84744,162.07385,90.61948,162.38876,0.010841727,6.338806,-893.58075,DICTIONARYBRUTEFORCE
31.29293,5.007526,92.57903,580.6113,0.03422778,-0.01667208,0.035269823,0.19755092,0.92520434,-0.033346757,0.012063658,7.860435,-0.84975207,0.19226111,0.08318849,-0.054605015,0.5650544,0.020901097,-0.0022815587,0.018960478,0.121188916,-0.0056808256,0.9014482,0.06644262,-0.005350632,0.0061954195,0.015416062,-0.011211642,0.99426895,0.9970877,-2024.938,74.534874,-142.95068,83.73294,-41.29959,90.703445,0.010540449,8.8181,-31206.11,DICTIONARYBRUTEFORCE
27.297455,1.9057374,84.83734,55443.844,0.06411777,0.2106375,0.046431314,0.40803996,0.70785934,-0.029671792,-0.06583819,7.6751246,1.2444395,0.1376081,0.019010933,-0.12529373,0.25212064,0.07065492,-0.019871417,0.026427729,0.22738138,-0.021950722,0.8253856,0.021317068,0.031571116,0.04522974,-0.02354797,-0.018404018,0.9282594,0.9571812,9548.326,60.459545,406.92407,190.65353,118.06604,317.3946,0.027760133,7.445526,37952.62,DICTIONARYBRUTEFORCE
26.949543,4.1944222,57.99367,1695.0886,0.058917843,-0.0050950684,0.0069663487,0.49766952,0.8884038,0.012141365,0.023269413,9.901988,-0.3469427,0.41976753,0.0033605658,0.10876599,0.25194848,0.012198788,-0.0063005555,0.03494335,0.15277055,-0.007963026,0.86715233,0.016103787,0.0055251457,0.11842269,-0.009304312,-0.045282315,0.953084,0.9175519,4496.5605,59.604908,670.8405,241.05145,195.67502,258.59512,0.011116754,7.924675,61045.93,DICTIONARYBRUTEFORCE
22.39173,4.9338675,110.930786,-1143.1665,0.0118129505,0.050292283,0.01947557,0.16195618,0.65431917,0.052135393,-0.004665181,7.34469,0.4987106,-0.271155,0.56508744,-0.032916557,0.38001597,0.06618765,-0.014009073,0.014960954,0.08213101,-0.023225864,0.7128587,0.14840937,-0.007922,0.10067291,0.033621486,-0.041065782,0.9432063,0.89567816,4878.914,60.164146,176.0875,96.03881,35.379204,158.0735,0.02769182,5.795326,16546.14,DICTIONARYBRUTEFORCE
23.849716,7.3261204,121.13729,-3362.7812,0.060388803,-0.0127093615,0.025483016,0.15403311,0.7626231,-0.0099488385,0.023188904,8.577978,-0.29834783,1.0061115,0.05514577,-0.13351327,0.7054687,0.07111631,0.010117319,0.00033439603,0.08452784,-0.06291382,0.74064916,0.20913117,0.0029227627,0.056490097,-0.0389313,-0.034302227,1.0160825,0.9702017,3859.0757,61.971416,920.0164,257.10312,304.4994,242.20645,0.013227117,10.41803,120605.234,DICTIONARYBRUTEFORCE
28.55961,4.6686196,65.303024,56929.11,-0.007110601,0.05312429,-0.029113173,0.42997643,0.87525123,0.0056627723,0.038422346,8.164133,0.59243006,-0.21148162,-0.14298968,-0.029490452,0.4853859,0.047848113,0.02097582,0.041551664,0.111576825,-0.024066895,0.93389356,0.030949099,0.012161407,0.08965556,-0.013909724,-0.029687582,0.9443286,0.94349736,-1391.0483,60.86042,376.83728,204.81924,84.64657,238.99811,0.008043753,9.614624,-4178.5537,DICTIONARYBRUTEFORCE
23.56365,7.8989677,111.15344,-7442.1284,0.046891928,0.07838422,-0.047296662,0.27036822,0.5862771,0.039428394,-0.048215874,6.244425,1.1907833,0.5507677,-0.045933124,-0.06954058,0.531458,0.13580899,-0.0015405519,0.030566202,0.1146308,-0.07051223,0.67326707,0.32121426,0.0014485675,0.049549904,-0.0055038463,-0.019519351,0.9608365,0.9575736,-4032.7217,60.58134,136.79407,-7.545891,46.189484,2.1132965,0.018780112,10.674965,-24662.37,DICTIONARYBRUTEFORCE
27.378721,6.869863,107.73576,1297.8867,-0.038154144,0.016529024,0.004055514,0.27452514,0.8146446,-0.029524041,0.011195158,8.786434,0.2543965,-0.26348743,-0.032175824,0.16731875,0.36532214,0.03535543,-0.021699652,0.036984578,0.14788437,0.00706871,0.83969724,0.13767989,0.0003166939,0.030739306,-0.047882773,-0.024592213,1.0397398,0.9721028,6640.2363,59.089012,2249.228,626.5717,811.32043,642.0468,0.0023238668,10.290649,683847.1,DICTIONARYBRUTEFORCE
26.148035,5.817913,85.01459,4492.9453,0.09123084,0.21987219,0.028191995,0.0760866,0.5698666,0.0070263217,0.008315567,5.174224,1.893565,-0.008992515,0.34137517,0.14750412,0.05608607,0.070607536,0.0036649546,0.009707235,0.09324993,-0.07475923,0.7564118,0.13416342,-0.02441779,0.112154774,-0.006223349,0.0032320619,0.93635094,0.92698026,371.5044,62.584415,20.790436,117.45153,-22.53484,134.31104,0.01619764,7.7510223,-12909.47,DICTIONARYBRUTEFORCE
23.902143,8.25861,67.64005,-5984.9487,0.012725111,0.13682652,0.02456677,0.17123508,0.54133505,0.0076610837,-0.024827555,5.41094,1.6182904,-0.07769988,-0.09305702,0.12116834,0.015829103,0.11677944,0.011592876,-0.005354644,0.14390875,0.030237269,0.653036,0.28362957,-0.01261074,0.0568201,0.014901457,-0.031140504,0.96099025,0.95220083,-1956.6182,68.58184,538.1782,59.56883,193.56595,98.88853,0.008533082,9.123177,80834.34,DICTIONARYBRUTEFORCE
22.679903,7.7912784,79.93535,-6109.03,0.09289007,0.025972966,0.03224855,0.11089184,0.72113925,-0.02605181,-0.05960526,7.757098,1.2062306,1.0397928,-0.11659924,-0.034568846,0.258448,0.098965675,-0.007732007,-0.020129055,0.15692952,-0.06572298,0.63238627,0.30690628,0.015437967,0.051096715,0.021457132,-0.021081652,0.9359004,0.9325523,-4181.615,58.499332,526.7984,106.89683,141.31824,126.86817,0.016177135,4.345894,27929.29,DICTIONARYBRUTEFORCE
40.20115,3.6654928,97.505325,17045.443,0.12935928,0.15655856,0.0068151345,0.26179796,1.0418465,-0.046134554,-0.010735049,10.710105,1.9910467,2.3335023,-0.04922911,0.06973949,0.7574545,0.08533888,0.027794054,-0.027396895,0.11703345,-0.00026599038,1.1197771,-0.12192927,0.08003345,-0.01810757,-0.055491522,0.010187266,0.96550345,1.0204612,-313.72168,75.78611,1908.2578,588.6928,728.02374,632.25037,0.0071727033,5.508362,704288.06,DICTIONARYBRUTEFORCE
25.13759,7.6473055,101.45456,-8346.537,0.1201068,0.24424227,0.03763173,0.16566269,0.5642773,0.040674046,-0.03354672,6.708471,4.846978,2.4953346,0.13265899,0.03823783,0.11287444,0.09623352,-0.033124167,0.00837807,0.16029829,-0.056680933,0.7661627,0.297915,0.014019905,-0.0011552253,-0.05244343,0.010578296,0.99406844,1.0233378,-5576.0283,59.066498,149.5381,95.39799,37.35945,117.90296,0.0063099335,5.404648,-32587.78,DICTIONARYBRUTEFORCE
36.947647,1.5492377,70.606804,6533.578,0.0067700353,0.11091148,0.019599034,0.5166389,1.1111275,0.001543315,-0.044112146,12.047408,1.1016037,-0.15211159,-0.016935315,-0.019927647,0.766403,-0.0008217711,0.033033047,0.043311585,0.08980938,-0.07518009,1.1726705,-0.18705648,0.008504998,0.08582596,-0.1348863,0.00061990693,0.93534577,0.9512127,-3533.6816,63.90827,1340.1605,318.78177,519.4098,375.65912,0.020633535,0.542984,494272.94,DICTIONARYBRUTEFORCE
24.41581,7.074375,101.1201,-1472.6528,0.054537874,0.114147484,-0.048656687,0.3077917,0.6626479,0.021433707,-0.0013629231,6.481968,1.3726395,0.7633699,0.6631965,-0.075450405,0.45433894,0.057051633,-0.020127187,-0.053663857,0.19306155,0.024461102,0.7057332,0.23273347,0.009054148,0.047704563,0.0038562529,-0.050896555,0.9793309,1.0019153,2486.0098,59.789597,1186.5972,166.92804,357.29523,199.9209,0.0143983895,7.350624,173731.06,DICTIONARYBRUTEFORCE
35.530525,3.349917,98.51941,-3467.6426,0.059899986,0.021081481,-0.008484248,0.19614942,1.1194291,-0.023239564,0.016545193,13.647585,0.6267658,1.3365991,-0.046962522,-0.13616806,1.0135463,-0.018726567,-0.019704567,0.0037954422,0.16631319,0.018668965,1.0951937,-0.1279371,0.031367928,0.074979335,-0.06883949,-0.105405904,1.0272062,1.014432,2668.9946,63.21835,1628.6948,280.3345,647.6083,292.25235,0.0065033473,12.647942,520204.16,DICTIONARYBRUTEFORCE
23.746038,6.1009164,88.924614,2172.94,0.04508195,0.17653687,-0.0046501006,0.29901266,0.6097838,-0.0038380048,0.007438366,5.217892,1.3815738,-0.10626839,0.122075014,0.057822723,0.2621242,0.0654383,0.02961872,0.0364971,0.12488054,-0.026433934,0.7999097,0.14735676,-0.021144243,0.04620887,-0.0056855194,0.0033542141,0.97797126,0.970281,221.96875,58.4145,149.98874,83.43549,34.85396,109.483826,0.009403583,12.080292,-4267.315,DICTIONARYBRUTEFORCE
30.08442,4.5877213,78.62051,22154.418,0.09484452,0.09968597,-0.008500938,0.22095726,0.84848803,0.035338957,-0.012312108,8.045292,1.4819994,0.528373,0.024990939,0.18974423,0.036380515,0.035304386,-0.019413982,0.019661298,0.17666715,-0.038212083,0.8278338,0.048447546,0.009950116,0.08359731,0.03672412,0.03545055,0.9624993,1.0135258,-4527.631,62.33787,-113.5336,103.2366,-16.462296,91.256905,0.007833908,3.2593079,-27386.953,DICTIONARYBRUTEFORCE
22.71111,7.583192,100.78969,-408.99316,0.055572502,0.08306151,0.004894943,0.14759412,0.60793334,-0.015814628,0.011123257,5.3785577,0.9371427,0.19480197,0.08972263,-0.004275725,0.37630478,0.09852147,-0.009837862,0.025362428,0.1223718,-0.02342112,0.6884122,0.2561914,-0.025074191,0.055087022,-0.01131392,0.011346637,0.98785114,0.9559633,890.3252,59.70307,182.0454,107.025604,77.55463,105.91372,0.009458085,10.234497,-1026.4844,DICTIONARYBRUTEFORCE
17.968555,11.248009,107.584755,515.0637,0.049996056,0.06834027,0.012631369,0.07636142,0.42579174,-0.01950241,0.021776553,3.8105478,0.73626614,0.19897404,0.09657642,0.015661951,0.12714837,0.11380233,0.0030412897,-0.013577126,0.10444237,-0.021966618,0.4489359,0.46405098,-0.011016613,0.041809067,0.010975435,-0.03412983,1.0036803,0.96918017,1487.2949,63.380905,439.00116,114.78174,135.71024,136.8812,0.01225796,11.410011,24936.215,DICTIONARYBRUTEFORCE
26.449638,7.035549,91.7317,33804.914,-0.001957668,0.0020053454,0.0056951703,0.018177645,0.76146764,-0.045384377,-0.0037081423,6.445683,0.07901621,-0.026597131,0.066199124,-0.056969926,0.45243177,0.043822616,0.01705157,0.017582607,0.13213806,-0.043125045,0.76074386,0.19960035,0.0065845856,0.061398152,0.020878699,-0.012236563,1.0442588,0.9847268,-1161.5576,62.19996,146.77036,142.23364,56.789944,122.62465,0.0056689107,8.567444,12342.327,DICTIONARYBRUTEFORCE
25.23522,6.4532895,101.59418,1808.4702,-0.015431732,0.19622622,0.064687945,0.0010547078,0.63192797,-0.03339195,0.03116579,6.219891,2.0429654,0.009048729,0.27415335,0.025630808,0.2701738,0.09016567,0.008797333,0.00761182,0.10155341,-0.013327898,0.80182743,0.13087517,0.03417202,0.042906694,-0.0061535137,-0.0022115093,0.9775539,0.929348,-897.49805,63.415974,161.02744,79.57075,56.760014,121.099815,0.011526617,8.095741,4071.3708,DICTIONARYBRUTEFORCE
21.46526,8.472461,87.21473,-907.02,0.015070887,0.23974948,-0.009818072,0.085120745,0.41636467,0.007803403,0.002725916,4.246992,2.2089844,-0.21347986,-0.0499482,0.096098416,0.075712085,0.121760055,0.046430618,-0.019731468,0.11074517,-0.0070062745,0.60149676,0.3537336,0.015813164,0.058890715,-0.00069280155,-0.008208406,0.9563812,0.9485658,-4211.499,60.712063,770.46674,154.89749,265.1364,189.853,0.011861878,7.757782,110970.336,DICTIONARYBRUTEFORCE
32.99578,4.114621,85.83092,3140.4868,0.005350178,0.023269026,0.021261403,0.36571443,1.0718224,-0.006510346,0.03291167,10.704917,0.44934884,-0.03999745,-0.033348862,0.044820055,0.73217547,-0.0070945495,-0.02474134,-0.016010707,0.12732114,-0.032984983,1.0869874,-0.10039568,0.006374533,0.05074877,-0.027767755,-0.021151958,1.0193044,0.9856395,1949.7273,62.34052,1079.1868,473.3381,419.54105,491.69724,0.002392632,10.2114105,201446.61,DICTIONARYBRUTEFORCE
30.929306,4.9312067,89.91166,-954.0054,-0.021402733,0.0072389557,0.049620256,0.057933368,0.9443267,-0.024681715,0.0048691314,9.566683,-0.06151031,-0.25285417,0.004704427,-0.08418649,0.96401256,0.021444075,-0.01850352,-0.009805596,0.10108286,-0.07082408,1.0006219,-0.0061228666,0.03890821,0.05837652,-0.04727049,0.03324257,1.0168966,0.96866465,5882.9126,62.541283,2395.434,541.75824,752.6487,549.75073,0.0038596992,14.14827,582953.1,DICTIONARYBRUTEFORCE
27.942719,8.259161,110.75337,27274.025,0.15820521,0.0075148107,-0.009154849,0.15888937,0.79888344,0.05480453,-0.048233945,9.181508,1.1385401,3.3267534,0.0918549,-0.067697324,0.42170438,0.0947403,-0.02405435,-0.06775786,0.2185119,0.14085175,0.5767168,0.3379297,0.089909464,0.06417587,0.08832042,-0.010128719,1.0738933,0.99168116,-5436.078,63.5175,2036.1018,425.58176,712.3183,407.23877,0.008271412,0.8848114,478299.34,DICTIONARYBRUTEFORCE
30.276638,4.7752023,105.28697,5073.5435,0.07526012,0.16819453,0.038695414,0.044212755,0.83568037,-0.04784093,0.013553763,6.703839,1.6308196,0.46820658,0.11752759,0.138356,0.4587597,0.08756872,0.0045801047,0.011686388,0.080871165,0.050678402,0.9349761,0.05281442,0.017703582,0.032564715,0.012950787,-0.0056080427,0.94929105,0.91986924,4778.258,65.24612,1290.1957,573.877,541.5986,628.665,0.016020946,-0.41284943,308739.72,DICTIONARYBRUTEFORCE
26.008385,5.5894413,83.05891,46272.85,0.020269796,0.085304216,0.06908984,0.2445523,0.7563457,0.030419447,0.009633125,6.998023,0.6595438,-0.0019239075,0.27717602,0.0355934,0.17161189,0.041665938,0.015380614,0.007412163,0.096833564,-0.10373894,0.87109005,0.045049384,0.011405255,0.11637043,-0.052266695,0.0007416867,0.97252464,0.9721656,452.69824,60.899265,88.33133,91.68729,36.0391,91.45593,0.005513135,11.831711,6376.0425,DICTIONARYBRUTEFORCE
25.505663,6.167358,109.71948,-93.16504,0.038690016,0.028198097,-0.017019555,0.2721828,0.72606736,0.023181923,0.018193247,6.517058,0.34733272,0.18619163,-0.013656652,-0.012719607,0.4303833,0.09214537,0.025184475,0.027937643,0.08699934,-0.027495159,0.77150434,0.18451974,-0.027490547,0.07415674,-0.01592782,-0.029117845,0.9567612,0.93274486,452.53418,62.87818,281.0451,108.68017,109.584206,122.91781,0.016720071,9.13871,15343.345,DICTIONARYBRUTEFORCE
31.777987,3.8695993,83.39189,174735.94,0.044346213,0.15914793,-0.010115271,0.1760424,0.89478725,-0.045924168,0.012372575,7.5592613,1.8015621,0.24338374,0.29296535,0.06844304,0.23573962,0.10288448,-0.020019215,-0.007611429,0.20421906,-0.09900934,0.9338506,-0.030391907,0.012598004,0.08204849,-0.01108827,-0.015432226,0.96834075,1.0057818,-104.11182,62.292004,307.97885,178.04631,96.40587,160.30876,0.005051396,12.133354,11930.12,DICTIONARYBRUTEFORCE
22.639235,7.3056054,111.1937,13117.451,0.022661816,0.026207933,-0.02617266,0.55864626,0.69837403,-0.0028252334,0.014581595,5.364465,0.12263752,-0.13741313,-0.060297497,-0.06659471,0.32688215,0.059952937,-0.009401496,0.014605738,0.12738128,-0.0589026,0.682189,0.23106751,-0.02199081,0.063086405,0.0126696415,-0.020930825,0.99760807,0.9852659,5196.8013,58.639854,644.3163,293.46277,193.30194,304.1171,0.011213301,5.579605,70528.375,DICTIONARYBRUTEFORCE
28.607788,4.0436764,92.3268,-1276.2739,0.10652357,-0.0454771,-0.0053979433,0.23225732,0.9682609,2.0400621e-05,-0.0048217177,11.29372,-1.0529474,1.2516629,0.14656979,-0.18484545,0.880645,-0.00692443,-0.044998866,-0.03959307,0.1452556,-0.0031883176,0.85214365,0.031715363,0.016374491,0.08382034,0.018677864,-0.05486664,0.98664,0.96434563,1210.2944,65.328064,886.3118,199.95483,267.46243,196.23935,0.023250561,7.2354355,102251.58,DICTIONARYBRUTEFORCE
20.901379,8.711716,109.511536,195.4834,0.022932697,0.06939069,0.021070756,0.13059746,0.5453718,-0.03417887,0.018010713,4.9214687,0.7631494,0.18644568,0.16952008,-0.067445874,0.5096434,0.11240691,-0.02030179,-0.012551368,0.11915985,-0.032606278,0.62132746,0.31371552,-0.0040123146,0.0672657,-0.0019691512,-0.017153915,1.0245129,0.9611733,2032.8923,59.076572,966.0904,197.62486,345.957,204.49164,0.008265291,14.627136,155544.94,DICTIONARYBRUTEFORCE
21.424763,7.41852,133.20718,1905.1069,0.07268893,-0.0076810415,-0.0482113,0.187591,0.55417824,0.0006748311,-0.00829473,4.967769,-0.25281307,0.24848789,-0.008756704,-0.016022097,0.34383804,0.09760805,0.040307224,0.008091809,0.1112537,-0.07692975,0.57030976,0.35854027,-0.051314652,0.07108888,0.029106846,-0.011990293,0.94297945,0.936103,3398.8064,61.260216,121.32575,97.76042,62.421303,154.17773,0.025327928,7.8065186,7158.1655,DICTIONARYBRUTEFORCE
17.008276,10.731144,96.78441,2431.7764,0.06839304,0.110585295,0.07080418,-0.019245956,0.37787864,-0.0051722345,0.011927198,2.2668052,0.93487287,0.39366868,1.3564413,-0.03212854,0.13092771,0.13223182,0.02937229,0.033664703,0.07906739,-0.06519549,0.44162726,0.46630076,-0.01615092,0.06157019,0.03340424,-0.014520304,0.9423984,0.9567599,127.94922,58.67409,-77.47223,61.23361,-29.65348,84.5933,0.015304076,8.907806,-29125.062,DICTIONARYBRUTEFORCE
27.113659,4.8819695,107.29339,11560.383,0.08501153,0.28651577,0.030716475,0.23767097,0.64691395,-0.029871508,-0.032937463,5.5697713,2.1683238,-0.13256405,0.48021927,-0.020493653,0.4448739,0.049303878,-0.0021487009,0.047505863,0.09260491,-0.067521274,0.8622478,0.044374887,0.013265652,0.060450055,-0.014567088,0.013949832,0.9790358,0.960965,2412.7078,60.187428,-38.537964,86.59114,-27.73317,132.30688,0.018651286,6.2966385,-20176.443,DICTIONARYBRUTEFORCE
26.664055,4.938057,103.01526,2162.8142,0.08758944,0.11873285,-0.0004097796,0.28616032,0.77007097,-0.024075892,-0.027754938,6.090164,1.109865,0.4366668,0.41480678,0.028390378,0.519006,0.08657928,0.0015492085,-0.023389395,0.12374744,-0.0326484,0.8172329,0.08611732,-0.014023144,0.06441406,0.004252,-0.021989373,0.99615,0.99619824,4008.876,62.140263,571.5077,173.62064,187.39938,211.87451,0.019440213,7.052971,67795.42,DICTIONARYBRUTEFORCE
22.745708,8.181969,66.02358,-104.14453,0.008671497,0.013220327,-0.032636464,0.1491465,0.6352071,-0.0077568977,-0.003998799,6.318706,0.23043236,-0.05234479,-0.028215982,-0.010628653,0.4651231,0.036972523,-0.0052401144,-0.020679476,0.1303382,-0.05122117,0.68209183,0.31086066,0.0064020534,0.040388834,0.0021421816,-0.006229859,1.0129907,0.98280084,6788.2095,61.18972,1447.3187,712.8087,576.8518,726.59515,0.0037991558,11.691505,342495.88,DICTIONARYBRUTEFORCE
23.272537,8.266986,69.14534,2255.0417,0.08883498,0.053216845,-0.012304415,0.103411,0.5637145,-0.0030948,-0.021587273,4.656243,0.49443796,0.38218525,-0.014936438,-0.16515577,0.53402895,0.11581854,0.0027728733,0.026233755,0.106660195,-0.03519521,0.56830734,0.37755173,-0.023662072,0.04175671,0.04344072,-0.004927069,0.97298265,0.98460984,-1237.3296,81.07176,989.8519,344.92084,338.73798,375.09058,0.017932765,6.7055893,175034.12,DICTIONARYBRUTEFORCE
18.31567,11.262844,86.31636,-10.952637,0.022337371,-0.011428325,0.0100112185,0.20045951,0.46783006,-0.0010104664,0.00086681684,4.0512056,-0.36307478,-0.044108205,0.10100843,-0.10731629,0.3883854,0.094129376,0.0073383884,0.09648301,0.09810479,-0.09902415,0.50566196,0.4834372,-0.0136636095,0.07479961,-0.060838312,0.044538297,1.0248675,0.97786075,2286.1997,63.53716,156.36514,147.62943,7.0047054,164.61903,0.007725447,8.574814,-23195.848,DICTIONARYBRUTEFORCE
25.801456,7.9487786,100.963196,11908.967,0.036064543,0.009256356,-0.053836685,0.4597263,0.71443146,0.042842276,-0.0078119263,6.6723137,-0.15426016,0.019586936,-0.09456083,-0.11451489,0.5379031,0.0663325,0.033478715,0.031042898,0.10350593,0.03975644,0.70725524,0.29287034,0.005662346,0.04537669,0.008391984,-0.0040030945,0.9986296,1.0211242,-3673.0166,64.14535,744.56555,192.40358,218.66571,210.95865,0.010635287,5.9899826,74660.25,DICTIONARYBRUTEFORCE
29.025335,3.9618325,127.5506,10270.9,0.07202924,0.08642975,0.08203511,0.34278247,0.88955563,-0.026931753,0.04132069,8.21788,0.27068478,0.032922298,0.12238127,0.19779801,0.08018734,0.018556643,-0.011644563,-0.01782814,0.16520938,-0.03859769,0.9443586,-0.055456467,-0.03475483,0.011941367,0.061932992,0.021489346,1.0020646,1.0307215,2976.0261,63.85967,360.0667,201.63101,125.66781,163.35883,0.0031565633,12.224525,34274.918,DICTIONARYBRUTEFORCE
28.549957,5.7012243,87.342865,-1169.1646,0.07741495,0.10871496,0.009005516,0.20909403,0.77210873,0.03986434,0.031248948,7.6265984,1.229585,0.52240133,0.011805332,0.1251959,0.2950836,0.081059486,0.025743833,-0.0045826472,0.119279385,-0.036491867,0.8246084,0.09836981,-0.007129353,0.020730298,-0.028168228,-0.051358137,0.9842254,0.9746257,1291.4219,68.08462,492.49,90.20502,151.79453,115.46147,0.010143685,10.597534,39450.152,DICTIONARYBRUTEFORCE
25.187204,5.775589,82.21362,184.33594,0.06720713,0.00054992735,0.12060237,0.3787105,0.821118,0.000100564794,0.04035195,8.215279,-0.3167425,0.62323207,1.7738873,0.056565437,0.22412193,0.025393106,0.0025179796,0.021874256,0.12496252,-0.022175726,0.8303207,0.0869666,-0.004609623,0.041555926,0.009625884,-0.023548638,1.0152597,0.98361367,6473.2573,61.819736,305.51465,167.77977,100.17292,168.0207,0.0020355124,15.026268,11832.587,DICTIONARYBRUTEFORCE
27.304625,4.9913507,72.27654,2115.7485,0.065508366,0.2635904,0.0101252515,0.21173985,0.6025206,0.046862483,-0.009113175,5.664069,2.2530048,0.17062992,0.09789806,0.20499676,-0.005084848,0.07517285,-0.044382956,0.055298746,0.13299583,-0.044803288,0.82531846,0.08650747,0.0034598052,0.04066175,-0.024862083,0.04907488,0.9376584,0.9663908,435.15674,63.48326,7.174881,68.67941,3.169672,71.387054,0.010941266,5.7489243,-25691.104,DICTIONARYBRUTEFORCE
20.612144,7.514922,111.52469,-1975.3545,0.04893459,0.06865251,0.06817722,0.1933463,0.5946005,0.0011165784,0.009805109,5.5027027,0.6209574,0.13468173,1.2706507,0.062670365,0.23039638,0.10378182,-0.019316677,0.0222085,0.09523385,-0.0024918187,0.670891,0.24598962,0.0076020644,0.08673029,0.011197328,-0.024750855,0.98152024,0.9648133,1617.9458,60.479992,399.18933,63.129055,98.12506,60.549835,0.014351976,14.004829,7476.0366,DICTIONARYBRUTEFORCE
35.040306,4.638815,67.5732,3520.266,0.17681284,0.032735165,-0.0021074666,0.21662192,0.97471005,0.01734283,0.042050995,8.845096,0.8942108,3.020551,-0.14223424,0.3167982,0.18087314,0.09411225,0.033236563,0.015681472,0.16702177,0.053809058,0.97506106,0.007839546,0.010823129,0.03203077,0.019661758,-0.011597303,0.97044265,0.98700583,-3185.254,74.730194,761.50867,298.28247,287.76437,291.07184,0.008987569,6.413933,99559.62,DICTIONARYBRUTEFORCE
25.183878,6.3958106,75.987,33357.45,0.052532114,0.090596735,0.07452598,0.22214904,0.7041759,0.016166724,-0.007937803,5.6089916,0.4561134,0.19723663,1.3286178,-0.033713534,0.39308164,0.051935747,0.024081927,-0.011743041,0.13239989,-0.020362142,0.7599499,0.16856109,-0.013483419,0.012849972,0.04467571,-0.012438874,1.02912,0.98777926,731.3594,60.965298,128.62567,89.04993,56.434696,88.611694,0.0062197037,12.349518,-2801.6702,DICTIONARYBRUTEFORCE
18.58955,9.197659,82.73688,-184.41797,0.011335196,-0.018253503,0.035739634,0.0027720295,0.51474696,-0.008263703,-0.010038559,4.1966715,-0.72085744,-0.08625585,0.79445374,-0.07500982,0.3428341,0.051071323,0.005427683,0.017591026,0.09639999,-0.038302388,0.5556523,0.3992364,-0.02012358,0.09167114,0.00030907802,0.028332952,1.0056568,0.9646713,3339.1848,59.978855,304.87238,264.18283,101.15566,241.05087,0.008712653,10.389198,20039.719,DICTIONARYBRUTEFORCE
31.322392,3.3557673,78.9711,-119.816895,0.041082457,0.4097972,-0.006635941,0.2852469,0.5806688,0.0515765,-0.06714916,6.820859,3.95361,0.1715444,-0.016045362,0.13907002,0.23434968,0.14186087,0.022443354,0.04288249,0.20021757,-0.018721899,0.9524169,0.014504722,0.031932946,0.06914136,-0.007612379,0.014438339,0.93959975,0.9551397,1500.7773,65.002884,18.445374,69.75473,28.728046,128.97618,0.022798145,2.1855469,-13955.626,DICTIONARYBRUTEFORCE
27.893946,3.9988322,63.487946,-3201.984,0.043480627,0.11958517,0.032307055,0.17057727,0.73800343,-0.0012806419,0.019037057,8.305914,1.4172255,0.16831441,-0.005892627,0.062482007,0.5170968,0.10013003,-0.008604153,-0.008653299,0.13895667,-0.033177316,0.83974856,0.06972002,-0.024221309,0.13221778,-0.008103865,-0.03254644,0.95061606,0.8756197,6072.048,61.210518,1244.2542,298.2649,481.87772,345.33984,0.017593022,5.9361725,340752.8,DICTIONARYBRUTEFORCE
22.479748,7.937834,99.54033,-1826.8242,0.063013,0.1357556,0.055512905,0.23996404,0.5714203,0.0042573786,0.007581787,5.272723,1.3470268,0.30559728,0.8581395,0.018236496,0.2752086,0.09564016,0.007119383,0.013399424,0.09227188,-0.062495597,0.7118516,0.23473684,0.022299722,0.036516435,-0.008638281,-0.00065435655,0.97261107,0.9595167,1391.5,59.261242,146.68497,90.03885,46.29249,99.010735,0.009293801,12.687492,-9678.328,DICTIONARYBRUTEFORCE
40.289165,0.7745948,71.18196,2395.4436,0.029470708,0.19089144,0.029112875,0.27275726,1.169367,-0.010924084,0.04883594,13.74518,2.4265985,-0.19609137,0.03374791,0.30920985,0.49140602,0.012956692,0.014103044,-0.009961607,0.1704037,0.048252273,1.2707083,-0.30707383,0.018379474,0.07071218,-0.034232788,0.018024236,0.9294328,0.97685075,-5860.045,67.60667,1144.596,268.89185,411.6563,303.7167,0.010533801,2.4822922,231016.52,DICTIONARYBRUTEFORCE
21.415224,9.388523,84.49989,996.8135,0.05682182,0.29816005,-0.004526018,0.12567608,0.31762472,-0.0041220346,0.014121549,3.2569005,2.409177,0.11706751,0.027056236,-0.040890373,0.2668065,0.11039905,0.025504993,0.011452207,0.07155512,-0.029454373,0.5529774,0.39017883,-0.015112794,-0.00915277,0.010926518,0.014291044,1.0167936,0.9830811,554.1626,77.60858,690.1456,265.49728,231.3493,311.08807,0.012310616,9.139763,89693.82,DICTIONARYBRUTEFORCE
21.963253,7.5087748,60.40373,1358.6985,0.026904002,0.11070871,0.06467571,0.010229691,0.56484437,0.010740534,0.020959487,4.5298305,1.3448029,-0.16007084,0.15748122,-0.07188076,0.3757269,0.06530778,5.4258853e-05,-0.022360679,0.11443563,-0.009487219,0.71354276,0.23541223,0.0049713627,0.058379613,-0.0009482214,0.012912059,0.9951168,0.9548003,1501.4971,59.70372,255.5777,165.83904,101.83341,224.46283,0.0024752242,10.88813,39103.543,DICTIONARYBRUTEFORCE
34.341717,4.287139,63.839516,5765.662,0.0150428135,0.27621114,-0.010580439,0.11503201,0.7274871,0.04062505,-0.020034278,6.7487035,2.559965,0.13701439,-0.036970206,-0.11568527,0.678175,0.07635188,0.02889801,0.01820474,0.13219947,-0.030164149,0.89173913,0.061270736,0.071520425,0.016779259,-0.019751947,0.020925013,0.96324956,0.9571204,-4762.835,81.20383,1304.73,320.9449,479.15143,374.83258,0.012642299,3.0694504,334194.72,DICTIONARYBRUTEFORCE
19.372854,10.209675,86.15497,-4496.1763,0.110248715,0.035354,0.0014387071,0.2325603,0.5137475,-0.022117816,-0.0070316056,4.4819345,0.69453365,2.4012706,0.22062874,-0.020183401,0.23931746,0.107978284,-0.026035957,0.0053028157,0.14017832,-0.015687078,0.5161667,0.4575655,-0.0026774197,0.055190355,-0.023742856,-0.0142909195,0.9852402,0.97306466,463.53613,59.381546,335.6592,107.97444,97.09828,121.395164,0.010354927,9.113136,-974.2669,DICTIONARYBRUTEFORCE
26.092115,7.2674694,110.162704,18978.234,0.09668933,0.3025805,0.007657471,0.090495564,0.46688068,0.0156091815,-0.044620737,6.1981535,2.5438533,0.25477624,0.10957228,-0.06165871,0.2951152,0.15577517,0.037826613,-0.025914513,0.13442954,0.006772657,0.67098385,0.30929264,0.026251972,-0.019356458,0.023892278,0.025831172,1.0124377,1.0187969,3796.731,70.469925,616.45447,182.19817,157.01865,247.65347,0.016490776,2.297287,81939.664,DICTIONARYBRUTEFORCE
30.386211,5.192076,96.684525,5648.2334,0.050295457,0.025833497,0.015910251,0.16101848,0.9074213,-0.046887748,0.013419531,8.037433,0.29494962,0.08350659,0.019403765,-0.05656103,0.70046115,0.016686363,-0.016976073,0.036265712,0.09728587,-0.055250827,0.9352995,0.04526691,-0.009999871,0.052645117,-0.020048188,0.010440372,1.0365545,1.0134262,-1512.9175,63.1539,-18.19168,52.048492,6.7311525,35.681183,0.0026088574,9.04248,-8473.122,DICTIONARYBRUTEFORCE
28.44205,3.937688,80.94624,343.6128,0.00888151,-0.011745031,0.04247276,0.13456991,0.98144746,0.025761392,0.0014767726,15.41416,0.16694196,-0.23596877,0.6418241,-0.08295759,0.6734379,-0.030353973,0.011236518,-0.007347124,0.08780803,-0.033273794,0.96343046,-0.014742487,-0.01610366,0.13422593,-0.009414404,0.007581524,0.9449015,0.895701,-9464.816,60.776287,-36.79596,107.04254,4.77985,84.417175,0.015411271,7.4429855,-7354.5244,DICTIONARYBRUTEFORCE
21.825588,8.215832,77.16608,3883.1785,0.034345943,0.15989845,-0.014948595,0.2638652,0.47559163,0.01955671,-0.041328777,4.290991,1.6526796,0.2914192,0.011979955,-0.19024573,0.5532524,0.11356496,0.025765646,0.019538429,0.14753805,-0.06719223,0.57931757,0.36979648,0.011485181,0.052033257,0.0020727888,-0.021555917,0.97615874,0.98381877,3180.0042,60.642162,713.81287,213.70691,257.45657,257.86002,0.02215009,6.62307,112813.72,DICTIONARYBRUTEFORCE
20.563612,9.364521,121.720566,-6226.32,-0.040233403,0.068028755,-0.011485397,0.090524845,0.48667243,0.019671256,-0.019117372,5.490863,1.1598055,-0.20668373,-0.12505917,-0.035950433,0.2601441,0.1352477,0.003691665,0.020196827,0.111666106,-0.009899478,0.52492934,0.4359596,0.03635834,0.052501008,0.011286222,-0.013582826,1.0121384,0.9578343,-5124.328,64.306175,753.18,79.66471,216.71384,92.64834,0.012122717,9.825943,66850.02,DICTIONARYBRUTEFORCE
25.716135,6.8573613,88.65297,9577.586,0.06758296,0.012390854,-0.0028843316,0.27258763,0.7475589,0.002842539,0.021603936,6.0379004,0.10005453,0.3550479,-0.13861194,0.033325177,0.295686,0.075456604,0.038504306,-0.0027430523,0.094173856,-0.012440122,0.74955845,0.20891389,-0.014141057,0.06238269,-0.03200657,-0.0346638,0.96910286,0.94970655,-4378.6494,60.787678,671.07983,163.50696,214.87051,185.58646,0.007908807,8.106949,71260.89,DICTIONARYBRUTEFORCE
18.553988,10.210926,88.50295,-3408.2554,0.007914099,0.064170994,0.001052029,0.16672415,0.43200347,-0.003429504,0.0019189157,3.2775009,0.7398858,-0.08209493,0.036378045,0.057649463,0.05468927,0.1200929,0.00011263415,0.02543632,0.12824754,-0.00917551,0.5031248,0.45502108,-0.019319003,0.04634751,0.0036605168,9.029172e-05,0.9561324,0.9500861,-806.4575,61.300934,138.12149,48.24491,58.752327,58.87551,0.011651431,13.682182,-4162.317,DICTIONARYBRUTEFORCE
19.500652,9.266605,132.253,-424.37646,0.06518993,0.016607968,-0.047571823,0.2562782,0.5721492,-0.026048562,-0.009835469,5.4057145,0.15408053,0.13932131,0.060317688,-0.018098146,0.15412177,0.094571,0.019134624,0.07835525,0.106806636,-0.05048994,0.57215285,0.35299745,-0.00792525,0.04913403,-0.009157405,0.0068437215,0.964364,0.94386184,2052.3428,59.224476,168.63562,125.57031,71.32048,141.38556,0.01619241,3.2503738,-3543.0225,DICTIONARYBRUTEFORCE
20.813816,8.381562,87.394585,5338.5,0.04395143,-0.002868371,0.013769466,0.2387939,0.6045513,0.031542733,0.00810176,5.3696523,-0.11659135,0.015511025,0.024329245,-0.05408211,0.5050773,0.068523854,-0.015718663,0.027058365,0.075696416,-0.03631299,0.6343405,0.283143,-0.012442264,0.08377476,0.0024886942,0.0022798963,0.9757053,0.96753865,192.89209,58.38629,260.52472,84.25386,81.145134,78.158005,0.008921366,13.249817,3024.538,DICTIONARYBRUTEFORCE
21.842999,7.2334194,125.59517,-683.03955,0.090656295,0.01914063,0.10821835,0.21831217,0.61989546,-0.015115692,-0.0074938713,3.321297,0.1050598,0.3358686,1.4841123,-0.025330847,0.36405298,0.071546495,-0.0118510835,-0.021890672,0.1117758,-0.09017936,0.64834976,0.26543087,-0.027146462,0.08643291,0.022455212,0.009701908,1.0132418,1.0007234,3448.6897,67.29636,331.399,223.2745,108.32052,199.23102,0.01260833,12.814766,12016.288,DICTIONARYBRUTEFORCE
32.52994,4.3164253,86.29065,1346.5916,0.038594924,0.176106,0.04112196,0.1721691,0.8376667,-0.035933327,-0.006365187,7.824925,1.7336888,0.11788442,-0.047576915,0.18838747,0.38047987,0.08788961,0.01554063,-0.0036450196,0.13592297,-0.038015988,0.9666763,0.0018292108,0.034747977,-0.0013786822,-0.04391241,-0.0032024086,1.0074214,0.9593564,1564.877,65.09361,1502.3877,322.6575,569.88403,358.89542,0.008267472,9.492996,421788.47,DICTIONARYBRUTEFORCE
31.027672,3.004462,141.24521,-4387.515,0.041784585,0.041223023,0.007078347,0.5536438,1.0306447,-0.03133052,-0.010501493,13.715911,0.92487067,0.9025074,0.05038135,0.203231,0.06938552,0.06117418,0.017951166,0.008528194,0.14209235,-0.013069211,1.040506,-0.0588121,0.016303977,-0.033624604,-0.0028066663,0.008642491,1.0197316,1.0070329,-876.18555,64.73912,466.4552,182.57722,150.9206,157.93994,0.005602592,8.520813,28743.719,DICTIONARYBRUTEFORCE
25.857025,5.6788416,113.65471,-2477.4233,0.033811517,0.062859766,-0.019050162,0.30829856,0.71537644,0.00543403,-0.006991455,6.822741,0.8586726,0.17357565,0.032277945,0.013635899,0.3526169,0.12103114,-0.014016077,0.0011619367,0.14041215,-0.016127137,0.73954034,0.22086403,-0.00982842,0.08477998,0.029024452,-0.041953824,0.99194765,0.9706327,-16.443848,64.8274,504.68298,162.10759,157.61032,181.50426,0.023635255,7.650482,35536.92,DICTIONARYBRUTEFORCE
21.521112,7.2952876,93.0057,1608.8752,0.016652878,-0.00248346,-0.017470539,0.28082928,0.6291683,0.021991665,-0.024930526,4.762756,-0.26333675,-0.19451484,0.17683698,-0.039885566,0.41701147,0.09006165,-0.014998272,0.004646033,0.117512986,-0.04263766,0.6382637,0.2840546,-0.056221165,0.10658991,0.022573285,0.01141813,0.991396,0.97074765,3332.6653,60.84132,774.4872,298.66626,327.61697,301.0243,0.014613305,5.9937897,152687.36,DICTIONARYBRUTEFORCE
21.415394,9.544752,84.61441,-476.44434,0.03131033,0.060914624,-0.013976698,0.064222455,0.4817722,0.031805173,0.017636325,4.432156,0.916583,0.1316945,-0.056651846,-0.033150002,0.3888159,0.10924409,0.023754193,0.013181224,0.107638314,0.0068263663,0.5476258,0.41027057,-0.00095687807,0.025361348,0.013422037,-0.006223917,1.0080651,0.9756184,-900.6074,63.01904,348.69156,100.69378,133.1008,110.35922,0.009876088,14.067986,42395.13,DICTIONARYBRUTEFORCE
26.320326,7.130133,97.62749,581.7827,-0.029630119,0.20365885,-0.03117828,0.22665308,0.6267782,0.05584637,-0.035454784,7.99556,3.820492,0.0007553026,-0.01294283,-0.2334602,0.5797152,0.030380134,-0.038876686,-0.08114481,0.2048384,-0.027342599,0.71309274,0.22882311,0.092493474,0.062363535,0.057521865,0.03291895,1.0075412,1.0180864,-1685.0493,59.993214,331.55606,118.461655,81.60365,183.72812,0.015068616,4.838478,26411.775,DICTIONARYBRUTEFORCE
23.103891,5.1105423,78.6511,-3625.6943,0.013949882,0.17327355,0.0900543,0.592196,0.6671906,0.05080152,-0.031181704,6.70762,2.306001,0.15858126,3.1180453,-0.007997564,0.14410819,0.11538775,-0.08297124,-0.03761629,0.1794403,-0.031662352,0.82958925,0.11402427,0.0150192175,0.09216875,0.026586663,0.005519623,0.9505786,0.9906503,6358.823,60.458927,1005.0953,275.41714,315.4634,298.7981,0.022097705,4.4225082,152185.14,DICTIONARYBRUTEFORCE
23.737616,6.3624444,113.29935,355.08838,0.068108276,0.038524922,0.0059808,0.24675392,0.72907484,-0.0113459565,0.027781673,6.7790046,0.43107694,0.4155544,-0.028955674,0.060600135,0.36774406,0.060878128,-0.010708416,0.008795642,0.12803176,-0.025032248,0.75422454,0.16666481,0.0033944496,0.045637473,0.0066233194,-0.024771167,1.008337,0.98551434,1390.6636,58.221695,687.5381,183.90265,235.7015,178.61983,0.004902941,11.576546,85834.63,DICTIONARYBRUTEFORCE
25.740929,6.7616034,89.56326,1638.612,0.011984472,0.13391227,-0.009492073,0.5192208,0.62920856,0.013053124,0.005213374,5.464093,1.2242664,0.0997606,0.023057582,0.012403754,0.17962494,0.10251201,-0.007883188,0.03603115,0.15122859,-0.03562836,0.72613376,0.2388979,-0.0051717483,0.034493294,0.0020190002,-0.033543598,0.9664514,0.964832,4130.4834,65.55125,893.32355,287.7699,273.16376,366.10382,0.024924768,6.7479706,108962.9,DICTIONARYBRUTEFORCE
23.44218,6.307493,66.69014,676.01685,0.041852187,0.10555684,0.10952033,0.19893812,0.6914298,0.011790875,-0.010159237,7.016409,1.4247667,-0.06611723,1.236656,0.08876715,0.04465797,0.049668074,0.0053448603,0.017972663,0.15646234,-0.0045266934,0.79119754,0.12570775,-0.016823074,0.09879398,0.0069726864,0.009970408,0.9479061,0.92729574,-3361.878,58.806206,91.54237,70.858475,63.013172,92.205185,0.008549295,9.193825,-1105.6743,DICTIONARYBRUTEFORCE
27.57222,5.9116955,78.98337,7092.377,0.11396466,0.0026131035,0.0026500248,0.14614189,0.8641835,-0.0066814823,-0.010877698,7.887978,0.29106885,1.3574185,0.22677085,-0.08761981,0.7140773,0.022736294,0.034501117,0.027493758,0.10550641,-0.04377553,0.85752124,0.120102085,0.0028647366,0.017029045,-0.02712134,-0.029705482,0.99494267,0.9775219,-1775.5303,59.52474,-218.5416,-4.6342087,-82.39186,-7.174942,0.007041212,10.027962,-63238.19,DICTIONARYBRUTEFORCE
16.840477,10.244778,91.399864,1191.6372,0.0976817,-0.043340873,-0.012859512,0.116437815,0.43136626,0.0051811785,-0.010067198,3.163652,-1.1134354,0.44162378,0.09909611,-0.25702935,0.5957088,0.06061419,-0.009407605,-0.036937974,0.14392485,-0.011857351,0.3954627,0.52880627,-0.036161475,0.09734034,0.07466898,-0.0075172815,0.96288127,0.9356748,3750.058,58.558353,220.44588,133.95326,64.71306,153.47308,0.024836425,8.111893,13292.65,DICTIONARYBRUTEFORCE
18.728455,9.735666,102.545395,-903.29834,0.063912116,0.028923148,-0.026845206,0.14523081,0.46062696,-0.0035318309,-0.021093417,4.4976406,0.3713956,-0.021922523,0.004952792,0.0125078615,0.19032924,0.11571853,0.006404971,0.040139224,0.095509976,-0.0605458,0.52349305,0.43253878,-0.008833459,0.08456912,0.0022529857,-0.0059938524,0.9579908,0.9491761,-264.12793,61.051098,180.16966,110.172874,56.127037,133.0282,0.01831693,7.476265,-7675.438,DICTIONARYBRUTEFORCE
28.233486,5.1060905,85.49927,3243.4517,-0.0016083289,0.20497032,0.0392366,0.37481043,0.77139467,0.033017915,0.048037764,7.169688,2.0181236,-0.20797461,0.13954589,0.13526314,0.09343099,0.021330722,-0.06007564,0.004846137,0.16919628,-0.022223882,0.9817345,-0.0126112485,0.02574617,0.056279022,-0.019436607,0.012888994,0.96004313,0.9947785,-1953.2969,61.813755,294.78275,201.07997,54.410168,187.14734,0.0042235665,8.197685,-3581.9285,DICTIONARYBRUTEFORCE
24.296635,6.8438053,60.827465,2350.094,0.110110074,0.116863206,0.030507728,0.2514764,0.6547648,-0.0060516647,0.0035644881,6.3856025,1.1813366,1.4840515,-0.1820288,0.07485811,0.110820286,0.056584775,0.014930409,0.027353799,0.120321065,-0.017752303,0.75905395,0.20652817,0.03341935,0.05465007,-0.035119947,-0.043080337,0.97196394,0.9763272,379.2578,58.361298,430.14514,130.0579,149.83057,177.99118,0.0045754015,12.244263,30100.635,DICTIONARYBRUTEFORCE
27.913124,5.6853194,97.92604,-4925.9126,-0.0076748426,0.012484795,-0.044893663,0.5362881,0.9091348,-0.0010878482,-0.016388984,9.617271,0.15304245,0.42106432,0.0013921969,-0.18772027,0.83569634,0.034186795,-0.03265653,0.0457461,0.15408415,-0.031075737,0.93207246,0.066223845,0.03537651,0.036762286,-0.035337932,-0.04214821,1.02995,1.0112984,1190.6831,60.843605,645.3187,70.67604,199.43002,78.60542,0.008130902,11.107704,48591.492,DICTIONARYBRUTEFORCE
27.18734,7.1558504,86.49427,-1697.9756,-0.021521728,0.11419876,-0.0065368973,0.23633479,0.6452525,0.035779063,0.03284551,6.122306,1.3946948,-0.30364043,0.013499966,-0.0011811871,0.4226012,0.08847603,0.022994263,0.029067073,0.11325203,-0.012682582,0.76696324,0.21490066,-0.00748801,0.03701167,0.000813473,0.03495692,0.97936,0.95165807,-3734.13,69.15604,194.94705,115.566,59.421883,120.96864,0.011943804,11.686043,-411.77142,DICTIONARYBRUTEFORCE
20.895603,10.278488,66.4301,2655.1768,0.01273394,0.11013349,0.013191139,0.05778277,0.46424678,0.004082367,0.036494076,4.589678,1.0459388,-0.16824046,-0.052424587,0.0056309765,0.25767425,0.0733688,-0.009785457,0.014607005,0.122226894,0.006604949,0.5706692,0.3910065,0.023897642,0.033361085,-0.0053797383,-0.011551603,1.0145684,0.99485046,-2706.7598,61.473267,365.35138,143.06415,118.13526,165.9855,0.003438308,14.948051,33403.832,DICTIONARYBRUTEFORCE
25.14298,6.7713084,91.09633,5484.1504,0.019863423,0.08386139,0.017756736,0.22286224,0.69804895,-0.0049230093,0.06635694,5.7862444,0.2871602,-0.091315225,0.07448483,0.14565209,0.101213686,0.058430508,-0.013228485,0.0536909,0.10626144,-0.03426495,0.78732973,0.1279666,-0.029538251,0.05020009,0.034034304,0.0008947775,0.9775223,0.9930702,98.49951,62.075592,159.2623,97.72749,41.22535,80.60799,0.0045106434,12.500389,-5006.8853,DICTIONARYBRUTEFORCE
29.290073,5.4006586,113.5889,-1565.7808,-0.011971182,0.07380075,0.0034380262,0.27442098,0.85693616,0.01264297,0.0059925183,7.567198,0.7007016,-0.039528344,0.0010610744,0.0059842225,0.72604156,0.05960541,-0.0011342345,0.026124958,0.09056701,0.006335387,0.9599885,0.02233748,-0.0067628594,0.050157137,-0.022756197,-0.0055205356,1.004397,0.9825967,2767.5024,63.774883,854.1754,267.2488,333.12558,281.8251,0.010826271,12.250481,140646.67,DICTIONARYBRUTEFORCE
23.391766,9.043934,66.74733,59199.637,0.019161323,0.0435489,0.004498365,0.32188466,0.5783671,0.012906205,-0.031006152,8.536957,0.55201805,-0.02498252,-0.043175973,-0.13684179,0.25052294,0.07274513,-0.011599254,0.01838618,0.19457626,-0.049935687,0.54708195,0.32941577,0.0731031,0.20848277,0.01489166,-0.037722796,0.93462867,0.9528246,2779.8877,61.63497,442.1661,167.78134,118.15527,294.34872,0.01731216,6.3115005,65417.188,DICTIONARYBRUTEFORCE
27.550535,7.055165,66.641884,2141.407,0.086168125,0.061918426,-0.0091938,0.2852691,0.7872358,-0.023018666,-0.02220504,6.503162,0.6782276,0.72661394,0.25867414,0.027892925,0.55064344,0.02264272,-0.03938257,-0.04349466,0.154446,-0.0034416793,0.83899015,0.15218309,0.0005002972,-0.00040355138,-0.024607345,-0.04780405,1.0265118,1.0162731,7564.075,60.916157,1579.6593,424.2489,602.95984,482.3519,0.001972117,13.073761,358123.06,DICTIONARYBRUTEFORCE
21.20091,10.052769,84.183395,-1248.6538,0.019759854,0.011244793,0.025173571,0.020962283,0.555609,-0.0031103962,-0.022456642,5.7089677,0.37561303,0.55221653,-0.09154494,-0.16448316,0.5409327,0.06255559,-0.026384888,-0.025558872,0.14415702,-0.017653788,0.53954184,0.41634545,0.009036923,0.04428544,-0.012919975,-0.053486224,1.0504699,1.0007008,3409.6196,63.089542,925.16034,302.44803,332.2312,340.2303,0.006892674,13.331184,147941.78,DICTIONARYBRUTEFORCE
30.26838,2.4868178,127.16608,-8801.971,-0.033105507,0.00088064367,0.06840274,0.13996045,1.1238484,-0.05975596,-0.0026701787,22.463766,0.21570101,0.06752004,0.21078081,0.23682532,0.13643841,0.0009313738,-0.012548244,0.020768017,0.0960775,0.012780059,1.1296145,-0.12852587,0.0031018513,-0.009915313,-0.031827215,-0.019506471,0.96805006,0.9509381,-4725.0635,61.623676,-164.0315,-22.926514,19.65473,-3.9309464,0.0067297826,6.11055,-13318.341,DICTIONARYBRUTEFORCE
23.045183,8.367752,70.22946,40691.164,0.048291977,0.013603049,0.02115907,0.26640177,0.6208945,0.0026441547,0.023950946,5.0,-0.30057758,-0.08319795,-0.06638747,0.04557881,0.20519772,0.0064520584,-0.009581045,0.010084202,0.13495842,0.0037579425,0.6640156,0.28835544,-0.045870863,0.016548049,0.008111884,-0.032114703,1.0275228,1.0153342,193.46631,59.48343,321.89978,145.7384,118.94451,143.45837,0.0017671096,16.942291,32442.822,DICTIONARYBRUTEFORCE
26.962479,5.1962976,106.94176,-1301.9775,0.057283446,0.1845939,0.027601253,0.26992223,0.75557196,-0.04639142,0.015742775,7.2247953,1.7588102,0.7653585,0.07643771,0.114402406,0.2744486,0.05618334,0.008858814,0.022225227,0.13230807,-0.015103675,0.90762717,0.04066804,0.0023335381,0.0134114865,-0.014075588,-0.020280212,1.0161144,1.0003496,3183.7766,59.35699,524.7819,145.41635,175.6134,166.54468,0.005104379,8.054436,54081.562,DICTIONARYBRUTEFORCE
22.536478,8.477278,83.17657,-1814.4204,0.026339104,0.11422505,0.011381694,0.06420573,0.49063516,0.025087913,-0.018790772,5.720143,1.6082721,-0.23685493,-0.04624545,-0.092953295,0.45287845,0.135735,0.03200837,0.001985142,0.11368689,-0.03562345,0.5520027,0.40096137,0.026142862,0.10531309,0.0129097495,-0.039708134,0.97881573,0.9313453,-1699.8115,64.2122,734.1512,249.56314,233.92715,314.4287,0.023036744,5.6805573,96041.5,DICTIONARYBRUTEFORCE
31.003931,3.4025667,86.92608,9045.877,0.08377568,0.15045811,-0.0009322562,0.38096553,0.9369587,-0.028135972,0.042597793,9.847497,1.676342,0.41585463,0.0024936907,0.14176708,0.24756181,0.036487766,0.014908917,-0.010976469,0.16095936,-0.06199202,1.0130144,-0.09387987,-0.014858134,0.039199445,-0.021165919,-0.038970754,0.9645372,0.9705479,-1202.5474,59.2428,598.07996,152.05685,176.37064,154.26054,0.005458635,5.71756,48378.367,DICTIONARYBRUTEFORCE
22.912987,7.778041,117.879166,5113.313,0.06739764,0.0054330467,-0.027867386,0.33135393,0.7047598,-0.02597421,0.0050208974,6.093959,-0.24960849,0.38954124,0.09644944,-0.14035742,0.65613693,0.040173672,-0.013538806,-0.0037239026,0.1330964,-0.07069534,0.68189186,0.25887161,-0.010269713,0.06071762,-0.01958505,0.021394841,1.057989,1.0009975,5195.8853,58.2588,477.9489,167.03247,167.79843,202.35185,0.008845394,8.856842,50537.637,DICTIONARYBRUTEFORCE
25.500885,5.449512,111.2556,1810.9812,0.020447366,0.3950474,0.06224495,0.104872815,0.4798491,-0.015844254,0.005895798,5.0765195,3.5230603,-0.18618204,0.4321477,0.12414162,0.06391267,0.0938929,-0.0023016008,-0.0064714113,0.09496511,-0.008210432,0.8467506,0.08631265,-0.003786569,0.05434804,0.021165974,0.021821288,0.9531559,0.9507761,1972.0232,62.72884,138.88089,84.370865,19.910812,98.96735,0.015149062,11.94442,-2658.898,DICTIONARYBRUTEFORCE
22.006819,7.6846075,133.3389,2512.2026,0.06656265,0.017143117,0.07695743,0.26985285,0.64685684,-0.030854098,0.022116294,4.8780613,0.06669523,0.021065801,0.820342,0.099034145,0.07796972,0.07272819,-0.0028252322,0.036355883,0.13557087,-0.058262948,0.6929408,0.21935764,-0.013987039,0.05620767,0.0049419794,-0.025507227,0.9945364,0.9598008,5567.9233,62.76522,194.01872,140.88698,65.69885,145.42882,0.013424987,11.894043,2480.187,DICTIONARYBRUTEFORCE
24.45356,7.7869177,79.050545,704.2903,0.07545607,0.06417721,-0.02712142,0.36607584,0.6145271,0.023445625,-0.0022725365,5.502841,0.835802,0.6125449,0.009592361,-0.092617154,0.5409262,0.11030415,0.005917875,0.016160432,0.12751447,-0.058369044,0.6837856,0.30947953,0.0048843655,0.053601228,-0.011775181,-0.0072365343,0.9808182,0.9802909,-222.97803,61.636913,209.1803,99.10661,61.41807,133.35165,0.015982382,7.8817444,-2210.5964,DICTIONARYBRUTEFORCE
21.767473,8.187895,103.42203,-1701.7227,0.05732894,0.21732631,0.034282006,0.12074653,0.4503303,-0.025011998,0.019221151,5.1118493,2.0182934,0.23278005,0.031511918,0.067770116,0.21909371,0.13151044,-0.014252655,-0.001626648,0.11991296,-0.033266515,0.5997655,0.3162574,0.0129386615,0.033366222,-0.019737713,-0.025027324,1.0113424,0.966201,2731.6267,61.358738,1534.3777,193.6748,456.1915,235.04346,0.01554776,13.553558,255125.08,DICTIONARYBRUTEFORCE
22.062857,9.885582,93.9662,5448.8965,0.06350206,0.05234995,0.017356537,0.06836291,0.5160594,-0.032030333,0.02081759,4.7219534,0.6873429,0.20240808,0.0010701641,-0.08277175,0.38720495,0.11035761,0.0057467725,0.0014975481,0.12193326,-0.013553502,0.5327145,0.43061385,0.0014979276,0.022474656,0.02060015,-0.016342593,1.0316335,0.98832124,-1828.8057,63.456997,273.3964,172.97357,88.632195,179.9826,0.00737345,8.893753,15895.459,DICTIONARYBRUTEFORCE
20.59486,7.02723,80.9579,-1908.7163,0.06204517,-0.0044874325,0.026811643,0.30411127,0.59756184,0.0427743,-0.00906776,4.8769884,-0.17694455,0.2462247,1.3870281,0.029265013,0.32766685,0.0642035,-0.029474638,0.0075404947,0.09727068,-0.047699668,0.633127,0.26950514,-0.024656542,0.12951408,0.015312914,-0.040914185,0.9428115,0.955383,4751.7983,59.48532,259.50253,114.08897,76.68347,114.30037,0.019418638,16.203766,4454.643,DICTIONARYBRUTEFORCE
28.267815,5.837775,85.95014,-5004.8833,0.026117275,0.08043375,0.071663834,0.32216594,0.8392111,-0.014558435,-0.0008123042,8.884492,0.972383,0.3147179,0.9096185,0.15077336,0.13377047,0.06581581,-0.024053723,0.05640866,0.12832364,0.013526266,0.92045605,0.06355018,0.006993895,-0.00047081267,-0.018672327,-0.023231236,0.99400806,1.0028044,-255.8169,69.81906,245.88654,69.37329,73.004425,87.726006,0.0039118975,14.921341,-6241.918,DICTIONARYBRUTEFORCE
22.151003,8.425996,70.6594,-1155.3667,0.0065907463,0.044322595,-0.008981025,0.19638622,0.5619753,0.010620454,-0.0012200582,5.0127745,0.38974908,-0.18348908,-0.069917396,-0.14620915,0.65561265,0.08675142,0.027481612,0.022779856,0.07708562,-0.05087316,0.6322423,0.33779642,-0.032934792,0.065217696,-0.0014663255,-0.0011373125,0.9799274,0.95540524,-4042.6357,61.883785,753.37,154.74722,279.65335,167.87476,0.015251383,14.174561,128825.35,DICTIONARYBRUTEFORCE
26.555008,6.2493196,84.17842,1866.5754,0.059827697,0.02359488,-0.028684856,0.35568133,0.80501074,0.044874504,-0.0238352,8.08524,0.5592931,0.15604404,0.009595378,-0.0076815854,0.4999175,0.05314534,0.022371762,0.06120993,0.083689705,-0.068178035,0.8418164,0.14100839,0.008814979,0.065592065,-0.059260704,-0.021247465,0.93696284,0.9406669,-4853.5303,59.182285,37.168884,40.94603,0.7898884,52.706165,0.012760474,6.85878,-35632.082,DICTIONARYBRUTEFORCE
29.965109,5.0636816,129.07164,-5054.888,0.050789483,0.097723655,0.025251685,0.24405833,0.8531479,0.0036996272,-0.013452472,9.886717,1.5513158,0.7724662,0.09709347,-0.10529533,0.5753121,0.09319634,-0.044257663,-0.06668638,0.17920095,-0.023181066,0.9070643,0.059270456,-0.0060116863,0.010721391,0.013724456,0.00883391,0.98472893,1.0088513,4315.1587,72.29984,1035.5569,313.63672,354.25235,318.40866,0.015780421,8.472717,177882.72,DICTIONARYBRUTEFORCE
22.572453,6.548694,95.80086,-978.3633,0.06654431,0.1417408,-0.0033920095,0.20548515,0.5769702,0.030478442,0.013217369,6.1711416,1.9050627,0.14588697,0.025601558,0.008063697,0.2500029,0.10971793,-0.00089070294,0.01785323,0.1295762,-0.062122833,0.6348895,0.2891602,0.02576327,0.081287704,-0.018503645,-0.02049804,0.9717607,0.95548224,-1925.7944,59.50886,676.86633,205.53496,214.43652,242.13889,0.021822086,4.2666245,70139.07,DICTIONARYBRUTEFORCE
15.291597,11.349556,115.6085,-5992.277,0.040866826,-0.007918339,-0.022144096,0.22591701,0.3887562,0.050037246,0.012756003,2.9902792,-0.20357189,0.27285543,0.24625824,-0.084287,0.2553415,0.11602387,-0.026218683,0.046325777,0.10199965,-0.062040392,0.37437564,0.5606943,-0.0032189628,0.06403035,0.019393204,-0.005054483,0.9695476,0.9744661,2156.708,62.67437,90.76224,69.41126,25.361885,84.858406,0.021808399,11.623276,-28232.172,DICTIONARYBRUTEFORCE
26.03547,7.406005,68.86544,201.99756,-0.006491281,0.21308959,0.033605903,0.16246913,0.5676755,0.029375501,-0.01708654,4.845271,2.0658686,-0.17342684,0.22883514,-0.09195781,0.4916706,0.09460892,0.01680086,-0.0013199588,0.117484696,-0.044227183,0.7829207,0.22091658,-0.031402275,0.041187987,-0.028250035,0.048167005,0.9986864,0.9687921,-3439.755,66.18894,56.99884,59.68782,19.865047,75.80396,0.0049330243,8.813286,-15174.618,DICTIONARYBRUTEFORCE
15.144218,11.343153,92.57825,-3472.7993,-0.012224036,0.013148094,0.023946624,0.18827938,0.42006385,-0.021281738,-0.0037107966,3.496571,-0.010673553,-0.0068896543,0.41935536,-0.17420189,0.3800128,0.07734704,-0.033932842,-0.0132573135,0.118660815,0.002961494,0.4221626,0.5400668,-0.009403093,0.030704442,0.007674107,-0.052192878,1.0473292,1.0090957,4519.666,60.35914,1156.148,268.2973,373.39716,265.55078,0.0042863353,15.159157,175503.31,DICTIONARYBRUTEFORCE
19.533356,9.133962,93.78839,-5502.683,0.03926378,-0.00029882416,0.010549171,0.26240537,0.5582245,0.015558679,-0.009105985,6.4964676,0.22550859,0.62288386,-0.10066695,-0.044135675,0.25091612,0.1187874,-0.012543992,0.01570156,0.12433346,-0.02460839,0.54168546,0.39090785,0.007444373,0.058494322,0.00927708,-0.03963945,0.9540685,0.94875836,-1648.1064,58.75568,635.0451,84.48299,149.83597,70.70195,0.016743451,8.730148,27477.275,DICTIONARYBRUTEFORCE
20.091854,7.871709,84.28881,-3494.121,0.048982218,0.019927356,0.15805513,0.12415271,0.5539166,0.053272042,-0.026957579,4.1589622,0.25083062,-0.030214168,2.937546,0.034264207,0.14171857,0.09282817,-0.054215148,0.051123273,0.12335945,-0.028835574,0.62315714,0.31249434,-0.0270235,0.11561093,0.02132021,-0.013004856,0.9625825,0.9516796,-1717.5386,62.416676,13.448578,107.07478,24.075474,116.34851,0.02049575,12.717293,-13390.307,DICTIONARYBRUTEFORCE
27.785263,5.4630423,94.92454,2768.3655,0.11582669,0.03442808,0.012910746,0.06525582,0.8212491,-0.03843571,0.017666053,7.2254558,0.36681294,1.7065973,0.022638412,-0.06623189,0.7417836,0.028097197,0.0021331105,-0.03591749,0.11122416,-0.015170377,0.83319885,0.10138517,-0.00078296056,0.051593393,-0.037504457,-0.03897377,1.0176097,0.9743282,-1537.1489,60.55462,454.9293,107.266136,202.33871,106.67444,0.007959751,10.575279,83569.055,DICTIONARYBRUTEFORCE
22.765427,7.170527,115.72602,1093.9519,0.013112182,0.032479778,0.0098878695,0.10873771,0.6243237,0.042020068,0.008354214,7.767227,0.49210998,-0.31943622,-0.094958164,-0.02453068,0.41634843,0.0591058,-0.0232356,0.006250576,0.12877512,0.042169932,0.60514,0.24746151,-0.010888158,0.14891839,0.11031739,-0.04958408,0.96500045,0.92766905,-1770.9697,63.578022,153.73798,72.26273,40.6323,82.2876,0.025066625,5.633278,22765.771,DICTIONARYBRUTEFORCE
23.54617,7.626721,87.526184,-2644.4434,-0.0024534576,0.03973393,0.008162355,0.28663683,0.68321794,-0.0019273511,0.01412262,7.0215454,0.80150425,-0.04276065,0.012617408,0.040955953,0.21355967,0.08817251,-0.016082406,0.0116826445,0.13544375,-0.011316057,0.67399573,0.25039655,0.00056470744,0.05888514,0.011262632,-0.0007608067,0.99556607,0.9556349,635.6465,62.133907,704.0438,188.17883,257.60254,208.06587,0.011508735,8.881111,89986.484,DICTIONARYBRUTEFORCE
17.50278,10.572378,81.87843,-3465.7222,0.019940043,0.0036807803,-0.005012306,0.17988159,0.4254583,0.016318768,0.025493413,2.8159287,0.13579242,-0.11870107,0.05049272,-0.06631642,0.28489527,0.10807783,-0.025985539,0.0050671166,0.09401752,-0.043607876,0.43935278,0.47068694,-0.03825793,0.112404525,0.022419393,-0.022586351,0.97591,0.9459584,670.5488,65.364815,313.62805,133.49226,97.102455,134.08368,0.019286811,12.619347,12318.567,DICTIONARYBRUTEFORCE
21.786125,8.271438,73.96474,-2828.692,0.019324197,0.014492425,-0.013245535,0.33720478,0.63125926,-0.004024515,0.014444089,5.7427626,0.11639689,0.16673164,0.008357166,-0.07225721,0.51709837,0.06459244,-0.0068594282,0.006864718,0.113854945,-0.013991484,0.6666706,0.29931617,-0.0039009913,0.03133482,-0.019699734,-0.031584933,1.0023731,0.9716562,5998.872,59.993534,1281.1079,336.95145,474.365,352.72845,0.007170024,14.980629,258753.0,DICTIONARYBRUTEFORCE
32.82944,3.7818613,76.36811,3126.1223,-0.022022063,0.042697612,0.023828408,0.24404077,1.0101314,-0.02712152,0.020162452,9.313599,0.5065738,-0.30185226,0.09828968,0.08397643,0.7524782,-0.015747745,0.049047135,0.0391916,0.13515581,-0.03699727,1.1241544,-0.106630854,-0.02745314,0.030979699,-0.07194783,-0.01191534,0.9755248,0.98973954,8428.453,62.79878,1696.1719,567.00226,679.4479,604.30853,0.005191013,18.414604,741835.7,DICTIONARYBRUTEFORCE
28.458006,5.4185743,73.86119,1998.1277,-0.0030873436,0.046831723,0.027372994,0.32549855,0.91758424,0.03747522,0.013786053,10.103281,0.566406,-0.2696136,0.15360856,-0.01843832,0.6032922,0.01269007,-0.014517454,0.029284379,0.089065515,-0.04513885,0.99183524,-0.008724941,0.0018318254,0.078813314,-0.0068218773,0.02367805,0.9741726,0.9691419,-4083.1035,60.23342,155.10788,103.33013,56.604828,88.98406,0.0025638987,12.621223,-13714.142,DICTIONARYBRUTEFORCE
18.261799,8.983908,99.067566,-7590.5503,-0.029565215,0.14215189,0.007867766,0.31930447,0.4162947,0.024807092,-0.012718391,4.285835,2.3845336,-0.2197528,0.0734024,0.024930477,0.085950434,0.12771265,-0.012302477,0.034314282,0.12820876,-0.044411078,0.5293107,0.4105259,0.012158436,0.0587528,-0.002475148,-0.036496937,1.000498,0.9529541,2655.9365,59.37682,965.954,252.70493,336.45447,281.4332,0.017789833,10.1334915,127044.68,DICTIONARYBRUTEFORCE
25.791319,6.305549,123.76254,2359.0874,0.092736766,-0.01722716,0.019386834,0.37373883,0.8888844,-0.03187242,0.011948858,8.411104,-0.78467,0.8926278,0.059009515,-0.08867228,0.7401701,0.009379661,-0.019928653,-0.014857205,0.11006552,-0.042813938,0.83779585,0.06801553,0.020467361,0.050011195,-0.024136959,-0.04527776,1.0295012,1.0146557,5674.117,59.081047,1153.6304,328.33823,379.64072,317.4796,0.004028839,12.596436,189161.55,DICTIONARYBRUTEFORCE
32.080147,6.0758595,77.957375,-3397.419,0.07246308,0.06508338,0.015520687,0.27643037,0.9230769,0.017700179,-0.066238165,10.762612,1.8382229,0.32817292,-0.15395461,-0.13603932,0.6486287,0.06796866,-0.010849395,-0.0021890318,0.14490864,-0.043337163,0.94135696,0.13028114,0.05516767,0.013510142,-0.06418427,0.0071848924,1.0092694,0.99279344,-7421.7676,66.67775,90.181244,67.02161,48.938087,67.58766,0.005092784,6.158966,-28335.043,DICTIONARYBRUTEFORCE
22.094898,8.417626,131.80042,-2029.9595,0.043687902,0.05280667,-0.0064992136,0.15743107,0.5915936,-0.0025448098,-0.013214219,5.0901594,0.44656062,0.010886676,-0.097545914,0.01249574,0.2936235,0.086495265,-0.0071466896,0.024449073,0.10593654,-0.04990799,0.6447863,0.305684,0.01387388,-0.0029261492,-0.007095858,0.003157137,0.9956057,0.9998145,-2636.123,61.531197,283.94092,79.090996,81.30652,75.886215,0.008036023,13.609169,6249.942,DICTIONARYBRUTEFORCE
22.41915,7.925292,90.36943,24126.629,0.026436385,0.15192749,0.023072222,0.132838,0.5463862,-0.012218196,0.01744559,4.8235717,1.2948829,-0.19147767,0.16387002,-0.007960884,0.26991072,0.115944825,0.0065541407,-0.0018400792,0.055442132,-0.047788452,0.6626671,0.28787342,-0.008879203,0.054175127,-0.021350913,0.017511345,0.9852646,0.93966174,-7108.2773,60.527557,638.89716,163.45834,225.95554,155.38264,0.009831898,5.4115677,83271.43,DICTIONARYBRUTEFORCE
24.994104,6.155943,101.059006,-6278.767,0.021973778,0.14188157,-0.021635732,0.07546379,0.6276906,0.032774925,-0.085770786,6.8671327,2.6920316,0.47945827,-0.23490654,-0.06943459,0.28823116,0.09274194,-0.012386398,-0.031655483,0.21083349,0.014085554,0.6074646,0.28306824,0.03672144,0.093899176,0.070862725,-0.012624803,0.94204694,0.97691685,-6534.301,61.51843,398.73846,-11.822166,120.93689,-3.2501602,0.016010944,5.4551773,53927.637,DICTIONARYBRUTEFORCE
32.215096,4.296671,72.21377,-3843.6108,0.033444915,0.07972459,0.036304306,0.18321411,0.9276612,0.030816954,0.022184081,8.784445,0.90665966,-0.007949582,0.12676488,0.004512961,0.7312371,0.03676038,-0.013207531,-0.00010097399,0.13809946,0.008828234,0.9838755,-0.03242842,-0.0021126005,0.061087605,-0.018384205,-0.02344678,0.9643351,0.95527494,-2276.6494,68.67602,231.12535,77.78145,72.66283,79.58144,0.009297427,12.389626,13399.593,DICTIONARYBRUTEFORCE
14.494737,12.479799,96.24957,-653.3916,0.07309117,0.00069992617,-0.021755721,0.14644682,0.32519537,0.027377596,0.0007628766,2.294981,-0.2946241,0.024386745,0.30131286,-0.07453466,0.17124377,0.11674977,0.015021837,0.032810703,0.09652387,-0.055276692,0.32343483,0.61868364,-0.02227353,0.07692213,0.036703557,-0.0062671024,0.95786256,0.9541203,1959.3589,59.621815,71.94685,84.12513,2.161787,117.65408,0.016394809,10.376968,-25681.748,DICTIONARYBRUTEFORCE
20.520638,8.285167,92.36625,-7692.679,0.065330446,0.04253772,-0.0061027985,0.19812436,0.5950691,0.013234331,0.014571276,5.2600546,0.5611639,1.8281229,1.0328368,0.0706903,0.22738658,0.09144719,-0.01576367,-0.0015172036,0.13828276,-0.0069926633,0.57030094,0.370951,-0.0072908304,0.063126214,-0.008067739,-0.07488147,0.91317147,0.94784707,-1619.3188,59.4427,373.62787,-4.8262024,103.38908,9.870644,0.017402118,10.291145,12812.511,DICTIONARYBRUTEFORCE
34.824585,3.089306,72.031235,1856.4194,-0.079360984,0.5757832,-0.04683397,0.08516053,0.5368989,-0.019380266,-0.06695111,0.58469254,5.6662884,-0.14854246,-0.19878775,0.16324796,0.2215017,0.0562953,0.069614045,0.026949093,0.04402889,-0.030287385,1.0295515,-0.05487182,0.040254686,-0.064315155,0.014570283,0.037273195,1.0006384,0.96120363,-2392.4043,128.59898,1159.8005,432.59024,325.8482,469.56744,0.012033608,1.1095505,199963.47,DICTIONARYBRUTEFORCE
18.089901,9.46892,58.928368,-5664.8687,0.06284587,-0.012382718,0.022714991,0.11912658,0.49079672,0.042627215,-0.0036030472,4.3174086,0.14713244,0.3512525,0.2977102,-0.09219566,0.42133233,0.08156304,-0.02750016,0.022060037,0.110558935,-0.035344254,0.49816507,0.40024883,-0.0047841575,0.13204083,0.023159683,0.00031389296,0.9289115,0.9267175,1478.1235,59.109142,-24.937256,49.049713,-14.718119,36.685364,0.017426712,14.78759,-38687.348,DICTIONARYBRUTEFORCE
18.43318,10.23077,112.66562,-1816.1377,0.029697606,0.15719785,0.0029722694,0.10267569,0.36115116,-0.01877923,-0.028244331,4.216921,1.9553388,0.07741035,-0.07957694,0.047149725,0.11390375,0.1612258,0.010094935,-0.0071650646,0.10490444,-0.014728014,0.46295813,0.49336603,-0.0027780794,0.042342685,0.008362293,0.0013478659,0.9916259,0.96148884,2732.7002,59.367226,1279.0753,339.2057,500.46738,341.20828,0.014990231,7.16465,275353.03,DICTIONARYBRUTEFORCE
24.629694,6.790665,94.168274,-3843.2192,-0.003429493,0.016485197,0.0031373464,0.18323629,0.7515649,0.0043809675,0.02777835,7.4491816,0.44046748,-0.14140238,0.07681605,-0.023521513,0.49899027,0.073289335,0.007851798,0.0026631588,0.09500441,-0.027942728,0.7486137,0.20678578,-0.011449456,0.05489514,0.002313489,-0.032742877,1.0128677,0.96618384,-217.15967,63.584255,673.99786,181.91661,232.54166,175.45837,0.0097038895,11.0548935,84609.58,DICTIONARYBRUTEFORCE
28.650738,6.6683273,93.68088,7628.434,0.10161153,-0.004255497,-0.012641285,0.27187917,0.84830385,-0.036914207,0.029049113,7.199542,-0.36992398,1.0144756,0.017758083,0.0042385934,0.54942685,0.020743737,0.026173592,0.0065934146,0.15060799,-0.011234278,0.8495957,0.1343863,-0.026130976,-0.019986315,0.009782723,-0.07434261,1.0407883,1.0368946,6541.4717,65.23971,1049.0497,453.39893,395.70663,450.24274,0.005947588,10.609535,203677.61,DICTIONARYBRUTEFORCE
22.374365,7.1427355,125.02227,-129.85107,0.043109898,-0.009141199,0.07540399,0.10713593,0.69579005,0.010925251,0.013362721,4.8857913,-0.26333585,-0.06853509,1.6874042,-0.052294455,0.42962176,0.07243951,-0.007383972,0.052656863,0.07680169,-0.030687537,0.7336806,0.23336992,0.0035854103,0.09937492,-0.037418853,0.012115607,0.976667,0.9604053,4791.498,61.612247,-129.68439,97.31559,-47.83336,96.62388,0.014011472,9.982628,-34204.09,DICTIONARYBRUTEFORCE
21.335577,9.007465,59.497234,945.7146,0.05123592,0.04612508,-0.045040295,0.3747743,0.5608834,0.02963067,0.00721788,4.531218,0.6272903,1.1355443,-0.044003002,-0.07105571,0.41951266,0.07131456,0.0031889789,0.02401124,0.1204326,-0.032882735,0.62157,0.34302834,0.03326734,0.09451029,-0.013916401,-0.026165586,0.9507981,0.9288244,847.09766,58.48679,232.70242,82.24173,91.94673,111.32195,0.010278453,8.943932,-2149.2622,DICTIONARYBRUTEFORCE
19.078955,7.5777164,91.232124,2918.5967,0.015133258,0.08340594,0.0034031249,0.1729979,0.3914861,0.03806271,-0.010186711,3.4956424,1.1285311,0.14766952,-0.05274114,0.07610627,0.04201988,0.112339854,0.00015283003,0.026119323,0.15272054,-0.02119449,0.5105659,0.36642846,0.007954798,0.13414404,0.043182187,0.011112591,0.85325557,0.8639184,2205.2793,60.765667,70.12738,30.977493,42.81256,109.398636,0.03025211,9.06147,2439.264,DICTIONARYBRUTEFORCE
23.699646,6.3105288,120.7157,-2689.0684,-0.005907081,-0.0010756588,0.03795694,0.28081754,0.8231434,-0.038779337,0.0061047147,8.840929,-0.1405129,0.15547127,0.07088344,0.029786654,0.31798372,0.027122797,-0.028673332,0.014045306,0.12638909,-0.008800606,0.8041678,0.16722709,0.01597827,0.0069758226,0.0038296916,-0.05607145,1.0539892,1.0007398,5939.6455,62.694065,1144.3112,372.16656,392.26068,377.56415,0.0032682864,11.327606,170653.31,DICTIONARYBRUTEFORCE
22.67967,8.621317,56.071995,3649.6248,-0.00073927455,0.18958026,-0.0003370177,0.23933867,0.46140644,0.02087284,-0.0009059813,3.4867964,1.3040794,-0.013646752,-0.059530407,-0.14454141,0.45051166,0.084088586,0.010859129,0.029546248,0.10409434,-0.07155155,0.6209672,0.31602177,-0.019234411,0.08318828,0.004666997,0.03114001,0.98192465,0.95359665,-638.5625,77.044586,346.72113,209.51044,88.575806,245.43686,0.011168687,7.2750473,11958.27,DICTIONARYBRUTEFORCE
17.47547,10.943556,87.211075,-2104.8423,0.028370224,0.018964069,0.0066417106,0.19821872,0.45997193,0.01656341,0.0077192294,4.3412633,0.5126841,0.08185524,0.02655525,-0.047038488,0.22082372,0.120191246,-0.01231471,0.019438544,0.115198016,-0.030901518,0.46432886,0.47258827,-0.01578409,0.08726474,0.0016178144,-0.001093084,0.98728144,0.9634106,1856.9209,59.88979,453.46472,155.25179,157.86075,173.49316,0.012274714,13.284378,33315.664,DICTIONARYBRUTEFORCE
32.093056,4.4901333,71.144005,3446.4646,0.08976576,0.2666792,-0.00040432438,0.34071776,0.7506169,-0.05433848,0.014649641,7.4371796,2.2260249,0.76869726,0.10155216,0.035395823,0.46584988,0.040625043,-0.011129551,0.0010942947,0.14688484,-0.011560599,0.99337476,0.019937223,0.006079194,-0.0032984419,-0.040724497,0.005897414,1.0549514,1.0025046,3837.6343,65.894394,1417.9055,358.40826,506.77008,398.32355,0.00442818,9.158119,390965.2,DICTIONARYBRUTEFORCE
30.2314,5.839192,111.237656,13867.822,0.1679691,0.002977749,0.027137456,0.0547384,0.8874678,-0.054397997,0.010333465,8.630583,0.16358829,1.5190362,0.26670453,-0.0068504643,0.6448291,0.098250724,0.039487503,-0.06803397,0.1381355,0.012113493,0.87709624,0.11231622,0.014622558,0.047775544,0.014321815,0.042860027,1.0069759,0.92372423,2694.0198,63.978287,1068.4109,384.98416,435.70215,374.69836,0.012477681,5.5748367,251922.34,DICTIONARYBRUTEFORCE
22.46304,8.78974,113.769905,13416.543,0.0303443,0.053366996,0.032168135,0.16348301,0.61178267,0.0032326994,-0.0038822019,4.3882484,0.68275064,-0.2098853,-0.019883823,-0.13816983,0.76100487,0.03674327,0.0071970182,0.057095595,0.056910858,-0.07084687,0.68491125,0.2548472,-0.0054392694,0.095353805,-0.00056278426,0.012383241,0.94578266,0.9755288,-1325.8315,58.95424,33.072388,27.736122,32.871193,55.77679,0.008270027,9.914688,-874.8284,DICTIONARYBRUTEFORCE
27.162863,4.0559816,103.75156,-620.2368,0.049528997,0.24665307,0.08032899,0.4259417,0.66099596,-0.028448775,-0.03182607,7.8675065,2.9748921,-0.3139284,0.1162244,0.1648858,0.070981614,0.10410163,-0.0727223,0.015691428,0.12913127,-0.044380803,0.8764038,0.08142254,0.03710201,0.083511114,-0.037400506,0.022194352,0.9495663,0.9305797,8386.339,58.774445,2500.8608,452.20044,730.11725,455.99377,0.023397569,4.420868,621383.8,DICTIONARYBRUTEFORCE
22.011433,5.157314,111.8439,-1496.4248,0.02116223,0.08135791,0.12465782,0.20640562,0.70395213,0.017412107,-0.004098839,5.9673066,1.0214038,0.13516825,2.0562007,0.023779163,0.24035192,0.08791774,-0.01937453,0.007266071,0.123041205,-0.025279362,0.77143246,0.15566409,0.0012889574,0.12110443,0.023868166,-0.019796232,0.9585193,0.9634012,3593.037,60.973503,346.6997,155.61871,129.57863,164.23703,0.017641488,10.050415,22691.676,DICTIONARYBRUTEFORCE
18.401999,9.806307,109.152664,4482.4053,0.07545845,0.20655635,-0.07497388,0.17835568,0.21967229,0.0052605527,-0.07331124,2.357895,1.5416105,-0.26316458,0.07308918,-0.0794322,0.04284279,0.098285496,0.009178234,-0.011027343,0.13892376,-0.05497604,0.433982,0.519173,0.0070551545,0.111046515,0.035006482,0.06848982,0.88060594,0.9285148,-1398.9414,57.981915,-258.95175,104.299995,-78.72317,132.85529,0.03005297,3.7363358,-74518.664,DICTIONARYBRUTEFORCE
25.068611,4.973589,97.842995,-741.54736,0.025793906,0.24460264,0.022926148,0.16661751,0.5914986,0.018514838,0.03637298,6.1817603,2.404581,-0.16352645,0.22797762,0.1663948,0.048481766,0.114065155,-0.0057637366,0.026472935,0.11771783,-0.011812317,0.7461212,0.13483818,-0.04369635,0.096836835,0.042502552,-0.0202089,0.9835361,0.9315531,1054.7949,62.545586,620.9783,172.18604,213.2474,200.72308,0.023893405,4.336487,87363.9,DICTIONARYBRUTEFORCE
23.728325,7.073843,73.28668,862.4563,0.025468636,0.038386393,0.05185335,0.2147342,0.68534565,0.027668534,0.021244872,5.8852906,0.4110042,-0.008996808,0.57534426,0.06459446,0.30825675,0.04038293,-0.015924389,0.017713225,0.10283605,-0.040793486,0.78740966,0.14761959,-0.014004929,0.07076434,-0.017585121,-0.009067859,0.9747941,0.9559513,883.86035,59.74275,127.74573,82.9719,41.215538,69.12073,0.006828678,19.430954,-432.29773,DICTIONARYBRUTEFORCE
20.631414,8.573742,103.19211,-2398.143,-0.03509468,0.047983184,0.007504455,0.24338423,0.573384,0.058863085,0.017575923,4.6832266,0.5519327,-0.19885302,0.075008206,-0.07746711,0.50471365,0.09317072,-0.0209334,0.040651705,0.08664055,-0.042103644,0.629974,0.31124133,-0.0012944941,0.04931362,0.018765558,-0.0030881632,0.9928206,0.9579592,1738.1304,61.692356,338.7256,149.69865,113.67202,147.70273,0.012168541,14.798164,11945.2705,DICTIONARYBRUTEFORCE
24.13121,7.5976877,88.710754,-6075.061,0.03271002,0.00848803,-0.028437303,0.36370656,0.78079706,0.0068352236,-0.012199802,8.172672,0.23604245,0.5939714,-0.03296037,-0.18575756,0.6553696,0.056915134,-0.013722124,0.0077503775,0.1254052,-0.028767541,0.7332082,0.26512924,0.014755178,0.013684442,-0.007997462,-0.053266246,0.99890584,0.98205566,3833.8684,58.675156,1808.9917,346.9452,592.9598,360.272,0.0067572137,8.351318,311227.2,DICTIONARYBRUTEFORCE
27.717463,5.5319376,65.53453,3203.624,-6.923452e-05,0.012398613,0.020709105,0.41114864,0.8910745,0.012579375,0.017290888,13.894136,0.2512147,-0.06978937,-0.0023543462,0.07902797,0.40551692,0.024851106,-0.0099361725,-0.0006012898,0.12236282,0.0007423246,0.94957674,0.0053460775,0.0018096087,0.09226412,-0.041748624,0.009707719,0.9859433,0.96291083,13.813965,59.436867,1013.69806,230.05002,388.17468,246.44308,0.0010101733,18.399254,196849.31,DICTIONARYBRUTEFORCE
23.71057,7.0117006,77.91127,32946.83,0.15759501,0.1956128,-0.007619595,0.07167436,0.48758164,-0.034250334,-0.06349429,5.0119967,1.3813529,0.4298718,0.008312128,0.11097025,0.016195262,0.118782535,0.054337714,0.038245745,0.12683254,-0.08731344,0.5972413,0.25259313,-0.009392283,0.057468228,-0.0076738973,-0.018930057,0.9299992,0.9429162,1242.2861,60.16878,-13.05867,109.90649,-3.922081,158.71906,0.018818902,6.2619324,-15607.908,DICTIONARYBRUTEFORCE
20.154402,9.086065,95.85341,-6515.694,0.030771662,0.16258448,-0.04743876,0.41259065,0.4023346,0.0012288085,-0.07840433,3.4259589,2.5151408,0.39929572,-0.00033600256,-9.194948e-05,0.027152864,0.1635353,-0.016579801,0.025571277,0.13220754,-0.06464776,0.5491272,0.4087847,0.0145918485,0.0525804,0.019432217,-0.0032035913,0.94540334,0.9696221,345.16504,58.523643,232.01535,74.78865,106.89293,86.163994,0.024030183,6.7176285,1916.6714,DICTIONARYBRUTEFORCE
22.51849,6.571434,108.20232,2046.2666,0.0709293,0.16964425,0.0163406,0.21616991,0.50685865,-0.0024200203,0.009043868,4.5722566,1.5177083,-0.03010388,0.12027726,0.1196174,0.024248887,0.11401144,0.0025374861,0.029920628,0.115908615,-0.04489597,0.6355752,0.2506647,-0.039706063,0.08517088,0.04238585,-0.016400242,0.95442677,0.92563397,857.71924,60.599136,446.30655,154.63484,163.39569,209.0668,0.022845415,4.291153,62564.74,DICTIONARYBRUTEFORCE
27.61626,4.952796,103.7257,8655.924,0.05075878,0.08879456,0.03142567,0.4267139,0.8361544,0.007192476,0.035409223,7.6794777,0.63475615,-0.076979585,0.062291246,0.121722445,0.17064498,0.03776289,-0.02075447,0.03766392,0.122552134,-0.03016592,0.94327193,-0.0077607664,-0.022152096,0.06837006,0.028035622,-0.006582625,0.9678895,0.97377765,583.3325,61.44014,264.96753,174.69307,68.07505,169.1095,0.0068418058,4.6382217,-1242.6792,DICTIONARYBRUTEFORCE
23.202822,7.9849586,98.31706,957.3882,0.06795056,0.25216833,0.07075562,0.15479131,0.49867514,-0.012844333,-0.018486116,3.7349684,2.3867881,0.5173936,1.1927936,0.08096076,0.10752807,0.10381542,-0.011667916,0.02370882,0.13016234,-0.016113667,0.7347366,0.2256022,-0.0035575707,0.0068561854,0.011873738,0.001049377,0.96195114,0.97296596,1172.0718,61.236134,179.15164,82.9592,37.966667,112.4438,0.011651789,9.1045,-4963.764,DICTIONARYBRUTEFORCE
26.471249,5.44443,65.65979,6130.068,0.091579765,-0.002333163,0.009352946,0.22245233,0.8193043,-0.0032521633,-0.030342767,6.6136413,-0.45238987,1.317234,0.01673795,-0.074027784,0.7249682,0.0031773746,0.007953638,0.031270213,0.12435362,0.034112737,0.8163878,0.09638826,0.022711776,0.09135969,-0.0007410301,-0.04282496,0.9496579,0.94662774,1270.3281,58.40033,-201.85855,7.028076,-30.920673,39.484818,0.011627952,10.921455,-26193.76,DICTIONARYBRUTEFORCE
30.504868,3.2032583,101.200745,-1574.5728,0.1281004,0.013266715,-0.015932394,0.38690174,1.0095638,-0.054176766,-0.035247196,14.3248625,0.5209822,3.7645626,0.0049870834,0.115321174,0.35345063,0.075193375,0.0048430543,0.013141392,0.16366392,-0.03914336,0.9558337,0.0019804426,0.032409735,0.055332527,-0.0115870675,-0.028245114,0.94100624,0.94586635,-2075.9863,60.222473,150.27907,69.65515,67.38135,55.330353,0.015922343,8.81781,-1742.3403,DICTIONARYBRUTEFORCE
28.389965,7.101527,96.48903,-2956.3389,-0.0042446703,0.15241553,-0.051253602,0.30898625,0.6571605,0.0012474117,-0.035398245,7.762624,2.3620818,-0.024833333,-0.4918391,-0.14903209,0.37498116,0.10435696,-0.057859972,-0.058975063,0.16779223,0.04449803,0.63469124,0.23795886,0.02328789,0.09746061,0.046566196,-0.037567664,0.9738786,1.0512574,4336.74,79.63569,1066.2046,400.87045,437.28656,382.61572,0.015100178,6.331993,247875.11,DICTIONARYBRUTEFORCE
30.659813,4.3430114,90.85514,1580.4907,-0.014032505,0.031031543,0.00084755244,0.46515447,0.9591769,0.018986657,0.009462213,8.156772,0.3254267,-0.2609831,0.05404612,-0.08895944,0.7297756,0.0322157,-0.03005322,0.020001622,0.12776178,-0.050415307,1.0040082,-0.019110944,-0.0060835085,0.06622974,-0.024546318,0.026589848,1.0025895,1.0036612,977.2666,66.62523,600.2168,331.9924,189.23984,326.7873,0.009672525,8.58252,65550.12,DICTIONARYBRUTEFORCE
33.854294,3.071761,76.95413,2129.9065,-0.049661566,0.076910235,0.023705933,0.49853382,1.0024573,0.07560998,0.032879435,11.878086,1.0136472,-0.23431441,-0.049599253,0.27521554,0.07379541,0.008531738,-0.02616547,0.07280725,0.14849669,-0.017146477,1.0866266,-0.1404234,-0.04118908,0.113585934,-0.0394617,-0.029790148,0.90957916,0.95291257,-7221.0703,66.880585,191.19861,103.01496,78.42523,121.54846,0.01531009,6.5410843,-8125.1216,DICTIONARYBRUTEFORCE
25.257278,6.5659113,72.70799,541.70215,0.15463641,0.11021709,-0.004865511,0.09519978,0.6718749,0.01626926,-0.0028761057,6.3246183,1.3581086,2.1459823,0.0017321669,0.21038665,0.069307335,0.08903062,0.055451844,-0.015624078,0.15092121,-0.015739117,0.70424354,0.19975494,0.011563435,0.048013646,0.0094456775,-0.03936732,0.93813336,0.96367925,-2030.2954,59.83283,254.77196,40.400425,91.088135,83.677635,0.009269992,7.5369797,4559.832,DICTIONARYBRUTEFORCE
29.40736,4.3538685,71.930145,40013.754,0.06138724,0.116929315,-0.023530891,0.34493694,0.7870791,-0.018230345,-0.08254403,8.656911,0.6599331,-0.029050902,-0.059264205,0.081329755,0.3123977,0.069187164,0.043373447,0.035375074,0.11321325,-0.050212696,0.8583482,0.064741656,-0.0065278984,0.08675545,-0.024524063,-0.03714385,0.95450664,0.9796612,-3359.3506,60.856686,197.27193,34.311638,41.906803,108.42298,0.019189758,4.444252,-9751.235,DICTIONARYBRUTEFORCE
17.35608,11.456942,85.81006,-109.76904,0.06402497,0.06884382,-0.01318334,0.17311446,0.39116868,0.035790212,0.0060891104,3.0539966,0.6308956,-0.0015177578,0.12950978,-0.06876709,0.2520897,0.11289593,-0.020475069,0.057821676,0.10250952,-0.055095237,0.422143,0.49794206,-0.025231957,0.098070845,-0.0050303666,0.004512053,0.9652708,0.950905,2271.885,59.107143,115.404396,127.99429,16.426561,149.37898,0.017717715,7.959816,-17636.092,DICTIONARYBRUTEFORCE
26.001945,5.3781843,114.22094,1562.5559,0.023523781,-0.013420743,-0.013410173,0.4962193,0.8682331,-0.018438483,0.025331508,8.723404,-0.87437683,-0.0005573407,0.0876889,0.011429367,0.41185594,0.020901423,0.011112493,0.06611976,0.104460135,-0.026458895,0.9020004,0.061680153,-0.048453975,0.035824057,-0.01616471,-0.013420226,1.0132482,0.9808327,4269.63,60.50847,214.18105,108.325836,75.68939,104.202095,0.0043694978,10.564903,4847.6196,DICTIONARYBRUTEFORCE
25.217817,6.3241143,97.97596,12422.777,0.06945304,0.05130093,-0.012339353,0.19976538,0.65630823,-0.008085703,0.030806046,5.7005353,0.5816835,0.11490729,-0.02254636,0.070210695,0.15275128,0.07082434,-0.0128819905,0.0032398803,0.15839064,-0.010328245,0.6643227,0.21197341,-0.0246833,0.07317911,0.012355325,-0.0570072,1.0017269,0.958232,3095.4397,62.802513,520.81177,205.23401,133.65695,241.43127,0.019205801,8.297302,38481.902,DICTIONARYBRUTEFORCE
37.34687,2.8477757,85.57532,19015.727,0.022334559,0.1096602,-0.0006270455,0.28426456,1.1145259,-0.03878302,0.05259555,9.616176,0.90325916,-0.07543938,0.089464,0.024760257,0.8778185,-0.008837389,0.0032664416,0.013267446,0.13506742,-0.03622842,1.1493157,-0.1797962,-0.030534703,0.044538014,-0.012504993,0.019707967,1.0224088,1.0247024,-666.22266,66.61813,782.8058,245.57428,316.15414,272.25592,0.0060819383,6.590248,164720.5,DICTIONARYBRUTEFORCE
24.791441,6.517382,130.04187,1828.737,0.06411726,0.009741855,-0.017214581,0.12496537,0.73090464,-0.013398483,0.005100558,5.749163,-0.29819718,0.30749077,-0.06988672,0.037050728,0.387651,0.06771148,0.04424108,0.0038231118,0.08290798,0.0020257663,0.7290795,0.17745923,-0.010636524,0.021426717,0.010166507,-0.025365151,0.98088396,0.9752036,57.581543,63.21383,236.69989,23.80452,71.788025,12.063034,0.006446138,11.846451,18637.18,DICTIONARYBRUTEFORCE
23.069935,7.2477326,70.13329,9712.148,0.06037297,0.024876473,-0.047061335,0.3864828,0.656908,0.0081024505,0.0014069816,6.3231783,0.28005812,-0.019650955,-0.08661537,-0.0018491084,0.30498108,0.06503102,0.03719758,0.04357823,0.087451026,-0.0172034,0.7037713,0.2580706,-0.0068172114,0.07827104,-0.0065612234,-0.03455638,0.93377525,0.9542593,118.8667,58.222168,280.4642,139.83467,98.84716,156.74872,0.013996742,9.312515,904.67847,DICTIONARYBRUTEFORCE
22.198305,8.403628,81.24111,1690.9058,0.051355243,0.20944317,0.07661679,0.16313393,0.47793335,-0.0055408482,0.0029031048,4.2551126,1.6855714,-0.0014805421,0.47992283,0.1293912,0.018371211,0.06134256,1.7224811e-05,0.04231039,0.09299664,-0.014343636,0.6938709,0.22484434,-0.023140393,0.041922353,0.013843302,-0.0105705755,0.94199395,0.96082056,2413.7812,60.095238,69.40907,70.75083,18.030968,93.52545,0.009617077,14.958382,-11667.525,DICTIONARYBRUTEFORCE
27.403034,5.5184765,65.1067,123897.88,0.059641637,0.07876775,-0.0029508327,0.2429478,0.68568087,-0.027509855,-0.007633224,5.7429457,0.6618264,0.3138023,-0.12584813,0.18159333,0.02046734,0.12350483,0.0320603,0.018917423,0.15701833,-0.0096950205,0.67741746,0.1921701,0.027390068,0.11553204,-0.001176321,-0.07400434,0.9691838,0.9778399,900.3496,66.13067,444.6029,120.89199,118.74076,175.552,0.01708617,13.9665985,29273.707,DICTIONARYBRUTEFORCE
29.411282,3.865656,95.51859,3080.7305,0.037570864,0.10825824,0.04054286,0.20022693,0.8637667,0.012075152,-0.004593816,8.093044,0.9767425,-0.25884494,-0.10032871,-0.015232098,0.6516881,0.03775327,0.05257159,0.013238417,0.037926394,-0.0655064,0.9103352,-0.012526714,0.04205975,0.115458004,-0.036192365,-0.016128743,0.97623634,0.8952848,-1269.4292,60.42179,802.77875,140.0799,286.4275,224.20227,0.020485379,3.8490295,161116.77,DICTIONARYBRUTEFORCE
16.948193,11.636624,62.14795,116064.29,0.024245141,-0.021577843,-0.006358102,0.0889227,0.37724704,-0.030488158,-0.0034095347,3.4341946,-0.6444312,0.08470841,-0.07183618,-0.07164957,0.12711376,0.086087815,0.020024087,0.0054036267,0.14365381,-0.035248958,0.35858017,0.5737898,-0.021813875,0.09327191,-0.004287702,-0.017595593,1.0168347,0.9829591,2294.9978,61.49278,447.2368,106.25278,126.226715,137.73979,0.006245372,17.066765,36106.547,DICTIONARYBRUTEFORCE
29.81053,4.507118,77.92553,-2515.3364,0.020559382,0.014494789,-0.00069679227,0.1663668,0.9352868,-0.009586156,0.012285103,10.122042,0.5465163,-0.16940737,-0.08264423,-0.047885474,0.7340545,0.033492554,0.017242,-0.01682563,0.12781855,0.0020716852,0.9052274,0.004237219,-0.000555506,0.10140584,-0.005913498,-0.047504805,0.9489456,0.9235009,-4897.825,63.62167,181.01328,40.434227,93.000656,36.0412,0.016421406,8.4692,18795.398,DICTIONARYBRUTEFORCE
29.296246,5.856912,78.18909,4880.1113,0.09607996,0.021415992,0.031998053,0.36975,0.8309737,0.027514383,-0.019157207,8.991121,0.474643,0.99899065,0.012262984,0.3220005,-0.02239877,0.050755147,0.0045529893,0.02825202,0.1385267,-0.038213722,0.91850376,0.045529213,0.020646311,0.03233172,-0.030543905,-0.022604885,0.9936831,0.976122,-508.12158,64.5053,405.9837,166.35031,113.62285,167.54077,0.004451943,13.908005,8813.7705,DICTIONARYBRUTEFORCE
23.43554,8.974745,83.760124,27.130371,-0.0027667265,0.09894658,0.043854654,0.09083041,0.61745816,-0.02763389,-0.025666054,4.7450767,1.072922,-0.12276612,-0.07454644,-0.247244,0.83941346,0.023993898,-0.020505704,0.01950086,0.1209966,-0.029149577,0.7314804,0.27082524,-0.0031181122,0.0026501855,-0.050087765,-0.059917055,1.0625795,1.0186003,2345.4084,59.226955,460.19092,226.84314,202.19958,220.16287,0.0031093834,16.01966,80894.92,DICTIONARYBRUTEFORCE
31.41077,3.6813505,58.038536,-159.86084,-0.033575114,0.2300959,-0.0048657786,0.23870273,0.67773634,0.034097567,0.048581533,5.1835766,2.0655916,-0.0627206,-0.09393072,0.0939935,0.325623,0.11280946,0.048452266,0.092336744,0.0984108,0.0027323095,0.8908073,0.06405744,0.032182973,0.047704272,-0.013234474,-0.04880533,0.942231,0.9040505,-3493.079,82.529526,353.5731,182.27325,117.19901,197.72002,0.019536935,5.1834183,26829.562,DICTIONARYBRUTEFORCE
19.299423,9.366391,100.37139,-4184.896,-0.019882053,0.15571387,0.015152598,0.24646528,0.35752842,0.030251883,-0.017782833,3.066019,1.5460278,-0.13049382,0.034416582,0.010280652,0.06944548,0.17041329,-0.0049228175,-0.008886623,0.12880695,-0.046178043,0.49223977,0.43915313,-0.007638918,0.085184276,0.021046057,-0.027968632,0.9756264,1.0037826,5962.658,75.9833,584.9908,264.24042,204.31717,305.9036,0.02300602,12.465141,72372.695,DICTIONARYBRUTEFORCE
24.943794,7.2833037,101.39165,-3323.0273,0.09334146,0.07398017,0.011567552,0.329625,0.683707,0.0037336042,0.001336066,6.3114243,0.92792654,2.310462,0.15523544,0.056233473,0.14390689,0.08742984,-0.005229069,0.03682727,0.14433672,-0.004242854,0.74968374,0.24959758,0.0011565164,-0.0049131084,-0.0442599,-0.027331227,1.0235754,1.0069317,-581.8042,64.363525,236.08502,96.81204,63.07511,103.78197,0.0045375857,10.944466,-15313.369,DICTIONARYBRUTEFORCE
28.589165,7.1402025,69.864334,-40.15918,-0.0014972594,0.28270513,0.022136085,0.18067928,0.5956686,0.054753594,0.027495727,4.893605,2.6716373,-0.015619142,0.10011129,0.15696084,0.07249272,0.07249095,-0.02324964,0.03178789,0.1439793,-0.009857704,0.8365179,0.12687342,0.0036403653,0.006252084,-0.02069122,0.026145503,0.93688047,0.9693977,1122.8735,93.73174,99.98976,191.89143,29.3713,200.88693,0.0072316877,10.410805,-22921.006,DICTIONARYBRUTEFORCE
28.936108,6.1672273,93.695274,7553.9766,-0.018782526,0.03659723,0.009549355,0.12551247,0.81785315,-0.021355763,-0.014968328,6.6109424,0.3871562,-0.2608889,-0.12743899,0.022393784,0.6457921,0.03963934,0.042545862,0.0077815955,0.08941859,-0.0046357512,0.8824598,0.10893704,0.02509363,0.018362196,0.0017309329,0.008807857,0.9976761,0.9678708,1899.0415,62.95195,1628.6975,535.87,659.74274,546.3103,0.006904163,11.584656,515156.84,DICTIONARYBRUTEFORCE
25.890089,8.387908,73.74728,3078.1484,0.05068163,0.34405065,0.0021025096,0.20179418,0.4207598,0.00043561624,0.0073637576,4.957669,2.8396525,0.22539717,-0.07676864,0.021943554,0.26358545,0.06956521,-0.0035809074,-0.0094869025,0.114275575,-0.041435543,0.7308548,0.26092696,0.007772494,-0.03153152,-0.044831455,0.00063237734,1.0601293,1.0147771,2694.4414,72.997025,1399.2765,382.3985,517.9302,419.85675,0.0049472814,7.467064,386293.72,DICTIONARYBRUTEFORCE
22.514051,7.8320227,102.322685,2027.7378,0.07232506,0.10368575,-0.019143375,0.3123904,0.6058388,-0.020885497,0.026722273,6.1028924,0.84904486,-0.06825854,-0.067600206,-0.057564765,0.34148216,0.091999024,0.025957089,0.023345334,0.11185064,-0.043334648,0.6884669,0.26125103,-0.019813422,0.061103027,-0.017982349,-0.02009418,0.97378206,0.9491691,-924.7783,58.2669,712.48706,164.28233,244.15576,181.44766,0.010073272,6.8957825,94624.336,DICTIONARYBRUTEFORCE
24.964647,6.21678,96.325386,-25.74121,0.082544394,0.25030166,0.06321178,0.14450128,0.58398056,-0.047706347,0.01966994,5.1573486,2.084849,0.67070615,0.40674895,0.16161469,0.14027728,0.08109287,0.005471497,-0.021034207,0.13657631,-0.024860624,0.78100216,0.13984533,0.019912476,0.0007520127,0.0058854604,-0.017583262,1.01427,0.991854,1158.6807,61.553036,778.70233,165.53632,225.34464,175.99756,0.0068638725,11.232246,85070.81,DICTIONARYBRUTEFORCE
29.89943,5.029339,78.39041,-1195.5317,0.050104037,0.18556522,-0.028330754,0.47139397,0.70989895,0.055536136,0.035820954,3.6611762,1.42618,0.6139181,0.012865419,0.029276477,0.41568986,0.073438704,-0.063989416,0.028181527,0.11294239,-0.018262938,0.8520249,0.060713015,-0.0155310435,0.031935915,0.004294631,-0.025178477,0.9672295,1.0221956,4944.27,103.59945,899.4096,462.0387,240.76001,470.7471,0.016045177,5.5749207,79252.305,DICTIONARYBRUTEFORCE
21.258804,9.115218,128.60333,-2111.228,0.05800893,0.022272758,0.00731874,0.23014168,0.57377356,0.03874728,0.031722102,4.7798305,0.26566195,0.258472,0.111199275,-0.22453177,0.7393084,0.10709431,-0.0005908869,-0.013603179,0.10131919,-0.06620505,0.6025793,0.36465892,-0.0050386554,0.05724918,0.00038448256,-0.0010688137,1.0023878,0.9675922,4486.016,64.12797,281.61282,108.80161,78.81085,109.67548,0.014641867,13.293198,15149.781,DICTIONARYBRUTEFORCE
23.002975,8.413385,107.68973,-292.82373,0.044612102,0.07923216,-0.018199503,0.15850578,0.58633244,-0.006996253,0.0029361923,5.919459,1.0448139,0.012739393,-0.062423013,-0.0020251935,0.28900507,0.13781847,0.016548125,-0.0074444474,0.14536624,0.0059186155,0.59765756,0.36268845,0.023994029,0.024317618,-0.004639956,0.007720431,1.0157901,0.973252,-234.39844,65.28727,1151.7897,324.23547,442.85104,339.6454,0.012485378,7.341072,225435.44,DICTIONARYBRUTEFORCE
29.10144,5.0779347,72.38662,2368.0122,0.030282522,0.15072058,-0.0075924587,0.4246934,0.7723065,0.018081654,0.06375098,5.3416905,1.1759404,-0.015034748,0.1345698,0.09708145,0.2890022,0.06667411,0.00065980013,0.015950764,0.15321256,-0.03863048,0.9154684,0.06478034,-0.01452136,0.02632167,-0.007984023,0.03178618,1.0003345,0.98214287,5858.2954,63.78454,1051.2297,363.8954,411.38284,381.91656,0.006107029,7.5855713,285910.88,DICTIONARYBRUTEFORCE
20.28395,9.1650505,71.850426,3545.3525,0.048493225,0.066342525,-0.024901524,0.14330487,0.48799193,0.027871506,0.019126734,3.7807465,0.6343645,-0.102312654,0.011065322,0.03234952,0.15567683,0.09373696,0.026268896,0.05010197,0.108473614,-0.037788257,0.50500953,0.3664321,-0.039421897,0.12740776,0.020425899,-0.028632656,0.9606435,0.9244838,598.9385,58.994816,179.93634,121.78259,69.905304,143.8313,0.017695341,7.868843,108.35443,DICTIONARYBRUTEFORCE
31.985357,4.9211903,84.94682,71587.234,0.015761621,0.16707902,-0.046341177,0.24767557,0.81912947,-0.035308484,0.022444753,7.116268,1.1698085,-0.19758967,-0.13946211,0.06272207,0.44126374,0.06453317,0.05466882,0.01780752,0.11808191,0.009856395,0.90073526,0.045589827,0.01421245,0.03859283,0.013432151,0.011936365,0.9781155,0.9675657,-6579.953,64.43826,980.09326,242.9935,370.40298,272.01593,0.0069329473,2.7759094,190850.55,DICTIONARYBRUTEFORCE
21.247513,7.7126455,91.246,-3884.6724,0.04767262,0.13116997,0.036975376,0.28948066,0.5546964,-0.0076285554,0.03113663,5.2067833,1.2834078,0.59743154,0.31762904,0.117652565,0.078748845,0.10720311,-0.006561801,-0.0017828494,0.15154582,-0.016046703,0.6696232,0.25725776,0.008116487,0.008569345,0.011367932,-0.02874444,0.987216,0.9696074,2780.7407,60.05005,677.61584,109.74011,210.27441,132.33813,0.008949474,15.876167,62478.438,DICTIONARYBRUTEFORCE
21.524935,8.362203,58.453823,2790.3542,0.042299893,0.0083768135,-0.011893718,0.14571172,0.5991356,-0.0071298885,-0.043763682,5.119788,0.44217572,0.3881988,-0.10512669,-0.0038131326,0.23058183,0.073049024,0.039656088,0.03931228,0.13242178,0.0076411054,0.57566977,0.32854286,0.0034317793,0.11568819,0.031264354,-0.019399015,0.9405904,0.9154655,-2482.3008,58.811485,24.260254,42.887543,30.848387,58.353485,0.011691021,9.814339,-13931.395,DICTIONARYBRUTEFORCE
23.065922,7.9475703,93.76514,245.89746,0.049518142,0.103078105,0.0229087,0.17898642,0.56772393,-0.016497752,0.007014675,5.62612,1.0731115,0.22644654,0.031940795,0.14918286,-0.013576432,0.114959255,0.02395994,0.052547365,0.11468581,-0.05751776,0.670476,0.29135153,-0.0030609872,0.029920373,-0.027188074,-0.01823612,0.99072367,0.95789695,-962.1118,60.18309,176.48163,101.861534,59.017582,108.8581,0.007946982,11.379921,-5821.309,DICTIONARYBRUTEFORCE
25.327856,4.567718,100.64258,343.7295,0.028733155,0.0062664687,0.16484156,0.1728565,0.87211424,0.0017730339,0.002752333,8.274726,-0.050668836,0.16150263,2.7123663,0.031277705,0.40515682,0.04601643,-0.004604468,0.035202853,0.0974967,-0.012786346,0.90468085,0.051188152,-0.019887257,0.07550841,-0.020303585,-0.005727755,1.0047973,0.94706726,506.16357,61.2414,397.40866,118.99599,110.715324,96.13753,0.007208734,11.247337,15342.3125,DICTIONARYBRUTEFORCE
28.156624,5.009039,100.976166,-946.27,0.025763083,0.08461589,0.009334778,0.3198959,0.85329926,-0.0040157507,0.014539186,7.529445,0.9316545,0.11581526,0.075178884,-0.018382631,0.60043204,0.07517849,-0.0049980497,0.015152117,0.12420918,-0.027645163,0.9075499,0.04921571,0.018193744,0.04433522,-0.032717813,-0.0004917104,0.97953093,0.9449601,733.11865,61.703167,1179.5593,221.05252,431.41824,243.01465,0.010488239,10.350708,231453.86,DICTIONARYBRUTEFORCE
21.497374,8.2179785,66.40148,1768.2085,0.068933874,0.053083684,-0.016636312,0.3270609,0.54503274,0.020836676,-0.015851125,4.7651386,0.6830525,0.25024253,-0.0641091,-0.034786675,0.3599895,0.09201753,0.011310085,0.021939889,0.122567445,-0.036445994,0.5973838,0.350066,-0.0029851682,0.073468305,-0.011405543,-0.047326103,0.9624902,0.973626,-1110.6675,58.920338,675.7364,161.21829,209.80637,209.02608,0.016353913,11.017082,64773.332,DICTIONARYBRUTEFORCE
26.207031,6.7831054,90.321785,-2430.6865,0.050286617,0.14163987,-0.030019421,0.32754353,0.63448775,0.06324852,-0.01977247,6.527265,1.9522347,0.47497725,0.010719745,-0.033820476,0.4440169,0.067506894,-0.023551837,0.005352604,0.1546338,-0.013723586,0.74031645,0.22391888,0.017499443,0.057821073,-0.042957697,-0.007797777,0.9628614,0.9851764,-175.26416,61.929577,360.19003,132.58493,117.34463,200.23651,0.019043706,4.954628,15540.639,DICTIONARYBRUTEFORCE
27.19915,4.8951597,84.91043,107163.01,0.11726928,0.09454873,-0.01030744,0.097642854,0.7708434,-0.032825306,-0.082743526,7.1769323,0.66292936,0.29376373,0.11461013,-0.08411414,0.5870855,0.04101731,0.04179291,-0.001961952,0.10815945,-0.009221126,0.77647763,0.081630744,-0.020680714,0.096951686,-0.022853045,-0.04205056,0.97028315,0.9664952,5856.506,60.03873,-11.443741,102.02756,4.679015,129.71623,0.019344198,4.9771805,12051.537,DICTIONARYBRUTEFORCE
31.719215,4.3751936,81.72037,2061.3235,0.12919824,0.0982033,-0.006503174,0.3217735,0.90134966,-0.0013143767,-0.035016626,9.389531,1.4671583,1.7859228,-0.10576284,0.17183107,0.1797419,0.06591476,0.0007050391,-0.0015835138,0.18633752,0.023109648,0.9059729,0.062229108,0.04384634,0.06889475,-0.021851286,-0.025711045,0.98279524,0.9840658,-546.6499,64.31581,1396.622,298.66122,507.68784,335.21017,0.013581354,3.606903,310968.88,DICTIONARYBRUTEFORCE
27.848866,4.571073,111.97388,-159.32324,0.023017274,0.21723643,0.0010132045,0.37265393,0.76437473,-0.00979999,0.014791533,7.2359066,1.8537502,0.13360244,0.25689802,-0.014260912,0.46505862,0.061639465,0.013785467,0.0078077284,0.13515504,-0.0048980955,0.9139042,0.017799212,-0.0040720333,0.016587242,-0.004831641,-0.0058986247,0.9952491,0.975602,1264.8071,60.50868,356.38217,49.963882,87.22649,61.90194,0.0076013417,8.488937,12997.782,DICTIONARYBRUTEFORCE
23.89507,7.13927,73.15322,-1216.7598,0.02103029,0.15891473,-0.055291988,0.2647456,0.5506563,-0.059400566,-0.07040528,4.527548,1.9180338,0.61091113,-0.22611536,0.1683536,0.034932148,0.15877365,0.030523648,-0.018202927,0.16514477,-0.035659574,0.6486918,0.26548898,0.02892636,0.08498664,-0.0044177426,-0.038273204,0.9372902,0.9580846,-4214.048,59.636795,304.02597,-2.6328125,119.18164,3.0416641,0.017781014,5.7957306,15360.443,DICTIONARYBRUTEFORCE
25.797707,5.511981,98.45815,995.55225,0.011222804,0.12294123,-0.021282809,0.11471792,0.61430305,0.01073358,0.037425753,5.5007,1.0561541,-0.25481042,-0.05105177,0.036564514,0.4431076,0.06782523,0.05185289,0.016661596,0.08315933,-0.0065514864,0.7742908,0.18881492,-0.024832599,0.09406453,-0.017647296,-0.015739767,0.9434043,0.89801115,-2673.9316,62.961544,162.5549,166.79965,35.806557,172.86697,0.020447534,5.099327,-2125.6968,DICTIONARYBRUTEFORCE
32.692337,3.6225898,79.2306,6092.2646,0.049445644,0.060442265,-0.0008503604,0.10216309,0.91937834,-0.011478052,0.020628346,8.543188,0.78222746,0.19871897,-0.045816205,0.13148996,0.50986814,0.050247923,0.018878475,-0.022740956,0.12998267,-0.0055381237,0.9663025,-0.014113311,0.013712435,0.04211025,-0.012109521,-0.028068721,0.99994963,0.978972,-5268.215,64.57165,942.3462,149.0895,337.7161,163.58583,0.0059416164,7.6365433,165148.2,DICTIONARYBRUTEFORCE
20.035717,8.485353,61.6577,-1724.8066,0.0035984255,0.15405633,-0.00015468337,0.3112534,0.41593575,0.026631217,0.0127531765,4.1732235,1.584927,-0.1919166,-0.006935522,0.024210602,0.02847514,0.07119191,-0.025765173,0.00628334,0.14782728,-0.02810932,0.5912742,0.34732077,-0.026571158,0.07338046,0.009761689,0.008508124,0.9436327,0.9736639,-2577.5615,64.12342,507.47498,182.08975,171.99048,196.28305,0.014384296,12.528183,45531.426,DICTIONARYBRUTEFORCE
25.577574,6.7646523,108.79293,-2974.9395,0.006317189,-0.0048923693,0.029827712,0.23259337,0.8338966,-0.01794006,0.0047729234,9.14567,-0.17816791,0.07681831,0.03726956,-0.18835448,0.7717475,0.033203408,0.0040757563,0.035284083,0.10532227,-0.030381242,0.8202226,0.14042667,0.015751032,0.04821091,-0.028794667,-0.017930366,1.0291923,0.9581237,3083.326,61.334076,614.985,199.99149,227.58688,193.53946,0.010709346,10.288055,87787.68,DICTIONARYBRUTEFORCE
26.848267,5.146859,71.53072,2370.8906,0.07942586,0.03589416,0.020381248,0.10791774,0.8379366,-0.024564711,-0.01584179,6.660513,0.6156192,0.36611068,0.3645645,0.17351954,0.2176024,0.035214677,-0.0035859086,-0.01606504,0.15975383,-0.013229733,0.8166214,0.076646775,0.0032120384,0.098966,0.011715581,-0.03451112,0.9586841,0.96949345,-843.27734,60.10032,284.84686,103.18353,105.18294,140.74318,0.01046986,7.4696045,13894.481,DICTIONARYBRUTEFORCE
25.51884,6.2460275,62.473125,-670.34375,0.10965529,0.030226884,0.07226792,0.03239937,0.7761197,0.01113865,-0.059579145,6.993294,0.7765293,0.7286358,0.21744704,0.12919477,0.07085061,0.03359145,0.010637319,0.012070391,0.14184156,-0.0009200815,0.76006323,0.13054733,0.0071870694,0.050935205,0.021068763,-0.029225813,0.9329258,0.9703979,-77.56445,60.78608,89.174164,51.86611,33.82109,98.9705,0.0041752313,9.874191,-9720.859,DICTIONARYBRUTEFORCE
27.76824,4.6593046,62.009903,-1319.0249,0.0171733,0.15704277,0.027745947,0.18154377,0.7283382,0.024147835,0.042804252,7.7560887,1.6102148,-0.10490197,-0.10024221,0.1937043,0.1890751,0.05061865,0.017298535,0.0405,0.111826725,0.01533433,0.92965287,0.022129733,0.010671163,0.06453881,-0.021383699,-0.028760478,0.9225417,0.8993835,-3071.504,62.167496,224.26799,46.86591,74.24901,74.7433,0.010311907,13.281448,4793.773,DICTIONARYBRUTEFORCE
18.974934,10.469939,82.96332,3753.4343,0.09405606,0.06806987,-0.05748122,0.07280379,0.34650213,0.02330574,-0.059164423,2.30352,0.653537,0.35272467,0.0679279,-0.100540265,0.52086705,0.13862835,0.036622837,0.010601398,0.12761685,-0.062550575,0.39157203,0.5162808,-0.0034776563,0.106796555,0.046315435,-0.013715278,0.9296078,0.9298712,46.479004,60.6786,-154.21735,48.274303,-44.766678,105.16759,0.024450447,6.5971375,-27774.236,DICTIONARYBRUTEFORCE
22.976646,9.575565,95.507645,-72.53613,-0.011433064,0.048393015,-0.076337665,0.08664298,0.5180043,-0.01656858,-0.045841143,5.7327075,1.4493265,0.13665861,-0.35236093,-0.02652359,0.11964776,0.15926318,-0.0037999311,-0.030726314,0.17346369,0.057711802,0.44887972,0.48433545,0.03707597,0.064519465,0.053436927,-0.049523905,1.0242488,1.0142548,-5936.092,67.79709,355.4281,87.916504,169.44614,83.16737,0.011577871,7.4229584,42931.914,DICTIONARYBRUTEFORCE
29.221014,3.3772032,67.98253,2770.6956,0.02375081,0.3766508,0.035773836,0.23755975,0.6101487,-0.010906928,0.016467651,6.5294456,3.3557773,0.13631517,0.00563588,0.050899554,0.27210647,0.06151768,0.009951432,-0.03216324,0.1845825,-0.011533819,0.91627914,0.020783585,0.020523008,0.038743146,0.008052573,0.004118858,0.9953341,0.96289915,911.91895,62.38589,459.1358,187.43155,144.04012,253.43423,0.013422809,5.123024,64035.25,DICTIONARYBRUTEFORCE
30.296429,2.7394252,113.85359,-5983.5327,0.040748265,-0.032818556,0.04394945,0.32929897,1.1351107,-0.026095195,0.026374666,18.304373,-0.5030733,0.7901433,1.0318972,0.03612334,0.445206,-0.00047596637,-0.02249211,-0.029197272,0.12965633,0.00014917925,1.050581,-0.07304003,0.025072377,0.048424583,0.009346385,0.002742,0.94885457,0.92616564,-5544.0146,63.17702,338.24103,74.923065,100.11388,68.21659,0.015868332,6.1044006,5766.987,DICTIONARYBRUTEFORCE
24.249105,5.828797,106.237816,-6816.223,0.044923346,0.02010391,0.12500414,0.0750782,0.8044771,0.013555896,0.0011067581,9.560453,0.5499422,0.45358703,2.6667767,-0.03733375,0.57143813,0.07879005,-0.010935295,-0.021233644,0.06863555,-0.033809476,0.8020128,0.16115217,0.015857821,0.07627701,-0.019449692,-0.009264656,0.9837749,0.9546613,35.550293,62.33337,733.8452,257.0925,221.64117,227.1726,0.011603405,12.826408,68505.39,DICTIONARYBRUTEFORCE
22.674133,7.6726165,73.56639,-2902.4526,-0.026094042,0.21692705,0.005133662,0.10170441,0.4274064,0.0762279,0.016073925,5.067185,2.418962,-0.42637345,-0.08008793,-0.12423785,0.46474153,0.07229514,0.030648332,-0.035166726,0.14815035,-0.007716915,0.5829059,0.33061153,0.013788829,0.11339319,0.036409784,0.012853399,0.94351697,0.9059702,-2349.6719,62.04994,219.63724,90.89131,76.33862,110.85809,0.014584657,9.872177,30514.424,DICTIONARYBRUTEFORCE
35.278812,4.340814,85.84193,379.86963,-0.017350592,0.13457821,-0.0022314233,0.57759804,1.0155082,-0.023971409,0.001426544,10.720913,2.107884,2.361834e-05,0.16645953,-0.061373122,0.789633,0.040261902,-0.03851932,-0.024612073,0.15067057,-0.04647085,1.0960994,-0.0654946,0.04684819,0.020263214,-0.0439751,0.020542175,1.0246205,1.0278696,10768.6875,71.86575,2381.1936,972.9103,879.65967,998.83325,0.003521765,10.501457,777615.2,DICTIONARYBRUTEFORCE
22.087326,9.747463,94.07214,-1613.0186,0.0060329027,0.20622711,0.03400264,0.19285421,0.43668953,-0.016853668,-0.04108584,5.222953,2.407907,-0.027017381,-0.03444508,-0.16777605,0.54283094,0.15361542,-0.015631832,-0.05459015,0.13620554,-0.079806454,0.56809133,0.4432822,0.051445834,0.00345984,-0.060121786,0.016779622,1.057638,1.0223447,2527.0752,73.91945,2920.3599,496.0598,855.0458,526.5586,0.010811245,13.877541,674418.9,DICTIONARYBRUTEFORCE
20.933083,9.324077,71.19562,-2943.6577,0.017873785,0.034504678,0.015664848,0.30062795,0.5541913,0.037560422,0.00452338,4.70325,0.450744,-0.0011340156,0.09865566,0.046416447,0.139018,0.078825995,0.0022016605,0.012354193,0.123346835,-0.021782324,0.5838456,0.35376167,-0.012304648,0.023533126,0.023603335,-0.023870727,0.98086584,0.97705567,2653.1604,67.4083,488.46008,157.34795,150.31985,186.35867,0.009478496,15.71978,27228.955,DICTIONARYBRUTEFORCE
25.479292,6.918657,87.89514,7587.9697,0.06887826,0.04615394,-0.024946831,0.22434525,0.68722844,-0.017286383,0.008509261,6.4519167,0.6131482,0.36843973,-0.14598024,0.06692075,0.27167425,0.07660781,0.035210595,0.026704695,0.10236915,-0.0024876324,0.73572594,0.21488282,-0.010946156,0.05484892,-0.0062861014,-0.04218224,0.99573547,0.9845536,-3718.0596,60.05446,347.21182,48.24135,93.72799,61.376198,0.0064461655,10.4904175,10535.642,DICTIONARYBRUTEFORCE
18.82844,10.605429,89.30454,-10009.637,0.036018252,-0.034233626,0.015339121,0.22061191,0.5986862,-0.054938417,-0.01058797,4.5280576,-0.9040462,1.0600113,0.69382197,-0.51649475,0.88236374,-0.030792449,-0.08344721,-0.05525607,0.21411851,0.055945665,0.5710036,0.45150253,0.029349502,0.03921269,0.10966252,-0.05315647,1.014009,1.0002227,3020.5022,59.291603,169.7021,148.06204,95.018135,161.30731,0.008843455,10.716148,10600.389,DICTIONARYBRUTEFORCE
25.319994,6.041629,106.82416,2063.686,0.04427678,0.18464507,0.0008945307,0.06077492,0.5931864,-0.011652233,0.014285196,5.006015,1.3400807,0.032003194,0.050797485,0.07807305,0.28072044,0.10815478,0.064747006,0.02485744,0.07758005,-0.009923288,0.7335143,0.19093363,-0.0022492558,0.015711237,0.0510602,0.018384658,0.98944765,0.9460884,360.78467,62.453518,203.85379,99.18031,61.47999,140.13492,0.012386191,6.605461,5698.903,DICTIONARYBRUTEFORCE
29.020775,1.5809236,97.99603,28058.2,0.06975613,0.009657032,0.0023973896,0.5655287,0.9916545,-0.010981396,-0.05073205,7.7890244,0.1082002,-0.022330005,0.8868408,-0.034463655,0.55048704,0.009329029,-0.04413871,-0.005861651,0.12391783,-0.044483803,0.9803667,-0.1058222,-0.01766841,0.18111926,-0.014273629,-0.030181963,0.9482411,0.9449533,4530.655,58.81111,536.12195,213.99023,218.71402,222.92056,0.027242564,8.269119,84711.73,DICTIONARYBRUTEFORCE
27.478977,1.6055965,91.204185,20308.953,0.064297885,0.4102787,0.012290977,0.29395896,0.58604765,-0.052697614,-0.062868334,5.8375945,3.4262896,-0.01722544,0.14779867,0.18839043,0.0015000569,0.08654043,0.030163083,0.023732187,0.19931498,-0.011227516,0.9084207,-0.023553923,0.009981337,0.09657581,0.0518222,-0.0019016769,0.90089655,0.9339434,-802.8701,58.665123,303.2683,131.56975,88.69697,209.6453,0.027085027,-1.0948105,27899.8,DICTIONARYBRUTEFORCE
22.72836,8.139208,90.6614,-624.7002,0.0121658845,0.033813786,-0.012037797,0.3666773,0.6759831,-0.037413154,-0.013824525,6.420756,0.3758965,0.2391659,0.10040776,-0.0235149,0.38503096,0.05395598,-0.0016931491,-0.017297259,0.12904868,-0.036318634,0.7070302,0.2758733,0.013735136,-0.008348592,-0.021397583,-0.044033494,1.0412483,1.0044688,9181.655,58.814854,1562.1917,423.41336,600.06116,453.28265,0.0040923627,14.011597,379699.03,DICTIONARYBRUTEFORCE
30.013731,2.4503787,75.39201,6002.633,0.03570485,0.17694141,0.027509622,0.16138159,0.7413492,-0.0077566407,0.036334988,6.668161,1.3977219,-0.19837299,0.047058664,0.018009635,0.62474656,0.07863488,0.066903345,0.006872127,0.07530778,-0.0091171395,0.9137147,0.016610801,-0.021705719,0.11013425,-0.009888014,-0.026423728,0.93337464,0.88014764,-2049.0078,62.524483,227.6829,129.57167,92.960236,190.26985,0.021292472,6.2471313,47520.074,DICTIONARYBRUTEFORCE
29.553806,3.706162,130.87477,2872.149,0.053507477,0.05393308,-0.061374478,0.3952386,0.87579817,0.014508881,-0.017276268,9.354499,0.752849,0.48646733,0.137151,-0.2055605,0.8953452,0.009768008,-0.008721807,-0.020915622,0.19617148,-0.013574289,0.88466525,0.04148798,0.00012275064,0.058438107,0.02665722,0.0051541533,0.9866567,0.9893897,2859.0771,60.012646,861.8484,148.73279,307.099,172.42847,0.018168531,10.659531,283164.72,DICTIONARYBRUTEFORCE
14.960804,11.61006,100.6174,-3684.1143,0.005176896,0.16003467,-0.0015012454,0.33461753,0.23345584,0.014466224,-0.01787597,2.977114,1.8394039,-0.15662535,0.34322995,-0.031889886,0.020458376,0.14494233,-0.047698475,0.008688373,0.13574022,-0.057229772,0.38017464,0.5417919,0.013402011,0.042586505,0.010295114,-0.022834195,0.9916576,1.0016327,2115.0454,63.532707,717.121,132.94229,154.88159,156.62564,0.020459423,13.940765,38808.305,DICTIONARYBRUTEFORCE
25.924576,6.7393494,96.31705,14944.207,0.14920601,-0.013175442,0.016469477,0.1491573,0.72986114,-0.015713872,0.028525889,6.132951,-0.64276385,2.8245878,-0.019960824,0.19461578,0.15289055,0.08831124,0.017360887,-0.01467442,0.12884797,-0.014853261,0.67558587,0.20162891,0.003703069,0.03658486,0.030503176,-0.032696396,0.9986304,0.9817609,3782.7039,68.42675,387.28284,187.77501,117.85463,183.09573,0.01344236,11.111435,23630.139,DICTIONARYBRUTEFORCE
27.083893,4.907736,72.30011,26723.436,0.06108085,0.033721812,0.13094576,0.44266686,0.83625823,0.024183458,-0.0006759865,6.737451,0.1682598,0.11476167,1.5772061,0.20602919,-0.015028625,0.055526324,-0.023537276,0.045918226,0.1579473,-0.037009917,0.8594322,0.05969979,-0.029708212,0.053756442,0.027932469,-0.025763087,0.9689807,0.9906213,1359.998,61.606415,416.23376,171.44025,126.47526,146.5461,0.0071039787,10.05365,30486.064,DICTIONARYBRUTEFORCE
27.184711,6.45763,83.60654,-2397.983,0.046981588,0.25628716,0.042262107,0.2801715,0.59451145,0.0106291715,0.0021865545,7.113662,2.94003,0.5740198,-0.06552857,0.1729694,0.02043566,0.112863496,-0.014598526,0.019977221,0.14609812,-0.02538951,0.8307697,0.16607565,0.010430162,-0.02029636,-0.009241625,0.0038492028,1.0017419,1.0153215,528.4155,67.571236,431.1966,115.99987,129.954,151.83571,0.0077645527,11.864815,22588.475,DICTIONARYBRUTEFORCE
25.037046,7.759556,129.16823,-827.6494,0.03016179,0.02691232,-0.011060317,0.25121772,0.7453583,-0.013999515,-0.017993303,7.5597486,0.39807382,0.04026873,-0.048095062,-0.11114783,0.70486116,0.05743763,-0.03782778,-0.037929937,0.1312213,-0.07712511,0.7251095,0.23979597,0.019003185,0.025211256,-0.02703647,0.030334223,1.036281,1.0062469,434.04736,61.299583,1160.2972,337.0261,445.8376,351.3497,0.0052087964,9.57505,201144.23,DICTIONARYBRUTEFORCE
28.147522,2.7514691,63.864452,2641.234,0.10154174,0.17409432,0.027480086,0.17831264,0.78421146,0.029376691,0.008658221,7.9769993,1.9291518,0.49535513,0.06675257,0.23654424,0.060064532,0.052721124,0.014111131,0.024068292,0.13705823,-0.018090622,0.86084235,-0.03210519,0.00095307827,0.15203801,0.0041740295,-0.026435733,0.87807417,0.8722078,-6119.9746,61.22236,34.591507,-7.8879166,31.235165,52.19918,0.021038473,2.2543716,-5301.597,DICTIONARYBRUTEFORCE
37.12571,2.815453,94.58322,2214.8535,0.043901563,0.17485298,0.03078423,0.34082916,1.0606405,-0.013723662,0.06860704,9.456426,1.469526,-0.081653625,0.11027831,0.09280956,0.74581295,0.02300539,-0.00166093,0.058967024,0.10791598,0.004025176,1.1715338,-0.18405814,-0.023712128,0.053141244,-0.03974831,0.029487068,0.948703,0.96545756,3150.2556,68.73664,1068.4425,330.533,394.59775,368.1834,0.011590221,3.3755264,237837.89,DICTIONARYBRUTEFORCE
30.524185,5.8143644,65.826416,2964.3828,0.003928207,0.21153457,0.00517271,0.33513075,0.6795511,0.0041558123,0.00078298384,6.460785,1.8742805,-0.101153776,-0.107233115,-0.0988096,0.598239,0.0989474,0.028926115,0.033607118,0.13303743,-0.014585536,0.85437554,0.12774241,0.027099194,0.027314479,-0.016951129,0.04374007,1.0081382,0.9535169,-3067.088,82.104706,643.8521,232.32901,215.15814,244.9263,0.012182346,4.5555344,106315.484,DICTIONARYBRUTEFORCE
26.666397,3.970769,98.52313,-1763.9873,0.026213214,0.036875155,-0.02364261,0.45505014,0.77456003,0.048349068,-0.0053034304,7.0218306,0.34501418,-0.047711894,0.10465038,0.03646639,0.43710443,0.08751161,0.007663946,0.047857385,0.09952694,-0.04910346,0.8546734,0.08369316,-0.042131323,0.073749125,0.015885277,-0.040565617,0.9734381,0.9576409,3142.531,62.889732,373.41846,118.60063,129.0801,167.79955,0.025000995,10.625542,30096.29,DICTIONARYBRUTEFORCE
19.776075,8.767024,89.65584,-907.48486,-0.0021254923,0.036206443,0.027877834,0.15458386,0.54986244,0.0020491164,0.008460324,4.6256347,0.38167357,-0.07083531,0.51622516,-0.08700895,0.3991107,0.08027986,-0.0019979384,0.031227803,0.110992044,-0.011165183,0.60246086,0.33460522,-0.008026355,0.06440461,-0.0014433218,-0.029194064,0.9669297,0.94920146,317.3662,58.542812,206.04803,63.21335,75.52396,64.86406,0.01068416,14.230576,5285.9053,DICTIONARYBRUTEFORCE
25.987595,6.724098,63.798042,-1458.1157,0.047989793,0.0989564,0.02882052,0.2721723,0.6815001,0.009174015,0.042926766,7.349557,0.9934412,0.0028688833,0.110589184,0.12616976,0.115313604,0.0565893,0.009601595,0.021698806,0.13120255,-0.0042609405,0.7923634,0.13830796,-0.01933193,0.030585364,-0.004664827,0.0065484364,0.99052525,0.9744557,-2714.0488,66.0882,300.22418,71.25577,103.5127,85.30678,0.005540454,16.89331,4882.505,DICTIONARYBRUTEFORCE
24.404455,7.606151,118.00842,-4557.5073,-0.006196713,0.1273372,-0.0043756026,0.18669572,0.62613267,0.039372332,-0.03661263,5.9112754,1.8733006,0.32228714,0.24269477,-0.17247528,0.39805123,0.065633744,-0.03418671,0.003551175,0.20819652,0.04480887,0.684577,0.28610507,0.019898491,0.08656104,0.07539128,0.0024848431,0.9826983,0.9855509,-3509.5352,62.365814,135.72983,36.752605,26.87186,44.426655,0.010081244,8.84903,-7024.811,DICTIONARYBRUTEFORCE
27.80298,4.2676272,73.6428,21753.154,0.15216377,0.08702889,0.0076993876,0.45437127,0.8926497,0.00058603764,-0.0442731,10.269716,1.6572458,0.82941854,-0.048353802,0.14324886,0.11332593,0.0961594,0.037247106,-0.018743206,0.1742002,-0.0868865,0.92166185,0.012357176,0.049295504,0.097760916,0.011605969,-0.059057936,0.88852733,0.96522194,972.95166,57.879883,830.2039,237.46509,250.38708,277.63525,0.019320896,2.0191803,79610.16,DICTIONARYBRUTEFORCE
29.594337,5.477708,76.45521,-1418.2026,0.05078475,0.44321463,-0.007584105,0.27707097,0.5599655,0.016309021,-0.023318902,3.5198488,3.9585223,0.36454293,0.2459176,0.02529078,0.28545147,0.07441849,0.006440957,0.039713115,0.13287592,-0.0071175066,0.9244693,0.05207802,0.00897759,-0.022560406,-0.010110814,0.015170563,1.007007,0.9905361,5102.761,72.82948,222.85092,175.85062,50.86621,229.83667,0.009978364,5.129738,-74.43753,DICTIONARYBRUTEFORCE
24.776573,4.4109764,105.90844,-6395.3423,-0.044980764,0.022173135,0.03516365,0.22474585,0.85834414,0.020691484,0.023293689,13.314653,0.498898,-0.29312888,0.5804684,0.07386198,0.3592848,0.046853863,-0.04152214,0.02697585,0.115052946,-0.007992521,0.8400647,0.08705564,0.020188337,0.066829674,-0.011166147,-0.03668714,0.9454009,0.911623,952.6553,58.625877,1592.6019,253.56592,485.09125,244.06525,0.016392149,9.666176,270440.3,DICTIONARYBRUTEFORCE
19.92699,8.729715,89.231064,-10326.811,0.064884044,0.027072284,-0.015715418,0.2798947,0.4866264,0.057692375,-0.032097835,4.516479,0.9866483,0.9966909,0.02313206,-0.15749124,0.33860803,0.087061346,-0.027234873,-0.051159784,0.1607314,-0.07881996,0.4555661,0.5005955,-0.0073693874,0.035414852,0.058187623,-0.00016832724,0.9168308,0.9863152,-1513.7886,63.787376,147.51991,82.394264,83.47274,143.96985,0.026892317,2.2705917,-5334.759,DICTIONARYBRUTEFORCE
19.067348,9.407493,73.039604,2551.4092,0.049598735,0.12713312,0.058954377,0.02312562,0.42171702,0.041654922,0.024009423,3.1311913,1.2967192,-0.058483593,0.63059896,0.006611333,0.12681057,0.14093013,0.011695843,0.0061038835,0.114273764,-0.010131946,0.49259767,0.42095417,-0.01613911,0.08158852,0.027964152,-0.0030743796,0.9360201,0.9294198,-331.2998,60.766216,44.061523,129.70782,37.687897,148.26129,0.017429486,8.288094,8611.81,DICTIONARYBRUTEFORCE
28.567566,4.919815,75.36248,6338.103,0.04372284,-0.0050789607,-0.0028794236,0.14553355,0.95730394,-0.062176183,0.00091637485,8.513361,-0.81658494,0.13118148,-0.039503727,0.20249853,0.1899923,-0.04625631,-0.009444551,0.02743557,0.15361491,0.12676606,0.9034168,-0.057083335,-0.0036564749,0.13179435,-0.0023490563,-0.037869386,0.98570085,0.9569283,8781.059,58.461967,1134.6707,363.51584,514.20935,381.97,0.0056481585,4.205208,392205.56,DICTIONARYBRUTEFORCE
29.389088,2.856395,49.086395,100445.555,0.050893407,0.009057342,-0.005096204,0.30599505,0.9501488,0.037101585,0.0333107,6.1863694,-0.07849221,0.037498374,0.2200252,0.14979576,0.21487418,0.010883905,-0.067178786,0.0818259,0.20882908,-0.0215384,0.88405824,-0.11418723,0.020056868,0.29285586,-0.0159607,-0.078804106,0.86773515,0.8444531,-4124.6436,62.222702,550.3313,324.59424,172.9736,265.75864,0.011073951,2.1341858,46932.79,DICTIONARYBRUTEFORCE
18.843626,10.42222,67.26901,-1252.6016,0.012414948,0.091410615,-0.001133664,0.16170806,0.42005706,0.016498918,0.0015852577,3.883294,1.0687221,-0.009035532,-0.0329654,-0.0659837,0.32197142,0.10238577,0.014060494,-0.0067590037,0.10793004,-0.045151547,0.5108283,0.45697388,-0.011494059,0.05970069,-0.009072459,-0.0020947587,0.99008346,0.9537605,2783.8547,59.856617,482.63885,220.09273,170.75266,254.83667,0.009448064,11.349709,42918.832,DICTIONARYBRUTEFORCE
32.69688,3.9441438,86.95184,11134.832,0.077209935,0.04747757,0.029584428,0.18928899,1.0362486,-0.041172206,0.01525004,10.708124,0.82277924,0.3401509,-0.08313921,-0.008401805,0.7755484,0.05982641,0.020973943,-0.03961949,0.105667055,-0.10231629,1.0462618,-0.052732438,0.023207963,0.046559315,-0.03686065,0.0026066415,1.008714,0.94519764,-1851.7622,61.284348,974.1012,447.48245,362.44427,462.98117,0.0085297935,7.8537064,158864.4,DICTIONARYBRUTEFORCE
22.686722,6.740551,96.385414,6337.0825,0.03494672,0.1791901,0.011164871,0.316625,0.36141378,-0.024267662,-0.040959828,4.117235,1.5315367,-0.36024058,-0.005556755,0.015771365,0.04625512,0.124091506,0.005832161,0.019705378,0.14939448,-0.020667875,0.5664777,0.34914434,-0.003927464,0.096788764,0.017876238,0.019300975,0.88553417,0.91735435,-297.23926,61.71549,282.0177,117.45483,64.910706,181.61264,0.031072486,9.560539,11854.933,DICTIONARYBRUTEFORCE
31.660324,4.1683674,66.18194,-1642.6743,0.0020128489,0.0068857367,0.016440503,0.26324937,1.0513104,0.012518788,0.011938187,14.989798,0.039035667,-0.061627794,0.8558978,0.123843014,0.5820565,-0.011922181,-0.0038401457,-0.0057990104,0.1396604,0.019704847,1.0509295,-0.08036868,0.009048175,0.025476405,0.0019131927,0.0076213195,0.9844727,0.9608354,14842.958,63.440563,1658.9579,664.3736,639.56165,655.3863,0.0034661707,16.203598,431237.5,DICTIONARYBRUTEFORCE
24.255352,5.947001,77.30441,-419.26025,0.025936253,0.077246085,0.001298245,0.23726097,0.6841613,0.0006462919,-0.009364242,5.401994,0.76769423,-0.0074655185,0.28950697,-0.12979844,0.77332455,0.069323525,-0.0055904128,-0.011739795,0.10187908,-0.085112564,0.7897437,0.17206705,-0.026850708,0.07902989,-0.028567616,-0.0122600505,0.9736699,0.9541877,3941.2654,59.631626,827.1284,290.073,314.91882,300.84308,0.015367932,13.4423065,161902.84,DICTIONARYBRUTEFORCE
32.245758,5.9085827,108.962906,-811.63574,0.019957025,0.31766593,0.005418854,0.18887281,0.7289866,0.027693361,-0.015294286,6.940481,3.1933694,0.2387709,0.05724782,-0.2560438,0.96409047,0.04599757,-0.031887606,-0.027523598,0.17909764,-0.040676475,0.96259755,0.046993177,0.009879245,0.011565531,-0.017797891,0.015051199,1.047444,1.0333056,-2604.1514,66.30442,184.24188,114.231186,48.711555,113.04187,0.0058615417,9.1222,8481.429,DICTIONARYBRUTEFORCE
30.377453,4.7546015,86.14202,2752.4526,-0.020346988,0.015463145,-0.00402865,0.17988324,0.908128,0.0072038323,0.019311009,8.531839,0.6633029,-0.17733735,-0.010961703,-0.042592738,0.69402695,0.025959559,0.018707776,0.04673654,0.13749366,0.023423314,0.9317369,0.05284954,-0.008130966,0.065930046,-0.0032093283,-0.0016346946,1.01165,0.9416022,-4252.1924,62.53004,99.34059,91.094315,44.46201,79.095894,0.008102476,7.2025223,648.3877,DICTIONARYBRUTEFORCE
27.590378,5.645805,112.70598,-188.03857,0.06295857,0.32380277,0.036376923,0.2313206,0.5881293,-0.015033875,-0.0034272321,6.995687,2.810617,0.10709612,0.23097472,0.05067047,0.21057466,0.12198077,-0.015360802,-0.0082626,0.16395865,-0.018664055,0.8545402,0.09733485,-0.0150688635,-0.009604473,-0.008487468,0.01988494,1.0044398,1.0032539,2337.5376,67.28721,384.25375,79.392204,60.523045,121.7032,0.0106074335,8.054794,12217.271,DICTIONARYBRUTEFORCE
24.377232,6.9205084,91.06944,1694.3369,0.11024318,0.0017568168,0.0032665487,0.1696289,0.7489785,-0.05269991,0.0097211255,7.512206,0.050149083,1.1048796,0.4104266,0.12927788,0.3133316,0.058169473,0.00015008729,-0.04447873,0.13977794,-0.021351092,0.7435554,0.21107651,-0.0020884816,0.051327664,-0.038391024,-0.0315996,0.9985219,0.9674783,8239.286,58.168694,1673.0846,420.7994,606.8356,432.3098,0.008303557,9.966965,436490.78,DICTIONARYBRUTEFORCE
23.951082,7.236244,115.387924,-367.6787,0.031483065,0.016249714,-0.0017398666,0.31191793,0.71555376,-0.0023949244,-0.009889618,6.1653624,0.17354536,-0.031776402,-0.033253178,-0.036958948,0.44780445,0.07362063,0.021657964,0.035692357,0.10521475,-0.06941196,0.70639825,0.2385294,-0.017159192,0.058884375,-0.01717864,0.004567215,0.9942485,0.9671991,-333.12793,60.427464,380.13336,242.22586,142.28816,226.3335,0.010888086,7.2071686,24332.607,DICTIONARYBRUTEFORCE
28.355995,5.401593,99.55817,-1491.8232,0.08052355,0.017715776,0.006142431,0.43640906,0.86405146,-0.024997253,0.029007744,9.074482,0.4316737,1.5068107,-0.01512423,0.20962271,0.037464797,0.07761911,0.0074714557,0.014923301,0.1454647,-0.03323046,0.8657419,0.11291654,-0.009344839,0.002916865,-0.011188303,-0.009439885,1.0143151,0.9842577,2415.7075,65.840416,582.0525,205.72461,207.23285,204.68863,0.0061686295,7.596794,54328.594,DICTIONARYBRUTEFORCE
28.237146,4.4532804,85.40712,207.97119,0.040201157,0.3039169,-0.019248322,0.43038043,0.6498884,0.0030942513,-0.0160012,6.277936,2.5601447,0.08407506,0.18718228,-0.07385252,0.6560026,0.099290594,-0.011606085,-0.012849683,0.14488015,-0.044315144,0.93134606,0.05031951,0.0023197802,0.041292157,-0.02021158,-0.011410414,0.9992765,0.98174685,2790.2712,62.7331,599.9918,115.31888,178.77423,145.70386,0.017260583,7.081024,73551.625,DICTIONARYBRUTEFORCE
27.121054,3.9422889,116.45366,-1292.1836,0.13222438,-0.012026079,0.0008994993,0.40255743,0.89333636,-0.01265596,-0.0011710823,9.689798,-1.0496738,2.2642908,0.136709,0.09088123,0.31802008,0.019694373,-0.020171797,0.013175236,0.17024748,0.014773019,0.84218836,0.076225765,0.0029805233,0.04368976,0.010351691,-0.05150664,0.97179866,0.96330285,2876.485,61.79987,423.89716,94.6462,106.52479,109.52822,0.01681568,8.767258,19236.316,DICTIONARYBRUTEFORCE
29.915169,6.0084596,96.36636,2887.2852,0.0048778392,0.27600527,0.02317017,0.11793622,0.6206636,-0.0011074089,0.05893402,6.402824,2.5088594,-0.13837439,0.008705611,0.1286187,0.2767782,0.08679525,0.034109127,0.014852557,0.08886627,0.005674679,0.8573542,0.111995555,-0.03283882,-0.0071013016,-0.015994549,0.018494347,1.0192187,0.95285064,-1234.835,72.411896,757.0896,205.18338,289.60672,217.18594,0.007090925,8.634834,165532.81,DICTIONARYBRUTEFORCE
22.105545,8.115408,95.63675,882.74756,-0.001763152,-0.009757378,-0.036331486,0.29091403,0.6875706,0.0023028087,-0.010377136,5.8012447,-0.6141818,-0.1213377,0.109833784,-0.13886563,0.550194,0.018882709,0.013112582,0.057574663,0.085895814,-0.012869069,0.71649987,0.24919213,-0.025785688,0.06416046,-0.0039781956,-0.01194626,0.9617634,0.9440082,2080.8523,58.302677,-148.66867,20.463066,-35.183952,27.986618,0.012670232,9.038689,-43814.73,DICTIONARYBRUTEFORCE
24.311659,6.9761844,72.77302,1036.4028,0.07054158,0.002941938,0.008022896,0.15264575,0.66542083,0.016095748,0.02343762,6.351327,0.16543889,0.72745925,-0.13089506,0.12009569,0.10454799,0.094384804,0.03581359,-0.0024705194,0.13588569,0.009498823,0.67805064,0.25302377,-0.008626922,0.092329636,0.011239703,-0.00688754,0.99903566,0.9452261,510.77148,63.778885,499.31427,142.81734,155.61682,155.12193,0.010002647,10.424004,46248.63,DICTIONARYBRUTEFORCE
33.109344,3.809083,82.01812,1119.1831,0.033077575,0.0087441355,-0.004547483,0.30251035,1.0448093,-0.03022165,-0.0014635595,13.005205,0.23835899,0.5086656,0.06920559,0.002899468,0.7644462,0.04627062,-0.0038420362,0.033328228,0.1361092,-0.024476385,1.0379884,-0.04516046,0.027729962,0.038386762,-0.048687167,-0.047940426,0.98891544,1.0088258,10103.006,62.022633,2808.6008,632.5005,984.1935,663.62146,0.0061634392,12.136467,791468.7,DICTIONARYBRUTEFORCE
14.20998,12.540691,82.408806,-631.31885,0.02639489,0.14436796,-0.005339326,0.08733631,0.19229355,0.013117816,-0.010957988,1.6568184,1.1605309,-0.17589411,0.010398737,-0.056693014,0.0905059,0.13868918,0.036196675,0.00094001647,0.09272714,-0.03421878,0.30534726,0.62033933,-0.04608906,0.061949413,0.038895883,-0.00010021962,0.97663337,0.9786706,2101.5544,62.071705,515.55695,195.76906,179.03018,252.79407,0.018231658,11.760033,63513.605,DICTIONARYBRUTEFORCE
22.049442,8.267531,109.61474,-3327.8125,0.06852983,0.1625231,-0.017031899,0.38371035,0.54315746,-0.014781587,0.0068250415,5.0899234,1.6419015,1.2286938,0.12466718,0.02593998,0.13665722,0.11055886,-0.000118333846,-0.0045762397,0.15438439,-0.041386414,0.6862127,0.27709037,0.012689274,-0.002803828,-0.021297492,-0.004604645,1.0058358,0.9668086,1110.3223,60.903313,381.3156,93.44961,113.09565,114.87195,0.007183394,11.890717,6617.6597,DICTIONARYBRUTEFORCE
31.5847,3.2288625,86.20453,1649.9971,0.05868096,0.21785517,0.038677312,0.049872067,0.82346636,-0.0037742853,0.01163918,8.368349,2.5253632,0.1148047,0.20353027,0.13611905,0.42165518,0.09128904,0.021231528,-0.029616278,0.120734915,0.007889028,0.97452193,-0.027937388,0.009733796,0.048661597,-0.00017843209,-0.013108037,0.9684687,0.94459546,-2310.2725,63.496178,160.92287,26.050262,49.29145,32.99755,0.012140394,7.0158997,21237.701,DICTIONARYBRUTEFORCE
22.806683,5.4209776,98.76544,-2200.6958,0.021747053,0.07778578,0.09537142,0.25844142,0.70019704,0.039124865,-0.0061003654,6.3180404,0.9527338,-0.14218491,2.3000877,0.085319445,0.14837478,0.079748,-0.025768258,-0.0080461325,0.10870147,-0.04138012,0.75359607,0.14175363,-0.011488702,0.10299408,0.0056425575,-0.031343907,0.9561784,0.9408724,3316.9067,60.801655,1095.6646,267.30768,393.9053,258.56555,0.022414662,6.5003967,213767.86,DICTIONARYBRUTEFORCE
24.674978,5.71277,100.37185,17865.791,0.066900395,0.1258618,0.019288002,0.20933676,0.707997,-0.011380735,0.0029539154,7.38332,0.8546593,-0.07686263,0.009528789,0.13310087,0.1338401,0.057229303,0.02739056,0.012352983,0.10720465,-0.032276146,0.7981356,0.11064591,-0.006995598,0.04868221,0.001953817,-0.045654956,0.9677459,0.93851984,-2960.3994,58.229492,168.18958,97.627205,45.315296,121.27901,0.012262192,4.640579,-3990.7039,DICTIONARYBRUTEFORCE
17.60056,10.745463,85.431145,-2876.024,0.072025426,-0.0052138153,-0.005716048,0.17200044,0.4533734,0.0058265817,-0.0020848075,4.7939687,0.12042218,0.6056469,-0.026024863,-0.044693906,0.30886975,0.12568836,0.006818073,0.032629162,0.09834026,-0.0418425,0.46670246,0.48735383,-0.011753869,0.060041115,-0.013910916,-0.022123447,0.96473956,0.93684417,-2050.2896,58.803425,332.337,63.349716,89.7038,63.362106,0.014965724,13.378876,-226.65552,DICTIONARYBRUTEFORCE
26.088688,6.7242336,64.99526,11828.555,0.14606051,0.05767728,-0.022425288,0.29333377,0.64035505,0.01716282,-0.0021003908,5.390857,0.3200763,4.674515,-0.023067808,0.12977594,0.26535538,0.06889991,-0.043863766,0.010911845,0.17586237,-0.043854024,0.7078522,0.27357402,0.030524507,0.06213197,0.00054915436,-0.031341914,0.9591434,0.9885904,1558.8403,64.49351,118.01524,122.52227,25.806816,152.93898,0.013844387,12.69632,-15911.6875,DICTIONARYBRUTEFORCE
31.176567,4.0467434,77.04891,6571.8857,0.105578646,0.24812542,-0.019262698,0.5148391,0.7304379,-0.022151127,0.006064493,7.663227,1.6948035,0.33815247,0.0072180848,0.099499635,0.14313097,0.07204968,0.036191292,0.03154925,0.17477901,-0.008406512,0.93599963,0.026074048,-0.02070901,0.013701018,-0.04152994,0.016103659,1.0065659,0.9827834,3552.084,62.091057,1140.2637,202.15147,389.1239,233.84708,0.012353894,2.6019974,464159.44,DICTIONARYBRUTEFORCE
33.887405,3.8736012,86.1328,2192.8958,0.06358445,0.074781574,0.029303648,0.09749468,0.9756286,-0.01094589,0.0005786121,9.348661,1.1308513,0.15405463,0.02143398,0.042036273,0.7331067,0.050498568,0.01681117,-0.022994485,0.09947421,-0.020532027,1.0360116,-0.043043878,-0.019332657,0.02192922,-0.031953305,0.019328896,0.9908327,0.97298306,924.76904,65.63467,1447.1593,404.03674,566.57806,414.61447,0.010058164,8.942116,353921.4,DICTIONARYBRUTEFORCE
21.804335,7.6921587,100.47885,1329.5208,0.10510507,0.0031648476,-0.034252297,0.5206074,0.6637406,-0.01770853,-0.015939258,6.061277,0.13593048,1.077673,0.1527855,0.07413642,0.06504996,0.06844902,-0.015790539,-0.004845052,0.1593092,-0.039760698,0.6296857,0.31643736,0.006559042,0.07841723,0.0122163575,-0.03218957,0.9858931,0.969898,4537.728,58.88051,1115.8181,252.83755,314.78857,274.72968,0.014765952,2.564743,117147.17,DICTIONARYBRUTEFORCE
29.19634,6.804677,70.851006,66673.16,0.06911539,0.07495474,-0.011983082,0.30436674,0.77950346,-0.033091165,0.010311712,7.180676,0.21600871,0.4688723,-0.025482163,0.12242209,0.30166307,0.033234984,-0.022460561,-0.0329685,0.17059295,-0.008694249,0.8176019,0.1309289,0.018922113,0.029576983,-0.014089363,-0.029110618,1.0572566,1.0416113,8899.268,62.630836,1334.1992,465.86398,503.16965,480.46402,0.0011762979,10.894966,371431.78,DICTIONARYBRUTEFORCE
33.90354,3.2411888,96.354355,792.4514,0.116053365,0.007108636,-0.02253414,0.54203683,1.1796789,-0.061104096,0.019018635,14.655149,-0.2478942,2.14212,0.17998406,-0.073027596,1.0179579,-0.04967218,-0.011361422,0.0065181404,0.14769065,-0.028154531,1.1788889,-0.20730267,0.03573484,0.046465266,-0.051593244,-0.039292783,0.98802567,1.0397346,8248.394,59.351994,1683.4259,434.01202,609.2981,461.67755,0.004194885,13.23558,374443.78,DICTIONARYBRUTEFORCE
30.332157,2.0310802,70.35342,3532.5005,0.07741512,0.090425745,0.025416795,0.42604572,0.95669186,0.0005835708,-0.0088283485,9.144523,0.7078569,0.0432098,0.97489035,0.16350484,0.35872683,0.04703722,-0.015702473,-0.007276865,0.15198769,-0.0268423,1.0274208,-0.118630715,-0.020984665,0.09732786,-0.0010626251,-0.031957254,0.93891996,0.9610675,2395.5105,59.39406,1051.0967,159.46164,330.1676,191.32745,0.015850216,7.757477,191544.36,DICTIONARYBRUTEFORCE
21.55023,8.923652,83.330475,-5050.1724,0.024946816,0.05869913,0.005222112,0.20502506,0.5854534,0.012573804,-0.02906932,5.4661164,1.1402367,0.48612055,0.16511081,-0.08121461,0.54131037,0.13332027,-0.026107766,-0.035993796,0.13292077,-0.03483356,0.62898076,0.340256,-0.00418158,0.07317283,0.025391743,-0.032752052,1.0122638,0.98794377,4495.3584,64.68013,902.44305,320.7778,296.73807,339.3849,0.013146036,13.131363,109803.5,DICTIONARYBRUTEFORCE
18.457878,10.424627,96.78851,-1091.0103,0.08009219,0.12370896,0.013610654,0.18559332,0.3873742,-0.008559965,0.025924183,4.000043,1.2279704,0.3039174,-0.0040525943,0.085310996,0.024848988,0.13195275,-0.007157055,0.010091182,0.1333596,-0.019740574,0.48093396,0.44551378,0.0068398565,0.030605514,0.01093625,-0.01736334,1.0000837,0.97836864,518.44775,64.42686,796.9917,175.27908,254.51279,199.087,0.014890057,13.807327,89367.14,DICTIONARYBRUTEFORCE
23.449858,6.820445,64.50468,-3332.6763,0.08859715,0.15445189,0.03467747,0.14255948,0.5931229,0.0010751811,0.0008242787,6.1567073,1.9497521,0.73375714,0.12244601,0.13088566,0.07496331,0.092054695,0.0071722637,-0.03497737,0.15712762,-0.014177053,0.69085217,0.2115777,0.02560162,0.12508665,-0.0023801578,-0.026191048,0.92191947,0.9091891,-2737.0254,59.906193,379.45297,1.5005188,127.27528,56.741226,0.014779487,7.432953,31763.574,DICTIONARYBRUTEFORCE
24.839897,7.805818,104.33305,-1865.6172,0.026401004,0.027860051,-0.006750729,0.103034995,0.6984967,-0.023420444,8.8335946e-05,7.2563887,0.36338258,0.65855515,-0.15781423,-0.10896967,0.7064939,0.104236126,0.021063333,0.014943259,0.093801156,-0.04150162,0.72796404,0.25166556,0.017459601,0.047325943,-0.024699178,-0.027638301,1.0318677,0.9740799,1269.3643,62.086586,981.7243,271.84317,400.78857,283.3892,0.009868117,12.485214,211386.45,DICTIONARYBRUTEFORCE
27.949009,2.882669,71.056175,3240.2354,0.0058361143,0.06758924,0.029323671,0.46288487,0.7455741,0.043376625,0.008897108,6.600491,0.7506213,0.21729922,-0.033267334,0.15056352,0.015976042,0.1383881,-0.015902339,0.09486798,0.18883072,-0.017587563,0.8296883,0.04803909,-0.028202832,0.08755268,0.037615217,-0.028946975,0.9520578,0.9442234,307.24512,66.68584,597.4181,180.23676,198.99258,237.09,0.02693189,9.842735,66222.74,DICTIONARYBRUTEFORCE
25.564358,8.280613,98.47879,-3414.641,0.008738804,0.30598027,0.0058281934,0.17577998,0.4903977,-0.0007308868,-0.0283154,5.010739,3.189743,-0.13780633,0.04561545,-0.061146587,0.5106382,0.122533955,0.020154655,-0.0088366205,0.10686684,-0.068674035,0.7269271,0.24923037,-0.0010585506,0.00506107,-0.02150768,0.009128381,1.0387906,0.98087144,-2249.4248,71.05266,382.5838,139.07298,110.989334,175.25505,0.013224012,8.337875,15805.691,DICTIONARYBRUTEFORCE
27.926394,5.062777,79.03295,2083.716,0.02121005,0.020003526,0.022111861,0.24003725,0.8299202,0.033140883,-0.0057132845,8.09693,0.4332504,-0.14751974,0.0023871474,0.0822876,0.34811458,0.030136142,0.007100999,0.05132727,0.11463382,-0.00036239624,0.8720844,0.06669542,-0.030807048,0.075443305,-0.003878004,0.0046970416,0.9527713,0.9281286,-1158.5161,62.25145,-160.86124,31.291607,-48.947502,38.886036,0.01135683,12.142975,-42753.41,DICTIONARYBRUTEFORCE
28.112078,5.967889,93.2473,46892.43,0.00860189,0.44321725,-0.031218667,0.19199081,0.47121307,0.06224887,0.01264796,5.5091443,3.7791495,-0.1684055,-0.074606694,0.01237095,0.10774195,0.073301665,-0.0129790995,-0.0156754,0.16691199,-0.011960281,0.82981807,0.14271265,0.016974878,0.03613655,-0.02415137,0.0073512173,1.0396434,1.0406978,-2585.5898,64.08197,496.1511,151.6877,123.386765,185.03589,0.0026760865,5.4443893,39645.797,DICTIONARYBRUTEFORCE
23.673681,6.3295817,92.88206,-781.5039,0.0013892818,0.02826028,-0.023944374,0.25992694,0.69493246,0.003172969,0.0060104695,7.2697644,0.4543087,0.094908886,-0.013730766,0.07221499,0.29307184,0.07165414,0.013666991,0.04881025,0.09925085,0.011109481,0.72091407,0.201687,-0.02803007,0.06970721,-0.002073343,-0.059040528,0.9606748,0.94489175,-1602.9819,59.45762,422.15253,47.229435,134.76514,58.184177,0.016486062,10.869865,31363.338,DICTIONARYBRUTEFORCE
37.189068,0.9963331,61.00021,5803.68,0.08622124,0.21728079,0.03298457,0.40741807,1.0448922,0.0061137783,0.003207114,13.671495,2.3796072,0.6822249,-0.0439062,0.2725992,0.22000447,0.02627373,0.03773489,0.018020878,0.1980556,-0.0036916789,1.2398304,-0.26842263,0.03358961,0.07684016,-0.10144063,-0.0426294,0.94339633,0.9095185,2015.668,61.320427,1367.1243,310.91882,493.59378,338.83118,0.011142969,6.175888,498018.6,DICTIONARYBRUTEFORCE
23.933458,8.269412,69.72774,19321.043,0.07629817,0.14630535,0.021264272,0.15753582,0.5116967,0.016924053,0.018320708,3.9483886,1.1115952,0.55508614,0.0015935116,0.08204856,0.09415408,0.09864068,0.015106315,-0.0075048204,0.112514354,-0.0094027715,0.66278756,0.30796987,-0.015799098,0.023620121,0.016023276,-0.012729158,0.9880226,0.9677962,1213.7935,64.995705,253.53362,101.60441,67.48097,124.91478,0.008827038,13.927208,-4057.7527,DICTIONARYBRUTEFORCE
23.343563,6.839064,121.41299,-456.15625,0.035617575,0.10880373,0.00061494065,0.21119356,0.66296697,-0.04416702,0.021572825,5.9501357,1.0969894,0.4207054,0.20223357,-0.014306268,0.37919813,0.07676156,0.0013042893,0.0028136699,0.10791087,-0.02275781,0.707973,0.2082099,-0.020578347,0.06243894,-0.034986887,-0.0064645987,1.0110263,0.94736594,1624.6323,59.616253,386.85416,77.47951,156.62134,93.09096,0.013065083,8.560371,42548.13,DICTIONARYBRUTEFORCE
25.142906,6.5537763,70.75238,-3553.1333,0.045280267,-0.0068241055,0.015671479,0.15682004,0.73288023,0.0028628502,0.0025285129,8.125481,0.1076458,0.37154233,-0.15457042,-0.104669824,0.6484096,0.083350234,0.014923269,0.03142215,0.12426928,0.0010995101,0.7105022,0.21126448,0.009304536,0.08276889,0.0029460154,-0.043740332,0.9682338,0.9062043,-2367.0225,62.888065,92.27168,23.80069,58.056705,20.108688,0.017260538,8.389191,-285.48285,DICTIONARYBRUTEFORCE
31.93982,5.0911865,68.442184,184.84766,0.029684698,0.13251095,0.04781775,0.12669767,0.9312239,0.001566924,0.018309705,9.374231,1.6068437,-0.15525115,0.03628754,-0.013152815,0.6862412,0.0058952067,-0.02436037,-0.034847617,0.1473467,-0.046937443,1.0298365,-0.064309314,0.039172977,0.04394032,-0.04103902,-0.015476603,1.0212935,1.0031173,-549.16504,62.18627,361.0841,308.19635,107.06037,323.82483,0.0016042815,9.45858,17464.477,DICTIONARYBRUTEFORCE
26.896729,5.648388,74.2434,10001.361,0.026055466,-0.001776762,-0.0037275068,0.536859,0.857866,-0.014393579,0.013857914,9.864149,0.09684648,-0.051649775,0.009234975,-0.057926632,0.5217766,0.0125131095,-0.014151817,0.001695496,0.13009475,-0.057737716,0.8643172,0.09124531,-0.016237859,0.10230863,-0.062165663,0.008600432,1.0137448,0.96289843,-1756.1553,60.59615,436.00427,196.82909,97.67728,212.17207,0.009238542,11.411461,10950.961,DICTIONARYBRUTEFORCE
22.365547,9.728526,71.17774,-3054.1943,0.023966504,0.093670085,0.02058048,0.12532614,0.49392435,0.018038154,-0.02985134,4.509563,1.0710033,0.07893618,0.042075053,-0.06585776,0.33420908,0.09300068,-0.004128497,0.0062073814,0.1559435,-0.029429752,0.5682646,0.3783345,-0.02332447,0.06939046,0.008190362,0.003558509,0.9628193,0.953149,-848.3838,65.29787,-65.07358,34.665234,7.4310846,62.68313,0.009706255,13.917786,-19825.893,DICTIONARYBRUTEFORCE
26.746101,5.3165846,90.03642,-1942.3374,-0.00957176,0.070667855,0.009530123,0.37123582,0.7659014,0.017979277,-0.012525156,8.95239,1.062307,-0.24343303,-0.024604712,0.16859514,0.032904137,0.070615694,0.01797881,0.06649279,0.15173377,0.0030478463,0.82611364,0.11530652,-0.008654634,0.06379186,-0.0060011353,-0.010589649,0.9602822,0.9535682,-5242.164,64.64674,439.88025,55.391968,152.00256,70.86168,0.011442037,9.219116,35021.38,DICTIONARYBRUTEFORCE
30.409435,5.1356497,119.48398,-4138.9634,0.05547142,0.21863265,-0.0048560766,0.37935638,0.8470853,-0.0030223106,-0.029152203,9.500946,3.8599706,0.8857943,0.031132253,-0.07929995,0.66504365,0.06525731,0.0035155332,0.014945429,0.12880036,-0.02579581,1.0083438,0.009308565,0.029466914,-0.008419111,-0.055780828,-0.009093507,0.98431814,0.9725197,-2801.5322,61.676468,461.93256,102.11483,131.54543,127.88316,0.009376894,9.146851,19975.0,DICTIONARYBRUTEFORCE
19.12675,10.207763,67.59781,-7091.891,-0.0035084318,0.017799333,-0.0011355546,0.1842201,0.510954,-0.0023095864,0.020212458,3.8541043,0.15411569,-0.10142054,-0.01860374,-0.27872664,0.7281855,0.073586516,-0.015731348,-0.0018169405,0.13901892,-0.0009032665,0.52862173,0.4332045,-0.008250248,0.05241921,0.015835237,-0.032314874,0.9989219,0.9522428,366.98242,60.90515,159.2121,102.89748,81.11199,85.72862,0.009558856,15.694725,7637.3887,DICTIONARYBRUTEFORCE
21.632343,8.63397,66.52991,249.4331,0.0072500757,0.19097821,0.0046184612,0.17473362,0.4168553,0.00019797764,-0.021133784,4.049465,1.6570749,-0.21925363,-0.09895255,-0.059022848,0.3929586,0.107824266,0.05187851,0.010422942,0.1316801,-0.03767529,0.62026155,0.37126857,-0.02418273,0.027755061,-0.016051011,0.009997635,0.9924136,0.9580804,-1746.7197,63.08507,926.7789,214.56485,346.98337,256.9505,0.012884573,12.111061,208935.16,DICTIONARYBRUTEFORCE
22.470396,7.5910635,70.20972,-1359.603,0.028819062,0.061831083,0.014708841,0.17122914,0.6131244,0.011705238,-0.012495639,6.0035934,0.9908369,-0.10706252,0.20199181,0.024376787,0.3210474,0.0790213,-0.008661574,0.03966845,0.08602574,-0.06714048,0.6920079,0.22420749,-0.0112827355,0.1052757,-0.010189646,-0.0109979315,0.90991175,0.89991,-2845.0303,59.14383,-201.07144,23.020744,-67.36685,26.674408,0.014397716,13.043327,-67790.05,DICTIONARYBRUTEFORCE
33.457085,5.033279,84.204666,623.5569,0.14287592,0.11653562,-0.0031708344,0.2676889,0.9163104,-0.03553497,0.04390057,8.9769535,1.3171844,4.0092335,-0.12692463,0.3388638,0.13988887,0.051832214,-0.010671913,-0.015472328,0.16195513,0.009176632,0.962463,-0.0145294545,0.03611793,0.00434923,0.0035119755,-0.052127276,1.0256115,0.9773837,999.7451,75.40771,575.5559,232.04358,178.23279,283.33765,0.005107955,9.055077,48251.6,DICTIONARYBRUTEFORCE
27.371952,6.651096,82.2688,-25.510742,-0.035766847,0.18434782,0.056080636,0.17881551,0.6754836,0.038767215,0.0142197665,6.7165856,1.6151,-0.25043672,0.13283864,-0.004605772,0.5194974,0.08351934,0.011089319,0.05005499,0.09125082,-0.055683196,0.8406571,0.12140882,-0.0051726867,0.057955686,-0.033477258,0.048056126,0.99042803,0.95514303,-3278.794,66.118904,78.48166,68.78285,22.867785,89.09687,0.0054230257,10.272736,-6412.5903,DICTIONARYBRUTEFORCE
24.330118,5.754906,107.29877,-2296.1006,0.07389621,0.003075918,0.044136517,0.110505186,0.7909085,-0.0030594477,0.023860138,7.8876314,0.3118647,0.24745795,0.88709897,0.026180606,0.38617012,0.076346636,0.017394459,0.059618134,0.08207583,-0.05335092,0.806373,0.12371473,-0.020197991,0.08606337,-0.03143955,-0.0017375126,0.9543871,0.92325723,-986.7012,59.89057,-69.49448,42.75231,-21.729397,47.20205,0.0133328745,9.024704,-41714.76,DICTIONARYBRUTEFORCE
24.263542,7.4932747,63.918232,47966.664,0.055096313,0.14527982,-0.0033341628,0.14091742,0.57756364,-0.02449628,0.027095273,4.678252,0.7798969,0.03887658,-0.052582093,-0.009378403,0.3048818,0.08446613,0.03285396,-0.025426172,0.13008253,-0.024314683,0.6966814,0.25507626,-0.015557143,0.0576544,-0.01822947,-0.011476771,0.9940772,0.9518074,1658.3462,59.773502,736.27325,196.03296,280.3625,228.59116,0.0071900394,10.920418,168007.34,DICTIONARYBRUTEFORCE
27.839682,5.2259774,72.40796,-3290.877,0.053625897,0.08208925,0.07497166,0.16620296,0.86311895,0.003656777,0.014537804,9.584152,1.1509166,0.58813655,0.828753,0.052575585,0.42710716,0.05802861,-0.004189429,-0.024525428,0.14161348,-0.011026407,0.91756207,0.043276947,0.032937348,0.057951234,-0.023340972,-0.027643628,0.9506477,0.94486237,-1776.0483,60.883636,335.4376,65.8027,118.87881,96.418045,0.008128644,11.580414,20369.162,DICTIONARYBRUTEFORCE
21.120094,9.311151,90.5772,17040.734,0.01201637,0.019387258,0.011358619,0.010718322,0.5851782,-0.010527166,0.0038778037,4.8580074,0.25618023,-0.15355194,0.050360445,-0.07500087,0.48290458,0.06910148,0.0115667945,0.038792726,0.098611265,-0.028748067,0.6378679,0.3449324,0.004687188,0.07111106,-0.025975708,-0.015152616,1.0180295,0.98326355,-1630.8516,58.84249,315.01822,205.73874,112.63294,195.08206,0.0036519547,8.346901,18423.445,DICTIONARYBRUTEFORCE
22.96589,9.259936,76.011345,43458.465,0.028056167,-0.0063616307,-0.031168934,0.2768657,0.6503155,-0.013616131,0.0019843061,5.2159615,-0.065334976,0.27388746,0.028932959,-0.041308552,0.49811703,0.074602365,0.000919383,0.017815344,0.11582802,-0.02856958,0.65737575,0.3293534,-0.038263656,0.02995377,-0.025255587,-0.021008106,1.0336785,1.0085261,7459.808,60.493393,1272.3755,614.8655,466.85928,616.82477,0.004947409,10.5097885,266004.12,DICTIONARYBRUTEFORCE
18.619524,8.781527,81.14216,2050.19,0.0029447488,0.020131057,0.14632228,0.21375886,0.5129331,0.06948731,-0.013516452,2.1942816,0.32284078,-0.15674374,3.4979005,-0.081798166,0.30752912,0.09492186,-0.031562977,0.022657238,0.08457612,-0.05733996,0.56611055,0.3742518,-0.00093840994,0.12036431,0.017082471,-0.018234752,0.98368925,0.97169036,-2915.334,60.123173,150.55525,176.22806,68.75503,161.52097,0.013249299,8.320602,-4206.567,DICTIONARYBRUTEFORCE
27.225513,8.098573,110.05356,-1371.315,0.08292219,-0.0025905469,-0.0014985655,0.078175545,0.80699486,-0.04093647,-0.020030363,9.134463,-0.05047989,2.7111804,0.018090583,-0.1307249,0.8461776,0.06306852,0.0016975682,-0.035649087,0.129654,-0.060727216,0.7867299,0.18626872,0.026480306,0.025969312,-0.066086285,-0.037153143,1.0488254,0.994143,4329.714,62.22716,1436.6578,407.54553,582.31305,405.67517,0.008005788,15.864334,361185.8,DICTIONARYBRUTEFORCE
29.923796,3.9916017,86.802124,6977.8457,0.068636075,0.015856508,-0.007401356,0.28617898,0.92122334,-0.015068613,-0.0017699832,8.042785,0.10271311,0.296002,0.030143749,-0.050916277,0.7594644,0.026644085,0.029476553,-0.0023659924,0.09882655,-0.033758834,0.9362323,0.012584762,-0.018783562,0.068908095,-0.02446683,-0.032888405,0.97639966,0.9625848,-17.786133,61.466503,558.22144,134.54327,207.79526,162.39455,0.013048265,8.735535,87080.1,DICTIONARYBRUTEFORCE
34.497887,3.0883958,112.31927,14.196777,0.06338987,0.11921717,-0.03321854,0.54886603,1.0897702,-0.033180237,-0.017598627,15.898576,2.0402231,0.45940125,0.44850594,0.0056805415,0.7857392,0.052184653,-0.012422538,-0.007788087,0.1304313,-0.040743105,1.1545913,-0.1265661,0.023735788,0.053181104,-0.07651954,0.0226723,0.9952617,0.9656377,-4487.1855,63.011208,529.4501,76.49873,149.7685,106.61389,0.011697253,10.357666,15999.327,DICTIONARYBRUTEFORCE
29.560875,5.171873,60.78141,330.50098,0.021106338,0.18744074,-0.0011925492,0.3266996,0.7345428,0.013501665,0.005234708,6.237229,1.8419793,-0.044039007,-0.005768873,0.16126262,0.1275508,0.06671462,0.0077639655,0.033035804,0.1526803,0.00041303225,0.9023058,0.0379286,-0.00067031477,0.07493144,-0.00097203534,0.011411346,0.9351545,0.9466614,-1025.4858,64.47338,45.667404,85.84429,26.436804,108.92976,0.011228664,7.8071136,-13408.754,DICTIONARYBRUTEFORCE
30.658497,4.6191516,86.503975,4517.6343,0.054128617,0.15341406,0.0116083175,0.32040313,0.8193293,0.007739698,0.042151753,6.2114844,1.1667802,0.13494653,0.07802567,0.11389963,0.3333499,0.050737403,-0.005727173,0.030728346,0.12386922,-0.036219902,0.9644285,-0.01650007,0.004472146,0.05029047,0.018545412,0.021568317,0.9778679,0.9728163,-99.93506,65.01181,214.0397,124.33246,66.959656,133.73442,0.010360907,5.893036,-4545.6763,DICTIONARYBRUTEFORCE
20.911438,8.7269945,127.27019,393.8667,0.014317466,0.011710357,-0.049528148,0.28045893,0.5740909,0.0077488143,-0.009496317,4.916089,0.07195457,-0.051356636,-0.07444772,-0.08092276,0.46728918,0.09323797,0.025334451,0.045216635,0.09951208,-0.0023445347,0.6039263,0.36124185,-0.010534825,0.047902804,-0.00049981754,-0.009715789,1.0056531,0.9664391,1468.1582,59.840347,434.31793,138.94272,139.443,137.06056,0.012908421,10.06517,21941.607,DICTIONARYBRUTEFORCE
30.506638,4.588558,63.98467,-1219.0151,0.035100173,0.060985256,-0.023659097,0.37896934,0.88414055,-0.010146841,-0.03368735,8.516004,0.89009935,0.5792057,-0.0016582943,-0.10983779,0.8142077,0.066481054,-0.00094789546,0.035833843,0.18552238,-0.0024453225,0.92197686,0.025723806,0.00043165172,0.06546416,-0.0880291,-0.058462042,0.99652445,0.94166446,2824.5613,61.43232,1530.034,266.47614,567.9308,277.73984,0.013552489,11.798058,413507.88,DICTIONARYBRUTEFORCE
24.272068,6.8880653,75.92897,2171.729,0.07849309,0.025372772,-0.035598096,0.33640516,0.6630786,0.055188276,-0.021832958,4.9436517,-0.12588742,0.22504729,0.065140285,-0.081239976,0.70704955,0.052058976,-0.019305147,0.039156005,0.115992665,-0.00712261,0.7236673,0.21142603,-0.02446905,0.07392497,0.0052162493,-0.033528216,0.9913134,1.0150876,2342.0469,61.443493,185.05128,61.512825,52.161564,80.84329,0.01693927,12.361687,2271.052,DICTIONARYBRUTEFORCE
18.936523,11.9108925,91.294914,121.6626,0.10614411,0.22601728,0.03710282,0.015350214,0.2855661,-0.030787678,-0.0069705117,3.432472,2.0443144,0.5129332,0.19437134,-0.09386322,0.21553469,0.16377944,0.03514919,-0.009809904,0.08241046,-0.07058943,0.41076395,0.54929465,-0.026499832,-9.019743e-05,0.0038749771,0.009966808,0.9846205,0.9833965,-132.04395,74.058586,765.0386,284.76062,298.0796,332.41977,0.011419206,7.446121,143946.17,DICTIONARYBRUTEFORCE
17.95182,10.343153,89.482864,-1789.6982,0.0825977,0.07262539,0.0075046318,0.07602758,0.3863349,-0.009893758,0.0070034503,3.8413708,0.6646276,0.81038034,0.028634425,-0.009850007,0.39850867,0.12267795,0.00626442,0.006050649,0.10198995,-0.031257994,0.48195884,0.4726977,-0.021213837,0.010157736,0.0070751547,0.0033214316,1.0174901,0.9829399,4923.7666,60.500427,1375.6731,313.14795,496.36807,329.8368,0.010746634,16.878975,318469.6,DICTIONARYBRUTEFORCE
34.913174,2.788627,58.273083,60275.367,0.05203512,0.13099603,3.135763e-05,0.2963462,0.88831455,0.00039866485,0.0406577,7.2034936,1.0118035,0.26218352,-0.2465902,0.30790898,0.0122304885,0.08401427,0.008667846,0.058978815,0.14731117,-0.032705605,1.0258858,-0.092429526,0.0076877438,0.15848993,-0.04022374,-0.034512144,0.9264871,0.951633,-3769.1924,69.34409,133.20367,118.02518,48.541656,140.3371,0.015054881,3.6676254,-616.0482,DICTIONARYBRUTEFORCE
24.599094,5.311178,61.88715,14047.076,0.08543387,-0.024089137,0.015450759,0.05227796,0.7755445,-0.042211827,0.0012276648,6.450984,-0.98111236,0.40107906,-0.062238894,0.082835734,0.32873207,0.003228397,0.048745766,-0.025784954,0.119828045,-0.0009776279,0.73446345,0.11753119,-0.0043496117,0.10176195,0.017808374,-0.04955044,0.97826415,0.9418123,1115.271,59.013504,419.38446,107.02193,124.754585,127.622055,0.00887018,12.280273,46909.152,DICTIONARYBRUTEFORCE
17.33441,9.402079,61.60531,-2839.2153,0.027481617,0.025963936,0.12120568,-0.021995133,0.44070935,-0.01213645,0.023668388,3.3251562,0.62727475,0.044504367,1.846041,-0.012776259,0.18547188,0.0890581,0.008023404,-0.027998025,0.08854224,-0.011463192,0.5273218,0.41346684,0.011838946,0.11734873,0.0027986756,-0.0028231926,0.9534692,0.91277915,946.728,58.754406,150.90417,82.1488,69.10991,100.063705,0.00926109,18.614769,14633.248,DICTIONARYBRUTEFORCE
25.680151,4.26591,87.59019,-1367.7661,-0.016494986,0.29896584,0.028123405,0.50869364,0.6329711,0.018803135,0.008704014,6.50513,2.9138846,-0.32682952,0.27316672,0.1601462,0.04690729,0.069892734,-0.03781594,0.023605295,0.15878183,-0.05309595,0.8884339,0.023100546,0.013224168,0.044818968,-0.0012389245,0.013920905,0.95315886,0.9569198,1586.5288,58.561348,944.0043,213.7545,306.58978,225.77798,0.015335373,5.256996,136137.89,DICTIONARYBRUTEFORCE
25.683716,5.511903,62.0977,824.9785,0.06649511,0.12186666,0.046374775,0.29818746,0.7042093,0.006428317,0.020931141,6.4964356,1.2178447,0.0894724,0.5891535,0.15549698,0.09963762,0.06484662,0.0049505197,0.0036437856,0.13352503,-0.019778451,0.8240859,0.07002443,-0.013429522,0.07022555,0.025658146,-0.020455766,0.96925044,0.96330374,314.80713,61.597824,367.86957,61.415756,89.882416,89.538025,0.010350115,14.555717,9085.984,DICTIONARYBRUTEFORCE
23.178139,6.1567283,86.89199,-347.5537,0.08087556,0.1338858,-0.0097449245,0.40462312,0.6232548,-0.02650337,-0.004485522,5.735034,1.2408028,0.27848268,0.029555501,0.122526444,0.05398325,0.10530467,-0.012921413,0.04079225,0.13025796,-0.06712636,0.72559905,0.17990562,0.011337557,0.06352314,-0.012607513,-0.04060544,0.94461805,0.955253,4425.857,58.882412,577.82263,160.96796,189.81143,196.66501,0.019835088,8.357414,49622.195,DICTIONARYBRUTEFORCE
17.131777,10.888665,94.115814,650.1636,0.05966883,0.16635716,-0.0091488175,0.2208865,0.30132705,-0.028441481,0.0017775153,2.3415635,1.3115344,-0.0640841,0.026836602,0.019426031,0.07702648,0.11587278,0.005239481,0.029225957,0.1046031,-0.026556069,0.4281042,0.5139553,-0.025305346,0.005815327,0.016857745,-0.01214289,0.9894948,0.9736984,4065.3289,61.57695,1029.6744,300.27307,374.84637,327.39014,0.015232741,8.379578,218538.45,DICTIONARYBRUTEFORCE
29.210686,5.0617504,85.58948,-1140.9272,0.054585762,0.33542168,0.02434468,0.1716571,0.62647665,-0.024266688,-0.00492075,7.185711,3.2306018,-0.080088116,-0.014608948,-0.05157511,0.5828083,0.0773555,0.08831936,0.0032773428,0.05644094,-0.023070334,0.8899657,0.096708916,0.02714989,0.033734526,-0.011441665,-0.017503738,0.9822215,0.92985547,-4991.885,61.794617,639.70856,144.92145,208.7745,230.8346,0.014291586,2.5907593,105481.555,DICTIONARYBRUTEFORCE
29.671093,4.441597,107.82086,-622.0464,0.073240206,0.16918837,0.011587991,0.42548895,0.82797337,-0.008686124,0.03134181,10.952368,1.5261884,0.5670006,0.022684075,0.15316458,0.24314502,0.053190097,-0.0039323233,-0.024965819,0.14096966,-0.025408141,0.99965847,-0.02343099,0.02049405,0.0047341418,0.005712239,-0.016282486,0.9634145,0.9904589,2781.3699,61.801113,666.0209,211.65591,201.28891,224.86264,0.005742077,12.882149,65006.574,DICTIONARYBRUTEFORCE
22.687166,8.49695,124.82783,-2842.4922,-0.01736239,0.12655137,-0.008326686,0.4142305,0.66192096,-0.070400074,-0.040907346,6.9427667,2.0056071,0.41295063,-0.08546093,-0.09235386,0.33044535,0.10081203,-0.055863403,-0.039804414,0.1472839,-0.032554235,0.63087404,0.27732936,0.04212631,0.019648625,-0.025793284,-0.0060604513,1.0661613,0.98184866,7260.296,59.208153,1297.8947,294.921,467.41226,320.04657,0.01226242,4.6223297,233619.34,DICTIONARYBRUTEFORCE
17.805464,9.654104,128.91586,-6264.893,0.03818375,0.0013284943,0.010209958,0.33711794,0.55975384,0.029385788,-0.0017025555,5.830254,-0.17030144,1.0538716,0.24045812,-0.12007662,0.23028517,0.104790024,0.008470024,0.018202104,0.11628765,-0.0396968,0.53828394,0.45466802,0.029024633,0.0148499245,0.0040315604,-0.021669827,1.0153438,0.98830605,2166.789,61.66452,579.73267,139.63599,160.73737,147.41925,0.009298454,9.1169815,21553.72,DICTIONARYBRUTEFORCE
28.482117,5.1273575,91.96582,14016.896,0.005272152,-0.002675893,0.0028478983,0.5102286,0.86249095,0.0031334562,-0.008426912,6.362516,-0.57257426,-0.27619904,-0.13531788,-0.027863584,0.52080387,0.018916776,-0.005988856,0.045048125,0.10465472,-0.040547997,0.92963505,0.09309876,-0.0335138,0.085100375,-0.034935564,0.02127407,0.9854503,1.0255132,3510.7734,62.489285,1697.9534,549.6176,633.3513,585.6011,0.013458414,6.4899445,774584.0,DICTIONARYBRUTEFORCE
23.890387,6.908677,80.333405,3550.245,0.017728288,0.027814968,-0.004927893,0.07339745,0.7155949,-0.0054374,-0.003963418,6.1272635,0.55326945,-0.069455735,-0.104038425,-0.10119832,0.68754494,0.04701262,0.013160389,-0.0029293448,0.059778266,-0.037898388,0.7300884,0.22861414,-0.003989951,0.08574855,-0.015280695,-0.0029801577,0.9666784,0.9239543,2099.8538,59.319626,1171.6072,509.95145,470.5545,519.0451,0.012574219,7.7286377,250150.22,DICTIONARYBRUTEFORCE
28.770355,5.2868958,74.55309,-2728.4307,0.047912315,0.2820542,0.027140418,0.23571615,0.671335,0.0022211992,0.01709012,7.459622,2.6770115,0.105118826,-0.021173742,0.0664867,0.39933607,0.08499129,0.008258451,-0.011806613,0.1311882,-0.031522118,0.9207305,0.05597133,-0.0011981674,0.0027664716,-0.040995806,-0.0009331666,1.017477,0.9663028,-1331.3105,63.179546,1079.824,203.95706,342.62253,233.53644,0.0054063126,8.425369,166561.02,DICTIONARYBRUTEFORCE
23.63757,6.978956,93.15369,14177.154,0.1815005,0.0037104746,-0.019536853,0.45039445,0.7450022,-0.015570325,-0.032163166,8.380584,0.26690748,3.1792521,0.09910743,0.027187496,0.18240486,0.083393276,-0.0024963217,-0.005454109,0.12122233,-0.09172042,0.66377664,0.22891228,0.039876238,0.08063499,-0.003205398,-0.06705306,0.9407282,0.9869019,2089.7566,58.352585,712.47534,237.94562,154.7178,248.16458,0.015425209,4.4005127,23905.611,DICTIONARYBRUTEFORCE
26.884247,4.9568563,60.712894,2994.606,0.03840591,0.12505032,-0.012752278,0.29678163,0.7234324,0.05105041,-0.0058249966,6.2841816,1.0449761,-0.11502987,0.012598372,0.0638241,0.388545,0.05573684,-0.0014845701,0.0072102337,0.1086798,-0.03411241,0.8463282,0.07167078,-0.009720106,0.083513424,-0.001354008,-0.038273986,0.9688886,0.953768,962.7246,61.349335,981.0044,231.13708,348.20224,265.0296,0.019694602,7.456299,178827.94,DICTIONARYBRUTEFORCE
27.009346,7.0751314,84.153015,-3887.6733,0.05538077,0.24104457,-0.0071879006,0.18434201,0.5997444,0.015043402,-0.02886908,5.883287,2.4853163,0.11133029,0.11075858,0.0023630261,0.4446086,0.11702991,0.018676013,0.039418295,0.09568742,-0.03560618,0.80681825,0.19698368,-0.012257439,0.056856334,-0.015972733,0.012411488,0.9638458,0.94927764,-2230.1416,61.060196,-133.55182,43.496193,-29.330437,54.847282,0.012388909,6.870117,-46465.25,DICTIONARYBRUTEFORCE
27.820671,4.2339087,108.094376,5694.0527,0.05277507,0.06725926,-0.008069424,0.42162806,0.8518822,-0.012093998,0.012645585,7.1700096,0.3011076,-0.08748771,0.22717246,0.1824353,0.16468178,0.060807496,0.0008851988,0.046403237,0.15033576,-0.06001463,0.92490107,-0.0019554645,-0.03635868,0.0838447,0.011116787,0.008171679,0.9578675,0.97156596,2863.6199,61.042576,140.74063,146.29771,52.05147,147.57486,0.013705053,5.242607,-4939.659,DICTIONARYBRUTEFORCE
16.13373,11.815208,125.25783,3610.9907,0.09800843,0.016356207,-0.04660427,0.19374992,0.3513855,-0.04012365,-0.014852276,2.7478046,0.063809395,0.5074522,0.027276708,-0.15092723,0.4278693,0.12888618,0.012262567,-0.0046740333,0.10694529,-0.074396566,0.36923724,0.57277197,-0.024313975,0.07675764,-0.014513236,-0.008168909,0.9888452,0.9699491,3566.8093,59.703007,360.88824,150.25916,127.34504,194.09953,0.02127506,8.98867,21351.373,DICTIONARYBRUTEFORCE
23.894375,5.526921,115.78635,-783.8379,0.08119592,0.14421226,0.0011229352,0.33031723,0.6417496,0.022233201,0.017708339,5.506142,1.3421586,0.24609274,0.14854652,0.11780124,0.077834435,0.105447255,0.005966006,0.014585389,0.13716902,-0.037707392,0.74636674,0.17203715,-0.01594046,0.050355352,0.028191758,-0.022970084,0.9684604,0.9500543,4923.0522,60.706696,650.34015,207.67606,255.52466,248.9465,0.022718247,5.1119766,94106.93,DICTIONARYBRUTEFORCE
29.523678,5.4220886,75.05381,14201.291,0.099478774,0.12985888,-0.04425846,0.38043603,0.7175229,0.017940236,-0.0076683313,6.38239,0.8952739,0.9713136,-0.017827038,0.02901463,0.386613,0.07486097,-0.011129765,0.024613088,0.1319966,-0.022586778,0.81859314,0.1446869,0.016661046,0.014905732,-0.027256293,-0.016009385,0.9790642,1.0063634,1484.0005,65.822655,300.1254,122.74778,48.400223,174.58148,0.013904632,7.756233,-2181.0017,DICTIONARYBRUTEFORCE
29.723866,4.1411824,135.41461,-2699.1719,0.02644242,0.05254036,0.0054915342,0.2854061,0.9144479,-0.018976199,0.02028031,7.9368415,0.47561073,0.19527918,0.61245316,0.0080646565,0.6759297,0.06767285,-0.0033636438,0.030608866,0.10573937,-0.033157878,0.9757622,-0.011718401,-0.021364493,0.029193256,-0.030764371,0.017089685,0.99458766,0.9806559,2793.7058,63.892445,76.82808,55.82549,44.099438,35.628704,0.011374358,12.526024,-2489.4146,DICTIONARYBRUTEFORCE
20.090158,7.729912,103.26945,43629.234,0.09061136,0.23649643,0.12045737,0.006747269,0.46172428,-0.07280721,-0.019628452,3.648439,1.918711,-0.2447817,1.0557919,-0.09405691,0.0895468,0.13466893,0.052480813,-0.013185598,0.08753184,-0.012129693,0.63428587,0.2527443,-0.025294617,0.068024084,0.06713614,-8.252449e-05,0.9947034,0.891871,333.50098,58.47719,414.38892,220.37056,183.4477,230.44907,0.020587066,3.5900574,77098.945,DICTIONARYBRUTEFORCE
21.967945,9.614196,65.543625,1112.4075,0.044361483,0.040870804,-0.0021240814,0.0068252846,0.548701,0.023360291,0.022364678,4.9279532,0.7208055,-0.017068755,0.03625171,-0.016057493,0.267328,0.061584968,0.011214843,-0.049078796,0.121026605,-0.03772706,0.6138584,0.34171402,0.018409556,0.07949319,0.004756474,0.009352233,0.9911777,0.9416189,2362.4753,60.883575,355.5741,245.86514,160.9256,277.93756,0.006758063,13.074921,57730.73,DICTIONARYBRUTEFORCE
31.717651,3.8768866,119.9718,936.15186,0.010011223,-0.016308315,0.022778552,0.2185324,1.065283,-0.050857257,-0.0071664546,12.030562,-0.80226296,0.10175088,0.018675117,0.024276685,0.6872597,0.018811863,0.01575785,0.03293304,0.12658471,0.0058418605,1.0410167,-0.048951756,-0.00060976483,0.021203168,-0.01691757,-0.02457585,1.0375288,0.9795043,2177.1418,64.51486,1096.6589,293.09897,426.2033,292.3638,0.005325924,6.459015,238452.78,DICTIONARYBRUTEFORCE
15.788731,12.136755,74.7677,-2238.6143,-0.017398052,0.060715087,0.03375765,0.06296217,0.3044696,0.014180094,0.0060730055,2.8473158,0.76835483,-0.21545032,0.066732086,0.030293902,0.02079883,0.08914803,0.014292428,0.04000306,0.12159779,-0.009164828,0.40613163,0.5707796,-0.020960905,0.058117263,-0.01483367,-0.0054488145,0.9865961,0.96115303,-749.61816,58.777798,180.76843,143.70183,80.10271,154.66779,0.0052493727,15.163559,1534.7422,DICTIONARYBRUTEFORCE
22.697123,8.990789,96.07994,-4712.405,0.037855927,-0.01651256,0.029948257,0.10682142,0.75998384,-0.07380777,-0.10000652,5.6238356,-0.8420896,0.76656944,-0.04126176,-0.6020871,1.1517663,0.0027892832,-0.11250944,-0.052382912,0.18323572,-0.017303135,0.6659086,0.3780442,-0.0040496537,0.025679654,0.043586433,-0.014442772,1.0193123,1.0462425,-1252.4048,63.132217,250.37735,148.93478,112.70282,137.22224,0.009495899,9.124695,25846.559,DICTIONARYBRUTEFORCE
26.682478,6.5329113,114.26718,-4412.481,0.027224988,0.027448276,-0.009781675,0.417615,0.8261868,0.033516604,-0.005861174,9.170684,0.6351067,0.65241265,-0.097178146,-0.10278114,0.6404271,0.09791674,-0.01068937,0.0017583743,0.12282323,-0.047048047,0.8346682,0.1855727,0.0028146803,0.036777865,-0.025901098,-0.028971124,0.9812062,0.9781226,-504.77783,63.900284,1245.3386,305.9525,431.6005,306.1423,0.0149438195,6.9400177,204265.72,DICTIONARYBRUTEFORCE
24.718142,8.78698,89.22995,45214.465,0.10494229,0.10606567,0.0077687385,0.064851075,0.5836736,0.0065494557,0.009973749,6.256624,1.0169635,1.0708894,0.06857715,-0.044114497,0.4140606,0.101171464,0.016095562,0.0023101876,0.083735205,-0.028455725,0.6604048,0.29745588,0.0068690395,-0.0068015233,-0.005425769,-0.006834697,1.0243726,1.0262132,-508.2202,61.823223,136.82968,41.544956,31.92318,43.42061,0.004875372,12.774185,-4206.302,DICTIONARYBRUTEFORCE
29.573763,3.002635,127.42822,-251.77881,0.06270309,0.11029688,-0.02087475,0.40659323,0.8939376,-0.05023773,-0.009135922,8.557454,1.1629562,-0.053195715,0.22570467,0.07183872,0.46678898,0.07059613,-0.03994272,-0.013637848,0.12902704,-0.027298562,0.97073805,-0.02256674,-0.022622786,0.05099602,-0.0050561316,0.012997918,1.0097319,0.97816235,4766.928,62.6103,1095.4961,262.90897,360.97903,268.81076,0.020022444,9.560303,183460.61,DICTIONARYBRUTEFORCE
16.088543,11.699303,97.71571,-159.70068,0.04853923,0.114747934,-0.00066423556,0.030336058,0.27949265,-0.017168684,-0.01269029,2.0928013,0.9770084,0.12961975,0.048019633,0.017335622,0.12531215,0.141423,0.034375012,0.012287045,0.08859746,-0.018436937,0.40628636,0.55955976,-0.028734116,0.03556876,0.021480741,-0.0053927302,0.99757653,0.9890755,674.0991,62.21934,294.70712,103.25376,93.368645,121.094696,0.012257525,14.434227,14871.577,DICTIONARYBRUTEFORCE
25.404305,4.5549498,87.04231,1641.8745,0.14450887,0.007461063,0.009238396,0.3441988,0.81011975,-0.029982466,0.013721919,7.111274,-0.11885294,2.2331998,0.37839144,0.09198582,0.17546558,0.04811175,-0.028213123,-0.038805034,0.20096019,0.006883177,0.7956292,0.12776671,-0.0018093153,0.053965505,0.016332684,-0.047466908,0.96105427,0.9780076,6652.701,61.569286,703.84375,184.73547,218.36154,202.00797,0.017366635,8.08786,103385.18,DICTIONARYBRUTEFORCE
18.155907,10.044197,116.96818,-5122.5435,0.038163304,0.050581235,-0.031304426,0.25823742,0.45983145,0.029919751,-0.00814655,3.7425091,0.5973739,0.5268756,0.23652136,-0.022902139,0.20930071,0.12870218,-0.017079115,0.037191242,0.095658585,-0.029092235,0.4752142,0.48367995,-0.0020859786,0.044494152,-0.007932064,-0.022013923,0.9604622,0.97353506,-1285.9814,60.26657,229.6764,23.946945,67.98892,23.750076,0.017458238,10.261406,-18785.05,DICTIONARYBRUTEFORCE
17.424797,7.3420753,106.788605,-3320.2046,0.050324924,0.07199984,-0.010539294,0.36691386,0.43267372,0.008392827,-0.02288786,2.7657835,0.54948217,0.20532092,0.4537818,-0.028821144,0.15613806,0.13583484,-0.027898341,0.017821481,0.14677455,-0.070961505,0.5385003,0.39559594,-0.0076641007,0.09788391,0.023616662,-0.022684084,0.919488,0.9496439,5170.947,57.852226,374.9665,135.13536,142.68674,176.15485,0.026328979,10.159729,31744.365,DICTIONARYBRUTEFORCE
27.374205,7.712186,93.10015,5392.1133,0.010303761,0.03814198,-0.05111011,0.041105893,0.72631,0.0009998336,0.02840307,8.450159,0.77091694,-0.16582005,-0.0673201,-0.12914236,0.7704982,0.06545001,0.009340359,0.004143603,0.1087745,0.016670695,0.7422166,0.22390889,0.040389165,0.11886698,0.0034157885,-0.024509372,1.013488,0.9698305,-1962.0259,61.788326,168.78087,145.42068,109.465454,135.98218,0.010242947,4.864044,36946.383,DICTIONARYBRUTEFORCE
22.28674,7.4637513,114.96708,-4412.277,0.00031713396,0.22762232,0.025644759,0.38280034,0.5295307,-0.020854652,-0.0028518145,5.5114036,2.4944134,-0.025458787,0.095054105,-0.06750309,0.35119715,0.12752253,-0.008372761,-0.012027956,0.14585494,-0.04058927,0.6928775,0.27580714,0.0040389714,0.011367831,-0.0018161535,-0.0022812653,1.0117247,0.9686918,4110.4326,63.594547,1387.231,347.76758,487.10522,355.17676,0.014158471,12.588333,276513.0,DICTIONARYBRUTEFORCE
18.121717,8.441517,99.12027,-2558.045,0.058905356,0.017827723,0.0022079446,0.33682805,0.4839652,0.012474217,-0.011548616,3.2198403,0.15938489,0.092208125,0.8989934,0.033772696,0.15783298,0.11503577,-0.016455075,0.04029022,0.08877222,-0.085311785,0.5409108,0.3804818,-0.010398501,0.120516986,0.008004251,-0.014953919,0.9641592,0.9845989,1619.877,59.05822,265.0773,153.09291,91.57217,170.4711,0.019478453,10.808479,1645.3076,DICTIONARYBRUTEFORCE
30.83963,6.91869,83.89486,3434.3691,0.12576765,0.356972,0.032608688,0.076898836,0.5856113,-0.05002178,-0.049012896,5.7785153,3.0921416,2.3134315,-0.11461626,0.22806153,0.11854046,0.10614536,0.010830186,-0.051618997,0.16862987,-0.008395136,0.8360576,0.15244304,0.047070604,-0.06601801,-0.023339659,-0.013942242,1.0499811,1.0304035,301.26465,83.022736,1123.8729,316.66306,328.50922,394.08182,0.006859753,4.4963226,163509.14,DICTIONARYBRUTEFORCE
33.579525,4.240468,64.30314,3105.9824,0.07143074,0.013154998,0.0050757336,0.14656141,0.9782448,0.009136535,0.015363731,9.035155,0.5810759,0.44796613,0.009726136,0.10105258,0.6605615,0.021063846,0.03102543,-0.037416782,0.1370725,-0.022498097,0.994316,-0.054419704,-0.0069824336,0.081705704,0.006502713,0.012692599,0.9860022,0.9442842,11694.039,61.90976,1862.1249,651.37616,722.33453,688.12726,0.009716789,7.6755676,756711.56,DICTIONARYBRUTEFORCE
26.153873,5.590013,81.02714,1326.7742,0.05234451,0.34136447,0.006859908,0.20681246,0.50117964,0.014465549,0.015735973,4.9891105,2.9434009,0.09929569,0.0065712444,0.12040144,0.070592135,0.07285037,0.000480311,0.022018611,0.15746646,0.019123781,0.802118,0.1300368,0.004867986,0.040769838,-0.0076745492,-0.008187563,0.9768153,0.96974295,-1487.3755,61.427967,324.27274,53.985023,73.87816,71.353195,0.01002237,9.204292,11938.842,DICTIONARYBRUTEFORCE
18.535297,9.03372,88.72956,-3133.5571,0.036017183,0.15930434,-0.011172695,0.21307598,0.36944383,0.04740733,0.0013109855,4.481657,1.4771953,-0.23766333,-0.005002301,-0.0070940373,0.13023424,0.10806703,0.013670209,0.011431336,0.12466493,-0.011152871,0.5148703,0.42728177,-0.018508967,0.09004241,0.015035506,-0.017887648,0.9308547,0.91174024,-1159.1309,58.57217,545.86804,113.13626,201.00653,155.7817,0.020113686,4.041481,69367.64,DICTIONARYBRUTEFORCE
29.152258,3.63071,124.068985,4754.478,0.16590156,0.2902106,0.03220611,0.30406606,0.77255815,-0.11699629,-0.01747474,7.4911313,2.7503767,1.1013075,1.0480398,0.09415918,0.3474542,0.10199427,-0.008874581,-0.054852605,0.15404706,-0.02479132,0.9650932,-0.03954896,0.027709892,0.040429637,-0.053695858,0.0035465322,0.9583442,0.97935736,5288.155,58.867138,1481.4575,291.69452,485.27917,325.50555,0.019661497,5.106514,294511.2,DICTIONARYBRUTEFORCE
22.591032,8.108729,74.29781,13417.439,0.030060448,-0.006836928,-0.003846276,0.26827213,0.6594212,0.0148862675,0.00045011519,6.962122,-0.501259,-0.18484986,-0.14223026,0.01775118,0.25209448,0.03700082,0.02092525,0.035500493,0.1287585,0.0048690615,0.70417404,0.2809002,-0.004042608,0.06385407,0.001845439,-0.012326873,0.97758394,0.9673056,-2148.712,58.241207,419.29175,138.3482,107.23123,147.95908,0.0058468627,8.628578,12749.356,DICTIONARYBRUTEFORCE
20.874708,10.125122,112.32897,4534.193,0.025834594,0.031919092,-0.0425788,0.121276155,0.51277,-0.004274203,-0.024198962,5.0200524,0.77086556,0.47814146,-0.12622453,-0.22379667,0.547985,0.06267746,-0.0069731707,-0.034371283,0.17367035,0.006796764,0.49317923,0.45287785,0.046717968,0.062460992,0.0059551606,-0.022408124,1.0319837,0.99050415,4110.6113,59.405476,1653.3795,298.56497,575.7213,316.60733,0.01304287,10.764633,435531.38,DICTIONARYBRUTEFORCE
32.37521,3.734161,83.50589,-1439.7393,0.0778664,0.14412065,0.029039465,0.37310395,0.9533949,-0.0047114342,0.012028119,8.888529,1.4308722,1.1181222,0.25536364,0.065502584,0.589024,0.058351256,-0.0029122503,-0.023776434,0.13490653,-0.0067999214,1.0618578,-0.0803483,0.03773761,0.015443902,-0.018899519,-0.0011867471,0.99939376,0.9943081,5586.0977,65.25449,844.27814,286.12714,316.0234,322.32117,0.0068264785,12.560707,143517.61,DICTIONARYBRUTEFORCE
23.112713,5.4745226,105.256744,914.5381,0.041775607,0.035756875,-0.003971306,0.088571966,0.6937893,0.0001298025,0.022763982,4.838834,0.15157068,0.09564493,0.63254845,0.05937792,0.3613611,0.10525766,-3.666617e-05,0.014780184,0.11721806,-0.005062325,0.71488076,0.18017425,-0.04055247,0.11498705,0.03292891,-0.037983276,0.9737041,0.95986426,3755.9338,62.37625,396.26804,163.07468,142.00368,157.74884,0.01992978,8.222832,32855.3,DICTIONARYBRUTEFORCE
27.460327,4.400266,75.99904,8.388672,0.035478916,0.34267148,0.033710428,0.20787497,0.59893733,-0.012567303,-0.016750889,5.610718,2.6987517,-0.225735,-0.017630417,0.057522263,0.2818422,0.046393834,0.051708218,0.001498945,0.11480127,-0.009637819,0.89852977,0.05458171,-0.0020070304,-0.00035431003,-0.01361252,0.0027928967,0.98417723,0.9420217,1040.0903,61.109936,989.5897,284.7545,362.16647,322.8517,0.0125407465,7.266182,217002.12,DICTIONARYBRUTEFORCE
30.188793,5.525614,66.07207,518.07983,0.049318396,0.019410903,0.044742405,0.48385093,0.9365798,0.068287365,0.037185233,7.572579,0.12480092,0.064904384,1.095938,0.08066819,0.18828548,0.03743376,-0.058423433,0.123096734,0.15266149,-0.0614456,0.9472047,-0.026831256,-0.051396616,0.096012264,-0.029743109,0.017484728,0.92213655,1.0099046,4595.409,78.58855,191.01614,238.49481,19.857578,210.47223,0.008701954,5.9430923,-25561.295,DICTIONARYBRUTEFORCE
33.305687,1.8251944,86.39383,5943.4307,0.07915868,0.020124944,0.086184,0.263364,1.0998763,-0.032158565,0.021085616,17.23393,0.2880806,0.31190675,1.6732813,0.18356526,0.57541347,0.0015051384,0.01707166,0.0105622355,0.11318136,-0.0116852755,1.1269385,-0.15528035,-0.02521863,0.060008183,-0.007127006,-0.0031558983,0.9714503,0.9633938,2047.7935,60.911606,1127.4177,268.93533,450.2778,253.43634,0.008959065,12.669151,257832.22,DICTIONARYBRUTEFORCE
14.904575,12.357219,96.71343,494.30615,0.054760907,0.027231691,-0.03386159,0.20939068,0.29755247,-0.01362287,0.006736978,1.8514096,0.03161169,0.57306683,0.018437147,-0.06901275,0.23048978,0.1355499,-0.018957945,0.03837759,0.114063255,-0.041955695,0.30991647,0.6109562,0.0009043887,0.0676267,-0.008770259,-0.041041926,0.9793307,0.9774817,5895.8647,62.592934,273.3613,118.27501,77.70529,153.94284,0.021990832,13.435951,1109.8259,DICTIONARYBRUTEFORCE
23.611895,6.9938965,94.23368,-4907.0327,0.08079716,0.040700357,0.03455865,0.21348988,0.68658745,0.008460337,0.026054597,7.3162417,0.8429842,1.0492333,0.19493969,0.20000435,0.058779474,0.094427645,-0.0036554923,-0.00084764324,0.15085159,-0.02396647,0.7036322,0.22939973,-0.0077143214,0.057259537,-0.0037666457,-0.022903178,0.96481353,0.9430891,1492.6445,63.56688,699.21686,164.5376,257.00317,178.89812,0.016979497,12.76329,108454.586,DICTIONARYBRUTEFORCE
22.207176,8.424332,65.98119,771.82837,0.098666295,0.029236678,0.059702933,0.16001551,0.66260606,0.020511819,0.004209068,6.8060684,0.6789225,0.6906893,1.5799235,0.03650739,0.12981369,0.051111065,0.006167507,0.014931366,0.15381469,-0.04680659,0.6590924,0.25235897,0.01969008,0.07872933,-0.0015630666,-0.015294138,0.90707314,0.9472841,-5052.6377,59.26336,185.854,64.96447,63.270184,69.49634,0.012059171,10.983879,-8269.865,DICTIONARYBRUTEFORCE
18.914633,9.101625,89.24195,2481.315,0.023706349,-0.0022089398,0.0559224,0.28148988,0.55557513,0.059690468,0.012123235,4.114423,-0.15295923,-0.07701659,1.0277436,-0.02923716,0.26834974,0.09711311,-0.05056588,0.04217028,0.086758584,-0.036461182,0.5811641,0.3334168,-0.009063946,0.10969136,0.016518535,0.016780669,0.9986169,0.99026644,1139.0371,60.04596,254.16928,161.62704,83.61196,139.4418,0.008967795,9.731621,-293.21857,DICTIONARYBRUTEFORCE
24.079117,3.4336967,94.06332,2430.0244,0.012570544,0.07611504,0.032613702,0.24268675,0.66073126,0.0059954524,-0.057303533,5.7067156,0.52759653,-0.30523837,0.123157814,-0.06550557,0.48996684,0.02471884,0.057458635,0.0751613,0.07749906,0.015579179,0.71664727,0.0824502,-0.033216074,0.13057774,0.040282093,-0.04628998,0.8503142,0.82975274,-281.9336,59.511715,-52.002777,37.65201,-29.313835,114.24113,0.032335818,4.9288254,-27162.553,DICTIONARYBRUTEFORCE
26.412983,9.429993,81.98883,42557.76,-0.013335755,0.19207636,0.005696956,0.20634465,0.5140166,-0.008717941,-0.04169053,4.5913863,1.5750363,-0.21904063,0.101075806,-0.26880178,0.9110385,0.06972884,0.008749058,0.05178159,0.1253134,-0.06934109,0.707687,0.34195462,0.036234364,0.022480339,-0.04470306,0.0066503696,1.053445,1.0413202,-459.0791,74.955475,181.50435,198.18546,28.261211,250.29443,0.016512671,8.020409,5674.077,DICTIONARYBRUTEFORCE
29.017197,5.740775,95.60061,1195.2393,-0.0011012796,0.020665376,0.023780119,0.23973556,0.8735502,-0.027425233,0.012009555,8.128109,0.22310928,-0.021334646,0.080547266,0.06734376,0.5935214,0.046308033,-0.00013925601,0.030771997,0.11465237,-0.011578145,0.91089505,0.0497022,-0.017835272,0.025472688,-0.019254288,-0.04274889,1.0359585,0.989221,5642.3223,63.275608,1279.847,348.74832,484.88837,348.28003,0.004408034,14.455383,281805.5,DICTIONARYBRUTEFORCE
26.117722,8.35523,116.93025,5041.582,0.015606341,0.3170011,0.010057367,0.046628337,0.44002515,-4.5147026e-05,0.010147583,4.330275,3.416346,0.3997215,0.13087243,-0.04661862,0.29126012,0.16723455,0.008697453,-0.051124007,0.15499142,-0.0096915,0.6442958,0.33627996,0.040599477,-0.031142697,0.021698084,0.0074885036,1.0017235,1.011916,-396.90967,78.4495,388.47736,201.19095,108.93206,218.33667,0.015735814,9.299042,35395.57,DICTIONARYBRUTEFORCE
25.46201,5.9531603,81.66396,-1519.1548,-0.0070323236,-0.006522193,0.19917203,0.13411322,0.85680974,0.026900731,-0.02488789,8.10161,-0.10741804,-0.054546505,2.9870155,-0.17563221,0.9390155,-0.0037145987,-0.010843439,0.027610365,0.09694349,-0.048850212,0.9405204,0.037483383,-0.0013858452,0.063542806,-0.033888694,-0.0012303423,1.0121253,0.9702199,-706.6089,59.25774,7.515793,66.324554,27.862667,33.62792,0.003932084,18.822563,-11567.278,DICTIONARYBRUTEFORCE
26.315453,8.844397,92.11593,59264.434,0.13416798,0.10235987,-0.012494525,0.17674784,0.65631294,0.011872215,-0.025718436,6.279685,1.246785,1.8127296,0.009517296,-0.11965632,0.7374264,0.0841723,-0.008856406,0.04104409,0.07177415,-0.026618775,0.74662197,0.23218097,0.020046176,0.044627562,-0.081414714,-0.037774168,1.0027637,1.0098692,-1619.7505,59.946598,141.61981,39.35156,24.314072,53.82653,0.011102642,12.515297,-16036.753,DICTIONARYBRUTEFORCE
25.462988,5.4062934,89.00683,7210.87,0.11863072,0.15321366,-0.028988753,0.49944875,0.7232559,-0.021904513,-0.040104646,6.886212,1.6546685,0.36056066,0.025746688,0.11499533,0.0639069,0.08361086,0.022585282,0.025855117,0.15557122,-0.07904431,0.8193606,0.10699043,0.00051636016,0.0689979,0.0056166807,-0.04331689,0.9282238,0.94937444,1427.7842,58.657135,451.0878,188.4108,136.02875,232.87592,0.021470347,1.7241745,20209.025,DICTIONARYBRUTEFORCE
31.17025,3.5242815,87.779144,3434.322,0.12666723,0.057336073,-0.030192241,0.40452692,0.86864245,0.03758114,-0.035334803,7.5663977,0.3930549,1.9276192,0.13848042,0.111530036,0.32396698,0.07838385,-0.012687118,0.03790031,0.17479366,-0.048634853,0.8940893,0.040442698,-0.011269553,0.0103178285,-0.01057391,-0.015666379,0.9658225,1.011077,7594.418,71.46438,246.92882,152.19688,61.641556,171.44284,0.018266581,9.25663,-3315.2068,DICTIONARYBRUTEFORCE
23.4315,7.360961,55.466095,562.2683,0.017359987,0.26485142,0.0018033641,0.14456041,0.4292371,0.024575515,0.015032122,3.7346706,2.0941133,-0.17233372,0.024274725,0.05515042,0.23426442,0.07099283,0.01159066,0.038238227,0.11023585,-0.013719641,0.7104869,0.2368635,-0.023009468,0.11221667,-0.0019259844,0.024689304,0.94467264,0.9038149,-2177.5068,61.81549,27.047714,72.3668,8.824801,111.27702,0.0144956205,9.236076,-9446.7705,DICTIONARYBRUTEFORCE
21.124657,7.4322076,81.92822,-8766.482,0.046807267,0.13032888,0.02092107,0.31106243,0.52210677,0.0012774317,-0.00983876,5.941218,1.7694392,0.54882973,0.28704298,0.012485673,0.270076,0.13627218,-0.026088744,0.008710221,0.13833833,-0.024019115,0.6500825,0.30062392,0.0076405117,0.052000895,-0.004779566,-0.021955092,0.97696865,0.9807432,1996.5522,60.028748,643.9656,132.74683,183.93585,130.28362,0.0141543355,14.625,47079.69,DICTIONARYBRUTEFORCE
39.42349,2.3544888,80.10869,2627.0913,0.030366298,0.2548893,0.0069186906,0.27437687,0.9491257,0.031865045,0.00028785318,8.389164,2.7211034,0.245727,-0.005326029,0.25389528,0.32662955,0.05271509,-0.036298588,0.0062580965,0.18418618,0.009722169,1.2050805,-0.19027151,0.04117775,0.0056145643,-0.041622594,0.010009435,0.9861294,0.9990945,-3073.2725,79.25188,597.5289,271.99094,193.99722,297.34164,0.0046678307,5.4182587,57979.965,DICTIONARYBRUTEFORCE
28.852318,5.333041,116.96483,3154.1108,-0.001724679,0.036792684,-0.041287296,0.25521943,0.8308266,-0.03755004,0.003529056,7.823846,0.33449826,-0.32885104,-0.07200335,0.07025594,0.5454845,0.052037604,0.021228041,0.019117769,0.11921206,0.027519872,0.84097844,0.11184088,-0.005672736,0.048469864,0.011769295,0.007775835,0.984972,0.95698225,2369.5469,62.1268,1468.4559,445.41223,597.45074,430.95142,0.008148533,8.168869,403306.1,DICTIONARYBRUTEFORCE
21.183779,8.074505,70.09853,853.68115,0.050465472,0.32810518,-0.018316144,0.13664344,0.31247157,-0.0033521191,-0.046141222,3.4009714,2.8122892,-0.024741346,-0.09004734,0.07888465,-0.008716757,0.14151293,0.025368808,0.007847062,0.15169483,-0.045725472,0.556586,0.34103477,0.02922668,0.08943648,0.011296644,-0.013130408,0.9404462,0.940909,-2676.4443,58.953445,192.0011,6.5835876,69.713356,65.17328,0.01745616,8.030746,5029.1465,DICTIONARYBRUTEFORCE
29.222301,3.31711,131.16058,-4590.0435,0.011191414,0.122144006,-0.03639325,0.33403203,0.78964424,0.033931,-0.030105691,7.8647695,1.4351559,0.07674908,-0.071782626,0.005350723,0.49666435,0.10254682,0.019143889,0.014763961,0.11696716,0.0042520976,0.8819419,0.10063917,0.0048402953,0.029460054,-0.02127799,-0.016238704,0.9771072,0.9558252,-984.8779,65.475006,140.08615,70.7643,60.326496,64.17887,0.024365036,7.6806107,12338.028,DICTIONARYBRUTEFORCE
22.20309,7.959066,81.023,786.2954,-0.0019957777,0.019073352,0.08559801,0.012287748,0.63656116,-0.003790867,0.004804004,5.8357363,0.44960395,-0.17485721,0.4557103,0.042368624,0.24782208,0.037864543,-0.006583594,0.01859267,0.08940771,-0.02006231,0.73211277,0.23461281,-0.004396888,0.085961506,-0.039666757,-0.016217731,0.9746533,0.9732295,-1599.4155,59.72771,127.3161,104.57501,39.39015,93.37956,0.0023059517,18.721092,-1954.9509,DICTIONARYBRUTEFORCE
19.73681,9.094509,98.423096,1971.4292,0.011235032,0.08449625,0.03168956,0.045958176,0.4948755,0.017255269,0.011682454,4.0482206,0.44510558,-0.05084481,0.5019695,-0.04013185,0.32028902,0.09415268,0.029347746,0.03078253,0.0648846,-0.02653402,0.57863665,0.33023295,-0.015695248,0.07618419,0.022982331,-0.0148082785,0.9509642,0.9339348,2153.5393,58.69355,-186.95587,41.164486,-77.841194,20.833359,0.008942492,15.374321,-42779.223,DICTIONARYBRUTEFORCE
20.799076,9.8648815,125.61863,-1720.3276,0.06783505,0.069752626,-0.023045711,0.14231418,0.5485247,0.015399455,-0.024120247,4.6643047,0.8869858,0.6010557,0.21421444,-0.18390642,0.49586016,0.111749455,-0.0029438874,0.038880095,0.12573002,-0.035040885,0.5835184,0.39515713,0.02847239,0.014784403,-0.019123847,-0.0061993487,0.99055654,0.98618114,3769.6375,59.80199,-9.775955,88.55846,-33.0505,106.1722,0.013920533,4.7116165,-39673.29,DICTIONARYBRUTEFORCE
27.675543,6.02991,96.586586,-282.38818,0.111876324,0.056433972,0.03946174,0.14141114,0.80007607,-0.02998449,0.02986149,8.484682,0.8660573,2.4391608,0.2930455,0.10261529,0.45057184,0.11014704,-0.0020527001,-0.034295622,0.1219949,-0.017082836,0.82549715,0.11012482,0.017110575,0.019926649,-0.012102652,-0.019760339,1.00718,0.9889526,1252.8193,66.30411,919.7668,232.08908,352.0827,231.17676,0.005139654,15.4548645,172658.4,DICTIONARYBRUTEFORCE
20.310873,8.051972,61.95038,716.69385,0.082745634,0.25980964,-0.0017508981,0.070266366,0.36648306,0.004811354,-0.086585194,3.6030233,2.4951181,0.5723159,-0.09601046,0.029003324,0.044881377,0.09546425,0.049753267,-0.016861606,0.1773999,-0.0038928771,0.5370652,0.3629615,0.03587834,0.12206645,0.034744296,-0.0008857809,0.88265884,0.89849246,-5648.411,57.557312,-229.6879,-87.566246,-29.037796,-14.483002,0.014165554,3.4973145,-36183.492,DICTIONARYBRUTEFORCE
22.444513,8.77709,73.36029,2063.219,0.09913433,0.18754683,0.011438568,0.23687716,0.49163508,0.011159243,-0.014963504,4.588024,1.7120886,0.33962864,0.012577306,0.05798046,0.045860883,0.111405626,0.0037972024,0.02171233,0.1597967,-0.030857082,0.6062085,0.3209624,-0.010089475,0.05250644,0.004435717,0.0017795712,0.9498929,0.95636064,-905.57324,59.153046,185.98045,112.63747,68.20278,143.41731,0.01288167,4.222542,4992.884,DICTIONARYBRUTEFORCE
28.67348,5.328649,91.95802,-3263.5732,0.047764722,0.36735445,0.060927387,0.09155309,0.60307634,0.008968291,-0.0018067309,7.0919304,4.2852936,0.18513036,0.10374032,0.1605902,0.09641105,0.11360386,-0.009933616,0.005610138,0.15682085,-0.035588074,0.8701603,0.1028745,0.014164735,-0.005661093,-0.046055503,-0.007212739,0.99525476,1.0031551,-1782.9473,67.802414,547.93225,92.04988,130.84515,107.83842,0.00826937,8.075806,30670.557,DICTIONARYBRUTEFORCE
21.886795,8.033021,97.27486,2909.1167,0.073184006,0.20483337,-0.026455319,0.13865174,0.43987808,-0.02288071,0.008031292,4.3218355,1.3686908,-0.12432402,-0.09165146,0.10214717,0.061580878,0.07079468,0.024273306,0.043857675,0.07676603,-0.033696383,0.6191628,0.2984825,0.012328207,0.074768074,0.0065779546,-0.034815803,0.9552585,0.9485623,-1660.4307,58.74391,219.03105,156.32777,69.92755,178.76509,0.01576886,5.274498,5296.66,DICTIONARYBRUTEFORCE
24.726902,7.10947,93.19678,-1099.8315,0.040382385,0.2768519,0.005085692,0.2440496,0.40312433,0.023263099,-0.002221947,4.271228,2.3312025,-0.10951151,0.018488368,-0.042846132,0.38583532,0.13314797,0.017103257,0.010373405,0.07256468,-0.040145703,0.6748198,0.29031333,-0.0103703905,0.016139587,0.011844336,-0.0065537356,1.0027851,0.9492169,-1933.1221,65.25423,735.8561,163.71579,236.96472,236.99454,0.026296413,8.51474,90945.08,DICTIONARYBRUTEFORCE
22.738577,7.4715147,100.91103,1864.906,0.0060042366,-0.00015104935,0.09647131,0.12611437,0.68550485,0.021963838,0.035958525,5.9450192,-0.2686957,0.026019853,0.9347543,0.11027578,0.081837155,0.03158556,-0.01194063,0.07996015,0.0804012,-0.02982872,0.74783427,0.17618984,-0.032251783,0.094264135,-0.008973744,-0.0231425,0.9558036,0.93846756,2199.901,61.755203,-20.820679,35.275368,5.7107296,39.3212,0.0098852,13.566101,-18485.56,DICTIONARYBRUTEFORCE
26.38049,5.3499174,119.48175,-3654.2236,0.025569163,0.026868267,0.016092692,0.25741422,0.84327257,-0.030693112,0.024797449,8.164619,0.36034995,0.7698804,0.30043837,0.088729344,0.32088736,0.07708791,-0.030102003,0.024785504,0.13594288,-0.020430457,0.8619232,0.07830242,-0.0054344535,0.024349947,-0.012907663,-0.03494343,0.99850136,0.97529477,3667.7576,63.003155,462.7362,139.60986,150.02948,139.64328,0.012493882,10.116631,27150.412,DICTIONARYBRUTEFORCE
21.093027,7.947242,99.99781,-627.22363,0.057389632,0.11792511,-0.02372688,0.16439484,0.51134247,-0.0108991135,0.02549936,4.924361,1.1020951,0.282415,-0.02444147,0.075261526,0.1530162,0.106090195,0.017653193,0.01353061,0.12574011,-0.019941574,0.6072837,0.30809864,-0.0015827944,0.040137786,-0.0037051458,-0.021896344,0.99217075,0.9418257,2618.2974,58.90368,359.844,90.05621,113.11834,114.68497,0.013079536,8.5802,22149.256,DICTIONARYBRUTEFORCE
26.091965,5.259808,121.8563,-660.63135,-0.002043657,0.0029260048,0.086163424,0.3970399,0.8642832,-0.058459662,-0.009755658,8.900311,-0.2797338,-0.08403175,1.5676618,0.12098137,0.22566748,0.051525865,0.00029505696,0.005242508,0.14109252,0.0019726437,0.8618008,0.061438315,-0.016092138,0.07988051,-0.0059852144,0.007837013,0.9982739,0.90509766,12346.856,60.316162,1645.6418,445.8848,623.9283,453.57687,0.01109747,8.512512,491005.22,DICTIONARYBRUTEFORCE
31.481346,4.1963954,119.9218,10861.754,0.111885704,0.16227008,0.001482272,0.19859798,0.83068556,-0.008916199,-0.00075394055,7.97027,1.3238287,0.47249025,-0.043367952,-0.041111972,0.80579436,0.067805186,0.03502975,-0.02702349,0.1056167,-0.0770795,0.95125085,-0.027633308,-0.0061295517,0.036690466,-0.037651952,0.043008342,0.9748284,0.97811526,597.2207,61.860313,81.33978,27.98584,32.722664,72.91792,0.01225365,9.085777,2334.5188,DICTIONARYBRUTEFORCE
28.73476,8.093544,77.25881,9296.978,-0.031707652,0.13829665,0.008517899,0.104478434,0.6164832,0.018459445,0.02826877,5.9817085,1.3243518,-0.2709312,-0.0335165,-0.019178817,0.53807634,0.101086564,0.03643012,-0.0069306,0.12905985,0.009744343,0.74416226,0.2575421,-0.0049760635,0.0013412104,0.027566638,0.04002619,1.0412178,0.9750791,-1509.2534,72.05905,917.72864,305.95856,406.12296,334.44467,0.007764099,9.870178,240345.92,DICTIONARYBRUTEFORCE
29.079418,4.730008,121.96337,333.0293,0.1254272,0.007949366,0.056803077,0.23609291,1.0136817,-0.055087358,-0.014554239,10.661197,0.40736195,1.6167743,1.7198951,-0.014947189,0.66832757,0.051475186,0.020547586,-0.06685991,0.14005494,-0.07817641,0.969554,-0.001894869,0.02096868,0.058614455,-0.05320189,0.019247577,1.0024341,0.974032,11529.418,59.939518,1628.5374,796.784,602.5159,781.64764,0.0071085813,9.05497,366229.84,DICTIONARYBRUTEFORCE
22.955309,7.835614,91.927315,-4582.4907,-0.0139664,0.15859273,0.006291473,0.15832637,0.5450113,0.027315782,0.007837957,5.6553783,1.9474024,-0.34354645,-0.00070512295,-0.17224742,0.70234317,0.103923194,0.0034162356,-0.021248933,0.12242649,-0.04676953,0.65462786,0.29848465,0.009605872,0.06311452,0.0035566837,0.009349169,0.98801374,0.93728524,3433.2834,60.523808,1340.3973,358.0392,529.1814,385.94095,0.017715849,9.340218,338831.06,DICTIONARYBRUTEFORCE
23.660015,5.9544983,92.3691,1241.8274,0.02004233,0.19550185,0.020440185,0.19019036,0.6045736,-0.00775305,-0.0015302096,4.7686014,1.5295078,-0.091107264,0.34389943,-0.0004123617,0.37287092,0.06130207,-0.00425661,0.04413219,0.10852271,-0.023787862,0.7597483,0.11387254,-0.01547969,0.07981501,-0.020156398,0.009476448,0.9867168,0.9670125,1961.6523,59.598713,18.535736,74.37477,2.1991196,101.661354,0.015345234,8.20266,-11081.896,DICTIONARYBRUTEFORCE
19.744392,9.203954,100.67738,6435.208,0.09877308,0.07243545,-0.017645705,0.17041282,0.4239402,0.017189004,-0.032882415,2.987883,0.70981294,1.1454974,0.0906996,-0.04227838,0.38731375,0.12077309,0.014263974,0.035796635,0.12986663,-0.016601603,0.4667484,0.42456037,-0.018532142,0.07718919,0.020512568,-0.01255067,0.94221205,0.9452408,4090.5554,60.82672,201.8665,116.57175,68.81326,187.77655,0.028360011,8.936096,9109.822,DICTIONARYBRUTEFORCE
24.404764,6.397853,117.77725,-4903.188,0.03667281,0.13865176,0.022665663,0.19705303,0.6222969,0.040030256,-0.022218987,6.1073065,1.5290278,0.27333403,0.10333349,0.054571502,0.18287228,0.12362107,-0.0028702617,0.062319376,0.11557481,-0.028298553,0.7438942,0.22392122,-0.0034329179,0.023826227,-0.018254906,0.03782041,0.9560421,0.9579609,-1797.9761,62.6149,-78.92789,2.9549255,-41.60853,20.694794,0.012271407,7.756386,-59182.363,DICTIONARYBRUTEFORCE
15.630777,13.160624,103.081635,4571.252,0.03759473,0.115686275,-0.025074765,-0.03341046,0.20451172,-0.00034803117,-0.014602133,2.2729902,1.0023715,0.04340977,0.038687732,-0.06064506,0.082668126,0.15658884,0.05104462,0.0145394,0.09975322,0.022322498,0.30412373,0.68778193,0.011556851,0.030592142,0.03314401,0.010918834,0.99127555,0.97004414,-1806.0366,60.867558,135.2144,80.064125,59.15468,87.90233,0.009244323,11.590668,9468.674,DICTIONARYBRUTEFORCE
19.59673,9.683962,115.388794,-6174.0483,0.045078915,0.07782605,-0.0062531955,0.22152738,0.50757825,-0.008431565,-0.0064057577,4.0999794,0.8814407,1.1464535,0.011917836,-0.023297017,0.20295477,0.09425215,-0.013188569,0.0019775005,0.14604075,-0.014813375,0.541039,0.43006286,-0.00917246,-0.012314218,-0.019317348,-0.04093875,1.0200897,1.0172795,1701.8091,63.971527,662.21497,149.50035,208.90811,179.2786,0.008400029,10.1278,60075.973,DICTIONARYBRUTEFORCE
29.042385,5.859863,113.12177,973.66187,0.038800348,0.40523845,-0.014992831,0.13287884,0.54279304,-0.027227525,-0.0016057445,5.716095,3.4989643,0.018959263,0.017518528,0.022131704,0.37544018,0.095324755,0.03328961,-0.03372073,0.1128405,-0.0046382193,0.83246535,0.12946084,0.018119927,-0.03906745,0.0239393,0.030715153,1.0127968,0.97223455,862.9824,69.104324,852.52045,271.44516,320.87796,312.914,0.010694997,3.950592,170124.27,DICTIONARYBRUTEFORCE
27.828283,4.0982604,99.792694,1754.7471,0.021936368,0.52088517,0.040491477,0.066140495,0.44718292,-0.022675453,-0.022792695,5.6702924,4.976778,-0.08139469,0.2756674,0.11167076,0.07566004,0.107684545,0.0635384,0.05027189,0.108987674,-0.0044459663,0.88402194,0.0005853586,-0.024240497,0.015075282,0.076300286,0.021278996,0.96756583,0.90687853,1852.0347,61.288887,236.48376,135.6539,49.090614,211.06291,0.026720937,-0.66213226,13186.69,DICTIONARYBRUTEFORCE
26.943087,7.7305255,72.228165,2984.9277,-0.020761017,0.017697696,-0.015313226,0.095419504,0.72058165,-0.007117129,-0.018138444,6.292663,0.33551767,-0.20610012,-0.057815894,0.05574752,0.58619976,0.04628621,0.02485384,0.024999492,0.090047166,-0.011526774,0.74843127,0.23267943,-0.0067176986,0.009836514,0.0058009755,0.006170254,1.0224036,0.9828159,6538.1,64.55908,1744.2129,759.29987,691.9655,766.2735,0.0070861815,11.535217,520451.9,DICTIONARYBRUTEFORCE
22.506126,8.170881,94.49806,30151.432,0.020224445,-0.012690161,0.02429948,0.16068397,0.6827053,-0.009285311,0.010208628,5.098488,-0.76349676,-0.06162349,0.01746222,-0.14987071,0.68587315,0.03519532,-0.008122385,0.04604416,0.106015325,-0.08270093,0.67995644,0.26984033,-0.027631905,0.07109451,-0.0089551965,-0.0076907775,1.0550452,0.98790187,655.1299,60.897583,618.7112,330.5023,200.06677,323.5262,0.007127931,6.575569,63744.28,DICTIONARYBRUTEFORCE
25.488333,5.2219086,98.968445,-1486.669,0.012646824,0.1112476,-0.019808637,0.36107856,0.70716363,0.0076471306,0.011886252,6.4640083,1.0808611,0.0025168061,0.05996024,0.07773284,0.39071205,0.068601474,-0.0071098465,0.021291317,0.110692635,-0.0080341045,0.8067315,0.11881059,-0.013910419,0.05330073,-0.0006131362,-0.024043506,0.97108805,0.95767,1207.5859,59.925694,892.2983,164.33353,291.08987,187.52498,0.016707784,9.277809,125992.08,DICTIONARYBRUTEFORCE
19.050386,10.457701,63.655693,104431.836,0.048735846,0.09860087,-0.021824814,0.17411305,0.42125183,0.006069075,-0.024559528,4.2210784,0.4638308,0.01974757,-0.025265668,-0.13380961,0.37932146,0.08950575,0.009034825,0.04595235,0.098343536,-0.056011528,0.4618495,0.45845315,-0.012118797,0.06604787,-0.020042442,-0.04506909,0.973327,1.0075612,1194.4331,59.928684,204.20349,70.62178,42.70398,102.28914,0.012878714,14.015991,-4534.4155,DICTIONARYBRUTEFORCE
25.586739,6.6375527,73.95856,9525.453,0.051480513,0.0052284184,-0.00028745504,0.16514784,0.77801657,-0.012533015,0.02956874,7.3906555,0.174279,0.03896051,-0.023110313,0.109460965,0.15858641,0.014688985,0.015870722,-0.010429941,0.18933074,-0.0072997105,0.7258176,0.16423568,0.013772463,0.10015173,0.023443129,-0.017572962,1.0226715,0.94573754,4011.8933,60.352318,381.38394,220.36009,133.6836,269.83496,0.0071400553,6.9136124,27767.932,DICTIONARYBRUTEFORCE
32.63337,2.824762,122.3479,-802.2412,-0.037750892,0.06596205,0.14481765,0.39798805,1.1165919,0.014378927,0.008013718,21.524925,1.0034882,-0.3404001,1.770129,-0.0031802338,0.6689135,0.036293827,-0.015198454,0.033601392,0.11216232,-0.025043499,1.1682591,-0.14200906,0.04478963,0.05073506,-0.070546485,0.024834007,0.97466165,0.9796166,-7384.075,64.07827,614.1217,73.79336,168.42947,51.203785,0.006378481,13.423431,24931.086,DICTIONARYBRUTEFORCE
26.663887,6.482421,72.63276,-2204.0664,0.039807145,-0.020147473,0.013129853,0.22108828,0.8291386,-0.004284081,0.0016512815,7.878627,-1.0771677,0.5274893,0.118307635,-0.02428864,0.68934035,-0.00824219,-0.004086243,0.023171376,0.113308206,-0.0043503195,0.830226,0.11260777,-0.00308736,0.0029751763,-0.021816589,-0.056417026,1.0311342,0.99039274,9466.859,62.08995,1145.5466,400.03082,424.87802,401.917,0.0044618663,16.674347,235165.16,DICTIONARYBRUTEFORCE
34.170082,3.4365256,102.56125,10677.543,0.060083456,-0.00877266,0.048914958,0.1270596,1.0550643,-0.03444601,0.025641736,10.49614,-0.88712156,-0.07293815,0.44266373,-0.019453228,0.88808405,0.014019616,-0.009102639,0.021929141,0.12083204,-0.06565855,1.0844642,-0.107093774,-0.05411894,0.11316083,0.006023706,0.07602111,0.97437984,0.9648641,10631.594,62.985847,1951.8088,497.03033,684.68964,493.00336,0.0062683667,10.728279,622737.44,DICTIONARYBRUTEFORCE
19.854,9.933318,98.699356,-3560.6309,-0.00032860786,0.15633084,0.05060923,0.023465991,0.46635494,-0.051499374,-0.00629402,4.325778,1.8247278,-0.016971655,0.14177439,0.08575027,0.04409441,0.13648091,-0.0052229967,-0.010322676,0.12624127,-0.020402016,0.57468796,0.3776041,0.019286394,0.041085698,-0.00066994224,-0.026297888,1.0110978,0.9550086,2391.6223,60.47196,442.67218,156.49605,167.11438,169.12207,0.00811907,11.471382,43648.09,DICTIONARYBRUTEFORCE
21.175072,7.9982347,78.02556,198.45605,0.007147472,-0.0106045315,0.035106637,0.08519714,0.6303407,-0.024241282,0.010992252,6.3645477,-0.18579237,-0.05036211,-0.0883826,-0.03472858,0.36358696,0.052664913,0.015398989,0.009659584,0.10933538,-0.006956123,0.6457039,0.3145742,-0.02479142,0.06428866,-0.008294204,-0.018681562,1.0100886,0.9450424,-2531.3818,59.705296,355.39392,111.01353,100.2631,91.05889,0.008155278,13.013214,14869.91,DICTIONARYBRUTEFORCE
31.869467,4.9635677,100.54733,-347.7339,-0.010010012,0.063796125,-0.021014124,0.057682972,0.87500495,-0.008843849,0.007297715,8.970594,1.0940449,-0.1664517,-0.051660683,-0.01656606,0.7203827,0.064429924,0.018420205,-0.019023174,0.10582262,-0.0227222,0.89016336,0.056833167,0.027701858,0.041968334,0.0008638296,-0.011214157,0.9993274,0.978968,1749.6831,67.945465,1415.5985,408.5546,560.312,391.78354,0.009166062,12.069832,361557.78,DICTIONARYBRUTEFORCE
25.365952,6.7560344,120.71431,-1528.1499,0.04592255,0.26603195,-0.019643348,0.35954806,0.5228866,-0.0014229497,-0.027379178,5.690567,2.4092908,0.08328624,0.024715837,0.08109782,0.05648637,0.1438226,0.03609159,0.023383202,0.13173388,-0.025985938,0.78515714,0.20950474,-0.0113437595,-0.016243218,0.006119609,0.016938519,0.9620588,0.96713924,3193.7837,64.78042,183.54826,87.92508,42.389503,118.18563,0.017498884,9.877983,-6739.6196,DICTIONARYBRUTEFORCE
23.400982,5.259414,88.97305,-647.3955,0.0066896807,0.27144444,0.005300741,0.3161627,0.53094697,0.02968539,-0.027418321,5.740772,2.5516999,-0.17290553,0.101123974,0.08351158,0.0324409,0.076839514,-0.007049194,-0.00774933,0.18462065,-0.009001413,0.74232805,0.18775497,0.009946426,0.064906046,0.011390777,0.006946083,0.94178265,0.9375609,-2533.254,58.654526,268.032,56.76699,88.74319,76.10027,0.016387869,1.0376663,24166.232,DICTIONARYBRUTEFORCE
26.446245,5.118715,84.84428,-1027.2456,0.034811847,0.0053801183,-0.01543019,0.39852133,0.82754016,0.07499169,-0.017856471,8.814785,0.28644833,-0.15303849,0.0051977113,0.0012629479,0.6080333,0.04147923,-0.002174913,0.05242581,0.086957894,-0.06583261,0.8772581,0.09603161,0.0047695916,0.11270825,-0.051722378,0.0013970304,0.9586371,0.939073,-1794.9697,61.036045,-75.23981,55.8714,-39.03048,67.34403,0.016018953,10.176231,-40694.67,DICTIONARYBRUTEFORCE
19.464796,7.197831,76.11542,-3523.6738,0.032392774,0.07750833,0.013963196,0.3299065,0.4785849,0.051464703,-0.029660136,4.3800993,1.0646151,0.4930872,0.03191437,-0.056105148,0.25434247,0.07844519,-0.046286654,0.018457126,0.12102828,-0.06341181,0.56507176,0.38155645,0.005382998,0.10538362,0.038633138,-0.024654686,0.92282045,0.94718397,4623.37,59.619286,311.35474,162.06064,112.386314,228.29681,0.028206255,9.952782,19988.975,DICTIONARYBRUTEFORCE
21.547958,7.6988406,79.06057,2453.0288,0.05997296,0.005788135,-0.025124442,0.15240367,0.5587391,0.03379789,0.004320955,5.5069985,0.12624073,-0.07277484,-0.024593089,-0.11319788,0.56309634,0.06534523,0.016011244,0.01126978,0.13186601,0.00048400369,0.5549891,0.33644778,-0.023486055,0.10213056,0.019201752,-0.05465535,0.95085686,0.925114,599.2388,58.987415,837.40753,170.57977,317.17108,204.06549,0.022810915,9.12278,176755.94,DICTIONARYBRUTEFORCE
23.122194,6.883157,79.31342,-1781.9692,0.09492554,0.047145065,0.07754107,0.11893109,0.6699534,-0.0044789724,-0.0033816183,5.3582916,0.74243486,0.9271502,1.9925735,0.050562017,0.31176433,0.078769706,0.011367347,-0.010627745,0.13438243,-0.013338288,0.7022242,0.23487994,-0.04298334,0.06303336,0.0012735697,-0.028650593,0.96601063,0.9659337,337.61084,61.468727,256.45865,80.469536,79.526535,102.14968,0.013162999,9.834991,9352.387,DICTIONARYBRUTEFORCE
26.02666,6.9723053,100.196526,-2200.982,-0.01813687,0.21333753,0.0060385955,0.32601216,0.6255931,-0.020468611,-6.0803723e-05,6.2939568,1.9663391,-0.09852376,0.007676724,-0.04787667,0.5594522,0.106493495,0.006496487,0.004939656,0.11467163,-0.037766784,0.8213694,0.16564919,-0.0057822224,-0.0072461036,-0.03416693,-0.0047832634,1.0628817,0.9850028,1967.2417,67.3853,973.8548,269.55124,339.24878,297.61755,0.0075161993,14.95739,162015.36,DICTIONARYBRUTEFORCE
26.96914,4.2931376,80.92648,-3589.561,0.06771851,0.13338824,-0.06503498,0.5375829,0.72279966,0.035360105,-0.058179278,5.848323,1.6520983,1.5858276,0.388071,0.09969516,0.1566099,0.1242729,-0.035646517,0.06348276,0.16816905,-0.044113133,0.80290514,0.12072059,-0.003907024,0.06671237,0.008816406,-0.0017385185,0.8784531,0.94994485,4391.5596,62.17433,186.5694,84.995804,90.26572,148.20993,0.027366685,2.7067184,-7155.6846,DICTIONARYBRUTEFORCE
26.920977,4.716978,106.28595,42.600586,0.10824834,0.015446508,0.028735986,0.27180842,0.8085338,-0.023328822,-0.019547472,6.9000826,0.34660506,0.8067373,0.10105293,-0.03239704,0.6024804,0.06635511,0.0054692617,-0.027675327,0.10134575,-0.045177158,0.8205507,0.1318062,0.0010253303,0.09126493,-0.026569795,-0.045637175,0.9360894,0.8981447,2317.868,60.217224,1362.2642,280.05795,514.69696,329.65088,0.027546752,8.494263,293296.4,DICTIONARYBRUTEFORCE
30.862312,4.4507995,81.12467,25531.95,-0.002242839,0.19702391,0.047151662,0.19726337,0.8535503,0.008628922,0.034317285,7.974736,1.5884051,-0.17252424,0.22477514,-0.023973368,0.62289023,0.02428109,0.016377423,0.0048446376,0.073216975,-0.051468104,1.0341364,-0.06570231,-0.014352696,0.04418949,-0.0041607395,0.018786442,0.9890072,0.9878231,-1913.6006,62.70105,279.28253,88.36148,89.44912,97.7849,0.0033205266,10.533028,18560.959,DICTIONARYBRUTEFORCE
26.077328,5.297258,60.563866,39520.164,0.03598132,-0.019882787,0.0116316825,0.5053412,0.79200417,0.03162684,0.026055738,7.771885,-0.88674223,-0.07165938,-0.13126913,0.039543245,0.028491674,0.014133157,-0.015977887,0.058212064,0.19598576,0.031590495,0.78662467,0.13939266,0.013143884,0.121529445,0.01986339,-0.015404239,0.9745247,0.95647407,-81.79053,61.903667,458.1431,258.83847,87.389175,265.21616,0.011012315,5.9593735,9824.564,DICTIONARYBRUTEFORCE
16.659697,11.522184,77.31346,-925.9961,0.08115784,0.1599081,0.019028045,0.03168657,0.31429616,-0.012769984,0.018747583,2.63888,1.3817881,0.5653752,0.08359493,0.008227669,0.042226408,0.11197211,0.02414884,-0.013952183,0.102788664,-0.010532857,0.4281993,0.5209847,0.007692782,0.016143415,0.025521997,-0.015482284,0.9746249,0.9640702,1414.5938,59.926014,671.5546,170.1752,227.58191,203.10225,0.008305383,13.145966,91100.35,DICTIONARYBRUTEFORCE
19.611391,9.537975,74.55269,4409.917,0.10101881,0.16963,-0.011955498,0.19965859,0.37371954,-0.005183882,0.025268704,3.493602,1.4515418,0.56661296,-0.008180625,0.068910226,0.12353883,0.12976907,0.005801418,0.023035701,0.110987365,-0.0027000392,0.52145493,0.41861475,0.003642512,0.0323429,0.016372656,-0.036184207,0.9615374,0.98790085,1027.0659,59.641315,559.0995,111.53081,154.79996,166.2437,0.015605884,9.334381,39209.47,DICTIONARYBRUTEFORCE
22.419245,6.4333386,117.469406,-6674.697,0.02509182,0.012374746,0.045669805,0.1929224,0.78081805,0.0024361052,0.0051470962,7.9530463,0.19665553,0.29489797,1.0805306,-0.11557665,0.44247466,0.042379387,-0.004320815,0.030119205,0.11416192,0.023589198,0.7737101,0.20027803,0.011470687,0.046858642,-0.032594144,-0.032938976,0.9850544,0.95172167,-1117.2261,58.393177,414.32712,86.16254,114.37522,117.66631,0.008006655,7.6410904,8069.4116,DICTIONARYBRUTEFORCE
22.66697,7.5398784,75.64705,1704.6111,0.030014902,0.035576645,-0.013450503,0.3880782,0.66014504,0.017375678,0.039443277,5.0594015,0.4103252,-0.100660905,0.016381402,0.018349942,0.28294063,0.052564103,-0.015326576,0.041721947,0.08705013,-0.03858339,0.7179161,0.20447238,-0.034564227,0.07833627,0.012692939,-0.031547986,0.9607684,0.95329815,1739.7441,59.30797,301.77856,215.15565,100.78413,213.33508,0.011134569,11.095352,201.02963,DICTIONARYBRUTEFORCE
23.510561,5.209563,101.50615,-1578.3599,0.072734825,0.07272463,0.18730597,0.09931011,0.7875606,-0.022554936,0.021473672,7.2534695,0.85651207,0.30609182,2.6052065,0.11362873,0.04449184,0.05820723,-0.0017609634,0.053850528,0.12725547,-0.016760852,0.82668734,0.10164523,0.0145824365,0.0790101,-0.028338192,-0.013494229,0.95154595,0.94430363,-2698.4375,59.085358,-72.63287,4.2071,6.495228,9.390228,0.009576327,7.060585,-18086.656,DICTIONARYBRUTEFORCE
31.69191,2.900213,85.30207,2915.7373,0.09992175,0.2448724,-0.0043539773,0.4177409,0.8918617,-0.0124911135,-0.018636823,10.264136,2.91084,0.26630732,0.13267839,0.094825394,0.37058592,0.049819157,0.0030978397,-0.07103897,0.17455298,-0.025618825,1.0570375,-0.08784406,0.029739996,0.038019516,-0.008089392,0.0065006595,0.95251787,0.9507877,-3511.7422,60.19715,637.60846,204.33672,199.96051,225.73392,0.01199049,2.0648346,57825.727,DICTIONARYBRUTEFORCE
29.066294,4.355558,99.76314,-7578.7095,0.012187594,0.01444369,-0.0053857593,0.420868,0.96064883,0.018338224,-0.005787974,11.256216,0.40862387,0.17191185,0.18489948,-0.027728952,0.6027824,0.036862645,-0.007973499,0.02597644,0.12934275,-0.009481273,0.95093334,0.0011366643,-0.007437915,0.06698246,-0.008105928,-0.034712985,0.93788254,0.9164152,-3829.0732,61.456863,189.28798,-26.844711,71.49463,-18.251144,0.015826287,8.164009,-10381.045,DICTIONARYBRUTEFORCE
24.73151,6.4639206,92.66567,198.11719,0.017994046,0.006959094,0.01579175,0.16631478,0.71000683,0.0013421191,0.015764512,5.7116637,-0.24524434,-0.06928693,0.07737528,0.070231095,0.3797272,0.06021765,0.013064213,0.012957362,0.08477998,-0.010984581,0.76120603,0.18057832,-0.044733454,0.0976358,-0.01215815,-0.015917128,0.9636696,0.93440217,2526.258,62.30365,1070.4529,227.98932,397.91006,227.46402,0.01229834,10.0765915,216046.03,DICTIONARYBRUTEFORCE
31.735449,4.6581492,79.17574,2393.6018,0.013878111,0.2375967,-0.016946612,0.23295961,0.6680013,0.03671019,0.03062495,6.0618916,2.351379,0.0439211,-0.0036134198,0.08894037,0.42231384,0.12264718,0.041329417,0.026546892,0.109681115,0.050838865,0.88637996,0.113980174,-0.0018258416,-0.00141475,0.024902228,-0.018855384,1.0011353,0.9631434,-1875.4907,71.59926,502.29922,189.92078,166.14969,219.3593,0.0131891575,8.850288,62771.4,DICTIONARYBRUTEFORCE
29.592316,5.150861,86.91098,170.28467,0.046082642,0.34620014,0.03495282,0.23560022,0.65375865,0.009226614,0.0053066295,6.1799636,3.2643578,0.1980205,0.19756916,0.17070735,0.12784071,0.08316043,0.017951475,0.012980776,0.14376931,-0.018285986,0.92775756,0.04726063,-0.0042284164,-0.0026341167,-0.0175814,-0.004500998,0.99261963,1.0020448,-510.49707,63.835846,233.7108,79.83138,72.60799,121.16714,0.006655741,7.92395,2059.7104,DICTIONARYBRUTEFORCE
22.800196,8.829729,82.22298,1602.7708,-0.007972865,0.19729048,0.019869173,0.0055280733,0.4976496,0.003238507,0.0052810577,4.587878,1.6372393,-0.073825866,0.008431095,-0.049976442,0.5235443,0.09970859,0.0366901,0.0033372967,0.07364695,-0.013736354,0.66439635,0.3022806,0.0012679282,0.030865617,0.020514617,0.0073746494,0.99362314,0.9251444,2719.7532,60.536304,1242.7822,419.3529,510.05096,469.54562,0.0095473565,8.629463,307103.47,DICTIONARYBRUTEFORCE
24.883656,7.3980427,88.36812,-499.86816,-0.0168692,0.22183716,0.010493238,0.058430713,0.5057058,0.017607454,0.024782306,5.3149004,2.044942,-0.04660341,-0.028196443,-0.003989497,0.4262075,0.11803706,0.036826022,0.017346283,0.09275724,-0.016569866,0.7383034,0.22849092,-0.017064083,0.016586795,0.0072957617,0.0019666739,1.0005742,0.9607076,-1954.9922,63.771046,376.5223,65.64954,128.63342,74.847,0.0059856507,16.01258,45712.215,DICTIONARYBRUTEFORCE
24.722633,4.7742066,120.672714,412.3828,0.03956027,0.29973006,0.03648483,0.21188417,0.48576087,0.009557712,-0.0055632484,3.4236014,2.1336415,-0.20640077,0.07060671,0.0027289847,0.17295736,0.12763263,0.07014567,0.017574606,0.11147557,-0.021260437,0.727371,0.14364648,-0.08903158,0.06529034,0.10378662,0.018551437,0.9818421,0.9320984,6210.791,61.389843,633.8345,178.2258,224.2497,247.20132,0.028928434,4.712082,127412.74,DICTIONARYBRUTEFORCE
23.57185,7.760888,90.908615,-2561.621,-0.018430907,0.0805391,-0.0020962115,0.17029314,0.60052603,0.025768936,0.008468565,4.9932833,0.99871886,-0.31228846,-0.045629364,-0.19961669,0.7524214,0.072639,0.017286932,0.021623507,0.14072719,0.016303096,0.67373514,0.2852119,-0.01407961,0.071737185,0.0076094125,-0.03465499,0.97848743,0.94452286,-893.2339,60.96235,640.9066,144.5461,235.8605,154.32092,0.014176064,10.47567,113564.85,DICTIONARYBRUTEFORCE
25.563755,5.8875175,114.734276,3792.4182,0.09928777,0.08204818,-0.028743511,0.33304134,0.7360547,0.0092170555,-0.009420087,7.4871864,0.7068172,0.13416868,-0.049974725,-0.011865221,0.33964664,0.07810799,0.023567513,-0.020712774,0.14190122,0.008385763,0.7662728,0.15128124,0.020124821,0.03741749,0.00023473054,-0.034790695,0.9692335,0.94438726,-504.26123,59.60857,701.55176,109.733475,190.01035,162.03162,0.016646173,6.5110397,54034.54,DICTIONARYBRUTEFORCE
22.943935,7.8128033,57.793648,614.11035,0.021905508,0.022553343,0.0951044,0.009734501,0.61498135,0.0061517633,-0.006379471,4.4256983,0.3226443,0.13812014,1.2110914,-0.15038556,0.5589599,0.08096258,-0.009771273,-0.014826113,0.1091123,-0.030700255,0.6686194,0.24547191,-0.009308335,0.12154407,0.008323415,0.018399913,0.9833068,0.9322511,476.16992,63.01317,68.47298,125.82861,32.533817,125.508,0.007679044,10.405334,-957.30255,DICTIONARYBRUTEFORCE
24.642746,6.755449,123.7175,-5995.9478,0.059160348,-0.022768844,0.005289244,0.29509616,0.80476916,0.018424768,-0.0077870716,10.3578615,-0.32243314,1.2550626,-0.15570074,-0.27154493,0.8305155,0.08969584,-0.035254568,-0.013015697,0.13773753,-0.060005315,0.7630925,0.25882494,-0.0017557596,0.037650265,-0.01054007,-0.015988747,0.95175266,0.9760744,1742.3564,61.4319,1698.7302,342.365,599.8422,352.77374,0.02202058,6.788109,344913.47,DICTIONARYBRUTEFORCE
23.131554,7.1927342,66.37648,-1269.1147,0.038248077,-0.0046195644,0.003196036,0.11461931,0.6189075,0.052027315,0.013304206,5.657324,-0.23083973,-0.021991236,0.051804096,-0.030806825,0.62973124,0.06474995,-0.0044476613,0.019601116,0.089018,-0.020638285,0.6688035,0.2475352,-0.04415182,0.09659144,0.021584388,-0.025554191,0.9692858,0.95847046,5724.59,62.700966,751.8016,275.14795,276.28394,265.3776,0.018611029,14.404106,134467.8,DICTIONARYBRUTEFORCE
29.208809,5.956735,108.8732,1746.3977,0.069935344,0.23745005,-0.0155583965,0.14709918,0.6707807,-0.012209081,-0.046124786,8.304173,2.969853,1.0443192,-0.25293,-0.03849495,0.47357485,0.12559408,0.0058094226,-0.02170558,0.19673988,-0.022774123,0.81155074,0.17696987,0.08262852,0.021799482,-0.09577407,-0.046041083,1.0187279,1.0034273,-2406.5625,62.4665,1887.566,167.5638,581.58813,203.70493,0.014525659,6.050789,493538.3,DICTIONARYBRUTEFORCE
35.49124,3.6145563,93.3699,-200.87012,0.033043448,0.03464895,0.048012234,0.120226674,1.1521707,-0.034568883,4.3478794e-05,14.644052,0.70369357,-0.10548362,-0.014123039,-0.08940184,1.0007422,0.0050332956,0.0075238287,-0.010185511,0.0987708,-0.025313135,1.1302457,-0.13664685,0.022459682,0.08986902,-0.06645351,0.018497989,0.9816421,0.9436817,724.3447,64.58695,1357.6742,519.76154,509.8757,526.73773,0.010813628,7.2332687,247853.58,DICTIONARYBRUTEFORCE
23.65548,7.7540417,68.495,11276.568,0.08259183,0.11046882,-0.05057819,0.32215163,0.6136548,0.02840264,-0.021925181,5.5965967,0.9121289,0.20136201,-0.01786403,0.033992276,0.31107092,0.064766064,0.013099923,0.07728712,0.13040899,-0.04725613,0.6863792,0.21991952,0.014086412,0.067080036,-0.0038251886,-0.02646709,0.9572621,0.9731162,3630.8457,58.360348,-40.551544,74.41351,-37.131207,91.24914,0.011885643,8.612709,-35283.367,DICTIONARYBRUTEFORCE
22.142143,7.307209,132.49393,-1421.9976,0.035685375,0.09510561,-0.0049834047,0.30899772,0.58021784,-0.01144574,0.010098935,4.5538516,0.805962,-0.04964901,0.0068600103,0.09522933,0.16047925,0.10266468,0.0026654545,0.021026356,0.12435855,-0.0072970516,0.6752344,0.26304072,-0.02161333,0.024685001,0.03968783,0.012950052,0.9923418,0.98419607,1164.6108,62.422596,708.44226,217.72525,254.07614,216.28435,0.01370653,8.977852,89468.01,DICTIONARYBRUTEFORCE
28.806015,2.3311698,91.997345,7850.33,0.05290786,-0.015427495,-0.013587005,0.12665074,0.93529385,0.010100444,0.015246687,9.484985,-0.07571852,-0.057359293,0.014033781,-0.05384225,0.520239,-0.0013313163,0.013028928,0.011636833,0.16491161,0.057465542,0.8661274,-0.0008659177,0.015924457,0.1341584,0.1143689,0.008951173,0.94560647,0.9027263,-2146.335,62.56197,-21.161621,154.72504,7.267462,157.20871,0.020595651,-1.9339828,8361.033,DICTIONARYBRUTEFORCE
23.617264,7.8804593,109.15033,14583.969,0.06881714,0.022758214,-0.040844508,0.30734673,0.5565539,0.049067244,-0.026565071,6.43764,0.61523765,0.16896966,-0.17626517,0.00021052547,0.20558965,0.0791928,-0.039009538,0.01507194,0.21041143,0.083192885,0.50698984,0.344488,0.05579086,0.071897104,0.07049116,-0.07424786,0.94126815,1.0151768,3759.2444,64.75684,575.99634,124.23596,118.802025,195.31363,0.024842734,10.012474,59335.04,DICTIONARYBRUTEFORCE
26.38187,5.1539226,111.08005,1275.1052,0.016436294,0.00010887161,-0.025592603,0.38323265,0.84652054,-0.0016078638,0.014410045,7.739577,-0.19437882,-0.03339523,-0.0010293722,-0.022486318,0.5540281,0.044907458,-0.0011803163,0.016926277,0.11300161,-0.014114245,0.8593391,0.079867214,-0.022289746,0.08102918,0.0042517344,-0.017735552,0.99452037,0.9337051,4098.961,60.40993,587.0963,220.8776,234.01517,213.22044,0.015094131,9.168739,94626.41,DICTIONARYBRUTEFORCE
20.773806,8.7263775,120.09151,196.34961,-0.015803041,0.012056994,-0.011420087,0.40628156,0.6018904,-0.0054695047,0.023047961,4.604327,0.049776256,-0.2186148,0.0030888617,0.00813363,0.17673312,0.04632879,-0.0061113387,0.030284617,0.1307583,-0.024355851,0.6165298,0.32897678,-0.006634693,0.05710824,0.016076408,0.009826216,1.0000849,0.9649774,391.01562,66.84685,458.41873,222.23312,127.28364,217.18532,0.010082986,11.337776,13465.308,DICTIONARYBRUTEFORCE
27.686146,6.054405,109.2475,-620.2783,0.06559731,0.16200796,-0.0084126955,0.2934378,0.658217,0.015316716,-0.028868856,6.589948,1.5938253,0.6271768,-0.02361276,-0.056906883,0.5682355,0.10709463,-0.0087611135,0.0010625646,0.111057416,-0.019152913,0.79184854,0.17863804,0.00015557045,0.013713977,0.0015472388,0.00266972,0.9974858,1.0066581,114.154785,65.24843,226.99542,86.48388,70.69118,97.03692,0.015280802,12.6317215,14104.051,DICTIONARYBRUTEFORCE
19.616972,10.278403,128.3414,-3652.4517,0.021245254,0.050216045,0.007741716,0.095798664,0.50862336,-0.04561486,-0.030405821,5.5904126,0.73967195,1.1315532,-0.17030019,-0.06509335,0.26034018,0.15743808,-0.01632826,-0.0065154023,0.098470666,-0.049695965,0.49678007,0.49602956,-0.0002651778,-0.015715923,-0.0052190153,-0.007777847,1.0500592,1.0324277,-1064.5537,67.015366,975.62964,270.8014,325.13535,253.19156,0.010446598,10.235916,133107.97,DICTIONARYBRUTEFORCE
31.084448,4.7252107,88.83335,-238.99463,-0.010048187,0.04906379,0.053838246,0.20152843,0.98277926,-0.012201308,0.0023055263,10.262034,0.7373301,0.199552,1.163513,-0.16493933,0.9961171,0.0052361004,-0.035465494,-0.043516554,0.14740412,-0.05562868,1.0301769,-0.019788653,0.025332998,0.01785546,-0.033880487,0.0015816838,1.0021187,1.046488,12941.735,62.999523,2419.435,764.88666,885.53845,778.2232,0.005313036,12.945633,736820.8,DICTIONARYBRUTEFORCE
27.329243,6.376085,95.88901,10798.791,0.11023627,0.0033967164,-0.023808155,0.056635648,0.8533346,-0.06568542,0.008232148,8.710812,0.4620491,1.3873209,0.041890614,0.084047005,0.09394682,0.049812384,0.033037327,-0.021251895,0.16480058,-0.04869217,0.77165043,0.1405056,0.016233936,0.021097483,0.048958097,-0.026192848,0.9720558,0.9762239,-530.4746,62.02693,-77.8793,109.25701,20.093164,98.60997,0.008295149,3.1187592,-16484.508,DICTIONARYBRUTEFORCE
31.846428,4.596636,98.34997,-1943.56,-0.027473291,0.035974547,-0.03243484,0.53368235,1.0205638,-0.016091557,-0.007348116,10.33615,0.5954431,-0.14712268,-0.06951351,-0.122346394,0.86928904,0.0025905157,-0.014196105,0.05170049,0.16381712,-0.0014695246,1.070257,-0.072046615,0.020558208,0.02851979,-0.038699094,-0.027269779,0.9733941,0.98410845,-1381.9238,62.03479,570.31793,150.48969,215.64642,154.81552,0.009002952,11.224976,76864.625,DICTIONARYBRUTEFORCE
27.867947,5.319653,97.44858,1350.4695,-0.03138983,0.013075349,0.0026532752,0.13344389,0.84871733,-0.017032634,0.039997954,7.600857,0.008666441,-0.15597412,-0.093890965,0.07012944,0.4921696,0.030970538,0.018255029,0.05834183,0.0894375,0.0056482106,0.92064285,0.033369254,-0.0113387415,0.049644217,-0.010629649,-0.026085194,0.9916884,0.96927094,887.41064,62.645794,231.4402,127.959335,95.73403,124.49906,0.0049995305,12.667603,20251.35,DICTIONARYBRUTEFORCE
30.72205,4.3796616,87.77831,48196.69,0.053485747,0.10113664,0.020904068,0.16639023,0.9302894,-0.029485352,-0.007078121,9.152362,1.108271,-0.05899139,0.0499315,-0.06333026,0.7708385,0.021753483,0.010838056,-0.0099692065,0.08991561,-0.07699401,1.0039041,-0.05704652,0.00036047772,0.07820461,-0.045869626,-0.0023351423,0.99466085,0.9988989,-440.2959,61.72006,326.22098,143.28217,127.40064,147.11382,0.010691206,12.961891,25916.535,DICTIONARYBRUTEFORCE
25.182602,5.4372663,63.41212,-2252.7153,-0.010151294,0.049874704,0.002145411,0.08471488,0.75268626,-0.00065356086,-0.023707647,5.929567,0.47449276,-0.18663406,-0.08147405,-0.09950982,0.7037879,0.036643036,-0.022505736,0.036252692,0.06390533,-0.068296924,0.78750837,0.12496532,-0.029382251,0.124612294,-0.036053926,-0.03442165,0.94596696,0.93566495,-355.63818,60.843014,974.43317,527.3165,364.85806,555.9122,0.019844642,8.464081,166636.02,DICTIONARYBRUTEFORCE
31.985268,2.2813168,81.50942,14677.867,0.042929668,0.23560439,0.009803112,0.12913948,0.7217929,-0.044162236,0.0011556875,6.457883,1.8457513,-0.037385423,0.0542807,0.1400932,0.2721212,0.0691155,0.061920114,0.004679407,0.096505284,0.0042507704,0.9124483,-0.017787857,0.016376005,0.0585364,-0.0007595308,-0.0300785,0.96754307,0.8634143,-5988.415,67.29078,199.3326,136.55011,42.59951,189.5343,0.02202447,2.8310318,-3632.301,DICTIONARYBRUTEFORCE
19.599182,9.192972,118.84485,5091.5195,0.055292953,-0.0077759908,-0.042705603,0.32569745,0.55142426,-0.011631116,0.007857929,4.785129,-0.43929294,0.003803745,-0.023319077,-0.104040906,0.41201574,0.08499816,0.01917878,0.040802542,0.08519101,-0.08251728,0.56356215,0.3625726,-0.03767181,0.07016725,0.0049157767,0.0035453867,0.99134105,0.9666934,3132.0122,59.16103,292.1713,126.356,87.436455,131.10548,0.013421534,10.435837,5615.2026,DICTIONARYBRUTEFORCE
24.417473,6.9212418,66.02489,3020.1743,0.030934883,-0.0057928474,0.021528807,0.14009838,0.73874974,-0.010147692,-0.0045408844,6.8735476,-0.19052146,0.04331671,0.05125936,0.026475454,0.38212216,0.03268615,0.017432414,0.0020548236,0.11225839,-0.029422883,0.73481387,0.19593598,-0.015310351,0.0747157,0.0025895657,-0.0067206193,1.0044017,0.953569,714.708,59.800068,224.85654,93.446335,87.22775,111.37816,0.0057585277,12.944565,12268.156,DICTIONARYBRUTEFORCE
25.806633,5.6483164,96.21439,7788.608,0.09980488,0.013746388,-0.024528613,0.37017655,0.79608613,0.017733987,-0.018726831,6.496627,0.08777753,0.2862307,0.01615971,-0.12134679,0.7698409,0.056659374,-0.0142526515,0.0012930809,0.089507736,-0.083034664,0.80473465,0.13925415,0.010967887,0.09292353,-0.027484491,-0.020691866,0.98958606,1.006491,1051.4248,59.772976,520.11017,225.41763,186.3905,247.99402,0.014517655,7.0573883,44726.836,DICTIONARYBRUTEFORCE
33.02447,4.693965,138.25165,-3145.375,0.082855366,0.062135626,0.011590877,0.16951276,0.93484074,0.028347775,0.018133115,10.938616,1.5410687,1.7465582,-0.12099525,-0.11946176,0.7526028,0.11805943,-0.023545336,-0.05105065,0.1461237,-0.042657014,0.9560605,0.058956526,0.049347557,-0.030186187,-0.006227535,-0.00815859,0.996549,0.99670625,-3028.0498,74.36314,430.83646,143.53635,91.052605,129.01465,0.017067563,7.5668793,26884.227,DICTIONARYBRUTEFORCE
31.62825,5.0295715,64.08135,67400.98,0.079690136,-0.021015553,-0.028692234,0.30772644,0.90063953,0.0031486368,-0.007031412,8.17498,-0.77295697,1.1037543,0.089012995,0.05323026,0.5377675,0.018889293,0.032599773,0.011499928,0.15578604,-0.020398052,0.86687225,0.08134111,0.021263754,0.023927886,-0.021813527,-0.008275322,1.0511099,0.98658043,10577.468,65.00367,1357.6044,665.1373,535.19,696.6144,0.0034047053,11.563255,482362.88,DICTIONARYBRUTEFORCE
28.033375,2.6410713,79.95422,4052.4233,-0.026794152,0.05409925,0.041307602,0.43557355,0.796728,0.0020919163,0.012973642,7.926171,0.8026881,-0.2684068,0.03916454,0.00022530556,0.38672712,0.052618533,0.0046450645,0.028534789,0.1449678,0.014339348,0.8888759,0.012619295,-0.009545519,0.08317825,-0.017265044,-0.03306014,0.9605995,0.8928803,3206.5793,62.969822,636.5697,195.22192,202.21692,304.44412,0.029343331,8.590271,103526.07,DICTIONARYBRUTEFORCE
26.561068,6.957951,80.19916,570.1531,0.12286,0.10518096,-0.018256186,0.22355035,0.72084576,-0.038495593,-0.019021224,7.998227,2.0364096,2.1924806,-0.14860868,0.025729466,0.21769963,0.113689035,-0.022455119,-0.05558742,0.1856128,-0.038752846,0.7005687,0.23078068,0.030911097,0.08364212,0.036008775,-0.026089534,0.9661919,0.95577586,3054.1938,61.81015,968.70966,268.32825,351.22833,283.84073,0.017296437,2.2444992,154035.17,DICTIONARYBRUTEFORCE
13.999006,11.228204,119.795456,-2399.4082,0.021598972,0.09052586,0.17767635,0.05689918,0.35240355,0.037221473,-0.044523932,2.2135997,0.84690976,-0.09608425,2.4093409,-0.016152203,0.009719125,0.054775734,-0.028418623,0.088982835,0.06826968,-0.047860872,0.43586236,0.50443214,-0.0082452195,0.12607722,0.01377226,-0.025979899,0.9357822,1.0187992,2385.7817,61.260258,119.79753,186.30641,18.529873,165.18884,0.014851432,11.845291,-19022.596,DICTIONARYBRUTEFORCE
24.199648,9.235939,60.449615,6257.914,0.04190272,0.24315949,-0.015265025,0.25436255,0.44070497,0.017376605,0.025352094,4.059307,2.131249,-0.009893215,-0.121804364,0.059838787,0.017533008,0.058890417,0.0057167467,0.03581513,0.119690776,-0.016493617,0.6818255,0.30413514,-0.024515605,0.027435485,-0.013485586,-0.0009586476,0.98981583,0.99040276,-2791.4502,64.66923,66.03105,49.12461,26.200733,80.7615,0.00296768,12.479813,-17146.012,DICTIONARYBRUTEFORCE
25.120459,5.9952135,121.92366,-1605.6836,-0.025771815,0.0221218,0.0062798825,0.1639986,0.851584,-0.024361229,-0.00980922,9.431353,0.26018134,-0.19337606,-0.061885335,0.061835453,0.37656143,0.032292113,0.0019488763,0.026501006,0.111300245,0.03735106,0.86164063,0.106479466,-0.0010787579,0.042683907,-0.027028145,-0.028691506,1.0008813,0.9654172,-458.54346,60.002155,579.95905,185.4949,195.85696,173.10039,0.0059676087,10.411781,54236.445,DICTIONARYBRUTEFORCE
29.520617,3.1148553,93.74296,-4394.477,0.03129124,-0.012995377,0.031066958,0.32133743,1.0433217,-0.03436027,-0.009138013,11.278492,-0.62463903,1.0483105,1.1127454,0.015155414,0.52928406,-0.025781784,-0.012599969,0.03179381,0.15141217,0.045589663,0.99304634,-0.0450729,0.01766487,0.017218439,-0.015565679,-0.06888877,0.95516086,0.98336565,-3681.1367,60.73324,9.523453,-4.258972,12.125314,-5.4259644,0.009424236,10.366188,-18992.992,DICTIONARYBRUTEFORCE
24.263214,4.6924496,111.57213,36567.074,0.12963401,-0.029846942,0.033544283,0.11650188,0.8267776,-0.054496866,-0.042101365,7.6922536,-0.9257282,0.31840688,0.19520439,-0.19273175,0.84365475,0.014714694,0.028143281,-0.02689815,0.11092063,-0.037884608,0.7767316,0.1006711,-0.021537894,0.10879106,-0.034948573,0.00018100254,0.9858203,0.9241901,5931.618,58.67072,36.408813,133.92595,15.738534,184.9857,0.02437112,6.2885437,-4377.021,DICTIONARYBRUTEFORCE
27.479818,4.287997,128.2992,-1437.8105,0.06482432,0.17838012,-0.015671065,0.2836393,0.7730856,-0.051333226,-0.015298235,7.408329,1.8625795,0.4989984,0.24217777,0.00076212455,0.4845166,0.08560449,0.0057955645,0.005249474,0.12766746,-0.032558493,0.9094905,0.02533803,0.007643648,0.04616762,-0.027242133,0.015729863,0.9674995,0.9591588,905.16943,60.419083,240.33138,9.207336,75.12877,28.486984,0.0140105095,7.92511,4502.2705,DICTIONARYBRUTEFORCE
23.207445,9.642713,96.4725,6823.5293,0.063566476,0.13321912,-0.05556148,0.10180235,0.48127708,0.0034821853,-0.07787795,3.610128,0.94450927,0.15492897,0.083602086,-0.14909881,0.8559019,0.10108887,0.0099233575,0.043981727,0.0782486,-0.09045352,0.6255702,0.35615817,0.04694115,0.06455088,-0.040767744,0.0056847,0.9902602,0.9757428,1278.2139,59.753754,-289.03528,38.271576,-94.476494,71.83827,0.017291872,9.269112,-58383.34,DICTIONARYBRUTEFORCE
20.055857,7.788744,88.89526,-449.6421,0.037368678,0.019653264,0.0035555102,0.04641339,0.548187,-0.0064346683,0.028898453,4.138708,0.09427947,0.43259156,0.16344559,0.03836111,0.41810265,0.081150346,0.013628812,0.021935064,0.08085639,-0.033735394,0.6229049,0.28395733,-0.016305432,0.08170024,0.009605129,-0.04021208,0.96631706,0.93348825,5277.969,58.73688,338.2112,156.76378,137.30443,169.35007,0.012784387,15.055397,42788.695,DICTIONARYBRUTEFORCE
27.374046,5.9893246,104.44168,1318.4553,-0.020546598,0.031819385,-0.00089705223,0.19410862,0.82437426,0.04959395,-0.008136748,7.0923347,0.7159943,-0.192834,0.11241353,0.042145096,0.34953624,0.033748977,-0.010938723,0.07948614,0.120559365,-0.0486833,0.84472173,0.098085724,-0.010745092,0.13522579,-0.040859003,0.00048294663,0.9553507,0.96871686,400.3042,65.28326,-8.704697,167.867,-1.2767353,175.8996,0.01718242,2.3708115,-14294.085,DICTIONARYBRUTEFORCE
29.950226,4.273845,75.08403,2438.9485,0.06492024,0.0043636602,-0.020557957,0.2934583,0.9267156,-0.035547324,-0.0074946303,9.005997,-0.57650125,0.45395258,-0.046528645,0.021075161,0.60660785,0.029683802,-0.0031005917,0.019276047,0.1681799,0.040405415,0.8789916,0.0072656986,0.016483903,0.11434547,-0.0036231242,-0.065586865,0.9732869,0.9719912,3533.1465,62.187546,1122.8557,216.60495,436.7354,236.65295,0.01562984,7.524849,283148.6,DICTIONARYBRUTEFORCE
17.507881,10.72826,101.59689,-1324.8604,0.07710348,0.05614206,0.009475892,0.17583364,0.41000748,-0.043618836,-0.031023817,2.9682302,0.80645204,0.8948951,0.0024776347,0.07595441,0.008367307,0.14444464,0.01612536,0.0017815363,0.13315368,-0.0055284845,0.43625522,0.50759614,0.0017804792,0.019829674,0.030042328,-0.0054713897,1.0094367,0.95730245,2266.5723,61.543045,521.4971,132.58395,193.92001,132.7276,0.01243962,12.118629,58543.58,DICTIONARYBRUTEFORCE
22.272972,7.0461774,143.23447,-2190.0527,0.06697224,0.24314271,0.0013293116,0.310827,0.43724445,-0.03367821,-0.017071638,3.5972478,1.6645558,0.06528948,0.035595857,0.0088829985,0.17353769,0.10369364,0.015002724,-0.004763687,0.122642525,-0.03239794,0.6430875,0.284906,-0.034413937,-0.02942869,0.046217993,0.027809426,0.988962,1.0147213,896.0654,62.007206,297.67676,139.33627,97.03863,159.02937,0.018363975,8.629616,13421.482,DICTIONARYBRUTEFORCE
24.38082,6.9288516,103.29668,-3408.8442,0.06638431,0.12672453,0.03899229,0.23764966,0.7218252,-0.009597385,-0.0030881586,9.107341,2.4320123,0.9718902,0.3035372,0.08541349,0.12541275,0.085090466,-0.0013251323,0.012551848,0.16869,-0.028595172,0.7949481,0.16991815,0.023780458,0.009043809,-0.024790054,-0.01814149,0.9811261,0.96985906,-1998.6304,59.239124,624.98,86.437096,168.67038,110.33403,0.0067884885,11.456192,30367.234,DICTIONARYBRUTEFORCE
21.878567,8.515398,78.33841,-5125.889,-0.014646871,0.017418101,0.015504189,0.19583543,0.5965402,0.025793333,0.021717474,5.592346,0.6252594,-0.18000978,-0.060767345,-0.07870998,0.39684084,0.06728087,-0.00069071073,0.018496977,0.13563764,0.005985596,0.61191,0.35887462,-0.028716994,0.07753589,0.011199311,-0.015225304,0.9758945,0.9319979,-747.23926,62.793736,254.17807,142.47838,103.52451,155.07619,0.012700937,10.572823,21385.186,DICTIONARYBRUTEFORCE
22.41155,7.1988177,91.15552,3351.2095,0.14374661,0.0036243235,-0.018199883,0.17844735,0.6603241,-0.0358103,0.015671156,6.806408,0.0820658,2.0678916,0.031449873,0.1131472,0.122028016,0.09465594,0.04341954,0.0018053222,0.118185356,-0.047015302,0.6459963,0.25685662,-0.01740494,0.083799034,-0.015073746,-0.04794833,0.95152104,0.9388481,359.06396,60.202103,427.4856,145.6754,121.882225,145.13849,0.014966602,9.851875,16425.93,DICTIONARYBRUTEFORCE
28.100462,5.3336806,72.554146,12572.682,0.021686452,0.3620966,0.031422447,0.099280074,0.5871551,-0.0039466326,0.028619725,4.7523932,3.2233617,-0.05754236,0.175075,0.20105287,0.035614386,0.025578422,-0.0023138244,-0.0006303238,0.12603413,-0.012005283,0.934012,0.007074446,-0.008804284,0.03328524,-0.019467322,0.0064663496,0.97270155,0.9545118,1076.5493,61.268158,57.947464,101.95535,23.072762,91.71512,0.0068118633,13.208122,630.76465,DICTIONARYBRUTEFORCE
26.770761,5.48802,107.55179,-4357.644,0.06014085,0.014240875,-0.005512347,0.3194881,0.8526393,-0.014889471,0.0057128584,8.361074,0.066921726,1.9196981,0.051864296,0.00459895,0.60529536,0.049602613,-0.005543125,0.0418827,0.11832371,0.00018320978,0.89131826,0.058881547,0.010911791,0.023317134,-0.058625974,-0.04549812,0.9999905,0.97033197,1734.1626,59.673378,302.10675,31.608257,90.7928,28.119423,0.007643167,14.40934,14557.21,DICTIONARYBRUTEFORCE
28.362171,5.818045,68.65839,46803.574,0.01346424,0.11195465,-0.005718842,0.089701414,0.7573265,0.008999119,-0.011214512,5.2798347,0.5792002,-0.21041897,-0.081492424,-0.058231708,0.6576572,0.10009979,0.04288903,0.05612588,0.0629215,-0.0537356,0.8111761,0.11927451,-0.059657484,0.08458824,0.0091294935,-0.02242744,0.9755095,0.924346,-4421.706,64.737915,858.008,248.32861,374.37836,288.7626,0.017862784,6.170334,209896.34,DICTIONARYBRUTEFORCE
21.573704,6.392733,110.94263,-9050.279,-0.015525125,-0.006529517,-0.008661993,0.55917645,0.6861895,0.032226887,-0.018091295,9.635767,-0.2670536,0.22378178,0.021874793,0.018619385,0.14267491,0.08905733,-0.00985199,0.027576465,0.105265394,-0.039490163,0.68830943,0.26591676,0.015307549,0.015561458,0.027768686,-0.028221672,0.96295065,0.96059555,-1011.5303,58.905067,1003.7309,110.697075,261.00754,114.02312,0.018152919,9.737465,82781.484,DICTIONARYBRUTEFORCE
18.33328,10.770857,116.05054,3024.405,0.028661884,0.018045014,-0.009242573,0.26993424,0.4545558,-0.017852077,-0.04260313,3.7339761,-0.12637469,0.08453723,-0.013792755,-0.09698924,0.29360867,0.072018385,0.0062455283,0.0020533614,0.15038556,0.026591651,0.41196078,0.5167733,-0.008290818,0.036543023,0.030186955,0.0010046456,1.0511659,1.0181876,6388.4937,61.22316,1592.2555,356.07028,572.593,411.6577,0.013017237,8.099709,370307.06,DICTIONARYBRUTEFORCE
25.90916,5.75674,98.258545,-3203.9849,-0.014515974,0.06072386,-0.018222285,0.22507392,0.76741016,-0.00039147504,-0.008778152,7.741769,0.8615786,0.43546218,0.32358706,-0.05128806,0.5796235,0.03173025,-0.036357448,-0.017434796,0.14834484,0.010833697,0.78570664,0.12195747,0.005789669,0.08370004,-0.025524667,-0.09863861,0.9634475,0.99093866,1301.3433,59.983776,764.7965,136.3346,249.94998,141.3865,0.017142756,10.881683,120367.12,DICTIONARYBRUTEFORCE
23.066193,9.028691,78.53579,9534.613,0.020143252,0.29218093,0.0121714,0.07762741,0.40711656,0.024578555,0.033084907,3.499241,2.5867362,-0.06802446,0.06533085,0.07208311,0.07767347,0.101209894,0.022669889,0.009985332,0.12797296,-0.024466606,0.6471311,0.31278408,0.018560955,0.02337803,-0.0027402164,0.030555952,0.95584923,0.9631415,1598.9849,60.55318,-72.52869,41.29662,-57.628777,64.81272,0.0077619725,14.128998,-42507.246,DICTIONARYBRUTEFORCE
27.786098,4.1441183,116.07601,3382.0476,0.05079028,0.02810415,-0.027583938,0.4242253,0.9210101,-0.0130831655,-0.0052064843,9.365102,0.18354414,-0.16859522,-0.06284596,-0.018529573,0.6283094,0.029822037,-0.012927324,0.023056254,0.13013695,-0.014184631,0.9225473,0.0052292226,-0.017155033,0.10932329,-0.006929729,0.028166454,0.9739664,0.98820144,-1257.7974,59.915688,593.91943,159.14632,207.4462,134.08788,0.008511597,6.037735,74285.54,DICTIONARYBRUTEFORCE
22.13197,6.622342,122.114,-8499.25,-0.07104121,0.04012515,0.0075056027,0.37530872,0.6925519,0.011923193,-0.080751486,7.8339124,0.81370884,-0.055618748,-0.06527872,0.11871566,0.0058146887,0.055309042,0.0015316391,-0.0090706805,0.1430693,-0.00608054,0.7226611,0.22561534,0.039942212,0.03938449,0.030387022,-0.004615113,0.94914484,0.94107854,-3537.1338,58.11029,452.9674,65.35448,152.20068,100.40497,0.018594924,4.915558,28764.418,DICTIONARYBRUTEFORCE
31.388046,2.1744533,60.696377,2458.8218,0.05284117,0.08884288,0.0015096576,0.444734,0.9529709,0.022454772,0.02811262,10.171002,0.9882006,0.29511,-0.05535397,0.19300194,0.21235636,0.048977144,0.00819405,0.026655419,0.13776252,0.024523994,1.0389651,-0.13690743,0.013589752,0.1260804,-0.0044580176,-0.062759526,0.92265844,0.92435277,-3172.1816,62.28699,435.03168,65.988144,132.90709,86.466965,0.01668222,7.2136536,53772.324,DICTIONARYBRUTEFORCE
32.134167,4.9721537,60.20412,-1378.7935,-0.020694334,0.34486616,0.022456637,0.14442533,0.6577744,-0.009151251,-0.00035154633,4.7979965,3.0005672,-0.20221922,-0.12555876,-0.038829736,0.69757843,0.038305543,0.051680747,0.06605628,0.059925213,-0.023159392,0.98141706,0.0067246086,-0.0149253495,-0.027682448,-0.04343906,0.044603586,0.9769033,0.9340857,-1835.669,84.60717,539.8948,235.67383,198.43695,252.13797,0.010667814,7.3193893,86743.27,DICTIONARYBRUTEFORCE
26.08965,5.732862,117.64737,3923.4397,0.1555402,0.027402148,-0.035407443,0.51583403,0.8256742,-0.009809518,-0.016674234,8.37313,0.47715753,1.5822452,0.008576772,0.014434012,0.23724036,0.0833101,0.034241274,0.008051595,0.12029819,-0.03230821,0.8079153,0.13909929,-0.0059740758,0.056786794,-0.035191715,-0.025915388,0.9675256,0.96793467,2488.8599,59.99207,380.46918,168.39551,101.59189,170.4859,0.013453023,2.788353,7689.8066,DICTIONARYBRUTEFORCE
29.197525,6.8823943,89.43813,1172.397,0.08428066,0.24453317,0.01326102,0.08065573,0.542846,0.0063228286,0.0014058314,5.9735355,2.702613,0.6996488,-0.1640922,0.069502585,0.26475728,0.18391533,0.0100040985,0.0125053935,0.13618001,-0.014376499,0.7356433,0.25975555,0.0071390388,-0.00075993245,-0.030782336,-0.022753542,1.022253,1.0091373,-974.4404,81.76831,860.6904,291.50464,304.64847,303.72803,0.01539986,7.1992493,137152.98,DICTIONARYBRUTEFORCE
38.204132,1.8145609,85.69279,8902.152,0.03597624,0.14475311,-0.021304207,0.48117134,1.0898095,-0.0067825736,0.014788231,11.691839,1.5378594,0.09642135,0.15816149,0.2022411,0.54210883,0.05136829,0.016261315,-0.027983677,0.18177828,-0.011657112,1.1954,-0.21838495,-0.0041740364,0.03013872,-0.058200635,0.012594982,1.0171597,1.0029483,689.85254,63.32109,1523.5392,361.16782,561.38855,378.02768,0.0051786336,4.8067703,462938.16,DICTIONARYBRUTEFORCE
30.784067,7.120986,70.200264,11596.14,0.1765342,0.18395746,-0.022310475,0.19844452,0.7062495,0.0028843554,-0.08920688,5.8603764,2.5889559,3.4641876,-0.05016903,0.0018854067,0.16839348,0.075686365,-0.05676207,-0.022110566,0.21268435,0.008583017,0.77066714,0.2148971,0.020555787,0.030462874,0.02476245,0.004631225,1.0088044,1.0359031,-4267.1904,64.52955,180.71521,139.70093,73.29901,121.780624,0.003782065,1.7689896,-4280.317,DICTIONARYBRUTEFORCE
26.127216,7.1874537,86.419716,-1706.1157,0.07729535,0.0075645684,-0.013970453,0.3698806,0.7654188,0.0009804853,0.010705259,7.8401103,0.12886979,0.84062445,-0.030905653,0.049955454,0.24034742,0.05207868,-0.00922508,0.019806156,0.14116299,-0.028753512,0.74262005,0.22481662,0.011060635,-0.012755705,-0.014936442,-0.04631119,1.025012,1.0189116,-441.0005,65.41977,587.44366,220.32335,162.84534,216.87943,0.0055323965,9.816513,28625.951,DICTIONARYBRUTEFORCE
26.263083,7.3467045,125.6805,-6039.8022,-0.029518742,0.010331937,-0.0011338689,0.30859992,0.8391501,-0.082137525,-0.048460197,9.182508,-0.20567475,0.54402983,-0.04985769,-0.040983256,0.5741342,0.06288306,-0.038710408,0.023962531,0.12153183,-0.039610572,0.81194973,0.1955495,0.014078438,-0.013589202,-0.05899,-0.0753296,1.112276,1.0409031,21448.707,61.4276,2474.2385,918.51337,992.0461,924.2498,0.0043961597,8.524773,752625.06,DICTIONARYBRUTEFORCE
25.978155,4.811223,100.26303,-2570.996,0.012267413,0.11094721,0.06764612,0.23957674,0.7851481,-0.002614201,0.024370586,7.082139,1.2213632,-0.07887563,1.1254852,0.12606572,0.2154372,0.057521194,-0.012016407,0.0090348385,0.13028672,0.0136462115,0.89031756,0.051709916,-0.024174815,0.061829742,-0.0006519165,-0.0059326366,0.9568377,0.9354507,-155.56836,61.10103,50.39435,65.20025,50.92571,74.335846,0.015698144,8.788094,-5699.081,DICTIONARYBRUTEFORCE
28.637894,4.8642225,71.229965,4479.177,-0.007465565,0.06018218,0.104379356,0.30409202,0.87408525,-0.0022282486,0.02492182,9.896474,0.58875555,-0.16655308,1.9533441,0.085612655,0.49532372,-0.00052403193,-0.012611709,0.019882515,0.08881542,-0.019822419,1.0258188,-0.010530276,-0.015830541,0.06219735,-0.033779494,-0.011856583,0.9999089,0.9772153,7754.7275,60.595104,1785.061,547.9715,679.89246,546.6277,0.0026122553,18.12423,717578.5,DICTIONARYBRUTEFORCE
27.096216,5.8953524,67.66954,3229.266,0.006870525,0.014332582,-0.025883045,0.32240582,0.8525112,0.017325396,-0.016905747,6.5546603,0.086341664,-0.014793592,0.17147718,-0.17270862,0.82049507,0.00981429,-0.021205207,-0.03544546,0.12883116,-0.03957201,0.87363654,0.105250254,0.004059833,0.051177252,0.006713341,0.0017805025,1.0044857,0.9736569,6356.8003,60.051994,1358.5499,654.62524,507.1544,684.10583,0.0060923304,10.783173,267575.66,DICTIONARYBRUTEFORCE
24.481615,6.600374,105.08857,1866.4163,0.08034551,0.16564329,-0.015669161,0.2598017,0.47839713,-0.002935748,-0.009959773,4.301346,1.1711187,0.5019838,-0.005032681,0.06902692,0.21719804,0.15568347,0.053541582,0.010118693,0.10083888,-0.03028659,0.6429941,0.3079713,-0.012885945,0.0071606226,-0.014830839,-0.030537784,0.9936001,0.98890203,1842.06,66.39757,542.95605,101.92762,154.6203,144.6468,0.023774946,12.624443,65632.41,DICTIONARYBRUTEFORCE
35.193253,2.2058547,76.072914,6809.651,-0.002034977,0.07240405,0.004292915,0.37927976,1.1167482,-0.012394272,0.057852954,19.67817,0.9607539,-0.17804772,-0.17665666,0.2097848,0.4478595,0.027549023,0.017975587,0.01843092,0.15300658,-0.004973635,1.1767855,-0.16403142,-0.00023360131,0.07112719,-0.060635656,0.031544037,0.94777614,0.95665836,-5245.1475,62.964844,1026.3892,292.95917,385.54413,290.853,0.0035465704,11.208954,191133.08,DICTIONARYBRUTEFORCE
31.61216,3.531782,111.76564,2171.6501,0.072716676,0.06680727,-0.049456876,0.6560449,1.0287127,0.013160943,-0.0107649695,14.28695,1.1700597,1.0148686,0.10938254,0.02162589,0.5319691,0.059783287,-0.0313919,0.013799446,0.14565265,-0.03454043,1.0358543,-0.056276977,0.023994854,0.063690126,-0.06492042,0.012663369,0.9276891,0.9812418,3571.1836,61.510742,1232.2218,292.91113,381.15134,334.3538,0.019975072,4.571541,182017.47,DICTIONARYBRUTEFORCE
25.106339,6.1496406,99.81969,404.10156,0.089727834,0.006676668,-0.015590815,0.2749934,0.76275826,0.016892938,-0.01833993,7.543083,0.14213294,0.5748734,-0.012250449,-0.059413895,0.7079442,0.06342885,0.006278814,0.031120272,0.06868279,-0.016487913,0.7813907,0.1784586,0.007207887,0.10278803,-0.02533802,-0.039560754,0.970452,0.9260684,-1749.8892,59.49807,180.07162,67.00343,67.89287,72.59823,0.018642237,8.492966,-5043.3364,DICTIONARYBRUTEFORCE
30.510643,4.3982177,68.85311,-1468.4448,0.06709605,0.1645628,-0.007092971,0.5337233,0.87868243,0.044074897,0.024137406,10.819716,1.8264662,0.03611132,-0.016033068,0.12642479,0.24846628,0.0674454,0.009186015,0.04454438,0.13642241,-0.030604547,1.033254,-0.056334328,-0.0024366984,0.049480766,-0.01208851,0.00674407,0.92910117,0.95043564,-2419.5068,62.689632,273.17072,73.86951,75.65445,95.76722,0.010649754,9.518471,-730.25653,DICTIONARYBRUTEFORCE
24.981113,8.069044,67.58469,8909.318,0.07732547,0.11199393,-0.0036388077,0.32898965,0.62645996,0.02059864,-0.03915315,5.980616,1.4319994,0.93395686,-0.015760414,-0.20166641,0.64685315,0.052131172,-0.021250734,0.003240807,0.16205099,-0.0031445548,0.6982623,0.26980963,0.035728626,0.05663045,-0.02090594,0.031691086,1.0065956,0.97442186,435.76953,58.774254,51.11621,74.00032,5.2786055,118.59892,0.012177655,5.3953247,-12918.748,DICTIONARYBRUTEFORCE
25.109814,8.595536,98.589775,7226.338,0.04578848,0.18181463,0.021879207,0.116836205,0.5514281,-0.0066260584,0.042106807,5.422288,1.4334137,0.12357689,-0.13786364,0.11854808,0.06560773,0.11246033,0.031712957,-0.01620146,0.12297232,0.034828734,0.70415175,0.2346478,0.02844289,0.037614863,0.015824918,-0.019027464,0.96927565,0.9721914,-4820.5576,62.66214,479.07025,88.04471,118.19655,123.99552,0.008834231,8.437851,20278.812,DICTIONARYBRUTEFORCE
17.72278,11.030283,70.97454,-666.2842,0.058264393,-0.00017452985,0.0051790033,0.026483169,0.44991925,-0.010569947,0.0071309363,3.737936,-0.18419755,0.8213068,0.19435626,-0.016744716,0.19577168,0.08768358,0.014807263,0.0076629915,0.111969426,-0.02309968,0.45760256,0.5112315,0.010887884,0.07297746,0.008437544,-0.028142631,0.9502133,0.94456184,168.21826,58.441967,-97.3685,16.799767,-1.1034584,55.452007,0.009341905,13.246193,-35101.29,DICTIONARYBRUTEFORCE
24.636963,5.006077,89.016205,74166.5,0.09229773,0.16618381,0.030106558,0.1485697,0.6508272,-0.09752099,-0.021670664,5.703555,1.3355415,0.2648545,-0.005202871,-0.08117907,0.4253501,0.06609552,0.033424344,0.030322606,0.08597714,-0.035214607,0.74094933,0.13214801,-0.0031636842,0.09276327,-0.035020366,-0.03770766,0.9573017,0.8796912,1137.5635,59.2011,625.00635,204.70178,213.79968,293.40714,0.025896803,8.143547,70012.77,DICTIONARYBRUTEFORCE
24.81049,6.493858,86.80621,-85.816895,0.045039248,0.07679001,-0.003034349,0.30300185,0.68322635,-0.0012580556,0.025159316,6.0530024,0.7117447,0.24748546,0.046951924,0.10951166,0.254992,0.10915909,0.023621542,0.009073726,0.12533815,-0.033199456,0.745322,0.18836203,-0.021467421,0.0554429,-0.024245914,-0.02836165,0.9748968,0.94492877,2205.8877,60.031364,1293.6826,219.18958,463.2497,242.19894,0.011750282,12.806274,306738.97,DICTIONARYBRUTEFORCE
27.552662,7.13982,61.179657,2707.1167,0.014601706,0.044588473,-0.0038902299,0.2625961,0.70749193,0.019902384,0.05745478,5.522704,0.06572837,-0.056929324,-0.01479998,-0.038137544,0.49304947,0.02108346,0.011749227,0.015333771,0.14149466,-0.012273038,0.7531655,0.19231078,-0.025076952,0.055885114,0.0076257293,-0.008500031,1.0301551,0.9671569,641.9678,68.905876,198.544,138.57812,99.388435,166.79996,0.0055787135,11.117889,24349.697,DICTIONARYBRUTEFORCE
26.597754,8.360665,95.789055,5391.4727,0.019149905,0.06913891,0.00096504344,0.16487454,0.67000973,-0.015401995,-0.026067505,6.642625,1.0048456,-0.08164576,-0.011742002,-0.04333458,0.52365345,0.0962621,-0.008014612,0.030477205,0.118424624,0.019944215,0.67890453,0.29340792,0.024634924,0.00770446,-0.0038792985,-0.0032050814,1.0414644,1.0131118,290.49902,64.26938,1914.9535,411.06967,676.1456,406.46844,0.0073075728,10.074112,445913.2,DICTIONARYBRUTEFORCE
21.030928,9.278017,95.234085,-57.28418,0.012647602,0.18722597,-0.03176571,0.20960079,0.46847034,0.02702615,-0.010616574,4.4142895,2.4063852,0.18729049,-0.050613288,-0.14147918,0.33510515,0.11568979,-0.03060867,-0.013039278,0.18759593,-0.005725948,0.53952897,0.3872142,0.012365702,0.09319094,0.0048486143,-0.027159603,0.96962774,0.98245835,-151.22168,61.320847,526.44214,121.568726,181.50388,138.95688,0.020701993,4.2150955,58654.645,DICTIONARYBRUTEFORCE
30.575407,6.251628,74.012,16442.412,0.12310651,0.24146059,0.023592383,0.014947063,0.650956,-0.00266161,-0.06682192,6.9059243,2.9542117,0.62934613,-0.1436931,-0.19634485,0.5806656,0.043998234,0.004037665,-0.042073656,0.13863671,0.0007686252,0.7680516,0.23950331,0.026489405,0.018203555,0.06983112,-0.022510681,1.0310285,1.08639,-1071.1714,66.52629,1010.4238,391.26523,376.2918,448.49866,0.0042124037,7.6901855,268176.53,DICTIONARYBRUTEFORCE
27.551826,5.1083717,74.17843,-4633.0522,0.02079014,0.103928365,0.0044892402,0.40851125,0.7991985,0.0020334758,0.017111149,8.260702,1.3080866,-0.055324975,0.12607943,0.14704998,0.24880877,0.059492584,0.011911252,0.016411955,0.13669576,-0.021408178,0.90813774,0.053343307,-0.018072326,0.058073156,-0.024843693,-0.031214042,0.9540866,0.96063066,1029.3467,60.753384,394.52072,122.583786,140.9306,150.44756,0.01036237,11.943962,20946.518,DICTIONARYBRUTEFORCE
17.720531,7.8314943,99.27516,17170.182,0.06297842,0.05225873,0.062189884,0.08681729,0.5104618,-0.0099356305,-0.07620467,3.4935312,0.70105344,0.7061785,1.7351412,0.0076172217,0.0004186649,0.17895325,0.02878095,0.1258473,0.17584378,-0.046460126,0.50051737,0.32957786,-0.031677198,0.112061635,0.035695136,-0.026990866,0.93362534,0.9345651,5312.556,57.8433,20.847366,138.47913,13.875706,194.31534,0.027390847,1.9114761,-20943.637,DICTIONARYBRUTEFORCE
29.214893,5.2564163,101.893936,3310.3708,0.07205715,0.027278155,0.014855053,0.26243076,0.8830163,-0.039172336,0.003655071,11.862845,0.5971183,0.6443578,-0.19520652,0.25413382,0.06083655,0.09153935,0.007823849,0.027280802,0.1358038,-0.028290208,0.88145,0.09489078,0.014606651,0.052946698,0.0013658963,-0.024052428,0.9933381,0.979607,-1903.2144,63.365444,585.9151,216.12009,178.27829,187.66672,0.009196765,8.102341,42469.965,DICTIONARYBRUTEFORCE
18.930143,9.760946,93.05952,635.6902,0.0360161,-0.010780584,-0.0061755325,0.020195557,0.5395676,-0.032351688,0.030532358,4.774475,-0.33280337,0.30989516,0.055047713,-0.063793354,0.41317898,0.07888377,0.01790744,0.0020904094,0.0983077,-0.04188007,0.54048884,0.41959026,-0.020505218,0.05582455,0.01485863,-0.0026269816,1.011699,0.9569323,5185.4795,59.403805,411.08356,293.64688,173.9325,294.65094,0.010290424,9.457153,51582.61,DICTIONARYBRUTEFORCE
28.971304,3.3867161,53.7078,626.9619,0.009952652,0.08412967,0.009865864,0.14580666,0.82047564,0.004127969,0.057262667,7.317769,0.6386218,0.08807729,0.44191572,0.07938393,0.5841803,0.04663956,0.025659088,-0.0045399414,0.10798105,-0.049998745,0.9587445,0.0039034295,-0.02423901,0.10439138,-0.011740796,0.0044964254,0.94909567,0.87744325,226.30566,62.118042,1088.2993,277.42566,455.45813,283.3151,0.007123018,13.290405,287441.75,DICTIONARYBRUTEFORCE
22.500858,6.2798057,100.442795,-347.9707,-0.02899736,0.03991373,0.0160683,0.34938928,0.59882796,0.07157412,0.018296344,3.406871,0.5470789,-0.035457358,0.14111926,-0.035654087,0.24818671,0.11863296,-0.07076935,0.045178205,0.119683735,-0.034218386,0.62126076,0.23432902,-0.048985053,0.1230383,0.042429883,-0.039098706,0.97514623,0.9501535,2839.699,67.48219,600.5436,250.73987,210.9603,246.49112,0.02997167,7.5279236,61623.0,DICTIONARYBRUTEFORCE
27.279545,4.9991093,120.10237,-336.5122,0.095684126,0.019658897,-0.013274513,0.33165887,0.93972796,-0.036594376,-0.008235641,13.17181,0.43471393,2.3335829,-0.09350951,0.10614537,0.22639418,0.06751293,0.004584403,0.0121640265,0.15190995,-0.053171106,0.88614815,0.09594097,0.0212253,0.015921762,-0.05224636,-0.011023105,0.9769897,0.96375346,-2775.2754,59.26733,481.82477,88.84128,143.8162,92.8552,0.010634888,6.294075,22120.953,DICTIONARYBRUTEFORCE
25.612078,7.104799,91.59155,805.3047,0.073383085,0.1845048,-0.002406831,0.09366442,0.60911745,-0.021769607,-0.005810475,5.3631916,1.8982768,0.27713758,0.058553696,-0.070253804,0.58845055,0.11630024,0.037511382,-0.0071607665,0.10441333,-0.055484183,0.75581825,0.23834936,-0.018084293,0.034292392,-0.0023896666,-0.0056788977,0.99507654,0.975098,-549.1211,61.001442,281.27084,106.826035,96.06348,132.88222,0.012888555,8.458878,25591.084,DICTIONARYBRUTEFORCE
27.052992,3.4256663,111.66726,33485.957,0.110695496,-0.012556377,0.05004356,0.34247327,0.9255319,-0.010285951,0.006552222,7.6658287,-0.5106317,-0.13877389,0.5819121,0.07640404,0.32162043,0.04138732,-0.02685189,-0.034456164,0.16088676,-0.09710266,0.8980579,-0.0069105527,-0.042210393,0.17241351,-0.012420229,-0.019682024,1.0013558,0.97295797,1768.6895,59.99753,336.4837,226.44894,104.15028,188.60464,0.012347014,4.481407,23094.56,DICTIONARYBRUTEFORCE
30.80708,4.918169,97.11047,5036.53,0.031949036,0.0047878493,-0.01807736,0.2950685,0.93790495,-0.025314625,0.0010028481,8.354504,-0.13771808,0.048801783,0.026897827,-0.01323737,0.7159434,0.059737593,0.028084097,0.01199623,0.12619725,-0.00809315,0.8963993,0.060463153,-0.0030915765,0.032971077,-0.01713086,0.0017172284,1.0086232,0.98639244,3646.7297,64.200775,1310.8682,394.59705,524.72815,395.78445,0.012801234,8.89872,355241.3,DICTIONARYBRUTEFORCE
28.770832,4.9494963,99.06087,-907.65967,-0.009777871,0.05663466,0.0068910886,0.31257966,0.8274827,0.00563479,0.019278679,7.593021,0.27367777,-0.21476504,0.061448768,0.012864007,0.68662184,0.047350556,0.017690698,0.05165737,0.108634636,-0.06263999,0.9242451,0.056096543,-0.028837407,0.021957608,-0.03679566,-0.011132629,1.0093309,0.98885906,6448.3975,65.38871,1380.251,362.98453,548.10504,366.39127,0.009382724,18.188934,400264.22,DICTIONARYBRUTEFORCE
29.022125,6.288522,105.33838,8786.142,0.056906357,-0.0004585497,0.007977972,0.32878223,0.8917596,-0.06337538,-0.01151876,6.558611,-0.31032693,0.09564808,-0.036527064,-0.006035343,0.63170475,0.043681405,0.006222925,0.006082491,0.15265813,-0.044483673,0.8945236,0.080648504,0.017691165,0.038535275,-0.03950706,-0.00076314434,1.0112959,0.9982303,4543.0083,63.180134,1445.8975,694.15454,568.89075,681.5008,0.004031462,9.088905,505336.06,DICTIONARYBRUTEFORCE
28.411793,4.8330946,97.05525,-498.57617,0.15471803,0.1420695,0.014446687,0.22722283,0.82015353,-0.06257168,0.011981827,10.250294,2.6420844,3.5735326,0.6440285,0.15814513,0.42228904,0.087540954,-0.023573192,-0.028112117,0.16197428,-0.0560627,0.9149534,0.105591856,0.048960667,0.015194945,-0.0450292,-0.0064970646,1.007358,0.973271,1709.0801,60.21553,1814.843,394.47443,581.99097,430.73727,0.008301416,8.432831,300061.53,DICTIONARYBRUTEFORCE
20.726206,8.694644,105.77025,-975.8999,0.03935184,0.14867733,0.07968015,0.013853492,0.49993676,0.021083457,-0.0015061488,4.3790236,1.3526498,0.31392628,0.4667336,-0.037038855,0.22392984,0.10721952,0.020772848,0.010017533,0.11788185,-0.025519894,0.6187715,0.32288748,-0.00077803154,0.037618227,0.030706715,0.00067863613,0.95517725,0.9726145,414.5127,59.30946,-135.84991,11.8495865,-48.546967,57.919064,0.005352744,9.437454,-35926.324,DICTIONARYBRUTEFORCE
23.910845,6.5653257,85.9133,-1435.145,0.0087530995,0.10937112,-0.015661946,0.23112273,0.5902338,0.07621288,-0.010231633,4.442173,0.9268396,-0.40416253,0.061951518,-0.058576573,0.60596627,0.06573855,0.0030827103,0.03142714,0.10142055,-0.078605786,0.71634626,0.22581826,-0.02767058,0.09857745,-0.004094625,0.01244116,0.95773566,0.93663186,-1792.4238,61.43293,31.595276,88.23123,-5.1875267,110.58252,0.018713227,9.322784,-17750.447,DICTIONARYBRUTEFORCE
25.401651,7.043689,54.17523,-2205.4556,0.021354377,0.021249404,0.06353569,0.046393868,0.6976587,0.025047034,0.02827691,6.3529787,0.52215606,0.06453118,0.1849511,-0.05651154,0.5776817,0.05836311,-0.0022703316,0.010730237,0.093353234,-0.020948377,0.77925056,0.16999948,-0.00044310233,0.08036269,-0.0065344246,0.025398033,0.9742225,0.9336529,-234.27295,66.09178,11.611588,109.8359,43.247425,104.6037,0.0041403784,14.979057,-8265.594,DICTIONARYBRUTEFORCE
26.841387,5.4511366,72.76344,-2974.1743,0.077377886,0.09957195,-0.003940654,0.3422607,0.77661866,-0.040413007,-0.056312695,8.18541,1.821652,2.6800485,-0.17073199,0.08555901,0.108329274,0.0935767,-0.006267829,-0.03330814,0.16427638,-0.03951645,0.77649593,0.1640409,0.04485707,0.10437973,-0.034280546,-0.08169581,0.928005,0.9646015,-1776.044,60.984333,785.00494,106.15573,272.10184,173.65894,0.017111737,4.3980103,92566.266,DICTIONARYBRUTEFORCE
22.500397,8.617328,77.073395,-1685.23,0.033825837,0.20882516,0.0089115575,0.28798434,0.463068,0.0032590395,0.010342094,4.1405177,1.9107687,0.08843526,0.035548992,0.02054254,0.15839782,0.10714177,0.03383282,0.0047694007,0.121609986,-0.01740896,0.666638,0.32122144,-0.02711694,-0.0032370351,0.0040570507,0.00037382357,1.0160607,0.99752176,1278.7964,64.06277,378.84106,124.499054,124.01384,147.36917,0.0073862895,12.623291,20368.152,DICTIONARYBRUTEFORCE
24.490135,6.618123,78.992325,-1138.6147,0.052870467,0.151726,0.016619612,0.26938286,0.5553217,0.02132431,0.01030689,4.451173,1.3404781,0.07471124,0.122321784,0.11413139,0.19090669,0.114072934,0.036182866,0.009096753,0.1447196,0.0038466742,0.694996,0.23932494,-0.05443005,0.04258138,0.0034192204,-0.040803917,0.985937,0.9548213,8428.448,62.270805,1328.2346,296.79678,503.51767,342.5427,0.019915361,10.160744,419844.47,DICTIONARYBRUTEFORCE
21.107897,9.034497,86.15826,49.774414,0.044547696,0.020291418,0.003437677,0.040640146,0.5472215,0.02788205,-0.033697538,5.5325847,0.50961107,0.06352759,-0.024788648,-0.14276148,0.6325896,0.07578498,0.027896106,0.007054973,0.10675113,-0.059281174,0.54444563,0.39449283,0.022177905,0.055836827,-0.0095559135,-0.015374213,0.99012417,0.95481664,-1639.853,60.50934,502.53055,203.62848,195.30902,234.84772,0.016745627,8.575363,65245.23,DICTIONARYBRUTEFORCE
21.377357,7.7631874,104.53673,4530.4976,0.073794045,0.11273898,-0.009416292,0.33563706,0.50674117,0.050377868,-0.007097873,4.169958,0.43021137,-0.17089546,0.17681944,0.044391714,0.10015094,0.08446352,-0.014444349,0.051497635,0.12187187,-0.040565923,0.64637965,0.2765956,-0.02667965,0.07082611,0.031324357,0.009359842,0.94936204,0.93938714,6819.275,59.779057,44.58931,126.8044,-0.23043251,165.83264,0.019397395,8.311462,-6007.3716,DICTIONARYBRUTEFORCE
24.2006,8.069394,79.69053,-24.64795,0.07595405,0.008746978,-0.038155958,0.017239323,0.69557077,0.010979524,0.018929092,6.7427382,0.9724006,0.83781505,0.10714698,-0.296386,0.82641375,0.046892766,-0.023190714,-0.059714586,0.20307319,-0.008851154,0.6111028,0.28421205,0.01796775,0.11411469,0.039283965,-0.034409076,0.97152734,0.97890484,22.644043,63.037838,314.89246,116.0795,102.7889,129.46944,0.020282565,6.277359,25440.08,DICTIONARYBRUTEFORCE
23.63993,8.938576,103.08692,892.92505,0.10140717,0.16863762,0.008452217,0.031052629,0.54057795,-0.019426817,-0.03649227,4.906299,1.7809162,0.378991,0.118479885,0.06088224,0.17714742,0.13507259,0.0071237185,0.03529901,0.111466125,-0.043790806,0.57553655,0.3241505,-0.021336231,0.06312614,-0.00488915,-0.0065848045,0.98786306,0.9650874,1274.1196,62.814,177.15192,153.13937,41.51405,187.52057,0.018717598,4.608345,-1762.8027,DICTIONARYBRUTEFORCE
27.643589,5.502926,60.22773,-1228.9385,0.060349274,-0.001808304,0.10887596,0.16942795,0.79806006,0.04072063,-0.017858118,4.9813075,-0.16083123,0.20632541,2.9305396,-0.16253321,0.82820094,0.013802171,-0.040210824,0.09082657,0.10273873,-0.09868534,0.85724515,0.08629859,-0.040055327,0.07493532,-0.04555114,0.03334009,0.9650299,0.9920197,1389.627,70.656456,-71.9126,139.15761,-1.7819824,114.07588,0.0139498655,12.396507,-20112.516,DICTIONARYBRUTEFORCE
26.718475,6.5768614,70.42935,7712.3,0.05738619,-0.0072901,0.023509383,0.022773905,0.8305643,-0.038814217,0.0014127954,13.165304,-0.021848528,0.45166132,-0.08939831,0.1633553,0.41190845,0.035017274,0.03398241,-0.0039206864,0.089446045,-0.0475074,0.8339331,0.14979883,0.004428283,0.01985702,-0.004733354,-0.027757604,0.9766411,0.9336485,13940.271,59.913258,1751.9993,765.6694,626.8752,740.1814,0.0063477815,11.2782135,389861.03,DICTIONARYBRUTEFORCE
32.439312,1.3201966,94.75386,49290.18,0.16284937,-0.026393255,0.04389355,0.53792435,1.0886492,-0.029468888,-0.017367594,15.4222355,-0.31702474,1.9832287,0.24460891,0.047100157,0.25403047,0.046055183,0.003969576,-0.044239685,0.17520161,-0.03198915,0.9673989,-0.07720822,0.024419975,0.07967148,-0.033180133,-0.049564373,0.9412941,0.9618249,5677.941,62.6151,837.94806,312.6287,183.63608,335.50266,0.023820024,5.264656,59765.703,DICTIONARYBRUTEFORCE
17.051605,11.479726,56.894955,-2776.8672,0.025616322,0.08071092,0.030828848,0.05904242,0.3268223,0.031008754,-0.003959865,3.725435,1.2997228,0.012055541,-0.0902112,-0.06600951,0.13712543,0.10513312,0.02666634,0.036574136,0.120435596,-0.059806313,0.40417933,0.5572769,0.0061958423,0.11957165,-0.00836742,0.008388305,0.9434835,0.9150466,-2321.537,60.828384,226.47458,85.097305,76.881744,122.92619,0.009094854,11.608025,4105.2715,DICTIONARYBRUTEFORCE
30.00882,4.010171,87.97336,-1403.4414,0.03082113,0.30582592,-0.004369137,0.29076508,0.71086365,0.008883704,-0.03031623,8.392469,3.1609297,0.2139366,-0.020460404,-0.13441132,0.7436927,0.08977835,0.0015446683,-0.039967604,0.17460956,-0.05747914,0.94654787,0.056903962,0.011279233,0.032021157,-0.035143945,-0.012725935,0.9594672,0.97856325,-3329.8154,61.393337,1071.8125,101.53917,296.9071,105.725845,0.015615331,5.325554,188937.17,DICTIONARYBRUTEFORCE
19.492004,9.275064,114.315865,835.08887,0.08549005,0.04328221,-0.009220148,0.16407214,0.4916227,0.0021461914,-0.0048354175,4.1810074,0.65074617,0.3074456,0.057669375,0.020888954,0.09983794,0.11356926,0.018984832,0.043000843,0.10344353,-0.08168585,0.55290514,0.3935369,-0.017964479,0.074349426,-0.016720343,0.014176004,0.95327526,0.9516796,-354.2832,58.737606,163.57953,145.76553,54.07747,149.24835,0.014293892,7.68766,-12502.157,DICTIONARYBRUTEFORCE
24.868393,8.128807,145.29752,6940.1323,0.11369845,0.09309456,0.10564659,0.13119663,0.73000526,-0.036900938,0.0008371752,6.463414,0.43554857,0.03387731,0.121873185,-0.088693164,0.5557301,0.060833022,-0.033998348,-0.042302847,0.15923765,-0.03653077,0.72682166,0.17390433,-0.033726603,0.015924904,0.04480078,0.04526315,0.979342,0.99256283,-396.44482,60.796425,986.3036,369.97214,374.46848,369.76675,0.0053763646,6.4273605,171268.53,DICTIONARYBRUTEFORCE
28.673168,4.5067606,62.02267,-5307.2974,0.08339746,0.3235147,0.034640852,0.25347954,0.6927999,-0.013387007,0.010695221,11.409254,4.420162,0.4300717,-0.101846896,0.15409629,0.191061,0.09185302,0.009377435,0.034651466,0.17499429,-0.03210412,1.0002556,0.0019427353,0.041882735,0.05154818,-0.068535894,-0.024967402,0.95351094,0.9508902,-947.0342,60.95308,685.9175,130.66943,189.91086,167.26573,0.0061695916,9.283852,56010.35,DICTIONARYBRUTEFORCE
17.42507,10.679264,102.94159,-9263.5625,-0.05074196,0.15964304,0.00641312,0.18642186,0.3142975,0.015375615,-0.030424166,2.2950554,1.5886664,-0.31730935,0.11771271,-0.03239285,0.021713974,0.094163984,-0.027430195,0.045742374,0.105994835,0.050626464,0.48141012,0.54309624,-0.008153433,-0.007246618,-0.004332969,-0.0335131,1.0437526,1.0092062,-1176.4727,61.101326,261.97003,111.00016,115.439026,127.43083,0.0043495344,10.815239,9214.209,DICTIONARYBRUTEFORCE
20.498686,8.551935,97.92711,-857.7427,-0.0068093278,0.03368937,-0.03898544,0.37782523,0.5319489,0.00905957,0.01867303,4.4764175,0.19860864,-0.11524551,-0.038987163,0.016399961,0.2622514,0.098535046,-0.0029368885,0.035674557,0.11992039,-0.027143685,0.5789323,0.3511912,-0.017418733,0.04375895,0.0015720492,-0.028511118,0.9998943,0.9788834,2965.308,60.378227,742.58026,177.62115,264.5909,214.32246,0.015426139,13.168686,96642.77,DICTIONARYBRUTEFORCE
30.73901,6.7417235,88.40891,-1.1005859,0.029240727,0.21881469,-0.04162325,0.15005885,0.5897421,0.032337148,0.004878475,6.1480217,2.2260425,0.25987422,-0.048998516,0.0058540935,0.39159992,0.13762864,0.022983076,-0.013003292,0.1095308,0.014105149,0.77056026,0.247241,0.027097689,-0.007613855,-0.008893557,0.014162708,1.0232488,1.0128815,-5151.9062,83.19611,366.9308,189.082,96.64979,199.09003,0.008533682,6.86808,12811.532,DICTIONARYBRUTEFORCE
29.667652,4.649338,93.43309,3335.249,0.07451105,0.27359816,-0.0012057996,0.053094666,0.6971673,-0.047516316,0.005600073,6.5367002,2.6352832,-0.014880754,0.09283141,0.03656833,0.44988832,0.11333946,0.06966477,0.030289963,0.093997285,-0.033895325,0.9127366,0.048817553,-0.01706317,0.03294053,-0.015547914,0.014514031,0.9838806,0.9585738,-1653.1338,65.10753,521.824,252.64276,176.18259,281.08875,0.017370291,0.34249878,65465.555,DICTIONARYBRUTEFORCE
26.19057,5.346095,89.76348,1750.9097,0.0655255,0.10173893,0.059311233,0.17368375,0.7080711,-0.047803972,0.0098971315,7.6096873,0.8225476,-0.08186995,0.56189907,0.06159208,0.41806674,0.12120179,-0.016337467,0.009454506,0.11859517,-0.029384162,0.789957,0.1587865,0.03068659,0.08959092,-0.023036385,0.025904946,0.9873542,0.92586946,-2155.7217,60.104034,1919.152,189.1716,543.23785,219.11679,0.010413193,7.519409,342716.94,DICTIONARYBRUTEFORCE
27.37748,5.033695,85.12222,3479.008,0.07519268,0.11247065,-0.019111691,0.36676028,0.7581758,0.010788106,-0.038451027,5.7453527,0.8572453,0.2121696,-0.048673317,-0.20852926,0.8577981,0.036481883,-0.0049448526,0.04226157,0.07850193,-0.08771399,0.84227765,0.10634951,-0.014355283,0.0544785,-0.055969413,-0.017528445,1.0038688,0.98015213,86.50195,62.64055,684.6033,291.30792,228.74365,335.00388,0.020192407,4.046753,79557.68,DICTIONARYBRUTEFORCE
26.145054,5.6934943,70.76722,3155.0708,0.056388658,0.28494045,-0.00226476,0.051601477,0.50072074,0.0050892103,-0.03662244,6.0944085,2.4586885,-0.038981948,-0.08909284,0.011069108,0.31944987,0.07851936,0.072179504,-0.008277343,0.13634498,-0.005286108,0.7304481,0.21453582,0.014623722,0.072297536,0.0138155855,-0.019428315,0.97039306,0.9246887,-7310.288,61.511986,301.28186,82.72034,86.39569,161.39868,0.01690079,2.976204,24654.688,DICTIONARYBRUTEFORCE
28.231483,5.3250427,98.142166,9693.113,0.15774444,0.016912244,-0.027635027,0.36273983,0.92394763,-0.05805671,-0.03551151,12.170953,0.31315035,6.003256,-0.04364733,0.13605596,0.42803088,0.061659843,0.012103884,-0.028136773,0.14001027,-0.03951656,0.87661535,0.074411385,0.055638023,0.083482035,-0.030621989,-0.03176301,0.978364,0.98220974,2679.4426,58.72618,976.00024,229.33264,330.35544,239.43045,0.009965826,9.8283615,149046.22,DICTIONARYBRUTEFORCE
23.016981,8.403476,95.92775,-6144.1274,0.04127797,0.097945176,0.027147455,0.15311046,0.56908345,0.034996822,-0.03945756,7.1006174,1.5274894,0.3621925,-0.14787713,0.06201044,0.09335792,0.12317392,0.015653284,0.05716417,0.13148299,-0.057232946,0.66186553,0.34760636,0.0017515221,0.03722832,0.009252787,0.0021265913,0.91682696,0.95791245,-6440.6104,60.97278,-43.417053,19.082855,8.508573,42.925343,0.014575439,8.238174,-46426.48,DICTIONARYBRUTEFORCE
27.801577,5.6759615,80.23965,-1790.5088,-0.013788629,0.14132638,0.009137154,0.38071585,0.71790695,0.018773295,0.013761025,7.0163875,1.6015213,-0.23151681,-0.00042395666,0.1748672,0.09432464,0.09508084,-0.028077168,0.032875765,0.1514055,0.001504519,0.8298982,0.08730419,-0.007780939,0.07462965,0.011174268,-0.021618437,0.96183956,0.9514852,-1814.1743,70.31391,688.87134,200.84431,225.54584,230.78397,0.016433004,10.159676,67074.055,DICTIONARYBRUTEFORCE
25.254925,7.833589,79.515945,420.8081,0.0022182707,0.13915819,0.013210878,0.24572848,0.55216104,0.0155226225,0.043001678,0.2537973,1.3322318,0.12506562,0.07148485,0.0914463,0.12565003,0.061456785,-0.05628901,0.07811959,0.10321852,-0.025349665,0.6515275,0.20279948,-0.03571722,0.05503416,-0.01052183,0.016482497,0.94989234,0.93822855,1437.1772,118.337906,540.46716,357.40216,95.392975,388.27835,0.013275946,4.5716095,-2420.5725,DICTIONARYBRUTEFORCE
19.01338,10.9142275,68.5311,-6428.891,0.0433568,0.0023051715,0.028937709,0.018971376,0.46137822,0.014198355,-0.0018808432,4.2240887,0.13355981,0.4035095,0.032260045,-0.23715395,0.6984956,0.09464274,-0.007897479,0.030311551,0.08627481,-0.049227867,0.48874798,0.46253628,-0.02598688,0.046187602,-0.009608701,-0.0028237142,1.0224795,0.9597649,4624.4307,63.49247,285.40976,248.96393,101.339935,229.2544,0.01231398,15.740494,18864.47,DICTIONARYBRUTEFORCE
25.109434,6.6481733,60.08713,-4926.6157,0.002373308,0.14561976,0.0049921637,0.3372471,0.6139904,0.0063238298,0.026935415,5.945655,1.4307041,-0.09557271,-0.04050182,0.081267536,0.22009392,0.08972289,0.0054924376,0.026518105,0.13350645,-0.005591172,0.74240595,0.1899378,-0.026839364,0.047833145,-0.014167668,-0.03305606,0.98413306,0.9587579,1504.5386,66.598404,636.3788,176.65268,232.10892,192.02824,0.010301906,12.417084,87334.84,DICTIONARYBRUTEFORCE
29.116638,5.713519,113.03206,11586.008,0.12976569,0.076591305,-0.047795355,0.42237383,0.8671204,-0.015191572,-0.038908705,9.894422,1.0361514,0.79386294,-0.014401803,0.032479506,0.21987496,0.1141887,0.012379036,0.015755726,0.1444559,-0.06590964,0.80408835,0.10805077,0.030450625,0.045183297,0.00027934555,-0.041767783,0.9067141,0.9872394,-1051.293,64.3894,562.76135,145.62903,132.48724,214.373,0.019058239,-0.5141754,5496.3794,DICTIONARYBRUTEFORCE
14.022696,13.234674,71.89936,-12103.416,0.00888938,0.027579611,0.035369053,0.06433336,0.29393217,0.015680889,-0.074159846,2.9999433,0.73642945,0.28779018,-0.0662617,-0.33524796,0.5308887,0.1186626,-0.040649004,-0.012595462,0.15726013,-0.014185677,0.25523436,0.68782204,0.011822878,0.08388263,0.043351386,-0.030254457,1.0026215,0.9760159,4114.049,63.09192,638.3783,248.54312,223.18594,267.0685,0.012851667,12.396057,80127.56,DICTIONARYBRUTEFORCE
23.489407,7.5257587,100.80513,-693.1118,0.03639827,0.03614142,0.023876086,0.22746406,0.6523447,0.0007527828,0.02843718,5.7242465,0.23222461,0.31810686,0.2726797,0.10161657,0.2098925,0.07772374,0.008454392,0.039163485,0.1046541,-0.025961526,0.723619,0.21801274,-0.016647952,0.029267792,0.0023429096,-0.02344773,0.9989237,0.9688852,3438.52,64.612335,263.13916,75.45011,69.66648,69.95616,0.008784456,17.664894,3226.337,DICTIONARYBRUTEFORCE
28.78437,5.6921034,98.39998,697.7864,0.03143026,0.14673704,0.12400466,-0.0004370734,0.76262474,-0.044432156,0.03155148,8.455112,1.6675533,-0.068704404,0.9950929,0.0019111298,0.4626584,0.08576583,0.010961377,0.027481344,0.058353297,-0.024504194,0.9431577,0.04937906,0.012307837,0.07614125,-0.03666757,0.01775899,0.94639945,0.9250921,-5755.492,64.16753,56.853973,59.226727,42.715103,80.731064,0.010038466,9.839058,-6262.137,DICTIONARYBRUTEFORCE
31.06076,5.6822853,84.29065,1696.0918,0.043852657,0.31728303,0.01066642,0.28341138,0.67977893,0.017885894,-0.021846777,5.498793,3.0100334,0.07264012,-0.01009317,-0.017770277,0.4880446,0.08181107,0.007903757,-0.03171569,0.14974506,-0.04534641,0.89780813,0.070059165,0.023258653,-0.010756111,0.0078599425,0.017977068,0.98416954,1.0246575,2475.3882,81.7106,764.62976,281.51486,248.53403,327.875,0.013637293,4.4718933,123047.06,DICTIONARYBRUTEFORCE
28.606174,6.121233,108.95391,-3462.918,0.09133638,0.41730356,-0.019056195,0.25689265,0.5380034,0.027188929,-0.0840257,5.1014295,5.0151787,1.7137474,0.105774015,0.018840779,0.18129106,0.10926514,-0.022830907,-0.047985062,0.21467625,-0.05872684,0.8271722,0.16919069,0.039142426,-0.017135676,-0.025873195,0.004472332,0.9612126,1.0477656,-1204.5,63.42359,416.39664,74.36703,94.56223,97.88897,0.016036097,3.2353516,16605.281,DICTIONARYBRUTEFORCE
31.121077,4.39864,83.60115,1139.708,0.11867876,0.071038626,-0.015669322,0.474521,0.86001927,-0.0033503806,-0.012879524,7.66655,0.89614165,0.8057385,0.23509848,0.033108458,0.5636806,0.08295207,-0.0068467716,0.004286836,0.14815693,-0.038619973,0.94310695,0.055581946,0.015031051,0.034076612,-0.06641462,-0.025261085,0.9825508,0.98279834,5462.8594,62.94353,2031.8542,364.3935,651.79877,397.9788,0.013854871,8.796028,599454.1,DICTIONARYBRUTEFORCE
34.26861,4.221322,69.61299,1676.9521,0.086688615,0.097580194,0.015300686,0.53846747,0.97983694,-0.010113692,0.026162881,9.123291,0.9669691,0.3678368,1.0435302,0.08113216,0.57201535,0.023747936,-0.026607465,-0.020248398,0.16236618,-0.01139074,1.0695175,-0.061339583,0.007998778,0.041715506,-0.061182693,0.03616954,1.0472531,1.0291735,9843.476,71.06117,1605.8904,713.2928,601.69446,753.2855,0.0021374593,11.28997,569325.3,DICTIONARYBRUTEFORCE
24.852617,6.271453,68.04468,12750.318,0.07492338,-0.009149472,0.01992616,0.54822224,0.8039368,0.03626629,0.01640122,10.738221,-0.24917877,-0.050874613,0.0018922798,0.082647026,0.02401539,0.016223831,-0.016108148,0.07615908,0.15607536,-0.070514664,0.8254745,0.15412417,-0.03145701,0.08885534,-0.03310112,-0.0020282157,0.998294,0.96695673,-2588.371,58.726707,295.1551,136.4171,62.90019,139.76315,0.005303386,8.702324,-2660.5276,DICTIONARYBRUTEFORCE
25.19616,5.9003863,86.81435,2389.3774,0.030541062,0.04613002,0.09429262,0.117509596,0.7730674,-0.012510019,0.039334036,6.6758895,0.75218254,0.11353531,0.7479905,0.17175078,0.077394046,0.043378104,0.019921193,0.024470847,0.14732628,-0.0068108505,0.8032795,0.10040092,-0.029006165,0.052343316,0.016102107,-0.03926544,0.99628323,0.9575094,-3175.166,60.419445,378.75095,126.09918,141.99335,136.07053,0.003750168,9.117126,32132.766,DICTIONARYBRUTEFORCE
25.93318,8.155167,119.91853,20398.236,0.09312681,0.017647497,-0.027678115,0.17924567,0.68050474,-0.02510243,-0.031686373,5.8464074,0.10059164,0.4271129,-0.13222224,-0.095527284,0.6615722,0.1052197,0.04013738,-0.019968405,0.112515196,-0.008856532,0.6692387,0.28088868,0.011348595,0.02038462,-0.015444477,0.010114172,0.9874259,0.9677529,-1747.6855,62.07567,1405.7852,276.56964,547.31067,295.74225,0.009294876,10.457443,387223.56,DICTIONARYBRUTEFORCE
27.50484,5.230405,78.898026,8415.061,0.14817235,0.041725766,0.011174822,0.35726234,0.8198112,0.016854456,0.043187495,6.9081454,0.33481407,0.7478073,-0.00602562,-0.0018804194,0.143076,0.04564862,0.016897462,-0.014427939,0.13188133,-0.066261575,0.84678376,0.0884002,-0.031260602,0.062115245,-0.035025448,-0.011593661,1.0041832,0.9918575,6433.7666,64.62152,379.44244,291.0579,98.450005,307.889,0.006182318,5.409607,5340.656,DICTIONARYBRUTEFORCE
26.343166,6.4182806,64.14721,1660.9839,-0.0066461787,0.2990913,-0.014117867,0.065232135,0.45782098,0.0070044356,0.019672353,3.9463687,2.1641788,-0.17964518,-0.0076502743,0.07252041,0.24674232,0.102175914,0.04825756,0.047398426,0.08935738,-0.003011343,0.7205795,0.19301048,-0.0055746306,0.04681342,0.018948236,-0.018537467,0.97204614,0.9417699,-668.4468,69.5888,365.9449,151.94562,128.1311,194.48685,0.022577623,5.6816864,46409.168,DICTIONARYBRUTEFORCE
22.838758,8.294154,74.63381,18071.346,-0.015293719,0.034228142,0.015188475,0.20123112,0.6278278,0.030553464,0.04580785,5.063481,0.019956155,-0.15941915,-0.14184965,0.14739926,0.027774096,0.051290803,-0.022013756,0.047206152,0.10271053,0.018018898,0.65023184,0.23830223,-0.021896575,0.08091555,0.0563089,-0.027805585,0.96924907,0.9834306,-336.10645,61.60974,276.8985,91.910355,70.140274,64.30536,0.005021989,13.633072,569.9995,DICTIONARYBRUTEFORCE
23.666306,7.718628,90.22042,-1530.8364,0.04754463,0.20269726,0.022859484,0.0963909,0.515227,0.04686534,0.008213364,4.41333,1.8779773,0.18257466,0.11272699,0.06758773,0.15782629,0.10975704,-0.00059252605,0.01874075,0.1116524,-0.006505642,0.6721821,0.298093,-0.0045402837,0.024975242,-0.004422455,0.010754419,0.946142,0.9742975,193.59863,62.724857,-186.0044,-11.186005,-63.244667,-6.036873,0.009098783,12.042328,-48138.992,DICTIONARYBRUTEFORCE
27.697334,5.0314713,90.738174,-1033.9941,-0.004832819,0.24622655,0.044623617,0.18630296,0.6937212,-0.019457487,-0.004296885,7.0467234,2.3337586,-0.26878238,0.2768683,0.06918484,0.3590734,0.09659496,-0.009328466,-0.0013715029,0.109218426,-0.01785025,0.9196732,0.053080168,0.021159079,0.023917707,-0.018563842,0.024744196,0.9945561,0.9663166,-472.84326,63.75731,972.882,207.69476,337.2091,233.62323,0.008737866,8.758835,146686.06,DICTIONARYBRUTEFORCE
23.98357,8.054627,115.92334,2017.331,0.025448877,0.05542248,0.02125006,0.094630025,0.7144152,-0.029027387,-0.002655643,6.3905287,0.6669862,0.07387854,-0.017616838,-0.03736248,0.611105,0.07311995,0.004096562,-0.0060701277,0.11625607,-0.03552842,0.72551656,0.22240184,-0.0071289595,0.027932648,0.006553703,0.00108256,1.0254284,0.9992682,4112.718,60.11207,1112.4702,332.38116,415.23175,326.46365,0.009543968,11.83712,206055.0,DICTIONARYBRUTEFORCE
21.915728,7.89081,73.20274,5186.269,0.08901377,0.23118651,0.026106453,0.080681056,0.42979398,-0.014291635,0.023666762,3.1882555,1.7343825,0.121703625,0.034149628,0.17073992,0.012440815,0.11064866,0.04488627,0.02911241,0.0926317,-0.019559816,0.61608475,0.285957,-0.018644514,0.019289512,0.028778816,-0.018503362,0.96496356,0.94164455,1336.999,60.685375,405.28076,145.11055,157.64069,172.45772,0.01532383,7.6869736,55093.87,DICTIONARYBRUTEFORCE
28.163307,6.0819783,87.63678,-101.052246,0.04563034,0.23979406,-0.0139366165,0.2106301,0.6305862,-0.009937711,0.0024150521,6.4605503,2.6506305,0.76335144,-0.05545609,0.03693983,0.44947663,0.113158785,0.021380782,0.014837861,0.11613482,-0.045703597,0.8186256,0.15561545,0.02475408,0.037203975,-0.058406167,-0.012374547,1.0088489,0.96124274,-4437.3867,63.3271,440.8661,71.88589,110.1476,111.42544,0.010097073,8.462967,13895.143,DICTIONARYBRUTEFORCE
21.854431,9.379051,77.38621,-648.3374,0.08623016,0.0077346438,0.035860002,0.10420889,0.60055804,0.0036446047,-0.044271927,4.908333,0.50609684,0.5624736,0.1559979,-0.08967013,0.46632177,0.09131399,0.0013768207,0.009751966,0.11923365,-0.08638488,0.59491855,0.3505046,-0.007023477,0.06864223,-0.022314573,0.035083856,0.9999034,0.97442794,-502.45215,58.918404,-44.201294,85.2324,-15.228035,103.75913,0.011464001,9.372864,-36772.184,DICTIONARYBRUTEFORCE
25.563162,6.2615385,77.56976,369.73584,0.040789686,0.0017526407,-0.0033178972,0.32379428,0.80698186,0.013192305,-0.020519298,8.378344,-0.055369325,0.4735223,-0.017660648,0.043320544,0.49382803,0.03651976,0.026127301,0.034647275,0.12082327,-0.021971362,0.80083776,0.11966587,-0.012933211,0.05186848,-0.020957666,-0.042209826,0.9569571,0.9287266,1213.898,58.163647,158.02037,3.1409225,52.28582,26.320152,0.011593451,14.529846,-6002.056,DICTIONARYBRUTEFORCE
22.614424,9.732351,81.79619,1953.053,0.069290265,0.28212664,-0.025364079,0.082065225,0.41520566,-0.027497176,-0.057049826,4.1101894,3.5049844,0.722075,-0.14234322,0.009732388,0.15227477,0.13248563,0.009866663,-0.0047326786,0.17103685,-0.044510372,0.5642852,0.37154344,0.045624543,0.010269507,-0.023476291,-0.031148924,0.99092144,1.00311,144.23682,59.290016,986.985,181.62628,365.65225,199.13889,0.010484961,7.195259,170514.77,DICTIONARYBRUTEFORCE
19.32418,9.937546,116.55177,1401.4692,0.031566404,0.1203795,0.030356985,0.073783755,0.41069987,0.002943711,-0.028402425,3.3395386,1.25759,-0.01444184,0.15309578,0.06469953,0.020640133,0.14816487,0.021687653,0.056321662,0.10582307,-0.06790662,0.51899636,0.41716453,-0.0060529425,0.056316823,0.014813652,0.03287002,0.9852517,0.98038715,208.74854,60.292038,230.02635,185.41394,75.526375,195.45547,0.010510116,7.6428986,3180.4314,DICTIONARYBRUTEFORCE
19.252735,10.075636,81.45442,-2336.5337,0.07036678,0.008627391,-0.0018673437,0.34172413,0.51686525,0.012868973,0.006964884,5.049908,0.13104787,0.6568661,0.38317892,0.046982203,0.17685659,0.091314726,-0.016989876,0.05987514,0.098145016,-0.030975435,0.54335463,0.38326618,-0.01762665,0.06279212,-0.0009613065,-0.025951065,0.9630133,0.97704065,3330.8867,58.54962,194.27509,103.444534,49.1384,111.674,0.011779309,16.787704,-15965.561,DICTIONARYBRUTEFORCE
21.483408,7.9440846,54.814793,-159.26318,-0.057085693,0.054395508,0.03619191,0.24724789,0.54175204,0.010205325,0.036628075,5.997301,0.48954055,-0.25389916,0.040082775,-0.100004904,0.46872693,0.049195156,-0.008060945,-0.03148827,0.123478755,-0.07010104,0.64154375,0.3046424,-0.007092156,0.1302247,-0.0008750241,0.004364075,0.9745531,0.9127927,3463.2542,67.066605,800.40826,452.9668,298.70142,515.35406,0.007594929,15.632111,149701.45,DICTIONARYBRUTEFORCE
26.243176,6.898917,60.942516,2489.5952,0.12740754,0.2034462,0.012303404,0.19113438,0.60818976,0.031856906,0.0071260678,5.7544017,2.1292915,2.252788,-0.05220832,0.24476962,0.0025075064,0.10590721,0.02250411,0.020391408,0.17458266,-0.06360494,0.768357,0.2244886,0.022739843,0.051508807,-0.022451391,-0.008097271,0.94714236,0.9557338,-2108.584,60.976994,136.13164,94.38826,51.40513,138.82669,0.009910516,5.374527,-19547.559,DICTIONARYBRUTEFORCE
27.458405,6.632945,88.26376,121.612305,0.058684394,0.33942172,0.005943121,0.15197335,0.5065787,-0.011683881,0.011336924,4.7433386,2.8114426,0.25837705,0.0452566,0.045260534,0.39744908,0.10496586,0.04886314,0.009155417,0.085889034,-0.06702439,0.78409165,0.17198277,-0.006414364,-0.019036703,-0.010696653,-0.01781195,1.0308841,0.9684825,1436.0156,68.205536,708.1456,192.4071,247.77231,255.32767,0.012499417,9.922829,108328.5,DICTIONARYBRUTEFORCE
22.425629,7.6324563,99.87329,1238.8721,0.12841593,0.19603056,0.0010859175,0.16583994,0.45527294,-0.033076726,0.015903555,3.9981003,1.4867566,0.5376405,0.027318096,0.14661282,0.022624737,0.116573356,0.0057497527,0.0101225255,0.09470539,-0.05834225,0.62788093,0.29636317,0.015607035,0.044142675,-0.013733787,-0.0056012813,0.96203405,0.94880396,1353.2065,61.46778,301.47415,113.39393,86.78874,157.35626,0.018118406,8.972626,7260.311,DICTIONARYBRUTEFORCE
21.23257,9.147822,89.517914,3001.2078,0.0022065546,0.08583436,-0.044676885,0.43988997,0.52130264,0.054297578,-0.02287209,4.6644983,1.3220904,0.8355821,0.032735035,-0.08062012,0.14436157,0.07291739,-0.050787292,0.021163875,0.18196332,-0.0017394591,0.51986057,0.37102422,0.066917926,0.0726238,0.045646146,-0.03654313,0.93370825,0.9851686,5655.7188,60.041573,585.9862,182.94351,198.35895,237.36139,0.020126816,7.329529,61229.992,DICTIONARYBRUTEFORCE
29.890106,3.2059507,88.305664,11684.629,0.119609304,0.015104202,-0.030694112,0.58370495,0.99303234,0.011764545,-0.0025285548,10.461051,0.44593737,0.6940073,0.096100785,0.055339728,0.44245344,0.012533398,0.007921196,0.04939603,0.14609584,-0.039655,1.0063305,-0.050313175,-0.0066748085,0.073199384,-0.027493361,-0.0423236,0.9494176,0.96986854,-164.13281,58.73573,291.33282,135.26953,53.66557,137.52748,0.012823634,6.0072556,-8212.842,DICTIONARYBRUTEFORCE
33.331596,4.1715527,85.36503,-3949.4302,0.12218925,0.09044088,-0.0472314,0.6312392,1.0341403,-0.00538863,-0.023971545,12.779451,1.9570651,2.8480902,0.14611128,-0.15297845,0.9106909,0.06850389,-0.036110573,-0.024008585,0.16988547,-0.05848067,1.0742099,-0.048830908,0.02395821,9.150361e-05,-0.029385794,-0.01217612,0.99436,0.9832488,-3948.4766,62.329628,1229.9324,143.32257,353.6435,135.74957,0.0121065965,8.651215,141860.6,DICTIONARYBRUTEFORCE
16.237143,12.841406,95.11869,10185.932,0.06858214,0.062059578,-0.041316822,0.18382327,0.23914939,-0.025776692,-0.0042833923,1.8690772,0.42486337,-0.07393024,-0.039535113,-0.20677435,0.24579345,0.14184365,-0.0046285614,0.0058031827,0.15954375,-0.040655866,0.2352153,0.67455685,-0.013089199,0.035147265,0.03728325,0.00897075,0.98813206,1.0023699,2653.0815,98.24023,513.91516,298.56787,97.08915,332.5245,0.021427436,7.0092926,24960.24,DICTIONARYBRUTEFORCE
32.069195,4.673635,99.87779,1455.2532,0.0022008736,0.045676384,0.0033888244,0.11635371,0.88365763,-0.022592168,-0.0015917281,8.559854,0.6853345,-0.16609958,-0.08511201,0.07817168,0.649779,0.0952153,0.037572473,0.019536193,0.09954877,-0.0037133042,0.97977495,0.026867455,0.008351751,0.06050632,-0.020004714,0.019051278,0.9825696,0.948384,-470.98584,67.97031,1243.0294,275.09363,503.73254,294.0713,0.011282385,10.599831,336621.1,DICTIONARYBRUTEFORCE
24.566559,7.66201,72.46054,6117.6953,0.102388196,0.0023881781,0.0076146885,0.23280595,0.5995519,0.018899558,0.0030439883,5.669892,-0.18374032,1.6225882,-0.10443038,0.0986629,0.08849495,0.114041165,0.027945682,0.01026533,0.12208588,0.03028852,0.6003072,0.32460967,0.0017531333,0.055581465,0.014577407,-0.05715245,0.9818062,0.93795675,407.18066,67.66182,478.33768,117.72338,143.59854,132.09679,0.020690976,8.679428,40888.555,DICTIONARYBRUTEFORCE
25.523384,5.4220934,108.99324,1924.6685,-0.0067167915,0.085635096,0.070229225,0.15437657,0.7448723,-0.009833495,0.0452665,6.0881805,0.6889444,-0.21677628,0.61231375,-0.02701942,0.5259636,0.05535169,0.045889016,0.034544513,0.08946482,-0.046240546,0.8664586,0.031507876,-0.032550678,0.092858374,0.027583549,0.025510974,0.95190394,0.936527,2304.398,60.337746,87.38858,32.4684,42.969223,26.035767,0.008718766,12.377388,2277.8137,DICTIONARYBRUTEFORCE
21.40974,9.725379,105.267044,163.03516,0.00068765134,0.029120324,-0.0036417018,0.09563514,0.50052047,0.046848398,0.026031686,3.7609777,0.10352387,0.02821071,0.044120453,0.049577773,0.31824085,0.106771484,0.021678492,0.039925918,0.064713076,-0.03568898,0.5731249,0.3753357,-0.017036172,0.028018178,0.013500696,-0.0042944215,0.984715,0.9709031,2301.115,66.25667,92.19661,34.229385,15.26462,45.847363,0.009440504,18.558777,-11345.946,DICTIONARYBRUTEFORCE
29.8572,4.04608,72.67651,997.9824,0.13202848,0.16574147,0.032217246,0.14404958,0.7667331,0.0069056517,-0.020775234,6.97461,1.7373711,1.3596512,-0.051983647,0.17158248,0.230493,0.10849964,0.030753538,-0.030240772,0.13265835,-0.048499726,0.87001216,0.090145685,0.0013907906,0.0438798,0.007526129,-0.0064363144,0.98236,0.9520155,-2407.8027,63.783897,851.63983,220.38495,296.09106,287.5864,0.01161183,4.168289,135867.72,DICTIONARYBRUTEFORCE
23.89714,8.383729,92.95005,-2033.7681,0.05735916,0.25072226,-0.018885035,0.10319877,0.46089056,0.025723469,-0.022407826,6.6347284,3.0486937,0.09815126,-0.20109566,0.065611124,0.20087495,0.15605277,0.011472459,-0.026110321,0.16133091,-0.040755086,0.6297404,0.2915936,0.023406234,0.06559474,-0.005357256,-0.018461108,0.9735191,0.96750355,93.10547,61.96177,1141.0535,157.84293,367.4092,192.51173,0.016277634,4.450638,192901.7,DICTIONARYBRUTEFORCE
22.662008,6.640634,90.59268,769.69775,0.059157103,-0.00539832,0.116463125,0.23904367,0.748123,-0.030098919,-0.003630987,7.4189863,-0.10716889,0.5109175,1.9047619,0.035258245,0.16546078,0.041151065,0.014624209,0.05602097,0.10681336,-0.048027452,0.75801444,0.1655182,-0.0059043206,0.073915586,-0.02872226,-0.023101112,0.9712765,0.95898455,1242.7959,58.05758,73.21924,55.33385,14.348861,50.334927,0.0070093223,13.010376,-28705.682,DICTIONARYBRUTEFORCE
23.823921,6.708312,70.43888,4248.965,0.04628073,0.29379293,0.13699697,-0.015801115,0.499095,0.018280052,-0.0057544583,4.457689,2.6352277,0.02903886,0.88684547,0.070932746,0.012279707,0.053160734,0.004018345,0.0029543927,0.10247413,-0.04338002,0.768275,0.117126085,0.020627009,0.07054796,-0.012277336,0.011764778,0.92481464,0.9072044,-1803.8701,61.886307,-179.99792,53.897938,-56.261765,81.61395,0.010381816,9.366943,-28481.947,DICTIONARYBRUTEFORCE
22.957565,7.453165,85.956055,-1328.8193,0.073165745,0.09944945,-0.032523196,0.20598821,0.5534514,0.021695089,-0.008387805,5.4956775,1.1396302,0.40722162,0.029147536,0.051905658,0.25492677,0.11658825,0.018848253,0.021118864,0.13191977,-0.036003117,0.63737977,0.29620314,-0.0046297116,0.07433815,-0.0036154967,-0.0016328599,0.9540619,0.92097104,930.5386,60.489372,39.894608,34.35416,34.97686,89.13581,0.01808651,7.336746,-11759.358,DICTIONARYBRUTEFORCE
31.712812,6.1004596,90.12727,8626.588,0.051480066,0.168516,0.045481205,0.12520342,0.8098107,0.0075141983,0.030609533,7.612852,1.5567023,0.4146978,0.0071395556,-0.10819308,0.85494053,0.043941014,0.011396241,-0.017885929,0.080203414,-0.045366094,0.9643233,0.004010081,0.016377421,0.004094759,-0.032379545,0.01753354,1.029934,1.0091077,-1399.023,63.98439,321.0355,143.82356,104.76807,165.48866,0.0039433916,13.475563,23883.6,DICTIONARYBRUTEFORCE
27.890953,5.4301972,63.773502,-4383.2563,0.08173509,0.1378481,0.02196256,0.24424691,0.71478194,0.025173374,-0.019933663,7.6384683,1.5619539,1.1176552,0.00043267384,-0.045309693,0.68476605,0.10361338,-0.027808953,-0.01135148,0.14100212,-0.043368448,0.823313,0.1367433,-0.01203189,0.03419354,-0.016336149,-0.030585159,0.97578055,0.9539327,285.13965,66.482124,853.81366,167.45874,291.9671,186.15271,0.01494389,13.827644,129296.63,DICTIONARYBRUTEFORCE
27.311089,5.4873195,94.36831,177.19873,0.13289985,0.065896176,-0.03595604,0.17929511,0.7712752,0.041226927,-0.09387696,7.6537285,1.1853652,1.0072665,0.17511152,-0.30883688,0.83692616,-0.052514557,0.0066357385,-0.09200314,0.19887581,0.046467096,0.6778467,0.192355,-0.0065549966,0.20650035,0.12216244,-0.0456237,0.9293888,1.0181769,-1914.3604,63.742455,75.49277,82.5102,16.240822,119.960915,0.022729464,2.509575,6468.1772,DICTIONARYBRUTEFORCE
25.40514,4.3008566,77.5327,3597.766,0.08332659,0.119575836,0.024539212,0.2180862,0.69052285,0.0036752452,0.008776884,6.9676895,0.968447,0.5714172,-0.047318213,0.105925016,0.41147956,0.04985673,0.0436547,0.0028948067,0.06880422,-0.033102933,0.7997173,0.045728143,0.015595477,0.0766928,-0.016708422,-0.067409754,0.949186,0.9168778,1064.2104,58.765923,448.23102,61.613136,110.64213,132.79002,0.018989475,14.031136,44327.324,DICTIONARYBRUTEFORCE
21.52488,8.265654,92.04534,-2936.1582,0.0461459,0.08195234,0.021155786,0.10973759,0.5722883,-0.021057606,0.010497187,4.4320517,1.0480695,0.43566245,0.19487455,0.04901372,0.2531189,0.08546522,-0.0049543055,0.019806584,0.11479665,-0.00067763496,0.64240575,0.2884801,-0.017138263,0.04945375,-0.025394745,-0.03168474,0.96865386,0.9518004,2043.437,58.659008,169.58504,78.206924,92.382454,84.65528,0.010948928,11.43351,16942.102,DICTIONARYBRUTEFORCE
30.15619,4.23145,107.93646,1906.2593,0.09009343,0.29365432,0.04998863,0.1432249,0.7382845,-0.05799417,0.04022985,7.042566,2.8803072,0.44131207,0.17526327,0.26855078,0.028595135,0.08807619,0.0035917992,0.02644615,0.13584068,-0.019000543,0.9732384,-0.057231642,-0.006291459,0.012424666,-0.03207727,-0.006150957,1.0082421,0.97835165,-1165.3833,63.410694,429.3698,69.40463,135.57376,96.59766,0.0067413296,5.0849457,42577.297,DICTIONARYBRUTEFORCE
25.609142,4.3184137,76.95832,13659.262,0.10063684,0.10273478,0.10804105,0.07738476,0.77778375,-0.017346416,-0.032559365,7.646429,1.0283217,0.06684934,0.8686234,0.19729212,0.03046388,0.04990264,0.020475693,0.052943453,0.109144166,-0.06135291,0.86068106,0.047072373,-0.014362334,0.07186532,-0.038406666,-0.016396973,0.9282649,0.9379023,-6373.1934,59.29485,25.745193,62.154015,8.547781,79.326096,0.010279288,8.640831,-20191.783,DICTIONARYBRUTEFORCE
22.488573,5.9551625,138.35657,-441.44922,0.08044552,0.1252276,-0.015447546,0.6108062,0.622877,-0.020296669,-0.033440035,5.487486,1.6202003,-0.08734791,-0.016044859,0.028083408,0.07876199,0.10089603,-0.017810833,0.022006162,0.1400242,-0.04667066,0.7304709,0.22060426,0.013475345,0.035491418,0.039677747,0.043957032,0.969434,0.9679031,840.4492,58.838066,631.4994,292.6519,240.94818,287.40152,0.022021694,2.5344543,86913.234,DICTIONARYBRUTEFORCE
13.015612,13.206368,122.475006,-6962.148,-0.007497798,0.007255769,0.021246018,0.07850911,0.277389,0.030538497,-0.0071449326,1.5320109,0.037697468,-0.22915117,1.0418289,-0.2487877,0.47623292,0.13145187,-0.013988765,0.06742266,0.06151184,-0.088376515,0.30554193,0.6553315,-0.00988265,0.107050866,-0.0060055405,-0.006781537,0.9946537,0.9558614,1896.6099,63.01237,167.54463,198.67035,42.3732,188.23723,0.02064645,9.603546,-13270.746,DICTIONARYBRUTEFORCE
22.637964,9.1250105,62.39787,12335.875,0.040089753,0.14371334,-0.016511718,0.182395,0.46062914,0.02059036,0.00082508894,3.5984304,1.0135179,0.1859834,-0.043890405,-0.13301325,0.5010049,0.09875083,-0.008938521,0.017137444,0.1282229,-0.041972376,0.5776723,0.3688666,-0.004586149,0.05892904,0.012356191,-0.0011424068,1.0046444,0.97311515,338.4497,66.51407,280.8142,91.825836,74.81613,133.78992,0.01430599,10.285103,12033.611,DICTIONARYBRUTEFORCE
19.247795,10.071146,99.86819,-851.1665,0.033346906,0.14435054,0.047414377,0.18321382,0.42968094,0.008388087,-0.011869959,3.9480283,1.32473,0.06706991,0.3936029,-0.069001555,0.22900186,0.1185109,-0.002217018,0.02509674,0.12473121,-0.023155887,0.5440186,0.40414804,-0.0078845965,0.041886136,-0.008564912,0.0060612895,0.9986049,0.9736266,1318.0449,58.640816,138.6337,44.555676,27.321156,52.91129,0.0076522385,12.045647,-15335.013,DICTIONARYBRUTEFORCE
34.491203,1.947506,113.43399,26337.184,0.14666508,0.18415509,0.13387543,0.5296671,1.1942807,-0.04947156,0.022071391,18.867868,2.3130994,0.6777888,1.5537764,0.14908591,0.17165947,0.03054095,-0.006920425,-0.068005495,0.2389036,-0.06067365,1.1859286,-0.2832621,0.060515195,0.059899062,-0.045545887,0.03822485,0.98101795,1.0388074,6704.5933,60.62915,669.49133,370.46277,237.49197,327.79022,0.002675217,5.793442,132282.2,DICTIONARYBRUTEFORCE
31.215904,4.7210455,81.339325,145.16943,0.032204945,0.080087386,-0.00021560816,0.17010374,0.9687695,-0.029902412,-0.01389888,11.641775,1.7037392,-0.18101853,-0.20612226,-0.073412165,0.70388097,0.02461463,-0.0054292195,0.012370873,0.16172853,-0.003367043,0.9499147,-0.011694116,0.032526646,0.102385044,-0.016512271,-0.026425824,0.9618904,0.9562904,-5452.335,60.60051,586.899,143.09811,193.12115,159.29547,0.008853921,2.1848984,63441.98,DICTIONARYBRUTEFORCE
30.192669,3.5330572,95.13423,49.141113,0.078610376,0.2944746,0.00090413727,0.25095138,0.73542315,0.07032549,-0.059986733,7.3758945,2.5283184,0.41347682,0.7013118,0.103084005,0.59854335,0.06992626,0.008657252,0.00944558,0.1163181,-0.002990868,0.9468051,-0.00014859438,0.016891455,0.05792609,0.019768404,-0.018865125,0.9149286,0.95493203,1398.2466,62.894382,-197.0781,10.537178,-83.94651,57.49964,0.021603573,2.8110352,-46929.348,DICTIONARYBRUTEFORCE
23.42511,8.10482,112.77811,-4116.5454,0.02257736,0.15002973,0.02862925,0.22730856,0.5683619,-0.009430053,-0.009609047,4.7359476,1.754081,0.4047466,0.40682733,-0.14713603,0.45645544,0.11987914,-0.045215666,-0.026388623,0.1614069,-0.05746267,0.68314576,0.31746837,0.015354097,0.017868701,-0.017659213,0.008076554,1.0073583,1.0014049,-185.07764,73.393585,322.5733,149.90181,65.77593,160.30048,0.0119448565,9.310844,-2617.875,DICTIONARYBRUTEFORCE
24.108236,9.617595,108.864105,3798.98,0.027881876,0.036910113,0.0037014158,0.16914918,0.6085863,-0.047034044,-0.024621345,6.652052,0.51327014,0.28257304,-0.0498391,-0.083354995,0.43784568,0.10494954,-0.037774682,-0.04738391,0.13056983,-0.02829891,0.53773785,0.39831236,0.042938724,-0.005763136,0.0065203942,0.012988195,1.0474235,1.0503277,6916.958,76.45214,1835.9016,483.7676,664.2952,513.41565,0.008621387,7.773445,468385.94,DICTIONARYBRUTEFORCE
27.156254,7.4227705,55.078472,3404.1384,-0.037610635,0.22885494,0.0129686,0.066626005,0.5441902,0.016199399,0.018904744,5.445094,2.0881853,-0.3178734,-0.026433023,-0.06853135,0.54778796,0.060951393,0.035835654,0.009472951,0.1026602,0.01434182,0.7634708,0.22927003,0.016194858,0.06184914,-0.012691169,0.04449851,0.9958907,0.92198664,-4782.3613,68.02652,1150.4319,260.41626,443.79233,282.5305,0.008286022,5.2637253,257700.94,DICTIONARYBRUTEFORCE
20.47962,9.554874,81.285545,-6604.6353,0.047893427,0.16053523,-0.031415254,0.22979608,0.43136832,0.0043781223,-0.045793768,3.5173721,1.8229644,1.4816893,-0.0022857822,-0.16537374,0.59847414,0.15494029,-0.027865615,-0.025417348,0.16166814,-0.04597684,0.5490155,0.45032862,0.0018509105,0.07484762,0.0070170593,-0.050137848,0.9667138,0.9679521,-2590.129,59.892094,179.16788,32.502254,70.45166,44.96713,0.019237062,9.547745,-3626.913,DICTIONARYBRUTEFORCE
23.604383,8.475574,91.9764,-1403.0913,0.15051699,0.17295146,0.006233081,0.3040102,0.578892,-0.014904887,-0.041000284,6.1325803,3.2284677,2.124047,0.06972178,0.044668242,0.16398108,0.14959303,-7.511582e-05,-0.071909145,0.14325257,-0.030977108,0.68404514,0.34455058,0.031873357,0.0050021196,-0.04102603,0.0040056277,0.9962119,0.99040645,3134.5916,67.59027,1508.0823,374.13916,506.5867,417.60217,0.013171518,8.262001,271710.1,DICTIONARYBRUTEFORCE
21.475857,9.496218,80.44665,19974.014,0.12471953,0.22456804,0.026568428,0.06575703,0.3830001,0.010683626,-0.020239225,3.3329015,2.4081204,1.51554,0.62348676,-0.13811475,0.21025911,0.0950906,-0.043836366,-0.059330877,0.2180656,-0.020454366,0.5802548,0.44718394,0.025583664,0.047110192,0.010545402,0.032872144,0.9835821,1.0144786,718.17334,58.16692,-25.709946,75.03395,15.267533,118.72041,0.008901155,0.5317688,-13089.535,DICTIONARYBRUTEFORCE
26.579887,5.8106513,65.24921,1524.9941,0.031107247,0.38376006,0.03799387,0.17592834,0.4812931,0.02169551,-0.013984934,4.877843,3.3397255,-0.15974975,0.06843482,0.067073286,0.19206168,0.08021766,0.029517874,-0.045310263,0.16229108,-0.033579845,0.77864003,0.13215101,-0.012496426,0.055862445,0.014082173,-0.010443152,0.9603115,0.95072925,-62.728516,62.836617,420.37277,104.87984,152.04752,186.29132,0.013991945,7.930664,68659.17,DICTIONARYBRUTEFORCE
32.649727,3.5281363,79.1879,3184.2036,0.06748879,0.37662268,0.027922258,0.24515824,0.7123384,0.009328656,0.03725791,6.600154,3.29239,0.04754013,0.097479045,0.18383779,0.27646753,0.055851806,0.040011898,0.0029563392,0.11571814,0.028170045,1.0446836,-0.06794614,-0.010783814,0.009861094,-0.013163408,-0.027004212,0.9881741,0.9542336,1063.7246,65.60316,688.2769,121.0464,210.06406,180.02267,0.013387537,9.23349,116420.984,DICTIONARYBRUTEFORCE
24.620525,7.6335936,114.2961,-5418.644,0.073714875,0.014502852,0.05230919,0.07817043,0.7865817,-0.06085106,-0.014905258,9.695375,0.7803667,0.7359243,0.5331343,-0.09217484,0.50606066,0.067812815,-0.011458415,-0.05202602,0.11873219,-0.08475125,0.764505,0.2079448,0.012006137,0.036855362,0.009794015,-0.0008656457,1.0179385,0.96001685,-190.98047,59.47078,230.87006,158.61101,89.58529,184.19543,0.006458096,6.7964096,9381.593,DICTIONARYBRUTEFORCE
24.990017,7.1979866,109.54292,386.542,0.04445221,0.085002325,-0.0048994343,0.19236793,0.5962863,0.03963132,0.017977372,5.6807857,0.71267974,-0.07182561,-0.08785416,-0.10477909,0.6768203,0.108997084,0.038133003,0.013986567,0.114122696,-0.04300023,0.6770021,0.28940532,-0.023993077,0.014848385,0.010422784,0.02012436,1.0024968,0.9649386,1785.7871,65.48049,684.0421,198.72644,268.724,214.17404,0.015454395,11.185341,156774.12,DICTIONARYBRUTEFORCE
23.391113,6.515067,137.7492,7748.213,0.111865364,0.010776572,-0.0322352,0.20842035,0.7675211,-0.05272239,-0.015154705,7.7659836,0.23355933,0.6141403,0.10740376,-0.07055551,0.3388147,0.042857386,0.0167612,-0.047250696,0.13629144,-0.004354208,0.7300879,0.14968352,-0.02738917,0.064962715,-0.0231356,-0.028871557,0.9663907,0.93149006,3167.9744,58.182373,298.94037,147.04564,88.15711,198.25882,0.026095506,5.460724,17123.773,DICTIONARYBRUTEFORCE
20.414925,6.9464574,139.29614,-637.8179,0.062065884,0.037315942,-0.016669298,0.23506303,0.5806664,-0.0014555833,0.021176346,4.0276337,0.13584882,0.044202305,0.06666492,-0.01765015,0.28451493,0.08322127,0.03469278,0.021425117,0.09471996,-0.06256695,0.6021619,0.2660193,-0.054698937,0.045654647,0.04940211,-0.00046706758,0.96003014,0.9608129,2002.008,60.64151,290.20923,80.29888,90.05474,81.29143,0.016190026,10.99395,18610.79,DICTIONARYBRUTEFORCE
22.38832,9.02468,80.47363,1101.0623,0.05057128,0.15418783,0.03873633,0.07223882,0.4846311,-0.012718938,0.039973874,4.6295433,1.6487359,0.2322601,0.056543097,0.038465902,0.19506429,0.109371126,0.008428426,-0.017580487,0.12672472,-0.02161555,0.6309949,0.3106759,-0.0050551095,0.03700956,-0.018671,0.002158368,0.99402165,0.9745261,-1875.0356,61.432083,254.88312,68.81352,88.09369,91.55317,0.0039325384,13.918587,8373.32,DICTIONARYBRUTEFORCE
24.823914,6.46026,105.235214,-33.640625,0.044735737,0.10381271,0.005870778,0.11503663,0.63228106,-0.0005737477,0.0019904436,5.7028017,1.1160798,0.12651792,0.12741631,-0.000765454,0.3945352,0.10093916,-0.012619448,-0.013993133,0.12588954,0.015266092,0.71849394,0.23032266,-0.009969593,0.04440384,0.026987374,0.020756025,1.0169692,0.98064244,-218.39111,64.18909,532.47205,117.08679,182.28519,110.51675,0.014405127,10.931084,73558.59,DICTIONARYBRUTEFORCE
19.170513,12.252964,92.557076,3572.83,-0.0073608286,0.21660629,-0.028553285,0.09933292,0.23169029,0.047469568,-0.056235682,2.1190379,2.91894,-0.008904318,-0.048476495,-0.053715933,-0.007521227,0.13241346,-0.028216954,-0.09457564,0.19501843,0.018925758,0.29713428,0.5846226,0.05271796,0.06990821,0.04900757,-0.023026858,1.0466155,1.0481867,4082.6553,79.85902,1145.583,387.43475,388.35272,442.98575,0.01583652,7.0109863,205376.89,DICTIONARYBRUTEFORCE
28.915958,6.2995214,95.72866,-598.9263,0.092429295,0.0047965366,0.0030401815,0.3061312,0.88388604,-0.013166336,0.009132744,8.392296,-0.21605289,1.2787641,0.12978597,-0.08741338,0.7465883,0.021463865,-0.036922805,-0.0015879842,0.122353286,-0.027962282,0.859742,0.10527721,0.0015971856,0.017137883,-0.019820837,-0.026907764,1.0697067,1.0410734,4684.9634,67.083916,1015.4526,289.8445,361.0381,304.17093,0.004142136,12.293282,181612.14,DICTIONARYBRUTEFORCE
23.23757,7.2601075,102.090065,-4396.7896,0.030002654,0.10203903,0.06462326,0.21935396,0.6794222,-0.0074254726,0.02807322,6.458363,1.2101592,0.24164954,0.55685467,-0.050763607,0.34752658,0.03585948,-0.025219042,-0.008200988,0.14269334,-0.016050912,0.7535786,0.21664903,0.015548734,0.00088713015,-0.005638441,-0.03524676,1.0242581,1.0073336,2420.3667,58.794533,383.15317,153.66446,136.93045,174.12814,0.002489077,10.828888,33237.254,DICTIONARYBRUTEFORCE
29.487474,5.3344893,67.98712,-12744.178,0.09050735,0.13482721,0.04184566,0.24585202,0.7744476,0.0068777082,-0.03047936,8.8296175,2.3394802,1.3377428,0.07478723,-0.03905498,0.29063404,0.028707732,-0.08800902,-0.08308105,0.1879956,-0.06892628,0.84182537,0.16465731,0.017414108,0.07453382,0.04670848,-0.022841608,0.924695,1.018176,-2232.0781,68.81455,337.3859,107.14933,109.65803,149.20468,0.009904132,7.619957,19429.834,DICTIONARYBRUTEFORCE
24.823734,6.5939465,105.57649,4576.681,0.13398577,0.004212448,0.007648642,0.29401997,0.79699653,-0.06162016,0.008551704,8.358188,0.13300958,1.8731365,-0.02837833,0.13102384,0.08308125,0.06675617,0.0122496355,-0.023748733,0.14860086,-0.021420442,0.7344042,0.20794305,0.0016951188,0.036109608,-0.004004445,-0.029064266,1.0030987,0.9535716,3872.018,60.79327,797.3733,261.02426,266.4495,261.31833,0.011681064,4.288315,91982.445,DICTIONARYBRUTEFORCE
22.107178,8.766153,98.15921,-1303.6724,0.059860703,0.07395331,0.015284024,0.040847782,0.57385844,-0.0026699202,0.003345674,5.2201743,1.0402497,0.7552452,-0.039096665,-0.031463593,0.41520485,0.119979486,0.023425274,0.01121472,0.11339128,-0.015508524,0.6368838,0.34503967,-0.0062066047,0.01969507,-0.021714918,-0.019562507,1.0041146,0.96974635,-269.62695,60.57071,837.5357,214.2616,320.7526,234.6619,0.0077647124,10.307724,156607.72,DICTIONARYBRUTEFORCE
33.329662,4.423257,71.61619,4442.3325,0.02594018,0.14495216,0.024834203,0.21574953,0.8815228,0.011976146,0.03208218,6.0847178,1.0581843,-0.12006049,-0.10354285,0.008157579,0.61108375,0.08515858,0.0015623914,0.047162876,0.117054,-0.030098828,0.94987285,-0.0065317354,-0.026288867,0.046749853,-0.01508463,0.054213945,0.9617322,0.92994356,-1071.5977,68.698105,948.376,311.82477,388.66977,318.52435,0.014275999,-0.6292114,257435.36,DICTIONARYBRUTEFORCE
28.51278,3.7601714,128.40092,1357.3049,0.07407358,-0.006638871,-0.004261618,0.4014321,0.91338253,0.008671433,-0.00965071,9.135792,-0.14196165,0.14694808,0.10468022,0.021466063,0.40721112,0.037203077,0.0037534954,0.01305287,0.10454167,-0.014761011,0.89083195,0.034728184,-6.238697e-05,0.107149854,-0.0039236853,0.0071505825,0.98658925,0.92705536,346.95264,63.269405,334.14105,145.3171,156.18289,150.43286,0.021774627,5.126816,29305.492,DICTIONARYBRUTEFORCE
29.233353,3.3989174,92.97247,4228.6265,0.07485255,0.18188539,0.025205087,0.13865632,0.79284966,-0.038105402,0.040734593,6.6316776,1.2957424,0.32620504,0.0427052,0.074665934,0.5404472,0.051896743,0.034691814,-0.005409778,0.13022618,-0.038351085,0.94570196,0.0061906707,-0.019520467,0.006975864,-0.015017388,0.0018836465,1.0014366,0.9719776,2637.999,60.237957,1126.0807,303.9517,456.56128,339.16214,0.007157601,8.253624,335904.97,DICTIONARYBRUTEFORCE
23.291359,8.789385,96.00557,-2323.7437,0.031599358,0.013520866,-0.0058937585,0.13817675,0.6692881,0.016384453,0.019595243,5.557759,0.4148883,0.34655625,0.09207218,-0.14073637,0.50289196,0.05742441,-0.011541982,-0.028747145,0.12064372,-0.0086800745,0.65160316,0.3261238,0.0039464375,0.035885915,0.018115468,-0.017694537,1.0319717,1.0138673,528.187,64.72116,831.7863,268.79678,304.65417,266.41455,0.0036372137,10.539444,118493.23,DICTIONARYBRUTEFORCE
34.18445,4.5979686,75.486626,340.38574,0.14096218,0.06923612,-0.0019498332,0.44084808,0.97113127,-0.008227403,0.002708647,10.18684,1.4604176,1.8263295,0.015196275,0.21912614,0.111590736,0.07942985,0.018304944,-0.018587157,0.19159183,-0.014306687,0.9478161,-0.024628608,-0.010922696,0.028220015,0.018426921,-0.0085378615,1.0057491,0.9878403,-44.92627,68.71542,895.3268,264.63754,317.9863,320.10092,0.00869857,4.3302,143141.9,DICTIONARYBRUTEFORCE
32.49356,4.6390853,133.90802,-784.0679,0.041913003,0.3152319,0.0094291,0.28301546,0.7597195,-0.0037096902,-0.017755385,7.8768845,3.4743927,0.09939797,-0.0546392,-0.04400527,0.53309774,0.09252473,0.021982364,-0.023612736,0.1494742,-0.007983748,1.0103382,0.025903327,-0.007848839,-0.05088619,-0.046104416,0.012050736,1.0286053,1.0233929,-1273.3213,66.624626,797.6703,226.72891,284.725,260.62753,0.003986419,6.9058075,148184.94,DICTIONARYBRUTEFORCE
33.178528,3.2442732,69.9269,7215.368,0.02549456,0.009807702,-0.00015490223,0.43231407,1.0234112,0.03338971,-0.014869283,9.421197,0.047391184,0.33709908,0.03544083,0.1326494,0.48094472,0.03878523,0.037312128,-0.0150079485,0.09967811,-0.049014572,1.092848,-0.07221776,0.010638371,0.05126998,-0.05426485,-0.053051613,0.98885894,0.95716536,4749.9414,63.728264,1762.6442,467.1997,684.10187,511.86536,0.010747124,10.85228,804640.8,DICTIONARYBRUTEFORCE
21.555923,9.259649,64.674034,2389.3584,0.057241306,0.020594908,-0.0353585,0.34506837,0.5777909,-0.015376463,0.005309866,5.5465593,0.31306553,0.37202442,-0.11791934,0.047340747,0.07028703,0.059632458,0.011831596,-0.010957666,0.16139492,0.015848536,0.57417333,0.34381786,0.014725041,0.05016423,0.021980666,-0.036967635,0.9861062,0.9707226,561.67773,59.11671,967.0876,148.01259,323.03674,190.27716,0.007272467,8.478203,144177.45,DICTIONARYBRUTEFORCE
20.57315,8.827907,62.086193,-227.66309,0.13557473,0.0035643578,-0.0036918628,0.15142603,0.57081574,0.014884789,-0.01785557,5.117969,0.4178074,2.2668579,0.0062425993,0.050459914,0.07117009,0.103665054,0.017356763,0.024688357,0.16961919,-0.06572375,0.5391977,0.36732635,-0.01720611,0.119079344,0.013904514,-0.019218776,0.9171203,0.924082,-838.1875,58.79035,114.427155,117.138565,34.784374,150.39456,0.014813151,4.013954,-23093.09,DICTIONARYBRUTEFORCE
27.1182,3.7433355,54.27074,9248.35,0.02764095,0.10888404,0.034609206,0.30530593,0.72221136,0.046404853,-0.0045841956,5.719969,0.8529837,0.09655622,0.51784706,0.07125197,0.3343492,0.050879635,0.007992079,0.012394752,0.1478632,-0.022885876,0.8730047,0.06439059,-0.031543072,0.14875753,-0.009203939,0.014123058,0.95247257,0.90652806,2478.1206,62.838165,-4.2669983,100.47873,23.430637,135.02802,0.012183791,8.154961,-4484.2134,DICTIONARYBRUTEFORCE
23.438808,6.588382,136.27963,5870.112,0.06984411,0.014657522,0.01437749,0.09015086,0.6997747,-0.053718053,0.019602327,5.4171042,-0.2297841,0.008339266,0.12808219,0.054089382,0.22311425,0.056713805,0.011340255,0.016624669,0.09731977,-0.031162683,0.72024465,0.18104348,-0.04794922,0.038768146,0.025823839,-0.026430648,1.0049121,0.9824658,6588.1157,61.748165,179.13666,117.64398,38.036743,108.070465,0.01616685,8.814964,11439.946,DICTIONARYBRUTEFORCE
22.507275,7.929436,77.07559,-3801.5747,0.02254235,0.025219886,0.013355965,0.087401085,0.65162075,-0.015355904,-0.012914195,6.1498137,0.4116618,-0.07022309,-0.0182124,-0.04116505,0.441498,0.075090244,-0.007306295,-0.03325982,0.1337072,0.013091767,0.59753895,0.31212962,-0.0067095505,0.07927543,0.031457826,-0.02538523,0.98325247,0.94781613,9933.174,61.0029,1662.3157,466.0752,622.54736,483.69604,0.014178044,10.471207,420527.2,DICTIONARYBRUTEFORCE
22.607603,9.963512,112.94522,6761.708,0.02136139,0.23738272,0.014222331,-0.009331414,0.40527222,-0.020153403,-0.012059388,3.759229,2.014196,-0.077447765,0.15268078,-0.09953141,0.36182353,0.0917852,0.06671347,-0.0146931615,0.08815461,-0.016617572,0.5432991,0.37908676,0.003040072,-0.004671896,0.0494418,0.029903902,0.98890454,0.93306065,455.4419,63.601585,214.47572,242.1932,80.135376,294.98932,0.010860975,6.380951,16304.868,DICTIONARYBRUTEFORCE
32.7019,3.8285012,79.60611,3590.3267,0.036047608,0.13392909,0.015890716,0.39392135,0.9133091,-0.012335727,0.017982228,8.153751,1.1793787,0.10567485,-0.039651044,-0.05456534,0.7499799,0.03720458,0.01607701,0.031916745,0.08779611,-0.055646393,0.9979206,-0.021798877,0.015311601,0.07054973,-0.097501196,0.0050807092,0.98696864,0.974226,507.10693,64.17559,1416.3549,466.767,551.6548,501.82156,0.012924321,4.884987,448706.5,DICTIONARYBRUTEFORCE
23.905048,8.272678,61.780132,1435.479,0.07115782,0.024166932,-0.010642513,0.226366,0.64573264,-0.00886983,-0.08172084,5.4233217,0.37265295,1.6666843,-0.070191726,-0.009337989,0.30108503,0.064712405,0.008197361,0.03921628,0.14449027,-0.008390857,0.64325863,0.32470238,0.011438517,0.065130435,-0.025151558,-0.011414,0.98627573,0.9904987,-3379.9307,60.527775,18.666931,-0.6192627,35.14949,19.564247,0.006416314,8.447014,-19442.82,DICTIONARYBRUTEFORCE
13.829967,11.705744,103.6999,-4467.9478,0.056042016,0.00867954,0.00051319133,0.1959518,0.3278281,0.016134573,-0.0015281467,2.053724,0.020008383,0.047136754,1.1905142,0.0059304945,0.07410603,0.118187405,-0.045110308,0.043008883,0.106195964,-0.040445574,0.34850636,0.57392514,0.0022794446,0.1102835,0.004059756,-0.020665538,0.9460752,0.9609609,390.80615,58.469597,284.2477,113.45219,76.76112,117.24027,0.021704495,11.0839615,-6374.0903,DICTIONARYBRUTEFORCE
26.644497,6.1295524,104.28984,-7060.6,0.059242114,0.06720004,-0.010005067,0.26306495,0.70445836,0.004899686,-0.053355057,6.6863685,1.1574044,0.98747903,-0.030679848,-0.0040275324,0.31690332,0.11829149,-0.04872498,0.010964939,0.16852184,-0.007935836,0.6893896,0.22723673,0.009784781,0.058655925,0.05334418,-0.0073598693,0.9268076,0.9657619,-2153.211,69.6881,-79.97446,24.203728,-6.5655346,31.913593,0.018774526,7.2800446,-44853.965,DICTIONARYBRUTEFORCE
35.86463,5.4173145,123.23255,700.20825,0.06740526,0.1367666,-0.0067315274,0.19143362,0.988257,0.015724089,0.047697835,9.330021,1.5674837,0.36765957,0.04821021,-0.11317366,0.8897077,0.027736994,-0.032156188,-0.037290983,0.14617997,-0.022161298,1.0591904,-0.08790982,0.036523003,0.012798959,0.003615697,0.02959653,0.9808765,1.0430479,-1591.4019,69.293564,293.14758,109.802315,73.716095,129.93192,0.0049365754,6.5894394,16669.99,DICTIONARYBRUTEFORCE
33.68927,4.385133,72.72611,2361.252,0.007908381,0.29243317,0.03761192,0.23382106,0.7507912,-0.00971725,0.004824619,9.175937,2.6044037,-0.22073252,-0.12209338,0.089036085,0.43181744,0.10683635,-0.008582043,-0.0069625676,0.13803309,-0.006435695,0.96462125,-0.0074315486,0.024790082,0.047060616,-0.007040575,0.022675553,0.999893,0.9845238,-470.68994,74.71651,1532.8591,277.43146,497.9128,293.24344,0.011417731,5.3258133,329338.8,DICTIONARYBRUTEFORCE
27.704433,5.862814,74.59495,-1175.0176,0.037752915,0.04620253,-0.0105035845,0.36961755,0.8203302,0.04099279,-0.025470246,8.175789,0.8269812,0.024478648,0.02973752,0.01208974,0.5578155,0.0671412,0.0040457165,0.04109955,0.08987111,-0.023393508,0.9110957,0.08952205,-0.011059126,0.084346235,-0.017440617,-0.0028816983,0.9565587,0.97033226,-2162.9546,61.211536,72.65961,37.149864,33.268677,62.077137,0.013234858,8.929001,-20343.28,DICTIONARYBRUTEFORCE
30.183651,6.820901,91.72163,5031.0796,0.0057449006,0.09121992,-0.03621634,0.25786978,0.6935932,0.011448007,0.03931006,6.687978,0.9644213,-0.17621906,-0.037791573,-0.03992403,0.60835195,0.1041586,0.028978597,0.042573888,0.09721756,-0.023192057,0.80348206,0.19435656,-0.0024145609,0.0442772,-0.027397629,0.026310386,1.0080734,0.9810149,-3664.162,74.48267,206.96364,116.24624,55.359524,129.57196,0.010425162,7.4181595,3184.2087,DICTIONARYBRUTEFORCE
28.928404,6.7653236,108.93553,1855.4509,0.10545488,0.014093733,-0.0033160113,0.3100306,0.8239016,-0.035233352,0.020265758,8.823532,0.37972507,1.53947,0.21967578,-0.05321815,0.6305437,0.08648214,0.014977925,-0.0056267064,0.11950959,-0.08106053,0.8274675,0.1416066,0.0058102002,-0.014118992,-0.064000316,0.008646612,1.0168971,0.9761101,5834.43,67.11921,1882.5483,669.59814,705.06525,642.07776,0.009697255,14.794235,504575.22,DICTIONARYBRUTEFORCE
24.90684,9.467388,114.03898,17001.691,0.0916583,0.17270035,-0.01975445,0.07472515,0.51956946,0.01115874,0.06677085,4.6538916,1.5229065,0.2981173,0.12772305,-0.10642454,0.36901212,0.045006596,-0.045428008,-0.049292833,0.1464031,-0.036030844,0.6448946,0.29372892,0.03413361,0.011948608,-0.002268767,0.0016787555,1.038873,1.0243627,4.8100586,62.21997,329.0824,187.13629,62.92751,194.83055,0.0015657186,6.0746,28531.201,DICTIONARYBRUTEFORCE
28.217403,4.8934584,99.04876,-716.47217,0.07928611,0.07589603,-0.03396539,0.2819735,0.8016201,0.0032337247,-0.0045563234,7.139912,0.8221159,0.5935086,0.35802874,-0.016001409,0.6711909,0.077215545,-0.031976126,-0.02180919,0.14972551,-0.042182453,0.81837106,0.11901461,-0.007586467,0.06984787,-0.038001373,-0.04113758,0.9948485,0.98914576,5217.4556,64.05672,1421.6459,334.7495,518.4679,342.71365,0.018727265,10.071373,316761.5,DICTIONARYBRUTEFORCE
33.44598,1.6372261,91.36968,1644.364,0.050123148,0.068891644,0.0073222998,0.27223563,0.9777027,0.04360922,0.059094545,10.673115,1.198278,0.38810804,-0.028480925,0.0783862,0.5395328,0.028365774,-0.0022675982,-0.014632393,0.14444304,0.0009164121,0.95127463,-0.077862285,0.021866452,0.063974775,-0.008850539,-0.04447004,0.94447124,0.975191,2145.5347,68.069496,911.6996,228.22357,345.6403,287.74634,0.021359863,2.0965576,208051.56,DICTIONARYBRUTEFORCE
25.590784,5.9263906,85.54873,1402.0032,0.04595156,0.12034992,-0.009507125,0.16147636,0.6827163,0.014501138,-0.008223399,5.7288547,1.0250278,-0.0044776127,0.15383856,-0.01899985,0.5436788,0.075513355,0.009879087,0.05489781,0.061461817,-0.06796128,0.7764264,0.15541388,-0.01436349,0.06668144,0.00825317,-0.028316146,0.99617803,0.9617629,-589.9888,61.775845,55.74495,69.31938,-5.6595078,111.535995,0.018902056,6.9216003,-16778.725,DICTIONARYBRUTEFORCE
23.395287,7.910681,115.73487,1309.0417,0.14501664,0.32226512,0.041386914,0.015447313,0.4204614,-0.036367137,-0.0023016147,3.9423769,2.5473557,0.20080566,0.122413255,-0.03280581,0.30412582,0.09839959,0.03642546,-0.05861474,0.07617484,0.003996324,0.6355432,0.29165477,0.017778575,-0.0067051686,0.027345644,0.0064764917,0.95539653,0.94418675,-1501.1362,61.044674,695.9851,114.023636,195.34915,186.38995,0.015417255,5.342064,88624.39,DICTIONARYBRUTEFORCE
31.080288,3.4284356,112.14517,1353.1907,0.015510322,0.042063337,0.0275748,0.3977578,1.1142473,-0.02244899,0.004567411,15.503338,0.74788207,-0.08206077,0.16068137,-0.056674063,0.7893894,0.0053346762,-0.016665343,0.015770692,0.13280755,-0.033984963,1.1042576,-0.11553877,0.008563417,0.06333369,-0.043798093,-0.018444289,0.982884,0.9623746,-1047.4263,59.68221,1291.132,211.85614,409.86053,209.39458,0.00428499,9.940994,181209.92,DICTIONARYBRUTEFORCE
27.388197,5.4895496,99.58379,-2012.293,0.0048119016,0.0143966945,0.010172628,0.3429074,0.9320078,-0.033726126,0.008368729,10.594168,0.21967517,-0.0593821,-0.12790558,0.06528853,0.40319824,0.016039448,0.004885709,0.053426743,0.1209888,0.007886122,0.93527013,0.03929198,0.0024862355,0.04438807,-0.03703402,-0.05424401,0.9799943,0.9763456,-556.8281,58.88262,498.0559,131.77887,185.93817,148.64546,0.004535858,9.561943,44922.54,DICTIONARYBRUTEFORCE
24.721811,6.8429317,94.81998,-1921.2446,-0.002137022,0.1801882,-0.016512949,0.40640846,0.59423506,0.013575852,-0.012629452,5.5562673,1.8738592,-0.13703494,0.08814239,0.08713247,0.04948048,0.090648666,-0.0077480585,0.07455218,0.11571541,-0.005010641,0.75206894,0.22494859,-0.009302752,0.0477741,-0.0040738285,0.027207604,0.9548329,0.96193004,289.32275,62.321495,-29.439453,55.083973,19.180733,84.053505,0.012962005,7.5163574,-31045.912,DICTIONARYBRUTEFORCE
25.777596,6.0614014,113.8383,1756.1758,0.022644522,0.025191218,0.0048911176,0.12880121,0.7617255,-0.023182565,0.031215932,6.3613825,-0.026303824,0.035366602,0.1526788,0.10065057,0.3329136,0.0643071,0.03376406,0.034228656,0.07721695,-0.047269598,0.81978714,0.09424884,-0.03197478,0.062892646,0.01585281,0.0018103328,0.9833888,0.9594984,1709.959,62.08728,110.20124,26.545204,39.32596,25.04699,0.008090722,12.491013,-6146.285,DICTIONARYBRUTEFORCE
26.176373,5.6779613,80.67996,-1520.9966,0.041578937,0.0747165,-0.015950494,0.29006353,0.7372674,0.014002405,-0.009410663,6.9767985,0.9611127,0.090684734,0.18440849,0.07334949,0.46049747,0.06636301,0.008614039,0.018312288,0.106554314,-0.032518122,0.81669044,0.115623385,-0.010657703,0.086374745,-0.033865716,-0.029484348,0.94883466,0.94819206,-693.3179,59.478973,199.1371,46.34401,61.44557,61.55936,0.013269762,11.307991,-7380.846,DICTIONARYBRUTEFORCE
28.034382,4.934435,70.76589,106325.555,0.054714974,0.16032587,-0.0105425175,0.33388576,0.75595057,-0.048560258,-0.024666008,5.6010885,0.85724527,-0.008736662,0.12511088,0.049204733,0.34468386,0.07197579,0.037289083,0.006685462,0.13932191,-0.08040323,0.8590123,0.1109518,0.0024574087,0.08588566,-0.0466282,-0.03806403,0.96346974,0.9934212,1969.1841,59.49915,1450.079,305.9556,482.00266,360.86655,0.010650049,10.943535,424168.66,DICTIONARYBRUTEFORCE
27.323534,6.587145,66.3725,2879.9429,0.021882607,0.12468084,-0.0025368296,0.27851102,0.73096275,0.021625955,-0.0055462774,6.25916,1.2006192,0.102262385,-0.006298851,-0.13461453,0.69747806,0.045529842,0.00909761,-0.0007433258,0.14111485,-0.008932207,0.84226173,0.1262526,0.004381032,0.026680578,0.011676027,-0.011849412,1.0125638,0.98110294,-381.08936,60.607033,337.0792,76.90224,121.49129,97.941864,0.008214593,11.768089,32400.398,DICTIONARYBRUTEFORCE
16.52885,11.500067,115.673386,1578.9226,0.035287328,-0.008589744,0.012822252,0.09801463,0.41811338,0.013295594,0.019850003,2.4784963,-0.6629162,-0.07993155,0.2635383,0.022298682,0.1470033,0.08281282,0.014449712,0.05937716,0.0701411,-0.048909746,0.44963586,0.48256144,-0.033576004,0.080987655,0.0286471,0.00428007,0.9837677,0.9665688,4792.5444,61.96159,155.2773,130.47488,33.095207,124.84962,0.011465317,12.683853,-8596.592,DICTIONARYBRUTEFORCE
24.400906,7.2382226,116.81714,-1145.042,0.024159595,0.01571706,0.06623188,0.092474826,0.7438578,0.003614291,0.011107406,6.183511,0.26851204,0.096400715,0.8980611,-0.081127495,0.586482,0.079180464,0.014944578,0.03542287,0.08835068,-0.077838965,0.7821443,0.21571718,0.0071922615,0.043270182,-0.03995378,0.027262548,1.0287033,0.9544694,-601.3423,60.62148,-39.199554,93.17947,6.6134653,101.611046,0.0066865454,10.110626,-29600.787,DICTIONARYBRUTEFORCE
21.63356,8.443887,78.97327,15626.4375,0.025568567,-0.015983028,-0.013499874,0.101251,0.5839551,0.020694258,-0.019963829,5.1317964,-0.52270615,-0.048642546,-0.008486862,-0.09876069,0.597981,0.06695299,0.03251944,0.042079818,0.09731617,-0.039783794,0.6091037,0.33820283,-0.0027945219,0.07006574,0.022303276,0.013044409,0.9874705,0.95359796,-68.26611,59.530514,-82.010864,25.55658,-41.634277,23.257652,0.011232252,13.060226,-27720.918,DICTIONARYBRUTEFORCE
32.424152,2.846917,66.31401,4223.9814,0.0026101526,-0.008232074,-0.0018499489,0.5602145,1.0481851,0.008513149,0.027380206,13.36765,-0.30426908,-0.225916,-0.053757597,0.09260702,0.5480957,0.016242556,0.00078427605,0.053657774,0.13037124,-0.03193708,1.08269,-0.103339575,-0.037947312,0.11655841,-0.07886428,0.016040245,0.9539515,0.9179565,148.77539,61.217567,1269.4133,237.5553,470.98297,258.28415,0.012957153,8.761269,357628.38,DICTIONARYBRUTEFORCE
25.013186,4.8675356,94.03664,-711.5161,0.094611056,0.1606707,0.00355809,0.32049683,0.6685826,-0.0056058224,-0.027016476,7.05249,1.4645165,0.24165264,0.15885392,0.10681949,0.102828026,0.07921159,0.017949885,0.07389595,0.13534287,-0.07645162,0.80505997,0.10584745,0.009423745,0.089087345,-0.0068706973,-0.015676726,0.9351451,0.9244994,873.937,58.940807,229.17168,154.28706,75.7352,226.44281,0.02674653,3.489708,-308.27625,DICTIONARYBRUTEFORCE
26.334156,6.436961,88.5662,465.05444,0.028565591,0.0060345572,-0.00833799,0.19087027,0.7622826,0.03560423,0.0097070765,7.3670835,0.19556522,-0.06147757,-0.01655636,0.0072378614,0.49856853,0.07492307,0.026372502,0.06825414,0.07516966,-0.018975351,0.7859815,0.18494913,-0.016078873,0.06624101,-0.020541094,0.001517171,0.9487944,0.93064183,-3037.3438,62.570675,49.74495,43.189518,18.772728,36.83472,0.012376624,10.078896,-17271.533,DICTIONARYBRUTEFORCE
31.37431,5.512379,98.93873,255.90527,0.0956437,0.30709696,-0.014829523,0.17241466,0.73540896,-0.010475034,-0.048328668,5.157106,2.8823838,0.6595113,-0.025177024,0.08088078,0.2761525,0.10460922,-0.022548987,-0.026898777,0.14067855,-0.0063403184,0.9144827,0.043148123,0.07283044,-0.06280623,-0.045402803,0.0679777,0.94864297,0.9802457,3252.0466,98.75733,494.4216,249.64929,71.619385,309.81805,0.012415809,1.8473969,9532.462,DICTIONARYBRUTEFORCE
18.671747,10.246907,60.332184,12449.377,0.031717144,0.21346366,-0.015760014,0.1307808,0.28344744,-0.006869663,0.0030628801,2.506528,1.5322733,-0.22204496,-0.09758468,-0.03998042,0.0879106,0.11642638,0.049363878,0.028743032,0.115542874,-0.04913481,0.47592157,0.4529287,0.0026299478,0.09419341,0.0060162414,0.020676257,0.9449807,0.89572865,-1268.0034,60.451603,407.21722,150.19995,118.000374,217.24457,0.019844677,7.3938446,39950.906,DICTIONARYBRUTEFORCE
21.974794,7.779871,60.133152,-3208.9316,0.044653114,0.09805887,0.013261873,0.28255412,0.5364913,0.02762285,0.030924577,5.250372,1.0502691,0.094248176,0.09973358,-0.005682446,0.32867584,0.08180722,-0.023668503,0.02019393,0.1279622,-0.063398704,0.6624745,0.27448162,-0.018480385,0.10424029,-0.025884382,-0.001227539,0.9472353,0.932271,1598.0933,60.98463,194.611,102.146706,76.34531,124.451225,0.0120875025,13.906006,-1234.6074,DICTIONARYBRUTEFORCE
18.737173,11.626986,114.294205,-1663.3237,0.029096726,0.0064294674,-0.033885527,0.3275112,0.47874698,-0.044011664,-0.06524341,4.678025,0.38775522,0.9884446,-0.11717308,-0.1712258,0.14461766,0.09633385,-0.039780766,-0.038568605,0.16248661,0.036610328,0.4439225,0.5488541,0.007924011,0.037259724,0.0985996,-0.03012368,1.01728,0.98866135,1449.8379,64.04347,544.3302,209.02914,200.75952,300.1418,0.019323215,1.5972595,31110.78,DICTIONARYBRUTEFORCE
29.296303,5.1289034,109.67906,6158.958,0.060187526,-0.014231818,0.016203245,0.10877742,0.8997987,-0.03832482,-0.00909814,8.068477,-0.70398396,0.09679352,0.016308852,0.016158128,0.643567,0.05722315,0.047325548,0.0036955765,0.07650496,0.021166803,0.88834333,0.06484587,-0.019664446,0.06689907,-0.00016113743,0.022367742,0.9940387,0.9411636,4627.165,63.231987,1350.8384,362.4792,568.57196,349.7603,0.011061151,6.841095,470861.1,DICTIONARYBRUTEFORCE
24.205421,6.4933367,83.20065,8501.755,0.08209348,0.27219915,-0.013581406,0.28057978,0.4848881,0.009213997,0.015068453,4.3452377,1.7491663,0.0749868,-0.0019083917,0.0659244,0.15007776,0.08212662,0.029267,0.016577674,0.10328107,-0.013799278,0.7116034,0.19502832,-0.0071130362,-0.007359087,0.034837317,-0.020196524,1.0134997,0.99292517,1904.843,62.446346,363.6406,92.17673,60.73982,120.03491,0.011608012,8.659088,12267.917,DICTIONARYBRUTEFORCE
17.347221,11.729942,100.90665,-3799.5366,0.004149424,0.028620316,-0.011630933,0.24581194,0.41524106,-0.0006708101,-0.017276298,4.0558815,0.42397296,0.12220704,0.03192367,-0.21865794,0.50071096,0.12179522,-0.0057160854,0.011306837,0.11864648,-0.06089263,0.43883368,0.5498146,0.014957886,0.037428677,-0.0107390005,-0.0036257878,1.0553663,0.99883175,1983.2498,62.96866,471.73053,230.689,148.86545,242.66824,0.01106174,12.853493,18955.45,DICTIONARYBRUTEFORCE
19.458687,10.582485,98.55986,-201.60449,-0.02347972,0.09026157,0.023504311,0.030769741,0.39221328,0.0093239285,-0.015645921,5.533313,0.9806253,-0.19245423,0.0261737,0.08558005,0.18337813,0.08471568,0.042796575,0.008472273,0.09395186,0.0026865117,0.5087671,0.4503087,0.0075612934,0.005922257,0.046347026,0.027373929,1.0287335,0.9586935,4804.6855,60.41354,1328.3004,494.04742,587.6716,494.1949,0.006044202,13.98774,495894.9,DICTIONARYBRUTEFORCE
27.005924,2.650289,70.27559,7238.9634,0.10705535,-0.007692858,0.2297959,0.22100158,0.9498573,0.023385677,-0.053763576,13.138873,-0.1940946,0.72846663,5.5696015,0.06265142,0.5411791,-0.031041296,-0.008116722,0.011268783,0.10792356,-0.050825324,1.0114127,-0.062003516,-0.008086913,0.12815213,-0.010643368,-0.05456746,0.9102833,0.9745132,-218.45264,58.510532,57.8732,43.405083,29.298582,39.702023,0.015956843,15.568855,-8068.5776,DICTIONARYBRUTEFORCE
23.392136,8.366048,80.596466,1339.9382,0.019710127,0.06745986,-0.026494622,0.21014218,0.5875042,0.0010083598,-0.017508885,6.4592953,0.8583908,0.26334563,-0.2061498,0.09579943,0.119738415,0.097728334,0.018215891,0.03584577,0.12608822,0.005091238,0.59397775,0.32740054,0.016441114,0.072990045,0.008782874,-0.027448285,0.98197156,0.9759569,-4857.5703,60.499874,573.4161,75.13226,207.61127,108.40178,0.009811228,8.044662,62285.82,DICTIONARYBRUTEFORCE
32.033375,3.1852207,94.19998,-425.938,0.12587482,0.1893061,-0.03775449,0.32668462,0.79383624,0.03319773,-0.040937956,8.684714,2.6874566,1.5090938,-0.24571775,0.2565814,0.062396195,0.12853451,-0.011292374,0.03975705,0.15868874,-0.03300849,0.89614165,0.09304359,0.0065843924,0.019331278,-0.041289438,-0.044050835,0.92676055,1.0290105,-6644.459,68.91843,629.5513,72.573105,169.23074,88.997,0.023380345,2.5165176,44391.85,DICTIONARYBRUTEFORCE
34.12667,3.9427667,84.03757,45960.28,0.049517184,0.11783141,-0.037305064,0.3594737,0.98378927,-0.038554884,0.0051421393,9.831855,1.1239297,-0.0021882541,0.027367968,-0.0821957,0.7915663,0.02495907,0.043687508,0.006048279,0.13289139,-0.014629222,1.0156153,-0.047922593,0.016303223,0.03258606,-0.018982029,-0.021851845,0.9808332,0.99895394,-1359.4282,62.60787,1286.7244,359.8447,468.15353,409.80923,0.011875236,7.138321,328604.94,DICTIONARYBRUTEFORCE
27.734842,4.9581366,89.296646,-2189.609,-0.080234036,0.3416188,0.04980679,0.3605989,0.66339076,0.043995753,0.03427656,6.8501453,3.059095,-0.39863333,0.35912836,0.053552665,0.2462207,0.041573144,0.0002427306,0.010011451,0.14820465,-0.008831936,0.9600828,0.02671275,0.015925212,0.035754807,-0.0017456198,0.01562548,0.9810391,0.96020174,-2293.462,64.24668,471.05908,159.10992,128.48125,190.47241,0.0056628017,9.676056,26411.572,DICTIONARYBRUTEFORCE
23.524,7.499844,101.4436,862.4436,0.024144111,0.38542816,0.085521355,0.09358288,0.38769633,-0.018390028,-0.028074931,4.4314814,3.7855191,-0.11388127,0.1416254,0.1691874,0.008471012,0.12701826,0.03976502,-0.03412439,0.13713254,-0.004638955,0.70509017,0.23656166,0.0032056682,-0.031496175,0.019645078,0.021174515,1.0021613,0.9957632,3694.3118,64.75774,1117.437,213.04407,410.6881,257.5755,0.014449761,14.009697,303101.84,DICTIONARYBRUTEFORCE
27.781427,5.723428,73.548676,5121.4795,0.087745294,0.22023015,-0.013188106,0.17859112,0.6560603,-0.017575176,0.0013426342,5.560424,1.8275679,0.71208084,-0.025252853,-0.0019737193,0.48445717,0.05685281,0.0427858,-0.01961258,0.14854325,-0.025158338,0.7982147,0.16022666,0.0054305186,0.009061368,-0.02793187,-0.021831868,0.98804814,0.9603261,-371.417,59.97278,1148.126,199.9245,423.48672,236.1576,0.012225131,6.3500824,317792.78,DICTIONARYBRUTEFORCE
34.13628,2.190123,72.636505,24801.082,0.057743844,0.044086248,0.011357349,0.24453668,1.0932417,-0.017807506,0.001739976,11.958281,0.36389503,0.15221733,-0.11872655,0.11832349,0.5793701,0.020617388,0.055372085,0.041358687,0.10455888,0.006614984,1.1131527,-0.14243527,-0.025169628,0.10121527,-0.036271498,-0.0117550595,0.93971723,0.9188799,-4204.3584,59.77629,1327.038,216.87364,513.5024,231.84384,0.009968781,2.596161,461567.38,DICTIONARYBRUTEFORCE
27.816824,5.829989,72.92205,6128.6807,0.057997204,0.036802296,-0.0020213332,0.15330647,0.78846246,0.008517696,0.012216955,6.3842726,0.35003546,0.137893,-0.058720317,0.009006501,0.5932963,0.07897086,0.02485538,0.029432701,0.0977007,-0.03810069,0.82417786,0.11894841,-0.019469088,0.07306245,0.007907836,0.0052333344,0.98005146,0.9536477,-583.42236,61.98191,99.2776,83.738884,45.937637,79.59815,0.007919258,10.653313,5693.397,DICTIONARYBRUTEFORCE
21.801313,6.9194713,92.625984,-9261.814,0.0047860947,0.10874071,0.016793903,0.22946452,0.56226456,0.068100974,-0.0097814435,5.6615605,1.6189594,-0.17197074,0.6092136,-0.043999247,0.40282488,0.0978848,-0.033133525,-0.0080956975,0.13909842,-0.020451508,0.64978975,0.274946,0.004924601,0.100706905,0.008500343,-0.0064670946,0.96400523,0.9358499,-72.58838,61.115723,392.42596,169.99979,140.58711,180.14267,0.019746954,9.051262,34378.848,DICTIONARYBRUTEFORCE
23.425703,7.618864,103.18423,-8340.867,0.009726034,0.006024484,0.0051177735,0.27548972,0.7178073,-0.016024223,-0.026276045,7.0461264,0.20781435,0.59359366,0.030979767,-0.023278037,0.2264658,0.081486024,-0.009705386,0.049454864,0.12676224,0.0051656365,0.6941523,0.28944302,-0.010029949,0.011902615,0.008769388,-0.0073921676,0.9763475,0.9442422,-4027.8477,61.55276,-10.691452,-5.411812,12.539375,-6.77404,0.011944475,7.335518,-41010.027,DICTIONARYBRUTEFORCE
18.00311,8.59941,82.512474,-343.0381,0.024665406,0.018118665,0.1146539,0.09834414,0.50746655,0.014225338,0.0030132057,3.682396,0.2674191,-0.13784496,2.2472498,0.0061747944,0.2177022,0.053825617,-0.038242567,0.050852984,0.06254639,-0.04737472,0.56719255,0.33687556,-0.031315744,0.14260444,0.026410894,-0.023345806,0.96873,0.97188336,264.0581,58.60723,53.069305,160.82266,28.918026,132.51437,0.014872013,12.281044,-12233.772,DICTIONARYBRUTEFORCE
23.890427,6.3641996,76.73952,-4194.5737,-0.030809283,0.049716216,0.050772563,0.16802733,0.7023644,0.014097646,-0.0121223,7.2945576,0.8197342,-0.33110029,1.0315896,0.11530995,0.3531442,0.076057084,-0.014000244,-0.006818557,0.10890132,-0.013952167,0.738506,0.21589415,-0.019681625,0.052574966,0.0324379,-0.0059753656,1.005154,0.9673235,11977.494,63.18453,1730.2555,578.775,628.1104,563.11,0.0073720166,14.9064865,391240.5,DICTIONARYBRUTEFORCE
27.090368,4.34982,134.33548,-1765.4756,-0.046373375,0.066107385,0.07241884,0.28491506,0.8526773,0.023907151,0.000102620106,8.006004,0.616402,-0.3166379,1.131411,-0.048896044,0.63476413,0.05198743,-0.010956828,0.01763151,0.1083173,-0.0032856688,0.936252,0.030261645,0.011079424,0.055277318,0.0034314347,0.020911217,0.98649776,0.96573836,2048.9102,63.777622,340.4609,82.313644,84.622284,68.812164,0.011242646,14.702301,11055.876,DICTIONARYBRUTEFORCE
34.49891,3.825233,95.832504,2207.0784,-0.0134589225,0.0359787,-0.004601383,0.42850396,1.0319074,0.027343074,0.013388226,10.299883,0.34095305,-0.3258255,-0.08839437,0.0031581568,0.74667895,0.005277386,-0.025393177,0.029929355,0.096371084,-0.041328073,1.0474254,-0.08849202,0.025516875,0.057483558,-0.063265346,-0.006203782,0.9836848,0.97959864,-3886.8564,68.172554,1169.4752,229.9802,386.5465,240.52985,0.012741534,10.273239,170761.84,DICTIONARYBRUTEFORCE
24.712973,6.6994247,104.00424,2018.0142,0.036279865,0.112632655,0.003043192,0.049626824,0.64693743,0.023070298,0.0131150875,5.889906,1.1836903,0.03815397,0.17322841,0.085806854,0.20623171,0.089047395,0.013269493,0.02253912,0.095367245,-0.028995935,0.73900765,0.19664149,0.0044421013,0.08082249,-0.009343111,-0.0035356078,0.9572283,0.9146111,-1664.3335,62.44705,67.65781,79.51457,25.733738,121.37224,0.016814563,4.6499786,-13639.668,DICTIONARYBRUTEFORCE
35.51445,3.0100842,91.501724,1648.2798,0.10284316,0.076139994,-0.056339238,0.42847106,1.0191156,0.012547643,-0.02698981,5.675812,1.7168694,2.277219,0.22248405,-0.034368735,0.59250605,0.047897533,-0.04691592,-0.02119174,0.19730723,-0.032117147,1.0027872,-0.10116886,-0.003304407,0.008832261,0.04283815,-0.017687384,0.91518426,0.9942746,474.35547,106.52927,544.3356,335.0204,96.16477,341.26706,0.017322564,5.12162,-1262.1143,DICTIONARYBRUTEFORCE
31.227985,3.9967828,115.1709,1442.2251,-0.008945306,0.2779369,-0.0121403355,0.19673203,0.74764085,-0.006140071,0.049211018,7.0320787,2.5298824,-0.16517282,0.15762964,0.14339644,0.30122682,0.036132883,0.011389978,0.0120205935,0.09868914,0.015349273,0.94870096,-0.022027522,0.008701211,0.016850762,0.010225837,-0.013430294,0.9728809,0.9536899,-1369.3809,65.854294,528.8068,204.14804,199.78787,219.60008,0.01738099,4.491432,80679.35,DICTIONARYBRUTEFORCE
28.365284,4.822413,108.90515,2773.1658,0.0929161,-0.0166457,0.01691633,0.17789863,0.84069616,-0.049306825,0.057083085,7.467993,-1.3815029,0.9774274,0.43127027,0.104589224,0.41712114,0.025908371,0.010873504,-0.016615039,0.15367934,-0.031060658,0.8223998,0.09669631,-0.03373046,0.051423125,-0.024948694,-0.028927809,1.0361793,0.9717425,14566.246,65.79097,1233.0548,406.77872,455.2308,423.68488,0.011094403,14.066048,373408.38,DICTIONARYBRUTEFORCE
19.92645,8.664311,98.66443,-4770.273,-0.0036561303,0.11258661,0.013722263,0.43180838,0.50806797,0.013627887,-0.017049367,5.204605,1.3851982,-0.087147735,0.08703151,0.054105952,0.025198532,0.100686,-0.014629627,0.053981595,0.14447156,-0.026775114,0.6163881,0.3429811,0.016629418,0.020513188,0.0054277293,-0.000944715,0.9944038,0.9960058,2492.5034,64.71665,770.81256,309.19983,247.16397,328.1937,0.012479783,12.287231,73564.0,DICTIONARYBRUTEFORCE
22.051899,10.868275,114.87323,-7225.8374,-0.02326534,0.18018134,0.0045813224,0.24784689,0.4528986,-0.031888116,-0.06982307,2.5655065,1.4945697,0.4897763,-0.06284859,-0.33976698,0.5315758,0.036989626,-0.08907017,-0.10745826,0.20416638,0.0030717952,0.5639844,0.47276267,0.08941062,-0.0020728505,0.012230444,0.032765422,1.0586053,1.0908314,3239.7368,74.27419,-101.929504,292.08032,26.361023,334.4577,0.00801288,10.6813965,-23605.146,DICTIONARYBRUTEFORCE
22.786602,8.789951,86.49201,1347.1816,0.027926326,0.106869,-0.03361402,0.4720361,0.54544616,0.035498135,-0.017771034,6.076592,0.93810415,-0.15496477,-0.100425065,0.047761746,0.0664284,0.10783259,-0.01827085,0.088901155,0.134502,-0.04855112,0.6423266,0.3312685,0.028968604,0.057392437,-0.016413392,0.0046437047,0.9390035,0.9768968,-2062.935,60.645924,367.7607,137.81522,77.219055,168.87608,0.013664561,5.6921234,-1449.4575,DICTIONARYBRUTEFORCE
26.081001,6.0058475,59.249527,459.04712,0.02751611,0.22749744,-0.007472981,0.3685039,0.54110074,-0.016766356,0.0014770636,5.5479093,1.6900606,-0.08335013,-0.118189216,0.052432522,0.2509774,0.10917482,0.03979974,0.030329442,0.1404792,-0.00878035,0.80927855,0.1649975,-0.010391526,0.04832282,-0.005627433,-0.0025864039,0.99115366,0.9553076,3000.2356,65.00921,1159.2789,226.22116,426.81696,278.295,0.012994106,11.956139,319208.9,DICTIONARYBRUTEFORCE
19.183664,10.006119,125.54055,13.100098,0.027385697,-0.0017801184,-0.0028198306,0.32057157,0.5257761,0.026875587,0.0069447,3.8617618,-0.6184478,-0.048985794,0.11652148,-0.059238717,0.319145,0.08557673,0.014089774,0.06369974,0.09635246,-0.046516836,0.55719703,0.41252378,-0.010040892,0.033778347,-0.021129793,0.010468004,1.0241933,0.97187656,4252.5146,62.57814,189.44513,97.45168,35.609848,116.83182,0.008538289,10.609459,-18403.041,DICTIONARYBRUTEFORCE
24.567982,6.032657,78.50094,-1774.728,0.05509067,0.06739314,-0.03292941,0.48465663,0.73369277,0.032582045,0.00074830605,6.739739,0.95154214,0.03807354,0.15868314,-0.13143358,0.57271636,0.08384967,-0.037490442,-0.0024360605,0.15387519,-0.038432475,0.76274633,0.1812216,-0.02796752,0.08830653,-0.0010214048,-0.018817386,0.988363,0.9697159,103.70996,61.25869,705.6097,210.2103,216.70416,225.20102,0.018708883,5.30632,65450.105,DICTIONARYBRUTEFORCE
21.575823,9.097059,72.84545,1665.8862,0.031668764,0.017912133,0.025394656,0.15866344,0.58719313,-0.02118811,0.01464219,5.0690613,0.49233764,-0.04168985,0.008038505,-0.124521,0.5651234,0.07398309,8.057803e-05,0.008857445,0.07546541,-0.039062105,0.6465084,0.31768823,-0.026511459,0.06934309,-0.013667496,0.00730128,1.0096079,0.97246385,1059.8706,59.227146,237.28455,152.34856,80.38242,136.59503,0.004565585,15.784637,2734.936,DICTIONARYBRUTEFORCE
29.39854,3.3818965,113.63299,93.87598,0.051547926,0.10430737,0.068644576,0.2399402,0.88027376,0.010389512,-0.0005325442,11.179894,1.0059571,0.17870256,0.9131067,0.08594417,0.39645997,0.028652756,-0.005643028,0.030080136,0.09079955,-0.038092412,0.98501766,-0.022083122,0.0116725275,0.09352804,-0.038937025,-0.01371282,0.96286595,0.9606812,1621.6147,62.550987,-23.221024,26.207672,5.219183,34.554592,0.014876251,12.3734665,-16495.465,DICTIONARYBRUTEFORCE
25.465242,6.094449,78.32783,3764.9463,0.05798138,0.037309483,-0.0113298055,0.26787472,0.7277952,0.007327914,-0.018839782,7.9278197,1.0554476,0.3569215,-0.05093867,0.014297315,0.23652318,0.051486462,0.0069489237,0.004295325,0.17762545,-0.0025272835,0.69164425,0.18694307,0.0010151509,0.09932988,0.0118609695,-0.039297197,0.9432773,0.94316864,-2660.288,59.832474,595.0312,105.30924,219.4415,137.95137,0.01621085,5.274803,90084.02,DICTIONARYBRUTEFORCE
26.23517,4.6702814,54.501083,12015.758,-0.027466502,0.2800574,0.0015546428,0.17230856,0.5109646,0.0022271667,0.011731232,4.5928507,1.8961239,-0.26677722,-0.059576713,0.057612192,0.40536386,0.10397955,0.05772159,0.08825336,0.110492565,-0.015966114,0.7641084,0.14418255,0.02273617,0.14994596,-0.026791923,-0.029869244,0.9386498,0.87060344,-1343.5552,62.68595,834.1896,204.4388,307.88373,267.48517,0.026175909,3.7841492,168725.56,DICTIONARYBRUTEFORCE
25.237274,7.6784163,74.64793,-62.370117,0.11705595,0.09835578,0.0054816343,0.10392894,0.6174156,0.013263631,0.012992725,5.889806,1.2265594,0.867982,-0.11535372,0.10861795,0.1334802,0.1117438,0.028331071,0.007570609,0.11364524,-0.00046577305,0.69455796,0.25041798,-0.0022452301,0.03690847,0.007619359,0.0044140965,0.98941755,0.95686686,-1201.4863,61.95005,262.4947,83.05877,91.210815,98.40289,0.007036604,11.51268,15367.882,DICTIONARYBRUTEFORCE
32.48851,4.1759195,84.846375,4149.095,0.057125054,0.013582565,-0.01879496,0.3263126,0.9369513,0.031200638,0.022340827,7.778187,0.057122894,0.08808903,0.00700891,0.1057841,0.28423315,0.07552253,-0.016953845,0.03124995,0.14054152,-0.026498977,0.9222297,0.028200518,-0.016699059,0.07131601,0.03547904,0.0131666735,0.92183113,0.98108476,-1922.5522,72.60495,511.373,189.30185,162.19437,186.85796,0.01543137,3.5609818,42923.266,DICTIONARYBRUTEFORCE
27.76849,4.7515297,83.388214,23730.428,0.04923474,0.22860245,0.016277537,-0.08959197,0.6668798,-0.048407562,0.022241581,6.236908,2.356529,0.017701067,-0.008389167,-0.0065386714,0.43070576,0.10290322,0.08768192,0.0031078653,0.080012545,0.018711414,0.84272325,0.08578566,0.032712504,0.062010627,0.0029398594,-0.012428713,0.9795983,0.9546218,-4017.3457,61.4018,250.5638,111.01944,65.79218,107.14994,0.00648452,5.0998154,38211.54,DICTIONARYBRUTEFORCE
23.23724,6.9250154,101.23765,1867.1362,0.075680695,0.16252665,0.015275372,0.2339605,0.5413204,-0.004526435,0.017463747,4.0769634,1.2538623,0.09623591,0.057599097,0.08951216,0.090999,0.15764427,-0.0018807827,0.037367843,0.12559761,-0.008522145,0.6504657,0.28022045,-0.029196251,0.052877013,0.042749226,-0.029946811,1.00233,0.9817779,3448.5012,69.338745,683.3418,296.94528,250.55515,300.7333,0.021608802,6.6347427,89371.86,DICTIONARYBRUTEFORCE
30.498672,6.7239614,101.15674,88632.95,0.11104369,0.11515508,-0.0049004075,0.20185947,0.79824156,-0.024377564,-0.0005690288,8.174953,1.3586771,0.4819113,-0.018406339,0.02034832,0.56719714,0.0875092,-0.0048951246,-0.021726083,0.12816909,-0.019118132,0.8401015,0.12569855,0.03862701,0.021886854,-0.03589202,-0.007861544,1.0519115,0.9797789,2753.1135,61.05878,1810.5298,532.5799,702.56165,533.89307,0.0024555563,8.439369,672701.1,DICTIONARYBRUTEFORCE
23.573204,7.001733,119.5215,-3055.0146,0.04303188,-0.022697946,0.0637993,0.13038555,0.7781027,-0.048738003,-0.009932766,8.069111,-1.167057,1.4608167,0.62530583,0.0040320167,0.24678269,0.06706574,-0.02693312,0.013265593,0.11693816,0.0046386337,0.7402493,0.21632819,0.0053117867,0.027570881,0.010894704,-0.022441838,1.00444,0.9586308,3031.5808,62.285633,175.16072,107.487015,45.87373,111.92526,0.010262743,8.508713,-7530.9497,DICTIONARYBRUTEFORCE
19.970573,8.743818,111.47839,-3112.2676,-0.05794492,0.047723774,0.044997767,0.1195816,0.5580505,0.03587291,0.010820407,5.112842,0.4796911,-0.18962263,0.26783565,0.06442871,0.24754699,0.08001077,0.026368925,0.038557548,0.06906792,0.0027431035,0.6635573,0.29769185,0.0036779162,0.035692036,0.012142108,-0.006412305,0.9858107,0.95889604,1655.3755,61.89896,349.52017,146.40532,116.65455,149.72678,0.006516617,17.530449,18176.725,DICTIONARYBRUTEFORCE
28.874626,3.7640896,105.145256,9767.071,0.06912942,0.09756624,-0.031116867,0.3819194,0.9500182,-0.013453466,-0.034923263,9.511651,1.7970241,0.7351482,0.045541596,-0.020429168,0.4893839,-0.0034923432,-0.027527941,0.026149163,0.17179133,-0.034258593,0.97028184,-0.033496745,0.014717493,0.056419924,-0.028399685,-0.0020313263,0.91930705,0.97449714,-1338.4419,58.07022,-73.62463,64.354126,-17.534851,76.13863,0.014724173,4.874214,-45146.4,DICTIONARYBRUTEFORCE
33.56572,3.0009837,74.775345,2947.064,0.038548045,0.40458426,0.016747942,0.29981908,0.68298435,0.010266,-0.015526089,6.5127277,3.7398527,0.29271963,-0.03346919,0.13617156,0.29785877,0.09428857,0.030930143,0.0056244666,0.17182142,-0.0019106176,0.9638988,-0.033133037,-0.007936949,0.03010163,-0.016362967,-0.023267519,0.9987599,1.0014561,588.02246,69.06022,492.05386,171.42172,162.67569,226.6568,0.014907775,4.8682785,69632.86,DICTIONARYBRUTEFORCE
31.362148,3.4534478,84.446205,60260.953,0.13355738,0.05651256,0.0182442,0.2969776,0.94324,-0.041075975,-0.004872894,7.858998,0.36521453,1.1349876,0.02904455,0.22803497,0.17498507,0.044810995,0.041888956,-0.035277076,0.158288,-0.06808142,0.9712925,-0.046379656,-0.015437509,0.05679257,-0.050006434,-0.055383425,0.9956911,0.9559225,3763.8423,60.938816,1180.8657,299.6726,421.9472,314.92697,0.0063805017,9.11425,339447.16,DICTIONARYBRUTEFORCE
26.961899,6.763624,102.81525,81050.41,0.039619822,0.033699512,0.020033883,0.09901586,0.79870605,-0.072645314,0.009465299,6.1122603,0.42167068,0.21638417,0.1109636,-0.0932951,0.54943615,0.06918385,-0.022750221,0.035361204,0.12992112,-0.005380814,0.7965264,0.15216456,0.012644896,0.103367284,-0.021350153,-0.015864601,0.9808382,0.9838515,4969.2905,65.435425,-10.90419,181.42413,34.515476,223.1572,0.017880252,5.0218964,-2032.2129,DICTIONARYBRUTEFORCE
31.256805,5.069094,80.19885,-5706.057,-0.031057179,0.05298465,0.044870056,0.10898278,0.9261796,-0.0047185784,-0.006644025,11.282127,1.3234301,-0.42457134,-0.07084187,-0.12082957,0.98127186,0.05638156,0.00893698,-0.009097018,0.10397381,-0.017223459,0.9644963,-0.010728087,0.02225832,0.050360706,-0.029093975,-0.009688548,0.984727,0.93236834,9099.173,63.03076,2025.2365,563.4129,762.7373,579.2452,0.011781831,13.208847,596034.4,DICTIONARYBRUTEFORCE
23.696377,7.172563,85.9346,-436.98438,0.07309258,0.16057228,-0.024513705,0.46916,0.5665725,-0.0053125257,0.007169903,4.0436335,1.1927098,0.39544988,0.0962985,-0.036416475,0.29823542,0.11764793,-0.006671264,0.006543412,0.15049767,-0.031886376,0.6871209,0.27265787,-0.026129413,0.0032986503,0.015962986,-0.01936273,1.0068525,1.018446,7124.4736,68.7509,859.5294,306.03412,285.98676,329.96338,0.016723922,10.045708,142573.67,DICTIONARYBRUTEFORCE
26.0132,4.375185,64.97501,4681.32,0.06236631,0.11020052,0.022154044,0.26201496,0.70449585,0.024540918,-0.04250609,5.094659,0.6655335,0.1661749,1.6683636,-0.005123443,0.58082,0.07044865,-0.0014459528,0.014132263,0.11735617,-0.017485037,0.8046644,0.1070916,-0.02446853,0.106821805,0.01656382,-0.048066583,0.95893157,0.972907,1291.3281,60.106026,790.4954,149.20047,264.5137,195.8964,0.019915914,7.2540817,117066.195,DICTIONARYBRUTEFORCE
28.823248,4.453047,98.812225,38018.39,0.13720112,0.1603604,-0.005815795,0.24044529,0.7502851,-5.059759e-05,-0.024014194,7.894169,0.86489916,1.6377187,0.018739024,-0.036629893,0.7784789,0.0441484,0.0076193544,-0.03308411,0.16043334,-0.047231153,0.8864142,0.04439467,0.028258093,0.0001394318,-0.033635024,0.0035455264,1.0151018,1.0116922,5882.0127,60.44179,176.36769,53.521866,36.568733,84.92841,0.010675909,13.069687,18877.477,DICTIONARYBRUTEFORCE
28.002111,5.5366874,89.2841,1584.2112,0.030275043,0.00089721376,0.0049112947,0.18974315,0.8655829,0.023815293,-0.028790375,6.6250525,-0.28809676,-0.028739972,0.46201164,-0.00055007637,0.61472523,0.052284002,-0.008539026,0.07000296,0.076840855,-0.049784802,0.89803237,0.076755226,-0.030102627,0.08193281,-0.030056387,0.0069018826,1.0016133,0.9845137,-1463.7437,63.914856,18.455124,103.49309,23.84092,94.95423,0.013051287,5.131912,-11196.605,DICTIONARYBRUTEFORCE
25.603872,5.7662535,70.05652,-250.9458,0.044602573,0.24387227,0.004442227,0.21718565,0.5761132,-0.0071977177,-0.009613097,6.2617826,2.2588494,-0.014085293,-0.068327256,0.08021161,0.26737776,0.112822644,0.038804445,-0.0064846594,0.14592558,-0.029766575,0.77416384,0.15139365,0.0019604387,0.05248657,-0.0024323445,-0.025078334,0.95555073,0.95695716,1672.3374,60.324745,1104.4746,222.12668,394.76987,269.38098,0.016054131,6.4047546,246214.42,DICTIONARYBRUTEFORCE
25.773695,5.432486,106.23552,-418.5337,0.0024460629,0.06110329,0.07345668,0.15468375,0.83755416,-0.034367032,-0.004820728,8.62912,1.139854,0.007834229,0.8563295,0.12516868,0.22693257,0.06843752,-0.0340638,-0.019813262,0.16685313,-0.003378163,0.8441074,0.0817238,0.019322446,0.07670294,0.008568316,-0.03465282,0.99742126,0.97963065,1811.5332,61.24939,1091.9729,267.9141,371.79507,262.11337,0.008826754,7.8684616,154117.36,DICTIONARYBRUTEFORCE
30.83733,5.0029697,76.41399,4500.9053,0.06915136,0.06755524,-0.011253629,0.30353442,0.8629816,-0.027322069,0.0045598764,6.042788,0.6658621,0.3295319,0.17751834,0.09806808,0.54398656,0.06594096,0.0039186794,-0.019017829,0.12447282,-0.05691813,0.9201744,0.053818364,0.00014528167,0.044181835,-0.018619563,0.0032923184,0.96141976,0.97410405,2846.4358,62.038704,1425.721,412.0838,562.0559,425.37415,0.01056592,10.383888,385768.03,DICTIONARYBRUTEFORCE
23.73833,7.856455,120.31119,-1573.7822,0.03407784,0.065227166,-0.0116073545,0.28404817,0.63170016,-0.008034645,-0.008645215,5.7169757,0.89159936,0.25473264,-0.16021965,0.06452453,0.20188515,0.09982774,0.030673426,0.057306714,0.12289868,0.0045248447,0.72059995,0.2723664,-0.017025296,0.018960994,-0.02685072,-0.013738403,0.9780697,0.96304864,-787.7881,59.514153,193.15979,95.33222,67.40776,95.03901,0.00811667,8.929749,-5399.245,DICTIONARYBRUTEFORCE
16.88905,11.832342,106.28786,-2192.5107,0.017394409,0.009331404,-0.005373759,0.16367845,0.44703487,-0.008970648,-0.004313595,4.019287,0.3677448,0.025327377,0.105794966,-0.063874215,0.25130615,0.12953198,0.004175375,0.05153499,0.09846204,-0.060909633,0.44848356,0.52453756,-0.007316628,0.059355196,0.018221527,0.00026362017,1.004567,0.96313506,1968.1155,59.854267,304.79312,169.18314,96.62377,168.59636,0.009970284,8.729965,-5513.656,DICTIONARYBRUTEFORCE
24.743753,6.426497,78.29127,3541.977,0.043952197,0.3272588,-0.01967516,0.2592941,0.43029472,-0.00466506,-0.017014448,4.872351,2.4374268,-0.19470823,0.014404075,-0.019982837,0.19931372,0.1006426,0.015171401,-0.012108105,0.1066824,-0.017990584,0.70578367,0.24767007,0.011212408,0.019136935,0.016629167,0.010676765,0.9682174,0.9302566,-71.64551,61.73622,717.75037,209.9622,232.64886,268.44003,0.020023437,1.8200378,104007.03,DICTIONARYBRUTEFORCE
22.685677,9.188307,81.418,2620.397,0.041258417,0.108838774,-7.534167e-05,0.07167124,0.4556393,0.032030504,-0.01912614,4.2022247,0.9287828,0.045206226,-0.12757134,0.11313017,0.09048998,0.112853564,0.02139204,0.031025827,0.140477,0.0041671377,0.5555935,0.38241443,0.0033269194,0.022711176,0.035464056,0.022552153,0.98591226,0.9933816,-2275.2588,67.15054,63.61966,42.785843,33.516655,82.57919,0.009906833,13.923721,-10751.509,DICTIONARYBRUTEFORCE
23.219723,6.100645,91.186264,8721.26,0.069078475,0.17797886,-0.020359976,0.36893693,0.59170014,-0.012878682,-0.028610712,4.9985027,1.5018191,-0.05239701,0.040906288,-0.048812833,0.3338487,0.06589375,0.0092493035,0.0013542455,0.15345272,-0.029232709,0.7116148,0.2284288,-0.018338764,0.019993635,0.04106459,-0.021614758,0.9950537,1.001847,1419.0454,57.905636,391.2818,144.40553,106.9579,212.99396,0.016968342,6.6151276,21206.984,DICTIONARYBRUTEFORCE
34.149952,4.269673,83.825035,3271.8477,0.08336334,0.17452204,0.024724614,0.09321404,0.7807279,0.027991183,-0.019761099,8.960688,1.8900977,0.17806062,-0.16755918,-0.001980015,0.5097392,0.13351771,0.059039086,0.020546585,0.13407685,-0.021183781,0.85790485,0.09865217,0.0055770413,0.033940792,-0.0043933187,-0.013065709,0.98349434,0.9622471,-8230.986,73.70196,1206.7734,226.04416,429.61673,270.0406,0.01481101,1.5051193,333753.22,DICTIONARYBRUTEFORCE
28.368176,3.9396796,96.62663,1420.0283,0.025185198,0.020404294,-0.017597599,0.5065867,0.9107829,0.019660005,0.020019125,9.37603,0.27681342,0.032063454,-0.009242537,0.023783073,0.3789018,0.040485393,0.01764996,0.025100866,0.1445914,-0.018557558,0.932804,0.019101176,0.011536755,0.06841798,-0.0359412,-0.014018536,0.94904387,0.9421129,-162.94629,61.213066,373.3589,137.09685,117.54415,157.7767,0.013681996,7.1062164,14830.667,DICTIONARYBRUTEFORCE
28.116085,4.3000336,89.00525,-1874.4253,-0.0050809514,0.11374376,-0.015911365,0.59118456,0.8377147,0.014842078,0.001094758,8.03101,1.1696626,-0.13329144,0.32645878,0.03512665,0.45444736,0.06466598,-0.010051573,-0.003986112,0.14824736,-0.0261114,0.9725038,0.0076202634,-0.00020969426,0.05586769,-0.018962508,-0.007454743,0.99156195,0.9751683,2122.1123,60.734127,727.306,184.35582,234.88824,206.28561,0.012768678,10.678345,93299.85,DICTIONARYBRUTEFORCE
26.00622,5.6830378,66.382805,264.7837,0.013849771,0.1391017,0.047969785,0.16625975,0.68057793,0.025895022,0.041922037,6.2732224,1.4028562,-0.11839535,0.20128548,0.10153158,0.27753708,0.072482154,0.019289197,-0.0018141931,0.10869692,0.0032575382,0.82164174,0.09771166,-0.033695877,0.06683046,0.026394876,0.012395171,0.9749576,0.94785637,871.65234,63.63427,241.31688,72.63201,104.883705,82.09094,0.0082982,16.303856,29227.291,DICTIONARYBRUTEFORCE
19.334538,8.066897,100.7278,-11403.299,0.018888352,0.07268232,-0.008540034,0.28213322,0.5256037,0.038271718,-0.016634414,5.474242,1.1743958,-0.03989086,0.6373875,-0.06428005,0.4045828,0.120417416,-0.052935872,0.021495238,0.10575077,-0.023450797,0.5965608,0.35642624,0.0125684785,0.09286499,0.016659522,-0.04863854,0.93381363,0.93795884,-1313.2373,58.405857,400.28754,55.036182,96.77894,40.65694,0.021474952,14.351105,-5257.009,DICTIONARYBRUTEFORCE
22.015423,5.140234,147.59253,-323.0464,0.08898757,-0.013902026,0.1709097,0.30316487,0.841878,-0.058769993,0.016992562,12.496004,-0.58091974,0.22978576,1.4106749,0.015589889,0.068252124,0.037438866,-0.016446348,0.025426038,0.12541452,0.008114971,0.81437624,0.069273055,-0.012487666,0.018674314,0.03755403,-0.012433994,1.0162728,0.9472304,-2312.5361,59.14414,299.76535,187.3913,95.46858,97.50653,0.014011646,7.370064,12857.131,DICTIONARYBRUTEFORCE
20.813505,8.162087,91.423355,-1999.4424,0.079345964,0.033704426,-0.015554101,0.28227118,0.5816726,0.01934338,-0.0032141851,5.589788,0.7260678,0.4511432,-0.068839185,0.09071447,0.12994502,0.11110091,-0.00073930714,0.0018755114,0.13686077,-0.019036256,0.57166696,0.34578347,-0.0077512516,0.09000106,0.005922541,-0.044595283,0.95637727,0.9637027,86.55957,59.427517,746.9838,162.74509,226.94656,184.94719,0.018403908,6.614807,64746.01,DICTIONARYBRUTEFORCE
24.08031,7.3755302,80.44587,1166.4285,0.034335256,0.18669537,-0.041488178,0.23532651,0.5072197,0.003604197,-0.028759513,4.9632707,1.7973691,0.039931018,-0.052932486,-0.03858602,0.39131007,0.101633295,0.038392104,0.012264395,0.12256165,-0.03524503,0.6753376,0.29095042,0.010872012,0.031233141,-0.015314572,-0.023020068,0.9798475,0.9823905,-3455.9336,60.469036,315.26355,46.09848,94.802956,79.019745,0.014420417,9.340988,12792.523,DICTIONARYBRUTEFORCE
22.900066,7.9824944,72.31541,-1127.3403,0.043304868,0.11200638,-0.0017858343,0.18500422,0.5722223,0.018818077,0.015770013,4.992481,1.1525223,0.009049679,-0.041787993,-0.018878005,0.4421134,0.07424675,-0.0049954792,-0.0018207915,0.082655355,-0.03552089,0.6616484,0.27559158,-0.007480699,0.034397103,-0.015878543,-0.0104061505,0.9831783,0.9392747,1220.3511,60.44172,965.14844,318.2706,370.59158,326.22253,0.009493098,10.974686,166828.4,DICTIONARYBRUTEFORCE
23.308996,5.6709185,71.55148,-872.75635,0.07777709,0.015771357,0.005071545,0.15212618,0.7331653,0.034925826,-0.010378441,8.172618,0.5579559,0.26430723,0.08530274,0.10541967,0.1874851,0.0421888,-0.009625632,0.028786074,0.11351072,-0.060764812,0.7312931,0.15115356,0.008186152,0.12072849,0.01232651,-0.03598321,0.852828,0.8783642,-4351.874,59.19583,-184.97824,-18.092926,-43.125206,10.351013,0.019982921,6.7550964,-44358.28,DICTIONARYBRUTEFORCE
27.91499,4.22467,67.20101,22543.914,0.050141707,0.026812661,-0.032433107,0.19955003,0.9273626,-0.019900678,-0.07391182,8.5963,0.34564093,0.19122922,-0.15057275,0.19738463,0.044796348,-0.038157493,0.024937741,0.0057415897,0.2258759,0.038572367,0.80539656,0.04736177,0.0235518,0.1416718,0.046618413,-0.067233965,0.962808,1.0061637,-1084.0322,57.65446,1053.484,171.66129,435.42578,227.7507,0.005005072,3.0843964,306826.1,DICTIONARYBRUTEFORCE
28.489252,3.7949877,80.44841,23344.25,0.063871756,0.046403706,0.0302656,0.08249473,0.8842284,-0.039579242,-2.6102643e-05,9.173155,0.8326572,-0.08958855,0.034751877,0.054860305,0.44591838,0.04905074,0.045945615,0.048217453,0.089084364,-0.062397514,0.90956116,0.041228727,-0.007146539,0.10080482,-0.06273778,-0.0019301567,0.96884596,0.9573739,-7733.6846,60.31196,173.30252,120.621506,63.522602,101.41798,0.008075972,7.3792343,-2690.4478,DICTIONARYBRUTEFORCE
12.410261,13.980104,61.173668,628.65283,0.02639206,0.1522187,-0.0176626,0.021932041,0.062053062,0.0018066395,0.009547716,1.1218182,1.4857707,-0.20593795,-0.07546933,-0.09799637,0.11398434,0.1133031,0.008616582,0.015007092,0.08832205,-0.025690667,0.22651285,0.70960015,0.0030617672,0.078858286,0.0017283205,0.033087738,0.96733785,0.9398776,-1467.7397,63.886154,547.5851,154.10257,188.12,189.88815,0.01216112,12.828018,62764.62,DICTIONARYBRUTEFORCE
18.487797,10.982946,70.745605,-3807.729,-0.02153771,0.038241003,-0.003939718,0.13720264,0.42626134,0.038285155,-0.02486785,3.9357905,0.71403635,-0.38555577,-0.022513056,-0.09814988,0.27027354,0.09953778,0.020922301,0.043045975,0.110259935,-0.02598863,0.48669747,0.5090879,0.00495499,0.09946577,0.011750044,0.008211256,0.9356418,0.9276171,-1830.7285,60.949417,-55.293884,26.662582,-42.347015,30.789017,0.009224153,14.099258,-54455.434,DICTIONARYBRUTEFORCE
24.722668,5.2518096,100.23746,-4550.3413,0.025683781,0.010093585,-0.016425677,0.56468695,0.7558695,0.014272151,0.02125358,7.861124,0.2901375,0.06379533,0.086780906,-0.01477549,0.34082448,0.10187381,-0.034261495,0.0067873206,0.15285647,-0.04235052,0.7923526,0.19024949,0.010202414,0.06330262,-0.005956623,-0.0074677537,0.9732278,0.95935726,93.6333,61.072205,1477.9265,225.61575,438.10672,236.88235,0.018318912,8.184166,228186.97,DICTIONARYBRUTEFORCE
29.197853,3.846221,83.088554,4170.98,0.028279377,0.06402544,-0.02487407,0.39519688,0.89534867,-0.0028294465,-0.0023266533,7.960888,0.8947333,-0.18728876,-0.0066964887,0.04666673,0.40407792,0.04631396,0.003600032,0.023741566,0.1076314,0.0019402383,0.9240415,0.017418597,-0.019378703,0.09209444,0.01533859,-0.011929943,0.95606005,0.94150674,-5301.2715,61.605774,681.3405,203.24112,260.12396,213.24184,0.018370496,3.815094,98360.586,DICTIONARYBRUTEFORCE
18.654081,8.975911,103.052956,-4964.781,0.06867264,-0.011835858,0.068420276,0.19416106,0.58352035,-0.007982977,0.028861186,5.9349847,-0.29684883,1.3899873,1.7713697,-0.0067031384,0.23087142,0.081347816,0.013742967,0.02766363,0.111252,-0.021971993,0.58749855,0.38164407,-0.0041061593,0.027062299,-0.022184275,-0.031865604,1.0094653,0.9740021,1950.075,59.136578,470.11725,130.66083,128.99454,124.82942,0.006966922,13.565956,13834.64,DICTIONARYBRUTEFORCE
18.393417,9.251336,99.51866,-8154.1147,-0.052494947,0.012554395,0.0147736985,0.2096796,0.5416961,0.016671078,0.015434838,5.6566563,0.065059975,-0.11818472,0.073257625,-0.10513379,0.47622156,0.09660579,-0.008687865,0.024199087,0.10732465,-0.015657334,0.5492104,0.39722466,0.00206579,0.02581567,0.002475595,-0.04277107,1.0052572,0.9537262,2697.591,59.52088,858.106,190.60422,256.31662,173.27975,0.010459062,15.819313,96564.29,DICTIONARYBRUTEFORCE
33.79691,3.9615743,68.330086,109.41504,0.0035247765,0.21548222,0.023315579,0.3306186,0.83452994,0.005981989,0.025921449,9.324347,1.841953,0.00095820054,-0.114811465,0.19298011,0.22520326,0.08901858,-0.01790531,0.025465302,0.17203104,-0.019992145,1.0194485,-0.049866553,0.021917364,0.020936215,-0.029203368,0.032511823,0.99698883,0.9875186,-1239.2568,77.24054,1034.606,248.63351,366.1501,294.977,0.0074003763,9.663155,164792.42,DICTIONARYBRUTEFORCE
33.005867,1.9152217,68.23051,60489.22,0.09689237,0.04828262,0.008203436,0.3746827,1.0284642,-0.03406903,0.016455507,10.686037,0.10603805,0.312465,-0.14611314,0.20555559,0.10959604,0.034802005,0.04052181,0.032899093,0.16706525,-0.04520983,0.9969938,-0.13786289,-0.028223807,0.09642274,-0.0015130499,-0.048110094,0.9397141,0.98589396,-1590.7144,62.886864,239.51428,71.25341,59.882736,87.838135,0.0070762024,8.531563,-3451.294,DICTIONARYBRUTEFORCE
28.35805,5.808015,70.44757,41819.383,0.0034209993,0.2735338,0.021316677,0.14190312,0.5810347,0.004992157,-0.012413628,6.8643665,2.4099782,-0.118350804,-0.066343285,0.119734466,0.029477155,0.0604528,0.015372602,-0.0064029265,0.110258125,-0.037944898,0.7898539,0.12647985,0.0065707252,0.05243703,-0.041916624,0.00093293376,0.9790439,0.9333071,-3200.62,67.394104,147.6705,73.49866,46.282066,107.81555,0.015235911,8.157936,-7664.0786,DICTIONARYBRUTEFORCE
19.156708,8.859039,92.78865,-1615.9126,0.026091192,0.008915414,-0.00091539463,0.34045842,0.5451481,0.00903623,0.0058443844,5.16634,0.07954267,-0.08315933,0.047253467,-0.036406018,0.24762535,0.0785851,-0.0053361477,0.03578236,0.09551264,-0.06961214,0.5774142,0.3490919,-0.018806813,0.07524387,-0.007343259,-0.014795603,0.9806261,0.9554675,-2263.2305,59.10249,666.087,158.80396,193.33783,166.8323,0.013632374,14.554001,49784.09,DICTIONARYBRUTEFORCE
30.841103,5.2686377,107.41281,-3618.7515,0.042175487,0.12726143,0.036769588,0.09663617,0.81581604,0.04230103,0.015129017,7.8176928,1.1444879,0.11854422,0.642733,-0.13290675,0.93151027,0.06733316,-0.045750916,0.0173908,0.114401095,-0.044461735,0.9265301,0.06808705,-0.00305783,0.034709092,-0.03567699,-0.021480154,1.0069978,0.9977126,1965.9688,71.39301,623.80273,205.3743,152.95746,191.57135,0.014931857,11.208977,57617.19,DICTIONARYBRUTEFORCE
20.747053,9.093867,86.21672,82.81641,0.022912022,0.04925226,0.008266458,0.23040251,0.4927275,0.013772387,0.008711835,4.7599015,0.49658817,-0.12822232,-0.07216376,0.034497008,0.12694754,0.124250576,0.0053552072,0.016668105,0.13491026,-0.0067558093,0.57403386,0.37440985,-0.036342207,0.042896688,0.015957939,0.010704169,0.98406464,0.9578258,191.4707,63.696342,483.06915,168.07135,164.54059,183.6867,0.011031548,10.744194,46298.477,DICTIONARYBRUTEFORCE
28.191788,5.9769254,91.84576,1943.7441,0.06305925,0.09161373,-0.038608428,0.43257418,0.79070324,-0.011274736,0.0052546267,6.5807843,1.0110681,0.28075993,0.043279905,0.004596757,0.5076297,0.06448319,-0.008814893,0.028057896,0.12389697,-0.028265782,0.86439943,0.08750816,0.0060581323,0.052569117,-0.032062665,-0.021000385,1.0063012,0.98636127,128.85693,61.684372,280.04147,96.07412,90.50659,107.63051,0.01113139,9.0269165,-2516.9336,DICTIONARYBRUTEFORCE
23.617865,4.765556,97.233574,-573.56104,0.08081807,0.060084976,-0.032219354,0.08995279,0.67860764,0.005745595,-0.036175836,5.757965,0.7327312,1.0900552,0.5235339,-0.022529745,0.46816108,0.071724735,0.007231356,0.079471536,0.09501788,-0.042591505,0.675525,0.1592841,-0.04428208,0.10890286,0.06498033,-0.04612598,0.8364252,0.8521606,-2559.8535,59.367596,-175.97717,6.0743103,-23.53201,61.544014,0.031562597,-2.497734,-44616.76,DICTIONARYBRUTEFORCE
19.205584,9.554665,72.01895,-2618.5024,0.054082192,0.20991574,0.019402564,0.09819257,0.33461773,0.0060994336,0.0031072507,3.0690994,1.8817054,0.2266979,0.07936235,-0.026415976,0.26905918,0.13247621,-0.002143723,-0.005858536,0.114192374,-0.023627382,0.52541256,0.4157868,-0.0021215016,0.032525398,0.005596243,-0.023209238,0.9803193,0.9789022,593.0513,61.420864,456.91986,104.71659,142.27695,127.05491,0.015071377,14.354538,39113.926,DICTIONARYBRUTEFORCE
16.97087,9.930458,80.205956,-759.9761,0.0673692,0.028932622,-0.01622591,0.18010646,0.43436247,0.0039601633,0.0007795938,3.387042,0.37988302,0.19502409,0.47463018,-0.034322657,0.15375942,0.09439382,-0.020385591,-0.0071140514,0.13803726,-0.008535976,0.4366345,0.47106,-0.010656394,0.11771196,0.029770842,-0.020560913,0.9204562,0.94440615,215.50244,58.376976,222.92392,86.89084,80.42582,106.427986,0.019431569,8.748718,4827.5176,DICTIONARYBRUTEFORCE
29.535809,6.019083,73.19995,-339.87158,0.03429042,0.04929718,-0.0201423,0.377283,0.8053758,-0.011687169,-0.014425564,8.579313,0.5946055,0.6327,0.029939957,-0.013773197,0.65894485,0.05847672,-0.015992677,0.03423212,0.12250374,-0.02151774,0.9098657,0.11077254,0.035723172,0.0083509665,-0.048576783,-0.037349448,1.0415092,1.0174457,8457.246,64.51617,2186.9717,591.70636,787.2186,628.0084,0.005928422,18.351501,667388.94,DICTIONARYBRUTEFORCE
21.866714,6.93118,85.68653,-5349.107,0.058325157,0.0023382779,0.102279425,0.3096325,0.71892923,-0.025422322,-0.0027162954,6.948689,-0.0202848,1.0089322,2.5215242,-0.06391451,0.3116037,0.043004148,-0.0048659416,-0.0055725826,0.14503436,0.00035441015,0.6984878,0.26128364,-0.001129068,0.01614962,0.0060607633,-0.047215275,1.0135322,0.9982068,1350.1133,61.125134,695.33386,116.07715,200.91241,115.15327,0.0061074635,13.345505,63577.99,DICTIONARYBRUTEFORCE
28.00634,4.926888,91.59439,518.17236,0.07801818,0.2103313,0.016280415,0.14125764,0.7043877,-0.011924547,0.022256278,7.8089347,2.5210671,0.30314857,0.013225468,0.13679096,0.24139881,0.106024906,0.050180223,0.01170725,0.12590106,-0.047525033,0.8456507,0.09329951,-0.0020184717,0.038183644,-0.019582875,-0.018718544,0.98364747,0.92540896,376.62354,60.43434,894.4301,205.40466,313.32538,259.15564,0.016157975,5.958847,159914.33,DICTIONARYBRUTEFORCE
20.957943,9.409752,55.328163,35655.324,-0.022270922,0.21150723,-0.03071999,0.12858449,0.3931366,-0.04910846,-0.0093773315,2.8150482,1.4223593,-0.06787785,-0.16969311,-0.1979001,0.58208734,0.039978527,0.024627287,0.08010652,0.05869282,-0.0320529,0.61378527,0.37552235,-0.021361586,0.08626683,-0.044584394,0.023557523,0.9955181,0.94431835,-762.22754,88.76601,960.1225,634.88306,282.32632,673.5278,0.0099824965,4.6988144,126262.38,DICTIONARYBRUTEFORCE
25.621267,7.0694947,108.308365,-919.3462,-0.021611387,0.13963738,0.021216229,0.3077972,0.6703135,0.010953616,0.007045008,6.3238277,1.32052,-0.3585351,-0.029494705,-0.05600959,0.56825584,0.07788703,-0.0076834154,-0.016034974,0.09224452,-0.027249333,0.79893816,0.1781002,-0.007412133,0.037990466,-0.00682462,0.04303173,1.0259048,0.96941954,2737.4365,65.23194,1155.6458,382.52426,461.7237,397.69693,0.006498013,10.541046,262454.94,DICTIONARYBRUTEFORCE
18.695478,9.446076,103.71078,-11319.393,0.036056258,0.049794044,0.029252673,0.3493714,0.4651036,0.0061928486,-0.024605755,5.6648707,1.2066971,0.2146484,0.0025508553,-0.13717236,0.25482872,0.171,-0.07045156,0.005629575,0.13509233,-0.06527616,0.49723443,0.49318644,-7.117633e-06,0.025863556,0.01874343,-0.03575322,1.0018318,1.00155,471.04883,80.68942,927.2548,322.66327,226.39221,300.11435,0.018637363,12.946823,50878.133,DICTIONARYBRUTEFORCE
32.525463,4.856884,94.03082,1468.7664,-0.020874405,0.14723212,0.008086729,0.293937,0.87002474,-0.007923072,0.009438679,7.972988,1.2378392,-0.3213209,-0.0010384247,0.026276764,0.62412447,0.045002997,-0.011357338,0.019957999,0.08244783,-0.05090816,0.9913159,-0.013831435,0.008983979,0.029181652,-0.028578695,0.021537524,1.0070772,0.97974044,952.66504,66.57766,1416.5135,483.15717,547.154,517.7653,0.004752551,5.9453278,381206.44,DICTIONARYBRUTEFORCE
30.50776,3.9390132,101.26076,-4331.3677,-0.031594507,0.095598586,0.0759758,0.18105362,0.9897873,-0.007770573,-0.007298729,11.274258,1.554041,-0.21591666,1.0950603,-0.14810829,1.0156517,0.034140773,-0.031609636,-0.015490061,0.13119774,-0.036693573,1.0600873,-0.068095215,0.014543019,0.05530157,-0.03930594,-0.021913508,0.9967977,0.9717461,10672.724,62.00727,1783.0359,544.95734,618.0868,546.88086,0.00719708,12.924576,386276.53,DICTIONARYBRUTEFORCE
31.49165,6.265236,107.53917,949.46704,0.026589168,0.059186157,-0.041048326,0.24244156,0.8274826,-0.0069868565,0.05135326,7.6252766,0.7893788,0.09865254,0.0016338751,-0.030608159,0.60300744,0.08489914,-0.0067199254,0.025928132,0.11237196,-0.034111455,0.86828554,0.09626988,0.0041758106,0.02609238,-0.009714457,0.02002986,1.0222298,1.0123845,-2030.0205,75.59132,302.64706,172.83264,84.18145,172.52327,0.0067407973,5.5415573,10250.7705,DICTIONARYBRUTEFORCE
28.341415,5.8509865,64.17111,-1927.5322,0.072276376,-0.0073284404,0.011262634,0.28712788,0.85377544,0.008925944,0.003082899,9.950787,-0.20675072,1.907664,0.14680356,-0.0089703305,0.63692206,0.027678177,3.2917596e-05,0.0076174685,0.1512809,-0.022014309,0.87533784,0.08786494,0.0018908642,0.029965252,-0.02911612,-0.02291819,1.0221932,0.94604045,12398.293,61.48575,1734.832,502.0566,655.765,529.07385,0.0065501686,16.696617,497257.34,DICTIONARYBRUTEFORCE
26.111368,5.049859,88.7069,-907.5713,0.0022913143,0.17839856,0.0011823885,0.3269191,0.6530019,0.04584119,0.042088687,5.651465,1.6355855,-0.25206676,0.07739244,0.12964953,0.17659429,0.088708684,0.005767732,0.036791917,0.08897011,-0.020491906,0.82782084,0.091059744,-0.060643777,0.084018566,0.047421172,-0.04108864,0.95284194,0.92711216,-1662.2476,61.82368,666.6478,221.21225,261.0776,264.71478,0.020590052,7.0716095,97559.23,DICTIONARYBRUTEFORCE
34.18982,4.0386715,100.868546,3691.5305,-0.05855767,0.49942967,-0.0062984135,0.4848306,0.63358647,-0.053939894,0.033633556,9.354603,4.4864173,-0.21698141,-0.07834394,-0.08455686,0.6158807,0.052198485,0.019531062,0.03729724,0.08301289,-0.047239777,1.0355186,-0.0376635,0.026722027,-0.022648625,-0.025419477,0.051513385,1.0586934,1.0136936,3565.1743,68.056854,1660.6927,527.2839,601.18915,518.994,0.0070264367,7.951027,612167.06,DICTIONARYBRUTEFORCE
27.404263,4.9411025,102.977455,2357.421,0.07401934,0.019973906,0.032134645,0.2037714,0.8641345,-0.028683726,0.049137678,8.766911,-0.061455846,0.49898297,-0.057949614,0.13065994,0.3306065,0.038038053,0.0014957227,0.006670505,0.123728484,-0.019366411,0.92527515,0.0129879955,-0.018164722,0.03693108,-0.020020839,-0.022871196,0.96517897,0.96127814,4657.0396,60.585567,735.83856,223.88965,270.79105,210.72438,0.003751769,15.386597,135845.22,DICTIONARYBRUTEFORCE
22.590212,7.4592333,112.486534,-1591.2217,0.002368074,0.049928363,0.005688872,0.26582566,0.6354082,0.024142522,0.012529869,5.4595447,0.5095612,-0.17476954,0.12070629,-0.0013712933,0.30539837,0.08679417,-0.0043976028,0.03300886,0.122816116,-0.033418044,0.72053486,0.24314798,-0.011339187,0.04562498,0.009568593,0.027004017,0.9965942,0.965397,623.02783,61.80321,254.15483,123.42768,90.25689,134.79108,0.008406778,11.651901,3047.897,DICTIONARYBRUTEFORCE
21.261244,9.067028,78.78496,7799.255,0.023045406,0.20750204,-0.018724442,0.26235905,0.40917552,0.025713824,-0.013941544,3.5656617,1.3824193,-0.20046994,0.0081802895,-0.07120002,0.25513935,0.08705345,-0.009736506,0.020846676,0.1476401,0.002172743,0.5257799,0.37426686,-0.03117039,0.050621588,0.008652931,-0.010154731,1.0050303,0.9803282,1415.896,62.347942,495.4475,185.22086,138.10846,250.03445,0.017225215,3.5545425,45172.38,DICTIONARYBRUTEFORCE
31.887062,5.660066,130.79832,767.68994,0.12438585,0.02799204,0.01901492,0.0931816,0.9395663,-0.06428495,-0.052422322,9.870505,0.90423197,1.7926143,-0.11604488,0.027848119,0.5532145,0.1424135,0.04416433,-0.044025533,0.13123833,0.026192637,0.8764919,0.16016172,0.06065858,-0.009162304,-0.058695026,-0.0019523595,1.0155374,0.9714023,352.11426,68.405174,1817.0538,469.98053,748.261,468.80716,0.013579954,5.4362106,521017.7,DICTIONARYBRUTEFORCE
23.867743,7.769048,108.71275,-3106.062,-0.051797196,0.11062693,-0.0019825273,0.23562276,0.57042146,0.030298753,0.016973704,5.1946664,1.1484475,-0.3576473,0.017758884,-0.024936028,0.4752813,0.10015566,0.033327032,0.029467225,0.090021335,-0.012477403,0.7050824,0.28746083,-0.014781838,0.06643632,7.3504634e-05,0.02284655,0.99113256,0.9520861,-1795.377,67.656494,252.52625,141.75424,72.734436,145.06024,0.012258245,12.365204,-1597.179,DICTIONARYBRUTEFORCE
28.844357,5.4542465,115.155266,105.96826,0.0074085495,0.01320926,-0.020034902,0.28844318,0.91825163,0.017042449,-0.023521774,12.317057,0.7488717,0.1534284,-0.12377564,-0.24562688,0.8634613,0.03463456,0.0060965028,0.0244837,0.14195545,-0.016492525,0.890234,0.1014507,0.039997756,0.06591027,0.0050548185,-0.027259609,0.9817974,0.94295603,-5368.4707,61.022324,549.14575,80.6649,144.81561,99.03105,0.018039277,2.8129349,33073.656,DICTIONARYBRUTEFORCE
25.342133,5.1660085,73.207695,-1664.4116,0.06269838,0.06867251,0.0025846623,0.08348146,0.7261692,0.031517804,0.015256299,7.309994,0.9911788,-0.04368069,0.13937706,-0.04545739,0.70987505,0.047613546,0.004635388,-0.011746515,0.10323347,-0.031809352,0.79334617,0.124570034,-0.003400927,0.112981156,-0.011521954,-0.0355637,0.9188219,0.9163622,-3360.3496,59.504192,194.68384,71.63348,58.37933,78.239944,0.01751897,9.950592,2564.4714,DICTIONARYBRUTEFORCE
32.244717,4.6199417,112.65512,15.001465,0.05374421,0.026802344,0.011694116,0.07593938,0.9228095,-0.005274473,0.051630527,8.936971,0.0385481,0.521937,0.15415822,-0.04008858,0.80133766,0.07576902,-0.037935745,-0.019779347,0.115703225,-0.050556444,0.93604404,0.03362152,-0.0030133314,0.03690488,-0.030649662,-0.008691222,0.99084806,0.9700538,3902.2014,78.68757,855.7999,239.40628,310.82037,239.28922,0.015198986,10.884613,158340.23,DICTIONARYBRUTEFORCE
19.584103,10.083248,91.652985,-7256.888,0.07698929,-0.014765349,-0.008679606,0.39948228,0.5983383,-0.0034810521,0.00033840304,3.950942,-0.659898,2.1689506,0.55974925,-0.2025059,0.5757336,0.046658844,-0.04430153,0.035561375,0.13741285,-0.027836263,0.55449635,0.45722583,0.028660307,0.01926087,-0.009009087,-0.028135562,1.0130343,0.9744244,3610.0608,62.341225,97.463486,102.52436,15.983538,99.254486,0.011511908,11.3284,-44291.445,DICTIONARYBRUTEFORCE
35.760746,2.5948772,113.94731,-1183.9951,0.020214578,0.22441252,0.017038006,0.44123957,1.0155426,-0.03064749,-0.007973857,10.082979,2.3908193,-0.1568282,0.08624088,0.16323657,0.4498425,0.07281685,0.0066493126,-0.04685169,0.15690836,-0.052340157,1.1778531,-0.19196801,0.01802228,0.012671192,-0.003066049,0.07284693,0.98667926,0.9705442,2755.8428,64.30386,1162.3137,481.1713,438.47052,529.4512,0.007761336,3.385437,236462.1,DICTIONARYBRUTEFORCE
37.566734,2.664015,84.28258,5799.7993,0.04418163,0.40481788,0.04168324,0.2440369,0.8482591,-0.01626041,0.023088254,8.350685,4.1837845,0.03785414,-0.0140673835,0.29481584,0.15962742,0.030815696,-0.022185821,-0.028769426,0.1864913,-0.0032169279,1.1536443,-0.19988827,0.028911738,0.022023143,-0.040022805,0.007748771,1.0362469,1.0114864,1061.8452,65.02731,1336.0991,382.4795,512.95667,398.03836,0.0028968488,4.921814,436339.88,DICTIONARYBRUTEFORCE
25.105612,6.426151,96.80771,1555.9729,0.012084687,0.16852653,-0.008105543,0.26471177,0.5598107,0.050275944,0.009915623,5.673837,1.382963,-0.1947602,-0.0118725365,0.035403933,0.25067192,0.09455337,-0.009712315,0.011813365,0.1204959,-0.0027926592,0.69711506,0.23103492,-0.0030346122,0.042385146,0.020536605,-0.036271296,0.9825181,0.9537174,2052.4844,65.17905,399.93622,136.8699,116.49026,172.67871,0.022648506,9.007347,28548.447,DICTIONARYBRUTEFORCE
20.901037,9.80678,92.666,-3014.558,0.04790334,0.00462231,0.0080587035,0.3212707,0.5862284,0.014635596,-0.00037636142,6.2604947,0.22508837,0.31786796,-0.03637511,-0.12062482,0.4401737,0.10161073,-0.014467986,0.054638218,0.10280111,-0.03880004,0.574755,0.38807768,0.0048434804,0.052526347,-0.03150904,-0.015180852,1.0043241,0.96601343,1282.9482,60.07541,400.1454,171.70062,104.54066,161.43288,0.010769492,11.430565,8761.357,DICTIONARYBRUTEFORCE
16.907078,10.547586,106.70612,254.79639,0.046639435,0.20828895,0.016481934,0.033304527,0.2479749,0.013441138,0.026499003,2.595946,1.5220987,-0.01069487,0.09529114,0.066803925,0.041404333,0.13094832,0.05353552,0.00531245,0.06967861,-0.008295503,0.43898433,0.49691316,-0.014244449,0.049422674,0.033571612,-0.030211456,0.983527,0.97713256,2421.709,64.11748,527.69385,152.8439,181.0834,177.66704,0.017365457,14.47551,65691.6,DICTIONARYBRUTEFORCE
30.378403,2.9845083,78.47024,666.82715,0.08585129,0.013905174,0.14030574,0.41354892,1.0312968,-0.021147512,-0.029934496,11.774374,0.31817216,0.63077724,2.3668685,0.22032513,0.13324784,-0.005774107,-0.0026694033,0.04419201,0.14606452,0.02549448,1.0339801,-0.09902281,0.0009844778,0.074090935,-0.012729316,-0.00827683,1.0096788,0.99820226,1509.106,63.19049,207.85577,75.88748,66.19906,74.72482,0.0045099054,13.072548,2245.1228,DICTIONARYBRUTEFORCE
36.853302,2.025832,76.16848,1995.5374,-0.062453747,0.00997265,0.016399931,0.29901683,1.2075865,-0.0015775266,0.034707792,22.152489,0.2926448,-0.32180572,0.19405605,0.24085365,0.69618434,-0.014086749,0.0069086067,0.025919406,0.12337604,-0.035791934,1.249297,-0.22298954,-0.021112861,0.06749024,-0.0360823,0.00026662834,0.9637684,0.92633563,8838.3545,61.91278,2029.3505,700.50336,774.66864,718.9275,0.005413006,14.560303,633873.3,DICTIONARYBRUTEFORCE
26.272995,6.605167,87.90546,197.23486,0.065718286,0.18338554,0.012104389,0.0896664,0.6384219,0.014891336,-0.030542523,5.237405,1.8320936,0.11066902,0.13935949,-0.14138107,0.80162203,0.08978612,-0.009038429,-0.0173995,0.15030187,-0.0013889186,0.77958167,0.16928963,0.022068951,0.06613293,0.014357276,0.01289406,0.94987947,0.9354905,-147.8164,60.871346,-134.32623,20.292793,-41.401794,42.476837,0.015709775,8.976112,-20624.596,DICTIONARYBRUTEFORCE
22.480946,8.11904,54.985367,349.25488,-0.010428577,0.005667701,0.002072251,0.38767138,0.59635043,-0.048074856,0.011921209,8.698195,0.24349956,0.006861929,-0.141103,0.09682527,0.008755817,0.009922114,0.0342074,0.074018314,0.15069187,-0.043540403,0.69040567,0.32389504,-0.01859838,0.06338145,-0.11525904,-0.034279466,1.0088803,0.91724145,6332.9307,57.680717,1760.8926,457.0219,715.2911,520.7287,0.0029418995,11.011169,659436.06,DICTIONARYBRUTEFORCE
18.908583,9.092705,110.30895,-135.33301,0.06901658,0.024605254,0.106093034,0.13447165,0.5784034,-0.029529465,0.011276462,4.346701,0.20795418,0.69718546,1.1866466,0.113844685,0.018644126,0.09687082,0.009433528,0.032492444,0.12392208,0.00984616,0.5743738,0.31399864,0.0014005858,0.038890023,0.035774454,-0.04380479,1.0066265,0.9691937,4674.752,60.41702,337.28937,131.81268,98.27328,108.66293,0.009294466,11.776939,10908.031,DICTIONARYBRUTEFORCE
25.47109,5.1530466,102.587975,-256.64502,0.06645572,0.056488484,0.025968822,0.41370565,0.78013223,-0.037890017,0.018331287,7.242648,0.5770635,0.36716732,1.0469539,0.17133358,0.18274258,0.07836544,0.0033813529,-0.012060147,0.13616523,-0.021202538,0.83234715,0.09454776,0.008260779,0.054847643,-0.0042189145,-0.020797124,0.9700865,0.9710009,5023.785,59.501987,1238.6438,239.00745,416.30054,238.84213,0.012753641,10.927521,222150.5,DICTIONARYBRUTEFORCE
21.256021,8.626135,88.94615,-411.00488,-0.020148793,0.03187779,0.007518157,0.3463052,0.6112872,0.02449339,0.020761073,5.7000437,0.35414127,-0.25398296,0.062275495,0.032905087,0.20660643,0.07425793,0.0084551135,0.030791964,0.0868233,-0.013561428,0.6723203,0.28149685,-0.024425305,0.06295273,0.0016000308,-0.004612468,0.9902232,0.9715916,-512.90576,62.857487,669.61414,139.14331,220.1503,150.00911,0.007900576,13.663803,72662.96,DICTIONARYBRUTEFORCE
30.03098,3.5442965,66.3885,36745.453,0.24149376,0.0017407011,0.05987657,0.24701689,0.97041005,0.023840407,-0.026468782,8.63752,0.01993738,2.2501142,0.4386055,0.16609772,0.10256215,-0.0026292074,0.03613715,0.07037675,0.17223406,-0.018335197,0.90729815,-0.031083552,0.018141055,0.12127555,-0.03423405,-0.08923069,0.9586239,0.9683145,5764.6084,64.3875,-57.99655,218.5018,-21.519894,221.75966,0.013621368,8.963715,-17405.506,DICTIONARYBRUTEFORCE
27.311087,4.6150217,83.10982,-3050.1045,0.024165826,0.0060954015,0.019782947,0.20286718,0.92892003,-0.043176822,0.0077961683,9.216164,0.054778274,0.29351753,-0.0012171082,0.07350298,0.37367544,0.01933278,0.009840218,0.030589523,0.13070585,0.0024071801,0.88232046,0.03924702,-0.010259431,0.045102723,-0.039070506,-0.07694769,0.97439593,0.9714513,2227.9275,59.645294,215.11247,80.45329,114.74287,72.65899,0.0065974165,8.470322,35835.93,DICTIONARYBRUTEFORCE
20.264881,8.727857,79.615166,-447.2339,0.05312283,0.10052311,0.0060196198,0.29142004,0.5501452,0.0023630033,0.0065920386,5.661251,1.1344746,0.16612688,0.069269076,-0.15494299,0.37184393,0.10393738,-0.016230738,-0.02266422,0.13987651,-0.01878886,0.595438,0.3560641,0.012922753,0.047459234,0.015398758,-0.0034142379,1.0140553,0.97371083,1109.8589,58.13687,810.56903,149.5611,251.80344,160.08176,0.007452763,9.46138,90289.195,DICTIONARYBRUTEFORCE
27.832912,6.601901,87.99429,-101.71289,0.067354806,0.28123307,-0.006028465,0.347662,0.57356435,-0.03986288,0.028879225,4.8937917,2.5155292,0.19938195,-0.035577677,0.14969112,0.05687472,0.09041305,-0.02813676,0.038279794,0.14771196,-0.036329027,0.7634372,0.17357914,0.015350176,0.0033408077,-0.036947805,0.01239729,0.98514915,1.0317543,-1320.5156,77.35611,809.74097,283.96057,240.24274,301.81058,0.01289734,5.607361,71265.47,DICTIONARYBRUTEFORCE
24.114084,7.1880765,92.50905,2892.404,0.0069581904,0.005500694,-0.0214589,0.33888713,0.630817,0.060522996,-0.0027637929,5.8816214,-0.2957957,-0.27590394,-0.03507568,-0.029888187,0.42063972,0.058424465,-0.006563952,0.01562536,0.1492908,-0.015214967,0.65861547,0.27579942,-0.024364915,0.04839396,0.009159217,0.027860604,1.0020856,0.9688632,1940.2437,63.564632,1069.7292,309.37802,372.80344,328.86417,0.013264306,11.815186,196827.31,DICTIONARYBRUTEFORCE
28.939373,5.4891825,64.87314,-455.1294,0.02945752,0.11556711,0.052707247,0.100882046,0.8184826,0.03536046,0.020287352,7.331053,1.3221555,0.15628727,0.51537496,-0.15625685,0.82959825,0.05321123,-0.019855082,-0.0008428283,0.105374075,-0.05216341,0.8671895,0.050616197,0.014390161,0.07506013,0.012318179,-0.0112236,0.96557415,0.9439305,-272.62354,67.77675,418.87857,229.84222,179.02274,227.93427,0.016185857,6.556923,72058.46,DICTIONARYBRUTEFORCE
23.088099,5.8754864,84.446304,434.8479,0.02834465,0.040651515,0.049291305,0.21678634,0.73319894,0.017260756,-0.017444262,7.4405622,0.6985294,0.14816844,0.44901785,0.16336444,-0.010335849,0.06144609,0.007064803,0.0793811,0.09231141,-0.043221712,0.7509885,0.15619513,0.0018943544,0.07896983,0.007548299,-0.014129456,0.87706804,0.92720187,-1259.9883,58.51784,-255.75601,1.3284073,-65.68249,4.148041,0.012441781,8.285423,-66997.13,DICTIONARYBRUTEFORCE
22.094795,8.825612,98.9234,4190.3906,0.098750144,-0.006636387,-0.01569783,0.1763321,0.61470026,-0.0240458,-6.6589564e-07,5.980359,-0.20764738,1.2407569,-0.044320542,-0.104201205,0.4549027,0.07925839,0.03198503,0.00034928787,0.121890694,-0.037400123,0.5914687,0.36603183,0.0024101813,0.0483035,0.0021554576,-0.023210533,1.0161822,0.99581265,-1207.2314,59.000862,346.77386,119.21735,108.712715,104.00835,0.008171665,9.768105,11351.95,DICTIONARYBRUTEFORCE
27.031359,5.3577127,94.02209,4879.554,0.083486594,0.0029647404,0.006572851,0.20651451,0.8446582,-0.018327313,0.035010554,8.859054,-0.31683707,0.34540254,-0.0021711737,0.046333093,0.4172546,0.03499093,0.008538094,0.031173088,0.12485175,-0.03494066,0.8733491,0.06667062,-0.013395095,0.040739655,-0.008384547,-0.019773377,0.9966673,0.941792,1272.1885,60.047424,463.76962,263.58655,140.74402,236.61295,0.00833305,7.757988,25480.84,DICTIONARYBRUTEFORCE
29.764553,5.094696,58.611137,10548.609,0.077132955,0.029733127,-0.083270356,0.5531413,0.86493987,-0.08956227,-0.061565407,9.700926,0.46807986,2.0252852,-0.15197985,0.07774044,0.18950525,-0.008414997,0.02148012,0.038774956,0.19863947,0.05144375,0.83846915,0.061280984,0.05523166,0.06271728,-0.020864347,-0.074952625,1.0044563,1.0253758,-416.67627,58.887115,859.71704,171.40944,347.1537,202.50996,0.004261839,4.215378,176646.55,DICTIONARYBRUTEFORCE
21.567924,8.779215,71.087135,4588.8496,-0.068346426,0.032463655,-0.03071414,0.3588827,0.59597516,-0.011695805,-0.031758975,5.8494434,0.3312385,-0.4452704,-0.40334755,-0.16703972,0.42893583,0.028870579,0.035203233,0.044707708,0.18378721,0.080816105,0.5774904,0.32628524,0.041872565,0.10718836,0.033094637,-0.07512752,0.95680785,0.9477029,4581.665,58.219696,1081.8,262.59033,435.44266,275.85303,0.015726866,9.292923,249837.62,DICTIONARYBRUTEFORCE
21.78398,9.183045,54.2779,2331.4912,0.012131048,0.31104568,-0.0072631384,0.103043415,0.29714987,0.016415186,0.017686142,2.8665576,2.4578385,0.13197972,-0.08122051,0.011852406,0.062156606,0.085548796,-0.014013646,0.041019958,0.13907811,-0.039093453,0.55455446,0.34310886,0.0063347397,0.08705978,0.0041833473,-0.003088573,0.96622354,0.9245212,599.13477,74.271286,225.85345,82.2108,81.2708,121.82518,0.010981571,7.019951,15225.874,DICTIONARYBRUTEFORCE
29.80372,6.3672023,60.91781,42910.32,0.03276953,-0.020603364,-0.013176006,0.16906409,0.8324308,-0.012016006,-0.010213254,7.8741584,-1.1597468,0.4378096,-0.024931826,0.10992135,0.48290655,-0.0036403537,0.042157367,0.032044888,0.13364711,-0.017298238,0.8636172,0.12883943,0.017144788,0.029440103,-0.02818697,-0.064209715,1.0417583,0.98050296,9303.982,63.47904,1783.8817,715.17773,701.6408,738.77734,0.0021663303,13.17083,630506.25,DICTIONARYBRUTEFORCE
24.447819,6.3059545,120.28325,-2958.9644,-0.00018806197,0.11340835,-0.0063679623,0.25543168,0.6606378,-0.021400003,0.017692624,6.2203517,1.1271788,-0.0062657893,0.02971256,0.044422228,0.2698394,0.1066,0.00541999,-0.017000176,0.1385483,-0.006851903,0.7488141,0.20392011,-0.019216131,0.015867868,0.009173987,0.017543506,1.017696,0.981828,1311.1665,63.19398,873.4593,193.91232,330.86447,199.38516,0.010035763,13.199448,151583.86,DICTIONARYBRUTEFORCE
26.681023,6.796542,109.39333,15779.744,0.07315815,0.0026169592,-0.025217282,0.044611778,0.7412601,-0.016224995,0.00656622,6.772409,-0.095496446,0.50879043,-0.10076862,0.014510939,0.56369746,0.085307226,0.013730869,-0.017678812,0.088842876,-0.0076241693,0.7504355,0.2081074,0.0014399155,0.047191102,-0.0039878814,0.007611401,1.0060112,1.0000918,1875.8179,64.463554,595.2041,142.5556,214.5148,145.92441,0.00851593,10.085533,92586.38,DICTIONARYBRUTEFORCE
15.7393055,8.958654,117.29002,-1380.5679,0.002719704,0.035068173,0.047552478,0.11726322,0.48105028,0.0070161647,-0.0071989996,4.0776024,0.8013391,-0.0058356486,2.111455,-0.008415514,0.053939577,0.08729019,-0.031613443,0.020949643,0.12779099,-0.013057154,0.46870184,0.4048902,-0.012849435,0.12744796,0.07028879,-0.015817607,0.975046,0.96384895,4073.7603,57.98288,654.22107,214.02792,235.58557,231.5675,0.02340198,5.961357,90545.76,DICTIONARYBRUTEFORCE
22.191355,7.7991076,67.361145,-6449.2817,0.10010415,0.33174488,0.041918937,0.079598814,0.3704111,0.0021143588,-0.022188248,4.8504806,5.3455787,0.9492271,0.07185818,0.15559776,-0.01942928,0.13461056,0.010225409,-0.027919147,0.16712841,-0.065655045,0.67631894,0.337847,-0.0023142924,0.028839653,0.0013591535,-0.044736274,0.9719469,0.9745263,1457.9248,59.25993,1250.6334,237.60626,430.3952,274.8402,0.0096522765,4.035774,232165.53,DICTIONARYBRUTEFORCE
22.552738,7.1225033,103.242096,-4.1367188,0.029692112,0.08935209,0.028347116,0.18573512,0.60939723,0.015529404,0.007271955,4.6524715,0.7642048,-0.11309419,0.54580796,0.0017508538,0.32600614,0.091078535,0.012078836,0.013660856,0.100927986,-0.032460332,0.6988003,0.23001595,-0.025692746,0.08048855,-0.0009793183,-0.0035813171,0.9961268,0.94660115,-542.6875,61.004196,160.3571,80.423935,60.2647,85.96113,0.013539886,8.497383,-926.4372,DICTIONARYBRUTEFORCE
27.939693,5.5118537,79.82569,1853.7717,0.06251229,0.042679902,0.22169343,0.1518334,0.9047526,-0.011378491,-0.035951544,8.661855,0.817803,0.3302511,2.9761963,0.099969104,0.15673149,-0.01251209,-0.008977078,0.014369303,0.19079216,-0.0015224842,0.92528987,0.034092613,0.008379428,0.062305316,-0.00835298,-0.015521735,1.0141901,0.9994964,-3517.1016,61.621277,-69.564514,27.602516,-17.585648,75.43161,0.0021204327,10.266609,-47879.06,DICTIONARYBRUTEFORCE
20.262484,9.36278,84.78395,19111.752,0.024633126,0.14700168,0.009660035,0.37626845,0.4545842,0.036749285,-0.0141084,4.5314846,0.95053387,-0.21451733,-0.10004688,0.03428743,0.007373324,0.07447284,-0.0047262153,0.09000897,0.098234124,-0.07500936,0.5926473,0.35896087,0.008945006,0.06475546,0.019420529,-0.013533233,0.94652504,0.9575468,1627.8882,59.65477,128.17331,124.642624,19.599785,148.85156,0.0128623685,7.571312,-7154.4243,DICTIONARYBRUTEFORCE
19.023079,10.066275,112.770676,304.05078,0.029516175,0.050429612,-0.030476043,0.04390584,0.4199039,0.038288876,0.012644654,3.6099417,0.45728487,-0.07534734,0.13613969,-0.020775476,0.25532937,0.11608356,0.024027579,0.04936937,0.06342368,-0.07858059,0.46358585,0.45942685,-0.0127579905,0.07963769,0.030562464,0.0063349586,0.95780706,0.9571195,2460.6562,63.55652,-85.39581,77.94996,-37.3655,97.19374,0.019142976,9.644318,-28969.547,DICTIONARYBRUTEFORCE
26.968267,5.3272176,98.90518,16195.557,0.10763801,0.19183409,0.028779648,0.13391088,0.7079346,-0.058867432,0.0019002892,6.5750637,1.6523356,0.28265148,-0.18170641,0.037326965,0.41605017,0.07020806,0.011266781,0.027412519,0.08254403,0.007074419,0.8673139,0.08568444,0.019880904,0.03704165,-0.015189043,0.016111346,0.96105367,0.9389777,237.1748,59.713547,1202.2046,343.5943,432.71173,362.21213,0.007761614,1.6793671,239345.06,DICTIONARYBRUTEFORCE
28.69091,5.723016,73.27209,1125.0112,0.10604251,0.021971507,-0.005993983,0.2377368,0.88373774,-0.020927448,-0.0008062902,9.432513,0.39558637,0.99076474,0.1854231,0.0012912927,0.6726057,0.0109162405,-0.027003463,-0.032632418,0.12481162,-0.038640548,0.8899922,0.080308735,0.0011287327,0.005758494,-0.042178787,-0.0391629,1.0021911,0.9696551,10451.555,59.831852,1869.7131,605.85394,670.1761,606.95746,0.0055150413,13.507278,400347.88,DICTIONARYBRUTEFORCE
29.26389,6.32778,90.05714,1858.9924,0.05330712,0.2004212,-0.0066224206,0.5127117,0.70037466,-0.02693414,0.03219266,6.507863,1.8413999,0.1704154,-0.019935418,0.110065326,0.07574768,0.08808124,-0.0150944125,0.01726131,0.16566107,-0.0138487015,0.8578332,0.109804235,-0.0015049172,0.0040254346,-0.009117996,0.0048765913,1.0094417,0.99321306,-1130.2144,74.36128,939.5523,298.73175,290.74774,322.71942,0.010645729,3.743866,110642.15,DICTIONARYBRUTEFORCE
26.86386,6.417136,114.12958,4865.06,0.07746858,-0.012737493,-0.019146964,0.29531994,0.7913814,-0.02010521,-0.004000657,6.597503,-0.7164269,0.4955515,0.10381009,-0.09103064,0.7517309,0.06684072,0.008935182,0.014935194,0.11149353,-0.0385061,0.7943519,0.15958443,-0.00885205,0.052436486,-0.008570802,-0.025733192,1.0122576,0.9764813,2882.7634,64.0609,767.1081,212.12802,269.8295,231.30597,0.015352083,8.095779,109517.516,DICTIONARYBRUTEFORCE
22.29985,5.7617736,112.42947,-2111.0146,0.048073944,-0.0028945298,-0.014100865,0.29488727,0.69047445,0.01512053,-0.0063439645,5.7870574,-0.18509904,0.14946912,0.11365424,-0.11676146,0.5970902,0.034833953,-0.0050325273,0.038916126,0.096887976,-0.043113247,0.6944188,0.19138138,-0.010389999,0.11308636,-0.007927817,-0.04483441,0.9509218,0.91299003,5300.6772,59.164703,227.05063,106.371605,100.85061,168.83783,0.029150339,10.322838,6782.879,DICTIONARYBRUTEFORCE
22.285978,7.3250494,82.71647,-266.78955,0.048017077,0.017505078,-0.025249265,0.31945944,0.5886519,0.062682845,-0.021698307,5.9000854,0.095651634,-0.14841467,0.13560304,-0.15091687,0.5481457,0.074746504,-0.0085005015,-0.0105211595,0.13069524,-0.025616094,0.62135303,0.33357713,-0.045209005,0.1171163,0.014294127,-0.030894598,0.9732137,0.9284446,1053.8872,60.6517,382.02106,127.9458,116.43814,197.9159,0.020937337,7.4502563,32167.045,DICTIONARYBRUTEFORCE
19.661808,8.798352,117.29873,239.66113,0.06602447,0.10504935,-0.0041159173,0.061102536,0.44090044,0.044078,-0.0030117156,3.515419,0.9137149,0.08600649,0.0933805,0.102276266,0.066595465,0.13232376,0.01960896,0.04334595,0.11673413,-0.027224693,0.49897537,0.38672104,-0.006440078,0.09459545,0.057900626,-0.02605734,0.9222602,0.9363152,1646.5547,61.37111,53.71692,47.651688,2.7652912,104.26288,0.022685068,8.769714,-16796.771,DICTIONARYBRUTEFORCE
23.681019,5.6405025,77.61215,-5225.474,0.046415854,-0.016704576,0.004650231,0.5305895,0.77583116,0.0011020451,-0.034013685,10.024333,-0.19254036,0.38990262,0.160079,-0.03956765,0.29279944,0.045278873,-0.034850396,0.0006925408,0.12893036,-0.0011327071,0.74706185,0.20951651,-0.0058533987,0.09328307,0.046589866,-0.042742155,0.95121497,0.942172,2854.822,59.027493,953.3688,217.36414,282.16113,248.5784,0.02073793,6.263626,101047.4,DICTIONARYBRUTEFORCE
24.035702,5.7031326,81.68572,-1401.1953,0.09075384,-0.0034835455,-0.007804555,0.22817127,0.749695,0.016375419,-0.009586289,6.7698226,-0.02039723,0.28758723,0.11015602,-0.032303225,0.3246369,0.06038943,-0.006528073,0.01719403,0.14200547,-0.011175735,0.6804478,0.20617983,-0.029741274,0.12069924,0.050941184,-0.015572222,0.9544356,0.9183089,-322.99072,62.475903,222.22911,129.93535,71.63085,174.3964,0.02378187,1.7742767,-1363.7646,DICTIONARYBRUTEFORCE
22.445604,8.78084,95.00125,10105.541,0.012219142,0.05464032,0.029697826,-0.028607694,0.58742106,-0.020787528,-0.009411874,5.801298,0.536476,-0.12836237,0.062780604,-0.012357364,0.411146,0.094787076,0.03462316,0.010307342,0.0863287,-0.024096733,0.63280344,0.34119564,0.014965937,0.032969408,0.024520744,0.019452766,1.0223726,0.94728565,164.19092,60.542442,1069.0981,478.42062,451.37512,470.82138,0.0059464523,6.3889236,256405.2,DICTIONARYBRUTEFORCE
13.994024,12.756913,96.66348,496.37354,0.048781253,0.06180739,-0.014246642,0.08785402,0.21093975,0.01902171,0.0052807457,2.5750074,0.5187898,-0.102899484,0.014151165,-0.050213356,0.1324386,0.16617857,-0.006746077,0.019775264,0.10424186,-0.037490185,0.30627897,0.63639784,-0.010187238,0.1120899,0.019103898,-0.006941166,0.9420359,0.94749594,1617.812,60.590767,249.05856,53.80612,67.47775,71.623856,0.021485781,10.986122,5433.142,DICTIONARYBRUTEFORCE
27.808884,4.9717894,111.67613,-2701.0625,-0.05619876,0.053227026,0.044777498,0.14414527,0.9026464,-0.00011104683,-0.0033959234,10.5907345,0.8101548,-0.32821345,-0.1643328,0.071336545,0.48941466,0.03801022,-0.019809509,0.021501888,0.11318332,0.010838908,0.9714472,0.035929225,0.037508443,0.03421979,-0.042549416,-0.047901087,0.9945397,0.97996134,1263.2622,63.0118,1294.9089,387.57608,451.39557,411.06964,0.0017141344,11.298103,207525.45,DICTIONARYBRUTEFORCE
29.42057,3.700968,70.165764,-2392.3838,0.07526138,0.104508,0.19659744,0.062012803,0.9880075,-0.030352443,-0.025521556,9.381282,1.4759285,0.14639327,2.1817217,-0.10179213,0.7057595,0.004756809,0.014718382,-0.015790492,0.12380246,0.008524679,1.0295999,-0.07553051,0.014406329,0.07430461,0.0133255385,-0.006596651,0.93148863,0.94690144,-9292.398,60.081703,-359.71777,-28.585152,-101.28778,-26.443062,0.005493173,5.761963,-57270.914,DICTIONARYBRUTEFORCE
27.958714,5.340865,108.86235,1774.8445,0.011522909,0.017165927,-0.0052043353,0.21004513,0.84672827,-0.009190712,-0.014802413,10.298712,0.20292534,0.42325443,-0.18729845,0.2033884,0.026324479,0.068144895,0.037865516,0.04701887,0.11543829,-0.00024319626,0.87070745,0.118923716,0.0032332307,0.012684109,-0.032931805,-0.051300768,0.9984245,0.99330664,-3048.1035,64.10238,277.68484,110.738014,124.6771,122.99939,0.0030770602,5.127571,19796.463,DICTIONARYBRUTEFORCE
28.114481,5.8382244,89.511116,-1843.4746,-0.015312038,0.017778767,-0.0130495485,0.28252354,0.8550615,-0.011244157,-0.015501397,8.407665,0.20803443,-0.007900604,-0.1369229,0.09173569,0.38721085,0.023968907,-0.0006892346,0.03179181,0.15431498,0.03353931,0.84778255,0.10707069,0.005808063,0.019219583,-0.055779763,-0.045887917,1.0430933,0.9946738,8049.8076,61.44429,1433.9141,440.3253,603.86993,451.86694,0.0039575547,7.7001266,388110.75,DICTIONARYBRUTEFORCE
20.394665,8.013872,86.56308,2123.9397,0.10111571,-0.019780576,0.03440753,0.26802287,0.650933,0.005533399,0.021784328,6.4524755,-0.7781538,0.2683381,0.10628058,0.030386008,0.11218597,0.051945485,0.005646092,0.049782075,0.12704247,-0.034908712,0.6214217,0.28403297,-0.025846142,0.09551948,0.008706352,-0.005332837,0.9947127,0.94608635,3762.6528,58.235023,317.7084,152.28378,84.267624,138.90175,0.008465861,8.88549,12276.09,DICTIONARYBRUTEFORCE
29.162811,4.2603545,85.380264,336.53857,0.08349493,0.20171085,0.0020393706,0.20448878,0.7260036,-0.026866643,-0.01585795,7.788543,2.35945,0.3555382,-0.13275738,0.1692858,0.16357599,0.08893898,0.030308401,0.029560637,0.16106637,-0.0070341723,0.859525,0.10597392,-0.01723443,0.05494671,-0.036528528,-0.024848048,0.9821198,0.97229314,-3646.7354,60.831234,1050.5254,204.32758,409.65,250.63522,0.012289596,2.164322,257674.69,DICTIONARYBRUTEFORCE
23.221588,7.7842765,115.20686,-3197.4033,-0.013471765,0.2618424,0.04587093,0.22396258,0.4979101,0.014702862,0.010274177,4.670148,2.279234,-0.0056739524,0.13348292,0.0054751663,0.23197345,0.07611948,0.012665359,-0.011793132,0.115370445,-0.030815829,0.7530079,0.23435329,-0.010672525,-0.029201489,0.000115805306,-0.0070646307,1.0159,0.9959359,1380.0786,64.38702,426.19882,136.46521,133.46985,172.24632,0.003768601,16.48626,30978.035,DICTIONARYBRUTEFORCE
21.020662,9.953444,101.30087,-890.2197,-0.02875231,0.039595988,0.01796899,-0.0138413925,0.56815255,-0.044782802,-0.07947558,5.6950636,0.86531097,-0.13011193,0.08211273,0.015552697,0.42320782,0.11047208,-0.00048227608,2.2365712e-05,0.08968954,0.000634864,0.62639904,0.36268786,0.005550161,0.018274125,0.008309473,0.007970109,1.0280998,0.9713721,10800.293,61.72955,1599.1511,764.6102,652.46783,757.79694,0.0056190332,11.807777,422560.0,DICTIONARYBRUTEFORCE
14.443537,11.469725,61.817352,-5770.531,0.039447468,0.07534941,-0.027291486,0.16671912,0.27591383,0.026813261,0.018235547,1.8599519,1.0509045,0.5333469,0.1317921,0.022421403,0.045055594,0.16683668,-0.008753165,0.019049047,0.14154889,-0.03690351,0.326954,0.57970405,-0.024888296,0.11293114,0.04825308,-0.03130478,0.91628706,0.9370461,3006.2158,64.72914,512.00977,159.50676,194.32062,196.61172,0.022641407,10.929283,59939.34,DICTIONARYBRUTEFORCE
31.702559,1.5298686,66.53814,-116.20117,0.059735,0.12496362,0.026748285,0.32819435,1.0559659,-0.0051956987,0.0039107795,12.676198,1.7339268,0.21468824,0.047877066,0.19925693,0.33569005,0.008466769,-0.0075749164,0.018617295,0.16506869,-0.0015895162,1.0663437,-0.21513054,0.023177654,0.14598721,-0.034545567,-0.06207079,0.90405154,0.9116912,-1029.877,59.518116,793.83,67.23406,261.092,95.90635,0.015768273,3.7099304,109866.95,DICTIONARYBRUTEFORCE
23.62812,8.382416,74.04407,6880.256,0.10596018,0.06451058,0.017719073,0.17779672,0.6116168,-0.022196077,0.012987403,5.9389853,0.7617268,1.1938512,-0.1662687,0.18744932,0.0037402038,0.10742377,0.010692886,0.023559324,0.13400047,-0.050021898,0.67056084,0.27851862,-0.003935974,0.024368998,-0.0033606915,-0.02088423,0.99770534,0.9870917,-220.63477,59.894817,319.18854,125.98179,117.7984,123.20936,0.0041861804,11.938843,15042.15,DICTIONARYBRUTEFORCE
24.848543,6.4574876,89.7439,1394.8552,0.033198457,0.02565527,0.0056733564,0.32383743,0.7561257,-0.0059513487,0.014692258,7.430339,0.38525406,0.04645183,-0.037812248,0.002490636,0.52351564,0.067382075,-0.0063280994,0.023132186,0.1096648,-0.028173162,0.79460305,0.16547377,0.023708556,0.04977828,-0.023249222,-0.005143909,0.9698606,0.9726768,212.51855,59.181896,1442.8002,278.12582,475.26968,288.52805,0.0064159012,12.981987,239933.34,DICTIONARYBRUTEFORCE
21.832863,6.511271,61.99019,-3001.7598,0.02763127,-5.0395727e-05,0.1313929,0.023890508,0.7028363,-0.016322225,0.0053288485,6.284707,-0.002490282,-0.016866192,1.4519875,0.14422111,0.055334758,0.0025164848,0.0088988,-0.01721249,0.14620972,0.015034305,0.70713556,0.18282445,-0.006656619,0.09891153,0.0022531953,-0.039145336,0.97109354,0.93336874,951.0156,60.375294,261.76755,87.83237,101.572525,135.3893,0.0060932273,15.119514,24013.021,DICTIONARYBRUTEFORCE
31.138351,3.997491,65.48794,5237.426,0.005018534,0.049688872,0.027623707,0.20477174,0.9407855,-0.014879389,0.0036802469,9.799104,0.5742876,-0.13827729,0.0847927,0.085100666,0.6768887,0.0013000611,-0.0052674673,-0.02093388,0.1436295,-0.024787597,1.0595436,-0.069264345,-0.0052207173,0.024006873,-0.031901676,-0.029203592,0.98053765,0.97025895,7998.532,59.773388,1818.734,597.232,723.9553,636.91266,0.0011760591,18.46836,649315.25,DICTIONARYBRUTEFORCE
33.552925,3.1514792,92.007645,44225.03,0.033357587,0.14016335,-0.03984523,0.49784443,0.95188576,-0.00554555,0.025426574,9.108495,1.009665,0.042475715,-0.041954793,0.13133581,0.31190693,0.064534694,-0.0034228992,0.036633536,0.12344992,0.0092775505,0.99829733,-0.07204201,0.013419429,0.045554824,-0.0005456386,-0.029636638,0.95943874,0.9584235,-874.7046,64.356255,913.272,185.49088,273.19217,241.65952,0.013141418,0.6256714,119988.35,DICTIONARYBRUTEFORCE
25.338198,7.130067,111.288055,-1253.1489,0.09702992,-0.004280449,-0.0040802616,0.36576328,0.7964992,-0.0008031295,0.01049033,7.4527197,-0.13848406,0.8796633,0.097304866,-0.17214568,0.7170127,0.082110405,-0.006298884,-0.015542462,0.1093565,-0.08492862,0.7579603,0.21346311,-0.0029476406,0.03934039,-0.018878456,-0.016446492,1.0191842,0.97601384,370.34082,64.59442,1161.5481,341.0146,353.12253,352.64145,0.012950146,9.320564,132893.47,DICTIONARYBRUTEFORCE
32.342434,3.800017,88.51201,2510.104,0.011117187,0.17086567,0.009070215,0.30045238,0.9170261,-0.008592034,0.030712686,8.841467,1.5602976,-0.040243648,0.16961569,0.049590014,0.669942,0.053174242,-0.0036703655,-0.016177084,0.1332098,-0.05263528,1.0171909,-0.043681573,-0.022365747,0.039140143,-0.015781887,0.023336837,1.0065552,0.96584576,152.20752,62.867317,1156.9546,388.87662,420.52103,400.28412,0.0058593736,6.603569,217574.84,DICTIONARYBRUTEFORCE
29.587557,5.3795986,80.13339,23731.457,0.13326433,0.2688048,-0.009885252,0.31554556,0.68181443,0.010840664,-0.046498846,6.2781944,2.2464414,1.6695223,0.121135496,-0.009401044,0.4828438,0.08548065,0.039418,-0.03784989,0.13301621,-0.05292675,0.8648704,0.07913275,0.053321578,0.016797585,-0.038143016,-0.013363238,1.0106555,1.0034703,1432.5137,62.674423,190.48006,118.188805,49.853092,161.06496,0.010387068,6.3583984,10223.069,DICTIONARYBRUTEFORCE
25.3015,7.528392,85.2341,-3097.606,0.026345382,0.028785476,0.033052884,0.39651224,0.7465212,0.02944177,-0.0007009995,6.5032444,0.32466158,-0.01888404,0.19691952,0.05951727,0.087601684,0.051006496,-0.031698056,0.041688427,0.11434194,-0.01714508,0.77607054,0.19850454,0.0001603784,0.032886013,-0.0037428085,0.0051377807,0.99512696,1.0063113,1990.0701,72.04028,350.57416,144.6355,115.90995,153.93771,0.0043279915,12.17305,5282.6357,DICTIONARYBRUTEFORCE
25.886703,6.43523,95.185745,-3629.663,0.12221395,0.014647952,0.042338453,0.26100886,0.82350326,0.014996713,-0.015839994,9.468373,0.6512356,1.3245349,1.0475545,-0.059340652,0.48087522,0.079818085,-0.0114981355,-0.0045169145,0.10751356,-0.046475418,0.79875803,0.181163,-0.00014947029,0.07957127,-0.005245395,0.010095047,0.9521537,0.9251105,-4227.795,59.380905,132.08456,79.12007,40.035557,70.48191,0.014474254,6.473465,-30861.588,DICTIONARYBRUTEFORCE
21.98122,8.258669,94.70806,-1901.2358,0.022602063,0.0063359747,-0.0141626075,0.3620649,0.6213401,-0.0052888948,-0.00976675,8.211559,0.39120227,-0.19406004,-0.18524827,-0.03206058,0.30890718,0.094610244,0.008525554,0.07814352,0.09269691,-0.04042726,0.627519,0.33472198,-0.0016265363,0.09082138,-0.0046224706,-0.03798727,0.956184,0.94472253,-1797.4595,60.01889,407.87677,131.8323,113.48893,166.2121,0.020484656,11.208389,1811.5676,DICTIONARYBRUTEFORCE
24.904839,6.765092,100.06545,-4801.4067,0.012747565,0.030374128,-0.0048639416,0.35156444,0.7695357,0.015256122,-0.020123154,7.837352,0.68950784,0.09833555,0.090061635,-0.12004218,0.64622706,0.065159805,-0.0072213956,0.03209014,0.1061247,-0.054368757,0.80739903,0.18248868,0.030555796,0.05884479,-0.05053131,-0.0020072795,0.977492,0.9586532,-1997.1514,60.07731,229.49179,76.7144,80.169266,89.44827,0.013933314,12.679512,-13906.809,DICTIONARYBRUTEFORCE
26.532013,5.080401,104.0202,293.94238,0.055942718,0.26122642,-0.026185825,0.41355425,0.62235796,0.014620822,0.0229172,6.125115,1.952452,-0.105928764,0.04315809,0.01404162,0.28176457,0.07908854,0.0402751,0.029422289,0.116087385,-0.004730304,0.84231424,0.101348415,-0.01452127,0.024845783,0.020557132,0.0063818134,0.9818285,0.92034274,-286.5952,59.854565,493.64575,154.62463,169.86044,190.16312,0.0130529,-0.22071075,62906.05,DICTIONARYBRUTEFORCE
32.370316,5.075251,89.66724,25939.02,0.051934257,0.08169464,-0.0060349237,0.25968295,0.9281385,-0.020430816,0.0021643727,9.398127,1.1591092,0.30335787,-0.01597935,-0.18828519,0.84078276,0.024794627,0.017552802,-0.023607567,0.10749451,-0.02656284,0.9893334,0.027388586,0.02883915,0.0385323,-0.037112948,0.008097015,1.0200002,1.0170996,-1453.5151,63.823895,585.068,200.37628,194.21567,232.39023,0.008331133,7.1214447,85552.34,DICTIONARYBRUTEFORCE
26.262535,5.5558248,80.67315,4850.959,0.009026294,0.06952488,-0.02950647,0.3350689,0.7152594,0.0141716,0.0127900615,6.9726086,0.50337857,-0.27203196,-0.1311174,0.113818794,0.3111777,0.06727409,0.008040316,0.024799576,0.13489076,0.025964528,0.8264306,0.13934308,0.013930532,0.06267427,-0.021953182,-0.021088628,0.9701585,0.95159996,-344.4702,60.206963,880.354,198.92114,299.1042,215.68488,0.011733115,8.788986,144662.94,DICTIONARYBRUTEFORCE
27.963886,5.924998,74.64473,-1926.6191,0.040725324,0.03820029,0.011808575,0.33479503,0.89305246,0.002832348,0.0054405583,10.239435,1.0061283,0.5863677,0.0115884645,-0.15659349,0.7499501,0.04643459,-0.006247796,0.0010341546,0.13043983,-0.044809103,0.918166,0.05764876,0.017800545,0.064192735,-0.036861103,-0.013031604,0.96063447,0.9557563,-1855.3706,58.755077,411.7673,141.05542,139.6049,147.8117,0.009700519,9.921593,13384.034,DICTIONARYBRUTEFORCE
24.32659,7.598679,70.97903,3620.7588,0.08289582,0.25603485,-0.008367549,0.07032625,0.43714744,0.0006081717,-0.04679668,3.9751706,2.124719,0.17271413,-0.06950991,0.09138495,0.17827015,0.121255256,0.038884368,0.011611221,0.111553445,-0.015885726,0.6570428,0.25573584,0.0042767683,0.08305736,0.009900964,-0.02479324,0.9229759,0.918548,-1110.9595,60.73324,27.010971,45.387604,-3.4349174,92.0124,0.01821609,9.075134,-18195.242,DICTIONARYBRUTEFORCE
27.888315,6.0670643,86.80904,-65.44287,0.0060846563,0.14840877,-0.019690506,0.3394195,0.71624297,-0.00078574056,0.0040154555,7.957057,1.6898093,-0.0620799,0.019629823,-0.031502057,0.5578479,0.08090006,-0.012065162,-0.02431012,0.13347913,-0.080126636,0.790909,0.17710872,-0.0094597265,0.016558485,-0.022855647,0.009217145,1.0211675,0.9912535,5494.956,64.78905,1812.1587,574.23895,655.6127,601.71924,0.010166762,6.162552,428139.22,DICTIONARYBRUTEFORCE
32.08088,3.486162,66.41716,-2516.0737,0.035085108,0.41494855,0.027950186,0.086084194,0.627084,-0.009769131,-0.020793006,5.5642915,4.2904706,-0.08972864,-0.040135607,0.024725357,0.4404195,0.08875184,0.014590593,-0.006733369,0.107462026,-0.030498873,0.96876025,0.013404653,0.025238018,-0.0094847,0.022271518,0.007466068,0.9508999,0.9603591,3293.7898,86.14615,1661.8883,616.63745,556.4894,631.0427,0.015921397,2.2041168,325578.25,DICTIONARYBRUTEFORCE
28.554935,5.356737,69.430954,386.50757,0.039390717,-0.0056337304,-0.028890893,0.46400005,0.948222,-0.0059862165,-0.009286726,10.553548,-0.26690063,0.69263816,0.38723472,-0.089692,0.72073334,-0.008316854,-0.030588917,-0.03149709,0.15000902,-0.0386463,0.9269738,0.07234625,0.012723073,0.013617389,-0.021660194,-0.047880642,1.0457654,0.9979868,15453.006,59.46141,1775.2445,668.55707,673.42944,701.8462,0.001238039,11.552254,430710.3,DICTIONARYBRUTEFORCE
27.643658,5.499257,65.00126,-4935.775,0.117372215,0.014608321,0.01319389,0.14425372,0.92277086,-0.026099112,-0.029210707,11.353975,0.6993574,4.3507934,0.06727052,0.10051218,0.23652492,0.05236639,0.0057344744,0.010528442,0.16736016,-0.019530164,0.84592485,0.10487635,0.028823491,0.051467784,-0.025631104,-0.025119208,0.91711056,0.9207863,-10313.3125,60.66545,71.21211,-82.56466,9.596924,-69.101494,0.009988907,8.957779,-49575.965,DICTIONARYBRUTEFORCE
16.256065,12.325536,82.10782,27170.844,0.08613482,0.009854684,0.016917486,0.09635066,0.3356657,0.009285247,-0.07215812,3.8022904,0.35713267,0.4060596,0.0070630754,-0.17280816,0.31519613,0.08765286,-0.0017501554,-0.001014513,0.1408172,-0.02594059,0.29098958,0.67132914,-0.0069862567,0.06647373,0.059966944,0.004603192,0.9980218,1.011391,2144.7202,59.37702,1055.8551,277.89624,358.3864,355.01257,0.011182653,8.993904,158889.11,DICTIONARYBRUTEFORCE
26.979076,6.7030125,104.277885,-402.55615,0.05930812,0.09574983,0.03399048,0.1295697,0.7320651,-0.02943433,0.035250507,6.907781,1.1100335,0.86163807,0.21294057,-0.051543385,0.58096576,0.059648532,-0.030013155,-0.024441194,0.14927748,-0.05394096,0.7925024,0.16383098,0.004084236,-0.0035815476,-0.02522748,-0.05364977,1.061774,1.0084684,4278.53,67.85171,1008.5477,351.3688,335.77753,381.9209,0.004306946,13.793266,158063.78,DICTIONARYBRUTEFORCE
29.296885,5.178265,67.80912,-2830.2651,0.027884841,0.19455388,0.012646978,0.41569623,0.7376756,0.038629357,0.005162186,7.553469,1.9629402,0.6307875,-0.086443275,0.06696047,0.3398109,0.099795915,-0.003761067,0.013313472,0.16115604,-0.014479798,0.8805092,0.08349182,0.033789683,0.051300414,-0.024691736,-0.04334603,0.98197377,0.9850906,1688.7026,66.28333,782.1333,147.81755,246.77475,160.97937,0.012672901,9.852104,94845.04,DICTIONARYBRUTEFORCE
24.175438,7.1139975,105.141205,-928.28906,0.014605455,0.20409696,-0.011985256,0.15682322,0.5533388,-0.0006797875,-0.00068479683,5.555124,2.073496,-0.046051867,-0.07077505,0.024309335,0.35133645,0.11712538,0.025407074,0.00014304649,0.10629532,0.006275042,0.70572466,0.25668794,0.006661138,0.020769764,-0.005546659,-0.019571671,0.9919366,0.97332054,-2478.7666,61.705677,629.6299,93.87106,188.81271,114.293015,0.013599228,8.579231,66748.86,DICTIONARYBRUTEFORCE
26.210043,5.166913,96.42609,-1510.1064,0.031540025,-0.020241497,0.031202326,0.21035138,0.9085323,-0.0010109157,0.004412066,9.946736,-0.5462978,0.32110292,-0.009171589,0.0021839514,0.43461427,0.015549852,0.010113073,0.06819381,0.11324208,0.023857279,0.88063705,0.08198724,-0.0034797378,0.061397903,-0.020382961,-0.008267871,0.9706367,0.94063777,-2989.7012,60.55226,12.72876,58.72409,17.488571,37.637268,0.0073061814,6.391861,-19446.791,DICTIONARYBRUTEFORCE
17.438347,10.991452,99.24533,18053.342,0.040228866,0.049386676,0.0027527637,0.34766108,0.44206026,0.026914954,0.00077729346,3.8114097,0.06548451,-0.18367785,-0.0050448626,-0.121064976,0.26256892,0.10336562,-0.007372037,0.015949115,0.11778943,-0.03887527,0.4696295,0.4530662,-0.0028658868,0.049993657,0.020708304,-0.0012366939,1.0071493,0.98190475,-1081.6631,59.290012,441.72208,152.90047,123.90984,159.4241,0.00926011,7.186447,28130.102,DICTIONARYBRUTEFORCE
29.619402,4.1355352,119.648735,-637.8428,-0.016490208,0.07428258,0.022002067,0.23863195,0.93683785,-0.05049784,-0.0038888142,14.010033,1.6340476,-0.26551473,0.016160846,0.12831692,0.403473,0.07887559,-0.008228267,-0.0032237591,0.10917938,-0.043533333,0.9458572,0.0029087996,0.026610337,0.07086827,-0.029453374,0.02753793,0.95696837,0.8897028,4153.1562,58.431175,1845.7441,499.15372,712.9194,505.0496,0.015715688,4.242508,483156.6,DICTIONARYBRUTEFORCE
26.433779,7.750167,104.10568,757.02466,0.013377277,0.3497279,-0.007935456,0.11785791,0.46919557,-0.0025354004,-0.011499964,4.920882,3.200955,0.12698637,0.01525262,-0.020138549,0.41285077,0.13811997,0.02646884,-0.0038174726,0.1140412,-0.045740254,0.74227005,0.21492763,0.0053871237,-0.0049438304,0.011023752,0.03204125,1.0016344,0.98592573,-244.70459,63.62796,134.27338,49.84309,34.04303,71.3404,0.009156856,9.804779,3745.844,DICTIONARYBRUTEFORCE
21.729885,8.56024,102.11928,-5138.2075,0.02469721,0.019124547,0.014468564,0.3181912,0.6001479,0.012643999,-0.019372514,4.1186543,0.44495183,0.76187104,0.069191545,-0.31455857,0.5438396,0.14398535,-0.097473346,-0.048700735,0.1150443,-0.057176508,0.58129245,0.36287963,-0.03125523,5.4705888e-05,0.0743568,-0.016972288,0.98668766,1.0138595,4768.8994,98.80368,1310.8209,450.48004,341.078,426.63632,0.022887893,8.540688,125889.4,DICTIONARYBRUTEFORCE
11.552996,14.272534,81.92848,2305.9004,0.03813539,-0.015974917,-0.024701115,0.16194569,0.21036926,0.024758022,-0.009535794,1.4556004,-0.60091436,0.12719348,0.14649606,-0.06315194,0.06943009,0.08566279,-0.01180299,0.030141547,0.11523641,-0.022353364,0.19252306,0.77281106,-0.011035799,0.051159803,0.02895545,0.018460013,0.99642104,0.97974014,6111.91,58.39987,315.95016,216.82027,108.41686,233.50394,0.012655289,9.667641,7887.6465,DICTIONARYBRUTEFORCE
19.55592,9.953137,74.65697,-1199.4614,0.04093476,0.005262393,-0.0012372737,0.1927723,0.48214698,0.006889456,-0.021526184,3.7803593,-0.0039628893,0.0047803484,-0.030824091,-0.04655177,0.2559807,0.09064196,0.022096343,0.003717211,0.114073485,-0.013278684,0.4616906,0.49658534,-0.021634929,0.061903056,0.00067682937,-0.018145401,1.0041094,0.9739188,1096.148,64.27902,412.3402,154.0735,132.58035,181.31578,0.015118353,10.770157,25716.088,DICTIONARYBRUTEFORCE
25.364807,6.7386904,99.578125,437.5266,0.040335894,0.20194662,0.018421333,0.17157684,0.5114181,-0.019645879,-0.01681192,5.454157,1.4497756,-0.41481915,-0.08350207,0.0376273,0.3270007,0.10600071,0.05471907,0.009649269,0.06829961,-0.036942273,0.70804036,0.2640756,-0.023514275,0.06451585,-0.011613596,0.0186268,0.9806563,0.9196526,208.88086,61.146324,1754.5709,295.1687,540.90076,326.5522,0.02209744,6.0231323,439154.3,DICTIONARYBRUTEFORCE
24.79707,5.9233546,98.03516,1215.2112,0.015339717,0.02249029,0.013015734,0.26381025,0.7482782,-0.0020153879,0.045427285,7.0250354,0.12939997,-0.11679058,0.07731614,0.19147089,0.09686124,0.046775803,-0.009717307,0.047812484,0.10871795,-0.025588091,0.80192494,0.1140601,-0.02576891,0.09088859,0.026590062,-0.021059338,0.96503985,0.9524387,187.52344,61.16048,433.93365,148.74666,159.05658,142.15425,0.010886925,10.12484,34205.57,DICTIONARYBRUTEFORCE
20.964588,9.237983,98.924286,1189.3225,0.05434539,0.16229148,0.034669857,-0.0010661146,0.46347895,0.00034266792,0.008258684,4.681836,1.6262282,0.04553882,0.43562204,0.044280432,0.02942094,0.12657927,0.013461987,0.016969984,0.10593228,-0.04259232,0.6025615,0.36803868,0.0029968866,0.05473116,0.0018779747,0.015509097,0.98147976,0.9330374,-755.9282,62.124912,98.44794,111.51585,34.710396,140.66846,0.012417239,5.6851196,1880.5151,DICTIONARYBRUTEFORCE
23.30624,6.601924,103.37004,-480.51318,0.041752316,-0.0007102936,0.011528126,0.15445338,0.71477437,0.0013201399,0.011264105,6.8876896,0.017251147,0.21508923,0.024166664,-0.06451807,0.5850549,0.055414267,-0.001186002,0.049192514,0.06698609,-0.05174331,0.74886197,0.1820851,-0.017685248,0.11451069,-0.05047128,0.00027334318,0.9777502,0.95237446,638.6138,59.424145,142.34314,113.16081,66.54942,112.22537,0.014509535,9.068802,-647.09625,DICTIONARYBRUTEFORCE
25.315233,7.4792852,63.927643,20774.227,0.018024784,-0.0058297315,0.040079657,0.16457263,0.7993782,0.0069592167,0.002681408,8.222543,-0.12871735,-0.22652611,-0.02751181,-0.16614103,0.7467756,-0.004499336,0.005161492,0.01070484,0.09558413,-0.012380005,0.8289347,0.16281098,-0.01982496,0.041171096,-0.01725649,0.006602537,1.0142653,0.99379164,-3127.4434,61.4011,915.35815,421.40225,286.3565,393.27933,0.0022396457,9.742432,113762.766,DICTIONARYBRUTEFORCE
27.221115,4.292036,116.727036,3040.0698,0.023877976,-0.018759077,0.14236152,0.19295575,0.994814,0.029174255,-0.02368417,16.232544,-0.18861705,-0.21841827,2.1867366,-0.081112444,0.6364874,0.005408558,0.029537959,0.06384215,0.02667479,-0.041006185,0.996862,-0.032394603,-0.009094447,0.14451662,-0.037972808,-0.011837612,0.9468971,0.9195319,-2941.9043,59.835663,-299.35675,14.728004,-89.42767,-4.5448,0.015035062,8.960312,-48142.258,DICTIONARYBRUTEFORCE
24.702885,5.8266153,118.05847,-7234.6685,0.021227373,0.05035564,-0.027791128,0.41899234,0.7306927,0.073827416,-0.02544297,7.658595,0.89921093,0.13114959,0.002998244,-0.030521877,0.22424956,0.058540158,-0.0032923557,0.036501925,0.1372452,0.011453092,0.74849087,0.20240472,0.0152401915,0.060040016,0.029673975,0.009291576,0.9097187,0.92673177,-2920.3672,62.25639,137.80774,45.685524,44.723934,57.508343,0.019605665,6.197815,-20947.883,DICTIONARYBRUTEFORCE
38.62875,0.95894957,88.10995,21824.398,0.008413651,0.60264397,-0.06181772,0.30058026,0.69512707,0.070459284,-0.13709365,8.154798,5.5991907,0.11109904,-0.055466782,-0.08949338,0.70381206,0.062465,0.0837017,0.0052398583,0.23588938,0.007836799,1.0734966,-0.13118738,0.08651093,0.086891204,0.10824309,-0.012037567,0.97951,1.0773548,172.14502,72.13793,-4.1931915,154.11278,12.019718,153.34747,0.020265445,-2.978714,37032.445,DICTIONARYBRUTEFORCE
28.019615,3.8392673,67.405846,1837.4468,-0.0061269663,0.09431874,0.00031452626,0.22796932,0.79928464,0.015987266,0.03999554,7.699951,1.1802016,-0.20703158,-0.049481645,0.21507569,0.14656098,0.027555592,-0.012377579,0.0009857817,0.13119048,0.0053939596,0.9282971,-0.026260806,0.0030615926,0.11102643,-0.042430997,-0.013722561,0.9199073,0.8935375,-4282.003,60.896545,682.4424,133.92413,253.75287,149.95966,0.01221121,11.86525,123073.555,DICTIONARYBRUTEFORCE
30.451572,2.4801965,107.37256,-553.10693,0.08810164,0.31347096,-0.07055996,0.3688154,0.6861919,0.06320159,-0.11560583,6.1287265,2.9975643,1.1081233,0.3119099,0.06111667,0.23992479,0.12825237,0.011786659,0.06503552,0.17392623,-0.053729918,0.87424153,0.050219227,-0.02275268,0.023536015,0.05664904,-0.031288426,0.87260646,1.0135254,1215.0981,64.73657,77.62015,85.424034,-6.1122284,126.46849,0.029808937,-5.70417,-19464.797,DICTIONARYBRUTEFORCE
31.895947,4.4834156,113.69089,18.610352,0.16112775,-0.0047339112,0.0028984318,0.13161577,1.0413374,-0.052690174,0.016224036,15.588133,0.23446694,3.9796762,0.18222588,-0.052807335,0.8597261,0.046207387,0.019684844,-0.014950467,0.13509785,-0.009962175,1.0313128,-0.009573902,0.009021004,0.02186637,-0.09883398,0.01889774,0.97081125,0.944984,6924.738,62.093704,2393.4902,464.5471,848.4026,478.87463,0.012602113,12.335327,790843.1,DICTIONARYBRUTEFORCE
31.635021,5.9705205,100.492096,2118.4106,0.032418076,0.013720353,-0.015999258,0.47362167,0.90088946,-0.0029600516,0.029109653,9.109429,0.1718474,-0.019875394,0.0836561,0.037913453,0.60814196,0.071430445,-0.015415476,0.05959744,0.118826926,-0.01921303,0.9467597,0.05970663,-0.042681478,0.046077706,-0.076918185,0.038664818,1.0258139,0.9780542,2085.447,68.59587,1676.3148,477.00348,627.66345,496.89957,0.0048624277,11.150948,569728.7,DICTIONARYBRUTEFORCE
27.443766,5.8692646,90.96429,781.70044,0.07732405,0.113244236,-0.01476197,0.2415568,0.72440666,-0.013879107,0.013956113,6.572694,0.85535675,1.1819096,0.33310118,0.09813278,0.41246566,0.05272342,0.0065114535,0.007418291,0.1250614,-0.0271614,0.8166398,0.13368632,0.011790771,-0.0029666966,-0.00585163,-0.039049916,1.036441,1.0062975,3217.7854,63.34917,881.42664,182.26028,281.11176,212.3743,0.006680014,13.0447235,130348.9,DICTIONARYBRUTEFORCE
26.099073,5.073028,65.98939,-1951.3496,0.044315435,0.1531278,-0.0076131434,0.2397161,0.6748875,0.022599434,0.0014866306,6.64843,1.7878015,0.21553606,0.050011054,0.05364301,0.47627217,0.0813147,-0.014421891,0.013442349,0.12890695,-0.042467862,0.80895,0.13877824,-0.0012994325,0.05098488,-0.01919233,-0.03820651,0.95496243,0.9397354,10462.88,59.70401,1581.3544,538.90515,620.64264,555.47754,0.017732698,7.5902786,403817.5,DICTIONARYBRUTEFORCE
26.65265,3.8114395,93.231865,2359.8396,0.100020215,0.056171436,-0.027494898,0.31229216,0.78846604,-0.005172044,-0.0018929341,6.1711082,0.40822947,0.3775158,0.115684316,0.02156425,0.51942617,0.09093514,-0.0053590676,0.030821795,0.118408136,-0.038809612,0.81933147,0.08506498,-0.04166564,0.084628075,0.015120244,-0.049155153,0.98533165,0.96629083,2212.1814,61.60234,705.1599,261.88327,236.88171,288.80606,0.02290068,6.0601654,81388.58,DICTIONARYBRUTEFORCE
30.671974,1.8958669,90.73243,4704.5137,0.07518246,0.2077378,-0.009420017,0.476326,0.8657577,-0.045325667,0.016241722,8.028291,2.0657887,0.63430715,-0.020742241,0.25088456,0.09763528,0.061475225,-0.0010928791,0.00043064356,0.19249392,-0.018009026,1.0417291,-0.13370687,0.005904869,0.04635798,-0.030914789,-0.033058047,0.9522071,0.9662076,3629.5823,59.995373,512.0646,110.066414,140.26782,134.45934,0.014295756,6.0420914,57308.625,DICTIONARYBRUTEFORCE
31.086487,4.8584023,97.999695,1103.5095,-0.007066903,0.11693223,0.009088441,0.32761964,0.92265904,-0.0040095807,0.0011739205,8.91008,1.1300404,-0.087591276,0.111568496,0.06982951,0.48312545,0.052097995,-0.006143274,0.047952846,0.122372285,-0.030100044,1.0353973,-0.048255213,0.014554655,0.05008774,-0.04616199,0.02700045,0.9739648,0.9727505,-3262.7734,64.00187,95.16171,28.518341,25.4915,51.297237,0.009311636,9.402855,-25312.29,DICTIONARYBRUTEFORCE
26.458818,8.507321,85.68829,49731.49,0.072873116,0.010382272,0.00690853,0.040472206,0.7446509,-0.038502693,0.018094223,5.3981414,0.47732815,0.37455088,-0.011534746,-0.20642789,0.8794366,0.054913614,-0.0066185324,0.023887457,0.09002932,-0.059710298,0.7482296,0.22617704,-0.023101762,0.054097243,-0.03863524,-0.015723301,1.0355194,1.0087161,2626.7043,62.449825,219.93823,275.25345,80.56914,265.01025,0.008005609,11.305519,13892.664,DICTIONARYBRUTEFORCE
22.125532,7.2267323,77.1548,-5989.86,0.03506885,0.0057825022,-0.0015750667,0.33388734,0.6736933,0.0017064408,0.021256397,6.484932,-0.002804771,0.55567116,0.020259257,-0.01652417,0.27560937,0.0516837,0.007755947,0.037240468,0.11368164,0.0052094134,0.6666821,0.26141918,-0.012823312,0.052698724,-0.00725822,-0.05437926,0.96750456,0.9473486,4090.7388,58.591274,399.93845,135.29729,150.2251,164.73932,0.011628638,10.727562,30551.383,DICTIONARYBRUTEFORCE
31.422508,6.674331,92.17981,1502.4666,0.06315256,0.10925076,-0.004067989,0.2151802,0.7628318,-0.01794834,-0.0639562,7.177462,1.1652721,0.113582045,-0.1290772,0.07208085,0.39179355,0.06456056,-0.0188468,-0.044387076,0.16990921,0.023783937,0.7846538,0.18866615,0.033484127,0.0025200425,-0.00956973,-0.016240688,1.0849524,1.031607,4762.406,76.804016,1560.3604,499.87518,613.3135,549.44604,0.0045025893,8.170258,400454.3,DICTIONARYBRUTEFORCE
23.899115,7.6673393,110.08821,17571.44,0.11061783,-0.0006619543,-0.032438487,0.54681945,0.73288685,0.002827241,-0.000817657,8.1890545,-0.42884934,0.084940374,-0.023813777,-0.018509,0.1496225,0.06823902,0.00814123,0.071310885,0.117020056,-0.052992497,0.7001548,0.27536407,-0.00967125,0.03597063,-0.010012597,-0.019666862,0.9932257,0.9830412,1644.9795,60.148563,479.70844,245.15509,82.51309,246.26776,0.010802674,-0.48653412,2091.7068,DICTIONARYBRUTEFORCE
21.918568,8.985499,56.40293,4234.297,0.080581784,0.3304498,0.013736591,0.07617768,0.32578704,0.007719231,-0.020365177,2.962144,2.8286693,0.25869268,0.025061198,0.021876963,0.108667076,0.09095815,0.0040258886,0.041407973,0.10190676,-0.060377944,0.6235665,0.3339419,0.035449356,0.044678085,-0.028125852,0.058420196,0.9627989,0.93684506,1761.4121,63.42225,-77.571686,77.51505,-40.406273,107.700096,0.011076705,8.057877,-40785.023,DICTIONARYBRUTEFORCE
24.196564,8.985535,99.42895,46171.773,0.10525017,-0.0045601423,-0.034492787,0.099084884,0.67627406,-0.026560193,-0.014981549,8.581057,0.44869256,1.7575687,-0.028239042,-0.12630415,0.48338738,0.1371471,0.04671531,-0.048428547,0.105373256,-0.03535656,0.5847884,0.3962766,0.028185662,0.009054927,0.0067953393,-0.025629826,1.0302668,1.0233132,594.3838,63.154842,1246.636,325.57593,422.8712,326.8468,0.012308795,7.456032,201408.62,DICTIONARYBRUTEFORCE
29.548328,4.090049,68.519745,1191.8535,0.08606718,0.039344598,0.011261516,0.43750927,0.97840565,-0.023960322,0.016154047,10.390015,0.76990837,0.53313714,0.07445391,0.17185077,0.20648733,0.010519353,-0.015107665,-0.011796992,0.18570244,-0.02182851,0.97164524,-0.045319222,-0.0062660384,0.09105661,0.0029066997,-0.017779771,0.9681084,0.9757917,4518.0957,58.956074,520.3987,214.60547,211.86108,247.23544,0.0067037125,5.5112305,63376.008,DICTIONARYBRUTEFORCE
29.408792,5.9248676,74.05681,3740.9763,0.10598008,0.17146747,-0.046727505,0.4586853,0.69651335,0.009173439,-0.037868332,5.738254,1.601138,1.7184196,-0.03928805,0.06701597,0.1315104,0.121630564,-0.00913564,0.032838065,0.15066922,-0.0455027,0.8028869,0.16223875,0.060935073,0.059936907,-0.018996041,-0.010550859,0.9174032,0.9921479,2817.0588,66.896706,164.53316,159.92874,52.485146,192.01164,0.017353045,4.4628067,-13846.295,DICTIONARYBRUTEFORCE
24.685143,7.7021646,94.69876,-237.78809,0.035185557,0.07488623,0.0020414917,0.1394894,0.6283525,0.01266919,-0.0095083695,6.0066466,0.6876662,0.0456294,-0.08559248,-0.1242608,0.7158867,0.094570085,0.004584617,0.037710477,0.10366112,-0.019645508,0.7000903,0.24838072,-0.0034114951,0.02641312,-0.012336805,-0.006230511,1.014114,0.9885671,158.05713,62.712017,942.63654,195.45723,350.30322,221.13261,0.01440495,13.983749,200457.14,DICTIONARYBRUTEFORCE
39.391823,2.142164,80.64499,10638.393,0.07613992,0.049739838,0.012238625,0.056614425,1.1613706,-0.044460613,0.017558606,12.526263,0.57596076,0.011299699,-0.060288426,0.03326043,0.97846603,0.011128116,0.054813176,0.017130747,0.11719777,-0.0355777,1.1862681,-0.19590561,0.004939197,0.034526516,-0.04976418,0.00026310794,0.9712692,0.9517775,-2256.3945,66.734055,1345.0642,268.80814,502.27737,282.24167,0.015194671,9.079811,400437.4,DICTIONARYBRUTEFORCE
21.186777,7.74704,74.38835,-4610.4204,-0.01195575,-0.0039753714,0.0044352747,0.35871804,0.6217088,0.013936887,0.006946542,5.8679285,-0.19630453,0.11075257,-0.028676372,-0.1528841,0.5603833,0.06963871,0.010865471,0.03032078,0.12056538,-0.00710566,0.64590997,0.31912634,-0.009653209,0.05644506,0.00819595,-0.055182792,0.98177916,0.9318335,1821.2402,59.57863,487.48053,147.80913,171.00812,153.72089,0.017691988,12.6492,51205.484,DICTIONARYBRUTEFORCE
33.706764,2.7113802,85.779884,-196.98975,-0.0155698005,0.10013272,0.031251594,0.34654164,1.0027477,-0.0071244356,0.019590564,14.997117,1.4983468,-0.23968197,-0.0007592514,0.15026763,0.46885762,0.06875059,-0.00747987,0.072666064,0.14416716,-0.03060006,1.0871879,-0.086960785,0.0018470851,0.07193088,-0.08528875,0.009778476,0.97006863,0.9260086,3008.775,61.583637,2363.118,381.8745,755.89545,410.3514,0.011631236,8.821114,655886.9,DICTIONARYBRUTEFORCE
24.414062,7.501774,78.883835,1353.5471,0.0054913107,0.044239957,-0.0038927887,0.084196605,0.5660366,0.05032842,0.027625509,4.235447,0.19504079,-0.18635033,0.044658016,-0.07446909,0.5900767,0.08614797,0.012175363,0.03509251,0.08812527,-0.013209593,0.6452022,0.2783037,-0.03493584,0.10704982,0.020810843,-0.007818657,0.9660541,0.94469815,1654.814,67.15782,64.15335,136.7999,50.270897,135.64502,0.02273522,9.909195,12395.415,DICTIONARYBRUTEFORCE
26.178728,6.305642,90.08062,442.44043,0.02328921,0.021685798,0.028745404,0.19292788,0.7786416,-0.005282853,0.030874096,7.248216,0.14842159,0.39014435,0.20105356,0.065893315,0.48070812,0.028321996,-0.004584249,0.0076465723,0.108247094,-0.008035618,0.82680166,0.112989314,-0.0044161966,0.029230865,-0.0011310447,-0.0463436,1.0180176,1.0002402,1459.6724,62.521458,682.84875,169.18588,249.90805,175.06282,0.0015171713,17.467499,97862.71,DICTIONARYBRUTEFORCE
26.389198,5.152453,94.91969,5685.6396,0.061024435,-0.026631672,0.024097396,0.32498983,0.9254076,-0.07927334,-0.009889504,11.184123,-1.4416713,0.32198048,0.013545992,0.22524148,0.0651541,-0.008424226,0.022324957,-0.0029884325,0.12951937,-0.012078657,0.8241267,0.07309972,-0.019128997,0.07405924,0.029333595,-0.054880686,0.98033184,0.9496342,5228.6406,60.137695,656.1185,211.60208,183.34628,244.67688,0.009891638,4.4907455,62384.152,DICTIONARYBRUTEFORCE
32.76117,5.588814,58.662155,2530.1926,0.03479162,0.078820705,0.010975794,0.44422108,0.8384342,0.032607015,0.008057116,9.79033,1.0424716,0.32992885,0.05861529,-0.17858358,0.816204,0.08665915,0.002449653,0.08115949,0.13996804,-0.015304679,0.9428305,0.09848585,0.009738159,0.0180732,-0.047530476,-0.018122256,0.9935581,0.9607203,-3708.4033,72.18269,2622.545,610.1594,887.60266,657.37994,0.013655316,6.2060394,738138.44,DICTIONARYBRUTEFORCE
20.983984,8.532187,90.464745,-1007.6885,0.030396925,0.0788927,0.0144436285,0.25304234,0.56421876,0.006522268,0.022543622,4.8259563,0.79912555,0.14222166,0.12495563,-0.033877462,0.32274917,0.09998216,0.004441063,0.006236867,0.11181102,-0.028895974,0.6216642,0.32088596,-0.0014018617,0.043642983,-0.0005401252,-0.001922287,1.0021553,0.9789513,3126.5918,62.006165,544.72754,167.61047,196.6885,180.71777,0.009737557,14.048309,60344.004,DICTIONARYBRUTEFORCE
23.296183,7.8701754,110.244644,2664.2441,0.124475844,0.238898,0.054468047,0.1277522,0.4886915,-0.028278746,0.008950121,4.2474775,2.0710444,1.0149307,0.13668065,0.13782233,0.07643457,0.10332297,0.0043871626,0.004439922,0.12817384,-0.031728428,0.7178862,0.2205803,0.0054551684,-0.01290011,0.005109641,-0.005693501,1.003045,0.9922782,2127.249,59.70195,263.06204,129.15547,66.32002,140.1676,0.006303634,9.945816,8013.9785,DICTIONARYBRUTEFORCE
27.582012,5.738432,127.26926,-1215.916,0.026631614,0.0038952443,-0.011546724,0.33017066,0.8655879,0.0131839905,0.0038188137,8.734621,-0.03572292,0.20608962,-0.06133556,-0.033324186,0.6033819,0.06958752,0.013239472,0.020309703,0.09505085,-0.045868717,0.8653365,0.10966709,0.012247105,0.01820223,-0.0095227165,-0.009069982,0.99693716,0.9892061,-1345.3403,64.5989,740.8377,146.06586,244.3609,134.94467,0.006110621,11.20948,84158.695,DICTIONARYBRUTEFORCE
20.264421,9.114618,88.138824,-1527.5752,0.013194734,0.039424744,0.06019204,0.042348564,0.5680161,-0.013229709,-0.0061719283,5.206618,0.4528402,0.324579,0.75741816,-0.013344765,0.35902712,0.0713237,-0.025398642,-0.021082152,0.11607427,-0.024259984,0.6022808,0.32171863,0.029290935,0.04925294,-0.008099264,-0.017576315,1.014943,0.95200986,6006.1655,58.96074,879.0367,338.30832,356.13828,349.635,0.005879462,14.410233,168007.14,DICTIONARYBRUTEFORCE
24.102407,5.7582874,112.30257,3543.3394,0.0648029,-0.006618461,0.057173193,0.345367,0.7251856,-0.037524104,0.052154116,5.116124,-0.6899935,0.2983764,1.0632113,0.121863544,0.0704092,0.05859925,-0.04272196,-0.00935818,0.17574844,-0.034349795,0.7137718,0.16704448,-0.031896293,0.06621611,0.019536039,-0.020250652,1.012957,1.0014046,13284.266,68.54388,660.71796,347.1339,216.90546,337.82526,0.015591486,9.172913,83213.086,DICTIONARYBRUTEFORCE
33.550785,4.3907237,147.02856,2082.9927,0.15382838,0.24958633,-0.009823738,0.31535456,0.90635633,-0.01453992,0.006704859,10.054688,2.3913178,0.5400178,0.20117201,-0.01598606,0.6410845,0.08013134,-0.0047573866,-0.019118048,0.17483833,-0.07788497,1.0353632,-0.082362585,0.044684716,-0.014377806,-0.058888756,0.09992108,0.9572642,1.0537989,1830.0063,65.7282,192.48454,201.51483,22.430862,223.00067,0.017630855,2.135933,24257.852,DICTIONARYBRUTEFORCE
25.195929,7.6689653,83.45201,664.87134,0.06689768,0.029552627,0.032674417,0.16668682,0.69770867,0.03511718,0.025171423,7.07286,0.6422353,0.34370112,-0.0092804795,0.008481561,0.31397536,0.07341504,0.014107167,0.0634955,0.080481365,-0.009809392,0.7354732,0.22058825,-0.019333022,0.03153675,-0.029110441,-0.0036770664,0.9595704,0.98243386,-2813.7568,64.45374,102.46742,24.32727,16.092165,19.327812,0.0059993765,14.68679,-22194.16,DICTIONARYBRUTEFORCE
19.544437,9.960338,110.14134,-364.58057,0.08088373,0.18123369,-0.00666162,0.20266762,0.3904,-0.017590642,0.017272634,2.842367,1.726614,0.44625992,0.2288121,0.048343837,0.05299262,0.15075104,0.0060756924,0.046843424,0.09878324,-0.08767691,0.54842305,0.41281173,-0.011963548,0.03771026,-0.006121001,0.014548076,0.9603866,0.9758292,2556.4277,60.719894,176.14722,109.511665,57.657047,141.36359,0.015965508,8.380569,-11830.727,DICTIONARYBRUTEFORCE
31.98286,3.7706096,105.29138,2218.668,-0.013887638,0.070793755,-0.02433579,0.43280253,0.87682253,-0.0123827355,-0.055318568,9.422892,1.1971284,-0.23186786,-0.1334031,0.04075302,0.4619927,0.07097462,-0.015183032,0.036598437,0.15697145,0.036248215,0.86085224,0.065737076,0.046031047,0.06590118,0.0074119256,0.01164467,1.0028477,1.004237,1750.8115,67.836914,1534.4404,386.6216,581.54626,403.88968,0.017864939,8.397873,383796.9,DICTIONARYBRUTEFORCE
26.830713,5.018799,89.594696,-1514.3452,0.030156445,0.20575765,0.022096215,0.33179024,0.70033437,-0.0057377657,0.03748479,6.232616,1.8493491,0.115498096,0.28298485,0.10950267,0.2987511,0.06388882,0.0059302337,0.011161979,0.11364461,-0.012724948,0.8907927,0.04361161,-0.009619625,0.023563636,-0.004603956,-0.014062317,0.9769596,0.9649497,2335.9395,61.242653,353.61148,95.24956,98.79734,102.20027,0.009231882,14.641403,12363.865,DICTIONARYBRUTEFORCE
21.943968,9.85677,92.12604,4600.2046,0.01524299,0.12191906,-0.006780848,0.09907923,0.483774,0.0145416055,0.022260718,4.2403364,1.0753195,-0.04199933,0.011133905,-0.15753402,0.5609684,0.082078844,-0.0081292065,0.008027385,0.11640429,-0.011244103,0.6001476,0.37998828,0.021936648,0.009471301,-0.016164478,0.024274683,1.0439124,1.0057693,-2227.4102,60.97973,219.48239,97.481476,65.417114,114.03755,0.0035066567,11.536758,7735.514,DICTIONARYBRUTEFORCE
24.825447,5.973404,80.18668,-6374.0415,0.073572144,0.17164302,0.016027188,0.18302792,0.6067723,0.049330823,-0.012513807,5.743863,1.8616301,-0.104867935,0.3813569,0.031589523,0.2852892,0.12052641,-0.025506154,0.020202452,0.16185093,-0.050004147,0.71329945,0.1889856,0.012541142,0.10354945,0.015749067,0.031050343,0.92173755,0.9328282,-3268.5283,63.735573,-99.01761,23.885818,-35.105408,67.99397,0.019598404,5.5821457,-38854.168,DICTIONARYBRUTEFORCE
28.518238,5.560194,62.833775,-4870.435,0.050638396,0.09138515,0.009493454,0.073087044,0.7760841,0.023265406,0.013477717,8.114069,1.2404311,0.33091322,0.059247795,-0.09014824,0.88238996,0.06856482,-0.023053061,-0.02064159,0.1279569,-0.035846394,0.8472188,0.074638695,0.0029399386,0.076467134,-0.019091915,-0.021502348,0.9677403,0.9402789,2056.0427,64.942024,597.7958,209.71123,234.9002,203.11224,0.014731859,16.094238,100324.25,DICTIONARYBRUTEFORCE
25.112753,5.0161996,102.39528,965.1504,-0.00442815,-0.0043056095,-0.045633353,0.31912276,0.7626022,-0.03674452,0.0069839717,6.4841337,-0.5000038,0.17423457,0.24979794,-0.06074684,0.47736523,0.033617914,-0.013097992,-0.025112811,0.12582949,0.029647585,0.7055139,0.18147777,-0.026395448,0.090799734,0.02740374,-0.05899372,0.9924348,0.9843754,3245.614,61.908268,966.38074,220.15033,375.6253,257.27274,0.021628141,8.177635,222533.34,DICTIONARYBRUTEFORCE
41.451546,1.8777642,67.652664,2701.6545,-0.09442407,0.109489895,0.025412394,0.36450472,1.202975,0.01943759,0.039598625,14.856944,1.5968101,-0.37898198,0.12296043,0.21035162,0.75313437,0.01845162,-0.037238784,0.05266979,0.12921485,-0.001826766,1.3617914,-0.30623403,-0.03596191,0.13632932,-0.09094104,0.08762232,0.9023144,0.9377532,1264.6216,70.50857,1749.648,516.5658,691.6837,578.137,0.0072697867,9.828262,763717.6,DICTIONARYBRUTEFORCE
20.736773,10.386446,77.03642,4290.53,0.09299004,0.027957633,0.044210076,0.18987043,0.5408322,-0.010027173,0.018867332,4.38398,0.3307973,0.5534449,0.33910754,0.05909592,0.056718078,0.117704056,-0.025494583,0.00034289435,0.14923154,-0.033172395,0.5227847,0.37407982,-0.042192455,0.061562404,0.020300832,0.0033790711,0.99638486,0.99409324,3726.7224,82.00998,287.8052,245.69852,64.02826,225.22488,0.00781518,9.608368,-10167.565,DICTIONARYBRUTEFORCE
23.781178,6.069932,100.61363,56263.906,0.20037606,0.20822082,-0.02501285,0.03129998,0.5614016,-0.06311894,-0.00986179,5.764079,1.8998176,1.1220316,-0.08577861,0.026965804,0.116933994,0.10826939,0.048760936,-0.010254918,0.11643059,-0.05016232,0.67212576,0.19565542,0.0074200165,0.06960229,-0.048997372,-0.005250266,0.95487833,0.945286,1488.9302,58.70741,125.983574,130.20528,32.611187,135.62424,0.011698591,5.4585037,712.5647,DICTIONARYBRUTEFORCE
29.98236,1.1834087,107.48584,6333.967,-0.0119011,0.05491885,-0.01555343,0.54296607,0.9357405,-0.007988318,-0.034665365,9.779881,0.898779,-0.07638393,0.096005425,0.03101607,0.50012255,0.07380038,0.0015577162,0.063022494,0.119862795,-0.031211007,0.9988113,-0.11577273,-0.008507233,0.105142586,6.5020286e-05,-0.036005348,0.9287038,0.9241641,1337.9243,61.0123,665.1907,146.47821,165.86615,189.81995,0.030859949,6.242462,75265.305,DICTIONARYBRUTEFORCE
22.967083,7.9579763,83.83337,-649.61523,-0.02532668,0.04874068,-0.0027049961,0.202403,0.620147,0.013540445,0.002731306,6.4421372,0.8703383,-0.36837515,-0.07165738,0.14897937,0.107630685,0.06726473,0.0063403277,-0.018714186,0.14710467,-0.004898417,0.67263275,0.2536979,0.014527792,0.112236895,0.017186642,-0.01671149,0.95516056,0.9340677,-3622.704,61.15049,541.5657,177.24825,198.26309,205.37247,0.009785978,10.740227,64719.574,DICTIONARYBRUTEFORCE
34.389877,2.9568558,58.674004,66764.91,0.026113953,0.38422778,-0.051919505,0.39954865,0.7685519,-0.046480916,0.0146748945,7.6536303,2.7698932,-0.064857535,-0.13955808,0.09529506,0.30047062,-0.0132630505,0.0134125445,0.015567784,0.16741541,0.016682364,1.0548766,-0.11174012,0.024972107,0.020088198,-0.024806168,-0.059681393,0.9842021,0.97675323,172.59131,65.25041,810.22504,365.70175,203.31863,443.4345,0.00879182,2.7396545,78325.93,DICTIONARYBRUTEFORCE
22.81395,7.207717,81.75194,-1280.7905,0.15924591,0.26714042,0.07894449,0.2396413,0.5193333,-0.038844973,-0.00079331454,5.5251355,2.799482,1.5910666,1.0799428,0.088417456,0.10559028,0.10556501,-0.019874752,-0.04986924,0.14833568,-0.017534606,0.72988003,0.21056293,0.060755383,0.033066835,-0.022166057,-0.008772508,0.9683987,0.9780197,1370.3599,59.529846,1353.6212,185.30786,343.69153,216.38873,0.012522882,9.858032,163233.3,DICTIONARYBRUTEFORCE
20.785923,5.9126606,105.673355,-4197.766,0.06318468,0.068538204,0.17369741,0.2848257,0.6034141,0.045619868,-0.05878076,4.807362,0.92953503,0.79466075,6.029305,-0.06600145,0.37948573,0.10452376,-0.036206715,0.010683717,0.14275226,-0.03566119,0.69976735,0.2611977,0.00080985716,0.12567808,0.011495346,-0.022191359,0.95658666,0.9788421,2501.1104,60.15789,335.74463,102.05354,95.37562,128.31209,0.027623855,7.693672,14430.124,DICTIONARYBRUTEFORCE
18.06172,9.643988,135.70764,-3017.433,0.07666274,0.09001708,0.004811329,0.14945987,0.42954138,0.025304243,-0.020351429,3.1799045,0.9082804,0.37106234,0.3869489,-0.120103255,0.40563184,0.12769613,0.0077350014,0.025323937,0.098070964,-0.055977065,0.52213824,0.43059513,-0.0018314645,0.017223304,0.011456841,0.030476652,0.97659284,0.9782218,3702.8962,58.478718,95.47005,72.810425,34.376724,72.64705,0.0141085405,12.085892,-8938.689,DICTIONARYBRUTEFORCE
22.477404,7.6616726,115.18062,6354.9375,0.021655526,0.0342728,-0.015684439,0.30800918,0.64978,-0.048070222,0.009589953,5.6515026,0.3076471,-0.0045545306,0.011918413,0.08089534,0.100383215,0.0692789,-0.020494873,0.020153204,0.15360373,-0.011123213,0.6314976,0.25338736,-0.01212414,0.035980597,0.05049558,-0.004127305,1.0204362,0.97478175,4593.119,59.62231,636.70264,207.45305,240.44946,207.07004,0.0063300068,7.6674576,93180.234,DICTIONARYBRUTEFORCE
32.605553,5.1819963,78.34428,2753.6282,0.2343984,0.20100139,0.06299957,0.0884483,0.79237217,-0.032062303,0.026300147,7.674597,2.6498156,6.2287636,-0.2115153,0.37874863,0.07806986,0.09641528,0.05417137,-0.042031143,0.18696332,-0.0072176983,0.9003945,0.06771872,0.03206348,-0.03159486,0.004247441,-0.0045350846,0.9696671,0.9538028,239.95459,67.303375,1008.40155,365.32263,438.50247,353.2448,0.0076916153,6.677559,263729.44,DICTIONARYBRUTEFORCE
22.434715,8.096254,67.733406,-1666.3374,0.06490201,0.008917437,-0.039926115,0.42525297,0.6197758,0.061810248,-0.009500824,4.7582855,0.13493033,0.5130534,0.16205214,-0.04178781,0.36855057,0.082009226,-0.021942277,0.023050722,0.14365849,-0.018032908,0.6402694,0.31879705,-0.018216873,0.041242246,0.022914056,-0.027037414,0.97949994,0.9956805,5277.372,62.878807,471.61716,181.84578,144.02011,227.04434,0.015482667,10.619904,29583.797,DICTIONARYBRUTEFORCE
30.01426,4.8232875,60.577885,2059.358,-0.046819218,0.0033329434,-0.0065617776,0.09494108,0.9057865,-0.0052399286,-0.006112575,6.9955673,0.07658957,-0.25886118,0.00073539093,0.068815604,0.6898824,0.0014060736,0.014605857,0.0023987144,0.11084482,-0.034042917,0.9923033,0.011218438,-0.025310636,0.035407636,0.017782304,0.001965249,0.9950867,0.96496946,15705.359,61.827118,1957.115,1135.9775,718.9575,1139.5079,0.005749761,12.4973755,659015.75,DICTIONARYBRUTEFORCE
23.450748,7.1410203,82.98476,111.59619,0.05391166,0.039450984,-0.0017907727,0.36146355,0.6876819,-0.0344858,-0.022203203,5.6380253,0.6443596,0.22885375,-0.015260927,0.10165165,0.051770307,0.06214393,0.008155684,0.01697367,0.16819732,0.017286934,0.67590505,0.23789543,0.003091935,0.07821365,0.044207085,-0.02917392,0.97036505,0.94061345,6907.6626,58.79928,552.07904,250.40866,235.79022,279.3972,0.013496852,4.5271454,85906.19,DICTIONARYBRUTEFORCE
32.371933,4.285744,79.919014,6144.1323,0.016002936,0.11527188,-0.0007645553,0.54269516,0.96555847,0.02057214,0.025134612,9.568931,1.0598639,-0.27655962,-0.13599297,0.039519478,0.5729425,0.016697176,-0.0060418947,0.021216542,0.08442998,-0.03661196,1.0540556,-0.07764985,0.0064637978,0.10572798,-0.051803604,0.0054221973,0.9575822,0.97755694,-7232.245,63.068283,917.67584,241.93112,331.57422,256.19165,0.009445217,3.6707993,138272.27,DICTIONARYBRUTEFORCE
21.545874,9.503454,123.67204,-1138.3916,0.04892069,0.168196,0.031192016,0.009107257,0.4588472,-0.02146802,0.005768768,4.657486,2.0081394,0.3686012,0.03443216,-0.014890403,0.23562801,0.15243794,0.031134142,-0.035763726,0.10450578,-0.034531124,0.57043564,0.39598447,-0.010950895,-0.00072945375,0.007184408,0.008599967,1.0286866,0.9905698,1351.6694,67.028046,631.9654,175.89896,217.22952,211.89917,0.009703808,10.953506,90555.836,DICTIONARYBRUTEFORCE
23.190363,8.116396,112.70333,-709.0869,0.0090941405,0.10925148,-0.014990457,0.23548841,0.6167864,-0.030283507,-0.004828912,5.4028563,1.0640063,-0.09171035,-0.08244881,-0.037634686,0.4344309,0.08219877,-0.009445952,0.03947769,0.13793224,-0.017929478,0.71870214,0.25745037,-0.013666638,0.009561443,-0.009419484,0.0038943812,1.0149798,0.9859121,205.73096,58.63869,282.3037,115.961914,91.79436,114.29237,0.007369314,9.324173,9641.057,DICTIONARYBRUTEFORCE
23.486507,7.9492283,93.809814,-1873.6074,0.030646116,0.004431084,0.021381361,0.23909564,0.7163136,-0.007232512,-0.015536198,7.3524218,0.2510797,0.42028624,0.5153871,-0.08484743,0.60761875,0.06493631,-0.00490346,0.013965342,0.0979553,-0.058082238,0.74445224,0.22864203,0.00475805,0.039184164,-0.02307089,-0.0040881243,1.0135913,0.982759,2614.1775,59.245766,383.35687,222.47398,121.59924,202.99716,0.0069701467,13.778915,9259.616,DICTIONARYBRUTEFORCE
31.58881,2.9240782,106.265915,-1530.4521,0.032058544,0.23085295,-0.017296907,0.44230482,0.7869927,-0.0035801472,-0.02685914,8.271622,2.3797135,0.2759458,-0.09969507,0.10756943,0.35932776,0.12058429,0.020916186,0.006925948,0.16860351,-0.018005911,0.9792703,0.011334823,0.01543013,0.011087145,-0.034854796,-0.0094242385,0.99685985,0.9898787,2862.7915,63.17586,1422.7855,253.09937,498.71274,273.50983,0.01605686,6.7963715,352800.78,DICTIONARYBRUTEFORCE
35.34249,1.8159661,78.71211,21418.572,0.06573151,0.20747314,-0.009197643,0.2138975,1.0080434,-0.05342335,0.028710082,11.008678,1.6852206,0.23744719,0.06799114,0.059976056,0.6215816,0.030220289,0.041664287,-0.0069679692,0.108349115,-0.020153776,1.1389114,-0.14134377,-0.006076533,0.064910896,-0.071271315,-0.002483502,0.94133943,0.9352734,-6233.9785,60.912952,810.18665,176.47183,300.57965,205.08221,0.011264391,0.020004272,139918.94,DICTIONARYBRUTEFORCE
25.219978,5.643481,146.32294,-897.6919,0.10068828,0.00039682165,0.07119502,0.21119535,0.75116044,-0.059883676,0.044740975,5.218374,-0.44119352,0.119036615,0.3656724,-0.044581987,0.47429162,0.07803787,-0.009057819,-0.015530927,0.12442168,-0.09111709,0.7397767,0.14440745,-0.05230475,0.04995603,0.01709864,0.03780305,1.0226663,0.96803373,2701.7463,66.54725,893.42773,290.88217,368.41257,240.28256,0.012715777,8.550644,187722.36,DICTIONARYBRUTEFORCE
19.916529,8.806919,85.88574,-1087.0464,0.027530186,0.12195802,0.033249766,0.090649985,0.4977256,0.035968192,-0.0030714623,3.6004763,1.3589455,0.05202118,0.80050737,-0.07922439,0.4345308,0.09310483,0.001048753,0.036645092,0.093671694,-0.09078857,0.5664771,0.387557,0.029516464,0.07212623,0.012793531,-0.020545397,0.91337615,0.9279735,-1867.7007,57.926914,-390.38806,-6.019348,-132.82846,6.264885,0.017014291,9.724976,-100136.586,DICTIONARYBRUTEFORCE
26.441254,5.1487665,124.77385,-726.605,0.012501133,0.1445042,0.048248105,0.075490914,0.7360618,0.004873316,0.013820481,6.6158085,1.366155,-0.13768914,0.11903987,0.0015130127,0.5122944,0.08659771,0.009652026,-0.0023721484,0.109287694,-0.016558362,0.85398,0.07963236,0.0030941027,0.037292592,0.014330188,0.03687462,0.9996137,0.97494304,996.4912,61.313126,1036.1323,221.48387,376.59402,234.82889,0.009291731,10.220993,191892.56,DICTIONARYBRUTEFORCE
26.736942,4.8282633,72.525894,-1312.8276,0.046712086,0.1316639,0.15818244,0.120819785,0.76849055,0.06396283,-0.012218478,6.8086357,1.3663416,-0.022723423,2.94126,-0.117584996,0.69548124,0.041329604,0.01710103,-0.018180972,0.11426519,-0.05739458,0.87590575,0.06561392,-6.7714136e-05,0.093652025,0.008256453,0.004620729,0.9688494,0.95860666,959.10645,61.970173,335.44513,213.59741,121.80738,239.57376,0.013346677,7.610466,37568.887,DICTIONARYBRUTEFORCE
30.033731,3.749831,111.96251,-1268.8833,0.02572096,0.20398282,0.0059204875,0.19935024,0.8110504,0.09082736,-0.01343836,6.401806,1.7313287,-0.101408586,0.32439578,0.098087996,0.37597525,0.065103516,-0.05291691,0.09649277,0.094585754,-0.058210246,0.9128455,0.005419749,0.023472711,0.025983378,0.01995966,-0.01206614,0.94854623,0.9842857,1152.2031,70.97303,-121.83035,106.19538,-42.753773,132.14868,0.024134615,1.5883484,-40432.008,DICTIONARYBRUTEFORCE
18.9786,10.626804,91.4618,3962.4504,0.06485828,0.000119023025,-0.007527874,0.023900101,0.44201195,0.0014100381,-0.0027781236,3.274167,-0.14817423,0.093450725,0.017006095,-0.1408462,0.4678057,0.12833954,0.012841875,0.017417725,0.099692486,-0.023774805,0.41973874,0.5414348,-0.028724743,0.067382485,0.029781664,0.010685985,1.0172324,0.9542359,509.16504,62.348743,224.37083,219.65936,78.05063,211.6855,0.014836725,7.8889008,7345.765,DICTIONARYBRUTEFORCE
21.923191,4.8645725,60.852806,-1100.7695,0.059648097,0.015884181,0.10782218,0.19355479,0.64108235,0.045100905,0.013779283,4.298058,0.13764618,0.6969083,3.3711095,0.10248655,0.29704475,0.06149361,-0.041293286,-0.011747651,0.13447082,-0.018770104,0.7134245,0.17168975,-0.04250922,0.14327985,0.021436736,-0.048329376,0.93314964,0.93430096,4471.7285,59.61391,464.89722,137.29874,160.04199,144.69843,0.01986307,17.049408,60163.65,DICTIONARYBRUTEFORCE
29.634686,6.2980504,91.67447,8546.661,0.0150807835,0.37139225,-0.019016858,0.008163827,0.49620056,0.0005952554,-0.050279446,3.0747705,3.4723778,-0.09711595,0.113396555,-0.00021800399,0.43403777,0.16617356,0.075558424,0.062804274,0.11631784,-0.04591992,0.75695807,0.18014418,0.0033936114,0.012366605,0.02083244,0.043145947,0.98949975,0.96536666,-252.38086,79.91301,36.54048,177.20833,-7.3993244,229.75168,0.017845206,-2.1725082,-11604.923,DICTIONARYBRUTEFORCE
25.115555,7.069522,119.98314,-414.7881,-0.030544646,0.11083682,0.017494991,0.029969675,0.6530293,0.00837637,0.015212149,6.428722,1.3500829,-0.14699307,0.1183635,0.025180487,0.3665297,0.11415842,0.049312893,0.027786497,0.09516121,-0.04744906,0.76099783,0.20917745,0.01814071,0.059141576,8.838251e-05,0.01014531,0.9610645,0.9372546,-4985.215,63.10392,62.539932,43.466167,16.377113,50.50142,0.010272497,7.5264435,-10067.075,DICTIONARYBRUTEFORCE
25.743103,7.9018736,96.535034,-105.197266,0.034996014,0.05855524,-0.007371095,0.09204251,0.698201,0.0027025635,0.0064903544,6.0329995,0.63348615,0.28204384,-0.051782425,-0.0061254576,0.6104707,0.070761815,0.004833052,0.009372592,0.08056871,-0.027629469,0.7480864,0.22455397,0.000101344194,0.011932832,0.0003787456,-0.008165565,1.0113235,0.98249966,2852.6091,64.84194,1141.2969,373.27307,435.703,387.47424,0.009388871,10.86692,212195.33,DICTIONARYBRUTEFORCE
31.268967,3.6215904,109.609665,1000.3091,0.061137393,0.093677215,0.014893187,0.39440027,0.9472711,-0.008481309,0.0058956025,13.467316,0.9411805,0.098427676,-0.0049855188,0.1510367,0.36058214,0.056069348,0.016815217,0.010218745,0.115547515,-0.011832476,1.02829,-0.047901,-0.006996343,0.056664735,-0.049362145,0.002447823,0.9661835,0.93987864,-614.0088,60.81179,1167.6681,194.50505,420.85297,192.25604,0.008295791,9.515701,245652.64,DICTIONARYBRUTEFORCE
26.418043,5.49093,100.25371,9717.829,0.14839464,0.010331956,-0.047523122,0.20395175,0.8340184,-0.0825101,-0.028291402,7.4882045,-0.059394646,3.4594512,0.14698306,0.14370799,0.17968526,0.018015891,0.048269495,0.034634925,0.12865278,0.00847883,0.756609,0.12019281,0.006084824,0.04067845,-0.008307559,-0.064881064,0.95569146,0.97222155,2531.7178,59.72968,63.37297,107.36477,19.015821,126.88652,0.013319284,5.088318,-20644.309,DICTIONARYBRUTEFORCE
26.135933,7.9510884,75.752266,-7175.0396,0.068800695,0.23637477,0.0033776183,0.61444837,0.62480503,0.021225546,-0.0627608,5.612332,2.5533805,0.67308927,0.46082056,-0.18424499,0.3876094,0.067022935,-0.04655873,-0.016054992,0.162594,-0.06299126,0.81881666,0.25780767,-0.0050099357,-0.018706314,0.0027982658,0.014398068,1.0280708,1.0083022,-207.15332,67.79631,555.7169,206.02267,137.24667,211.76567,0.0062068687,5.80455,9688.401,DICTIONARYBRUTEFORCE
25.09782,6.9015965,69.60965,-1608.043,0.025479682,0.030865757,0.0012403145,0.24593985,0.6921804,0.03159465,0.024855293,6.731251,0.43933168,-0.12135607,-0.08546807,-0.08558091,0.59248763,0.08297187,0.018185232,0.036658756,0.087405965,-0.020156298,0.75509363,0.22015564,-0.017390082,0.073478505,-0.0045301067,-0.007867877,0.9824999,0.9448312,-642.3301,64.65458,140.28719,55.285717,48.103447,55.553833,0.00972647,13.619186,-4884.782,DICTIONARYBRUTEFORCE
26.359676,5.467531,115.49338,986.8755,0.1521005,0.23175454,0.007290367,0.4061225,0.6624916,-0.041137654,-0.0050697383,5.852652,1.8387165,1.3180996,0.09485477,0.04281126,0.3099786,0.10107911,0.018063897,-0.046752796,0.1374203,-0.042519413,0.839305,0.110858284,0.03426189,0.0021881587,-0.025878659,0.012497929,0.99136335,0.9742727,4687.7637,60.143288,1053.8556,225.95175,346.75235,252.70117,0.010674985,8.5071335,207613.34,DICTIONARYBRUTEFORCE
24.640408,5.7660146,117.08667,2485.0522,0.126565,0.15834548,0.041837934,0.1941022,0.61568975,-0.03682878,-0.036505215,4.8251615,1.1155766,0.2879342,0.052707642,-0.021989364,0.30409446,0.17023185,0.04029096,-0.020973438,0.14247325,-0.051261283,0.7081435,0.20506313,-0.022697354,0.081137754,-0.01055573,-0.0017206557,0.94359624,0.91536945,2298.8875,58.850876,1459.4233,306.19608,557.0432,383.19894,0.026953965,3.4484024,441960.72,DICTIONARYBRUTEFORCE
24.602957,6.9921155,97.924286,-5823.0063,0.040270332,0.01387901,0.02206739,0.18536133,0.7533975,0.018054105,0.004355258,8.177195,0.21071775,0.63776517,0.09030905,0.0062121404,0.36709866,0.077835865,0.009182956,0.06295341,0.08218615,0.0034067035,0.7651726,0.21772446,-0.0104249455,0.017605845,-0.027328655,-0.035399728,0.9753351,0.9672321,-3452.0996,61.532845,231.93565,40.950954,70.33967,27.106575,0.007155919,13.269165,-5773.747,DICTIONARYBRUTEFORCE
28.643478,5.4810915,80.93387,2811.8167,0.021330092,0.038398936,0.034887478,0.27716258,0.8753605,0.0033925618,0.011799099,9.637394,0.5288258,-0.10688083,0.006125085,-0.054651536,0.76584345,-0.004797918,0.0073384815,0.0434189,0.054980613,-0.030588096,0.9524749,0.0100549,-0.0074094646,0.10756974,-0.05425314,-0.024476264,0.9555943,0.9504785,-1267.2935,60.719063,115.31158,62.15478,59.44833,85.270935,0.012697884,13.699287,-9653.575,DICTIONARYBRUTEFORCE
27.512672,6.86024,68.90261,32161.45,0.039867222,0.4346485,-0.0653849,0.38125527,0.46642205,0.06507117,-0.008666284,5.104192,3.8147326,0.2856452,-0.13727102,0.024946846,0.081142455,0.02566842,-0.01627538,0.013530666,0.20268826,0.010524326,0.8238037,0.1527656,0.029519925,0.006054201,0.027347255,-0.021296155,1.0323842,1.0308862,804.4624,61.42784,383.81488,137.04915,97.37999,164.94272,0.005099384,2.7781982,12896.941,DICTIONARYBRUTEFORCE
25.302324,5.7557845,79.68377,-983.96875,0.024723701,0.08525611,0.05755549,0.16522203,0.7438382,0.015368896,0.019071637,7.2270784,1.1119685,-0.013484832,0.26415795,0.19019194,0.05322632,0.05423611,0.012491037,0.040236875,0.1375804,0.009575723,0.81096697,0.104806535,-0.02128537,0.055473704,0.007628919,-0.022146199,0.9690756,0.9425976,-1205.8105,61.993675,267.38312,50.2646,104.97651,79.14952,0.0083090905,11.962402,19704.514,DICTIONARYBRUTEFORCE
19.58447,8.2543125,89.913574,-2729.6997,0.03941066,0.024965169,0.0030011218,0.28154173,0.55048275,0.020744126,0.015648242,5.1089106,0.38198864,0.05332813,-0.010332483,0.012174068,0.29596803,0.10981738,0.0039182836,0.032032743,0.11279754,-0.02730162,0.6169951,0.3390782,0.0017027208,0.05274556,0.0051464234,-0.017359633,0.9782578,0.9520641,1810.4658,59.18057,927.67084,228.09152,311.52695,236.17459,0.01318879,13.0937805,128687.34,DICTIONARYBRUTEFORCE
30.878109,4.935536,115.144745,-928.71826,-0.0032343064,0.10013169,-0.018518535,0.3960205,0.89179796,-0.012546234,0.0006875815,9.013798,1.5819144,0.09344724,0.07323621,0.004474679,0.51446724,0.08319207,-0.021497905,0.0007330021,0.13930975,-0.04497424,0.90455186,0.047566634,0.0006684754,0.0068535726,0.0068498543,0.018236041,1.0008256,0.9992103,1748.1094,72.827156,1221.2885,393.95428,422.2529,413.19574,0.013672703,6.0604553,209780.69,DICTIONARYBRUTEFORCE
32.731304,0.26793623,64.81795,4902.406,0.1298173,0.04905462,0.07109421,0.02479421,1.109969,-0.0004253257,0.023559604,13.759338,1.05027,1.3621309,-0.1513473,-0.008939536,0.66162825,-0.01231824,-0.0033819303,-0.034537237,0.16687693,0.0081640985,1.0620747,-0.17907731,0.06070647,0.13476057,-0.016793055,-0.060234737,0.9225849,0.89059764,-10494.0625,61.59899,141.34636,-45.234825,34.71097,-17.306374,0.010798314,-0.93997955,27192.441,DICTIONARYBRUTEFORCE
28.236795,5.0180926,76.6391,12249.462,0.08153051,0.18815242,-0.017929597,0.27698174,0.73967856,-0.043972045,-0.00089902664,6.8902335,1.7537909,0.38045555,-0.08589997,0.07350742,0.33676755,0.072483316,0.03518358,0.018661952,0.12530085,-0.027461842,0.88849133,0.039237052,0.016353201,0.033172466,-0.009483252,-0.03569981,0.9676724,0.98079693,-1782.5186,58.63638,246.62671,83.02199,64.22131,84.01206,0.006105409,8.492371,-1927.551,DICTIONARYBRUTEFORCE
14.336279,12.470115,105.82776,2885.8647,0.056490786,0.08875386,0.013329081,0.22880177,0.27801555,0.027628068,-0.024213731,2.606163,0.72196555,0.07674276,0.18817373,-0.025525749,0.045341328,0.14384575,-0.015197011,0.038431812,0.113150835,-0.06878921,0.34848285,0.58422494,-0.0049223285,0.04524967,0.0015859678,0.020255882,0.9920555,0.99871564,3073.802,59.50912,276.36066,176.7561,76.20509,180.7083,0.009570177,7.4272156,-2267.4426,DICTIONARYBRUTEFORCE
25.726845,6.2025213,97.159775,1834.258,0.039589174,0.13025872,-0.005344888,0.215506,0.6813739,-0.022749072,0.023852017,6.0680523,0.9932143,-0.09712896,0.017145943,-0.04661661,0.582428,0.067028835,0.0036133826,0.020294067,0.09938343,-0.032675106,0.7994193,0.13195135,-0.024304472,0.060960945,-0.024183135,-0.0063474104,1.0022453,0.9525591,524.27637,60.128944,581.6594,112.15708,202.62198,131.90967,0.011799099,7.933296,92753.59,DICTIONARYBRUTEFORCE
24.899418,7.4531703,100.90892,288.2251,0.09057051,0.21180919,0.025975123,0.18538503,0.58994895,0.009108051,0.021270338,4.894726,1.8914938,1.195158,0.027917642,-0.0416377,0.45688692,0.083193615,0.02773397,-0.023235139,0.10473606,-0.042831928,0.7532476,0.20800553,0.018768514,-0.00079932506,-0.019302301,-0.0072798687,1.0205636,1.0045327,-1597.6587,60.803608,334.36182,53.01095,90.42217,87.21392,0.00500378,11.742043,14614.156,DICTIONARYBRUTEFORCE
30.252987,5.042225,76.63026,64445.312,0.100404926,-0.022374207,-0.006650402,0.08197943,0.9023181,-0.03100406,-0.026360063,9.1118965,-0.68035555,1.8909938,-0.0042218342,-0.20718558,1.0516768,0.018226165,0.020676069,-0.020352703,0.1413563,-0.0072790445,0.8569122,0.07755332,0.02456614,0.07637687,-0.0018464262,-0.027362278,1.0364022,1.000781,-1732.2114,62.691666,12.978348,-8.595863,19.633411,-8.27459,0.010604453,11.47953,5001.117,DICTIONARYBRUTEFORCE
23.90873,7.479026,102.801476,5257.124,-0.014077395,0.12246783,0.021310447,-0.0062537356,0.58610463,0.019657083,0.047470756,4.544235,0.6930408,-0.1140098,0.076506704,-0.04418535,0.517775,0.08822857,0.03526199,-0.00080434605,0.071502924,0.019650768,0.7263231,0.2179337,0.00361969,0.054709285,0.027874978,0.014776465,0.9832054,0.9622939,15.413574,62.16316,61.766205,32.512833,35.401077,34.435925,0.005516706,11.634377,7873.863,DICTIONARYBRUTEFORCE
23.252604,7.105277,64.16101,-1718.9243,0.033332676,0.003473938,0.027943965,-0.006056335,0.6964132,-0.0206534,0.02086628,6.992347,0.507563,-0.10121069,0.22117403,-0.025810739,0.49016234,0.06278654,0.026981244,0.0074560936,0.0584493,-0.067726515,0.7231634,0.2075928,-0.0072879163,0.118517,-0.026407592,0.01231749,0.9713301,0.91474515,-1441.7256,60.428627,275.22626,223.38376,93.33478,200.42615,0.008072522,11.991188,12140.401,DICTIONARYBRUTEFORCE
23.90113,6.2897325,82.368515,451.13257,0.026943244,0.026869154,-0.0021288544,0.3806427,0.6693315,0.015899774,0.016247557,6.5973797,0.41383237,-0.14605242,-0.0616235,0.044215925,0.2582922,0.06269217,-0.010772468,0.03477591,0.14007741,-0.0050361175,0.7325497,0.21731316,-0.020432454,0.06634667,-0.0010553608,-0.029353144,0.9590637,0.94340605,-1751.0176,60.012657,534.7919,128.71536,149.28864,158.16618,0.014529926,10.857803,27851.992,DICTIONARYBRUTEFORCE
20.263151,8.095573,102.9912,-1918.9507,0.08151799,0.0029071735,0.007482343,0.2942089,0.60686445,-0.030829499,0.012101639,5.651773,-0.13882878,1.7395399,0.27477115,0.098888345,0.12680028,0.07643627,0.014269641,0.033739004,0.0992097,-0.026515136,0.6317433,0.30162987,0.00046700705,0.03426211,-0.009354957,-0.037612863,0.9899111,0.9833392,4219.697,59.03426,440.39624,149.1338,126.205444,146.88475,0.008952146,15.451279,20052.209,DICTIONARYBRUTEFORCE
28.857197,5.059962,108.31671,2607.0476,0.016889062,0.00648874,0.010713591,0.3076317,0.8713436,-0.040402226,-0.01844848,8.529006,-0.13436766,-0.03515511,-0.07204673,0.13012555,0.34623408,0.050205085,0.047095947,0.037385408,0.13086876,-0.0029428722,0.9336873,0.048245702,-0.008957226,0.026971491,-0.0108175995,-0.018661976,1.0026335,0.96155065,7651.574,61.646683,2032.379,543.63275,786.86127,521.8195,0.0087268585,11.842155,765615.7,DICTIONARYBRUTEFORCE
39.444588,2.3818097,70.79161,4204.9355,0.023129722,0.12166192,0.043311164,0.40936357,1.128814,-0.009451578,-0.007698562,14.245333,1.565454,-0.1537151,0.092635885,-0.079096705,0.87518084,0.021990575,-0.026049446,0.036380947,0.12941381,-0.018321294,1.1927674,-0.1758933,0.029069373,0.10395767,-0.08100036,0.11951667,1.0118989,0.9651458,1171.3506,65.315735,2719.791,448.01273,848.6942,493.73047,0.008290319,3.9146118,870814.7,DICTIONARYBRUTEFORCE
24.299303,6.71189,114.43736,-3515.1904,0.059505086,0.08777303,-0.013858406,0.40225512,0.69791675,-0.024135988,-0.023659013,7.112905,1.1225027,0.91965646,0.11892155,-0.024076102,0.34908304,0.10134206,-0.04546553,0.0012535835,0.13098907,-0.029717594,0.71926403,0.2141432,-0.01318768,0.03053026,-0.016676962,0.007737204,0.9997541,0.9762996,1292.2471,61.11874,551.0074,83.8771,148.92502,79.51602,0.015676986,8.636528,20011.236,DICTIONARYBRUTEFORCE
24.451178,6.7280273,117.72439,94.60449,0.080915555,0.0021823226,0.020478161,0.15845491,0.7405852,-0.023647416,0.0227242,7.4090996,-0.12174375,0.5474465,0.5113032,-0.008225603,0.5551545,0.07857554,0.012578698,-0.010965065,0.08455923,-0.08385699,0.7909385,0.16114554,0.0059251837,0.080617785,-0.02221561,0.012441593,1.0131131,0.95309496,-44.385742,60.14495,246.34497,62.192703,73.68289,44.11142,0.0071830177,12.915024,-113.61954,DICTIONARYBRUTEFORCE
35.162697,4.976034,97.979675,1408.7717,0.0006524101,0.1569867,-0.023884501,0.4325535,0.93009657,-0.0006770808,0.005765555,8.27889,1.4669336,-0.23214033,-0.0031172484,-0.07133984,0.8682213,0.03687519,-0.013537297,0.03844826,0.10274421,-0.045613267,1.0732067,-0.068842806,0.0032403367,0.016519284,-0.04533016,0.013659585,1.0304997,1.0230343,-2612.5234,73.89469,492.9298,195.03336,148.24368,206.84138,0.0076602483,8.481171,35410.098,DICTIONARYBRUTEFORCE
25.602455,4.8771267,79.28982,-4169.5933,0.10120198,-0.034912784,0.055960596,0.077234395,0.98880565,-0.03923562,0.06149357,13.371981,-0.14426981,0.57117647,0.7428256,-0.17036706,0.42949668,-0.07275119,-0.06837498,-0.048393384,0.24824195,0.068405956,0.8244077,0.018512113,0.04035052,0.110677965,0.08219599,-0.0049580634,0.8858849,0.9065703,-10756.361,58.967884,-446.12537,-26.798874,-105.093636,19.88076,0.01567362,-1.9078674,-70565.74,DICTIONARYBRUTEFORCE
27.437275,5.098906,102.17217,2147.832,0.04654637,0.21480837,-0.011328059,0.44093975,0.66109246,0.014368091,-0.030126488,6.8531423,1.8272364,-0.20488074,0.02227474,0.072674856,0.19257478,0.07364532,-0.00017429236,0.04768228,0.12624213,-0.055572543,0.83035135,0.0725566,-0.0059161372,0.08186209,0.006167651,-0.015550103,0.9453646,0.92800474,1368.521,60.398666,233.94371,139.28053,45.390556,208.7674,0.026917953,5.0641556,13346.2,DICTIONARYBRUTEFORCE
23.379206,5.7026434,48.87249,13020.117,0.03477626,-0.0085623935,-0.0008587609,0.057534017,0.6743656,0.0016343716,0.011905377,5.1637006,-0.34188566,-0.01132613,-0.056209173,-0.011008423,0.5644211,0.04265453,-0.017521763,0.021579064,0.09889313,-0.0033643749,0.6680784,0.16183437,-0.035165675,0.19671097,0.0116032725,-0.036228593,0.9193663,0.85589385,-1366.0864,60.04256,558.7217,170.03415,174.65161,160.2186,0.017531171,7.102852,78238.91,DICTIONARYBRUTEFORCE
22.70409,8.056929,102.495605,37.663574,0.106910646,0.009432395,-0.023325833,0.3205231,0.6602657,0.004542778,-0.0032375334,6.243424,-0.1328389,0.63188815,0.20959376,-0.04547391,0.32973644,0.0927391,-0.005626944,0.015367643,0.12695725,-0.02688937,0.6551786,0.30794537,0.0059220847,0.04599085,-0.041891403,0.007900809,1.0040683,0.98711616,127.083496,62.269985,417.81317,116.83149,89.180756,121.46042,0.012599899,7.6816025,13274.259,DICTIONARYBRUTEFORCE
22.425247,8.605311,85.79763,-4861.5396,0.049507886,0.13502975,0.01990325,0.20754866,0.47389078,0.04194592,0.005760826,4.735032,1.3772143,0.20747024,-0.06086627,0.0046382286,0.3100587,0.14289013,-0.0018673763,0.0328449,0.113053314,-0.020169202,0.5973557,0.36318922,-0.015112086,0.037805285,-0.021350302,-0.035057854,0.9870973,0.9767007,-2616.1182,66.8098,401.411,113.585686,135.18747,117.37652,0.015052154,14.142372,29088.33,DICTIONARYBRUTEFORCE
29.887527,5.0863523,101.31657,-589.0913,-0.0023353565,0.006990598,0.04817335,0.062526025,0.96473247,-0.031107312,0.010656988,14.374342,0.16822582,0.07872678,-0.020575274,0.07237476,0.5525933,0.05253832,0.013363478,0.001603975,0.112867124,-0.0037764478,0.99084204,0.011482323,0.022301981,0.03370199,-0.043844692,-0.013005415,0.98250103,0.93406624,-2413.7217,63.99544,941.1737,230.14056,377.67932,247.82355,0.004821055,13.399544,179655.81,DICTIONARYBRUTEFORCE
26.38852,8.158772,82.837364,33173.78,0.108874545,-0.0010552405,0.03890197,0.17979062,0.7708274,0.003883,0.024557358,8.211166,0.20626393,1.0597005,0.06601707,-0.124616764,0.5916797,0.050236728,-0.028968018,-0.03214494,0.12944436,-0.100009255,0.7461069,0.20494963,0.0047763367,0.04206205,-0.020228785,0.011741714,1.0537988,1.0389938,195.90625,61.39268,679.4365,259.11536,207.57318,223.09547,0.0032453923,11.091507,66033.61,DICTIONARYBRUTEFORCE
20.951443,9.389683,92.0954,-983.58496,0.004179366,0.04303616,0.011598462,0.08547299,0.55993354,-0.0065912036,-0.008982575,5.4173746,0.695414,-0.09644033,0.017015036,-0.022414938,0.37924823,0.10421391,0.008390624,0.04104206,0.08984431,-0.047181997,0.59812164,0.34083274,0.005536501,0.06705828,-0.015538727,-0.007944693,0.98344994,0.94051695,-1928.8496,59.057873,66.382614,54.982265,29.85128,50.83137,0.010454447,13.235443,-15211.449,DICTIONARYBRUTEFORCE
25.365805,6.5456505,61.179504,101378.414,0.060538657,-0.0051051527,0.028145052,0.13440685,0.748992,-0.018863682,-0.017428698,6.4701853,-0.075746015,0.16745225,-0.06560777,-0.11719705,0.53182036,0.07027497,0.032223567,0.0002754014,0.105965,-0.07547126,0.69498026,0.22352807,-0.032660723,0.14219931,-0.0510063,-0.019252751,0.9807412,0.9240756,-2676.504,58.96885,698.4065,188.18701,266.5181,217.367,0.009068307,13.497559,144979.38,DICTIONARYBRUTEFORCE
24.9752,4.245841,76.03055,75450.9,0.076874815,0.012082616,0.023939254,0.3636036,0.7587411,-0.05222675,-0.027264386,6.4084406,0.17179383,0.28380302,-0.1522573,-0.11892517,0.5053131,0.07592787,-0.020137716,-0.006134617,0.14946702,-0.098888345,0.76123375,0.15189028,0.016714308,0.10690771,-0.09227696,-0.040590793,0.99115306,0.9550277,4366.399,61.71124,627.3439,422.51077,111.07871,506.0465,0.021763653,11.605537,6722.632,DICTIONARYBRUTEFORCE
20.737007,8.286314,113.97394,-173.6626,0.044762496,0.019958455,0.021507619,0.055578817,0.58287936,0.0143081,-0.009934705,4.810871,0.14849646,0.102575265,0.14949732,-0.027558796,0.36148795,0.085780844,0.0054777088,0.027366428,0.055751026,-0.051563602,0.6127115,0.32491183,0.04777565,0.090697296,-0.006281105,-0.036717314,0.9598827,0.92437637,-594.73096,60.654762,191.00499,95.20865,90.98666,123.08954,0.015064418,9.188484,-2196.373,DICTIONARYBRUTEFORCE
23.660114,7.2284546,101.34378,30528.502,0.04377952,0.018340427,0.025100779,0.061929036,0.6908986,-0.010607658,0.036061287,5.54674,-0.11320986,0.014091132,-0.020825353,0.008409719,0.45386752,0.042750407,-0.00073484145,-0.017509926,0.11596532,-0.03526008,0.7373507,0.18143305,-0.011807908,0.024630424,0.010151485,-0.007641641,1.0321133,1.0124903,1724.8276,59.75113,389.06464,184.4336,152.39725,182.113,0.0014793493,14.988457,57415.55,DICTIONARYBRUTEFORCE
27.469803,7.483037,99.97633,50.211914,0.0526413,0.16180693,-0.0035857153,0.07167734,0.60482955,-0.009030876,-0.00910511,6.441513,2.2031689,0.3565586,-0.08024048,0.045056745,0.38093886,0.14520085,-0.027231008,-0.044456437,0.14983957,-0.027480736,0.71327907,0.27041245,0.01881669,0.025352519,-0.0003721565,0.007123844,1.0352266,1.0207089,1173.8643,79.27852,1273.8245,381.5752,469.234,393.5895,0.0100030815,9.504028,268851.1,DICTIONARYBRUTEFORCE
24.99488,7.988692,55.287506,2145.2124,-0.028008847,0.32904297,-0.021314915,0.18773162,0.35999414,0.0089895455,-0.010567913,-0.6328509,2.546825,0.07738602,-0.12623401,-0.0030480605,0.11351106,0.06780036,0.027339272,0.062054165,0.10031525,-0.019721802,0.67274994,0.25667596,-0.044533256,0.04603814,0.0014565885,0.016072692,0.96239734,0.9100482,-1895.2012,138.07397,730.4155,368.23685,170.16318,413.38397,0.012283595,2.4812546,76227.66,DICTIONARYBRUTEFORCE
26.078598,3.8353891,94.83452,3306.6514,0.076729424,0.22067223,0.020637654,0.45572463,0.64498097,0.005866718,-0.017261084,6.2710066,1.8271314,0.029349828,0.06874833,0.16256934,0.029734729,0.098487556,-0.010091382,0.014859421,0.12042022,-0.0734409,0.85233027,0.0757061,-0.0088616,0.02905525,0.027857414,0.0105753625,0.9385234,0.951067,-106.49121,60.653896,572.304,138.60272,145.92108,177.15475,0.017365053,3.727066,36003.777,DICTIONARYBRUTEFORCE
25.942997,6.1424656,92.67349,2839.454,0.06437869,0.1741783,0.021450156,0.100746706,0.6403633,-0.028182158,0.011623245,6.142834,1.7651608,0.05282943,0.15235727,0.19800028,0.050106566,0.11322047,0.011416282,0.04800756,0.11585838,-0.026859619,0.76755744,0.12739229,-0.008306614,0.07984722,0.0013757218,-0.0476771,0.92947364,0.9170423,-2111.3843,61.755615,84.72684,63.303864,38.491795,105.85762,0.016369699,6.6980743,-7969.2397,DICTIONARYBRUTEFORCE
26.821095,5.1157913,123.537735,-963.79443,0.00022482127,0.10512922,-0.02921781,0.5660195,0.84985214,-0.03191986,-0.025778571,10.124394,1.6222236,0.14674039,0.115733415,0.09172122,0.24307643,0.06018184,-0.026592279,0.036516126,0.14281908,-0.083869874,0.92855453,0.06083768,0.035863478,0.037427597,-0.016658336,0.02039126,0.9703512,0.9592241,1626.1372,57.866676,614.7251,137.61806,181.13547,161.42297,0.01202528,4.4389114,22129.795,DICTIONARYBRUTEFORCE
35.85461,3.2459767,85.725815,4804.383,0.01689018,0.15814973,-0.0273788,0.4157426,0.9400005,-0.011608986,0.041926395,8.376294,1.2564526,0.005114302,-0.025902655,0.16191559,0.5189499,0.06522404,-0.0062259566,0.031754494,0.14252356,-0.0068323826,1.1070125,-0.10209702,-0.006075912,0.00087407883,-0.037568107,0.021473128,1.0165606,0.9842714,-597.9336,66.49289,1338.4235,364.37433,505.66306,396.20563,0.005604979,6.6423492,343501.72,DICTIONARYBRUTEFORCE
21.638998,8.918467,100.430115,-1898.4365,0.034322295,0.12953584,0.0038712355,0.21093325,0.5373813,0.016558604,-0.026093742,4.3872576,1.2826982,0.59733385,0.34753287,-0.074368,0.49894735,0.0983023,-0.0010131765,0.0297183,0.14251758,-0.059974626,0.6464421,0.32180208,0.00051653245,0.033408027,-0.0040884875,0.00011482276,0.9899139,0.9563104,3128.095,58.027336,38.391495,59.343246,15.458255,101.6776,0.012641913,10.474899,-32434.605,DICTIONARYBRUTEFORCE
21.888594,8.967376,75.308304,3288.5303,0.11013598,0.156714,0.008445232,-0.011706746,0.44040948,-0.017574714,-0.0062407437,3.4212518,1.6816351,0.46623552,0.0664658,0.124544665,0.038110122,0.14023247,0.022548007,0.007573375,0.11132515,-0.03545922,0.5772164,0.34761134,0.007241049,0.076667376,-0.013045099,-0.0071148104,0.9498655,0.9293435,-596.8843,60.524384,144.84875,81.042114,37.308598,98.18526,0.014479675,10.279419,-2526.6018,DICTIONARYBRUTEFORCE
18.630978,10.941196,75.348206,-2202.1309,0.104071416,0.16492227,0.019158827,0.037257265,0.35683823,-0.010738663,-0.01144169,3.9506505,2.667005,0.67817676,0.114271425,-0.07313327,0.1946109,0.1667227,-0.0014116568,-0.026868058,0.13802952,-0.068052545,0.44666982,0.5137401,0.0048441417,0.09194052,0.0037561683,0.0056483597,0.9608952,0.9492028,-1101.544,59.513943,380.4615,142.09482,109.98915,163.96375,0.01333105,5.881111,7481.591,DICTIONARYBRUTEFORCE
20.846352,9.776693,57.25232,7133.005,-0.011283335,0.0010829641,-0.022932008,0.14457195,0.4503273,0.033874236,-0.012978431,4.227079,-0.4471529,-0.021536322,-0.06800385,-0.046448313,0.27962884,0.045582015,0.008037006,0.032757364,0.14621332,0.038615152,0.4655641,0.4755778,-0.021930829,0.06810966,-0.011492645,-0.013052084,1.0340692,0.98236454,-3279.1318,65.97623,644.62555,118.53076,236.32507,134.92627,0.005061098,13.910454,107419.055,DICTIONARYBRUTEFORCE
19.964941,9.014912,125.29201,17877.447,0.10971373,0.17031696,0.123739526,0.26927826,0.55282354,-0.07800615,-0.04118335,2.5309055,1.161161,0.04209598,0.3787669,-0.11359274,0.07372018,0.13585052,-0.033175595,-0.013370879,0.1441495,-0.037073612,0.6310243,0.25326926,0.034567874,-0.05609257,0.03334238,-0.026317315,0.96433824,1.0234872,620.0249,66.49113,153.34781,231.97171,38.81727,222.17416,0.013446649,-1.0773621,-8116.0776,DICTIONARYBRUTEFORCE
26.885992,5.896418,97.34085,-2392.6465,-0.024847386,0.16398765,0.05118931,0.13180363,0.72419304,0.0033520274,-0.0021375204,6.991261,1.6130513,-0.11336462,0.12482009,-0.055568237,0.6342425,0.10007022,0.0069374125,0.017886572,0.0830206,-0.032508932,0.8661397,0.113259606,-0.0008410122,0.039203804,-0.0077808877,0.0119447,0.9912783,0.9423193,809.34814,64.093285,806.823,245.76035,333.72723,270.04437,0.00971142,11.292007,153492.38,DICTIONARYBRUTEFORCE
23.654076,5.403416,101.85681,-1328.7358,0.026094383,0.0030225085,0.026359277,0.32728177,0.78587407,-0.009915219,0.00080219936,10.203155,0.1912987,0.051654518,0.085937455,0.1556339,0.10749423,0.04452959,-0.002691811,0.02271188,0.12108651,-0.03161983,0.80620867,0.10165278,0.0029528816,0.07141018,-0.04047516,-0.04276193,0.97106457,0.9284066,-837.84766,58.803875,855.7596,105.607765,210.12436,109.256294,0.013439042,11.146164,62866.58,DICTIONARYBRUTEFORCE
29.65378,7.301565,72.49893,3285.4795,0.084010854,0.08939851,0.048641875,0.006810644,0.8935694,-0.0533911,0.012974853,8.794075,3.2910357,1.3636864,0.66158503,-0.2618298,1.0394001,-0.026728379,-0.024354097,-0.07744631,0.10730189,-0.054217394,0.95912963,0.060830828,0.008547508,-0.019526124,-0.05228538,-0.020917684,1.0340834,1.046049,2641.7488,60.242207,1102.4701,474.6039,407.2678,503.84998,0.0029562293,9.900719,208178.66,DICTIONARYBRUTEFORCE
31.183798,7.0051517,74.741516,702.4485,0.039584335,0.20943442,-0.012577339,0.1631524,0.6311836,0.023447685,0.04042907,5.9184556,1.7804892,0.2706947,-0.1235653,-0.01657738,0.5320248,0.11198465,0.010201986,0.0006576441,0.08274031,0.0055656442,0.8434102,0.18635377,-0.0032381527,-0.009575409,-0.010466319,0.014271198,1.0288818,1.0006603,-2241.4814,93.53759,670.7415,302.8449,233.75644,314.1456,0.0041840225,8.681305,95986.55,DICTIONARYBRUTEFORCE
21.631138,6.662795,93.31638,-1132.0742,0.041442744,0.04358535,0.028143628,0.14531682,0.62460536,-0.004849877,-0.020727234,5.12051,0.67503643,0.4154331,0.9954612,-0.006318516,0.49818254,0.108026974,-0.029283699,-0.0031332998,0.106244676,-0.016189126,0.69324464,0.24683595,-0.0030872272,0.10802686,-0.012613334,-0.03588702,0.9671283,0.98490375,3321.6655,60.236862,693.302,200.72073,228.03534,222.36966,0.016148062,13.445877,91038.15,DICTIONARYBRUTEFORCE
21.111395,8.2648945,101.27139,465.46875,0.031164482,-0.006387041,0.017761886,0.1294269,0.65335625,0.003617518,0.0006983755,6.8218265,-0.047494598,-0.06372378,0.08356304,-0.066598736,0.5045952,0.05232647,-0.00052348245,0.037050836,0.060653403,-0.04571084,0.67097694,0.257251,-0.020327622,0.060319047,-0.011974726,-0.01741815,0.97293085,0.9431058,766.30225,58.99462,270.72827,141.48009,89.176186,125.16027,0.013059379,10.600235,6841.9297,DICTIONARYBRUTEFORCE
33.824715,3.2516286,87.93991,11624.271,0.12006107,0.523971,0.041399747,0.19022124,0.69004023,-0.086275786,-0.05412327,8.367766,4.971861,1.1660162,-0.0808359,0.14663383,0.0633123,0.042061727,0.04828291,-0.047298238,0.18721667,-0.06527363,1.0615512,-0.11508388,0.05203545,-0.03643747,-0.13841076,0.0006288383,1.040579,1.001687,-4056.7139,61.233112,1164.1442,169.69112,357.3248,199.81744,0.004800688,-0.59148407,513735.25,DICTIONARYBRUTEFORCE
23.522724,7.0890336,111.033005,-1217.7231,0.044182334,0.15920404,-0.011346792,0.54933923,0.62027687,-0.00741598,-0.028112076,6.7729654,1.7429966,0.05568799,0.066558875,-0.1728659,0.5537433,0.10451086,-0.019656409,0.0077857305,0.1413775,-0.06648728,0.7612675,0.22948049,0.025861315,0.012396971,-0.064564504,0.02251698,1.0170155,0.98975027,8230.092,59.88579,2407.9084,642.44586,832.2492,644.41785,0.011379352,8.000481,802629.94,DICTIONARYBRUTEFORCE
13.079536,13.660509,89.745255,-1248.6787,0.09068613,-0.018455843,-0.017786235,0.10978144,0.26510605,-0.0013272045,-0.004870277,1.665447,-0.53421146,0.6050588,0.30666706,-0.069451004,0.12287933,0.12874731,-0.024752345,0.010766866,0.14183423,-0.037342947,0.24775493,0.7012156,-0.009261687,0.0783383,0.018065799,0.009075225,0.96640956,1.0038493,3171.1978,65.29761,205.46704,123.565186,54.352512,142.9758,0.016440904,10.659264,-8566.843,DICTIONARYBRUTEFORCE
27.949766,7.8577566,82.109116,-3894.1118,0.026302997,0.08813514,-0.023460608,0.28701445,0.6576844,0.040008992,0.004137128,6.628683,1.1768789,0.6390066,-0.11708472,-0.17710365,0.61439556,0.117392614,-0.02179392,0.026622739,0.13288549,-0.018701617,0.7041754,0.26619712,0.020476075,-0.017305229,-0.026289627,-0.05762279,1.0439937,1.028363,1755.5542,89.00941,787.84106,301.39926,263.23843,309.52826,0.0097864205,11.886314,111058.64,DICTIONARYBRUTEFORCE
30.111988,4.535416,125.353966,7849.1655,0.09825252,0.030043079,-0.02697413,0.2943125,0.9853981,-0.03419725,-0.005127471,15.296921,0.4270085,0.44677907,0.06584999,-0.034808997,0.6438293,0.026439212,0.034187876,0.023477945,0.080412135,-0.0430079,0.9870486,-0.011930652,-0.0019445294,0.070452675,-0.07162827,-0.011770259,0.9372638,0.9743148,-4330.0215,60.71198,48.91974,16.874184,37.394295,52.642075,0.018420348,6.396599,-14900.213,DICTIONARYBRUTEFORCE
24.922825,7.1952925,71.79746,176.59668,-0.0422536,-0.0038305104,0.034406565,0.23635471,0.77038246,-0.003072708,0.0025235116,6.038033,-0.6370798,-0.26110893,0.1044042,-0.16101874,0.8278677,-0.016159901,-0.03588785,0.012550171,0.118023425,0.0054106396,0.8304591,0.15909433,-0.019673664,0.043557942,-0.011900425,-0.015728842,1.0487772,1.0066392,7102.9697,61.00306,550.10724,387.3317,210.39758,400.63104,0.0028059925,14.588966,89754.336,DICTIONARYBRUTEFORCE
27.403206,5.550314,89.798676,2112.846,0.07260149,0.28632,0.024231106,0.17894404,0.63538146,-0.026232323,0.003148173,6.206117,2.7214477,-0.056155466,0.037998762,0.17312987,0.07378686,0.103381656,0.024611494,-0.018056206,0.14862956,0.0036715856,0.8281776,0.10593212,0.0026843254,0.032281883,0.051909663,0.007087476,0.99474573,0.9630354,-1666.0122,61.95896,693.0051,234.49045,247.49573,252.12878,0.013285615,1.9939728,108570.984,DICTIONARYBRUTEFORCE
25.795761,6.6836386,63.510803,-2517.2441,-0.0045758393,0.064248815,0.012505687,0.17474304,0.69117314,0.049423207,0.016685693,6.69638,0.70025396,-0.17916575,0.10711923,-0.005455818,0.4245672,0.07642604,-0.008352011,0.004614815,0.119472735,-0.040713098,0.7608442,0.19366603,-0.009080666,0.062477842,-0.0002421625,0.0021417532,0.98346645,0.94345295,3268.9238,71.946075,900.50305,335.53665,352.8829,365.15097,0.00746326,13.33371,169402.36,DICTIONARYBRUTEFORCE
31.271477,4.9304113,71.92761,41.729004,0.00944226,0.018852338,-0.010918329,0.14292641,0.9637191,0.027894784,0.020866374,9.42173,0.16998382,-0.07769249,-0.06930238,0.123932526,0.640639,0.011380901,0.0060742535,0.00315506,0.1106833,-0.019235972,1.0023862,-0.013667966,0.0034241867,0.031005759,-0.010280408,-0.031923838,0.9845386,0.9804937,8142.9346,65.29386,1589.4496,747.0801,586.9235,756.4725,0.0033515957,9.693626,335274.75,DICTIONARYBRUTEFORCE
22.12717,8.707258,95.38791,-1053.7925,0.0039860513,0.013430311,0.01932953,0.20941357,0.6824947,-0.027975429,-0.020517923,6.4935665,0.17200156,-0.1090423,0.08364505,-0.059932787,0.47428513,0.0533687,-0.039831482,0.0037316512,0.11209421,-0.013180535,0.65511745,0.30322954,0.015480966,0.049797274,-0.010587609,-0.012074727,1.0436015,0.9890574,6324.0273,63.781376,1154.6831,434.04126,434.0276,446.72037,0.005867333,9.2089,199805.97,DICTIONARYBRUTEFORCE
33.24154,5.012909,99.001114,1032.6978,-0.044673823,0.29481623,0.009598368,0.15860227,0.77996844,0.035596635,0.001324953,7.607791,3.0115004,-0.12550035,0.21477503,-0.038343895,0.7143818,0.056987956,0.0036938721,-0.018120855,0.14941102,-0.02076812,0.9804459,0.010658596,0.020181898,0.019548273,0.027296005,0.04342047,1.0413619,0.9929069,-583.6929,67.73651,115.358284,114.9594,0.53736687,148.20895,0.0040085614,5.8193893,5100.504,DICTIONARYBRUTEFORCE
24.670515,7.0618033,117.26436,-4403.972,0.049065456,0.019415552,-0.017486187,0.30817255,0.74671304,0.019959247,0.006870751,7.603419,0.36154187,0.3695415,0.09897722,-0.025055092,0.40578124,0.08946182,0.0007943902,0.04837411,0.09133678,-0.041255433,0.7753392,0.1999128,-0.0043892255,0.04119067,-0.041244127,0.0063083135,0.97668767,0.95238495,1828.9121,63.44118,130.56163,71.98949,31.433111,78.46296,0.013554121,10.9887085,-22345.24,DICTIONARYBRUTEFORCE
16.49674,10.328169,96.54128,-36.496582,-0.0022010691,0.043603327,0.08901137,0.18706813,0.38726333,0.008325474,-0.00051386654,2.9408817,0.38932645,-0.21750951,1.0761147,0.103156894,-0.02500769,0.09972286,-0.020263812,0.061345547,0.08689162,-0.056371845,0.4930027,0.4370375,-0.014948614,0.08543416,0.0068210578,-0.019348985,0.95517814,0.95922405,2152.646,60.853664,32.97464,168.53265,51.30812,162.2454,0.014886493,13.274956,-10787.94,DICTIONARYBRUTEFORCE
28.210453,5.3418617,120.18514,-3958.6235,-0.0025558844,0.09668876,0.026293386,0.23215933,0.83223957,0.0018460938,-0.025062094,9.725704,1.7464162,-0.004338287,0.051266544,0.05143638,0.5611093,0.09770072,-0.04888893,-0.027571265,0.12734027,-0.011946595,0.8778209,0.092760235,0.039548077,0.0025321497,-0.0034225313,0.020859053,1.0231102,1.0030166,4503.3604,66.877625,2010.0287,450.74542,673.8547,443.77405,0.008930119,17.882195,381300.9,DICTIONARYBRUTEFORCE
20.815403,7.1751013,131.84903,-1985.7104,-0.065283746,-0.014728128,0.029485866,0.22171898,0.71709126,-0.000617585,0.017265681,6.500313,-1.2260245,-0.19739792,0.037807982,-0.015190883,0.39162278,0.00308414,0.0046232063,0.05087035,0.09396944,0.027602207,0.73680204,0.20356879,-0.014147503,0.012174939,0.01628784,-0.05773916,1.0102624,0.98141474,7066.4873,59.513153,461.7893,181.09,144.43024,193.14658,0.0033591639,13.6388855,44284.047,DICTIONARYBRUTEFORCE
22.907581,8.724932,75.97768,4086.2715,0.108538866,0.24824996,-0.009311388,0.019413626,0.40459445,0.004803566,-0.022824751,3.1229227,2.3323963,0.45687023,0.19867851,0.010905649,0.17211762,0.14424275,0.029923135,0.031458333,0.09460053,-0.053176068,0.5892302,0.32730037,-0.011821407,0.070678286,0.020511776,0.016426068,0.9329255,0.925773,51.862793,61.015648,-3.5927887,108.81104,-5.2658405,135.512,0.020621868,4.9995117,-18851.156,DICTIONARYBRUTEFORCE
26.081604,6.636258,97.67325,-119.50635,0.06876003,0.13488732,-0.011745841,0.120395444,0.6305045,0.03603822,-0.0051790196,6.556903,1.5852351,0.46484947,-0.10525598,0.054378696,0.3380208,0.13073812,0.032647684,0.017950153,0.12186004,-0.017051656,0.72070736,0.24456652,-0.0012196787,0.057670876,-0.009601786,-0.020586831,0.9456659,0.94318235,-5117.038,63.057518,143.17418,8.420624,44.175835,44.244358,0.013719059,6.994896,-5430.65,DICTIONARYBRUTEFORCE
13.924486,11.470834,82.96921,-3397.817,0.028331438,0.011027664,-0.031552307,0.3570066,0.29502824,0.019769374,-0.0016889069,2.0063596,0.17484203,-0.008011273,0.08059322,0.031902492,-0.00985235,0.12699822,0.001956299,0.052627638,0.11278186,-0.060550015,0.35139388,0.6013634,-0.029946867,0.04576879,0.02963649,-0.0055440515,0.954748,0.9794006,2732.573,58.073265,511.74802,178.48312,188.1412,188.24371,0.0150775695,10.29686,51088.727,DICTIONARYBRUTEFORCE
29.938124,3.425771,92.7782,-319.50977,0.006078081,0.26616454,-0.020792108,0.60425407,0.759112,-0.015462957,0.01624201,8.047949,2.2009597,-0.20382607,0.028747058,0.05532433,0.32051018,0.068235986,0.0045190193,0.026536927,0.16369157,-0.0046231924,1.007421,-0.010606192,0.006641061,0.007054508,-0.008624041,0.008327201,0.9854012,0.9869586,-2162.6006,61.553787,1093.2612,245.29309,333.59784,274.28052,0.011415027,9.33313,159939.27,DICTIONARYBRUTEFORCE
28.584314,6.235589,90.00579,-2746.2085,0.014197446,0.031949278,-0.024548864,0.41791937,0.82820094,-0.0055238167,0.0054457085,8.323853,0.35538805,-0.08239044,0.0111958375,-0.012498539,0.60165995,0.094023354,-0.0021774275,0.036862895,0.117405735,-0.016014095,0.8503103,0.15335144,-0.003932158,0.029405978,-0.048499983,0.011133052,1.0278753,0.99198985,-1316.6753,67.04566,1578.0226,327.778,534.5401,327.77368,0.008139951,11.081039,304119.16,DICTIONARYBRUTEFORCE
24.090883,6.3461843,108.06337,412.06274,0.05055647,-0.019102363,0.020458752,0.094991334,0.78899294,-0.015397282,0.018001487,9.343062,-0.5324566,0.5951198,-0.002574902,-0.04350437,0.5125579,0.054830242,0.054795012,0.018798875,0.08937981,-0.008816928,0.79780835,0.1662134,-0.03508252,0.06596336,-0.033154644,-0.03200641,0.9846366,0.9289683,-1514.9067,58.96691,227.1602,76.37976,75.7457,56.20826,0.008142458,8.974464,9109.4795,DICTIONARYBRUTEFORCE
26.832724,6.753009,81.06038,-851.4004,0.00027950853,-0.003401157,0.006034421,0.2742239,0.8027969,0.027304536,0.01568318,7.9521904,-0.15313417,-0.10430888,-0.019610237,-0.0071020466,0.48211145,0.059111364,0.018567288,0.03980659,0.093522266,0.0053407624,0.79742956,0.1763661,-0.018100979,0.031874225,0.016913299,-0.0062884856,1.0062613,0.9731688,-1852.5508,65.57669,612.4568,186.87048,198.29239,184.72522,0.007213367,9.931496,56251.82,DICTIONARYBRUTEFORCE
26.917683,5.748502,87.910545,1925.5,0.03310812,0.22965203,0.056871213,0.13047439,0.66496724,0.00076784345,0.03505128,5.9002404,2.0437164,-0.14014797,0.2967482,0.067374915,0.3069001,0.04929259,0.007199016,-0.009591388,0.13744798,0.015384523,0.839342,0.11561244,-0.01374349,0.032114163,0.0041666348,0.040253405,1.0141052,0.97459537,-400.16357,60.692112,970.1791,228.93579,408.21872,262.49634,0.00527574,7.289421,268356.06,DICTIONARYBRUTEFORCE
23.771482,7.726481,81.28231,656.551,0.03437173,0.35098484,0.0067715417,0.13853483,0.38920394,-0.0044648433,0.028892744,3.8021724,2.795073,-0.16848728,0.10536614,-0.006933287,0.27671883,0.09880264,0.04034111,0.014214676,0.044099353,-0.05103424,0.6668181,0.2416494,-0.0012329593,0.027031356,-0.0026349863,-0.006087469,0.98041105,0.9446804,-2822.3838,63.28563,309.55194,121.09207,97.588936,160.73953,0.017807856,4.784111,25384.318,DICTIONARYBRUTEFORCE
32.309326,2.6313558,62.43603,-185.7041,0.071155615,0.14697258,0.025264258,0.21104327,0.8923711,0.040942214,-0.049993623,8.397812,1.6367279,0.622501,-0.08596088,0.22795191,0.19275874,0.036044523,0.012809788,0.017083064,0.16874509,0.035901397,0.96969324,-0.08869296,0.024367876,0.102695435,-0.013819432,-0.0018948596,0.89582837,0.91607594,-3880.8535,64.266594,-154.99304,-35.697563,-22.095966,-23.327469,0.013476623,4.520073,-31508.252,DICTIONARYBRUTEFORCE
30.755455,5.2285585,99.74315,-5182.5474,0.08856722,0.12841447,-0.0050456426,0.26570883,0.8799496,0.032658033,-0.01120221,10.164247,2.1142647,1.0419799,0.12236142,0.045244414,0.37833378,0.061039753,-0.026082765,0.0040012505,0.14698125,-0.05470839,0.9427316,0.04337534,0.024675641,0.016463656,-0.03595768,-0.0059224013,0.92218715,0.96190894,-5035.0156,62.315277,141.97723,33.103153,18.846329,33.364113,0.01482042,6.373825,-40088.266,DICTIONARYBRUTEFORCE
27.206844,7.3792014,81.21337,-2879.064,0.10674915,0.024147987,0.037860923,0.06929024,0.74190325,0.012376629,0.017494773,6.865239,0.76085734,0.8896681,0.08390987,-0.16821381,0.7454592,0.07375971,-0.028836533,-0.0021644123,0.13359208,-0.03117774,0.74983746,0.23330209,-0.027182644,-0.014418191,-0.009962291,-0.010076369,0.99688065,0.9755232,-1787.69,70.105545,414.79926,129.16681,86.42312,126.84837,0.00912912,10.108475,20979.111,DICTIONARYBRUTEFORCE
31.163294,4.9524803,103.51667,-1922.0913,0.05813145,0.0064060623,-0.017053654,0.49779066,1.0736115,-0.053728987,-0.03252331,12.53575,-0.08032862,1.3768575,0.19946674,-0.093343996,0.7845592,-0.0070344703,-0.019852247,0.052313473,0.14354546,-0.02012193,1.0521088,-0.04695699,0.03017513,-0.013497865,-0.045535967,-0.048471794,1.013929,0.98545504,-1183.1006,59.687824,346.13245,61.600163,99.159676,82.42873,0.0038903384,10.495445,-4327.4956,DICTIONARYBRUTEFORCE
30.593967,4.1678467,107.44964,-3766.9077,0.013263563,0.26181778,-0.01549498,0.41713747,0.7611277,0.0040704845,-0.030821571,8.273912,2.9312997,-0.14565784,0.03432443,-0.019591788,0.6061464,0.10519699,-0.034102954,-0.03221925,0.16617864,-0.030159153,0.9484379,0.03162663,0.034689777,0.016543007,-0.026063766,-0.0030601583,1.0217094,0.99814737,1440.0322,65.70043,1747.4689,331.58438,523.50507,349.54657,0.01695913,9.980988,278036.72,DICTIONARYBRUTEFORCE
28.197388,4.226411,71.334595,10395.923,0.1075795,0.1407354,0.02577967,0.24257591,0.79466486,0.03538285,-0.026236393,7.2001786,1.3231342,0.5572815,0.12952453,0.084193915,0.315091,0.047577303,0.01635684,0.002046749,0.14358385,-0.06781922,0.89573413,0.036719743,0.020663075,0.031339776,-0.027663905,-0.016091239,0.97345394,0.95623755,-925.3115,60.347862,191.2121,102.02572,31.527729,169.67966,0.010275109,6.677902,-11703.133,DICTIONARYBRUTEFORCE
28.193518,5.840938,64.956154,-530.7793,0.058971215,0.06460932,0.011974723,0.3251624,0.78395844,0.014125099,0.016210634,7.5752125,0.76829827,0.2745403,-0.025741257,-0.0087588085,0.5531589,0.061449092,0.016563958,0.0010271696,0.117934205,-0.011347485,0.8793913,0.090081,-0.0048082066,0.022880502,-0.010592182,-0.007897382,1.0074316,0.9685866,-399.62598,63.494495,537.7224,132.15863,192.93552,136.88062,0.008251456,16.66549,65936.67,DICTIONARYBRUTEFORCE
20.14565,7.8880615,82.44125,2228.1582,0.060033858,0.04298069,0.099986225,0.137414,0.584047,0.014748417,-0.019985793,3.9270961,0.54402083,-0.019862672,1.98087,-0.09605498,0.43658954,0.08429842,0.010498626,0.049025126,0.09858458,-0.04612413,0.6105225,0.27826893,-0.022853034,0.10352978,0.026983006,-0.009776884,0.97210133,0.9498227,-1039.127,58.335056,-45.53479,65.50148,-14.865271,67.53715,0.013534963,10.068039,-19479.922,DICTIONARYBRUTEFORCE
18.655544,10.199528,94.29883,1284.6418,0.05423866,0.10884912,-0.022320732,0.10258873,0.34224445,0.04087327,-0.014048798,3.5774426,1.2875961,0.15015276,-0.05089393,0.009522375,0.09349287,0.12703213,-0.0013302406,-0.0021489616,0.16940123,0.014994975,0.38928372,0.54066485,0.008912186,0.07839907,0.035549402,-0.017659761,0.9780891,0.9453598,15.680664,59.786827,980.89417,144.89053,350.88428,210.33868,0.021964327,5.4657135,192793.52,DICTIONARYBRUTEFORCE
28.699646,4.6252265,54.930294,-413.64893,0.027395895,0.035802275,0.0064848782,0.3047777,0.88912266,0.009892503,-0.041744668,8.575599,0.46252155,0.13261436,-0.19920775,0.14493904,0.23787837,0.025837816,0.011736533,0.024926485,0.15783134,0.037345156,0.8711357,-0.0026826446,0.0163177,0.12260358,-0.0008225674,-0.060827814,0.9254658,0.9155221,52.679688,62.946568,618.05835,153.06265,193.59683,182.8014,0.008303111,5.792984,46033.7,DICTIONARYBRUTEFORCE
18.050966,9.975229,77.006485,-2985.2764,0.051096298,0.18349305,0.0005248864,0.11769637,0.30626324,0.052798368,-0.0045803655,2.4068372,1.7367147,-0.005332036,0.20047632,-0.13940343,0.43704626,0.1288692,0.00054294243,0.006089695,0.112702176,-0.047509924,0.46434882,0.48747492,-0.007463198,0.079284124,0.051780917,0.015050916,0.9234356,0.9629319,-978.44824,59.576862,-109.8425,33.62304,-25.924274,39.313343,0.016927823,10.565025,-32102.943,DICTIONARYBRUTEFORCE
22.806826,8.356774,101.31891,-6794.072,0.0027099438,-0.039023284,0.0033879955,0.20307183,0.7045129,0.029312419,0.014823953,7.7498045,-0.5244776,0.017565783,0.03168941,-0.21401422,0.75433713,0.0638836,-0.00044051092,0.033404987,0.09271354,-0.03800151,0.68742,0.3134763,-0.009302928,0.060629368,0.032732148,-0.050484896,0.99316293,0.9169189,-872.30566,62.75215,197.56761,163.00624,56.77278,170.53914,0.021653656,7.1773376,-14035.196,DICTIONARYBRUTEFORCE
29.303486,5.9957623,56.658024,8784.506,0.1482921,0.03429512,0.028742202,0.3026342,0.75380486,-0.024023054,0.022474207,9.266065,1.1537762,4.365741,-0.23387359,0.098521374,0.054730494,0.05371421,0.021113295,-0.0014357781,0.14620069,-0.004358329,0.75812995,0.18544649,0.032798097,0.06043662,0.009545161,-0.019697232,0.99161446,0.986799,-3341.4287,67.89009,249.31097,168.88423,102.99427,170.20523,0.0037860589,7.208946,18512.547,DICTIONARYBRUTEFORCE
34.512966,4.4845514,117.22619,14943.199,0.028921299,0.090645134,0.03808306,0.19947198,0.9481411,0.019171346,-0.0825445,10.45765,0.25994295,-0.27814084,-0.3315295,0.09398091,0.512445,0.055495333,0.03143904,-0.031668834,0.051589776,-0.006533838,1.024212,0.033170834,-0.03876624,0.030233422,-0.055695813,0.081175566,0.9216026,0.94300115,-7032.29,73.66632,1728.2782,264.66376,569.2963,271.44284,0.004905978,1.7950134,615165.75,DICTIONARYBRUTEFORCE
23.741594,6.081543,121.705315,-2378.2998,0.013875339,0.05281396,0.020557197,0.48074538,0.7868108,0.011300071,0.00658117,7.3260922,0.45007187,0.050234146,0.6177466,-0.0033078436,0.318118,0.033324253,0.010416656,0.056706287,0.10821343,0.017123032,0.8431701,0.10377504,0.026832849,0.023038397,-0.0034171762,-0.037357017,0.98643553,0.9804644,1064.4277,58.62993,380.1537,76.080666,97.915695,70.66717,0.005673714,10.172508,5588.4243,DICTIONARYBRUTEFORCE
24.17248,6.3457556,127.83116,-5526.0093,0.056669243,0.061309267,0.019251218,0.2673231,0.7275079,0.01716837,0.010816445,6.7210255,0.5975517,1.0397146,0.4423603,-0.13835563,0.73420763,0.10535395,-0.0038814172,-0.002211458,0.10223219,-0.024426363,0.7876071,0.1873618,0.0063383975,0.046769846,-0.02735072,-0.010085058,0.982536,0.9574238,-294.82373,60.726135,353.8413,10.642006,114.703865,17.756279,0.008746639,13.184715,22815.096,DICTIONARYBRUTEFORCE
21.996473,8.38891,87.79725,-787.73145,0.05993349,0.2761103,0.014347734,0.20313697,0.41185325,-0.0031890483,-0.0077535706,4.080296,2.4135213,0.061237864,0.13231987,0.017839167,0.12567079,0.13611332,-0.0057537155,-0.0040806923,0.123168744,-0.03581372,0.6619644,0.2949827,-0.0033317623,0.0112083275,0.00957996,0.009367372,0.98536694,0.9810817,2760.1106,67.048805,337.31305,97.43093,88.41414,147.81264,0.012655608,9.953545,10436.785,DICTIONARYBRUTEFORCE
18.17649,11.297916,91.383255,3693.6538,0.0009678863,-0.039204452,0.01571112,0.22380069,0.5244323,-0.041752204,-0.021866636,5.794012,-1.0308642,0.21122925,-0.21739775,-0.104242444,0.28152764,0.089569926,0.0034068897,0.043185506,0.14583337,0.025217934,0.43965957,0.52102846,0.016568603,0.02699075,0.018242639,-0.054776374,1.0558381,0.9752188,4837.6064,60.7177,567.4451,242.7276,181.46103,250.52423,0.011295982,7.1983185,46316.445,DICTIONARYBRUTEFORCE
35.935165,3.5032349,94.884346,2039.4021,0.1437993,0.16174056,-0.035505958,0.36778995,1.0416541,-0.040784724,-0.038900893,13.146459,3.1567612,3.1151066,-0.1736019,0.08114809,0.71686655,0.06818897,-0.06390236,0.01842741,0.19020203,-0.031346668,1.0940654,-0.050382372,0.072799854,0.057724472,-0.12115766,-0.012162774,1.0037322,1.0199337,-6208.2725,63.127117,2819.9226,309.39728,759.4858,321.64078,0.009319702,5.2675095,463704.1,DICTIONARYBRUTEFORCE
25.880959,5.9043636,113.74606,3093.44,0.0491452,0.0006749518,0.043448947,0.124667965,0.82372177,-0.009706296,0.018769547,7.940692,-0.23228727,0.06572182,0.30901983,0.006691669,0.556175,0.02545598,0.0154871205,-0.015495639,0.11909031,-0.04643878,0.85384506,0.07497047,-0.0149589125,0.064698674,-0.010523092,-0.018511372,1.0112578,0.9890029,2163.8696,59.748444,242.65552,126.3012,89.778946,110.38226,0.0026330017,14.459373,13155.686,DICTIONARYBRUTEFORCE
28.596718,4.933427,101.091644,-679.62256,0.06183829,0.111275904,0.017281594,0.26687285,0.8418184,-0.017759684,0.024509316,8.073856,1.1974615,0.96208894,0.08172526,0.1649088,0.18350735,0.049988,-0.026569514,0.024384858,0.14188142,-0.025845563,0.91319513,0.043154303,0.006077406,0.02381961,-0.0383864,-0.011583994,0.9900623,0.9798628,2027.6365,62.0652,303.09894,114.434265,97.402275,136.86827,0.00856162,9.52404,7388.1265,DICTIONARYBRUTEFORCE
27.75359,6.1880426,124.01416,4190.723,0.1051169,-0.01721381,0.0016065827,0.21483766,0.87414056,-0.024787607,0.013111921,8.307766,-0.6335323,0.8450672,-0.011008064,-0.07083827,0.659248,0.07383561,0.02320498,-0.03760491,0.13436255,-0.029834475,0.79943967,0.13659398,-0.0043127337,0.0021390885,-0.009998138,-0.0010200962,1.0367768,0.98073953,7464.2803,62.89798,1381.4485,449.6305,533.31213,456.56827,0.0069516655,6.396454,355208.22,DICTIONARYBRUTEFORCE
26.29496,7.9980106,120.09175,7255.828,0.0048372895,0.020595571,-0.014676817,0.16598247,0.742831,3.95783e-05,0.0009852648,5.894633,-0.16910848,-0.098126546,-0.0015714578,-0.17339385,0.91261846,0.03313197,0.008307778,0.039419822,0.09555869,-0.058245964,0.7670095,0.20131283,-0.03442975,0.042796806,-0.010795387,0.015587184,1.0158087,1.0097998,2351.0251,63.45451,118.95159,103.230995,24.684624,121.38107,0.011134339,10.142761,-3219.2146,DICTIONARYBRUTEFORCE
30.330698,4.6803827,78.008095,-1261.2993,0.07576012,0.16110551,0.014027476,0.31055003,0.8272982,0.007900522,-0.014627398,9.162193,2.1849222,0.24430063,-0.023770936,0.17901546,0.20569623,0.07252973,-0.011364477,0.0038559502,0.12711555,-0.021740701,0.9960042,0.009171327,0.03906107,0.03474514,-0.0138817895,-0.006995648,0.94099313,0.9722272,-1560.6108,65.266884,540.68134,151.03398,161.59607,186.14108,0.009740707,10.911713,27788.623,DICTIONARYBRUTEFORCE
25.573872,3.8790226,73.54323,5445.7114,0.08336724,0.09036571,0.020026172,0.2756989,0.75503665,0.02805032,-0.01750769,5.1640663,0.8232406,0.39813244,1.0165496,0.06166758,0.35794637,0.0795892,0.01658686,-0.00065678265,0.14002776,-0.016001223,0.8073364,0.08443506,0.0022895285,0.10023743,0.050368287,-0.044078972,0.95509803,0.9763958,2499.1533,59.85446,199.84818,99.373856,51.94224,124.986084,0.018097518,8.489334,529.3469,DICTIONARYBRUTEFORCE
24.249294,8.66766,72.532104,10785.967,0.12850809,0.0011642835,-0.018734733,0.18409579,0.67928374,-0.039152768,-0.10162198,4.838284,-0.37922832,2.0799494,0.14658569,-0.17788596,0.63661975,-0.0153009975,-0.0329675,0.008261282,0.20658416,0.01274906,0.5984977,0.35715395,0.012361919,0.05401823,0.016922683,-0.04474032,1.0379269,1.0446955,2921.164,60.703705,265.58014,63.619926,109.825386,143.90828,0.00535256,9.271477,28984.432,DICTIONARYBRUTEFORCE
