Header_Length,Protocol Type,Time_To_Live,Rate,fin_flag_number,syn_flag_number,rst_flag_number,psh_flag_number,ack_flag_number,ece_flag_number,cwr_flag_number,ack_count,syn_count,fin_count,rst_count,HTTP,HTTPS,DNS,Telnet,SMTP,SSH,IRC,TCP,UDP,DHCP,ARP,ICMP,IGMP,IPv,LLC,Tot sum,Min,Max,AVG,Std,Tot size,IAT,Number,Variance,Label
19.38922,6.714442,64.075676,22518.174,-0.012595448,0.008984785,0.008821052,0.024722015,0.0052334443,0.009132767,0.053138793,0.3365972,0.30071074,-0.0052846223,-0.071173266,0.058106586,0.052388877,0.025197743,0.01211041,-0.0019043079,-0.0064704777,-0.0054339925,0.8923482,0.06412319,-0.025419658,0.01899287,0.018250752,-0.021202734,0.9983202,0.99178624,7225.2393,59.284435,-86.045685,30.596458,-44.822433,36.04752,-1.1117561e-05,95.57417,-19676.94,DOS-TCP_FLOOD
18.24234,6.151642,63.164143,5927.2173,0.011096298,0.0024110104,0.15758312,0.0029451174,0.04503707,0.004460511,0.019861015,0.23283082,0.033731677,0.18218195,3.2903566,0.11645168,0.0023506775,0.016336428,0.007077809,-0.0071853767,0.0028543174,0.01717402,0.9830379,0.010373512,-0.0036656344,0.023611339,-0.00221645,-0.0144314375,1.016758,0.99055594,7280.712,59.546288,218.86653,72.30301,50.387268,75.217636,0.00014595692,93.59278,14295.389,DOS-TCP_FLOOD
20.310505,5.202813,64.41711,10687.475,0.012374808,0.013854041,-0.002708747,0.021428777,-0.05338315,0.006917852,0.036405135,-0.75181615,0.94003975,0.016444638,-0.12176771,0.14800665,-0.0074349055,0.026582308,0.039394427,0.0044498406,-0.029681627,-0.041641697,1.0328162,-0.0047871834,-0.0037642894,0.0139440745,-0.036138106,-0.033619724,1.0001578,0.9703841,5447.3657,59.94457,89.18474,86.42909,27.55326,105.98129,0.00023226728,104.00335,7307.937,DOS-TCP_FLOOD
19.849068,6.325515,63.4891,13836.52,0.007463665,-0.0032796755,0.0076298807,0.0026479124,0.04129395,-0.02641698,0.011332748,0.5954069,-0.27508256,-0.018239472,0.14529388,0.120838374,0.0020650171,-0.0055501703,0.013314683,-0.011624283,0.0039735576,-0.030000329,0.9987407,0.010355966,-0.02301484,0.03505316,0.0034706155,-0.0030626822,1.0044705,0.9849913,6140.4634,59.732117,38.59288,75.22149,16.782114,69.107895,0.00013872558,96.1043,-322.34607,DOS-TCP_FLOOD
20.853848,5.007361,64.410324,18330.754,0.0054901186,0.009114493,-0.016711503,0.017627252,0.057720356,-0.02247204,0.030121546,0.18057913,0.4122099,-0.001274161,-0.10194537,0.08012779,0.04784481,0.008781868,0.024977926,-0.022799619,-0.0051423325,-0.011140843,1.0203918,-0.03806536,-0.032668002,0.017847208,-0.009191296,-0.004463941,1.0059634,0.98340213,5599.5376,59.534206,19.111374,7.851059,-14.092251,28.010284,-0.00043139135,98.19652,-8390.278,DOS-TCP_FLOOD
20.36332,5.0405884,64.32519,17563.658,-0.0027168635,0.003966956,-0.032361116,0.0063933404,0.03790047,0.021278005,0.015192443,0.3918962,0.45407736,0.029750353,-0.14113246,0.09202881,0.2506461,-0.00422264,0.014315721,-0.029812232,-0.006366505,0.018547324,0.9937271,-0.008891663,0.04414018,0.015473815,-0.0063312706,-0.031273462,1.0336697,0.98899454,6406.509,59.498646,112.423416,46.906174,16.535534,76.16204,-8.6837e-05,97.76434,3923.7356,DOS-TCP_FLOOD
19.79975,6.9717684,66.140976,8662.85,0.006890036,0.0073179053,-0.005958148,-0.005653864,0.022966135,-0.014556477,-0.026863456,0.6187504,0.15950254,0.047494996,-0.037924938,0.10488962,-0.012289271,0.029766299,0.01582366,-8.5616484e-05,-0.0049358327,-0.022085365,0.96701443,0.030723343,0.0016827206,-0.0040796585,-0.009832917,-0.009513524,1.0207983,1.0016013,7441.6436,60.282978,-1.5422363,71.09945,-3.436327,97.99429,0.0002844858,98.113914,-4998.5,DOS-TCP_FLOOD
20.04789,5.609638,64.34586,20829.033,0.0068677682,0.0025502131,-0.0040392927,0.017610682,-0.006368963,0.022839436,0.010995451,-0.32011342,0.1701484,0.043391533,-0.0397414,0.10992709,0.05404618,-0.0065148715,-0.008916616,-0.0010240031,0.022629155,-0.04215554,0.9973563,-0.010578264,-0.004363777,0.044077408,0.010349154,0.013346568,1.0292486,0.99225783,9226.253,59.610058,23.23117,47.191036,-1.3440895,76.94948,5.274883e-05,98.2961,-634.64014,DOS-TCP_FLOOD
20.079313,6.056491,63.209015,7440.6206,0.03963172,0.0060967165,-0.002404917,0.008572533,0.07957502,-0.0067221243,0.0039369124,1.5658972,0.23096961,0.13646553,-0.057931527,0.16100286,-0.009924094,0.02035762,-0.0012188265,-0.01903856,0.022535259,-0.015673857,0.9735608,-0.014301233,-0.0062215305,0.024054538,-0.008244756,-0.012033544,1.0124841,0.98540723,6594.8027,60.468292,132.113,53.07989,28.76807,75.05909,0.00012526792,95.646736,7011.0645,DOS-TCP_FLOOD
19.37042,5.689803,63.1909,15933.602,-0.0047885254,0.005020019,0.0005699741,0.0067543993,0.023990126,0.017899003,0.0060215453,0.52028775,0.19735086,-0.0054624863,-0.028893182,0.09495439,0.004809482,0.02763342,0.010666623,-0.0056503573,-0.00788043,-0.005308087,0.95493346,0.00051223487,0.021614037,0.01903643,0.020704588,-0.040847156,1.000594,0.9644306,6124.439,59.655987,441.66284,93.3906,120.94294,119.46056,0.0003574872,97.72952,40902.41,DOS-TCP_FLOOD
19.828733,5.6379247,63.32075,14679.354,-0.005525397,-0.00023446232,-0.018868545,0.009596349,0.003988619,0.032157764,0.039202616,0.25676644,-0.05412292,0.043890256,-0.015621088,0.054114535,0.010065415,0.0020413566,0.013913,-0.02749581,-0.0024330104,-0.01770576,0.97274995,-0.0056429976,-0.007959242,0.015226136,0.020039456,-0.0205413,1.0298953,0.9609478,8717.178,61.161163,297.17786,106.90178,67.66853,114.78648,-3.3162025e-05,96.54666,12519.141,DOS-TCP_FLOOD
19.279806,5.4957585,62.423283,15768.986,0.0031614676,-0.00071522215,-0.0028393231,0.025888795,-0.07136559,0.04314886,0.050844528,-0.509531,-0.022625772,0.039772935,0.002397485,0.054213967,0.004564944,0.011882292,0.022614172,-0.0039363094,-0.016298234,-0.011434838,0.9714288,0.010513915,-0.023813229,0.014928896,-4.3683685e-05,-0.016569473,1.0247808,0.93994665,7093.2266,60.02692,176.69437,65.38721,40.09517,78.42456,0.0001692419,101.4301,1332.0396,DOS-TCP_FLOOD
20.901081,5.445959,66.0096,20573.152,0.0035511982,-0.0038451247,0.007876597,-0.008977351,0.07836148,-0.0033326196,0.024313845,4.222896,-0.031024955,-0.01588999,-0.04922453,0.11717409,-0.020215148,-0.021433089,0.018450882,-0.007549696,-0.012115972,-0.024699142,1.04269,-0.0101260785,-0.011732629,0.014091933,-0.039131686,-0.041096166,1.0259376,0.9727374,5079.9194,60.563534,-3.0937347,50.436455,-33.546066,35.489693,-7.515702e-05,97.22382,-13910.859,DOS-TCP_FLOOD
20.338413,5.2783494,64.50965,19361.04,0.002483027,0.010758483,-0.013193678,-0.004522133,0.024781277,-0.02006449,0.0043358793,0.2506324,0.4233727,-0.031980388,-0.059454136,0.109328136,0.004805159,0.019872125,0.017993225,-0.017447934,0.0032698968,-0.0069345254,1.0075985,-0.018536175,0.0061351713,-0.0019367551,-0.01804018,-0.028628763,1.0285274,0.998238,6360.8384,59.867542,64.6351,57.572083,-8.23102,58.316273,2.7054964e-05,101.56848,-2144.5127,DOS-TCP_FLOOD
19.41289,5.9084387,61.44349,16890.113,0.0068545993,-0.0071038753,0.010266221,-0.0071667912,0.0042121774,0.02587257,0.021641493,-0.6606891,-0.043858197,0.022570314,-0.033519685,0.10482967,-0.004013587,-0.00046933535,0.02828899,-0.028758729,-0.00054430217,-0.010386164,0.9958359,0.0074799056,-0.015110639,0.033640698,-0.0061913067,-0.013437409,1.0021272,0.94685674,6749.028,59.797874,-18.058395,50.328728,-5.9979973,75.76432,9.491836e-05,96.48069,-5714.803,DOS-TCP_FLOOD
19.965477,6.048977,63.91979,9352.285,0.024922635,0.004446298,-0.0026026205,0.0042849192,0.029320825,0.0008012733,0.014146317,0.44920307,0.29878947,0.14683786,-0.025190752,0.10606087,-0.0033133242,0.013473488,0.0152363805,-0.012118531,-0.0029822532,-0.01973528,0.9633403,0.009085116,0.00912554,0.010629342,-0.013920924,-0.013435984,1.0128978,0.98581016,8081.417,60.02389,-45.457855,48.949516,-37.001053,84.26496,8.865379e-05,97.39173,-21875.723,DOS-TCP_FLOOD
19.206512,6.5697355,63.70816,18252.71,0.0029253215,0.0019223796,0.007560227,0.006720982,0.03176935,-0.003725543,0.027275153,-0.06260145,0.09657558,-0.0047372747,0.009929295,0.109629154,0.006816359,0.0075295563,0.01567464,-0.011757439,-0.007432026,-0.020129422,0.9281121,0.030102124,-0.028622977,0.018750835,-0.010701361,-0.01728062,1.0072169,0.98364365,8419.388,59.89661,18.354492,64.5398,-12.350424,64.07577,-4.79819e-05,95.39357,-3939.0422,DOS-TCP_FLOOD
19.960363,5.1900625,64.13026,11294.188,0.013010494,0.0017495822,-0.029370882,0.01417764,-0.02295879,-0.0006009039,0.021017099,-0.14301682,0.24072789,-0.0035355985,-0.07067741,0.068584315,0.014765008,-0.00096306205,0.012810058,-0.013390372,0.013465824,-0.005174773,1.0254691,-0.021709582,0.011431413,0.029184537,-0.010274275,-0.0060873292,1.0367553,0.98942673,7891.809,59.926907,226.69077,68.896805,42.01807,78.07651,3.9583727e-05,102.6031,10148.646,DOS-TCP_FLOOD
19.975069,5.0110617,63.66189,20815.36,-0.00012952834,-0.0042527216,0.028778587,0.01512815,-0.005081254,0.014802278,0.001812994,-0.89402235,0.15209065,0.02153472,-0.080588974,0.13257919,-0.0039750678,0.0008101342,0.026278302,-0.012884589,-0.0047469093,-0.030850999,1.0625844,-0.034799527,0.012231526,0.06577154,-0.04256649,-0.043955393,0.9830741,0.97094566,5186.8584,59.496212,15.203033,49.88086,2.5745373,71.6396,0.00011726736,102.13448,575.775,DOS-TCP_FLOOD
19.426079,6.2245626,65.35927,7764.3125,0.0008942932,0.008434101,-0.0037431926,0.024329094,-0.00017026253,0.0020835274,0.041325882,-0.08811736,0.10643688,-0.01715073,0.010341275,0.1232493,0.009083757,0.010567819,0.017357785,-0.0067668315,-0.012694258,0.01547332,0.95802724,0.03277304,-0.01435275,0.009516328,-0.0070207706,-0.029644387,1.0139115,0.9845765,7130.445,60.429302,235.83762,80.56025,34.168404,86.953415,0.00013015265,98.128494,11303.66,DOS-TCP_FLOOD
20.573318,4.998826,64.59624,11432.159,0.0027938094,0.0048663183,-0.0071480423,0.013365072,-0.002626027,0.0065476443,0.025890209,-0.096101284,0.21850033,0.02160498,-0.10064262,0.11988409,0.035314936,0.014952023,0.022771303,-0.0061565405,0.001407261,0.020480033,1.0337214,-0.03589216,-0.015976768,0.00053137075,0.005935845,-0.022620624,1.0291644,0.97420454,6159.1533,59.861122,186.45865,55.393597,47.9626,83.022606,4.6258298e-05,100.307785,10640.427,DOS-TCP_FLOOD
20.077024,5.1804204,63.204437,19986.184,0.04154247,0.0050912164,0.014382863,0.00024599582,0.03500799,-0.02073355,0.003794618,0.020526946,0.273409,0.0130076315,0.040819056,0.1666596,-0.002478578,0.011571892,0.011885176,-0.022377834,0.022509959,-9.840354e-05,0.9997038,-0.021287207,0.011416051,0.015703974,-0.030677391,-0.05645235,1.0247546,1.0039458,5122.7627,59.27839,83.51683,97.10748,6.5882874,118.28914,0.0003888748,98.873856,8023.5815,DOS-TCP_FLOOD
17.16695,6.719802,68.03937,13233.236,0.0008658692,0.0104523515,-0.010815481,0.020702142,-0.039639518,-0.010897487,0.05673284,-0.27125978,0.22162062,-0.04684169,-0.033977296,0.069492295,0.0062554316,-0.0010755239,0.021520562,-0.0005313102,-0.0014930614,0.0009221863,0.88811857,0.097147204,-0.0016838848,0.0009042863,0.0007694075,-0.04813578,1.0107766,0.98007375,9744.279,57.337578,377.62213,110.657036,76.841064,113.98903,0.0003386638,97.41606,18432.908,DOS-TCP_FLOOD
19.50891,5.5102186,64.26552,18748.855,-0.019801233,0.014573193,-0.015487231,0.010594929,-0.010968082,-0.016596291,0.004568307,-0.17161429,1.1174495,-0.08138571,0.11032459,0.07440005,0.02156842,0.0051430706,0.012177968,-0.022130767,-0.00085214153,0.0018737931,1.0187945,-0.037506096,-0.0011902326,-0.008417272,0.0062674377,-0.02753664,1.0162259,1.0017399,6968.2437,59.205288,182.3372,62.829815,24.97678,89.32938,0.0001447468,102.562256,3289.6223,DOS-TCP_FLOOD
21.380001,4.8108273,64.23201,15516.385,0.076850615,-0.001183424,-0.017720062,0.0014743673,0.046289943,-0.018385116,0.012624081,3.254317,0.15197524,0.5836234,0.10675814,0.12758026,0.048161156,-0.0021544658,0.014455863,-0.05714637,0.028106648,-0.011439821,1.0411198,-0.00627782,-0.016751878,-0.00245278,-0.00067701563,-0.023181438,1.0442414,1.0017099,6067.7686,59.56737,46.849503,101.72747,13.221973,81.13562,6.4502674e-06,101.08179,-5244.6274,DOS-TCP_FLOOD
19.410662,6.2417874,64.692566,14891.016,0.002745213,0.02514798,0.020317214,-0.0044224714,-0.028890988,0.018283382,0.015719501,0.7985712,0.66465724,0.044228587,-0.054880798,0.07163436,0.0038377934,0.045221396,0.014784625,0.0036812387,-0.003754166,-0.033657257,0.9474754,0.04828986,0.015522084,0.008496445,-0.012393327,-0.048008487,1.0022407,0.9849886,7047.091,60.510624,227.62784,53.91313,33.546616,88.40741,0.00037427916,100.05251,3957.7266,DOS-TCP_FLOOD
20.172194,5.40954,63.63705,18529.73,0.016599737,-0.0013079791,-0.0049230875,0.0051737945,0.03574559,-0.007886068,0.05183175,-0.48800075,0.01817949,-0.0033357367,-0.008384566,0.14794871,0.012153265,-0.0056538964,0.035062633,-0.030046836,0.009229722,-0.028926024,1.0256127,-0.03627854,-0.015075388,0.042749304,-0.029207565,-0.058854267,0.9851878,0.96172994,4875.8125,59.799644,100.43042,67.49876,27.581059,55.30228,0.00011834313,98.444824,-2171.854,DOS-TCP_FLOOD
19.384237,6.440814,64.12406,15338.287,0.0037305057,0.017550234,-0.008009715,0.0040006326,0.0032588663,0.0076953764,0.035928417,0.14753366,0.37554997,-0.024027525,-0.019489149,0.09005725,0.0072551407,0.020312184,0.023845475,-0.01707743,-0.012947015,-0.01668751,0.93097603,0.031914756,-0.042299323,-0.0027918525,-0.0013758056,-0.022070492,1.0153707,0.9883153,7729.218,60.98013,60.695496,58.161366,7.8642817,65.8125,3.7147038e-05,97.60737,1880.3994,DOS-TCP_FLOOD
18.673788,6.554293,65.87596,18605.957,-0.002346998,0.006384452,-0.0038297288,0.00074076647,-0.03230436,0.00419544,0.014430385,-0.5148535,0.17289114,0.0063594244,-0.033688623,0.04937375,0.0066251718,-0.0044604437,0.009422399,-0.000605667,-0.008246125,-0.005812603,0.9437285,0.054924894,-0.009117479,-0.0019486854,-0.015029011,-0.025492195,1.0428655,0.9975695,8641.601,60.154446,74.832855,99.96096,-32.480515,90.79605,0.0001800003,99.047295,-16810.412,DOS-TCP_FLOOD
20.894363,6.069646,68.46138,9495.301,-0.02149919,0.052670747,0.006827882,0.0012822634,0.02644585,-0.009963835,-0.010292855,0.54300153,1.914805,-0.11722911,-0.02351823,0.14869696,0.0073704193,0.028601937,-0.00606901,0.009508574,0.010978299,-0.0100955125,1.0104762,-0.03220541,0.006964847,-0.03638669,-0.039431848,-0.035729613,1.0489925,1.0135155,6539.732,61.65868,93.77893,74.015205,14.192378,79.698814,0.00018422927,99.8018,7202.8364,DOS-TCP_FLOOD
19.49811,6.200798,62.076557,16633.775,-0.0021799002,0.001152303,0.0050997734,0.0037233212,-0.020014983,0.037938323,0.030006632,0.14836478,0.14589201,0.039963316,-0.026343355,0.07508085,0.0029127446,0.018963682,0.03346678,-0.0042618904,-0.010148982,-0.01975067,0.95089656,0.023587987,-0.018580824,0.019787528,0.013629414,-0.018744212,1.0132649,0.9485792,4945.4575,60.29569,70.262146,45.817596,18.084162,67.58285,0.0001804409,97.676674,-2172.4988,DOS-TCP_FLOOD
20.376398,4.8672194,70.234344,21548.422,-0.035798606,0.008842783,-0.033026494,0.09260966,-0.042635784,0.023915747,0.061049495,-0.3524114,0.282155,-0.0196254,-0.14686754,0.031227486,0.013968182,0.004096525,-0.006056265,0.005151839,-0.0164291,-0.0027386704,1.0110105,-0.003663696,-0.031747468,-0.0014433439,0.029636312,-0.049677335,1.0216908,0.97328794,7057.5215,61.030922,338.17596,93.713234,71.44013,111.53648,0.00029494148,101.86531,18614.553,DOS-TCP_FLOOD
19.12995,6.0696836,64.41509,11657.521,0.005457094,0.0023890126,-0.00533649,0.0024360798,0.019324271,-0.0040201917,0.008482995,0.37067318,-0.07393568,-0.005464675,0.057586774,0.107375726,-0.0061013694,0.0049034553,0.011298809,-0.0026065437,-0.0014706026,0.0005043624,0.9453489,0.029794773,-0.014155302,0.014633984,0.012242276,0.003039809,1.0292283,0.99832016,9502.027,59.537228,57.80414,85.57585,1.7356586,79.72915,1.99356e-05,95.9145,-6166.252,DOS-TCP_FLOOD
19.991447,5.671154,63.40473,20899.125,-0.008361795,0.010857762,0.025450503,0.005454309,0.033042572,0.025160274,-0.03107335,1.6727499,0.10804083,0.021661175,0.06052655,0.062135946,0.043248486,0.026197007,0.003646682,-0.023048561,-0.0023146556,-0.019211028,1.0008602,-0.010640971,0.02521921,-0.0032871286,0.010498249,-0.011686179,1.0115871,0.9820008,8067.909,59.6301,510.08752,106.81491,107.84286,123.86607,0.00031710396,98.72769,22877.805,DOS-TCP_FLOOD
18.1654,6.4806056,63.485176,24314.123,0.04114849,-0.010137468,-0.011161735,0.0028461702,-0.028554374,0.0014693913,0.032769635,-0.47405612,-0.14545868,0.43974388,-0.05909154,0.1283944,-0.0040801372,-0.0155311925,0.026947007,-0.020475483,-0.0036222604,-0.00543355,0.9101164,0.083069146,-0.012848152,0.010648072,-0.009805103,-0.06432611,1.0396897,0.97848105,7724.5264,58.76065,130.31642,94.78552,25.48388,93.12056,0.00020016787,96.761955,-887.457,DOS-TCP_FLOOD
20.147554,6.094042,64.32672,20301.336,-0.030817926,0.0061987326,-0.021048408,-0.0035909337,-0.018322134,-0.011650486,-0.0061605964,-0.4833206,0.21429148,-0.0088487,-0.119242445,0.11647851,0.0043150294,-0.0078094513,0.025470916,-0.021209994,-0.02398626,0.0023938203,1.0166628,-0.0028291603,0.008700843,-0.010573672,-0.022091279,-0.04203904,1.0402803,0.993682,7192.648,59.79738,105.41978,67.80995,13.801777,85.6807,3.4291894e-05,101.56249,3413.397,DOS-TCP_FLOOD
21.309843,5.5375495,71.42629,24418.283,-0.014940834,0.010925631,-0.0073102564,-0.0062805177,0.025400802,-0.007698142,0.0305579,1.1043141,0.21084113,-0.035641722,-0.03857958,0.16684058,-0.011830009,0.019236807,0.01172922,0.009430367,-0.024187157,-0.023618078,1.0250437,-0.013449044,-0.0033821026,-0.016246472,-0.008956612,-0.035493813,1.0361114,1.0007383,7544.7935,60.8787,299.73352,76.445435,52.90894,79.67844,5.5871642e-05,99.48001,13790.93,DOS-TCP_FLOOD
20.850592,5.0902433,67.748314,19248.117,-0.012647667,0.011516205,-0.029060438,-0.022129674,0.02476142,-0.010077371,-0.0002676947,-0.029758453,0.67480093,-0.053763732,-0.04940466,0.14058019,0.017491564,-0.0018615741,0.018899081,-0.035110157,-0.019883653,0.019502513,1.0433451,-0.03911741,0.039720684,-0.0061230105,-0.03175064,-0.053144522,1.0297471,0.9973914,6897.937,60.054253,138.40182,80.20153,4.654744,84.32036,-2.2681445e-05,102.830635,8538.01,DOS-TCP_FLOOD
20.486292,5.6594257,65.46544,5642.9946,0.069801144,0.0075058625,-0.014150501,0.013196199,-0.014798788,0.0011898082,0.018701226,0.4208517,0.46253604,0.5081551,-0.051773746,0.14143947,0.008294812,0.04095316,0.03016865,0.012345625,0.0051088817,-0.019294227,1.0053725,0.009852516,-0.008399823,0.0018493622,-0.03520003,-0.027420774,1.0043471,0.9820577,4844.084,59.877018,135.26218,69.596405,21.71721,68.19713,0.002286716,99.78285,3612.0527,DOS-TCP_FLOOD
19.429531,6.0926223,62.598186,17478.27,-0.0038166903,0.005077042,0.018106759,0.014274426,-0.008801268,0.035157304,-0.0016962015,0.46072674,0.5227644,-0.0713502,-0.040285718,0.07753032,0.062068995,0.021842286,0.014786264,-0.017849132,-0.017215235,-0.034301873,0.9851653,-0.0061314832,-0.0017739856,0.015339101,-0.01137447,-0.007395623,1.0034596,0.9637783,4783.3516,59.443478,37.364975,50.721146,25.643734,86.36886,0.000104783205,99.45529,1098.7179,DOS-TCP_FLOOD
20.2835,5.600712,64.48288,21535.281,0.0064830296,0.0055543003,-0.019312048,0.01882098,0.0026158458,0.020015284,0.03664925,-0.060266376,0.14964361,0.023182193,-0.047681876,0.048455715,0.12718393,-0.0035296567,0.011680549,-0.014132557,-0.009606857,-0.01625154,1.0028062,-0.0029204336,-0.009552295,0.005230212,-0.00037428923,0.00047880225,1.0306852,0.9933198,7813.1567,59.287865,178.38335,72.29872,27.821243,83.34416,-0.00015600717,99.253044,6795.8506,DOS-TCP_FLOOD
21.360397,5.4884524,65.166115,19604.125,0.004916163,0.007037771,-0.036112707,0.0017823033,0.020483525,-0.00554501,0.018111924,-0.39594305,0.38997635,-0.021299098,-0.1087197,0.15956731,0.05590513,-0.013274739,0.04054239,0.036705956,0.0116642,-0.0020043505,1.0680152,0.00088975584,-0.0035448885,0.019478083,-0.0094336495,-0.042274147,1.0293884,1.0031273,4179.889,59.292206,107.06004,64.42589,-1.0194492,108.47265,6.443834e-05,103.24923,8199.977,DOS-TCP_FLOOD
20.27221,6.1787567,67.21756,11572.276,0.045767855,-0.00054642186,-0.0022694096,0.013399332,0.054469705,-0.016292628,0.024020776,3.015527,-0.02999745,0.45127118,0.061599184,0.13030215,-0.001201853,0.012089595,0.013886828,-0.0044427672,0.0043088337,-0.036840606,0.9689246,0.025311051,-0.038932987,0.00042181346,-0.009889807,0.0046154577,1.0134588,0.99460125,8037.533,59.660927,119.74912,83.93906,21.33506,81.17034,8.403363e-05,97.445526,2807.6125,DOS-TCP_FLOOD
20.519197,5.082331,63.374947,12034.021,0.012556151,0.002217914,-0.017420597,0.009109007,-0.020019311,0.011669196,0.019508738,-0.29333353,0.17916672,0.03912695,-0.059256047,0.141445,-0.006330933,0.026861813,0.022882586,-0.0027758954,-0.001377766,-0.018661266,1.0582215,-0.04116132,-0.009112918,0.019770188,-0.016541189,-0.009806546,1.0297159,0.97442687,5523.716,59.858994,131.36253,60.78788,33.07713,79.71455,0.00020401868,102.84638,7416.8135,DOS-TCP_FLOOD
19.908796,5.7176275,64.49789,14700.088,0.017348245,-0.016387427,-0.012228426,0.0036424769,-0.031314388,-0.0030548754,0.02363799,-0.582764,-0.3340845,0.06834968,-0.02879761,0.10529075,0.0017844677,-0.0002716668,0.023864405,-0.042305626,0.0077405893,-0.013331838,1.0105846,0.004213437,-0.023116756,0.010075747,0.008074426,-0.015251121,1.0529736,0.98672456,11244.726,60.99376,274.92535,128.08957,52.65593,137.63513,0.0001485373,101.72159,14570.41,DOS-TCP_FLOOD
21.174837,5.295435,64.43293,29430.139,-0.026079841,-0.0010806023,-0.01941026,0.012019242,0.014895115,0.032384697,0.03327354,-0.051816225,0.23124498,0.027533473,-0.07134254,0.021590369,0.44115058,-0.024353351,0.041158874,-0.01192361,-0.039064176,-0.01642534,1.0457549,0.005999552,0.03971852,0.02374787,-0.022264829,-0.052354857,1.0155761,0.96668875,3194.9006,59.073246,138.88676,15.223686,27.441757,73.33778,0.00042237976,100.8172,-3177.702,DOS-TCP_FLOOD
20.124073,5.805832,63.514793,31429.47,0.00654066,0.008882047,-0.010349796,0.011227802,0.001935509,0.016455406,0.021111786,-0.27731514,0.14914005,-0.047715247,-0.022316473,0.050012298,0.13036798,-0.010913395,0.022675937,0.0125447605,-0.010466991,-0.0028244685,0.9842849,0.00017474592,-0.02634015,0.022398608,0.003254204,-0.011286921,1.01986,0.9797142,8074.9795,59.533947,126.70201,48.961456,27.287733,73.95219,8.468851e-05,96.185585,-626.33545,DOS-TCP_FLOOD
20.892574,5.428053,63.73486,11433.086,0.02993606,-0.0011328718,-0.0002585724,0.00095821725,0.047256626,-0.017657299,0.016144106,1.700867,0.1278347,0.09773541,0.0060264766,0.1360853,-0.0018676737,0.0023006788,0.03013029,-0.013004176,0.014163462,-0.011826939,1.0221226,-0.026672415,-0.030086223,0.024342678,-0.023572622,-0.017854959,1.012377,0.98033035,6664.4717,59.92076,57.948135,46.368916,5.2634296,59.596737,4.3356456e-05,98.51639,-4084.4148,DOS-TCP_FLOOD
18.684317,6.182747,64.47345,24974.387,-0.010871486,0.0063055693,-0.006166338,0.002599223,-0.050899588,0.016310768,0.03710864,-0.62800825,0.09451915,0.014367698,-0.040982664,0.039329864,0.0099350745,-0.0019338867,0.024941731,-0.028148564,-0.013516159,-0.007741041,0.95797384,0.034568366,0.01218163,-0.0031773222,-0.010956725,-0.042690232,1.0181959,0.9712197,7959.9463,59.699852,256.1207,96.41155,49.861782,117.34062,0.00020989212,101.032455,4352.329,DOS-TCP_FLOOD
20.96823,5.077347,64.23242,13104.26,0.011344342,0.008026651,-0.01845689,0.00051624887,-0.020982109,-0.0013467565,0.025996743,1.8332173,0.20479314,-0.026602393,-0.05005601,0.14733192,0.016728908,0.005829106,0.00027652364,-0.013209341,-0.0022259331,3.4365803e-06,1.0531276,-0.027134117,0.006317713,0.01576832,-0.026438842,-0.025431499,1.0113024,0.9851977,5412.124,59.76047,340.8781,65.237076,59.49776,72.72,0.00013868153,105.9652,10286.66,DOS-TCP_FLOOD
20.387594,5.4536815,65.67407,25066.732,-0.015591938,0.008898799,-0.040626522,0.01061019,-0.06811068,0.034915395,0.02993945,0.18794662,0.29772246,0.022831773,-0.05487681,0.038090218,0.005609419,0.007969289,0.0055970205,-0.00047787558,-0.020043096,0.0064143026,1.0192184,0.00065838173,0.01394561,-0.009832849,-0.019320058,-0.05359277,1.0245101,0.9803489,5900.86,60.0757,226.83122,70.902145,35.270798,94.18082,0.00020178429,104.983665,6505.4907,DOS-TCP_FLOOD
19.481133,5.5278835,63.709415,31096.26,0.020156128,-0.0022653295,0.0810479,-0.003611177,0.0148315,-0.024781022,0.014758145,-1.3197052,-0.086945005,-0.11193301,1.2093939,0.132764,-0.017113788,-0.023589704,0.047918946,0.01555293,-0.019082537,-0.022298703,1.0304422,-0.020799218,-0.029270323,0.010123296,-0.027443796,-0.024355853,1.017999,0.9919669,6714.626,59.514515,-43.609344,64.90063,-28.218788,76.20981,8.058254e-05,98.74381,-16316.78,DOS-TCP_FLOOD
20.125078,5.25874,64.049385,19658.266,0.031509496,0.0052617746,0.0030928105,0.005622225,0.020872515,-0.016056497,0.0442283,0.75895303,0.33253282,0.021207139,-0.02509775,0.100213215,0.0037187745,-0.016392741,0.039546,-0.003701481,0.0042926194,-0.0035196682,1.0152333,-0.020345204,-0.03171774,0.014282215,-0.013284285,-0.046274208,1.0155255,0.9684154,6729.0396,58.50261,61.149765,53.468426,1.7403507,47.596397,3.0488038e-05,100.54113,-2507.753,DOS-TCP_FLOOD
20.204685,5.214916,63.43014,18476.29,0.02399165,0.0056913528,-0.013526463,0.019353017,0.057017155,0.017039299,0.04612304,1.2803037,0.14623845,0.19906522,-0.04882775,0.09071694,0.22184987,0.0036506215,0.013140589,-0.00789239,-0.0011374406,-0.012412005,0.98137784,-0.008728394,-0.02341747,0.047775768,0.009984443,-0.002923878,1.0131886,0.96987164,5568.1294,58.889687,124.36426,42.84972,20.375853,31.352242,0.00010891954,95.48819,1220.731,DOS-TCP_FLOOD
19.050272,6.2251315,63.495014,17898.713,0.03661472,-0.02041881,-0.0018399884,0.020558584,-0.049610913,0.02776232,0.048536997,-0.033707976,-0.2603363,0.49319652,-0.09483263,0.08639635,-0.0030806547,-0.009496048,0.009241383,-0.0042960187,0.0072844834,-0.013892811,0.95607626,0.07223323,-0.0063537257,0.017407771,-0.011940355,-0.044143923,1.0246749,0.9761928,8331.134,59.07655,259.9996,100.475464,40.619843,115.01779,0.00024016983,102.65605,1851.7944,DOS-TCP_FLOOD
21.115896,5.562317,64.81118,11740.316,0.022309612,0.0032059744,-0.023748346,-0.00035136752,0.048196435,-0.008882613,0.018253662,0.47410315,0.012456551,-0.0056920014,-0.039899856,0.16620257,-0.0070265117,0.0020731427,0.02363812,-0.014529314,-0.0045195688,-0.0040960545,1.0385141,-0.03679982,-0.0047776033,-0.012330095,0.004255227,-0.026191842,1.0226517,0.9987184,7419.9697,61.731285,269.99945,68.81286,41.120728,78.35764,0.00015716994,100.22354,6516.9067,DOS-TCP_FLOOD
19.619406,5.5805283,64.07115,19779.459,0.021489955,0.0053753983,0.0012496649,0.010712548,-0.019145343,-0.00091838476,0.021368826,-1.0293736,0.1494563,-0.037051678,-0.029780267,0.08574795,-0.011282687,-0.008626365,0.025305677,0.0017447071,-0.008475505,-0.036437113,1.0148867,-0.01834983,-0.013896294,0.022787318,0.008110133,0.0038725883,1.0354872,0.9942817,8973.116,60.018265,47.874664,75.82166,-23.131123,75.73806,-3.2071417e-05,99.15787,-5524.1772,DOS-TCP_FLOOD
20.026695,5.9856515,71.45843,25494.998,0.02812352,0.0061246487,-0.022950634,0.0067359293,-0.036063932,-0.020110125,0.045570277,-0.79543126,0.27295652,0.1577388,0.028755942,0.0870248,0.010997779,0.011156145,0.009839795,0.026366252,-0.0021824148,-0.033706985,0.9712677,0.02311675,-0.03996547,0.012095453,-0.019329352,-0.05053231,1.0267892,0.9901213,8864.769,59.30812,101.83226,98.00845,-3.2732239,81.48991,8.174176e-05,99.043106,-405.24255,DOS-TCP_FLOOD
18.865707,5.9273057,63.154007,15712.621,-0.006138077,-0.011055904,-0.0037540146,0.0047776345,-0.01957242,0.011234394,0.03521755,-0.015475273,-0.30995852,-0.009320955,-0.048118122,0.120277144,-0.0019520441,-0.011397115,0.00016983598,-0.01747067,-0.010339258,0.00069214497,0.9641995,0.051963724,0.012907272,0.031754408,-0.0018907711,-0.03854624,1.0094293,0.97045505,8372.584,59.691666,425.31622,91.76356,60.829174,90.89642,0.0006313375,98.868,1898.5916,DOS-TCP_FLOOD
19.523275,6.0268235,62.222885,9453.301,0.0005030725,-0.005146604,-0.0010338868,0.022486528,0.022662692,0.006873938,0.0327196,0.72498965,-0.00093333423,0.06299286,0.0028850138,0.11569268,-0.0076096714,0.01926746,0.015203766,-0.0267742,0.009387307,-0.0060147606,0.9548064,0.0077120285,-0.022192579,0.035786755,0.021642419,-0.005708663,1.0007002,0.96148807,7581.77,60.043686,132.17102,52.037457,26.828474,74.49537,0.00023851181,96.29254,5865.638,DOS-TCP_FLOOD
23.13799,4.8617144,63.436886,16778.951,-0.0062424783,0.0019127944,-0.047234144,-0.0060739554,0.06704953,-0.01577627,0.011389205,1.110277,0.18700725,-0.06799396,-0.09363371,0.14653653,0.25060022,0.0023264205,0.021164585,0.0066538854,-0.008824807,-0.025818534,1.0515461,-0.025511298,-0.011643877,-0.008908377,0.007565659,-0.0024715532,1.0325739,0.99277985,4010.7554,59.935585,135.80048,18.427513,20.259275,30.094688,0.00024567737,99.4341,78.61665,DOS-TCP_FLOOD
20.346382,5.233638,64.308235,16203.6875,0.03745517,0.004238014,-0.00013547717,0.001827763,-0.014010221,-0.016694002,0.019808311,-0.44896603,0.18841678,0.070677295,-0.05530876,0.14886552,-0.012042983,0.025271008,0.027941529,0.00033122953,-0.013242736,-0.037821963,1.011293,-0.036603082,-0.016770162,0.0062489985,-0.06045311,-0.028409809,1.022346,0.971776,6147.77,60.261105,59.130447,65.518135,20.930376,63.310734,0.00010741278,100.20184,1787.8364,DOS-TCP_FLOOD
22.582785,4.6969633,63.85666,18790.803,0.020686274,0.0014055407,-0.035555787,0.024376137,0.08782214,-0.005830085,0.03329948,1.070314,0.1000146,-0.028724289,-0.13773096,0.15450889,0.087351635,0.011528688,0.029654685,0.013114616,0.009244898,-0.01966925,1.048147,-0.045454733,-0.028235942,0.0403527,-0.006840853,-0.02622791,1.006351,0.9902117,3441.2432,59.62555,79.15553,21.980309,0.64788437,29.057602,-1.3367753e-05,98.4325,-598.73895,DOS-TCP_FLOOD
20.587656,5.698124,63.907623,13468.201,0.022857789,0.04137953,0.0059169577,0.003915614,0.004485634,0.0005993381,0.024229094,-0.051050544,0.9036028,0.054334175,-0.06215582,0.14659224,0.006705799,0.03007048,0.024412971,-0.0098500205,-0.018554742,-0.020409726,0.98910666,-0.0103114415,-0.00820974,0.016794683,-0.013476761,-0.019346135,1.009047,0.9824219,6172.799,60.303333,38.45012,56.790478,-5.164509,74.77767,1.96021e-05,98.30804,-4635.6494,DOS-TCP_FLOOD
19.492609,6.3199635,62.97967,6303.539,0.0013632327,0.003957609,-0.015641395,-0.0006336849,-0.034354478,0.042772293,0.023519563,1.2564498,0.21440837,0.09981039,-0.018678768,0.009420569,0.10967465,0.021600056,0.021379022,-0.017202962,0.0038866606,-0.011210087,0.97817796,0.03491865,0.0026402902,-0.004286724,-0.019747049,-0.034644224,1.0438819,0.9776562,5196.106,63.742977,169.61746,91.82523,48.687485,115.334335,0.0003802175,98.69969,8216.489,DOS-TCP_FLOOD
20.64349,5.0168676,65.75434,8292.24,0.05209712,0.008614766,-0.0162648,0.06652934,0.03976991,-0.020872094,0.035111435,1.2716794,0.21557972,0.23863909,0.04130082,0.15964507,0.016701756,0.005188384,-9.866431e-05,-0.014891529,0.022477113,0.008326596,1.0128154,-0.029563805,0.0046996446,0.0050801993,-0.0022943178,-0.032734357,1.0079912,1.000527,8602.461,59.66317,483.09363,62.20945,82.45666,70.59282,0.00047800934,100.43894,20680.05,DOS-TCP_FLOOD
22.149971,6.126728,68.51849,12852.947,-0.01570433,0.0108064925,-0.024169557,-0.010227347,0.034784913,-0.06651233,-0.00024239998,1.0447795,0.34479308,-0.1042454,-0.04864722,0.19069396,0.008434041,0.019891534,-0.0040810416,-0.0013378402,-0.007355534,-0.021234475,1.0414612,-0.01794938,0.007162769,-0.021073956,-0.03387224,-0.01478778,1.036695,1.0099094,5408.012,62.01366,143.24496,58.76668,32.134884,66.36208,4.5415523e-05,99.83955,7895.331,DOS-TCP_FLOOD
20.106684,5.370611,63.671032,22126.941,0.01496855,0.00040352717,-0.026460242,0.0080591915,-0.043518737,0.02040348,0.008082727,-0.83028555,0.16300403,-0.00052878633,-0.087012134,0.12259786,-0.0015959997,0.0098637715,0.016048111,-0.00036932994,-0.017758897,-0.029469205,1.0253463,-0.009573343,0.015605512,0.02578932,-0.029080875,-0.03581375,1.0090575,0.9691825,6219.0356,59.986637,128.2785,82.81198,28.743725,87.12123,0.00052784674,102.130806,5694.9375,DOS-TCP_FLOOD
20.033024,5.6935983,63.873924,15369.656,0.0071093435,0.0044962578,-0.02166687,0.018245203,0.034583587,-0.0003888528,0.042242337,0.40907663,0.14759451,-0.024967067,-0.06190154,0.0848576,0.07962687,-0.00024529174,0.032921795,-0.009135207,0.0031852163,-0.0038927002,0.9668194,-0.0063818227,-0.022929804,0.022972722,0.005154088,-0.025100853,1.0203974,0.9755159,7128.792,59.26028,116.94359,50.711052,18.42599,50.827595,7.6336204e-05,96.64384,2831.0352,DOS-TCP_FLOOD
18.564264,6.3783374,64.227615,14481.406,-0.013460347,0.02450228,0.022963295,0.0009226519,-0.025697356,0.028274117,0.00037399586,0.7806001,0.9339309,0.009817275,-0.036530826,0.0481743,0.017716551,0.019134464,0.02845505,-0.035841957,-0.0147678815,0.015553256,0.96186876,0.0076553556,0.022797082,-0.043885004,0.022492455,-0.034729607,1.0337484,0.9723762,7240.5186,60.188316,338.8482,122.919266,91.94298,144.03113,0.00027688945,100.537865,23311.326,DOS-TCP_FLOOD
21.665,4.9802847,65.71514,7721.2144,0.055981003,0.006386415,-0.02513558,0.0127018755,0.03691496,-0.013408478,0.026235715,1.3389199,0.25114906,0.15030728,-0.06007655,0.1164732,0.22437921,0.03632469,0.0041427277,0.0012147613,-0.005372076,-0.031471398,1.013769,0.0061480235,-0.00093935523,0.008084938,-0.008677998,-0.009863283,1.0034102,0.97339904,3723.523,60.5627,280.45523,55.167267,43.745773,50.490055,0.0029685835,99.049736,7387.872,DOS-TCP_FLOOD
20.036297,5.716944,63.964073,12511.3955,0.031287424,0.006408193,-0.010411623,0.0110505065,-0.011306196,-0.0057357764,0.031107992,0.09386122,0.31701878,0.1672794,-0.10248542,0.12663934,-0.0005988497,0.043797385,0.035009015,-0.007916967,-0.0087927645,-0.02309518,0.9707818,0.016218496,-0.009470469,0.030247238,-0.026641138,-0.035074953,1.0009781,0.9806842,5493.7104,59.990673,68.245224,61.163155,14.758955,76.16029,0.000121524696,99.91125,4671.6865,DOS-TCP_FLOOD
18.943453,6.694942,64.333725,12330.904,0.009407102,0.007963675,-0.007362775,0.02398537,0.01299865,0.009206392,0.028162096,-0.04912913,0.055973865,-0.009396522,0.015762016,0.095827386,0.007832013,0.007610218,0.009612347,0.0064513227,-0.0123027675,-0.006531733,0.92840195,0.033324562,-0.023247397,0.011714816,0.013735395,-0.0039878674,1.0161799,0.98611784,8361.936,59.59184,128.69315,77.579994,24.973738,71.55134,2.5482615e-05,95.13205,5318.849,DOS-TCP_FLOOD
20.232767,5.2820725,63.904655,14186.555,-0.014791328,0.0033810888,-0.0050787907,0.010823876,0.015040325,0.02638087,0.015371378,0.18755162,0.12938038,-0.0085437475,-0.08748187,0.1303232,0.005190982,0.026175365,0.017208036,-0.02362786,-0.0050942693,0.0066286977,1.0291207,-0.027346252,0.025967266,0.026547333,0.0020668283,-0.013076577,1.0079498,0.9706912,6134.3027,59.782494,192.88593,57.936756,41.388283,86.04876,7.306834e-05,100.508514,5113.798,DOS-TCP_FLOOD
20.060904,6.0774207,63.941994,12001.535,0.008466587,0.0019583658,-0.01064699,-0.003496301,0.03797106,-0.017187122,0.0049993396,0.2691973,0.014208331,0.0014351308,0.009138658,0.14028402,0.0027259237,0.011922199,0.023862686,-0.016462697,0.00079761725,-0.023923542,0.99396867,-0.005792028,-0.0025812024,0.012745999,0.002650735,-0.014161689,1.0251728,0.9855664,8177.946,59.997124,94.024704,75.48865,22.38349,77.497086,0.00010849924,97.328445,2389.2773,DOS-TCP_FLOOD
19.273645,5.829032,64.26603,14663.998,-0.003912542,0.0052016857,-0.013542614,-0.001250334,-0.012736455,0.01141159,0.031965874,-0.26765037,0.12326239,-0.005915491,-0.049523033,0.1136922,-0.020204995,0.011952723,0.025953252,-0.0147122815,-0.02374113,0.00028100796,0.96997046,0.02206229,-0.003810844,-0.0013571687,0.00208267,-0.029847253,1.0399452,0.97569895,8350.6875,60.37205,204.8952,100.27925,31.428856,104.57506,-1.4422694e-06,98.60707,6925.7437,DOS-TCP_FLOOD
20.821323,6.1110516,64.28943,13399.684,-0.0025192648,0.011885448,-0.0038519036,-0.002321479,0.039459206,-0.018511835,0.0036348333,0.5411659,0.3720693,-0.030587766,-0.08375362,0.13815105,-0.00023517199,0.0380756,0.011884566,-0.00065320637,-0.00017621554,-0.01400786,0.98021287,-0.002512805,-0.018513387,0.005952695,-0.018727755,-0.032032896,1.0117786,1.000024,5741.717,59.73378,66.105835,56.999126,10.236624,58.299088,0.00012842401,100.423515,3840.8774,DOS-TCP_FLOOD
19.601818,6.080913,65.08408,20172.592,0.02369527,0.0017813739,-0.014456511,0.03374498,-0.03174317,-0.011175148,0.02853197,-0.5250828,0.024908705,-0.047435243,-0.17183703,0.11108588,-0.009202357,0.016866071,0.007106368,-0.0032854034,-0.021905454,-0.022180898,0.9667106,0.023893317,-0.025959723,-0.0017819111,-0.005104672,-0.03150635,1.0181885,0.9769856,8768.663,60.522995,173.40787,83.00758,24.781708,86.88439,0.0009505921,99.593605,3924.1614,DOS-TCP_FLOOD
19.343866,6.373628,62.962025,18047.926,0.01331671,-0.00998884,0.06468936,-0.004341344,0.01610801,-0.0013544585,-0.0019302615,-0.5146816,-0.54811496,0.02632648,1.1204674,0.13200729,-0.00793865,-0.028073028,0.01898264,0.0019482477,-0.005758072,-0.0063858973,1.0195155,0.025859902,-0.0054502813,0.024561826,-0.03469255,-0.04150355,1.0136703,0.9847176,6111.72,60.02969,74.18533,111.71944,17.768578,91.690956,0.000115600174,96.83505,-1965.721,DOS-TCP_FLOOD
21.46044,4.118168,64.01376,20275.145,0.011061112,0.005401993,-0.013493141,0.032146916,0.08287826,0.015165435,0.057176523,4.284091,0.21701801,0.08874998,0.015868448,0.13901635,0.013442199,0.00026714057,0.0023374148,-0.054363977,-0.0039718323,0.0002636481,1.063669,-0.08281427,0.012640421,0.015891962,0.021479968,-0.012263655,1.0023785,0.9593425,6501.3325,59.920113,560.6427,60.49849,137.12918,92.91571,-0.00047043874,100.45268,54128.93,DOS-TCP_FLOOD
20.0377,5.3666234,63.38281,25642.293,-0.004190812,0.010877137,0.000775347,0.04838227,0.019817296,0.028743904,0.047543686,-0.24501228,0.20972894,0.017149687,-0.13777271,0.11953316,0.07130898,-0.0028408645,0.04795804,-0.0024737464,-0.016327843,-0.010394849,0.9858785,-0.006249847,-0.020262683,0.029105993,-0.0011772569,-0.023944022,1.0023034,0.9473916,4079.8599,59.47104,5.447693,14.237831,10.112822,42.72078,-2.1376283e-05,96.104515,-5112.3467,DOS-TCP_FLOOD
21.885824,5.931436,64.006065,15999.43,-0.010614171,0.0114146685,-0.003736366,-0.008659374,0.078916326,-0.019009931,0.0050906907,1.2596409,0.5016552,-0.03513923,-0.056890003,0.1404683,0.007448473,0.0051772827,0.02488711,-0.017286278,0.014310356,-0.008367215,1.0514611,-0.04432216,0.024149472,-0.0073402743,-0.01970337,-0.036375687,1.0036604,0.99122036,6770.5176,61.51914,203.39853,68.587425,38.082245,92.121124,0.0001571052,100.355835,804.452,DOS-TCP_FLOOD
19.628525,5.4730515,63.03454,9592.119,0.014104463,0.0037501038,0.011160426,-0.014266274,0.014389234,-0.006153614,-0.00057311496,-0.10202646,0.4896875,0.020128947,-0.01777792,0.114877164,0.004247208,0.013844881,0.024133064,-0.020855593,-0.004712995,0.0037760753,1.0117037,-0.014584125,0.018113121,-0.004496004,-0.038431276,-0.027974304,1.0230733,0.97612846,5527.393,59.991104,15.245132,44.66114,-16.71774,90.045364,5.084336e-05,99.45066,-8825.893,DOS-TCP_FLOOD
23.32772,4.5863504,63.733875,23410.746,-0.024778357,0.024472935,-0.0419863,0.0102150785,0.044429086,-0.009623162,0.011948812,0.32358634,0.78893214,-0.19801867,-0.085498504,0.09446279,0.5524768,0.0065132882,0.01877313,-0.01895368,-0.009314639,-0.02413579,1.0578715,-0.03073434,0.01097822,0.0062452666,-0.03182436,0.02953111,1.0448159,0.9972028,2698.9492,60.105255,13.151199,-24.01976,2.979229,22.058472,-0.00020519657,99.68116,5219.0566,DOS-TCP_FLOOD
20.974419,5.09705,63.475563,19007.713,0.021894496,0.0024772498,-0.028400589,0.0028558634,-0.0051734103,0.035140805,0.0252955,0.87310004,0.31410956,-0.012809958,-0.05761259,0.088420495,0.1169168,0.012273955,0.028732006,-0.010102642,0.028231163,-0.014577115,1.0519872,-0.028218767,1.9702129e-05,0.028900497,-0.030960945,-0.032875918,1.0195324,0.97766453,3636.4973,59.00629,114.87416,11.353043,21.581888,50.311436,0.00014763678,103.033356,986.6147,DOS-TCP_FLOOD
20.813705,4.8399053,62.13467,13616.703,0.008762757,-0.00011181086,-0.0100588845,0.004473336,0.014389442,0.027135361,0.021926118,0.89541966,-0.042011946,-0.034322623,-0.025080297,0.14306055,0.0075267516,-0.0037789717,-0.015521013,-0.040062796,0.029363392,-0.01705355,1.0400714,-0.030623522,0.03681866,0.048128136,-0.009966785,-0.023014313,0.99573356,0.97408843,5968.965,59.95221,392.7817,47.553757,64.947495,78.72983,0.00033643527,102.23548,7301.394,DOS-TCP_FLOOD
21.894274,5.1613593,64.14002,21830.887,-0.011543621,0.004528086,-0.03521606,-0.004905119,0.03024515,0.0035984018,0.01687688,-0.023387432,0.5084773,0.05201766,-0.10444826,0.08945069,0.1113008,-0.02526164,0.03168862,-0.019847268,0.0044020824,0.009043281,1.0400443,-0.033191286,0.021193756,0.0011983223,-0.008210176,-0.0427517,1.034916,1.0046265,6656.3867,60.930115,4.1742706,27.923111,-24.061882,70.90369,2.2985754e-05,101.06187,-2210.1653,DOS-TCP_FLOOD
20.61123,6.175601,65.808266,15590.877,-0.029852748,0.010750757,-0.004479883,-0.004843613,-0.039358594,0.015275398,0.0069727562,-0.8128927,-0.021317897,0.049678527,-0.055681266,0.087408386,0.004017923,0.0066315476,0.030112563,0.020110196,-0.041916274,-0.020682039,1.032289,-0.008927347,-0.030257951,0.0013229076,-0.008832858,-0.024844937,1.0044096,0.97696394,6449.4497,60.285976,98.80142,69.66291,25.396389,75.77669,0.00020299281,103.39,-4266.091,DOS-TCP_FLOOD
21.516191,5.4566994,63.55788,11800.264,-0.008698757,-0.0016283278,-0.013219724,-0.0021861354,0.016208041,0.012676042,0.010913228,-0.41926825,0.19214527,-0.03209076,-0.10300526,0.14550179,-0.0032952416,0.01805447,0.024009746,0.006531067,0.0050047273,-0.012098457,1.0613701,-0.040928237,0.01308657,0.009716427,-0.023791904,-0.018840473,1.0159332,0.9717037,4958.5527,61.289974,32.86644,58.492588,19.977108,79.950905,0.00057633745,101.16009,2868.4067,DOS-TCP_FLOOD
19.868141,5.8681397,63.49038,18254.154,0.009210826,-0.0076236436,-0.009071564,-0.003797903,0.042344145,0.006152874,0.019111352,-0.15903056,-0.001334101,0.06588646,-0.035319105,0.12472619,-0.0039264024,-0.0009197928,0.021369267,-0.028178819,0.00090711284,-0.0146811595,0.98210496,-0.0017937945,-0.00019856496,0.024963962,-0.0072116028,-0.016032146,1.0182428,0.98026925,7336.6504,59.88564,12.884476,51.339073,-7.515621,58.659485,-0.00018692958,96.50272,-7618.665,DOS-TCP_FLOOD
20.132704,5.8277507,62.987305,13855.721,0.0113475965,-0.012888816,-0.0026040361,0.016890882,-0.0003408715,0.026874112,0.023990868,0.6021962,-0.26553702,0.09795712,-0.011084023,0.10425463,0.0061657773,-0.006198408,-0.010887509,-0.015772233,0.0035823463,-0.018531417,0.97028613,0.0076874304,-0.017932035,0.01936962,0.0277049,0.012114191,1.0318965,0.97386825,8662.164,61.02816,97.30264,60.80204,19.79972,75.11694,8.1364764e-05,99.365555,-3166.263,DOS-TCP_FLOOD
19.967655,5.452594,65.053604,18727.398,0.0061023794,0.007901605,-0.009276638,-0.0050586746,0.005028049,-0.013092684,0.0149994325,-0.43574226,0.20487174,0.00841584,-0.079219006,0.12150122,-0.0010230745,0.023893027,0.027493557,-0.012733544,-0.018059995,-0.0014605094,0.9928238,-0.0071672616,0.00370292,-0.004935516,-0.010142828,-0.042101577,1.0189492,0.9780087,6723.6963,60.066574,150.37953,72.40223,25.571833,78.117615,0.000110975816,101.07928,2477.5027,DOS-TCP_FLOOD
20.555384,5.6968937,64.3469,17999.637,0.014922505,0.0041448115,-0.033024274,0.00310737,-0.0013276907,0.0025298474,0.028531235,-0.017848015,0.3395939,0.07223223,-0.07734886,0.086721145,0.016150229,0.0024448521,0.02705459,-0.025353286,-0.019360982,-0.0024579372,1.0141236,-0.020375066,-0.0064578536,0.007297816,-0.003707325,-0.0270768,1.0287652,0.9787915,6087.466,60.219395,75.4462,47.04838,-1.8194046,67.338394,-4.866146e-06,100.39217,-3896.3347,DOS-TCP_FLOOD
20.762066,5.530976,64.30861,31026.314,-0.007960935,0.0046888846,-0.01606294,0.0075285523,0.000572633,0.008919231,-0.012081823,0.28019822,0.22767857,-0.0840614,0.007945838,0.045636013,0.194162,-0.01730862,0.03707762,-0.026420077,0.018216077,-0.03783397,1.0388672,-0.01629048,0.003507482,0.018200051,-0.005646157,0.007150685,1.0414491,0.9894068,5963.9355,60.376537,147.61139,41.45303,31.72771,76.36166,0.00020503765,101.93046,1866.709,DOS-TCP_FLOOD
19.839563,5.627102,64.775505,12984.592,0.017100539,0.008647049,-0.02076272,0.0015373487,0.0055885613,-0.00046387315,0.025011785,-0.42175984,0.31212237,0.027549157,-0.063854985,0.11826564,0.0070625963,0.012601469,0.027008105,-0.010945717,-0.0047868816,0.0038639782,0.99455404,0.0015890301,-0.016524233,0.019971216,-0.010963496,-0.027379302,1.0287184,0.98680395,6544.441,59.764553,65.91638,54.69826,0.5239811,61.536884,0.00011062834,98.062355,660.7473,DOS-TCP_FLOOD
19.074842,5.8149133,63.09125,17731.576,-0.00818517,-0.0018708812,0.008710671,0.017034734,-0.038627304,0.04630222,0.028656544,0.25796604,0.10198079,0.041593365,-0.041749027,0.07815619,0.00093781756,0.03925327,0.029223312,0.0066871895,-0.01983925,-0.028077923,0.95179725,0.038516264,-0.0068492778,0.01818297,-0.0019707158,-0.023966439,1.0130982,0.9604766,4080.2349,59.679024,222.32108,42.487503,48.20729,50.17641,0.00019657447,98.41346,2146.9307,DOS-TCP_FLOOD
20.869062,5.8495016,63.246716,14417.275,0.021994831,0.0064844,-0.036560044,0.0115747675,-0.0009617256,-0.014020491,0.01053217,-0.08013463,0.35685214,0.20456569,-0.062200356,0.13415137,-0.00018872507,-0.004082648,0.011637426,-0.03214747,-0.0017138757,-0.033610202,1.0185907,-0.0044412795,0.03490713,0.018483777,-0.02107788,-0.034629837,1.0369728,1.0056899,8454.836,59.88384,29.187973,87.98301,-1.8572407,133.7825,-6.9675894e-05,102.92896,1759.926,DOS-TCP_FLOOD
18.042183,6.902194,62.00338,17592.428,-0.0034682732,0.006701966,0.00034262892,-0.005132623,-0.059473097,0.048659142,-0.015285327,1.0667049,0.12833656,0.07046009,-0.01429783,-0.037163664,0.17571472,-0.012633949,0.026224991,0.003683851,0.003734501,-0.016983673,0.90264547,0.09541065,0.00277702,-0.011004353,-0.0051260926,-0.03489501,1.0405706,0.9588631,3138.982,61.170208,213.76735,97.41678,77.66814,126.88449,0.00032950757,96.30897,4853.5054,DOS-TCP_FLOOD
20.711561,5.4097466,64.35145,14694.643,-0.02921839,0.003974872,0.014759505,0.007608919,0.04436607,-0.0076457956,0.00087890076,0.09458673,0.23491791,0.050025836,-0.045229938,0.12140907,0.011457759,-0.01118625,0.01851809,-0.023014126,-0.008329011,-0.010279919,1.0386147,-0.055131655,-0.0055269003,0.020568578,-0.028430864,-0.023973173,1.0048374,0.9872943,5309.231,59.906845,59.970688,21.286644,9.556281,43.85758,-0.000102164326,98.7675,4003.1062,DOS-TCP_FLOOD
18.870205,6.5635967,63.840546,15181.92,-0.014623327,0.0037362643,-0.012180595,0.0057104244,-0.035209082,0.01574159,0.025617387,-0.99555707,0.08055966,-0.027058667,-0.07363292,0.08663405,-0.0069019,-0.009133745,0.028618928,-0.011415741,-0.021580305,0.010354667,0.9496605,0.052332174,-0.0098718135,0.01080264,-0.0052422285,-0.03701825,1.025907,0.9777563,7426.0273,60.00865,121.41346,76.44139,17.709785,89.893524,9.963151e-05,98.02714,7111.2305,DOS-TCP_FLOOD
20.665499,5.5213003,61.207207,37258.387,-0.029534742,0.008940171,0.00544803,-0.007042117,0.04424034,0.044506527,0.000793112,0.8182844,0.110216975,-0.085753635,-0.022717575,0.02512413,0.48900256,0.0052677793,0.032526083,0.0140423905,0.006833789,-0.044657804,0.99172807,0.009288851,-0.023742607,0.030387675,-0.004923893,0.0047702156,1.0248042,0.95076966,2642.7703,59.14444,178.91434,-12.363899,64.01744,16.232155,0.00016752174,92.15956,5988.381,DOS-TCP_FLOOD
20.38525,5.7445955,63.062637,12932.004,0.001461003,-0.0104272505,0.0014765351,0.010133268,0.05548071,0.018547721,0.022907253,0.6010871,-0.17564265,0.021123357,-0.03095518,0.113542885,-0.008337422,-0.007106135,0.019970814,-0.017805811,0.01615577,-0.0156045295,1.0132818,-0.010021283,-0.01474138,0.025096837,0.018442314,0.005856678,1.0169401,0.9673325,7878.418,60.345303,85.69925,71.674324,18.23657,84.48175,-4.4031913e-06,95.116005,169.39197,DOS-TCP_FLOOD
20.05273,6.097131,65.71158,15328.965,0.017559426,0.030981872,-0.011423761,-0.0075247027,-0.018247958,-0.008136716,0.022886917,-0.20483637,1.3588272,-0.047627013,-0.05536697,0.117551096,-0.0084799295,0.022463653,0.01565899,-0.014626255,-0.011370667,-0.011984039,0.9416107,0.034134362,-0.004870072,0.0095498245,-0.033721495,-0.0536165,1.021157,0.98146236,6912.9893,59.525593,99.99051,68.82134,8.2143755,72.85291,8.335996e-05,97.34673,2097.177,DOS-TCP_FLOOD
20.401419,5.6371374,64.06616,23039.354,0.015981656,-0.0010824128,0.0055678794,0.00089533435,0.025484677,-0.01564666,-0.0016974565,-0.017539859,0.053922947,0.008690375,-0.005320385,0.14048992,0.00852963,0.021006532,0.037091594,0.00078994315,-0.012006917,-0.05377841,1.0243269,-0.022761062,-0.019970857,0.027256647,-0.024591198,-0.018112123,0.9834448,0.97759813,5679.8916,59.874535,35.435684,65.83939,15.126106,59.501045,0.00010633751,100.27699,1220.4343,DOS-TCP_FLOOD
21.304993,5.4545293,64.86941,10210.129,0.013878068,0.009879181,-0.0248704,0.026378676,0.061461203,-0.014694875,0.027306804,1.0218184,0.3395077,0.039908256,-0.056714226,0.120781735,0.0063794316,0.02306779,0.009697274,-0.008896365,-0.0033042836,0.004608943,1.0135419,-0.041839793,-0.024380842,-0.018259443,0.0025004148,-0.012958728,1.0116043,0.99630994,6372.268,61.734055,146.70038,45.315563,31.188263,68.3595,0.00018228858,101.25211,5085.0513,DOS-TCP_FLOOD
19.316492,5.171444,61.091682,16097.271,0.0047258567,0.0006391145,0.00026152004,0.016146747,-0.029477978,0.017926253,0.024622714,-0.5175917,0.11840801,0.00095004216,-0.10597501,0.13451552,-0.008629865,-0.0098999115,0.022140166,-0.011956807,0.002427292,-0.019388968,0.9980769,-0.0102853235,-0.012105811,0.026001412,0.003209021,-0.024405818,1.0202967,0.9666875,7801.8223,59.067146,31.833588,61.423557,17.101353,80.5363,0.00028077865,101.139656,378.88916,DOS-TCP_FLOOD
22.13002,4.7687073,64.1228,9700.071,0.0061961543,0.018728584,-0.009841841,-0.012652004,0.05687269,-0.032336336,0.005712372,-0.435776,0.97663754,-0.03199152,-0.12292918,0.1887211,-0.0025482574,0.009441338,0.012013215,-0.015240592,-0.013929997,-0.0076050633,1.0692568,-0.05096835,0.009355311,-0.015033651,-0.024891337,-0.046097815,0.99629086,0.99645203,5950.0874,62.35031,9.173065,80.081566,-15.769226,93.92392,0.00027523586,102.72933,-2834.678,DOS-TCP_FLOOD
20.183218,5.73301,64.38155,10855.164,0.050146025,0.0027875807,-0.026751433,0.009084142,0.046116985,-0.00879775,0.019300677,1.3003284,0.19440013,0.64554334,-0.039705656,0.15666497,-0.0012054554,0.018278165,0.0022118445,-0.02481627,0.016276265,-0.014450375,0.9965226,-0.013345388,0.015230347,0.016179545,-0.00743546,-0.029988024,1.0142978,0.99665785,7916.392,60.183254,169.042,69.57565,22.052544,85.47566,0.00020499795,99.961624,3945.605,DOS-TCP_FLOOD
19.474152,5.988697,64.641266,18059.854,-0.018073082,0.01545901,-0.016908722,0.0022193687,-0.05605515,0.01583988,0.018855207,-0.1978519,1.2153698,-0.060180485,-0.07489944,0.07820476,0.01180609,0.021424722,0.017001178,-0.013427891,-0.022520525,-0.0013038097,0.9831941,0.012503893,-0.0030598883,-0.0029289408,0.005365801,-0.048241857,1.0376567,0.98095083,6292.6787,59.675373,161.87991,77.4677,32.856064,107.55109,0.00017620611,102.098236,6433.054,DOS-TCP_FLOOD
21.065413,5.444826,62.982113,12997.525,0.015559901,0.0014503932,0.007200881,0.030929303,0.103737704,0.012026554,0.037861872,1.8591429,-0.03975852,0.053609684,0.14173487,0.07438191,0.24773546,0.0017820578,0.007440899,-0.0319758,0.0064380746,-0.0077226474,0.9726529,-0.042317316,-0.02773623,0.027686832,0.017431729,0.02240926,1.0086308,0.9664305,6884.454,59.474125,30.865417,19.858757,11.782349,24.727356,-0.000284122,92.46428,-646.4308,DOS-TCP_FLOOD
20.619823,5.3630705,63.523872,25201.775,-0.045045286,0.0095838765,-0.005380751,0.006580545,0.07838354,0.010724544,0.023631237,1.5629609,0.3084379,-0.0879357,-0.061770648,0.016400186,0.40805298,-0.0049226684,0.018027248,-0.033099174,-0.015140681,-0.017810203,0.9792802,-0.02502404,0.0012216694,0.015662348,0.02398555,-0.0046299025,1.0310444,0.96747166,6432.2812,59.83018,144.65573,36.074547,28.375698,52.427505,-0.00023433422,93.680115,-262.92395,DOS-TCP_FLOOD
20.793446,5.5016108,63.535774,14601.479,0.01585995,-0.014655905,0.00462302,0.0053036907,0.08316908,0.010640373,0.017553419,3.8221545,-0.28379643,0.1140445,-0.044734124,0.094428554,0.1273701,0.0017380156,0.022325378,-0.039893888,0.0114771435,-0.02244398,1.0122902,0.00393689,-0.019433934,0.042088456,0.004875483,0.014160631,1.0230141,0.9700842,5455.9214,59.73152,7.4105225,37.72408,4.525321,42.551643,1.8122213e-05,94.89589,-4179.469,DOS-TCP_FLOOD
20.952295,5.039635,64.608116,16578.74,0.011051781,0.0065874183,-0.029998217,0.0050208685,-0.018056292,4.0456653e-05,0.034878157,0.131841,0.18256158,-0.041810744,-0.040544905,0.12441187,0.0037173347,0.012633637,0.026432287,-0.0064351363,-0.016980005,-0.0188089,1.036481,-0.034053184,-0.01162881,0.012325954,0.0012092851,-0.02172662,1.0085465,0.9791336,6727.493,59.591217,237.6806,54.043274,31.983763,65.81709,6.6167064e-05,104.13095,1319.3989,DOS-TCP_FLOOD
21.364271,5.299748,65.979126,13136.193,-0.0017144252,0.0021610698,-0.005817169,0.016464977,0.118163355,0.01420367,0.01978156,4.4031715,0.07513246,-0.019292165,-0.07805211,0.11687235,0.09119322,0.0041345134,0.012326496,-0.00475639,-0.0061154715,-0.015188171,0.9983541,-0.0088521,-0.009320331,0.021290116,0.000116107985,-0.0089800535,1.0042675,0.98780334,5291.6426,59.53278,168.65927,23.887276,20.606813,37.00483,3.6451587e-05,94.24407,1162.6897,DOS-TCP_FLOOD
20.475145,5.1940804,64.03117,18327.988,0.038978938,0.0028251875,-0.013632596,-0.009186891,-0.004486412,0.006180809,0.002210678,0.16379619,0.30093315,0.18657865,-0.023846,0.12634577,0.0024136647,0.005603968,-0.005172584,-0.017862566,0.006740247,0.0044978177,1.0170944,0.0020489618,0.027283786,-0.016005622,-0.028475802,-0.047190726,1.0336632,0.99686927,6509.0396,59.273624,45.849823,75.935196,12.756311,97.05709,0.00027338433,100.69495,3387.6558,DOS-TCP_FLOOD
18.663013,6.0901303,63.653835,10289.48,0.00097102486,0.0013720876,0.023178715,0.014043584,0.021587782,0.0061833574,0.027980097,0.37482882,0.1328865,-0.01527594,0.08827487,0.10166421,0.03756196,0.020915315,0.0121066775,-0.009843431,-0.0012289244,-0.012106252,0.9586905,0.009653497,-0.0078969905,0.04052247,0.009197666,-0.018153064,0.9908249,0.9547994,7667.879,59.763554,124.6288,79.05881,33.23964,94.04096,0.00029684228,96.06068,4311.758,DOS-TCP_FLOOD
20.780489,5.5239124,64.00075,25737.021,8.4033236e-05,0.0046471576,-0.038267005,0.02022391,0.019158043,-0.006861775,0.011696456,0.16549128,0.064811945,0.12294249,0.045175534,-0.02028074,0.51076096,-0.012559005,0.013888683,-0.014294723,-0.010018734,-0.02019817,0.99322057,0.007464036,-0.04421428,0.010420257,0.012360028,0.004208982,1.0543185,1.000493,10132.5625,59.02144,181.62506,66.63738,42.192963,68.413734,0.00025181987,96.20586,3519.8005,DOS-TCP_FLOOD
21.15966,5.442147,62.057926,35817.457,-0.024626365,0.0031982816,-0.007321997,0.00096214557,0.039514985,0.029602893,-0.022163212,0.22606945,0.09439242,-0.044666044,-0.073682666,0.064400785,0.42487773,-0.012395237,0.0345478,0.004934892,0.0066976994,-0.037112866,0.99821013,0.01912374,-0.00972205,0.030667003,0.002787523,0.0131622255,1.0465245,0.9648728,5163.695,59.750084,-10.916718,2.7710648,5.772935,23.752533,0.000123607,92.60759,-8303.864,DOS-TCP_FLOOD
21.175287,4.2287726,64.3465,23408.479,-0.02014652,0.004207117,-0.028716553,0.008801956,0.01624713,0.022688836,0.031434964,1.0988967,0.498116,0.018512601,-0.09549922,0.038621176,0.33883736,0.011708144,0.036042064,-0.0247739,-0.023520991,-0.007952041,1.0731169,-0.0153647,0.04086148,0.020799058,-0.058126654,-0.025053523,1.0142686,0.9590882,3068.4976,59.608746,322.06226,29.511124,48.86109,55.179996,0.00022179411,105.21713,5153.584,DOS-TCP_FLOOD
17.777473,6.435087,65.4322,10928.861,-0.0034396723,0.0058414694,-0.019893425,0.072674446,-0.032908127,0.011087669,0.030881472,1.0226895,0.115031585,0.010202265,-0.0840002,0.0160711,0.04825032,0.03364706,0.029072843,0.0043203216,0.0012530992,0.004788274,0.9159774,0.07780844,-0.005966373,-0.00039720093,0.007738005,-0.030738503,1.0154018,0.9984073,7678.924,61.32162,452.9447,62.263275,65.03807,99.84672,0.0006342085,99.86065,11046.052,DOS-TCP_FLOOD
20.728252,5.7309895,68.118546,11537.406,-0.01989809,0.016051477,-0.008071769,0.0018006243,0.035749085,-0.0075566485,0.01188825,3.3718743,0.6442717,-0.052160356,-0.039558973,0.11353423,0.012570709,0.016585194,0.019234154,0.0076280716,-0.01167938,-0.011995303,1.0239909,-0.0052841743,0.0022241962,0.009145667,-0.020119522,-0.03029415,1.0054455,0.9922524,4472.573,59.581482,188.7248,76.05942,37.058525,77.16919,7.329158e-05,99.16911,7048.885,DOS-TCP_FLOOD
19.450163,5.6824317,63.420837,9435.816,0.012012053,0.0013983584,-0.002794948,0.006255971,0.0009808689,-0.014307793,0.014736282,0.2821303,-0.050022423,0.0052445754,0.61024845,0.08050422,0.033887383,0.004024133,0.0021488033,-0.046862513,0.0127002355,0.0133949965,0.98682904,-0.005453321,-0.0046888553,-0.010855565,0.009294072,0.004924992,1.0335487,0.9861281,9795.847,60.018284,245.72282,99.772415,48.852646,100.86905,0.00028991993,99.399956,14182.858,DOS-TCP_FLOOD
21.214413,5.320596,64.65276,23622.014,0.005232375,-0.0004583001,-0.010173636,0.0074227466,-0.010770837,0.0077585,0.029900089,0.7272145,0.22322044,-0.025898818,-0.07269589,0.13120064,-0.016792944,0.0043982267,0.019054765,0.0015285611,-0.014667911,-0.053918824,1.0458729,0.0004706383,-0.010849674,0.025016345,-0.024031634,0.0073421183,0.9896782,0.9699323,6469.07,59.5357,52.136383,46.165154,9.468203,65.70673,0.00012844385,103.64854,1885.1924,DOS-TCP_FLOOD
19.777998,6.079552,64.13256,10649.206,0.022530016,0.007164966,-0.0057172426,0.0031213325,0.046372242,-0.008650653,0.034682162,0.34755254,0.12408388,0.10031873,-0.020766959,0.124277286,0.0021273599,0.016646657,0.022381293,-0.018437393,0.00042533502,0.0020484952,0.9540039,0.0061974097,-0.020742787,-0.0064397184,0.009166327,-0.022253348,1.0204993,0.9839427,7711.246,59.922134,99.2511,53.554398,15.682767,68.992195,-3.568799e-06,95.21564,359.068,DOS-TCP_FLOOD
18.971989,6.3258853,64.87082,17337.992,5.4296106e-05,0.0064877043,-0.00012283213,0.010780855,-0.0012681698,-0.00081675826,0.023974461,0.07329261,0.24374765,0.07068203,0.2468887,0.034112502,0.18948363,0.022912078,0.006257831,-0.01449736,0.009837774,-0.004828358,0.93574697,0.041029748,0.0034758984,0.012435313,0.0040174834,-0.015720945,1.0369147,0.99732333,9492.516,59.36501,63.61696,65.65399,0.20314598,66.02948,6.0739156e-05,95.25691,-84.52655,DOS-TCP_FLOOD
20.991024,4.775111,64.25107,26715.111,0.01577696,0.002081088,-0.029580312,0.006427385,-0.03259559,0.02174372,0.0017246767,-0.17152905,0.512529,-0.032247446,-0.03878721,0.070012994,0.17187367,-0.009764814,0.03077257,-0.023299295,-0.0042123254,-0.00863626,1.0633423,-0.018271979,-0.0007539103,0.017600508,0.011437483,0.013895744,1.0573977,0.99063355,6319.4893,60.39208,110.23114,72.04146,19.065338,90.342865,-0.00012698489,104.97085,6833.451,DOS-TCP_FLOOD
21.974243,4.6680446,65.0552,24376.988,-0.0017902162,0.015058353,-0.053483456,0.005654987,-0.05715198,0.00041156134,0.01338415,-0.16622627,0.40609854,0.028254893,-0.02356422,0.08453694,0.008678009,0.0033364678,0.03467181,-0.0064547127,-0.030009545,-0.00014195684,1.0844758,-0.049062546,0.017116643,-0.016626563,-0.029327217,-0.033268098,1.0332042,1.0099281,4858.4023,60.839214,326.4655,66.683716,53.926605,94.60036,8.582897e-05,109.122086,15760.39,DOS-TCP_FLOOD
19.806728,5.260607,64.64297,15969.818,0.007245419,0.0009663589,-0.01492619,0.016575232,0.022276804,0.006364572,0.03600166,-0.49939525,0.024541168,0.023356292,-0.057864267,0.10902356,0.0039928635,-0.012920655,0.019216869,-0.0036540069,-0.008872388,-0.00992326,1.004908,-0.023133872,-0.012676589,0.014471451,0.014187273,-0.005895626,1.0222673,0.9787154,7774.27,59.933067,115.6635,62.032192,14.874207,75.95959,1.9083454e-05,98.121544,1101.166,DOS-TCP_FLOOD
19.619282,5.629687,59.94915,9278.653,0.017019078,0.024190117,0.035150237,-0.0009208284,0.015799139,0.004076183,0.04185413,-0.59521914,0.5011573,-0.01074125,0.030661266,0.16379717,0.00068308786,0.020940796,0.014041238,-0.019055817,0.006852122,-0.011708456,1.0039532,-0.02770051,-0.01666356,0.024420142,-0.012920082,-0.015087107,0.99207157,0.9473005,5722.6553,59.599483,-3.3224487,53.946854,6.530815,80.56946,7.2597366e-05,96.701965,-5233.136,DOS-TCP_FLOOD
17.395508,7.2183495,63.60026,6757.662,0.03787381,-0.0020160296,-0.005800177,-0.00017592497,-0.0529055,-0.0041579404,0.018271,0.058651388,0.18773106,0.12916747,-0.027588531,0.08116232,0.007338197,0.02157357,0.009890426,-0.009325751,0.0015694229,-0.0040233694,0.8572908,0.13957927,0.005029205,0.0120431855,-0.035340138,-0.038172126,1.0166038,0.97961336,6518.934,58.219242,124.064156,72.5067,15.924399,84.81977,0.0004032484,96.60268,-4944.3574,DOS-TCP_FLOOD
19.506245,5.729794,64.179726,14461.484,0.016285121,0.009575148,-0.01123927,0.017186577,-0.021944245,0.004678774,0.01588422,-0.30543768,0.33186406,0.03017373,-0.03429635,0.10664784,0.006326757,0.026004052,0.023249853,0.0019331789,-0.0020336476,-0.019025302,0.99515593,-0.00047755617,-0.012280352,0.010669966,-0.020925391,-0.011452156,1.0168693,0.9805089,6974.361,59.76685,73.02051,66.44192,10.299764,71.488846,8.615204e-05,100.22016,1009.9218,DOS-TCP_FLOOD
19.601442,6.0724077,64.22807,20265.61,-0.0146657955,0.0030167268,0.0021929573,0.009846023,0.008272175,0.015235128,0.015281985,0.24016559,0.05603995,0.026254825,-0.045286916,0.09395808,-0.0015270762,0.010757771,0.01172898,-0.00567602,-0.023201313,-0.018597225,0.9531588,0.023303328,-0.018647334,0.012938618,0.015513279,-0.0036212057,1.014472,0.98967206,7278.176,60.204487,52.05356,51.46644,2.5695505,72.47757,-8.109621e-05,96.96707,-1185.426,DOS-TCP_FLOOD
19.264992,5.5268836,63.98643,23843.555,0.01773729,0.006242508,-0.012053298,0.016208297,0.004842824,0.0319847,0.035945043,0.049905658,0.24904816,0.07602707,-0.013071949,0.074937895,0.017210681,0.01430968,0.01347374,-0.016307311,-0.010697531,-0.0057952153,0.9727185,-0.009610246,0.0020735152,0.028165836,0.012377337,-0.015221039,1.0103115,0.960527,6003.7676,59.841797,221.76706,57.551582,31.854939,55.835655,-0.00011409829,98.279945,-2881.1096,DOS-TCP_FLOOD
20.65053,4.9332285,64.51749,14686.707,-0.01170664,0.0073217424,-0.01786352,0.011973399,0.022230387,0.008465251,0.02064936,-0.002599001,0.3537855,-0.03235733,-0.09427347,0.12816153,0.008175027,0.021648724,0.0075532305,-0.005377601,-0.0131521635,-0.012446627,1.014538,-0.043678023,0.0017085671,0.011397911,0.006592013,-0.016392289,1.0165081,0.98366416,5645.9404,60.02926,101.84187,46.998623,7.521158,64.10483,2.648645e-05,100.09641,-376.65466,DOS-TCP_FLOOD
18.823935,5.7303586,63.46742,20428.605,-0.008288127,0.005817412,0.0020187465,0.029096026,0.0010523191,0.016054561,0.042866435,-0.26753092,0.12442824,-0.038654905,-0.02145526,0.12925354,-0.0007061045,-0.0058158906,0.023589825,-0.00654635,-0.013786864,0.0037004612,0.9368332,0.016046759,-0.0021414016,0.0013326772,0.032823697,-0.047277916,1.0013143,0.9705117,9619.067,59.012184,408.0086,107.27311,103.71526,121.13581,0.0001926398,95.48014,35351.29,DOS-TCP_FLOOD
20.329046,5.6162615,64.3176,20259.053,0.033962272,0.011873051,-0.013776361,-0.0030798556,-0.006666867,0.0059227254,0.019429939,-0.010019183,0.76547635,0.2718047,-0.03500544,0.13441566,-0.011234119,0.017926883,0.026545506,-0.016414808,-0.030963063,-0.009308722,1.0176628,-0.015282077,-0.0068145655,0.004007281,-0.0129271,-0.030642353,1.0157017,0.9836958,6188.6626,60.2376,97.30701,89.14051,13.882172,102.75576,4.70026e-05,103.878204,2667.2473,DOS-TCP_FLOOD
19.56781,5.791448,63.65203,12889.262,-0.008639441,-0.009353782,-0.0021337904,0.0048200954,0.00963749,0.0028246134,0.030823048,-0.49471378,-0.18026096,0.020987757,0.043446854,0.10662187,-0.0074195038,-0.0022654794,0.02341307,-0.028876547,0.009004277,-0.006824541,0.9870194,0.0007767566,-0.039343372,0.012178408,0.019972177,-0.0009942241,1.0427009,0.97447157,10077.443,60.101223,103.19976,91.43166,25.57722,98.734184,-8.051928e-05,96.81771,5497.4326,DOS-TCP_FLOOD
18.478182,6.435666,63.04883,13216.641,-0.005438989,0.0032639548,0.0022938754,-0.00036020204,0.008159509,0.013330053,0.005292997,0.76966375,0.23757231,0.054264475,-0.0020560622,0.07446775,-0.001465082,0.024081266,0.007797791,-0.01150316,-0.00084382016,-0.011843121,0.918548,0.031202158,-0.007310247,0.0093005635,0.0052352855,-0.027378408,1.0158019,0.9747351,7493.254,60.09361,141.04718,70.34834,32.91131,81.26046,0.00025003357,97.45074,4317.0264,DOS-TCP_FLOOD
18.23327,6.4782066,64.15388,8188.0195,0.0010691304,0.0052251997,-0.0025867205,0.035473492,-0.0022721356,0.0023185466,0.015777072,0.34532362,0.0009409338,0.03237895,0.09848599,0.09795434,-0.003078114,0.0106241545,0.005580499,0.002878802,0.004653088,-0.009453482,0.934101,0.049828667,-0.013672285,0.009729893,0.0069274195,-0.013603594,1.0212197,0.9941617,9825.805,60.014427,137.2841,98.674194,28.6872,109.59163,0.00029385337,97.65347,4438.189,DOS-TCP_FLOOD
20.441236,4.6550922,63.31696,18103.621,0.00479565,-0.0022286726,-0.013922303,0.011008834,0.004982284,0.017013036,0.025351312,-0.46722174,0.14966,0.03727929,-0.07279116,0.09145357,0.01452186,-0.0083754435,0.025974255,-0.012750704,0.024039645,-0.011608455,1.0427591,-0.03656189,-0.01405709,0.02707041,-0.01428826,-0.013172038,1.020331,0.96880686,6599.9766,59.654232,80.249084,59.460815,17.99024,66.16449,0.000105542145,100.63791,1864.1506,DOS-TCP_FLOOD
20.179914,6.3767715,65.96421,13414.652,0.003955951,-0.00057825074,-0.010751407,-0.011828395,0.010904664,0.0055238004,0.007287247,-0.2970848,0.23850329,-0.06763817,-0.028893927,0.10600486,-0.0100910505,0.004282687,0.014625941,-0.020395553,0.014309783,-0.015022105,1.0122374,0.023009116,0.004821662,-0.004411922,-0.013800867,-0.037116617,1.03347,1.0200421,8889.947,60.60641,115.472176,125.467026,16.351562,122.00397,9.152657e-05,101.24817,7714.05,DOS-TCP_FLOOD
18.677816,5.994365,63.739754,13627.957,-0.002291333,0.0067310715,-0.0076442533,0.008162707,-0.025312593,-0.007152716,0.033997487,-0.4320022,0.29300508,-0.04721535,0.054048337,0.06891102,0.007843282,0.014219221,0.023122841,-0.027078519,-0.0016348949,-0.0021798583,0.94704586,0.034348767,-0.0132675925,0.005402202,-0.00046847388,-0.032824032,1.0230545,0.97421587,8375.853,59.068474,161.63797,65.78183,30.778,79.904144,1.4092351e-05,97.04156,9420.522,DOS-TCP_FLOOD
22.941692,4.942569,74.671875,12167.0625,-0.0002373103,0.011216568,-0.018070819,0.008675793,0.09042081,-0.05196484,0.0110811,12.164097,0.67793137,0.33642006,0.07363307,0.15470733,0.011746352,0.0056666834,-0.020096123,0.014627997,0.004433426,-0.03908489,1.0811787,-0.007108946,-0.0014080154,0.0073592216,-0.028138047,-0.016366258,1.0161684,1.0151496,3331.4404,59.900597,142.99518,32.9947,12.181698,53.078716,0.00023522126,101.29098,4352.8276,DOS-TCP_FLOOD
19.858664,6.1486015,64.101364,5864.483,0.00449243,0.0029889287,-0.010237956,0.013542982,0.0257358,0.0055047492,0.029589672,0.5965934,0.31126764,-0.04735775,-0.065699264,0.062276702,0.26259944,0.033121705,0.03893757,-0.005307193,-0.018171266,-0.017727599,0.9810641,0.02009841,-0.005932653,0.017248427,-0.01967795,-0.009519867,1.0147786,0.97388273,5544.909,60.046513,93.84134,55.202717,19.741734,80.55056,0.00058377295,97.45658,8904.074,DOS-TCP_FLOOD
19.434364,6.05683,64.08474,20083.018,-0.019673353,0.0070133517,0.003217375,0.0073852628,0.021899704,-0.0028057322,0.012318081,-0.06749499,0.46857417,0.100035235,-0.09778742,0.08784394,-0.005668431,0.006610346,0.044461854,-0.020371836,-0.013879083,0.0068706786,0.97033477,0.009323016,0.009247504,0.011889767,-0.024284765,-0.047677547,1.0140913,0.9826473,6602.4683,59.90189,64.78352,57.991695,0.5482464,74.32585,6.749977e-05,99.0906,121.301895,DOS-TCP_FLOOD
22.148787,5.6577797,68.35224,7457.041,0.017864373,0.008813038,-0.01804728,-0.0010084937,0.08335735,-0.03310328,0.032287184,6.184614,0.119279265,-0.09134045,0.019488888,0.1591767,0.0032747115,0.011677168,0.016527923,-0.026692616,-0.01047188,-0.0056770863,1.0518897,-0.025020888,-0.013924772,-0.021284211,-0.0056701014,-0.008843773,1.0248164,1.0018246,5709.637,62.64612,308.2254,76.27572,56.176987,86.05879,0.00024559544,101.3569,12230.833,DOS-TCP_FLOOD
18.930851,6.653405,64.3672,7713.194,-0.018726591,0.004594087,-0.011869475,-0.0022961842,-0.023118315,-0.004827897,0.001964562,-0.22439146,0.034042366,-0.0024041347,-0.054022968,0.11417584,-0.0053045065,0.014406938,0.03518093,-0.008529275,-0.027519243,0.0033883564,0.95002866,0.036980208,-0.010391296,-0.009334114,-0.011491919,-0.03565517,1.0521481,0.9896024,7641.838,60.234623,123.85089,99.841606,16.694998,103.0729,0.00013956729,98.94077,5670.892,DOS-TCP_FLOOD
20.710054,4.793106,62.91391,22503.799,0.014509557,-0.0015149562,-0.030718474,0.010739151,-0.0014410214,0.03909254,0.024507532,-0.38143122,0.038456533,0.03241829,-0.057448864,0.10549455,0.1339442,-0.0004510302,0.03365776,-0.013464039,0.0076951594,-0.0195498,1.0356666,-0.012255165,-0.0057364,0.035181917,0.005561812,-0.022455687,1.0266473,0.97409797,6784.1104,59.8256,51.97502,52.629745,14.407994,65.03777,6.316755e-05,100.19695,2140.0916,DOS-TCP_FLOOD
18.913273,5.6739264,63.90455,14415.818,-0.014540477,0.003470589,0.008571659,0.0148802195,-0.016995927,0.031384856,0.03976282,-0.85917246,0.10657896,0.0005572662,0.119056515,0.08357756,0.0063577476,-0.012185908,0.018789338,-0.025890559,-0.001761443,0.025035711,0.96974355,0.022578787,-0.0008416828,0.0021254027,0.029726911,-0.021562744,1.0235842,0.97539806,8138.272,59.545258,147.78467,87.711815,35.541313,105.262695,-3.3733668e-06,96.84352,7463.65,DOS-TCP_FLOOD
22.177109,4.704276,63.32878,20359.373,-0.015928956,0.006914767,-0.0013401336,0.0133424625,-0.02898368,0.04537291,0.008767726,-0.45869052,0.1764056,-0.0007420406,-0.032174468,0.027363224,0.32578024,0.014160249,0.009627635,0.007245689,-0.014658184,-0.053631406,1.0689799,0.007900543,-0.037897345,0.016364278,-0.036282472,0.04075626,1.0349255,0.9689901,3231.711,64.34128,-35.69162,-6.9190063,24.061068,41.422493,0.0002476706,99.82252,2460.3882,DOS-TCP_FLOOD
20.799698,5.61167,64.0639,24129.63,-0.0149864685,0.004508782,-0.030851085,0.0007374528,0.016376551,-0.0018163089,0.009032345,-0.18893218,0.089068934,0.03193467,-0.06373755,0.10886926,0.005089242,-0.00071906485,0.031948324,0.002225237,-0.009271807,-0.004181075,1.0429866,-0.019184481,-0.006171205,0.023196172,-0.021326572,-0.046766587,1.0122378,0.98581135,7013.589,59.631054,168.95982,76.88118,25.038317,64.64092,0.00021682956,100.70004,-4477.2554,DOS-TCP_FLOOD
18.463545,6.529896,64.0633,11464.088,-0.0108283935,0.009797633,0.00069104834,0.00384771,-0.021963475,-0.017285056,0.0006485847,-0.73929465,0.1700029,-0.046527423,0.14792322,0.09437612,0.007807071,0.017640725,0.01872502,-0.013256568,-0.0076772035,-0.013783041,0.95188487,0.044757504,-0.010084063,0.0054898835,-0.021779398,-0.028882463,1.0156101,0.9896777,5372.495,59.804592,40.557617,80.860855,-5.12895,75.17582,3.880277e-05,98.225136,-5361.105,DOS-TCP_FLOOD
19.679996,5.363955,63.830643,12076.08,0.046368968,-0.0025911876,-0.018073397,0.0038091384,0.02310669,0.033894863,0.0214223,0.19007456,0.24039009,0.18352346,-0.08753091,0.124387905,-0.0060931686,0.008987271,0.0063962676,-0.016005585,0.0047814706,0.0021662517,0.9687313,0.003711987,0.0026325905,0.019737069,0.010628201,-0.029631916,1.0154523,0.9709625,7027.3477,60.03113,-7.6947327,67.05902,-32.994186,64.20215,0.00053072796,98.14382,-19489.162,DOS-TCP_FLOOD
19.547281,5.768243,63.644665,12459.924,0.0073800604,-0.00018314272,0.16902795,0.022485925,0.08540349,0.00728494,0.013246026,1.5360057,0.050848097,-0.026309837,2.33743,0.08112401,-0.0039829933,-0.014561817,0.0055035856,0.017258143,0.017132517,-0.03446994,1.0138948,-0.030419646,-0.026962908,0.050981626,0.0039486308,0.038578942,1.0093356,0.9877125,6802.8447,59.473824,-16.830399,16.728241,-20.56155,18.748459,-0.00023839799,94.9155,-4199.573,DOS-TCP_FLOOD
19.861328,5.3406,64.3812,19383.2,0.00043126754,0.00440044,0.003475214,0.020038515,0.0063928943,0.03115994,0.047528386,-0.5716294,0.17395602,-0.012681474,-0.024804182,0.09139512,0.0019003538,-0.0014061108,0.030793272,-0.02074471,-0.016447777,-5.4710545e-05,0.9976542,-0.020467019,-0.018640926,0.010109376,0.034542374,-0.018818894,1.0135604,0.9564613,7351.9536,59.645454,274.63992,83.62605,69.95407,99.06259,4.3878055e-05,98.71785,18786.926,DOS-TCP_FLOOD
21.242844,5.9693027,63.93192,9954.948,0.005439408,0.011084126,-0.015713375,0.037250824,0.03676289,-0.015753625,-0.0015710387,0.95898366,0.98403966,0.24237739,-0.010262503,0.07754764,0.2027101,0.018869124,-0.013161732,0.014679555,-0.021937517,-0.038424894,1.0064994,-0.00972833,-0.02854636,0.008423754,-0.016921904,0.041170422,1.0041238,0.9957586,6444.0776,62.92584,95.2307,29.52768,39.847683,78.83269,0.00027231078,97.581764,10464.336,DOS-TCP_FLOOD
18.927675,6.505099,64.51437,16685.723,-0.008242213,0.016429417,-0.007124948,0.00870419,-0.020370344,0.02360636,0.02357329,0.1764754,0.46799815,0.036368944,-0.039395135,0.059314117,0.006817739,0.013774551,0.012530716,-0.011346893,-0.023826214,-0.0040220516,0.9199483,0.060682103,-0.027359892,-0.0069666747,0.0044245645,-0.016346673,1.0303141,0.9885419,7228.8813,60.26519,58.808823,52.36358,-9.490295,60.29777,-4.823155e-05,97.79953,-5169.8687,DOS-TCP_FLOOD
18.290697,6.4629264,64.206604,10451.085,0.015176196,0.0065241414,-0.018125085,0.015418961,-0.01753916,0.013311563,0.0404044,0.3303393,0.070621744,0.16084455,-0.01671584,0.041072104,0.020237533,0.0055218674,0.005619796,-0.02139994,0.012689153,0.0003393041,0.9212987,0.054420844,-0.0042088795,-0.014578137,0.017085377,-0.013688577,1.0410385,0.99621725,9392.679,60.145714,248.86168,94.18631,51.18926,103.796005,0.00020825489,98.45403,11279.686,DOS-TCP_FLOOD
20.614527,5.320037,64.3508,21177.104,0.016385015,0.00462817,-0.008618086,0.0042404765,-0.020906566,0.0035509146,-0.0016328623,-0.19343781,0.2801508,0.12232618,-0.062788464,0.12107436,0.003163216,0.024980403,0.024271999,-0.031664364,-0.0044087763,-0.015534434,1.035337,-0.018776586,-0.0062933983,-0.008152485,-0.015285091,-0.023815807,1.0237347,0.9940434,7068.5103,59.865505,130.73492,84.92746,33.56614,103.28747,0.00017992275,103.44667,9841.761,DOS-TCP_FLOOD
20.574303,5.7571306,64.32864,15315.404,-0.014952997,0.057959467,-0.011138344,0.020434877,-0.028227909,-0.0012432749,-0.034285244,1.801959,1.652906,-0.02518661,-0.10564843,0.12956439,0.014131996,0.050030947,0.023355395,-0.016660469,-0.008647136,-0.029720675,1.0009853,0.007362616,0.06085019,0.011495701,-0.0464243,-0.058266517,0.9880455,0.9897748,5967.8013,58.65659,197.92706,42.878178,25.845947,85.27176,0.0014740414,99.525734,-6486.1333,DOS-TCP_FLOOD
22.393085,5.4158087,64.608635,17842.002,-0.040690638,0.0038193048,0.017488347,0.0072862855,0.09523687,0.02467094,0.008829873,1.0642657,0.30581254,-0.024771167,-0.028061923,0.043892335,0.21290658,-0.0212826,0.021416808,0.010559199,-0.034704063,-0.04270686,1.0574336,-0.060951598,0.0060522556,0.026786584,-0.032354943,-0.050523378,0.9870601,0.9563216,4390.763,60.175434,218.32227,80.537994,80.549,105.82397,0.00040003884,95.51317,10648.8545,DOS-TCP_FLOOD
20.471516,5.4294224,64.22348,21957.857,-0.0044927,0.00249566,-0.012592849,-0.0041166637,0.020315694,0.017547645,0.02004953,0.52749646,0.18767405,0.035349466,-0.031733114,0.06540613,0.011918756,0.01243567,0.036039855,0.00089997426,-0.033325937,0.011957897,1.0257007,-0.009194695,0.028552162,0.014035669,-0.0101974085,-0.06206522,1.0048931,0.9675335,6719.6357,59.41085,543.80164,80.162384,100.81695,92.134796,0.00020272066,101.64802,24429.67,DOS-TCP_FLOOD
18.893845,6.267986,64.74718,10324.869,0.008667269,0.008047459,-0.029139593,0.009874367,0.016915131,0.0098552685,0.0063297222,0.8674157,-0.018376483,0.26186016,0.13250697,0.081160426,0.101302005,0.011068074,-0.0088621015,0.00068104826,0.011864541,-0.0015090639,0.94191265,0.0038842517,-0.012486951,-0.0077922824,0.02629093,0.004548328,1.0472368,1.0178726,11586.695,61.01164,255.75479,111.11262,42.125076,99.77206,0.00027643953,96.43977,9478.443,DOS-TCP_FLOOD
19.571663,6.09363,64.3166,17929.922,0.0052726455,0.004744923,-0.0011850568,0.006122354,0.003067187,-0.01787625,0.003723735,0.30710268,0.21351738,-0.022971071,0.029329637,0.05772779,0.10868587,0.0064768875,0.031227304,-0.013368901,-0.0015352247,-0.026763009,0.97787327,0.011483295,-0.014663762,0.014269212,-0.004444546,0.0021035783,1.023247,0.99932235,6267.1943,59.409927,-27.32492,54.89353,-18.380459,65.49883,-1.0671953e-05,97.88071,-7424.8,DOS-TCP_FLOOD
18.641897,6.64046,63.632042,20035.832,-0.00046741217,-0.0015644949,0.020353485,0.002910368,0.010730457,0.017658662,0.012748208,-0.02439797,0.2029237,0.02218089,0.09509657,0.08486715,0.005106982,0.018218752,0.02534693,-0.03039692,-0.009697977,-0.005472973,0.92321193,0.055160396,-0.012503102,0.008103228,0.0091179125,-0.023694465,1.024104,0.97614825,6080.93,59.829185,6.4885864,59.61428,-4.3060856,87.99318,9.001912e-05,95.26602,-563.47565,DOS-TCP_FLOOD
20.712605,4.9955215,63.546337,16801.121,0.025640395,0.008008005,-0.009463022,0.005375948,0.0049500917,0.0044432473,-0.010490067,-0.37440896,0.23155408,-0.02869728,-0.07042442,0.13792065,-0.008942369,-0.00035514124,-0.0061461143,-0.01608397,0.020539591,-0.026003867,1.0330925,-0.03885851,-0.00073832925,0.011704966,-0.0010443851,-0.009571201,1.0197142,1.0059806,7852.977,59.640347,48.324005,85.14855,2.2423296,91.750984,7.776877e-05,101.18497,5653.1206,DOS-TCP_FLOOD
20.742151,5.1167626,64.05349,15713.793,0.0135135725,0.007898346,-0.040458906,0.0017803382,0.028648391,0.0020669848,-0.006414829,0.32274073,0.27561787,-0.031737566,-0.04379992,0.097256534,0.106902115,-0.00877926,0.022362808,-0.014473397,-0.0016327132,-0.011927471,1.0457971,-0.03411838,0.018278267,0.025845768,-0.033484247,-0.03186547,1.0125148,0.99363905,5830.5166,59.759296,201.13506,53.14782,32.392754,90.08045,0.00010176128,100.40054,-2624.366,DOS-TCP_FLOOD
19.310268,5.3164253,64.52178,10264.443,-0.022262521,0.002568616,0.040588938,-0.0031221185,0.0017203996,0.007226686,0.009070178,-0.1594758,0.22948542,-0.1126416,0.5533226,0.11954142,0.008849497,0.020114828,0.028108738,-0.004941565,-0.009488717,0.018813763,0.9989918,-0.026027916,0.0006692065,-0.0037112366,0.022301711,-0.016538115,1.0194238,0.97891307,7691.591,59.766727,195.6871,76.01904,55.562447,85.66136,0.00023542484,99.76472,11912.238,DOS-TCP_FLOOD
19.355673,5.3670015,61.857864,18826.836,-0.00667464,-0.0060014506,-0.0150670465,0.0063912296,-0.029427117,0.0069565983,0.030620256,-0.8267205,-0.10032327,-0.0069857202,-0.06523575,0.11300393,-0.0022150455,0.0053736707,0.028473843,-0.0021328405,-0.009033819,-0.0073017036,0.9912076,0.0062752496,-0.008916323,0.037000027,0.0036392221,-0.02938587,1.0150688,0.95211196,5852.9976,59.536686,141.83757,58.724743,25.494854,60.294376,0.00011208534,98.92263,3971.3188,DOS-TCP_FLOOD
20.149763,5.350664,64.28645,24564.56,-0.0039939117,0.009223612,-0.006662903,0.014666862,-0.008831831,0.033377834,0.047561828,-0.4360652,0.16637757,0.014651714,-0.00094229355,0.03393153,0.12019477,-0.0077449945,0.019432498,-0.00922616,-0.026176525,-0.005792696,0.99913,-0.0057994598,-0.014147056,0.00864298,0.021331023,-0.02964299,1.0267087,0.9831944,8250.295,59.770435,235.25652,90.06169,46.390495,102.736404,0.0001846092,98.783905,3806.9814,DOS-TCP_FLOOD
19.535536,5.40815,64.88691,18893.9,0.014184898,0.009483673,-0.018660681,0.018593548,-0.065148085,0.004690071,0.048077386,-1.0435271,0.28502265,0.031423096,-0.06457325,0.08700744,0.0014373827,-0.015937762,0.035079535,0.0032422086,-0.009690937,-0.0008443929,1.0185833,-0.00041168559,-0.010715708,0.0071418327,-0.021072665,-0.049505614,1.0454866,0.98052216,8278.066,59.4822,231.12508,118.74478,45.25756,122.960434,0.00025291689,102.065155,11113.558,DOS-TCP_FLOOD
21.42062,5.143914,64.614,14659.395,0.007843235,0.0039003107,-0.016261248,-0.0020139453,0.013309918,-0.018679827,9.170268e-05,0.4336977,0.13004242,0.03527809,-0.139164,0.15133439,0.0034097848,0.0036610803,0.012942629,-0.029140979,-0.011264711,-0.03622317,1.0534818,-0.025890341,0.02541354,0.0135650225,-0.029588584,-0.007964651,1.0280774,0.9890912,5864.7236,60.163864,51.618683,68.055374,-2.1099205,77.62686,-3.6249447e-05,104.05672,-578.98157,DOS-TCP_FLOOD
22.344358,4.4367356,64.77364,16514.643,0.058922566,0.0067231813,-0.03483785,0.017961109,0.07809977,-0.0028152084,0.017817315,1.3652275,0.27090672,0.8650715,-0.14278887,0.14815128,0.08867147,-0.0134979915,0.019111937,-0.020329168,0.006875857,-0.002112179,1.0825152,-0.072142564,0.017093267,0.017011916,0.0007083081,-0.044270195,1.0348587,0.9895938,6688.9165,59.93451,97.07518,51.32861,14.585297,74.94963,-5.0530696e-05,101.26665,-2318.4722,DOS-TCP_FLOOD
20.160843,5.691768,62.898983,13818.051,0.07031849,0.0030186342,0.0097781895,-0.016180115,0.009727469,-0.04158552,-0.013114187,0.87106925,0.13953838,0.033448886,0.11307266,0.12493567,-0.006213742,0.0015704008,0.0065108854,-0.0032578222,0.03311322,-0.046345018,1.0252662,0.014351367,0.022980124,0.038185924,-0.0539172,-0.030942012,1.0223109,0.99371415,5807.6475,59.719193,-17.942581,88.78386,-28.410633,110.03118,0.00082462316,101.46725,-7538.655,DOS-TCP_FLOOD
19.39251,6.2729735,64.71805,23166.18,-0.015087685,0.010705123,0.014960535,0.009756926,-0.0087555945,0.015320057,0.034896817,-0.19699585,0.30660713,0.09161719,-0.009155477,0.096693106,-0.002122014,0.00080437865,0.027672809,-0.0020452961,-0.010656388,-0.0223291,0.9773777,0.027748406,-0.036901668,0.015261194,-0.0035443576,-0.0136661045,1.0131587,0.9853909,7057.8076,59.813404,-23.594559,29.985062,-24.363514,40.981853,1.7132625e-05,98.43226,-5018.074,DOS-TCP_FLOOD
22.527887,4.939502,64.39357,14568.145,-0.032883443,0.0040141065,-0.0040995004,0.039677795,0.10296261,-0.0016639003,0.020839198,12.761398,0.34112602,-0.07997604,-0.13234419,0.16402659,0.18350993,-0.004654252,0.0044695195,0.0041918224,-0.022042748,-0.07657232,1.0785042,0.004629682,0.008106802,0.055550408,-0.06869519,0.0075541805,0.98738945,0.9791483,454.9912,58.98814,121.450935,-16.599686,31.961395,16.11016,4.760368e-06,101.90997,5779.1714,DOS-TCP_FLOOD
19.427612,5.849461,64.263084,12019.752,0.035386957,0.008499113,-0.03285934,0.0067450986,-0.0074841175,-0.0047079283,0.009107752,0.49306953,0.17875858,0.36848602,-0.015400942,0.11653857,-0.0013562291,0.02590613,-0.012888435,-0.0039835973,0.019330585,-0.0003248779,0.9925848,0.007821575,0.0008909055,-0.0106472485,-0.0022688601,-0.015026115,1.0340661,1.0073711,9647.434,60.44223,223.80202,86.238106,38.091293,102.23618,0.00020039949,100.67975,9997.72,DOS-TCP_FLOOD
20.302551,5.432823,63.00087,9668.203,0.024354348,0.0043652584,-0.00015305122,-0.0038183897,0.019581586,-0.01486924,0.0142092705,0.58583474,0.2539489,0.0076032053,-0.09208745,0.15722594,0.005542917,0.019174151,0.022096168,-0.02869471,0.01731234,-0.0038673263,1.0370326,-0.018622171,0.002459318,0.038053975,-0.014744865,-0.02932077,1.0141006,0.9626313,4971.368,59.239166,120.20188,69.92312,35.35594,94.20151,0.001534813,99.35901,8355.3545,DOS-TCP_FLOOD
19.23414,6.030467,63.623734,12550.838,-0.0018721819,0.007661648,0.01791967,0.009529017,0.002203907,-0.036602553,-0.009992857,0.2965098,0.26835507,0.017739158,0.3457138,0.10280293,-0.0071375794,0.030808587,0.0105245495,-0.0017028907,0.018808281,-0.006196308,1.0203093,-0.01347961,-0.021854151,-0.010555851,-0.0003417069,-0.008255764,1.0054657,1.0003406,8402.363,59.581554,85.450775,82.10376,14.048866,94.73914,0.00028042484,99.98466,7822.325,DOS-TCP_FLOOD
18.503704,6.719776,64.41302,21452.896,0.03445403,0.007436562,-0.012028633,0.016824739,-0.034229197,-0.008636855,0.040941667,-0.04491961,0.20974764,0.8933545,0.037567284,0.09359494,0.029333485,0.018076856,0.024778917,-0.027774656,-0.009076299,-0.0017269375,0.9182411,0.068091206,0.018329598,0.013754113,-0.018099966,-0.055067047,0.9981314,0.98690605,7269.3374,59.357437,225.36911,95.58263,40.364563,110.8956,0.00026705806,98.49449,7250.9307,DOS-TCP_FLOOD
21.179678,4.986997,69.53097,11130.03,0.028745586,0.05208206,-0.04290892,0.0022112494,-0.0024405932,-0.017118594,-0.0016073138,0.7028551,1.4244747,0.11692901,-0.0294107,0.12820716,0.0052380115,0.019959884,0.007994994,-0.030348536,-0.00063136686,0.010175765,1.0085573,-0.03473281,-0.0018303632,-0.038430527,-0.007299878,-0.036903188,1.0504063,1.0074488,5344.9927,60.400063,198.566,68.272354,15.932724,85.25024,8.815991e-05,101.09016,12720.005,DOS-TCP_FLOOD
19.893837,5.7337217,64.281265,22379.062,0.013269957,0.006850477,-0.030725347,0.004656368,-0.00437741,0.015900541,0.031553585,0.039130867,0.2364564,0.030699573,-0.019690499,0.09286682,0.011886737,0.013875619,0.014662415,-0.008032698,-0.0065052533,0.003179051,0.9836838,-0.016551267,0.0009403215,-1.930166e-06,0.0055808714,-0.037307557,1.0221218,0.9838756,7437.9805,60.307255,291.5826,65.06685,57.34256,66.737656,0.000107989516,100.058624,12039.301,DOS-TCP_FLOOD
19.644587,5.8816357,63.907845,16852.783,0.021010071,0.005416652,-0.023339337,0.050063044,-0.012052989,-0.002556427,0.032832816,-0.041582584,0.14834373,0.13272794,-0.040703118,0.08744761,0.003102829,0.002143397,0.027751893,-0.0025455188,-0.012993075,-0.025642253,0.9701773,0.008063185,-0.020919718,0.0034260424,0.008861175,-0.022310242,1.0292295,0.99070007,8097.8066,59.60226,98.79288,58.26311,13.236731,79.22883,0.00012475994,98.46594,882.4161,DOS-TCP_FLOOD
18.849228,6.3914504,63.78769,11717.007,0.009225215,0.014850668,0.018262826,0.0112968935,0.018231891,0.018805178,0.023302313,0.47548008,0.80718195,0.024454396,0.049577884,0.05479648,0.055693205,0.012027937,-0.012259021,-0.016059496,0.0017661555,0.004513911,0.9171723,0.035739757,0.005071282,-0.006780522,-0.012323641,-0.015147354,1.0226843,0.9980186,7944.596,59.557785,8.060715,51.19182,-28.136864,56.02941,-0.000120369994,96.05957,-13021.192,DOS-TCP_FLOOD
21.082531,4.988756,64.40023,66694.12,-0.013371164,0.044179257,-0.019657288,0.030445594,-0.064214684,0.005752523,-0.0069061387,0.013492346,0.7591895,-0.09893517,-0.013116764,0.059736274,0.45964938,0.0032036286,0.04302296,0.03600121,-0.034441702,-0.052936956,1.0781125,0.0150194345,0.0027878652,0.012518834,-0.06680275,0.024223255,1.0320917,0.9907598,4249.769,59.590446,49.988297,-22.199074,52.07749,56.177868,0.00016475763,102.05483,8166.6797,DOS-TCP_FLOOD
19.511415,6.1846547,63.761906,17329.447,-0.005085077,0.009868825,-0.015383455,0.0054346262,-0.03525261,-0.00051979325,-0.0059604063,0.003961444,0.29356623,-0.094308585,-0.053500462,0.026839282,0.25901762,-0.0128032565,0.016402552,-0.0128024705,-0.015373401,-0.013535105,0.9879696,0.01595002,0.023309609,-0.0017966249,-0.011566066,-0.02886324,1.0383788,1.0031205,8325.623,59.83665,206.70511,96.861206,33.420727,116.90251,0.00021962059,99.7002,4946.762,DOS-TCP_FLOOD
20.216383,6.012284,63.934673,21249.426,0.023448484,0.0029014961,0.009023118,0.00076816225,0.036883067,-0.011785678,0.007494918,0.28098214,0.0145958355,-0.0138135515,-0.057390697,0.14679515,0.001024872,0.0113245,0.0077121095,0.004800372,0.0027920026,-0.043451782,0.96536684,0.0077961045,-0.012528551,0.050604645,-0.017407756,-0.028309636,0.9899575,1.002304,7627.5273,60.0002,-23.803299,70.30165,-5.373604,73.23543,0.0003118238,97.856636,-2474.8293,DOS-TCP_FLOOD
20.050104,5.077557,64.692924,16777.75,0.005006166,0.006875969,-0.008639708,0.002865756,-0.020191226,0.008717869,0.062856905,-0.34168792,0.2536234,0.01723509,-0.08693841,0.10114467,0.0103378,-0.0014664745,0.02308156,-0.023987845,-0.0046087825,0.008264458,1.0413359,-0.017680189,-0.0014739297,0.0024828198,-0.015498424,-0.043794714,1.0155038,0.9637132,6842.958,59.984314,315.65286,109.17798,58.584503,110.550385,0.00014007222,103.80493,10761.58,DOS-TCP_FLOOD
20.761274,4.7067256,63.155674,12449.421,0.030810237,0.008027895,-0.017204255,0.024061322,-0.034225546,0.013962442,0.03435778,-0.028621197,0.18374442,0.27346644,-0.08566119,0.12358859,0.03025732,0.017077573,0.0152959265,-0.013968412,-0.008433207,-0.021893738,1.0584162,-0.05294646,0.00072533265,0.016269607,-0.010337503,-0.011743781,1.0028876,0.9620793,5409.7983,59.974308,216.15073,47.00598,51.002903,92.76035,0.00015728662,104.86182,11217.737,DOS-TCP_FLOOD
21.630424,5.739153,66.31183,30137.828,-3.0426309e-05,0.0084697595,-0.022206485,0.019883605,0.009172289,0.003164099,0.033948276,-0.24330115,0.33001617,0.10037191,-0.03011081,-0.031005723,0.47137076,0.015546103,0.02021772,-0.005356297,-0.012374929,-0.03156967,1.0113244,0.011078092,-0.028217185,0.00019851606,0.001352299,-0.00072793104,1.0624812,0.99719375,7163.897,59.89528,-28.682983,28.137367,-6.6433353,35.35894,6.357765e-05,98.34192,-387.6781,DOS-TCP_FLOOD
20.322493,5.829782,64.30911,14368.221,0.005457541,0.01508511,-0.004186798,0.0021032703,0.048194595,-0.019424522,0.016764613,0.067475736,0.49988347,-0.03536354,-0.016267091,0.15644237,0.013218167,0.025146518,0.02038571,-0.013996523,-0.0047684438,-0.0036049774,0.99660945,-0.029236104,-0.010247872,-0.011988337,0.021705963,-0.02876763,1.0144831,0.99057513,7542.8735,59.95914,169.39417,73.79256,35.685158,77.82009,0.0001363448,97.961876,6543.07,DOS-TCP_FLOOD
19.04598,6.0483828,63.397644,22252.955,0.025595669,0.0006256439,-0.008525244,0.013976623,-0.025414372,0.022427067,0.015797863,-0.2685361,0.2575508,0.117414065,-0.05585183,0.0839454,0.008531482,0.0019952655,0.011341929,-0.0009615021,0.009382189,-0.025229549,0.94710255,0.055332355,-0.0032911613,0.038312983,-0.019695276,-0.038554937,1.0241987,0.98526615,8116.7275,59.33582,-33.065002,58.14483,-19.796593,60.019394,-5.341736e-05,98.778,-12389.053,DOS-TCP_FLOOD
19.156298,6.2346663,64.700775,12014.858,0.014656901,0.0085573755,-0.019523146,0.010050503,-0.05019278,0.009929567,0.042254645,-0.44243598,0.2449549,0.06615913,-0.039687403,0.07316643,0.005844773,0.022122711,0.03458566,-0.0036159996,-0.018743353,-0.011498941,0.9673003,0.041537344,-0.019613763,-0.0012289127,-0.017662514,-0.028625382,1.0240875,0.97537345,6688.1216,59.794838,139.07056,83.11397,23.634533,92.690735,0.0001441788,100.13625,4752.1743,DOS-TCP_FLOOD
18.811823,6.319847,62.23857,7615.5156,-0.0076200343,0.010875107,0.0032414705,0.009870798,-0.0024246862,0.016907813,0.022127703,0.40228796,0.3102919,0.03953012,-0.08226006,0.10855617,7.7800825e-05,0.03137141,0.020134747,-0.00040519983,0.0103237005,0.0012386264,0.92920804,0.05264611,-0.008968904,0.008863936,-0.005737208,-0.02080708,1.0161155,0.9779788,6086.3984,59.864876,-2.1849823,21.4542,-4.472727,51.060326,0.00029531127,96.108315,-8742.794,DOS-TCP_FLOOD
20.045841,5.6292353,64.62371,20252.826,0.03254982,0.0035554245,-0.014633861,0.010362447,-0.034149133,0.011225337,0.048986603,-1.0265155,0.22047013,0.025281332,-0.07272148,0.07864641,0.08139936,0.0045415945,0.038066808,-0.006184764,-0.016553331,-0.033286765,1.0048705,0.021564567,-0.017579172,0.009631967,0.003929762,-0.010872156,1.0209311,0.98442036,7163.224,59.768467,4.5392,59.741856,-27.205147,89.85115,2.384522e-05,102.42659,-11174.219,DOS-TCP_FLOOD
20.32127,5.202514,63.948658,11253.967,0.043056812,0.0076978835,-0.02429154,0.017326182,0.020218844,-0.0026185792,0.03494397,0.44047058,0.23174809,0.37257734,-0.09975429,0.12722068,0.14755133,0.03112349,0.017162237,-0.009707635,0.0031859567,-0.010199313,0.9962921,-0.00295737,0.005142791,0.035460338,-0.011516632,-0.025056671,1.0110064,0.9835125,4963.819,59.308434,138.71085,51.64812,17.51369,60.62044,0.0004586261,99.81957,382.52512,DOS-TCP_FLOOD
19.250048,5.682457,60.9194,7935.4824,0.016723644,-0.0006682724,-0.0029245787,0.00034093298,0.049425893,0.011822685,0.007558348,0.923597,-0.063981876,0.1291864,0.037914794,0.1674539,-0.0014690215,0.0010394771,-0.012087514,-0.015430428,0.028963612,-0.0018231524,0.974631,-0.016723687,-0.01198241,0.039659128,0.014313262,-0.012151291,1.0050678,0.97112876,10338.605,59.26036,179.7896,112.71845,58.656307,120.73805,0.0002891519,94.64439,10078.072,DOS-TCP_FLOOD
18.865772,6.605219,63.846268,17039.736,-0.0017648563,0.00069959834,-0.01000939,0.007026029,-0.0012964373,0.01360998,0.026234318,0.08877653,-0.053371605,0.05332204,-0.019985113,0.0762499,0.0034629093,0.014837857,0.022902727,-0.020230485,-0.0054435036,-0.0078009437,0.9269861,0.03963283,-0.034990177,0.0015900249,0.013599575,-0.009820265,1.0276886,0.9802541,8524.641,60.463375,123.62848,83.12178,26.872047,83.99563,3.0131312e-05,95.94497,5477.701,DOS-TCP_FLOOD
18.499813,6.3439484,63.791626,21506.822,0.005803937,-0.0015293207,-0.0071445196,0.01564954,-0.061523087,0.023916235,0.057478443,-0.7581719,-0.1637776,0.025855009,-0.06353843,0.02737194,0.0018626036,-0.001988262,0.043379966,-0.018663889,-0.0046853395,-0.007978686,0.94755614,0.05912618,-0.03698926,-0.002575426,0.027758116,-0.021388475,1.0205059,0.959646,8255.005,59.82706,114.92035,67.518036,23.87143,80.601135,0.00010518513,99.37384,8242.548,DOS-TCP_FLOOD
20.003302,4.999985,60.420223,16739.799,-0.0023398455,-0.014340025,-0.016104078,0.00022857077,-0.012031371,0.030449124,0.03833303,-0.2715186,-0.41143626,0.04029857,-0.02053219,0.102348216,0.018739237,0.011293724,0.026090236,-0.027936496,0.02601848,-0.022891285,1.0065079,-0.009197411,0.0015718304,0.04424276,0.012427647,-0.023702418,1.0146198,0.9414534,6620.004,60.181194,142.38235,52.13435,30.29005,67.07714,0.00019898215,99.932945,2539.1091,DOS-TCP_FLOOD
19.882053,5.798522,64.80949,18250.932,0.03668458,0.00041111186,-0.0034951163,0.0049940753,0.0051194225,-0.00381323,0.02900754,-0.4736389,0.12941964,0.017048676,-0.015061012,0.10612543,-8.64733e-05,0.004093228,0.0146366,0.0051280903,-0.014428144,-0.026373822,0.998732,0.0062490534,-0.037234534,0.008934874,-0.020485858,-0.015829789,1.0352148,0.98786664,7904.6973,60.160343,-8.206467,78.385025,-30.506008,67.75835,-6.3514235e-05,98.34358,-15968.4,DOS-TCP_FLOOD
21.271215,5.1825647,64.052986,10469.076,-0.01313553,0.01563176,-0.027450265,0.039145835,-0.038094424,0.025117388,-0.017822858,1.0171413,0.38650554,0.025512263,-0.022061197,0.058444854,0.21237282,0.016277853,-0.00022046734,0.049820073,-0.019170094,-0.0183983,1.043924,-0.044741143,0.030322637,0.01534863,-0.03165797,0.041452352,1.040464,0.98711485,7560.504,60.794548,285.16452,18.572906,46.346863,75.08058,0.00010555037,102.03192,9284.231,DOS-TCP_FLOOD
20.572496,5.7250443,63.98688,19891.799,0.017756112,0.00015228614,-0.009830814,0.012259097,0.026306195,0.016765626,0.032798484,0.21223354,0.33821937,0.03513219,-0.0792713,0.09292681,0.005805447,0.011730682,0.04291226,0.014416298,-0.008408776,-0.05294106,1.0053214,-0.020439448,-0.019010283,0.05182058,0.005765613,-0.009562503,0.98566663,0.973124,7196.572,59.590534,77.19328,38.356003,-10.202688,68.761246,0.00012737488,99.12928,-578.4747,DOS-TCP_FLOOD
17.457626,7.2418933,64.50487,9124.225,0.004133191,0.0033757468,-0.006161828,0.005590918,-0.050010197,0.0074810022,0.013215059,-0.034678936,0.25279513,0.048513617,-0.015198305,0.06476396,0.0012976042,0.019561809,0.024495414,-0.008214045,-0.0065880734,0.0067821937,0.8751717,0.11233921,-0.014295395,-0.0038824393,-0.016909694,-0.0347963,1.0404859,0.99709517,8230.889,59.51504,108.52374,85.234695,23.8991,107.599754,0.00024036731,96.27168,7236.6733,DOS-TCP_FLOOD
20.07149,5.492874,64.45436,23339.19,0.015913589,0.005591162,-0.01769482,-0.0032509968,-0.015090017,-0.03077966,0.0017442694,-0.7836026,0.08057501,-0.021123078,-0.044438336,0.08704613,-0.0035544354,0.00044139102,0.020538846,-0.012241093,-0.020136803,-0.029393103,1.0031952,-0.0075590084,-0.011390374,-0.00820101,-0.013915377,-0.012146401,1.0428789,1.0124387,8496.819,60.060177,58.30478,61.813335,-25.325554,70.76104,-0.0001250361,101.95498,-4809.282,DOS-TCP_FLOOD
17.764261,7.0143433,61.961815,20188.164,0.0009716395,-0.017198844,-0.0022506015,-0.016025184,-0.032975115,0.02632397,0.01492779,-0.5013689,-0.18312997,0.08783429,-0.009901653,0.05635673,-0.010285298,-0.005064402,0.012182462,-0.016261825,0.018902661,-0.008765179,0.90997344,0.09560565,-0.0071401866,0.020220678,-0.0009162538,-0.027902983,1.0148787,0.9669947,8317.791,59.129105,24.73143,70.52251,3.2512674,73.155235,0.00013250783,95.92776,-5042.476,DOS-TCP_FLOOD
19.221296,6.3297076,64.2728,9240.42,-0.029172635,0.017096832,0.00021363841,0.009501225,-0.0071463585,0.009321066,0.0009906152,0.3792032,1.708698,-0.013845189,-0.05945065,0.08105214,0.0062886546,0.013195554,0.017569268,0.003761584,-0.038606007,-0.018229743,0.9464018,0.03523705,-0.015065774,0.0063077537,-0.001898366,-0.015409604,1.0165753,0.9866745,7286.9067,60.312008,127.890884,87.42928,27.288837,97.094505,0.00019966587,99.29894,5457.469,DOS-TCP_FLOOD
17.816204,6.411639,63.33345,7022.4897,0.017682295,0.010146285,-0.02055448,0.004578044,-0.05584375,0.0021638516,0.020354444,0.27875853,0.31805152,0.21142909,-0.0045446306,0.081171796,0.027894977,0.02210888,0.0028943922,-0.03411756,0.028023403,-0.010853674,0.94921786,0.05644701,0.01737373,-0.014718398,-0.012949521,-0.031150516,1.0352328,0.990172,8493.21,60.188465,347.90005,106.90882,75.81508,126.49962,0.0010566674,100.68415,16467.053,DOS-TCP_FLOOD
19.892008,5.638828,64.05205,15440.775,-0.006751092,0.00421909,-0.00055000884,0.018851964,0.002589221,0.015439795,0.026175886,-0.2652321,0.22024067,0.024466876,-0.10620135,0.1216128,0.0007659606,0.016736101,0.0068160286,0.007765977,-0.02288708,-0.015185686,0.9724164,-0.009130401,-0.033173956,0.022112597,0.02289909,-0.006119376,1.009449,0.98032093,6546.031,59.684628,37.00563,51.34474,1.2534113,50.438953,6.493839e-05,98.130356,363.65045,DOS-TCP_FLOOD
19.972479,5.9505177,65.71296,21046.145,0.004690867,0.011685737,-0.016819943,0.011133596,-0.0023073396,0.0013631239,0.026294824,-0.0969646,0.30962652,0.0065639615,-0.037247535,0.09122962,0.009021468,0.0168094,0.01814882,0.016001018,-0.011920183,-0.019181099,0.9505156,0.023884041,-0.018563604,-0.01384937,0.00047977548,-0.03023351,1.0367486,0.99508536,8629.989,59.298344,108.78497,81.5335,2.9123945,75.39963,0.00010049759,97.69607,-168.59021,DOS-TCP_FLOOD
19.648842,5.561877,63.385803,22121.166,0.022243876,0.024883205,0.047180694,0.0002967436,0.0030488288,-0.031839717,0.030574147,-0.5290766,0.7110522,-0.059555918,0.554279,0.13375652,0.0067941207,0.00047480222,0.0036648754,-0.010534855,-0.008414571,-0.013519742,0.9551035,-0.017151967,-0.039029375,0.0068766833,-0.0038423156,-0.027591782,1.0266665,0.99773407,7450.749,59.78321,26.834824,62.09339,-10.089842,56.576077,3.08889e-05,96.319466,-2216.0461,DOS-TCP_FLOOD
18.827991,6.64847,63.980717,10310.998,-0.006177239,-0.0020599433,-0.0062190345,0.009683087,0.009618949,-0.0036585568,0.01006717,0.15028352,0.057742853,-0.014567755,-0.022966778,0.10682919,0.0043281657,0.018618977,0.016728591,-0.0029358454,-0.0060179736,-0.024265414,0.94316,0.042045165,-0.010332168,0.01806362,-0.01968655,-0.023577482,1.0010096,0.9831862,7245.4624,59.67522,85.3289,68.396385,23.37197,77.48755,0.00035345298,97.00239,2658.4807,DOS-TCP_FLOOD
20.056143,5.2067847,63.85087,21866.992,0.035669025,0.0034681489,-0.03748204,8.1645325e-05,-0.030145412,0.0117292665,0.007103744,-0.39543116,0.26415113,0.085883446,-0.08052581,0.076742716,0.049031053,0.0019636517,0.03246508,-0.020694008,-0.0053866813,-0.0032306742,0.99705297,0.0051543107,0.010905928,0.00804346,-0.0041605625,-0.043028623,1.0260673,0.989102,6686.5977,59.72199,88.578064,79.17822,16.352888,99.86963,0.00016722873,102.14046,-1351.293,DOS-TCP_FLOOD
20.681883,5.387637,73.83578,9852.858,0.017023072,0.008996318,-0.0055756466,-0.0016565953,0.047392905,-0.042425,0.028757567,2.264825,0.19327676,0.36689374,0.07412935,0.16377917,0.017055325,0.015881939,-0.0037068082,-0.022769555,0.00061790925,-0.0067013595,1.0224875,-0.017783577,0.001157748,-0.011750692,0.027795741,-0.023588788,1.0163218,0.9971109,7627.9263,60.718666,495.5227,60.891735,79.541725,61.170406,0.00014888536,98.38008,16609.238,DOS-TCP_FLOOD
20.649357,5.8486195,64.20241,15106.869,0.018132847,0.0063932957,-0.01462724,-0.004441686,0.027096434,-0.013274893,0.018302202,-0.016011953,0.09718689,-0.022790087,-0.062348567,0.13774416,0.0002639573,0.008071851,0.032399055,-0.009163892,-0.006755567,-0.017042393,1.0248189,-0.0037776341,0.00248841,0.01683838,-0.021581734,-0.042279493,1.0009948,0.9820244,5841.624,59.840614,110.97512,73.97399,27.371307,77.75572,0.00015005161,99.83402,3743.9373,DOS-TCP_FLOOD
19.883265,5.8776255,62.870903,20107.098,0.021676406,0.0011181942,-0.0031710416,0.012387072,-0.012608793,0.02789086,0.039208204,-0.0516603,-0.009002164,0.2170709,-0.12429796,0.12721297,-0.012419156,0.013697155,0.0075242524,-0.002342416,-0.015720481,-0.018332759,0.9416485,0.023929125,0.0037829438,0.029530322,0.014328577,-0.02303983,1.0019845,0.98629093,6228.671,60.01837,15.719482,55.185623,-9.537481,79.87567,6.629566e-05,100.023506,-7234.722,DOS-TCP_FLOOD
21.065289,4.8957586,63.073334,10204.97,0.042140376,0.0077387006,-0.022636734,0.008900002,0.015141165,0.00279627,7.958384e-05,3.0370932,0.45122787,0.20574279,-0.01747565,0.11839978,0.30548403,0.023783475,0.022051876,-0.033167765,-0.010231001,-0.046178155,1.0168453,0.00690416,0.01586375,0.013003474,-0.031474,0.005008206,1.0261586,0.9806612,2286.2334,59.090218,151.8803,50.159443,25.733715,64.311714,0.0011169373,101.13825,3675.5693,DOS-TCP_FLOOD
20.54686,5.117988,63.689053,15647.547,0.02596166,-0.0009651295,-0.0032631005,0.035708424,0.02143896,0.009748898,0.03386069,0.5209204,-0.12919202,-0.030414365,-0.08767879,0.15827632,0.010388311,0.009924838,0.021373639,0.006872271,0.0032773102,-0.02743442,1.004,-0.009148684,-0.027226275,0.038298868,-0.00028922223,-0.018693864,0.99648637,0.9624955,5272.7354,59.50133,163.70209,44.749104,33.241066,54.75862,0.0001923544,99.00776,1984.5981,DOS-TCP_FLOOD
19.696085,5.1304307,63.310505,15765.1875,0.018947197,0.005167983,-0.010102653,0.009614437,-0.02420468,0.023342375,0.018654665,-0.88294125,0.26442045,0.064931616,-0.07729136,0.108562276,0.0014481674,0.0063204346,0.03885006,0.011768643,-0.002959522,-0.019396706,1.0295397,-0.015109489,-0.0010437239,0.014770235,-0.025381885,-0.02524719,1.0201517,0.97523487,7180.235,59.86306,57.399597,83.457375,1.6381054,80.86332,-8.299918e-06,100.464066,-4953.4165,DOS-TCP_FLOOD
20.100172,5.4840994,65.26893,15120.719,0.013612967,0.0070728036,-0.029375965,-0.010121317,0.013044663,-0.009324044,0.0031051273,-0.107848644,0.3950662,0.071244344,-0.07143407,0.098533854,0.0031036988,0.010046544,0.0017796597,-0.038003426,-0.004540016,0.0029624114,1.0141555,-0.016137974,0.009303155,-0.011564569,-0.009329672,-0.02400575,1.0574281,1.0050708,7956.4346,60.477013,130.90141,82.840385,25.528555,88.72367,-0.00027531153,98.03908,7045.655,DOS-TCP_FLOOD
20.616531,4.9441504,64.05989,7048.044,0.02292069,0.003869767,-0.01061965,0.0039927573,0.017097503,-0.0005659944,0.026716443,0.3231051,0.2490343,0.021995408,-0.08914459,0.14122105,-0.001357302,0.024197755,0.034075152,-0.0056131417,0.0004132185,0.0020522717,1.0366853,-0.030770266,0.012335613,0.034937844,-0.025948238,-0.03213554,1.0076759,0.9737914,5383.907,59.742466,91.352646,66.05806,7.549861,90.90362,0.0004894712,101.01918,1820.419,DOS-TCP_FLOOD
20.026136,5.4304013,64.18772,15168.146,0.0063535664,0.0044990256,-0.0045758625,0.022169894,0.0129308365,0.004783093,0.02959069,-0.6435121,0.16484958,0.0009304099,-0.06863433,0.1028064,0.005846005,0.0055835303,0.02296189,0.0013438519,0.0035407674,-0.025693553,0.9931581,-0.005806981,-0.027327163,0.030880932,-0.011355285,0.0038293097,1.0179598,0.97745824,7521.662,59.73361,-0.34368896,41.923733,-5.697695,53.16525,-6.49102e-05,97.917274,-4427.638,DOS-TCP_FLOOD
19.339176,5.871489,62.318455,15696.84,0.0038935337,-0.009029219,-0.011907762,0.0031182833,0.023718039,0.009749493,0.014659625,-0.05760765,-0.27488148,0.023748808,-0.027711913,0.10013278,-0.0050307685,-0.007885163,0.020355847,-0.014740584,0.01745115,-0.015670681,0.97976846,0.009887251,-0.010162165,0.041147843,-0.008305664,-0.020685617,1.0020623,0.9627784,8721.012,59.740982,93.73042,88.45421,22.581816,94.965614,0.00023834813,96.21229,1300.0759,DOS-TCP_FLOOD
20.44908,5.2409368,67.90185,13246.695,-0.024639254,0.016522802,-0.013079356,0.009766364,-0.024919616,-0.007683282,0.011603302,-0.3390373,0.7458352,-0.01926891,-0.05135484,0.08690639,0.013725141,0.013761723,0.0015928876,-0.0022300426,-0.03009088,0.005072877,0.99522775,-0.007964066,-0.010433612,-0.005959538,-0.0034941733,-0.02666319,1.0422894,1.0028776,6587.876,60.64342,148.97702,62.31518,19.635984,71.97422,-0.00018743872,99.64797,7682.392,DOS-TCP_FLOOD
21.025345,4.904026,64.07306,25624.695,-0.025506426,0.010721507,-0.04413607,0.019340483,-0.03904012,-0.0167492,0.011716621,-0.9045907,0.44041362,0.0025923178,-0.109519064,0.08033481,0.12309145,-0.005147313,0.044197444,0.00017889775,-0.026176952,-0.0066369446,1.0695753,-0.0065868883,-0.02382907,0.007941831,-0.03361596,0.0008295849,1.0320915,0.97668296,5048.6597,59.934753,165.08072,30.803467,28.434795,64.23867,4.943041e-05,105.117584,8118.99,DOS-TCP_FLOOD
20.50452,5.60159,64.25881,19810.49,-0.0078075933,0.006018475,-0.022214837,0.0022293506,0.0072291456,-0.009351821,0.014974818,-0.49060428,0.23255719,0.003869757,-0.08477106,0.105166,-0.00015461259,0.0006837491,0.03871099,-0.00757114,-0.02653003,-0.015313417,1.0079318,-0.0071285036,-0.023105087,-0.0015820866,0.01712605,-0.0106542455,1.0387654,0.9952585,7300.501,60.32506,65.349686,54.95416,0.06465149,82.74811,1.8974883e-05,99.2831,137.59743,DOS-TCP_FLOOD
18.528175,5.96484,63.03733,11362.593,0.007623154,0.0061565037,-0.0063214754,0.007784951,-0.0124655515,0.024879418,0.041439958,0.21654844,0.17248309,0.11294081,-0.061793767,0.09586471,0.006948672,0.016487805,0.015281596,-0.030190941,0.0032378547,-0.0050784135,0.9732828,0.0019156673,0.02951824,0.018815046,-0.006449539,-0.025762074,1.0114772,0.95440406,6428.6313,59.65183,263.1802,58.693375,52.786053,90.16899,0.00021875693,99.36581,4729.176,DOS-TCP_FLOOD
19.499321,6.022687,67.14558,20662.082,0.020758238,0.012528449,0.046763998,0.0069583966,-0.023071183,-0.027013002,0.004588589,-0.49099386,0.37065256,-0.08581929,1.2196815,0.07567169,0.016969861,0.002353252,0.018307928,0.024972456,-0.003735167,-0.025915865,1.0309422,-0.01705781,-0.01441812,0.006321283,-0.038579214,-0.033502754,1.0348924,1.0119027,5650.0986,59.83832,41.01541,102.41046,-2.8040333,74.921524,-1.7162383e-06,100.12804,-405.3615,DOS-TCP_FLOOD
20.102865,5.9013186,64.05686,15699.85,0.01939237,0.0033451736,-0.010179202,0.023915902,0.033601645,-0.009620603,0.021438632,-0.36938655,0.12895636,-0.0075252815,-0.014020724,0.15716925,0.012835282,-0.0009000115,0.038630243,0.008242008,-0.0060545816,-0.0315497,0.98935187,9.876118e-05,-0.010512151,0.05310426,-0.053801816,-0.041638516,1.0071936,0.99099076,5811.262,60.271046,23.057373,68.60521,-0.43320465,62.809074,-6.860004e-05,97.431244,-6473.481,DOS-TCP_FLOOD
19.986248,5.7291756,64.52332,20812.262,0.016620602,0.052095022,-0.015390226,0.015907912,-0.00047906674,-0.010569818,0.013991127,0.031983674,1.6306823,0.084106445,-0.011125225,0.073838234,0.013803302,0.01917534,0.015379401,-0.024049908,0.0006995909,-0.0001511164,1.0066228,-0.020190086,-0.006366074,-0.028417509,-0.014433714,-0.023424651,1.009023,0.983902,4608.173,59.49828,174.60077,36.84213,31.858974,74.52746,0.00010044621,101.032684,2125.7803,DOS-TCP_FLOOD
19.090359,5.936217,66.08765,25772.482,-0.01673657,0.0064142505,0.048055466,0.01113803,0.029645393,-0.005178184,0.014761595,0.18707997,0.28889638,-0.038076498,0.62544024,0.05020859,0.068481244,-0.008839079,0.026402991,0.0032428931,-0.0018740119,-0.0042179506,0.9858416,0.0082172,-0.018306633,0.017693343,-0.009687151,-0.022953795,1.0247785,0.9976589,5005.5654,59.027817,-14.4657135,56.461773,-24.03513,44.686214,-0.00019099157,95.453094,-10927.84,DOS-TCP_FLOOD
20.796268,5.3835664,63.668625,21373.586,0.024008898,-0.0063694054,-0.032749243,0.002895964,-0.018094039,0.013811137,0.021522492,-0.5949912,-0.19281462,0.07125938,-0.02256344,0.11885647,-0.0058443937,0.00020785723,0.022493677,-0.032480426,0.00012084376,-0.01675148,1.031258,-0.016081614,-0.0024557696,0.031473354,0.002623708,-0.022468567,1.0147657,0.9724471,7526.5063,59.70712,194.95187,85.79467,36.489746,96.02284,0.000103796454,102.72407,7363.416,DOS-TCP_FLOOD
20.364628,6.012267,64.267685,13092.318,0.03828904,0.012978621,-0.03229616,0.020799182,-0.016702209,-0.0029980224,0.014601277,0.2181595,0.35245463,0.2907455,-0.01994311,0.12467821,0.008984192,0.022784332,-0.0014644302,-0.01106236,-0.017570216,-0.01594488,0.9991077,-0.031379428,0.013387173,-0.008027793,-0.012059392,-0.0058839004,1.0281283,1.0071949,8687.61,60.16495,204.5954,67.28132,30.174314,95.72655,-9.606803e-05,103.05915,11902.465,DOS-TCP_FLOOD
19.507032,6.321073,64.79722,22210.006,0.011686831,0.014867069,0.0030971272,-0.0029344016,-0.0031745303,-0.014699006,0.014729138,-0.41019654,0.5959126,-0.039149556,-0.06866977,0.11762429,-0.012136335,0.027240383,0.018346008,-0.0039229263,-0.030048754,-0.016771551,0.97284865,0.027755827,-0.02425127,-0.020663287,-0.022363616,-0.027231278,1.0236807,0.9865184,5939.789,59.810917,81.490906,62.898064,12.800087,74.22339,-1.3185359e-05,98.51775,-760.8736,DOS-TCP_FLOOD
19.968279,5.759547,63.50186,10045.146,0.012527242,0.0045559476,0.00526706,0.09182512,0.048214518,0.002762748,0.032212377,0.88790613,0.05357225,0.030812692,0.02032202,0.12000982,-0.0028419197,0.019843115,0.0231281,0.0069512287,0.0039712107,-0.014212474,0.9802755,-0.021406384,-0.038460497,0.023075826,0.01099625,0.011390652,1.0091826,0.96650505,7618.4263,60.119682,160.57199,51.30589,34.579113,75.56983,8.5737876e-05,95.505905,6111.408,DOS-TCP_FLOOD
18.47383,6.530601,63.490707,6853.998,0.019219298,0.00640262,0.041377526,0.022519989,0.02899957,0.017835353,0.04891185,0.6259095,0.2786495,0.28992718,0.6351691,0.08662332,0.019189058,0.018052114,-0.01362689,-0.0017032586,0.0063481694,0.005626334,0.8958961,0.042186897,-0.02094615,-0.0077723474,0.008533903,-0.015305314,1.0223262,0.99039227,7475.974,59.58664,-37.072327,34.591652,-31.117523,43.66564,4.4376487e-05,93.18435,-17877.2,DOS-TCP_FLOOD
20.706825,5.360778,62.913525,19429.932,-0.017514337,0.0036733446,-0.011574551,0.008874269,0.011170872,0.006421416,0.002690712,0.18086874,0.21484056,-0.042306166,-0.10588458,0.1153008,0.48681003,0.007535987,0.022935241,-0.005356306,0.014590371,-0.04746398,1.0017745,0.008075177,-0.003178066,0.040941864,-0.046589825,0.017434485,1.0456097,0.99643075,4284.621,59.50356,-1.9218292,10.598892,10.249069,41.735943,-0.00014021927,98.5152,6688.635,DOS-TCP_FLOOD
20.347673,5.278741,63.908714,17244.998,0.012177312,0.0059288754,-0.025293991,-0.0017452777,-0.014615545,-0.022862434,0.011986821,-0.96170855,0.29565474,0.039534926,-0.03169793,0.095261924,-0.001054067,0.0035432866,0.030790333,-0.025245067,-0.014810981,-0.022983674,1.0251538,-0.024723727,-0.00025619753,-0.0012139557,-0.00022451859,-0.020362858,1.0370914,0.99349797,7638.1777,60.12424,31.35675,70.097374,2.5539722,79.60621,4.5972265e-05,100.63981,2648.9846,DOS-TCP_FLOOD
20.352922,5.161916,64.09642,20111.594,0.013291089,0.007883232,-0.008809761,0.0053244666,-0.010659983,-0.006753553,0.026591208,-0.68728566,0.33010304,-0.031845123,-0.096593805,0.099106535,0.050157245,0.00207379,0.024820117,-0.02888768,-0.008608237,-0.0200166,1.0278064,-0.014688765,0.0051833154,0.009296061,-0.0041437987,-0.00923477,1.0318182,0.9803847,7156.42,59.677376,23.0,61.463543,-19.65459,79.330284,-4.6352463e-05,102.02109,-7861.911,DOS-TCP_FLOOD
22.151493,4.946931,61.76675,16652.02,0.047238193,-0.013715294,-0.00272376,0.017631412,0.071037024,-0.004002352,-0.004672515,3.1937525,-0.13973112,0.014531089,-0.01374319,0.13847716,0.09065452,-0.029550588,0.017021352,0.0006691972,0.016294748,-0.084202506,1.024726,0.016580626,-0.01514981,0.076090425,-0.02201306,0.02372577,0.9839877,0.9634159,5043.059,60.9783,-49.851868,87.539474,-4.9457455,101.11471,0.0045242053,98.24226,-4624.819,DOS-TCP_FLOOD
20.846172,5.48807,63.826027,8557.2295,0.0070655714,0.002626604,-0.013312084,0.008109829,-0.011680817,-0.0042918893,0.018362649,-0.17904437,0.1337971,0.015350297,-0.105669856,0.14278097,0.026315723,0.0093036,0.052126333,-0.0022767484,-0.004144942,-0.013292784,1.0714035,-0.024431014,-0.006644763,0.0174786,-0.02291437,-0.014875334,1.0246176,0.9832823,6513.9,60.311092,82.18852,94.493095,18.393217,123.7945,7.007575e-05,102.17604,8593.768,DOS-TCP_FLOOD
20.18938,6.2140136,64.44095,22829.283,-0.009814602,0.0013871862,-0.02356763,0.0099241305,0.024136366,0.008196193,-0.0042448263,0.49446732,0.18261857,-0.013693662,-0.048731748,0.08458248,0.1114068,0.020427562,0.009641977,0.013345202,0.0042501884,-0.012817111,0.96051115,0.0026497652,0.008377849,0.0059906556,0.0014032377,-0.02145635,1.024108,1.0045918,7234.081,59.437695,34.464157,37.689148,6.8651037,64.39455,0.00011134515,97.63695,309.20905,DOS-TCP_FLOOD
19.136961,5.797968,62.3178,10620.754,-0.0006533414,0.0063985446,0.020325135,0.021763697,0.05138787,0.013202168,0.047470488,-0.113821626,0.20362872,0.033475038,0.013049746,0.12856835,0.022177562,0.016189419,0.007108929,-0.018270541,0.019613586,-0.009349635,0.9511363,0.014880563,-0.018568091,0.01982066,-0.0035381922,-0.0099631855,0.9773972,0.958052,6630.674,58.988453,-0.4932251,31.675201,7.690504,53.278717,-2.4249559e-05,93.56719,-6714.7417,DOS-TCP_FLOOD
19.665905,5.5385275,68.13103,13584.887,0.019574903,-0.00020196661,-0.016296573,0.0010526179,-0.014767053,-0.004075091,0.054285605,0.7293643,0.21613358,0.29679388,-0.033355754,0.09972136,0.018908152,0.018055901,-0.019638518,-0.036715783,0.0047429604,-0.013639152,0.9970464,0.0339747,0.030623633,-0.00050450093,-0.010277637,-0.05517043,1.0240685,0.9931817,10451.427,60.307766,651.01215,113.0643,89.622025,112.7666,0.00040898315,103.58824,20741.074,DOS-TCP_FLOOD
20.307245,6.0885744,64.93096,14585.549,0.00043760985,0.0036022177,-0.020249024,0.0008445456,-0.00739057,-0.013830508,0.027952738,-0.8048121,0.093602896,-0.049557507,-0.08695108,0.118866205,0.0030855753,0.00524404,0.014689073,-0.010236589,-0.006124594,-0.01611139,1.0136703,0.007065673,-0.016726281,0.00481348,-0.031666715,-0.035586823,1.0109501,0.98389745,7904.034,60.09199,103.88538,85.41796,21.200705,83.67952,0.00015952322,100.90791,5659.353,DOS-TCP_FLOOD
21.14946,5.318735,68.09708,12171.027,-0.02178588,0.015547466,-0.028303301,0.0136261005,-0.062033392,0.013470119,0.031129949,-0.46216762,0.42666596,-0.025859032,-0.08300618,0.08727766,0.020219628,0.026546821,0.014441884,0.027223451,-0.03699308,0.008687087,1.0660208,-0.022385346,-0.001467762,0.0029315066,-0.0373155,-0.016808376,1.0235856,0.9765708,5520.301,60.431786,251.83446,85.69424,41.101383,111.619675,0.00018089575,106.673706,13530.546,DOS-TCP_FLOOD
18.404684,6.905633,64.29078,11493.164,0.020203132,0.007016939,-0.025672447,0.0070931166,-0.06827567,0.022147184,0.021747202,0.28807265,0.13604559,0.19092084,-0.025832154,0.021294177,0.034705523,0.008586034,0.012725637,-0.015544748,-0.0072308904,-0.0047132187,0.9212136,0.08226743,-0.0036719092,-0.0052461633,-0.0050885137,-0.033659678,1.0466589,0.9807715,8356.653,60.21256,218.66983,103.70822,46.69864,123.780396,0.00039368618,99.132126,11758.38,DOS-TCP_FLOOD
19.641272,5.359853,62.017254,11145.807,-0.013394456,0.008146297,0.0046034646,0.010373892,0.037455466,0.0037968317,0.029933443,0.30700004,0.16601042,-0.08841209,-0.05181681,0.17610699,0.0017840691,0.0015250221,0.008942563,-0.028912041,0.007312586,-0.006150934,0.98532075,-0.046905003,0.0010688347,0.03209544,0.025504358,-0.023316935,0.99084395,0.96256727,6752.982,59.45628,148.17223,57.00315,42.786064,75.92361,0.00019877334,97.704094,4795.99,DOS-TCP_FLOOD
19.23162,5.8766913,64.09026,12579.439,-0.0009101536,0.0044670403,-0.015951956,0.022153316,-0.0030607432,0.011382001,0.026863378,-0.39689958,0.19469613,0.026603604,-0.009124241,0.03643125,-0.0009003542,-0.007327846,0.008218334,-0.011339867,-0.0011539203,0.0012976537,0.95444137,0.01945378,-0.023777874,0.020299315,0.015386153,-0.00046323985,1.0412827,0.9945497,7842.085,60.289764,14.991806,33.537968,-12.068167,63.624092,-0.00016377437,96.144905,-4237.5615,DOS-TCP_FLOOD
20.362373,5.683288,74.940956,29304.096,-0.02466656,-0.0071771587,-0.019115474,-0.010054666,-0.026981814,-0.0039543,0.031262532,-0.37395835,0.29426265,-0.022778148,-0.0009314902,0.066303074,0.092076555,-0.00580349,0.038963884,-0.0027517602,-0.006763863,-0.022677831,1.048789,0.03505175,-0.012822542,0.017573979,-0.023350898,-0.034047212,1.0335022,0.9793056,5297.689,59.967808,46.85463,87.6443,-10.132019,94.73427,0.00012987225,101.72533,-1191.1411,DOS-TCP_FLOOD
21.58175,6.0937705,64.25487,11239.994,0.0028759986,-0.00047412515,-0.01516943,-0.007948753,0.029311907,-0.009060171,0.0020756898,1.9864774,-0.09017177,-0.02044406,0.017062943,0.1364125,0.014033066,-0.015030421,0.0056522107,-0.023068398,-0.004696832,-0.017896015,1.0560982,0.001966361,-0.006288766,-0.009887758,-0.015772,-0.01168047,1.0152372,0.99511933,7361.1577,61.112423,296.8032,82.51601,63.37889,79.40303,0.00031674837,100.96888,4932.653,DOS-TCP_FLOOD
19.94419,6.095225,63.57891,18229.797,-0.0029638968,-0.0034487736,0.017203107,0.014026283,0.048629597,-0.009591617,0.0492877,-0.060616612,-0.12676568,-0.04600337,0.01656584,0.1646539,-0.014117831,-0.008833622,0.017686794,-0.004866235,-0.01464189,-0.021117236,0.9646425,0.0073896167,-0.033756536,0.029946502,0.00047150534,-0.024836257,1.0054803,0.9698079,8712.592,60.103928,0.9559479,63.94705,-9.100204,65.114,0.00014419918,95.251144,-5240.145,DOS-TCP_FLOOD
19.980953,5.780575,64.56906,5363.802,0.000804523,0.008903426,-0.012439495,0.032996148,0.03724228,-0.001123044,0.018652765,0.92549896,0.42947865,0.015202031,-0.040168967,0.12700598,0.07326668,0.044901177,-0.002314127,-0.000670813,0.0023310166,0.0028220285,0.9861338,0.0040885913,-0.008210182,0.009973157,-0.01882248,-0.0014134962,0.99741685,0.9794727,4969.263,59.94778,119.39709,38.146423,30.706028,71.10066,0.000304001,97.962715,4795.3296,DOS-TCP_FLOOD
20.216642,6.359538,63.574936,13672.848,0.0598884,-0.0031943626,-0.001276962,-0.0033780006,0.04779631,-0.029304001,0.02438226,0.6536957,-0.059093047,0.12307045,-0.039540216,0.15768714,-0.0059805545,0.003974922,0.0148733705,-0.0075439685,0.008870679,-0.04554234,0.95938134,0.0064191944,-0.019521683,0.03475771,-0.014457192,-0.029844936,1.0090301,0.9916451,9236.031,60.300236,8.642334,89.815414,-18.87685,80.56347,0.0012851801,97.028534,-8557.752,DOS-TCP_FLOOD
19.827,5.5519505,62.732513,10669.119,0.016128054,0.00045856833,-0.008068571,0.0020896748,0.021049395,6.277871e-05,0.033912867,-0.3276453,0.14069484,-0.022400878,-0.034895804,0.14402525,-0.0033439312,0.0062989397,0.011040909,-0.016482307,0.010227122,-0.019862505,0.97913504,-0.0006027594,0.0016780593,0.02333631,-0.024098575,-0.038074285,1.0076149,0.9713716,6347.238,59.944584,19.335999,65.47297,-6.778179,74.51003,0.00020894546,98.70543,-7904.694,DOS-TCP_FLOOD
20.014622,5.6757646,72.50089,11891.123,0.015395629,0.006291428,0.0011508004,0.003260813,0.016191468,-0.011773968,0.018075053,-0.17722023,0.2677838,0.041060355,0.12555699,0.11744794,-0.0009233299,0.01799542,-0.0057217665,0.0019482151,-5.2293763e-05,-0.019400448,0.97100866,0.017380565,-0.012698551,0.0076342598,0.0076109865,-0.03052874,1.0281385,1.0071912,7462.98,60.080994,0.94828796,79.64111,-40.334854,71.21942,2.3491128e-05,96.33959,-9321.788,DOS-TCP_FLOOD
21.27943,4.7585964,63.861637,13432.006,0.0512674,0.011660824,-0.007555541,0.011173051,0.030030238,-0.00061734463,0.024723608,0.19373804,0.46697938,0.20871514,-0.09961676,0.1442042,0.056018222,0.027104875,0.036286864,-0.002257852,0.0003411295,-0.029897477,1.0708342,-0.04807954,-0.0071984883,0.027978998,-0.024153637,-0.019522648,1.0016642,0.98585105,4074.964,59.885765,63.27893,55.09934,9.972778,75.73731,0.00020814779,102.37499,1761.1311,DOS-TCP_FLOOD
19.155045,6.030931,63.239677,9171.758,0.0006812718,0.004935668,-0.00947099,-0.0027380383,-0.028560178,0.0049454295,-0.0158362,-0.0653342,0.28117162,0.014309006,-0.024721257,0.09868698,0.0005197823,0.018861111,0.036312383,-0.016213465,-0.016779829,-0.019889269,0.9641372,0.029769473,0.019718345,0.009787556,-0.013899634,-0.019690918,1.0196263,0.9893814,6465.7803,59.78993,70.60118,85.4119,3.4143114,121.296524,7.83686e-05,99.653946,-1532.6968,DOS-TCP_FLOOD
20.678568,5.150605,69.014854,24567.344,0.032844156,0.0068479585,-0.037244283,0.005360285,-0.028726367,0.0089980615,0.062391046,-0.43391287,0.3692379,0.1234173,-0.09370999,0.081186906,0.012579774,0.016100883,0.0059858477,-0.004770807,-0.021008432,-0.004536598,1.0099536,0.009969025,-0.0024791947,0.0039442033,-0.0031876285,-0.053813353,1.0273988,0.9723404,6136.4194,60.0057,200.7814,102.66556,14.48054,82.15249,4.059737e-05,103.66582,-2862.5813,DOS-TCP_FLOOD
20.500975,6.083492,65.23457,5488.1416,0.059230234,0.0018292886,-0.0058660517,-0.0004973877,-0.0014072387,-0.006327473,-0.008104538,1.0625166,0.34838524,0.2738056,-0.010632555,0.13631882,-0.0014013032,0.032552667,0.011236436,-0.005542841,0.006075003,-0.010907034,0.9784807,0.025853934,-0.0005541113,-0.008117968,-0.012579727,-0.007821609,1.0215642,0.99946266,6159.253,61.152863,63.64058,72.43741,-2.0710716,85.7038,0.001980159,101.22054,-9283.067,DOS-TCP_FLOOD
20.83994,5.428207,65.3968,20868.201,0.020270737,0.012393675,-0.020121967,-0.0020187043,0.009229854,-0.012046868,0.0057050004,-0.64498556,0.4773776,-0.039616354,-0.075224474,0.13320437,-0.019594498,0.021695383,0.014949082,-0.005601407,-0.011390498,-0.024985883,1.0240113,-0.020727247,-0.0066076173,-0.012472324,-0.03488345,-0.027710432,1.0310372,0.98760617,7026.9917,60.532593,45.211914,61.920998,-12.323938,56.45065,2.9528295e-05,99.86577,-929.6629,DOS-TCP_FLOOD
21.55884,5.0140877,63.080284,12256.434,-0.0014725421,0.0011446996,-0.026737634,0.0010067354,0.05575729,0.006636518,0.017035756,1.6451747,0.22818936,-0.02148224,0.01526022,0.08950473,0.26232418,0.02321893,0.020522812,-0.030294616,0.007186066,-0.034829296,1.0481474,-0.03451499,0.006186005,0.030722994,-0.023341214,-0.02122908,1.0220464,0.9669661,5535.6006,59.52317,324.7707,41.462418,65.80156,56.078465,0.00056111545,98.05623,10200.474,DOS-TCP_FLOOD
21.17408,5.314269,62.58477,8321.111,0.020255761,0.00083443517,0.009303958,0.0054899785,0.08167008,-0.016671194,0.035886083,0.68092203,0.16690843,-0.004469743,-0.0076043787,0.19676311,0.006241739,0.018291185,0.025908686,-0.011835996,0.012253918,0.0042318646,1.0341967,-0.06576373,-0.011951658,0.04049575,-0.013815125,-0.025949996,0.98797643,0.96497154,5737.9976,59.806656,91.63815,48.260105,29.70095,75.285645,8.126456e-05,95.361694,4828.8447,DOS-TCP_FLOOD
22.12668,4.17437,64.399574,16124.119,0.02975994,0.011981352,-0.030311279,0.064801306,0.045903496,0.0072381436,0.0075135864,2.1785197,0.42647856,0.19584753,-0.19662587,0.18766524,0.0071562612,0.03498315,-0.0065153046,-0.010303672,0.014780305,-0.028059704,1.0807856,-0.073574245,0.03382208,0.015570467,-0.03266482,-0.026077334,0.9998919,1.0052528,7172.3716,59.550404,265.19162,64.34714,35.35023,87.82235,0.00047228867,104.296364,14403.444,DOS-TCP_FLOOD
18.879103,5.8689237,63.91506,23811.902,-0.018400889,-0.0012483298,0.04386708,0.017816626,0.027435588,0.004289863,0.005967419,-0.4696294,-0.004509166,0.0072232257,0.43234867,0.09614439,0.0030341798,0.0023778714,0.020982198,0.008771232,-0.015107382,-0.01437943,0.97981274,0.0041774507,-0.0292103,0.019222602,-0.0062315725,-0.0050794706,1.0055195,0.97823757,6457.479,60.005558,26.815155,65.43547,5.7605133,67.90058,-1.50762935e-05,96.07516,-2834.0505,DOS-TCP_FLOOD
19.749052,5.4353967,64.16333,31142.88,0.011759893,-0.00152735,-0.046164542,0.004490761,-0.023802651,0.017962119,0.034936916,0.017493784,-0.15662292,0.15262836,-0.019604314,0.019264257,0.094984375,0.0072981413,0.021816667,-0.0041523017,-0.0040387223,-0.00413849,0.969454,0.027174171,0.0011569331,0.0025774445,0.009413966,-0.057072848,1.0240457,0.98599845,6166.429,59.82308,359.3459,58.151554,46.53917,70.17185,0.00046119984,101.77877,-792.6612,DOS-TCP_FLOOD
20.769602,5.123044,63.29757,11796.045,0.01696928,0.00017361715,0.0055429293,0.010737791,0.047931843,0.01751772,0.029787838,1.858134,0.0008021295,-0.024720745,-0.032273352,0.16430528,0.0041141007,-0.0012825383,-0.0024622725,-0.032534555,0.010417033,-0.024397746,1.0285928,-0.036781278,0.013032327,0.059271898,-0.017979117,-0.01600537,0.98112196,0.9647641,4903.13,59.640945,312.3043,38.9712,49.48253,46.70223,2.6165115e-05,99.56013,2719.6475,DOS-TCP_FLOOD
21.574736,4.769613,64.49992,15139.387,0.00045832247,0.002716629,0.003235389,0.0055914843,0.0072985366,0.022639863,0.044843014,0.029711246,0.2755204,-0.0076617855,-0.08489511,0.107166804,0.10167241,0.008525009,0.026506323,-0.022979971,-0.013945036,0.00087683555,1.0791563,-0.036407635,-0.0010617473,0.011603058,-0.024764199,-0.03653334,1.0148776,0.9603868,3636.2446,59.343815,324.9916,49.5739,57.18625,60.848118,0.00014673756,103.318565,1270.4606,DOS-TCP_FLOOD
18.98287,6.178229,63.983498,11815.11,0.007303124,0.0062306174,-0.016045801,0.01916471,-0.0041180216,-0.006608295,0.04158288,0.055835843,0.16661309,0.029040126,-0.06477771,0.07948772,0.03300267,0.01862721,0.028833617,-0.009879506,-0.0024484447,-0.009997244,0.9176053,0.036360588,-0.01020897,0.022506116,0.0014766678,-0.031141436,1.0018716,0.967636,6420.473,59.043762,84.04588,48.57987,15.188418,59.75037,9.3150535e-05,96.59566,-2253.8608,DOS-TCP_FLOOD
19.082275,6.1035037,60.964462,19558.938,-0.008192155,-0.001220785,0.021338135,-0.0019360328,-0.037356168,0.0013641693,0.00059499405,-0.89880395,0.08216787,-0.03635139,-0.060191512,0.12986614,-0.0076120244,0.013801793,0.026165932,-0.0050934125,-0.017346162,-0.0472537,0.95660454,0.026365263,-0.024673853,0.032060694,-0.012024486,-0.015458358,1.0010551,0.9648144,5705.176,59.092834,-14.384155,60.2228,8.813213,88.31146,0.00028889487,98.37509,-528.121,DOS-TCP_FLOOD
19.664516,6.019802,63.4762,9012.362,0.0044504367,0.0033161833,-0.009456827,0.035174616,0.024984118,-0.0011468848,0.011988441,0.85458004,0.20780846,0.0073503326,-0.04190251,0.10654737,0.03638883,0.046466086,0.018669754,0.013621107,-0.002194473,-0.020988893,0.9505906,0.0101374,-0.020377496,0.025051035,-0.013785053,-0.014175901,0.99955267,0.9767181,5897.548,59.867485,173.88406,49.342243,53.39531,73.72381,0.00062166946,97.82924,8103.604,DOS-TCP_FLOOD
19.649288,6.180366,64.64758,15545.887,-0.024823638,0.010040705,-0.01310033,-0.0037928342,-0.020263549,0.021631764,-0.006719348,0.26056874,0.2744972,0.05956109,-0.09423607,0.04302018,0.15970545,-0.0146402065,0.035689432,0.007331869,-0.022712508,-0.00175972,0.97310543,0.026235549,-0.009692841,0.01707802,0.0021502562,-0.019174203,1.022656,0.99514204,5629.7373,61.31623,45.862213,28.584305,5.8865767,69.183655,0.00028330862,99.76853,1023.9709,DOS-TCP_FLOOD
20.517635,4.7085547,62.671032,37720.098,-0.029582035,-0.0066189603,-0.022754159,0.015999509,0.026694065,0.03215689,0.022787195,0.1285832,-0.3896999,0.0048577227,0.09128326,-0.027810214,0.35559493,-0.0064915093,0.024737315,-0.017157933,0.010614306,-0.029909955,1.0307734,-0.00043347853,-0.018951183,0.036844343,-0.006868113,-0.027377645,1.0251666,0.9453499,8138.2607,59.960423,576.9343,170.0285,177.9628,171.7975,0.0003891154,95.117645,59900.855,DOS-TCP_FLOOD
19.578535,5.294008,62.75038,7408.6484,0.028027467,-0.003103101,-0.02380829,0.029577045,-0.03172215,0.033614777,0.038044877,0.22361016,0.15027124,0.30699202,-0.054817438,0.091444716,0.18279053,0.017784499,0.018131357,-0.0035534427,0.018731657,-0.007695406,0.98745435,0.036503054,0.0060572755,0.041097496,0.003291876,-0.014433663,1.016633,0.95189834,6903.1533,59.69552,130.55258,51.273735,26.176704,64.22949,0.0030948808,98.94963,5170.3174,DOS-TCP_FLOOD
18.512985,5.902436,63.154,11389.137,0.0016597472,-0.00022188947,0.010286173,0.013609342,-0.028931173,0.011279484,0.022048239,-0.90882504,0.10625531,-0.0023462437,0.14326273,0.105976015,0.0022805473,0.017740186,0.026757207,-0.006584497,-0.007836527,-0.0123383235,0.96903026,0.010162411,0.005880026,0.019742522,-0.021489356,-0.025902003,1.0081166,0.96755505,5877.7046,59.84716,18.65355,72.41978,-0.15662956,73.55904,9.4586605e-05,99.15935,-6683.18,DOS-TCP_FLOOD
20.935051,5.362112,64.501755,14956.469,0.0056621805,0.003286694,-0.013120372,-0.0037856114,-0.027106041,0.0061154477,0.016709177,-0.22972035,0.17764525,0.0027512386,-0.10508916,0.11788093,0.004703174,0.008671297,0.033921994,-0.013423793,-0.017546693,0.0014636293,1.05849,-0.031671066,0.0066934573,0.0012338045,-0.0106655145,-0.045101523,1.0262045,0.97878194,6000.058,59.489407,201.15045,63.49653,40.3248,92.84167,0.000301359,103.82926,7908.688,DOS-TCP_FLOOD
21.671516,6.113128,73.71828,10605.459,-0.032394707,0.0021795696,0.0024118088,-0.001048792,0.035211034,-0.05129134,0.024500562,0.44704628,0.10272205,-0.068465374,0.030216727,0.12569292,0.061387744,0.0024248566,-0.0037674513,0.010078898,0.014038824,-0.025127094,1.0643928,0.0076019126,-0.024857258,0.018019382,0.00993376,0.021347629,1.0158987,0.9964966,4438.2246,61.638664,65.69296,46.865143,22.489027,50.532288,0.00025049728,95.195435,4048.3223,DOS-TCP_FLOOD
19.481579,6.0605903,63.882645,25391.857,0.019337151,0.0058173225,-0.035469793,0.016523555,0.0009808168,-0.0022081484,0.050030082,-0.0045050383,-0.055377744,0.21663556,-0.024278302,0.04118525,0.12008567,-0.004241178,0.013757846,-0.013898861,-0.005351852,-0.012592989,0.9376476,0.019763093,-0.010593179,0.0086201,0.01359082,-0.018360712,1.0242753,0.97313744,7664.1113,59.136368,102.21195,53.05412,14.796373,50.315918,-9.716314e-08,95.41488,666.1642,DOS-TCP_FLOOD
19.671448,5.4765253,64.14015,21393.646,0.027697686,0.0050512482,-0.01341852,0.00950857,-0.0058329366,-0.0058271307,0.043415457,-0.27955413,0.23204833,0.24346527,0.0017561764,0.12250796,0.0076257708,0.017967489,0.030141115,-0.03311137,-0.0040051993,-0.0063623814,0.9871694,-0.005816324,-0.010501977,0.004441396,0.008256821,-0.03594521,1.0133498,0.96827704,7680.401,59.473995,223.39116,58.35292,40.96904,74.31204,0.00013888956,99.232216,4103.456,DOS-TCP_FLOOD
21.05711,5.627517,64.32522,16643.89,-0.011620223,0.008881257,-0.026838018,0.0013672857,0.00052200444,-0.019423978,-0.0009608688,-1.0254023,0.3226617,0.06894999,-0.040626414,0.099916294,0.009796902,-0.01879161,0.024043903,-0.016298914,-0.025273763,-0.026067022,1.0334818,-0.049578615,-0.019631296,-0.02004541,-0.036587987,-0.030317869,1.0420065,1.014413,6091.167,61.5547,21.567688,65.251854,-11.503836,78.82341,4.1328618e-05,103.33876,118.522766,DOS-TCP_FLOOD
20.270294,5.680115,64.37763,15785.102,0.033638816,0.008439334,-0.022593727,-0.0022201976,-0.0010469323,-0.019852642,0.016865304,1.7218099,0.22569402,-0.030923925,-0.055010512,0.10223676,0.008302248,-0.00051003415,0.019843329,-0.024678295,0.014592957,-0.013580833,1.0303866,0.012342437,0.008722268,0.007824188,-0.03394941,-0.026978573,1.0118709,0.9953566,5810.2837,59.51387,300.49387,79.95103,32.904602,67.48867,0.000121153054,102.4385,4247.1826,DOS-TCP_FLOOD
22.10371,4.099131,64.47553,15216.104,0.018835746,0.01910352,-0.018729094,0.03580837,0.07166485,-0.014789514,0.031793196,0.67518616,0.29654664,-0.016321555,-0.10327003,0.1896953,-0.009273955,0.01394023,0.016181681,-0.003838623,0.008871838,-0.01780603,1.0549856,-0.08568213,-0.0074754395,0.02033306,-0.019847265,-0.037024464,1.0159643,0.98827296,4285.0303,59.926823,63.78633,28.462082,2.9484987,30.568184,0.00011456858,98.62389,-2229.0227,DOS-TCP_FLOOD
19.1655,6.062543,63.779552,17806.178,-0.0074286475,0.000780452,-0.00015067868,0.009481305,0.038615774,0.00015845231,0.022840895,0.26385236,-0.07922125,0.043382704,-0.07079207,0.0941407,0.00055879727,-0.014857978,0.022810664,-0.012873819,-0.0004740944,0.0062275957,0.94912493,0.017475627,-0.010921245,0.028447602,0.005255188,-0.022162478,1.0006987,0.97064465,7979.339,59.288357,128.40758,75.19108,20.907778,81.82633,-9.8879114e-05,94.92333,2664.5493,DOS-TCP_FLOOD
20.735731,5.412662,65.13732,15229.672,-0.019009862,0.07034526,-0.038184054,-0.0054825037,-0.020487417,-0.005625158,-0.010277969,0.8701687,3.41081,-0.02027006,-0.05841093,0.08398837,0.020036835,0.020826653,0.020737357,0.0032363925,-0.03476162,0.00727368,1.0152663,-0.028619712,-0.006584389,-0.024763584,0.012841623,-0.024978217,1.0283611,0.98783445,5069.842,60.782017,168.69011,63.447227,35.582474,101.9457,0.00025529705,102.18999,1899.8396,DOS-TCP_FLOOD
19.970608,5.65841,69.85232,39487.934,0.05376914,0.0047272914,-0.009825809,0.0067140805,0.02619289,-0.039237194,0.019232765,0.009585857,0.40444863,-0.0051274057,-0.12273245,0.11221204,0.015747562,0.035785627,0.010584145,-0.010032783,0.02908238,-0.038349926,0.92619795,0.049834836,0.03702984,0.038500976,-0.057314232,-0.081972525,0.9863761,0.96384007,4734.384,59.423553,47.412827,98.04445,-4.7874184,65.69263,0.0052239294,95.78453,-3638.3225,DOS-TCP_FLOOD
19.694597,5.9291186,64.07857,22623.686,3.0789524e-05,0.0019367443,0.003693644,0.0075922045,0.006255703,0.020528378,0.0069609284,-0.20121443,0.14094302,0.043648113,-0.030325219,0.10056988,0.0055136215,0.0079626115,0.015699532,-0.0032470096,-0.01750729,-0.03131134,0.98487866,0.008134599,-0.010928441,0.031580564,-0.009848456,-0.024860099,1.0089364,0.9779987,6869.823,60.106926,70.26332,76.46689,18.97344,78.47489,0.00023067261,98.16252,589.9086,DOS-TCP_FLOOD
21.132566,6.049557,63.99095,9238.264,0.005957922,0.0067991987,-0.01684643,0.02390319,0.04189346,0.010283567,-0.006031296,0.8632265,0.073996775,0.015683822,-0.052544557,0.11727938,0.03588878,0.0051975716,0.024034306,0.008876323,-0.0009526452,-0.028961757,0.9969418,-0.026412314,-0.017222457,0.015586363,-0.012858219,0.010483301,1.0331407,0.98770076,6603.4385,62.41487,107.9549,34.178837,27.83009,62.247112,0.00023098172,97.6062,2683.8997,DOS-TCP_FLOOD
20.153423,5.815218,64.0752,6080.8726,0.02405404,0.007473456,-0.022121686,0.009541827,0.003539781,-0.0010923494,0.0044438243,0.19109643,0.43929812,0.1998066,-0.045146253,0.10945804,0.0040352847,0.024632934,0.018479476,-0.013112875,0.0010104617,-0.0035216613,0.983323,0.017093595,0.0011457317,-0.0012081338,-0.020341946,-0.027704807,1.02973,0.99647075,7197.785,60.701775,98.45471,59.203403,12.6103115,82.13194,0.0001751396,98.61148,2413.9639,DOS-TCP_FLOOD
19.910175,5.7922707,72.365524,33387.598,-0.029754078,0.0050045038,-0.012593495,0.0012984144,-0.05055225,-0.012817133,0.016045228,-0.4766636,0.109062,-0.031624764,0.0235284,0.03360054,0.013319315,0.009942249,0.006961799,0.02642852,-0.022329837,-0.019233512,1.0129158,0.01322584,-0.000978515,-0.006124603,-0.013446722,-0.038796213,1.0331059,0.9837271,6835.209,59.919994,214.76814,90.00264,35.57319,91.78153,5.636856e-05,101.17812,1952.1536,DOS-TCP_FLOOD
18.855528,5.4711924,60.03041,16466.104,-0.00075539574,0.0020934746,0.010569928,0.004424148,-0.058761597,0.041787587,0.028346367,-0.73965204,0.019074602,0.016364247,-0.08488306,0.11118066,0.002547488,0.0054308027,0.002314048,-0.015495462,-0.00603253,-0.024890965,0.9687154,0.019612713,-0.012279905,0.047537554,0.019393204,0.01315565,1.0174193,0.9406073,6758.029,59.685055,22.777634,53.792957,11.6125145,72.85573,0.00019935201,98.18778,-2236.9585,DOS-TCP_FLOOD
19.479319,5.915237,64.59781,15307.0,0.0056335423,0.007044253,-0.018011285,0.0077631385,-0.018669102,0.013953533,0.022024475,-0.41831398,0.03433115,0.04457429,-0.07095499,0.0859701,0.0029621643,0.016156688,0.020426111,0.0047933077,-0.0140680205,-0.0012134574,0.95894146,0.026609419,0.0013742968,0.0009065529,0.007333294,-0.02658398,1.0283903,0.98853093,7066.0317,60.09571,160.96634,69.71311,23.034676,78.45497,0.00013850385,100.04685,4670.476,DOS-TCP_FLOOD
20.057539,5.807588,64.216866,15453.148,0.0047599524,0.008017457,-0.009813454,0.006243363,-0.005782321,-0.007163354,0.008711458,-0.14080596,0.3775252,-0.03144813,-0.049769513,0.10125776,0.01519424,0.009337984,0.03197966,0.00297877,-0.0038583158,-0.0035820343,1.0245374,-0.018516092,-0.0057986123,0.005300775,-0.03878403,-0.028464394,1.010212,0.9747623,5503.3555,59.93961,96.35744,74.75039,19.605282,81.59653,-3.984751e-07,101.77137,4137.5024,DOS-TCP_FLOOD
19.633759,5.485634,64.082535,20296.5,-0.0015552528,0.010728716,0.020517113,0.0073152813,0.0028528078,0.006285535,0.019761378,1.1231086,0.14710443,0.004086718,-0.068799436,0.060014647,0.016447572,0.009491825,0.007274127,-0.0022637285,-0.035382446,-0.02333642,0.9945887,0.001731176,0.02911859,0.022424947,-0.010698665,-0.035930526,1.003681,0.98986113,8405.246,59.548203,483.48755,103.15276,64.62784,108.40937,0.00017033005,100.13794,203.31226,DOS-TCP_FLOOD
20.729265,5.9613853,63.99434,15291.098,0.010467934,-0.00042210892,0.031632643,0.034106195,0.09906901,-0.02614113,0.025545243,0.5197576,-0.048935242,-0.031657,0.3745109,0.14971314,0.00017127953,-0.0030987058,0.02186316,0.0060411636,-0.0056192,-0.008201403,1.0124032,-0.031393852,-0.047502887,0.002047877,0.014731765,-0.001311563,1.0012846,0.99711967,7194.394,60.057755,-11.107376,27.936523,-10.843004,42.28579,-1.6377555e-05,94.27424,-4907.1733,DOS-TCP_FLOOD
21.287737,4.977845,64.515686,10955.875,-0.017196253,0.015697254,-0.0111331735,0.02558429,0.053196907,0.0103850905,0.008250351,0.75915456,0.93311083,-0.021812152,-0.053865463,0.15038237,0.011512026,0.0045767333,0.0036169402,-0.03129328,0.0036025979,0.011574308,1.0486913,-0.066137694,0.011670393,-0.0020635885,0.012492411,-0.020301102,1.0279688,0.99311364,6834.5977,62.301918,364.60388,82.6296,111.2554,136.71564,1.8045335e-05,99.059555,41248.23,DOS-TCP_FLOOD
19.609747,6.332575,64.87159,9402.26,-0.021927161,0.005126197,0.017983336,-0.0072028236,0.01307735,-0.024091527,0.008473445,-0.7957498,0.11691969,-0.11475037,0.28967872,0.15175024,0.004486628,0.006752806,0.0078496,0.017936388,-0.021142036,-0.00075488817,1.0128653,-0.014356955,-0.009233308,0.0054480266,-0.035272874,-0.030300688,1.0281016,0.9906397,5644.983,59.711662,22.195724,68.252884,14.55044,71.341896,4.8756163e-05,97.33895,-311.4605,DOS-TCP_FLOOD
19.43147,5.525413,62.80993,17459.14,0.01807536,-0.0014412253,0.0032129325,0.013450356,0.042392395,-0.0031459355,0.054858334,-0.24595141,0.036235593,0.02351607,0.06772438,0.124561705,0.008475382,-0.006883866,0.025134178,-0.032957226,0.017881896,-0.0036996324,0.9810821,-0.01952848,-0.012087007,0.040481795,-0.012991598,-0.030485556,0.99207145,0.95345426,6117.627,59.53465,85.935135,57.361633,20.245262,55.905094,1.3066674e-05,95.72931,2251.019,DOS-TCP_FLOOD
19.104498,5.6846466,63.735485,21154.855,0.013091534,-0.00047062337,-0.020910634,0.033635978,0.0016526906,0.023747096,0.043758113,-0.47062182,-0.02881683,0.032051273,-0.08760791,0.10716981,0.0061740773,-0.0066330144,0.004913849,0.00474961,-0.00793067,-0.013265379,0.9670222,4.7933314e-05,-0.0019934261,0.023037216,0.017879069,-0.021505002,1.0169846,0.9806329,8597.66,59.11328,232.86069,70.18833,34.887215,77.12915,-3.843823e-05,96.35966,2656.4912,DOS-TCP_FLOOD
19.230515,5.7442675,64.504395,19971.994,0.002385769,0.0056139305,-0.015858566,-0.002597148,-0.040431708,0.018806973,0.05015847,-0.4308858,0.065426245,0.07159016,-0.08967488,0.019663427,0.0064588995,0.014463674,0.00520295,-0.011821812,-0.0019201846,0.026441736,0.95619065,0.062059615,0.052843586,0.018726865,-0.013714859,-0.08792571,1.0059081,0.9834673,6252.5186,60.01811,637.9132,50.024147,75.1071,83.7747,0.0005893588,100.76264,11047.999,DOS-TCP_FLOOD
20.923025,5.851104,64.66464,13611.439,0.009392816,0.007830554,-0.015926816,0.0105576115,0.030422878,-0.027988687,0.0025994144,-0.07885671,0.59144366,0.03467752,-0.0618871,0.14598945,0.0051050913,0.020834712,0.018024053,-0.009203948,-0.007956337,-0.022548452,1.0216328,-0.034698315,-0.0142001165,-0.006242632,-0.0077216043,0.0030043907,1.0226303,1.001806,6987.611,60.193283,83.93001,57.146454,10.839009,86.09554,7.127396e-05,100.661674,4997.84,DOS-TCP_FLOOD
19.5726,5.5232096,64.79194,8073.872,0.0036030263,0.040153023,-0.008730528,0.01402542,0.012495663,0.026189223,0.021924097,2.11539,1.0386912,-0.022208411,-0.054793093,0.0565687,0.09850982,0.018029552,0.013225649,-0.016251575,0.007579531,0.015615268,0.9826817,0.009568381,0.038005583,-0.009070748,-0.008633923,-0.04143246,1.0230393,0.97148424,9973.177,60.4634,1029.4683,195.03989,320.0539,226.30511,0.00043996592,98.66099,205172.23,DOS-TCP_FLOOD
19.01596,6.644304,63.73131,14939.934,-0.021201104,0.003965451,0.015166214,0.0054623703,0.025551815,0.011675,-0.008921992,0.3657303,0.2877402,0.08557703,-0.061557323,0.05773813,0.10345762,-0.011872718,0.042106576,-0.0146698505,0.0002242392,-0.012923332,0.98379415,0.01333448,0.02797103,0.0048315106,-0.030489895,-0.038964074,1.0156628,0.9895873,7928.7246,59.39021,78.058075,82.267494,-0.10721016,99.2305,0.0002297054,98.13898,-1698.581,DOS-TCP_FLOOD
17.339415,7.405367,63.362633,16143.8125,0.0046957377,0.000774458,-0.026026823,0.0026111105,-0.08985442,0.02707902,0.014679322,-0.75905097,0.13688645,0.11287962,-0.049751133,0.0776411,-0.0064501227,0.011032684,0.029361453,-0.025506228,-0.0067904964,-0.014774667,0.861505,0.1435603,0.027824432,-0.0007733959,-0.017356835,-0.048978295,1.0285537,0.99515116,7992.191,58.895706,61.33818,79.79879,18.61059,87.433716,0.0006589492,96.88043,699.44653,DOS-TCP_FLOOD
18.378668,5.9305468,61.474438,5252.4507,-0.010320767,0.01017792,-0.012250941,0.04071513,-0.028741205,0.018071491,0.031958014,0.52195036,0.36605045,0.14508891,-0.022285553,0.09973497,0.0077112536,0.031832706,0.0024589244,-0.01616453,0.0067225005,0.005581123,0.93468076,0.039447933,0.021455385,0.009170138,-0.009034033,-0.035865966,1.0206693,0.9685826,8794.459,60.379528,529.40796,99.239075,129.66241,131.222,0.00051329494,97.6459,42482.645,DOS-TCP_FLOOD
21.859655,4.772524,63.32942,12736.158,0.031241423,0.047838476,-0.0070311455,0.022447169,0.051727153,0.014414345,0.037233714,0.75946033,0.8372989,0.15077609,-0.060784016,0.1735753,0.013078664,0.026871882,0.025492486,-0.01008137,0.019717637,-0.014648964,1.0653467,-0.08830082,0.0049509364,0.016414223,-0.008108256,-0.029961444,1.0057565,0.9785193,3187.116,59.97268,128.72731,10.001541,27.606796,42.00694,0.000119322634,98.36233,1490.7363,DOS-TCP_FLOOD
20.356089,5.6481233,63.25846,45149.008,-0.010250387,-0.00016900524,0.14883262,-0.0013989507,0.08435334,-0.007985079,-0.036596317,6.822941,-0.23044935,-0.093742386,4.3238564,0.1447275,0.0062732296,0.01158751,-0.0004116306,-0.012647271,0.00039974228,-0.0078312205,1.0585204,0.0019017534,-0.007263582,-0.017031115,0.01481387,-0.0059464388,1.0138446,1.0055444,9236.838,59.38783,383.0116,85.96813,82.741394,52.62092,-0.00012897018,99.44035,14623.227,DOS-TCP_FLOOD
21.846472,5.1602173,72.10898,11490.997,0.0064238813,0.014465426,-0.039766595,0.0020100002,0.034057446,-0.031746812,0.0130318925,1.9052968,0.82761526,0.06589227,-0.044660643,0.114789076,0.0790028,0.021925367,0.0043776026,-0.015136285,0.0012811227,-0.022860002,1.047612,-0.017481584,0.030789148,0.009066189,-0.052344568,-0.042061,1.014098,0.9969779,3452.4524,59.47758,210.77513,43.84373,20.567463,67.91706,0.00012157908,100.46272,8606.655,DOS-TCP_FLOOD
20.08157,5.919677,63.46999,11255.15,0.030867325,-0.0031974285,0.003705807,0.0034277872,0.010606252,0.0022236728,0.003395013,0.48022318,-0.010249242,0.14392671,-0.056463163,0.1542308,-0.013507781,0.014500542,0.008438312,-0.013783893,0.0030645728,-0.046415217,1.0030932,0.0052567264,0.008518204,0.04803041,-0.032974858,0.0013651047,0.99071807,0.9776622,6897.1855,60.240337,-66.79419,56.149906,-15.513058,86.41287,0.00010877689,100.16984,-13111.902,DOS-TCP_FLOOD
19.448927,5.848234,64.08482,8604.766,0.0045635924,0.006134763,-0.02174494,0.07589699,0.04396095,-0.005649739,0.052430637,0.69896823,0.21233955,0.012321993,-0.050536063,0.09594266,0.015207896,0.02582122,0.01693629,0.0005293498,0.011557205,-0.0008797506,0.94076866,-0.0025680808,-0.017538529,0.012323326,-0.006217407,-0.021300709,0.9888393,0.978973,6856.789,59.114105,203.05333,46.754456,38.801746,63.423576,0.00012656291,96.28901,7784.1675,DOS-TCP_FLOOD
19.759796,5.553854,63.844074,15778.939,0.034826256,0.002627852,0.01679024,-0.007551314,0.037886467,-0.023134721,0.0032910448,0.086865485,0.25620824,-0.035252117,-0.04260003,0.16898811,-0.020948235,0.009964466,0.0006091641,-0.0037797913,-0.005016157,-0.03147602,0.9897362,-0.030750332,-0.0018181046,-0.009007374,-0.016835315,-0.025259446,1.021753,0.9846134,6427.139,59.719074,38.868378,100.25467,5.405224,93.09735,0.00039382034,99.980606,-1049.845,DOS-TCP_FLOOD
22.119707,5.4348736,64.395096,20006.94,-0.0068073627,0.006326632,-0.024470894,0.0038835842,0.021031871,-0.030688459,0.022955783,0.061852515,0.13027123,-0.02543626,-0.1076995,0.14331752,0.008143381,0.029404128,0.01973776,0.0068916613,-0.02901513,-0.019905195,1.0482677,-0.035441034,-0.009537135,-0.011215285,-0.0014507119,-0.015078194,1.0008633,0.9962052,3878.2976,61.397343,190.76805,23.650124,34.74196,52.87718,0.00012962832,103.765625,1839.1194,DOS-TCP_FLOOD
19.846395,5.4935646,63.213722,21934.066,0.003811298,0.030236611,0.04991107,0.010673082,0.028688863,0.013896173,0.058754515,-0.79389226,0.4244964,-0.034018062,0.29658577,0.11926277,0.0094128465,0.00038980972,0.035832662,-0.009663356,-0.02155398,-0.011981911,0.98829544,-0.017291406,-0.045994367,0.020141758,0.01739224,-0.020886457,0.9925262,0.95013887,5893.642,59.83971,-3.8061829,29.884987,-7.1034985,36.16348,-0.000137395,94.26183,-2809.9282,DOS-TCP_FLOOD
20.136124,5.276828,64.22467,17428.652,0.02591699,0.0019576394,-0.00343906,0.019633181,0.0040606437,-0.0074147508,0.036606114,-0.8512963,0.046349373,-0.041268714,-0.05973824,0.14275543,-0.03178965,-0.014169134,0.022088367,-0.0041993707,-0.0024239183,-0.03125353,1.0305042,-0.022089291,-0.02433542,0.012816321,-0.037813928,-0.031767797,1.0235891,0.98222,8019.0547,60.058907,34.665024,56.55739,-9.456188,64.17471,3.3167787e-05,100.03617,-4636.8047,DOS-TCP_FLOOD
18.689997,5.9567075,64.51825,16826.6,-0.029757952,0.007853855,-0.003806334,0.0020513285,-0.023306774,0.034958266,0.03438201,0.637563,0.2503617,0.040779915,-0.039255623,0.060528457,-0.0007743518,0.013686491,-0.0029702904,0.022959266,-0.03088257,-0.003217766,0.94846225,0.0060121696,-0.01905026,0.016945176,0.022276565,-0.022564279,1.0048,0.9805271,6026.268,60.514565,173.05139,44.68093,28.143087,49.03863,0.00032300397,99.721794,-3310.7053,DOS-TCP_FLOOD
19.300087,6.178491,63.92285,28437.238,0.03749487,0.010041584,-0.018203098,0.009369488,-0.051568426,-0.011277529,0.016829899,-0.47304213,0.35750535,0.018962132,-0.11066054,0.09144396,0.010458495,-0.0064888876,0.043040924,0.00023534056,-0.010638261,-0.015953902,0.9738184,0.028003836,0.022905622,0.005713067,-0.059413634,-0.08040375,1.0206742,0.9859791,5887.279,59.190735,155.59589,74.527374,33.878124,79.57048,0.00050428597,102.0121,4409.682,DOS-TCP_FLOOD
20.858921,5.4015675,63.75548,7987.576,0.043389224,0.046805028,0.0062386785,0.01085551,0.030076759,-0.021553997,0.0048767263,1.2412927,1.6827364,0.046028156,0.013579221,0.17245689,0.009480085,0.050577242,-0.0023120362,-0.0045377435,0.01777703,-0.017604638,0.9912495,-0.018890904,0.027933963,0.012745267,-0.055904195,-0.030074973,0.9864622,0.98400265,3647.7178,59.562634,57.313263,73.06419,9.81739,84.566574,0.002412193,97.79644,4536.5376,DOS-TCP_FLOOD
20.941696,5.951811,64.450615,12578.349,0.062576145,-0.0054300106,-0.03479659,0.006042233,0.0095686205,-0.005026656,0.012658368,0.60876656,0.091217525,0.33356038,-0.02703529,0.12625268,0.004924757,0.004570079,0.018733157,-0.013802426,-0.00517559,-0.009745414,0.9974766,0.018231768,0.011631054,0.027757576,-0.016620677,-0.043301716,1.012294,0.97445536,5978.3203,60.659325,164.95474,66.975655,30.435076,70.78591,0.001906097,100.12612,4536.2563,DOS-TCP_FLOOD
20.103245,6.366007,64.24368,8063.8667,-0.008451118,0.009087992,0.00041795662,0.0079066595,0.049088664,-0.019672876,0.0069698715,0.9315185,0.13584569,-0.05031707,-0.044303034,0.1731703,0.0053067156,0.020846229,0.010549644,-0.006532655,-0.0046372926,-0.0067301607,0.9795751,0.017683553,-0.007773416,0.00023630098,-0.008009979,-0.023136921,0.9912674,0.98682505,5983.1533,59.661453,159.00533,72.35948,47.12957,84.72747,0.0003596442,97.199615,10821.817,DOS-TCP_FLOOD
19.725443,5.5756583,62.288006,14800.414,0.033581685,0.0044207354,-0.024018073,0.009479505,-0.011956686,0.017500332,0.02614282,-0.149328,0.40234995,0.29892,-0.06963974,0.083652705,0.004721264,0.017861985,0.02675328,-0.016209153,-0.016723612,-0.01953787,0.9852886,0.007784627,0.0021751644,0.018119413,-0.003385488,-0.04275947,1.0170507,0.9745744,6188.2456,59.70164,126.25862,64.92394,21.991636,74.64774,9.854413e-05,98.89232,5156.186,DOS-TCP_FLOOD
20.255636,6.410323,67.487595,12133.716,-0.009828293,0.008649753,-0.008168319,-0.013371569,-0.018350298,-0.022520516,0.015017593,-0.22447968,-0.14458406,-0.12535062,0.13358277,0.17893484,0.0057569365,0.029943792,0.02657667,0.019910986,-0.022988599,-0.018382464,1.0160952,0.003421392,0.002645941,0.025158625,-0.007506916,-0.044803508,1.0034528,0.9678461,7325.3623,60.56302,-53.50226,115.00785,1.8515778,105.06805,0.002174325,96.93597,-6724.2666,DOS-TCP_FLOOD
21.545973,4.8732433,66.30951,10523.094,0.02156699,0.010328052,-0.01642919,0.02019572,0.028935943,-0.021173293,0.035420515,0.4895314,0.16576187,-0.07950113,-0.08603756,0.18826546,0.014665785,0.009747962,0.02415886,-0.0019462686,0.0006116554,0.0012796698,1.0738778,-0.06290656,-0.015209332,-0.0011773384,-0.0042127585,-0.039830826,1.0335193,0.98830503,6971.3545,60.03766,193.80086,57.388306,38.48522,69.36096,4.582628e-05,103.016846,14880.478,DOS-TCP_FLOOD
18.868689,5.873027,65.370255,27920.281,0.027497357,0.0070364894,-0.032128252,0.010513802,-0.02679467,-0.009590423,0.045032244,-0.60166967,0.25880215,0.06186205,-0.027629305,0.020472508,0.078469604,0.0067332294,0.029508045,-0.024491746,-0.0034818868,-0.0010181498,0.9448525,0.03644389,-0.01584301,0.008208334,-0.0014228886,-0.036124613,1.0241567,0.97321135,7539.148,58.695797,123.022,58.117737,19.000546,52.131985,5.469477e-05,98.38146,2317.3525,DOS-TCP_FLOOD
20.583828,5.489374,64.0599,23396.166,0.022964418,0.029476944,-0.0011759531,0.006474647,0.024736855,0.023300832,0.019169262,0.1638639,0.50485027,0.10405467,-0.038301975,0.1279791,0.008379101,0.013230804,0.00022778288,0.0032531098,-0.006401858,-0.04320267,0.9837888,-0.019400932,0.003343264,0.019115856,-0.015911046,-0.017504621,1.0034931,0.99865913,7350.291,59.72074,11.427704,36.812775,-16.485325,50.57649,-7.0388924e-06,97.304855,-6007.2354,DOS-TCP_FLOOD
19.397114,5.9137897,64.84167,10834.011,0.021448191,0.004295462,-0.02055319,0.00979926,-0.008823799,0.0028182734,0.020884711,-0.18948936,0.08172449,0.0815791,-0.050987322,0.08680162,0.0056958287,0.00688924,0.021858115,-0.005874657,-0.005668383,0.0036795018,0.97867274,0.007825229,-0.009989761,-0.012160801,0.016838593,-0.022669025,1.0431842,1.0021574,7382.9272,62.276543,197.7149,68.515915,33.864204,96.70854,0.0002046393,100.23343,8558.239,DOS-TCP_FLOOD
20.38954,5.586009,64.011734,13892.105,0.018027615,0.026855398,-0.0013773679,0.005790765,0.02202988,-0.0018499419,0.004581851,-0.15556228,0.7867409,0.015276145,-0.028588288,0.12462855,0.005600126,0.019620022,0.017749418,-0.01716881,-0.0061788154,-0.008524208,1.0171608,-0.031253546,-0.0065589612,-0.0020850624,-0.03040366,-0.013116857,1.0241334,0.9983759,6007.897,59.988068,21.274887,41.717003,-22.619091,67.673805,-2.2885462e-05,98.3175,-4456.1123,DOS-TCP_FLOOD
21.81554,4.676873,63.89,17775.555,0.019086523,0.0064029777,-0.03195137,0.0048697977,-0.020264398,-0.007912578,0.027115883,-0.45405483,0.37849134,0.0109099215,-0.079922415,0.1430387,0.0017693021,0.019321343,0.016690653,0.012209624,-0.0005468726,-0.031430893,1.0844877,-0.050905228,0.02213797,0.032245412,-0.04768422,-0.018122703,0.97653514,0.97952354,6656.298,60.815517,111.37577,75.62951,32.627434,88.16735,0.0006008916,106.597336,15127.153,DOS-TCP_FLOOD
21.481003,4.787674,64.49907,8409.125,0.014128547,0.010241751,-0.03363721,0.0015504562,0.014224166,-0.022355841,0.0075431583,5.394617,0.29409665,-0.07473561,0.018967552,0.13493457,0.039806414,0.0039223023,-0.0022073044,-0.03362422,0.026881594,-0.006164578,1.077172,-0.018789036,0.04125987,0.023425872,-0.043488972,-0.022263248,1.0343724,0.9988352,5696.289,59.76104,511.59677,54.19296,72.20234,78.097595,0.0006737405,106.31198,8731.966,DOS-TCP_FLOOD
19.268625,5.973953,62.74434,8129.5464,-0.0025299378,0.006179537,-0.016602553,0.069015115,-0.008890048,-0.007982598,0.0022303686,0.19141263,0.36490738,0.01959366,-0.048003457,0.11598102,-0.003975433,0.028586373,0.025402913,0.0048106536,-0.0013315934,-0.01424242,0.9541755,0.029107463,-0.021128634,0.0016959023,0.0039352058,-0.015392793,1.0310327,0.99747837,6603.656,60.520103,156.04971,62.96473,37.080933,87.58352,0.0003755819,96.595085,9976.222,DOS-TCP_FLOOD
20.236181,5.382817,64.26853,12181.077,0.012244563,0.005097285,-0.012621015,0.05838209,0.014960881,-0.005711586,0.037280496,0.8946613,0.023254303,-0.035064958,-0.11238053,0.15980002,-0.0075859176,0.01620214,-0.010231495,0.021060899,-0.0027439022,-0.024661215,0.98024803,-0.016493924,-0.011839363,0.015929041,0.011244918,-0.012071793,1.0080268,0.9900127,7646.1924,59.87271,185.83621,63.793953,25.834623,67.7065,0.0002692641,99.96967,3783.0813,DOS-TCP_FLOOD
20.386135,5.765528,76.10754,21879.393,-0.06654525,0.0026835485,0.009947744,0.006857827,0.013689743,-0.021685781,0.001603628,0.45644224,0.2309778,0.008271131,0.04230058,0.10770014,-0.010801905,0.026792433,0.014231768,0.02085312,0.002135681,-0.022834226,1.0288544,-0.0041750814,-3.7061982e-05,0.028156515,-0.011051604,-0.030892689,0.99798506,0.9961252,6460.1987,59.803673,109.26945,76.806305,29.192837,66.135155,9.551637e-05,96.1887,9295.149,DOS-TCP_FLOOD
22.764734,4.6034474,64.20257,18449.479,0.0053151324,-0.0011460333,-0.031914745,0.018753896,0.00386577,0.016598033,0.051237337,0.86917794,0.20567103,0.02884291,-0.08042931,0.08666814,0.13435037,-0.01686306,0.015996082,0.0078525385,0.0026466604,-0.0028693164,1.1018301,-0.026813576,-0.0004789047,0.024310758,-0.0064807013,-0.03572765,1.011007,0.9646007,5828.4146,60.235424,234.8674,63.629395,40.446983,86.32443,0.0007251315,105.83669,11356.886,DOS-TCP_FLOOD
19.098806,6.506884,65.221725,11095.701,-0.00025552697,0.00601019,-0.006914132,0.0031962239,0.001003569,0.007613157,0.013350902,-0.06309557,0.14407319,0.032072507,-0.0023137964,0.059931915,0.0016339269,0.003384063,0.016306037,-0.011523901,-0.0126910545,0.004155496,0.9549467,0.03445929,-0.010772029,-0.013013717,0.009191245,-0.0074929646,1.050168,0.9916096,8561.846,60.351124,61.901108,83.66857,0.5868702,94.32791,-4.7744878e-05,96.07397,-1133.4775,DOS-TCP_FLOOD
20.721296,5.3205824,64.403564,17474.207,0.007098261,0.007625946,-0.048336454,0.006803052,-0.01154604,0.018918488,0.022497497,0.032294452,0.27672407,0.100027606,-0.06518341,0.08404239,0.01946214,0.011943145,0.022690931,-0.03678827,-0.017012857,0.0016857544,1.0128256,-0.014565754,0.036327906,-0.0015628256,-0.0023106765,-0.0432621,1.0244354,0.98184586,5332.4155,60.96489,392.758,70.02726,67.045654,96.6475,0.00021826556,102.1482,11087.209,DOS-TCP_FLOOD
19.2849,6.1664667,63.510754,8101.772,0.0002926588,0.00080046797,0.09731656,0.00042309426,0.051932447,-0.01640549,-0.0023818365,0.68008626,0.12845346,-0.04187057,1.6359545,0.13824481,0.006118842,0.023582594,0.026428895,-0.0029451493,0.0046332926,-0.0067906408,1.006583,-0.014487601,0.007682689,0.027897991,-0.04065667,-0.026244227,1.001963,0.9924086,4134.047,59.565716,128.53195,64.18944,33.924473,79.637054,0.00012100941,95.89897,10359.101,DOS-TCP_FLOOD
21.252996,3.894904,64.41983,12001.334,0.0017803255,0.014263466,-0.035679515,0.036289062,0.03628482,0.019900132,0.04936201,13.984092,0.58744645,-0.041746754,-0.065261826,0.10067917,0.19315082,0.0047393655,0.00779069,-0.008892747,-0.0025445828,-0.011756913,1.0860207,-0.026800724,0.03867478,0.039499033,-0.054833204,-0.020616652,1.0311921,0.9764381,3724.4902,59.411274,575.6941,25.900467,76.09154,27.946365,0.00016958368,108.34989,11535.331,DOS-TCP_FLOOD
19.214102,5.8749123,70.459114,31377.44,0.0094680665,0.010571345,-0.02164103,0.0030173936,-0.04654243,-0.018038541,0.016808735,-1.0870047,0.37351274,-0.011080959,0.02460663,0.10256384,0.0038066164,0.02478936,0.009352233,0.0017336942,-0.005649568,-0.03127401,0.9812576,0.037625644,-0.0032654125,0.018338317,-0.04824537,-0.043190904,1.0235425,0.9974878,7066.9683,59.79445,91.21509,94.44943,0.6989479,61.57402,9.442153e-05,100.8094,-1887.4326,DOS-TCP_FLOOD
20.43263,6.0253034,64.546814,16161.879,-0.019900708,0.0056380406,-0.0022759568,0.0116183795,-0.02205086,0.04020232,-0.011923948,0.531276,0.37300494,0.116450496,-0.030901201,0.05282704,-0.005087357,0.015552669,0.020384237,0.009843529,-0.033483066,-0.012216846,0.9920001,0.0022476912,0.0023171562,0.004773749,-0.023802683,-0.014846491,1.0272479,0.98383987,4577.167,60.149036,132.58212,58.52359,16.97712,74.44136,5.0063318e-05,101.16838,-5110.6777,DOS-TCP_FLOOD
19.024017,6.4454474,64.10094,10681.553,-0.032688107,0.010615041,-0.0058339816,-0.005675116,-0.042048246,-0.00084696687,-0.016552879,0.2796265,0.10593285,-0.027429137,-0.0260192,0.059002377,0.019241856,0.025673786,-0.013374126,-0.009668981,-0.024832755,0.0031129597,0.9751682,0.04605583,0.0028626155,-0.0014960626,-0.026179265,-0.00379866,0.9839908,0.98590297,8070.6567,60.18311,242.65096,86.30772,43.663208,93.60388,-9.72618e-06,102.17402,-287.3086,DOS-TCP_FLOOD
21.004768,6.066486,65.187965,14302.059,0.008406107,0.00977619,-0.016369801,-0.004125103,0.058498733,-0.012050768,-0.0115096485,1.4344859,0.060331255,0.14593588,-0.08220781,0.142993,-5.2427873e-05,0.017397922,-0.007890774,0.0042244606,0.010789595,-0.018108657,1.0123779,-0.0020572655,0.015012167,-0.0029749854,-0.00024563167,-0.02160876,1.0045596,1.0179521,7013.8,61.444073,225.60509,65.328,41.467144,71.70087,0.0001182992,99.06265,10183.835,DOS-TCP_FLOOD
19.101124,5.847821,62.992626,7731.437,0.0020636525,4.3120235e-05,0.012645446,-0.004238996,0.037682127,-0.0072476016,0.029975899,0.28609258,0.28951833,-0.0035311468,0.06152356,0.09172424,0.0011472533,0.011315131,0.013509875,-0.027969666,0.002996903,-0.008504939,0.9649147,0.012648576,-0.0028609764,0.011425592,-0.008566225,-0.017135568,1.0207175,0.9675582,6505.4443,59.63574,-14.433319,39.16256,-31.652199,53.03499,-4.016365e-05,95.028854,-20813.738,DOS-TCP_FLOOD
17.942707,6.2383175,62.94259,8609.025,0.0003736373,0.0008783228,-0.016205356,0.01526306,-0.07740432,0.029503955,0.04875499,-0.2552936,0.25604331,0.05463775,-0.044592395,-0.016905025,0.09725052,0.006657359,0.0061609643,-0.045616113,0.0056645228,0.005613016,0.9483093,0.053213064,0.013749893,0.014028336,-0.007578446,-0.016054768,1.0235591,0.95788944,7974.0166,58.928032,252.91447,88.41545,54.48328,104.6591,2.9116156e-05,99.63286,11113.034,DOS-TCP_FLOOD
22.179317,4.4486217,64.809586,18788.27,0.012388056,0.016505772,-0.04906062,0.023968821,0.031348012,0.010104444,0.02051073,-0.11116338,0.5862803,0.10901302,-0.09579658,0.092746474,0.23615824,0.014902607,0.030260028,-0.0031050434,-0.008899101,-0.010279574,1.0603905,-0.034267098,-0.0061138207,0.011642556,-0.010709543,-0.0018273573,1.0282028,1.0021849,4794.432,59.561134,29.70227,22.935379,-2.1955013,51.69812,-3.2649114e-06,100.77241,5311.9766,DOS-TCP_FLOOD
19.391356,6.106307,63.959488,14467.039,-0.004424397,0.0017223839,-0.010543078,-0.0010432935,0.009310236,0.012510702,0.011681271,-0.39348376,0.04536977,0.011262446,-0.03914351,0.12037695,0.002140156,-0.008450839,0.026892144,-0.023571208,-0.013755251,0.0043766527,0.98220587,-0.0022998936,0.002892525,-0.00030969037,0.0025901105,-0.030843608,1.0310105,0.9779776,8457.437,60.164314,146.81647,88.23041,32.790073,100.41936,4.75033e-05,96.801674,2283.0686,DOS-TCP_FLOOD
19.334127,6.594512,65.10047,14787.154,0.031195235,-0.0032368086,0.010622809,-0.010799182,0.04465153,-0.024047343,0.010067603,-0.57544076,-0.24569434,0.05807566,0.24965666,0.17364232,-0.024229513,0.00929613,0.02253806,-0.0043911254,-0.008016636,-0.006413413,0.9461323,0.0185927,-0.01979756,-0.006012516,-0.0071700006,-0.03769874,1.0349898,0.9958277,9108.111,59.63407,58.5531,76.46237,6.911248,71.05644,5.9555256e-05,93.40727,-1142.5718,DOS-TCP_FLOOD
20.125292,5.5059295,63.535618,22532.303,-0.0099438885,-0.008159044,0.043554917,-0.003502062,0.047759734,-0.015238546,-0.001997084,-0.7865665,-0.2564363,-0.066672705,0.55041957,0.14972624,-0.005717346,-0.014824245,0.028618818,-0.0034824945,0.00925647,-0.005464619,1.0421221,-0.031681336,-0.021352937,0.031009667,-0.03318895,-0.024896298,1.0251642,0.98172253,6053.793,59.85746,24.386887,60.33344,2.9600143,58.914024,8.40561e-05,96.89056,-4092.699,DOS-TCP_FLOOD
19.785465,5.3951583,65.19421,12104.74,0.04949883,-0.012983553,-0.0076776957,0.040583804,0.005756693,0.035535123,0.06503683,2.3709812,-0.028243434,0.36177203,-0.040803887,0.07632224,-0.0016058158,-0.004174961,-0.008941613,-0.0039688265,0.0059434585,-0.019692041,0.9976488,0.021888506,-0.03192443,0.0061003747,0.018981662,-0.015036788,1.0252832,0.9766511,7706.8315,59.478764,199.101,86.46355,27.762785,79.897095,0.00011557456,102.58616,1711.6223,DOS-TCP_FLOOD
19.799889,5.823647,64.33012,9021.379,0.021996638,0.016248358,-0.019707743,0.024692152,0.018209543,-0.0062173046,0.032250576,0.9861531,0.7612127,0.45246693,-0.049473263,0.16757637,0.010337357,0.02573046,-0.0026427628,-0.0069863023,-0.0010534725,0.0072077145,0.9772332,-0.017773407,0.0077977376,-0.012633124,0.0131453,-0.028818863,1.0292531,0.99610204,8038.882,60.701508,291.84357,65.22365,51.161877,98.44418,0.00015589135,99.58397,9853.196,DOS-TCP_FLOOD
20.049206,5.071272,63.35628,10049.813,-0.013657648,0.02320962,0.014281843,0.0024639114,-0.010466192,-0.008798365,0.017450511,-0.7206862,0.94222665,-0.05299673,0.07935084,0.07721193,0.14654332,0.028232012,0.022619616,-0.026387071,-0.000118706375,-0.0011561392,1.0089622,0.0038424092,0.010958704,0.0029902882,-0.032711547,-0.023125345,1.023547,0.9868091,4217.6396,59.394997,50.503494,58.36871,9.179514,79.58583,-0.00015539471,99.060005,2417.9841,DOS-TCP_FLOOD
21.450298,4.489917,63.354366,15740.645,0.02797892,0.010281107,-0.022211848,0.05634221,0.010095885,0.020276366,0.04467772,-0.1296947,0.26026583,0.25172636,-0.12784919,0.13076112,0.007694863,0.01692923,0.025431268,0.0014857296,-0.0063123275,-0.014827857,1.04836,-0.049745996,-0.0076284194,0.017380372,-0.0061121536,-0.037694056,1.0017962,0.97212285,4946.0884,60.06265,151.3612,30.712852,35.483826,66.96631,9.6200834e-05,101.65887,5721.8013,DOS-TCP_FLOOD
19.070377,5.8566337,62.62107,12387.491,-0.0069328025,0.00175425,-0.0072891167,0.010139521,-0.020083137,0.0134298485,0.028971441,0.0030978918,0.10964404,0.01761181,-0.07741754,0.08167186,0.04049051,0.0260605,0.030524176,-0.0068011973,-0.011707187,-0.017137954,0.94054234,0.04570901,-0.014280582,0.027256057,0.0014759181,-0.007513584,1.0130936,0.9602129,5863.687,60.206665,48.30632,46.34075,14.354635,59.155014,0.00019878903,96.72622,-900.49225,DOS-TCP_FLOOD
19.396706,6.8322453,66.003624,11156.53,0.026554989,0.0069561093,-0.03187138,-0.0018018686,-0.008883672,-0.012007698,-0.005399997,1.0599537,0.20956935,0.06114393,-0.011686086,0.088423714,0.011377101,0.025137773,0.0109700635,-0.01576807,0.0009000208,-0.007204953,0.9548497,0.03349545,-2.5066547e-05,-0.023071703,-0.0007397635,-0.028649941,1.0236745,1.0058014,7986.488,61.346176,151.54062,85.82786,15.792335,98.27393,0.0007450697,101.57619,710.9131,DOS-TCP_FLOOD
22.412321,4.7633257,63.651535,16873.975,0.03648123,0.00084820756,0.0015669921,0.014627794,0.12131782,0.007971157,0.013908016,7.419507,0.15223855,0.28404453,-0.05237724,0.17649254,-0.0044079185,0.010987496,0.0272155,-0.010907728,0.012076319,-0.027438756,1.0885261,-0.080954894,-0.010057376,0.03221163,-0.039942484,-0.02178547,1.0040703,0.9728727,4964.226,60.463505,22.165924,12.485504,-13.115501,48.12243,1.8691004e-05,99.987274,-8265.39,DOS-TCP_FLOOD
19.79761,5.924072,62.481285,11053.57,0.024492273,0.010661233,-0.0031565363,0.0040601715,0.014197646,0.0045352876,0.0026989495,0.31892937,0.37318808,0.06588136,-0.08271604,0.13083878,-0.008062043,0.02336274,0.0054324046,-0.009592165,-0.010097461,-0.021072177,0.947647,0.0022124313,0.018670734,0.028834308,-0.016679183,-0.020331025,0.99686337,0.9897042,7012.744,59.841675,1.1356964,49.390778,-18.085575,73.54241,2.1410407e-05,98.03181,-6224.9897,DOS-TCP_FLOOD
18.520315,6.450278,62.307415,17903.053,-0.028286632,0.0022749146,0.029969648,0.0010608787,-0.032153644,0.027734399,0.0080757905,-0.73638046,0.10078595,-0.0070250127,0.006294865,0.0891443,-0.0034417328,0.011577247,0.025818184,0.0025122566,-0.014876132,-0.0004921993,0.96340215,0.022982664,-0.023184296,-0.0059827976,0.017473832,-0.015281845,1.034251,0.9624989,7395.593,61.013454,68.80629,72.62333,19.353256,94.23013,8.003798e-05,97.07742,-3743.252,DOS-TCP_FLOOD
20.500122,6.217791,64.12847,14589.141,0.009215576,0.01110856,-0.011409245,0.013763976,-0.021566248,-0.044303257,-0.045350533,0.457254,0.29269016,-0.004255753,-0.10573736,0.15708432,-0.0024747595,0.007893689,-0.0063276663,0.00393603,-0.0035966537,-0.03590727,0.9788009,0.008619519,0.026491683,-0.008084762,-0.045854893,-0.024355471,0.9991013,1.0042411,9636.246,62.0045,49.62477,115.50805,14.073432,152.80128,0.0027567626,101.77196,4181.6064,DOS-TCP_FLOOD
20.014587,5.352428,64.8429,24718.477,-0.033030618,0.02125034,0.026210928,0.0110415295,0.005992925,0.0071707997,-0.020091228,-0.61401904,0.9708204,-0.07093005,0.0867756,0.10408969,0.011056173,-0.0059355237,0.021265842,0.0039956067,-0.029014561,-0.003389446,1.0194134,-0.031356607,-0.012389654,0.0010159297,-0.0047008647,-0.024196066,1.0260912,0.99231076,6026.088,59.787655,13.059387,50.28428,-8.635536,67.992,-5.3530865e-05,99.20191,-1967.0691,DOS-TCP_FLOOD
20.311853,5.756615,64.55568,17423.164,0.029816234,0.012620348,-0.0024328101,-0.009479254,0.05339937,-0.02531045,0.01444103,2.524557,0.49367878,-0.059282236,-0.02084437,0.18349023,-0.027648512,-0.0022592954,0.014893939,-0.013519226,0.005239318,-0.005219034,0.9979947,-0.028228275,0.023256142,-0.004607672,-0.043967847,-0.0550274,1.0316371,0.9858619,6445.945,59.594894,157.41077,71.790924,27.735754,71.3665,0.000106323496,98.27737,5443.824,DOS-TCP_FLOOD
20.19128,5.9858446,64.270035,5833.7324,0.018369596,0.004774938,-0.0011364394,0.01958538,0.018889397,0.010945568,0.042168498,1.7480307,0.32872483,0.038799856,-0.05298082,0.08189635,0.11469449,0.045698155,0.00839787,0.0015839748,0.0039450545,-0.017897876,0.9705062,0.023254469,0.009515776,0.016933601,0.0033791736,-0.015509907,0.9987216,0.9658183,8260.492,63.086613,483.34018,58.889103,70.404465,47.67166,0.0020632131,97.71157,9364.496,DOS-TCP_FLOOD
19.699661,5.921085,64.85189,28188.416,-0.0061000977,-0.00030918792,0.009995894,0.01711847,-0.010338206,0.0024438226,-0.006823975,-0.35194945,0.1498222,-0.013148122,-0.10104578,0.08500177,0.0035256092,0.023354039,0.028282192,0.0026057195,-0.021439893,-0.022196494,1.0075274,0.00021597372,-0.028641345,0.021762513,-0.0053245435,-0.021892013,0.9977728,0.9785726,5007.181,59.032276,10.744492,59.891407,8.496259,69.427635,0.00022309589,101.62329,3511.9304,DOS-TCP_FLOOD
21.538004,4.831755,63.58781,17724.363,0.028523322,-0.0004313998,-0.025337674,0.009988676,-0.004748421,0.0031896164,0.04911481,0.68436897,0.029468458,-0.031117408,-0.06537545,0.13228777,0.020199805,0.0019007782,0.023208544,-0.012143896,-0.00402197,-0.040058613,1.0537677,-0.044492137,0.005155278,0.04252883,-0.033135124,-0.045743756,0.99359465,0.9712954,6116.756,59.82461,168.85025,79.389366,38.654053,77.55449,0.00016782957,105.04173,9081.012,DOS-TCP_FLOOD
19.598034,6.508966,70.10097,14239.5625,0.030212235,0.07660348,0.00048223883,-0.012163886,-0.02638241,-0.0067114513,0.025394134,-0.6325773,1.140674,-0.033360083,0.11134199,0.10366435,-0.016094677,0.029572763,-0.0025881687,-0.02801273,-0.0014875131,-0.04774895,0.9440285,0.076430425,-0.0042617694,-0.0072009717,-0.039252,-0.041180104,1.0104792,1.0068713,8624.293,59.374302,105.31324,82.08977,-11.844774,60.882397,0.00020057839,93.660805,-6063.062,DOS-TCP_FLOOD
20.756372,5.487964,64.682076,10625.803,0.009773503,0.030790184,-0.012246819,0.016932463,0.038172517,0.0032439893,0.039991215,1.094701,0.5890275,0.010678469,-0.088126294,0.13518809,0.014595804,0.023839764,0.0054989615,-0.014204115,0.011036004,-0.00235843,0.982591,-0.032041233,-0.012510907,-0.0070694666,0.008959485,-0.020437941,1.0059571,0.98972446,6511.035,60.021286,57.218582,31.692505,0.9801655,42.10941,-2.4891473e-05,98.38734,-899.84576,DOS-TCP_FLOOD
19.105085,5.6891503,62.127083,12144.004,0.012307161,-0.006246658,0.00056270976,0.008074451,0.0009035375,0.010736083,0.03819082,-0.7321496,-0.045665335,0.016308665,-0.024492003,0.14761126,-0.0068547064,-0.013830878,0.03761574,-0.0118421335,0.012284842,-0.006716987,0.97816575,0.015274008,-0.0066582905,0.028075282,-0.0084132925,-0.04701339,1.019507,0.96063477,6326.9614,59.493256,9.402435,79.70515,4.3526096,78.73839,0.0011750387,97.39326,-1675.1638,DOS-TCP_FLOOD
20.451538,5.4680223,64.058,14615.395,0.04438273,0.007458638,-0.019490944,0.0141381165,0.024924232,-0.009601101,0.017350033,-0.13557243,0.19148605,0.23665296,-0.029829087,0.13512442,-0.0042508426,0.01614013,0.010569672,-0.010458062,-0.0062229764,-0.0409035,0.99051356,-0.028915456,-0.0094066495,0.007993648,0.0025797216,0.0019119214,1.0043122,0.997114,7500.6616,60.020325,29.244186,77.50869,-3.6827965,85.7091,-4.326836e-05,99.51796,-3602.4824,DOS-TCP_FLOOD
20.428549,5.437939,63.908283,18990.863,0.013944676,-0.0030302086,-0.00464709,0.007633378,0.040859655,-0.019282654,0.0034321658,1.4249713,0.260445,0.011815391,-0.04971438,0.1358448,0.0122085055,0.020535534,-0.0016553188,0.0016866811,-0.0007851189,-0.03723893,1.0286819,0.008213109,0.01421891,0.036669783,-0.062493727,-0.021528183,0.9810342,0.97528756,2382.874,58.7526,55.760635,51.379925,23.313143,50.02186,0.00021460927,99.57112,-3155.3296,DOS-TCP_FLOOD
21.448597,5.0766473,65.31172,14672.473,-0.005647186,0.09549017,-0.016941283,-0.00020199083,-0.01680781,0.02753651,0.01794749,1.08681,1.3068874,0.041184366,-0.054140072,0.10745394,0.020614458,0.0292945,-0.0007732352,-0.01578677,-0.008177458,-0.01249195,1.0289971,-0.03723112,0.026838591,-0.03271034,-0.017912136,-0.04390107,1.0360818,1.0049293,6210.305,59.736088,95.82004,52.000587,-1.4153156,67.99219,0.00014317993,100.76104,7160.8115,DOS-TCP_FLOOD
19.965704,5.896781,64.955215,18160.715,0.02141825,0.021387164,-0.009786271,0.0119570745,-0.015529593,0.0011625682,0.035559233,-0.8389882,0.5220087,-0.015765173,0.037396908,0.11492567,0.0019016782,0.019420626,0.016143437,-0.01044358,-0.005753052,-0.010900464,0.96527714,0.014738877,-0.025490839,-0.0052244333,-0.010224673,-0.0278287,1.0221001,0.99217457,7786.704,59.829136,62.065567,60.922375,1.2661734,62.62687,-6.8918016e-06,97.63884,286.51566,DOS-TCP_FLOOD
21.346579,5.412223,72.05311,12521.486,0.009847031,0.0054045673,-0.008896171,-0.0005538333,0.026891872,-0.018162208,0.03826743,4.5598145,0.26345795,0.06433889,0.015742477,0.12964045,0.016652254,0.024842342,-0.0014153589,-0.008495733,-0.017298743,-0.058837585,1.0348644,-0.0056613595,-0.003021101,0.024219837,-0.051117595,-0.026139334,0.99421495,0.97820526,4172.0273,59.81651,142.44246,67.40705,15.035795,72.1375,1.761e-06,101.86593,4649.0796,DOS-TCP_FLOOD
19.887321,5.8336425,63.45644,7914.0913,0.012202872,0.013514067,0.0036546285,-0.00021388754,0.043788664,-0.026761966,0.00028110342,1.1059016,1.0325134,-0.06144086,0.03341464,0.17784187,0.0066173035,0.015445548,-0.00066456385,-0.008413153,0.03480314,0.010853637,0.99789464,-0.020724911,0.00898756,0.003545531,-0.025968034,-0.010401466,1.0128762,0.9868542,5253.8467,59.503174,124.30274,70.91211,26.09929,97.29893,0.0001576381,100.5558,4210.973,DOS-TCP_FLOOD
18.894632,5.7228045,63.865734,25468.135,0.0017288513,0.010303675,-0.020323323,-0.00915992,-0.01783649,-0.009761834,0.009448136,0.03356719,0.50304157,-0.02448499,-0.08715826,0.031614866,0.10758062,-0.018192688,0.02766332,-0.03502168,0.00996523,0.0097984485,1.006859,0.00041100386,0.013557754,-0.01525137,-0.014399646,-0.026778003,1.0443503,0.9933941,6131.506,59.53083,88.38507,65.82414,-8.969366,67.17457,9.852261e-05,101.89639,-2497.0142,DOS-TCP_FLOOD
17.668865,7.360445,63.03137,12875.221,-0.01318164,0.0010835266,0.020916212,0.0067592994,0.024101593,0.0050310553,0.039290354,-0.053725958,0.09393063,-0.006368505,0.22058678,0.088429235,0.02704106,0.0005917996,0.035759877,-0.016779197,0.0017901603,-0.006722603,0.8849709,0.075658575,-0.007895169,0.02001332,0.0065653166,-0.037916906,0.9968897,0.97160506,8174.2188,59.11331,129.33049,90.9979,34.939938,83.75562,0.00033109085,92.05666,10327.293,DOS-TCP_FLOOD
19.806883,5.5951047,63.546852,21678.738,0.0128019955,0.0023134192,-0.0039870804,0.04316443,0.041720465,0.007193021,0.057738945,-0.16171372,-0.062227197,-0.004180614,-0.05652258,0.12116916,0.0038295693,-0.008005275,0.030739903,-0.003723451,-0.0015876396,-0.016961204,0.970723,-0.009432349,-0.042441405,0.039026134,0.014458189,-0.015665373,0.99999046,0.9546182,6745.6914,59.273247,55.6877,26.470436,5.158062,35.17532,-0.00017892079,94.173485,-2361.8057,DOS-TCP_FLOOD
19.904188,5.4698114,64.427734,10233.396,0.035546817,0.008350022,-0.013611525,0.025409266,-0.003440829,0.0034472132,0.03474801,-0.009450197,0.29851285,0.29635084,-0.051784456,0.10982961,0.0037383207,0.022234019,0.033314176,-0.006406922,-0.0023559155,-0.0048802886,0.9838953,0.01771623,-0.02429973,0.008525593,-0.02208054,-0.03521201,1.0179038,0.9764268,6222.581,58.906597,200.00847,49.727398,36.225494,64.95149,9.731957e-05,97.9735,8609.14,DOS-TCP_FLOOD
19.428894,6.0145473,64.219986,10877.795,-0.025442258,0.0077464604,-0.0021733344,0.010905334,-0.001472001,-0.006065956,0.014604114,-0.42447352,0.36961108,0.057013478,-0.055793546,0.06841285,0.002533764,0.013827777,0.02022786,-0.022486769,-0.010714555,-0.013694538,0.97089297,0.0029546542,-0.01645046,0.0026365253,-0.017943162,-0.020893097,1.0162058,0.9867187,6895.4634,60.19304,20.342697,46.453644,-11.244312,60.192665,9.1849215e-06,100.43457,-4852.8115,DOS-TCP_FLOOD
22.300344,5.454625,66.74552,11662.035,0.019767608,0.010391407,-0.024443751,-0.0031596154,0.03848368,-0.039445125,0.0061928877,5.2384305,0.35567707,0.0064990856,-0.008464622,0.15652148,0.0016770061,0.008165998,0.0126974,0.017368644,-0.010036476,-0.029489756,1.0781679,-0.032601874,-0.011172617,0.0019744702,-0.041969433,-0.0045807287,1.0372595,1.0073627,5663.4116,60.590904,71.944046,47.794956,3.480506,54.07705,3.626755e-05,99.8924,2839.895,DOS-TCP_FLOOD
20.243706,5.7366076,64.09,12966.516,0.00013489276,0.00924758,-0.012572949,0.0049326452,-0.026309343,-0.0103567,0.01883786,0.23298705,0.089212954,-0.045633275,-0.0864736,0.102442294,-0.0015674565,0.01605406,0.028990805,-0.0040531578,-0.015607463,-0.02160165,1.0223505,0.004378158,-0.0098420875,0.0070431167,-0.023153573,-0.018769423,1.0132809,0.9825224,6051.313,59.8698,152.96512,72.43877,20.30789,74.61543,2.097871e-05,103.85804,2363.9446,DOS-TCP_FLOOD
21.499107,4.318252,64.59169,30529.312,-0.0038496125,-0.012496536,-0.03294504,0.020296713,-0.06560682,0.039412424,0.04571285,7.4337873,0.16911703,-0.02201938,0.07126546,0.09744949,0.043959837,-0.040642112,-0.01121249,-0.022138175,0.03154828,-0.03018719,1.1337924,0.05456654,0.049505368,0.048222475,-0.060271487,-0.057241425,1.0157996,0.97258973,8201.137,60.227776,545.0723,110.74766,87.00109,132.72482,0.0006226276,114.899704,26026.824,DOS-TCP_FLOOD
22.026667,4.22932,63.13719,33169.332,0.028272144,0.15008396,-0.007472004,-0.0106540015,-0.040089495,0.032781806,0.012845134,0.3631912,1.4042557,-0.024767013,-0.11400421,0.09726938,-0.0039879573,0.01579111,0.046608135,-0.011403653,-0.012544546,-0.02255855,1.0898792,-0.070003174,-0.013797712,-0.0075250324,-0.021161802,-0.020834312,1.0057865,0.98999715,5513.2646,59.33805,83.85872,42.0984,11.488264,83.052124,-1.7522092e-05,99.557724,14128.544,DOS-TCP_FLOOD
22.10513,4.529373,64.19913,18861.201,0.016400108,0.0040505994,-0.019737175,-0.0015576422,0.037570283,-0.005599603,0.004407149,1.6949673,0.26720387,-0.04514292,-0.07262887,0.13281448,-0.0039783646,0.002095988,0.0049314136,-0.002602744,-0.004937586,-0.036843307,1.0522722,-0.040691227,1.813285e-05,0.017161155,-0.012971319,-0.01869717,1.0090808,0.9914371,5360.6245,60.37442,8.165878,43.764385,-16.257645,55.38573,-0.000118573415,102.39542,-8157.024,DOS-TCP_FLOOD
20.819233,4.8235297,63.678288,7126.1226,-0.013143726,0.010905992,-0.041718245,0.014648049,0.005122239,0.007703699,0.015272583,1.4705368,0.8237269,-0.07097713,-0.05641114,0.11365705,0.017051896,0.027572095,0.022814933,-0.024529535,-0.005104982,-0.009511261,1.034862,-0.032732025,0.01686351,0.009676742,-0.027125774,-0.025765471,1.0204394,0.97688735,4876.2583,60.61111,202.68208,54.221874,33.59942,62.4858,-1.0865915e-06,102.695206,7400.389,DOS-TCP_FLOOD
19.660656,5.9159837,67.2335,17950.648,0.024120474,-0.0013512148,0.012215372,0.011339278,0.057447784,-0.025854038,0.033890054,0.38181525,-0.026624274,0.00012554228,-0.0008714199,0.14321569,-0.008076278,-0.0034607528,0.023780506,0.0031860126,0.0038199453,-0.033896126,0.96345264,0.014189418,-0.030852698,0.02815504,-0.013861164,-0.040247068,1.0065523,0.9803498,7597.03,59.378464,39.240112,67.86948,0.64722824,55.811985,7.558917e-05,94.70097,-2059.037,DOS-TCP_FLOOD
20.65318,5.1454787,64.479866,17310.62,-0.011345175,0.0036877578,-0.008632332,0.039222196,0.02769315,0.03159456,0.06134708,3.2511797,-0.030205246,-0.03015552,-0.081878945,0.09720061,0.007117517,-0.0038332166,0.015929596,-0.005055596,-0.023050927,0.0011069002,1.0311767,-0.018851666,-0.0022865064,-0.0027188763,0.0022818753,-0.03633441,1.0151494,0.96573454,9134.715,59.845943,599.886,129.58554,133.4248,145.08774,0.00029185013,102.428345,45590.598,DOS-TCP_FLOOD
20.445162,5.12637,64.10115,12978.799,0.0024622772,-0.0017009635,-0.019228354,0.0030432807,0.015525683,-0.016698457,0.008960773,-0.27287507,0.013815165,-0.03399845,-0.050062843,0.13629454,0.00035294145,0.0008673081,0.029075602,-0.01755863,0.018054679,-0.017243251,1.0399821,-0.025594903,-0.019657489,0.015274207,-0.0032303296,-0.0040520914,1.0330182,0.9836415,7197.9346,59.977203,127.824776,67.11923,23.386827,73.29135,0.00012258135,100.42732,2850.568,DOS-TCP_FLOOD
21.16998,5.261519,64.73416,9730.117,0.006767772,0.021190146,-0.015002448,-0.002847476,0.00023579597,-0.024257768,0.010344685,-0.40523863,1.011572,-0.06871268,-0.0523248,0.13622122,0.0064338483,0.02141155,0.0133783575,-0.009857974,0.0125208255,-0.005870769,1.0607773,-0.03793865,-0.009750036,-0.020224113,-0.03145471,-0.03575299,1.0319461,1.0051535,5484.74,60.08515,112.11365,60.381107,11.447327,67.93686,8.8443354e-05,103.73177,9437.241,DOS-TCP_FLOOD
22.054708,4.326511,64.99553,16567.758,0.07360254,-0.001010727,-0.026668541,0.027386611,0.031509258,0.009827023,0.033371557,6.255568,0.3574917,0.76707596,-0.09477562,0.14202216,0.0023213523,-0.0050676893,0.027372764,-0.009793899,9.3989074e-05,-0.016975828,1.0908148,-0.036182463,-0.012115118,0.028870177,-0.014295865,-0.059906673,1.0284941,0.9713841,4589.8184,59.34115,184.27417,61.945812,22.32397,56.14133,0.0004621119,106.29577,-1377.9019,DOS-TCP_FLOOD
19.172369,6.710249,65.2881,24539.096,-0.010476652,0.0044420175,0.0007315702,0.00940677,-0.046022356,-0.0004959997,0.017558768,0.0604167,0.033601142,-0.0055090617,-0.058433115,0.05976429,0.02755869,0.007498408,0.0139113795,0.0014249282,-0.0010242965,-0.014544671,0.9819293,0.058810648,0.007496818,-0.0072863856,-0.030133007,-0.065981396,1.0020288,0.9908727,7786.079,59.919834,178.5037,111.19836,27.04919,125.958176,0.0007512968,101.30026,4040.2952,DOS-TCP_FLOOD
20.520014,5.2887387,64.52538,20265.115,-0.053243,0.006259212,5.7567377e-05,0.0343989,-0.00018031523,0.05274435,0.014620658,-0.0018594265,-0.031919397,0.023367915,-0.15739931,0.069191635,0.04339941,0.010890708,0.0023918087,0.0024003722,-0.040075444,-0.00023587607,1.0035423,-0.0043432782,0.00883728,0.006507749,0.008864667,-0.02810712,1.0117617,0.96444094,7283.9263,60.187237,538.1753,121.79107,130.95428,147.57486,0.00033720344,98.73766,40365.55,DOS-TCP_FLOOD
19.677116,5.856298,63.64908,24445.518,0.01765545,0.011790478,-0.008157455,0.017711792,-0.05010733,0.04676724,0.04506662,-0.17546582,0.27737254,0.064932495,-0.082614906,0.07702696,0.038887214,0.01717582,0.008515216,0.011502592,-0.014198949,-0.023650343,0.96879613,0.011712232,-0.002949352,0.019177582,0.0064656837,-0.02048663,1.0204017,0.9762738,6109.3096,59.519993,32.425354,33.93722,7.95792,60.676067,8.302639e-05,100.47863,-2318.6755,DOS-TCP_FLOOD
19.279331,6.032056,63.7622,14914.393,0.018268019,0.008105129,0.021843482,0.012188523,0.012002312,0.011235276,0.023331001,0.40269005,0.14194205,0.3701535,0.21286042,0.1047287,0.00861098,0.0065813726,-0.0114079835,-3.4226105e-06,-0.003983658,-0.014283331,0.9551613,-0.009456087,-0.032079067,0.008205073,0.030862588,0.00885955,1.012696,0.9955137,10025.142,59.84507,-24.708405,61.0245,-8.4320545,63.624268,-1.8764476e-05,96.79024,-1166.4651,DOS-TCP_FLOOD
21.579008,5.3380213,64.38088,14422.787,0.043391097,0.004024664,-0.009596388,0.0039119,0.0576028,-0.010863185,0.008546297,0.9819883,0.1663317,0.3198935,-0.05675606,0.16772872,0.005778942,0.02308445,0.0034702243,-0.017535534,0.0153442295,-0.015890718,1.0412084,-0.047833886,0.0017326348,0.028380804,-0.011758161,-0.006841691,0.99737084,0.98582923,6053.492,59.958748,62.985596,50.15507,13.851883,74.808,9.226153e-05,99.40452,2455.7644,DOS-TCP_FLOOD
19.451626,6.2486596,64.29247,22545.293,0.00045344234,0.0028656702,-0.027562574,0.004991331,-0.024604188,0.024984658,0.014283003,0.45369267,0.22766218,0.015588939,-0.043966997,0.019430261,0.052372057,-0.0029603532,0.02079543,-0.0063273543,-0.008447377,0.00809268,0.9526997,0.023575213,0.032189168,-0.008687581,-0.006225668,-0.050148148,1.0234094,0.990264,6414.546,59.89117,157.1755,58.863983,23.333797,75.12497,0.00021348518,100.32059,3361.7815,DOS-TCP_FLOOD
21.366667,5.3365154,63.723885,14757.281,-0.011698053,-0.00031570345,-0.019173145,0.0032537922,0.02597902,0.00969302,0.0021084026,-0.18853593,0.099265665,-0.028393483,-0.022448162,0.14216645,0.012744116,-0.004995046,0.014502956,-0.033533614,-9.226613e-05,-0.008157938,1.0617193,-0.057549592,-0.00016313978,0.015622355,0.004419307,0.0017372891,1.0255393,0.97806394,7033.453,62.06907,165.95717,47.740612,38.992058,88.50879,3.9661696e-05,100.20798,1278.4032,DOS-TCP_FLOOD
20.385609,5.173808,64.38351,19520.098,0.017129965,0.0072082193,-0.021993594,0.006741279,-0.012468409,0.002921911,0.02149317,-0.44403708,0.35214278,0.018039193,-0.05422415,0.102102995,0.005157175,-0.0024143374,0.031008303,-0.010085058,-0.006228308,-0.0059233326,1.0380676,-0.028706472,0.00052711926,0.010467711,0.0032923091,-0.033498086,1.012266,0.9889976,7864.104,60.06645,145.2761,75.47945,22.210556,89.701,8.763008e-05,102.31543,6979.218,DOS-TCP_FLOOD
20.160505,5.64954,64.48483,24242.145,-0.026705332,0.0087450445,0.0034094765,0.0032980263,0.02003753,0.007830726,-0.0041520246,-0.13442028,0.36501315,0.041031633,-0.09425879,0.10533995,0.0098725995,0.012342542,0.026074253,0.0010600826,-0.023171457,-0.0075116563,1.0081517,-0.00996575,-0.001044306,0.007512336,-0.014529984,-0.028864069,1.017511,0.99151087,3408.7651,59.551266,48.345444,10.58387,-3.080639,31.532219,8.1735416e-05,101.38647,-2471.3691,DOS-TCP_FLOOD
19.371939,5.9863415,63.432953,15167.535,0.031342905,-0.004363597,-0.0058129593,0.0036793628,0.064529255,-0.0076463595,0.015665034,0.38456553,-0.07363587,0.18345597,0.044943586,0.11346826,0.002736755,0.0067798933,0.013890637,-0.016818225,0.017447188,-0.00243227,0.9449914,0.012408809,-0.018294448,0.026980389,3.706664e-05,-0.009416378,1.0027832,0.98501205,9023.775,59.13889,103.653435,68.62094,27.163376,75.1107,-2.3502114e-05,92.17304,6374.7095,DOS-TCP_FLOOD
20.582113,5.4070053,64.235954,11117.605,0.014428107,0.004479274,-0.022556791,0.024095241,0.003549208,-0.016795877,0.031691395,0.5492091,0.2033661,-0.0469685,-0.1214897,0.15034729,0.008732199,0.011491658,0.042116646,0.0067341607,-0.005678381,-0.026617184,1.0222247,-0.0023213401,-0.0004819152,0.014690766,-0.030285638,-0.050561804,1.0158176,0.9720907,6105.592,59.9551,79.69632,70.20546,7.9853354,86.024506,0.000832546,101.48033,948.7929,DOS-TCP_FLOOD
19.826897,5.4569263,63.047207,5304.803,0.010989335,0.0025361017,-0.007831666,0.0085876975,0.043125853,-0.007085817,0.032291487,0.85481405,0.15977722,0.19978201,0.19502145,0.12569688,0.04413925,0.028789572,0.0025929464,-0.026445232,0.026190113,0.02427872,0.98331,-0.0193283,0.010826873,0.021669192,-0.011357925,-0.019508408,1.0089699,0.9762711,8057.8154,60.23433,244.15477,49.919987,64.05472,74.3115,0.00031874835,96.20232,12354.623,DOS-TCP_FLOOD
19.146217,5.93832,62.609455,15421.426,0.029240904,-0.00076759973,0.01149607,0.0065883705,0.035183266,0.012771814,0.018450776,-0.3446275,0.07957716,0.071566544,0.006247796,0.15623027,-0.00354431,-0.005523297,0.015384723,-0.021076148,-0.011184263,-0.020847943,0.93799967,0.019487744,0.005556366,0.045505673,-0.024655301,-0.053575978,1.0014187,0.9826458,6408.175,60.556576,-43.368805,79.624825,-23.179115,88.15892,0.00017535541,95.7702,-9863.745,DOS-TCP_FLOOD
20.417767,5.1470957,61.46435,12474.182,-0.015792023,0.0039492534,0.0227139,-0.00034771115,0.055853374,0.012823907,0.02101343,-0.098394156,0.1321109,-0.0142547935,-0.05786168,0.16307291,0.006582918,-0.02955435,0.014206331,-0.03338464,0.012815649,-0.017465837,1.0633943,-0.06181006,0.0064508035,0.05630181,-0.013191521,-0.033038124,0.9886303,0.9444185,7215.8467,59.854828,173.00366,137.16171,39.414925,155.29506,0.00020472385,96.49758,-240.3305,DOS-TCP_FLOOD
18.164091,6.274355,64.32696,11108.643,-0.0029865652,0.004953821,0.010049828,0.043880608,-0.036915414,0.0147079285,0.043896116,-0.020013332,0.16791946,-0.01658321,0.10686205,0.07738736,0.0134348,0.019838389,0.017167099,-0.01350208,-0.01555791,-0.0031875074,0.9398052,0.03199074,-0.006989563,-0.0022292405,0.018164203,-0.03169211,1.0105342,0.9699084,8638.733,60.657536,338.1311,73.70652,63.19517,96.21636,0.0002950834,99.641075,12884.269,DOS-TCP_FLOOD
21.141466,5.301461,64.37758,17624.023,-0.011264476,0.0043391143,-0.008993142,0.009697168,0.03052716,0.02249293,0.015440696,-0.26697576,0.12615721,0.025086053,-0.08633785,0.10002032,0.013103216,0.022675037,0.021777838,0.004279907,-0.030613245,-0.023968529,1.025178,-0.033414524,0.0015150988,0.011312365,0.0027220882,-0.03129992,0.9973644,0.983189,4217.9053,61.321125,182.7253,66.3465,37.744045,91.297966,0.00028115534,101.34438,2349.0283,DOS-TCP_FLOOD
19.926558,6.1959696,61.950844,7416.545,0.002374379,-0.009959567,-0.017870395,-0.008617853,0.033535384,0.0022953209,-0.0073788054,0.6363486,-0.134298,0.0042283535,0.08103651,0.00056540594,0.2653314,0.012569501,0.030287402,-0.024061298,0.019707501,-0.0076389867,0.953985,0.020836657,-0.0145795625,-0.003194284,0.01714123,0.010473639,1.0420314,0.98557466,8515.988,60.975426,46.262497,50.48779,10.768293,56.275192,8.8238696e-05,94.51391,524.84375,DOS-TCP_FLOOD
20.533844,4.9295588,63.96587,11657.204,0.025172379,0.00037546083,-0.026045743,-0.0034032916,-0.011051359,-0.0024705362,0.013324849,-0.07747471,0.28469878,0.029938273,-0.0019031763,0.12852216,0.0008074976,0.021865303,0.03457842,-0.0131004695,-0.007276865,-0.021332953,1.0429965,-0.026739538,-0.012452673,0.008863388,-0.0136957485,-0.013944924,1.0118479,0.98348236,5511.842,60.16593,142.48654,92.985886,16.32753,79.076324,0.00020166881,103.454956,2814.8206,DOS-TCP_FLOOD
19.870647,5.7676096,64.520226,21406.916,-0.0061817747,0.006082095,-0.027137559,0.00831864,0.00396056,-0.0067254053,0.0052684126,0.18078524,0.3432386,0.038702346,-0.024998974,0.09655376,0.008815357,0.017649807,0.014872085,-0.03293623,0.0048447633,-0.01222493,1.0184634,-0.028342001,0.020930067,0.008099085,-0.0017966703,-0.0212607,1.0159873,0.9850425,6396.2217,59.259617,135.4404,59.95878,26.584457,83.20604,0.00011151715,101.64402,5064.887,DOS-TCP_FLOOD
20.972813,5.67082,65.42476,18310.14,0.007242234,0.006448537,-0.040510066,0.00415145,-0.034714967,-0.020821441,0.031091997,0.13716781,0.19824395,0.047252834,-0.059221886,0.08834637,0.009096178,0.014570534,-0.0021451665,-0.020077212,-0.020611772,0.0021917932,1.053441,0.0026689766,0.010493971,-0.008804392,-0.022665823,-0.033102926,1.0131336,0.9926915,8132.1787,60.707664,372.7486,114.99089,80.85649,134.75214,0.00023569462,106.192474,21168.42,DOS-TCP_FLOOD
19.10697,5.794117,63.492504,16630.645,0.008417283,-0.007147889,-0.009860396,-0.005184689,-0.0042450298,0.008704647,0.00024253502,-0.3052137,0.1061741,0.069024734,-0.046731673,0.109251335,-0.012359676,0.0054273056,0.016956063,-0.033998057,0.00263453,-0.01008599,0.98005766,0.025037775,0.009468723,0.029326234,-0.002525472,-0.015034851,1.0243696,0.97522897,6983.9653,60.221394,44.283127,88.17454,2.1952438,83.950836,9.310465e-05,99.61802,-3861.7595,DOS-TCP_FLOOD
20.331436,5.6832833,64.37127,20495.139,-0.0036335178,0.0015082023,-0.016744316,0.004875799,-0.024940921,0.0077735935,0.020617245,-0.7239145,0.028120648,-0.032483414,-0.18008254,0.13570493,0.01385448,0.0069688726,0.016193878,0.0027812365,-0.021628989,-0.018958427,0.9917499,-0.0020263642,0.026855337,0.020165836,-0.024590883,-0.07174519,1.0002238,0.97582364,6337.6895,59.965363,186.14633,63.858944,30.118954,78.026245,0.00087127497,100.63808,-4963.5938,DOS-TCP_FLOOD
20.40546,5.5811577,63.927444,20109.85,0.03170897,0.0048006307,-0.011308947,0.019256601,0.036137003,0.0029293583,0.02147827,-0.35495663,0.20127052,0.18716553,-0.078470826,0.13170598,0.0011511463,0.01070504,0.020406386,0.0053534703,-0.016611496,-0.0181455,0.9737904,-0.002657499,-0.02209831,0.012647616,-0.0064266846,-0.03088522,1.0226275,0.98961985,6730.966,59.73859,-10.989853,36.194225,-24.158806,52.877716,-1.5652258e-05,94.21625,-14150.984,DOS-TCP_FLOOD
21.017168,5.398597,63.395245,10205.041,-0.0048946124,0.00047147647,-0.015515925,0.011950473,-0.015419692,0.015665798,0.015088066,-0.17657804,0.2218714,0.016693283,-0.09377938,0.07721942,0.15516925,0.013328901,0.04477862,-0.019542005,-0.0039687264,-0.01787599,1.0503342,-0.025695575,-0.009547916,0.0018728536,-0.03368114,0.0012788828,1.0426079,0.97532177,4870.326,60.194756,45.802902,32.339504,7.3243675,62.060772,0.00012659052,102.326164,3294.7412,DOS-TCP_FLOOD
17.953953,6.968782,64.747955,10332.936,0.036676243,-0.003437337,-0.024559775,0.0033185713,-0.036870696,0.0147611275,0.020973643,-0.19589019,-0.05923744,0.21962437,0.056449026,0.09322879,-0.007388389,0.008067101,0.009745317,-0.0036489638,0.011697257,-0.008416124,0.9212166,0.064024694,-0.0037814071,0.0038419792,-0.008431514,-0.03732826,1.0345056,0.99483895,9565.038,59.77066,138.52676,109.836555,18.063936,106.96309,0.00027772263,99.16206,4623.2656,DOS-TCP_FLOOD
20.607702,5.124673,64.0669,17543.22,0.004496919,-0.0016272065,-0.031170195,0.010625195,-0.028526368,0.003508991,0.016100595,-0.051630497,0.1412409,0.0296792,-0.07469733,0.11666165,-0.005881978,0.00026904978,0.03725407,-0.011989837,-0.0066251843,-0.01921062,1.0381286,-0.019728962,-0.007840607,0.04048486,-0.02175871,-0.029621411,1.0214745,0.97189164,6057.0986,60.175007,122.27655,59.249203,15.101644,70.971,4.8842194e-06,103.35515,2762.0688,DOS-TCP_FLOOD
17.680353,6.9378176,64.30898,13748.736,-0.00091763213,8.781627e-05,-0.009655671,-0.006711972,-0.043784358,0.008153218,0.022724751,-0.910728,0.010011345,0.023981024,-0.056427028,0.07821909,-0.005467517,-0.00028235372,0.035139233,-0.015911527,-0.0031713443,0.014549645,0.9100686,0.11052198,-0.009154504,-0.010142406,-0.012110722,-0.047203634,1.0341675,0.97150123,7979.2456,58.973934,156.02036,106.6637,36.827187,102.22041,0.00020618706,96.10491,7698.0234,DOS-TCP_FLOOD
19.75647,6.0395074,63.749626,11202.355,0.036941104,-0.00023063645,0.006161607,-0.0020027284,0.012390025,0.0025982019,0.022636704,0.39121526,0.105812594,0.15452167,-0.013532469,0.12258444,-0.005381629,0.009777568,0.025019402,-0.012112003,0.0058155227,-0.014025499,0.98211443,0.0040503363,-0.016709242,0.008933298,-0.013278753,-0.019970436,1.0304543,0.985093,6928.8496,59.804832,5.879364,70.53609,-14.65844,75.289635,-1.8402134e-05,99.0103,-10385.403,DOS-TCP_FLOOD
19.89047,5.281805,64.229126,16475.623,-0.01124503,0.0044646524,-0.0019576307,0.014122372,0.0021400442,0.009242104,0.012648226,-0.11487341,0.010276213,-0.04798986,-0.12448189,0.12308284,0.002623104,0.0057023205,0.006106398,-0.002562995,-0.023664266,-0.0118671395,1.0002246,-0.0046782857,-0.0048105465,-0.0013525889,-0.008048126,-0.024338605,1.0166503,0.9725372,6622.35,59.764664,148.58423,82.681625,33.009422,90.50081,3.445927e-05,100.23986,6289.3247,DOS-TCP_FLOOD
18.950006,5.9242897,63.69449,8866.087,0.02042122,0.003234592,-0.008012017,0.01281209,0.0010300502,0.0025239466,0.025066048,0.12141353,0.19999987,0.14505717,0.023705864,0.07995622,-0.0026190975,0.018624559,0.019609183,-0.002194778,0.0011376711,0.0018398976,0.95349145,0.029585589,-0.018217674,-0.009840512,0.0068586227,-0.010844766,1.0246203,0.98615915,7359.236,59.686977,58.425888,57.661182,1.8611431,72.27038,0.00011764108,96.968025,-4723.0454,DOS-TCP_FLOOD
20.64126,5.201933,64.599884,16333.193,-0.029815378,0.0030039789,0.0020028953,0.009747373,-0.0027636094,0.007077486,0.02410495,-0.59532773,0.15792914,0.0051624514,-0.09980022,0.12574214,0.008612326,-0.0017740577,0.023056732,-0.01625747,-0.026787378,-0.015487847,1.0533322,-0.03328515,-0.0007259939,0.013966335,-0.044114,-0.01813576,1.0226599,0.96859646,5740.418,60.046673,64.751236,63.437897,-1.1213531,88.08105,-1.7433675e-05,101.75061,-2209.6653,DOS-TCP_FLOOD
20.767128,5.295348,64.23593,20001.686,-0.0048602186,0.0025464804,-0.0027351803,-0.0026113656,-0.010289207,0.014958765,-0.010852962,-0.42320836,0.10014945,-0.016217377,-0.062379524,0.135121,-0.006129581,0.01849104,0.026528686,0.0050031394,-0.025745451,-0.037759844,1.0359013,-0.021178424,-0.0040778588,-0.0009555614,-0.003620009,-0.0002475921,1.018088,0.9893934,6446.981,59.87855,25.304733,62.238327,11.017593,87.18074,4.00383e-05,101.32475,983.789,DOS-TCP_FLOOD
19.974915,5.6066413,64.6807,9095.711,0.054106966,0.0061174887,-0.02841274,0.02619097,-0.0083818715,0.0037121684,0.017230954,0.7596199,0.4169872,0.9190401,-0.11509785,0.16306622,0.017414771,0.029262098,0.011146754,-0.007313899,0.023547646,-0.008347578,0.9981878,0.01674443,0.03762255,0.021479871,0.001777946,-0.042535037,1.016647,0.96324193,5926.005,60.688473,280.8815,64.01825,40.761917,84.317345,0.0038917495,101.326416,10704.587,DOS-TCP_FLOOD
20.363884,4.930121,63.875744,21072.31,0.011280737,0.069277644,0.01076276,0.003795237,-0.0024143336,-0.002988319,0.0032043806,-0.36766696,1.7212327,0.034643304,-0.0127399145,0.08949345,0.011536016,0.012925256,0.019280592,-0.012952939,-0.026156511,-0.015024889,1.0341566,-0.04806957,-0.007846075,-0.02359213,-0.025627002,-0.010672993,1.0229039,0.99401236,5130.354,59.921974,15.806793,37.67376,-37.003147,54.246086,-7.836484e-05,99.14075,-9648.172,DOS-TCP_FLOOD
20.296257,5.67187,64.28365,25100.023,0.002038069,-0.0015439164,-0.024262045,-0.0067206966,-0.01572658,0.009986922,0.011875905,-0.48250365,0.0005725771,-0.048577335,-0.09168572,0.11877089,-0.0077392,-0.0037841685,0.052286483,-0.017071832,-0.0018287217,-0.0054438133,1.0598775,-0.0014794843,0.027980372,0.0031450833,-0.025612392,-0.055035397,1.0291458,0.9850665,5783.195,59.223404,139.20288,88.800125,29.69048,99.82392,0.00033642398,103.42754,9021.452,DOS-TCP_FLOOD
18.7567,6.0747776,64.18878,17466.816,0.012988329,-0.000722479,-0.021622963,0.008885748,-0.025610639,0.013890665,0.03257124,-0.37555313,0.032628395,0.010810531,-0.08341022,0.056716498,0.028960759,-0.007478422,0.0063480716,-0.0063537946,0.0030370802,0.0060421275,0.93674195,0.04798124,0.015458298,-0.0019295281,0.0007341383,-0.03320226,1.0254183,0.9929272,8744.441,59.37902,345.81155,83.88744,44.05445,89.72166,0.0002877495,100.098274,9040.363,DOS-TCP_FLOOD
19.793013,5.2591352,64.625496,19339.596,-0.0065647066,0.0017011423,-0.00952457,0.0061675566,-0.004644517,0.0342627,0.040993422,0.61977196,0.23064038,0.037984,-0.022506947,0.05328698,0.078409314,0.021219451,0.0051969383,-0.011447453,-0.011074507,-0.0007925788,0.9946874,-0.009339355,0.007716126,0.01716341,0.01521912,-0.028917378,1.0149478,0.9693167,6194.3306,59.627037,211.08847,51.81097,27.865128,68.50632,0.00022911263,99.81639,-5379.53,DOS-TCP_FLOOD
18.782854,6.576107,63.992664,15764.85,-0.032212876,0.004966338,0.010547893,0.004210196,-0.018593362,0.020550413,-0.0034980383,0.35556716,0.41064775,-0.0358034,-0.07460981,0.0733732,0.000411544,0.04659584,0.023271786,0.016255474,-0.022257334,0.0013598381,0.93417484,0.040995322,0.034181178,-0.0021410116,-0.024429664,-0.049901735,1.025219,0.997907,8441.744,59.272243,345.14203,64.21387,34.336693,82.45969,0.00018065448,100.573845,-3237.2568,DOS-TCP_FLOOD
20.26245,5.505654,64.1777,8421.036,-0.02451401,0.0009433068,-0.00924025,0.006025242,0.0062039793,-0.017685825,0.009721873,-0.049530864,0.023091657,0.015226934,0.01115607,0.105255775,0.05332274,-0.0052686315,0.012352284,-0.033313647,0.019835241,0.01918766,1.0239695,-0.016636794,-0.012643136,-0.024940792,0.010641738,0.0037361216,1.051617,0.9900679,7414.7944,61.131615,153.21243,64.90428,45.56288,100.61461,0.0003413975,100.790344,13093.71,DOS-TCP_FLOOD
19.563448,6.005774,66.48319,16125.277,-0.008431793,0.008261046,-0.01013366,-0.005463529,0.028716322,-0.018718071,0.016731845,-0.042774916,0.2747561,0.019156517,-0.06263152,0.1112634,0.0043707793,0.01930402,0.02792183,-0.0200809,-0.0025224732,-0.006692121,0.9771458,0.017011363,0.019877598,0.023475904,-0.027629433,-0.052600645,0.99952877,0.9818196,6616.51,59.891468,123.12841,85.34609,22.581997,81.79958,8.782458e-05,97.76364,4934.877,DOS-TCP_FLOOD
21.207855,5.7189903,64.28688,11007.111,0.004750304,0.009947713,-0.026731817,0.007657981,0.010292454,-0.0027481983,0.015622974,0.4377324,0.24289943,-0.02425703,-0.073673874,0.085675195,0.115951836,0.016520197,0.029315399,0.00031566247,-0.010096374,-0.028462606,1.0098785,-0.010003089,-0.008664777,0.007501014,0.005207015,-0.01020397,1.0228605,0.99224067,6711.6924,60.45288,151.15277,57.71445,28.52882,69.10169,7.230151e-05,98.97986,9413.241,DOS-TCP_FLOOD
21.71795,5.0147157,64.04929,6607.2812,0.03054929,0.009368091,-0.017301053,0.011961433,0.106068365,0.0007110607,0.030226046,3.9799142,0.17644419,0.042051148,0.05998596,0.094571054,0.2547147,0.025346419,0.0027045328,-0.026735336,-0.00094761606,-0.00016517472,1.015817,-0.034009255,0.0050658104,-0.0027405308,-0.0077838725,-0.003811596,1.0296618,0.9771112,5584.7603,60.206623,648.60046,57.428333,125.77908,65.29779,0.0003616419,96.03416,39685.535,DOS-TCP_FLOOD
18.96557,6.603509,64.64757,15427.799,-0.011936816,-0.00092155853,0.010393834,0.0016680729,0.005528154,0.026954453,0.0020711124,-0.31786573,0.08144405,0.026405381,-0.054534856,0.09439982,-0.00076051237,0.02318982,0.01409135,0.012270113,-0.0016108854,-0.008038021,0.9810696,0.026050802,-0.021246858,0.017258875,-0.0061971135,-0.017509948,1.005544,0.9687555,6391.236,59.187767,44.56575,77.42267,14.87721,84.70067,0.000106914915,97.52414,2306.0515,DOS-TCP_FLOOD
20.079975,5.401355,64.24039,12967.35,0.013156969,0.013317691,-0.010927036,0.009164025,0.016453374,-0.005166716,0.039111786,0.17632282,0.5785557,0.08482699,-0.097063854,0.15015674,0.009283157,0.018905185,0.010504778,-0.016174639,0.002650544,0.003379467,0.9865682,-0.01465593,0.0037849112,0.0036513666,0.0017125765,-0.057658225,0.99331594,0.9804309,6875.6025,59.70501,333.72363,95.340965,79.893234,96.61469,0.00038511815,100.118004,16259.778,DOS-TCP_FLOOD
21.838842,4.873503,63.661022,11934.846,0.038346816,0.0068944343,0.013511062,0.011482762,0.06642648,-0.017259482,0.032882478,2.022253,0.29142785,0.015681438,-0.060991734,0.2157003,-0.017322171,0.010658748,0.030853132,-0.0019166619,0.0049432786,-0.029124342,1.0359724,-0.06840039,-0.008461202,0.041880928,-0.042804755,-0.047735445,0.9908573,0.95839226,3928.22,59.793976,50.041733,38.916874,13.39153,45.01049,0.001235485,97.52195,-438.5404,DOS-TCP_FLOOD
18.988155,5.9540696,68.039276,13809.525,0.022863489,0.0018962467,0.020394215,0.014221064,0.029740509,-0.026399344,0.045914654,0.022547305,0.0006046146,0.011667888,0.4445094,0.119467966,0.00047670119,0.011162324,0.031044802,0.0029185647,0.006493479,-0.01175505,0.9514332,0.028446147,-0.050782837,0.0047417963,-0.0019190181,-0.03493995,1.0194521,0.9778763,9093.521,58.670406,124.959335,93.96994,26.888134,76.71824,5.920323e-05,93.86849,7195.965,DOS-TCP_FLOOD
21.923895,4.8559937,63.55255,53238.2,-0.0019540917,0.008866975,-0.024568226,0.01800916,0.031866003,-0.022698563,-0.012707636,6.6612763,0.56139857,-0.051916264,-0.11210736,0.14542373,0.41849986,0.0031427015,0.036683336,-0.031132083,0.02029679,-0.08870886,1.0519254,0.053391647,-0.0003095041,0.04863772,-0.0497579,0.047794737,1.044248,1.0066801,4059.0845,58.44979,-40.484222,-7.6712646,-8.870846,25.674225,1.1656681e-05,103.11496,8945.612,DOS-TCP_FLOOD
19.115728,5.4341483,63.430317,19923.076,-0.0047290884,-0.0025530928,-0.015300917,0.02518865,-0.048566,0.020770568,0.034010522,-0.4875226,-0.07984926,-0.023271216,0.011371969,0.023571074,0.13824989,-0.012846675,0.0010450277,-0.014302626,0.0015269918,-0.022711989,0.9716181,0.01451173,-0.02914885,0.013389496,0.016970323,0.026351746,1.0478022,0.976173,9293.651,59.27064,177.96275,85.08361,43.90493,91.96683,-0.00011968428,97.94598,10217.6045,DOS-TCP_FLOOD
19.393848,5.887371,64.80214,14893.658,0.01757754,0.011744707,-0.016068367,0.011102497,-0.012356445,-0.001851914,0.032005798,-0.5190066,0.42843553,0.02872141,-0.047510494,0.052766815,0.008348468,0.012237745,0.026580395,-0.005910401,-0.004693547,0.0032643555,0.9647183,0.018611722,-0.032587986,0.0052614845,0.003412324,-0.020457936,1.0276613,0.9871487,7618.8203,59.83922,30.843964,55.268017,-21.908787,64.56495,8.716373e-05,98.93074,-7976.822,DOS-TCP_FLOOD
20.413454,5.965334,64.88206,14741.846,-0.005547721,0.0051635276,0.0020000292,0.03120775,-0.0070435237,0.0016782136,0.0140965,-0.42221403,0.08915909,-0.042009376,-0.086044304,0.11601037,0.009931602,0.013443053,0.03230602,0.016314305,-0.030679079,-0.015314849,1.0148348,-0.016054247,-0.023016687,0.00066054286,0.0014973711,-0.0071881427,0.998587,0.97641104,6137.6777,59.727932,105.31937,50.378376,26.297197,76.81196,8.360045e-05,99.76224,1615.0422,DOS-TCP_FLOOD
20.171535,5.543028,66.28412,12975.1875,0.025494425,0.005378535,-0.01894436,-0.0035750754,0.021394681,0.0015994237,0.033214517,3.8055573,0.2616366,0.07741435,-0.010745208,0.0858727,0.04858409,0.03339363,0.016024033,-0.024065094,-0.0022044638,-0.009882701,0.99292004,0.015010617,-0.004861844,0.0048425244,-0.0149069745,-0.0232759,1.0092478,0.9933427,6963.2207,59.73216,483.83038,92.74865,60.32358,74.64548,0.00020185164,102.34406,13341.0625,DOS-TCP_FLOOD
19.689299,6.0305886,64.327446,16863.71,-0.0017707236,0.00525283,-0.0070833107,-0.0009773354,0.007302357,-0.005198042,0.017902028,-0.47196412,0.11513038,-0.032065094,-0.026766026,0.0874659,-0.0048711463,-0.005207481,0.026236486,-0.013513455,0.0040286174,-0.014032889,0.9958376,0.0005232543,-0.010877574,-0.006967243,-0.0009214366,-0.022587981,1.0342729,0.9911453,8310.742,59.97263,83.673096,83.21504,5.6157618,95.79468,6.715811e-05,98.70003,678.20483,DOS-TCP_FLOOD
20.986965,5.349948,64.5145,19624.486,0.013890259,0.010758747,-0.023587503,0.009371229,-0.0070658326,0.005969459,0.011492017,-0.7437763,0.21492155,0.021387367,-0.09161764,0.10753018,0.010772999,0.021071529,0.015901871,0.008690878,-0.021600405,-0.014153503,1.0272222,-0.02116051,-0.00925406,-0.0053802063,-0.0018509477,-0.012850722,1.0274312,1.0026344,6095.897,60.37672,141.83176,54.938427,13.773308,72.76524,-3.040758e-05,101.41617,6544.8003,DOS-TCP_FLOOD
18.589094,6.9475303,63.977524,19134.805,0.02848022,-0.00476254,-0.014010975,-0.0011461953,-0.03573294,0.009205926,0.012383441,-0.6806991,-0.037636373,0.08562751,0.01870937,0.05196177,-0.0017667391,0.023132265,0.0130748395,-0.0048468914,-0.015723387,-0.021562342,0.9152789,0.073932834,-0.013124008,0.008498886,0.000793864,-0.012608728,1.0238287,0.9978672,8200.988,60.03077,116.83206,81.57945,5.6737833,80.0896,0.000115999654,98.67755,-2807.3455,DOS-TCP_FLOOD
17.783459,5.9601684,62.261566,20666.205,-0.009208945,0.00584927,-0.009695279,0.002418625,-0.054518618,0.00053886615,0.034747895,-0.7490567,0.4265865,-0.0045718346,-0.07864812,0.069864534,0.0028996987,-0.0041384017,0.027756805,-0.022857081,-0.016185459,0.009334543,0.9421436,0.037046973,0.023218775,0.01439373,-0.016387274,-0.056680586,1.0151991,0.95618016,6841.552,59.09655,203.6053,89.55176,45.99407,93.667984,0.00011693771,100.70018,10259.843,DOS-TCP_FLOOD
19.668331,5.8296356,66.0732,22568.732,0.003561657,0.0103294635,0.03189066,0.021218061,-0.025431154,-0.01555354,0.03031369,-1.208112,0.08787394,0.045806576,0.27844808,0.065472946,0.049207535,-0.019152302,0.036274888,0.0071130595,-0.022130236,-0.036650877,1.0277354,-0.0112231765,-0.06880729,0.029285006,0.009111216,0.0030155294,1.0187104,0.9935091,6310.1997,59.673706,7.653488,57.05659,-9.547005,55.017246,-0.00019669103,99.01131,-5758.0884,DOS-TCP_FLOOD
20.205591,5.750203,64.974014,14716.613,0.005462747,0.007248013,-0.04049342,-0.0019927092,-0.028573217,0.027787033,-0.0004525762,0.037394464,0.36767948,0.052928705,-0.0888661,0.07144961,0.008585566,-0.0036259554,0.03932485,-0.020296488,-0.0119432025,0.0042341463,1.0140417,0.009963292,0.014027888,0.002616098,-0.009463689,-0.034808937,1.0297363,0.9891713,6161.0312,60.24263,60.202545,61.32336,6.1418533,78.20184,5.6908888e-05,100.99524,5098.604,DOS-TCP_FLOOD
20.572939,5.5500345,63.012894,13693.904,-0.0056251697,-0.0016064901,0.015963262,-0.006051056,0.029191054,0.013024346,0.014386902,-0.6255249,0.19570425,0.00062167645,-0.119458504,0.13407595,0.001557523,-0.009793592,0.015698722,-0.011422815,-0.0073605003,-0.025099218,1.0368872,-0.029074272,-0.0125733595,0.023628127,-0.004383954,-0.002867123,1.0177728,0.970088,5906.9,60.792645,-10.304718,27.552948,-9.585716,65.39638,1.6154925e-05,97.18315,-1164.7444,DOS-TCP_FLOOD
19.848219,5.3400726,66.35455,21069.125,0.062266383,-0.007987203,-0.02841805,-0.004069425,0.02460887,-0.010450822,0.03178381,1.106475,0.14794923,0.41245475,-0.060279578,0.09228079,-0.002050168,0.009081819,0.039168544,-0.025176756,-0.0023537665,-0.011047715,1.0067748,0.00068847835,-0.025772378,0.022885423,-0.028328352,-0.043891635,1.0384954,0.98526883,7539.167,59.519073,138.467,93.89627,24.732983,75.0867,6.508401e-05,99.12264,3607.193,DOS-TCP_FLOOD
19.798952,5.6370645,64.00081,24869.576,-0.007039774,0.003477585,-0.0038641947,0.018706856,-0.024792882,0.02873064,0.03427425,-0.76170146,0.06860555,-0.015720647,-0.024060205,0.031728063,0.24806766,-0.02095254,0.020074137,0.0033994205,-0.016372308,-0.026419185,0.9849605,0.0025867892,-0.024987917,0.031221107,0.008521223,-0.0014215987,1.0420382,0.9632981,8377.396,59.35283,142.88626,91.786385,36.4925,102.51603,0.00026702293,97.041336,3006.4927,DOS-TCP_FLOOD
20.457302,6.0729876,64.96253,3986.349,0.019926278,0.008953705,-0.0049064425,0.052023984,0.07675418,-0.0021357206,0.03407503,2.5438364,0.23403318,-0.04736902,-0.05494441,0.13224055,0.046254948,0.00792554,0.021206474,0.00023631845,0.015980901,0.018719075,1.0000145,0.005533307,-0.010422348,0.02285312,-0.0064029125,-0.023886103,0.9873835,0.97045326,5468.165,59.95347,138.17245,44.968517,24.777956,63.51624,0.0012902849,95.6502,2871.3254,DOS-TCP_FLOOD
19.341938,5.7279935,64.26876,16826.682,0.0047751237,0.0045010634,-0.014896128,0.010065319,-0.030945437,0.026490891,0.030436512,-0.08743143,0.16466174,0.012461244,-0.07944611,0.04781559,0.084515326,-0.014936684,0.015673999,-0.012306621,-0.004334585,-0.007026056,0.97357523,0.022291513,0.0085770935,-0.01205362,-0.010696728,-0.031420257,1.0333304,0.97446096,7981.8496,59.61581,169.86348,104.48336,31.198248,108.559586,0.00016286048,100.70856,954.45465,DOS-TCP_FLOOD
20.255915,5.3095527,63.83901,18430.68,-0.0015489943,0.0033787494,-0.009605925,0.023363847,0.034134388,0.03282543,0.033492196,1.1307623,0.19381946,0.100804135,-0.046531625,0.074808344,0.16160002,0.0076134824,0.0056266133,-0.002874462,-0.006318048,-0.012275096,0.9785371,0.010580443,-0.027235065,0.017732421,0.02681928,-0.010581006,1.0260652,0.98528147,6807.2964,58.966972,71.27904,43.68765,13.328272,47.912285,0.00015629496,97.451355,1104.5624,DOS-TCP_FLOOD
20.299393,5.489616,63.78974,8923.672,0.034097143,-1.3798475e-05,0.01294378,0.05184721,0.03470615,-0.004838449,0.014753381,1.2316734,0.011310726,0.40364462,0.8790543,0.08493772,0.29154816,0.0060091633,0.018322073,-0.014160445,-0.006935862,-0.01623866,0.98752373,0.0020403005,-0.022409312,0.020667274,0.0033293618,0.021686088,1.0580775,1.008016,7813.8667,59.296474,-22.975616,46.36211,-17.785,55.484333,0.0001361515,98.28103,-7500.4854,DOS-TCP_FLOOD
18.894594,6.890355,65.30131,24480.795,0.013611576,0.00046025962,0.01155601,-0.0013208127,0.045468614,-0.003874614,0.005826419,0.4217757,0.13175544,0.028714873,0.14477094,0.09511723,-0.0011505334,0.025908317,0.030774008,-0.023684932,-0.01361602,-0.014628952,0.91424376,0.04152971,-0.014860658,0.022598626,-0.0176109,-0.035526976,1.0233905,0.982734,7467.29,59.712902,36.652603,63.86224,-10.419968,64.02936,-8.139991e-05,95.04421,-6863.7407,DOS-TCP_FLOOD
18.53213,5.6679316,64.34115,13335.479,0.0064764544,0.009473629,-0.025480941,0.03065719,-0.06171482,0.03727807,0.061747134,-0.71401215,0.3432609,0.078475185,-0.06889936,0.008065758,0.12978907,0.0133047085,0.022829276,-0.004633572,-0.013186365,-0.0114854,0.9501628,0.059703745,0.017539086,0.019310232,-0.02361004,-0.0369269,1.0133072,0.96424013,5632.61,58.94426,199.4635,75.274315,42.30235,85.662445,0.00018553429,99.23424,6737.675,DOS-TCP_FLOOD
20.093967,5.4325576,63.32362,11580.813,-0.0030020997,0.0014979317,-0.004618012,0.013919014,0.023378348,0.008183378,0.039920393,0.11977947,0.2693777,0.0074083167,-0.07566649,0.10931857,-0.0001350753,0.0069299294,0.02306245,-0.03730499,0.0031860638,-0.012206448,0.99906737,-0.030235136,-0.0023517339,0.024297219,0.011762142,-0.006873375,1.0136364,0.9560323,6315.4175,60.20871,2.3960419,24.861122,-14.488483,54.545403,-9.102824e-05,98.14615,-10439.708,DOS-TCP_FLOOD
21.64728,5.283477,68.91552,12804.076,-0.018918648,0.006435573,-0.027754877,0.0064397617,0.070952326,-0.028530866,-0.006281887,7.953793,0.33619392,-0.01660085,-0.03907491,0.11650476,0.119608,0.031954322,0.026136365,0.003084396,-0.0069379644,-0.038149968,1.0493742,0.02348243,0.010999813,0.017376494,-0.0459036,0.0065697078,1.0186267,0.9978542,2092.1848,59.094757,227.93668,25.10981,22.389666,47.023693,0.000100598976,100.439964,13806.535,DOS-TCP_FLOOD
21.454315,5.5942297,64.70991,8856.346,0.0012748502,0.011565349,-0.023482004,0.004165122,0.04788638,-0.0183471,-0.00012398697,1.9960662,0.070065565,-0.09115521,-0.048035886,0.16322024,0.0049508247,-0.0008334406,0.017510539,-0.0008135848,-0.008862651,-0.0022054836,1.0520493,-0.05001793,0.014939496,-0.009999069,-0.019539038,-0.004718676,1.0243102,1.0050106,8586.778,61.7239,324.13046,81.03793,66.25499,100.14369,0.00020699999,101.944176,14818.686,DOS-TCP_FLOOD
18.494518,6.138076,65.42492,20959.959,-0.0066091307,0.008408788,-0.016943661,0.008455415,-0.08715289,0.018724952,0.016260907,-0.55160034,0.10890129,0.018717678,-0.042113677,0.06536073,-0.001041362,0.0019295886,0.01293809,-0.004202458,-0.028603328,0.0049641635,0.9505429,0.052309375,-7.0175156e-05,-0.009182596,-0.0023499737,-0.029528307,1.0646077,0.9937562,9392.8545,59.506325,235.87405,112.873375,36.702568,110.52443,4.2673782e-05,99.84503,6693.223,DOS-TCP_FLOOD
17.954945,6.958961,65.27322,19525.023,0.014452219,0.00925674,-0.026152024,0.009854582,-0.06718406,0.011474713,0.037833784,-0.26065445,0.31641418,0.3012055,-0.037263755,0.035899267,0.008056165,0.022763446,0.0066118687,-0.023604136,-0.018273573,0.0042021973,0.872399,0.10640528,0.0014877482,-0.016006615,0.013813425,-0.03113325,1.0423357,1.0047181,8500.545,59.37904,279.58948,106.78247,51.378162,117.57942,4.5831315e-05,96.80301,11847.821,DOS-TCP_FLOOD
18.92852,5.5123444,62.201096,9432.868,0.0010554586,0.004829092,-0.00035108998,0.005960643,-0.008676816,-0.0016720488,0.039389502,-0.8934238,0.37867293,-0.027763797,-0.010447445,0.09032278,0.010919317,0.002117809,0.025606737,-0.025852792,0.0047877617,0.0026568724,0.98270947,0.0036739444,-0.0101251695,0.021292102,-0.01998176,-0.029426606,1.0005503,0.95529383,5790.2437,59.07979,59.396942,51.425392,0.16712952,61.553574,7.314142e-06,99.35984,-3925.612,DOS-TCP_FLOOD
24.004519,5.311857,70.00666,23005.01,-0.065020464,0.0021278479,0.017041195,0.037169874,0.12667215,-0.0046859724,0.059145972,5.3676114,0.29215443,-0.059021167,-0.08023055,0.10582967,0.24192892,-0.012388592,0.018202063,0.035390057,-0.020871505,-0.07920612,1.0834193,-0.009536251,-0.07209499,0.04904647,-0.013365766,0.047200866,1.0053469,0.9614305,-126.98926,61.572742,-14.62822,-62.883247,0.81461716,-63.723946,-5.2973526e-05,92.42375,-7338.8467,DOS-TCP_FLOOD
19.809652,5.5411615,63.25621,18802.83,0.021199996,-0.0064898725,-0.0055104936,-0.0025502765,0.016150229,0.014124368,0.00537107,-0.5101106,0.09771447,0.010299346,-0.044187237,0.09316471,-0.007910315,-0.0003632391,0.023471974,-0.005052169,0.010013528,-0.025697317,1.0201206,-0.014447591,-0.023038343,0.012489738,-0.007057767,-0.011760359,1.0327767,0.9777116,8432.243,59.81215,43.920105,70.72055,-4.7033234,73.34652,0.00019927879,100.08012,-1844.127,DOS-TCP_FLOOD
19.30573,6.0659337,64.37805,22981.076,-0.019624775,0.024652263,-0.00681428,0.02886006,-0.014893904,0.009366486,0.041480705,-0.3477633,0.849954,-0.06824146,-0.05249553,0.055662915,0.21077839,0.002930765,0.043284725,-0.0032463158,-0.012056435,-0.008161835,0.934013,0.024732364,-0.018548066,0.011877063,-0.0121351695,-0.03724817,1.0153654,0.9766558,5868.195,58.925705,78.38614,54.93011,31.465916,72.66674,0.00025664008,97.58319,1491.388,DOS-TCP_FLOOD
21.502281,5.1125183,64.47375,15531.961,0.037163995,0.0009165443,-0.016047025,0.0044446774,0.027706293,-0.0063657574,0.006172841,3.3869815,0.13316046,0.19513178,-0.02364897,0.17196663,0.0052571967,0.028951699,0.015915448,-0.009570046,0.0101641975,-0.028909616,1.056784,-0.026333714,-0.007980143,0.010742502,-0.046068765,-0.007670717,1.0194908,0.99241763,5654.3057,60.456226,121.80958,72.00429,24.613522,73.50986,-9.775395e-07,101.92063,5924.8516,DOS-TCP_FLOOD
19.757349,6.3191843,63.97926,13062.523,0.009775952,0.0064462535,-0.0060460274,-0.001470467,0.030428289,-0.0007969554,-0.018829295,0.56800497,0.24789569,0.008277296,-0.027505161,0.06637251,0.029758114,0.0018878141,0.015695743,-0.003746627,0.016075565,-0.028268442,0.98636174,-0.002174925,-0.006839038,0.006718344,0.0031275442,0.003239112,1.0350115,1.0049895,10027.659,61.329803,76.361404,92.87426,10.936779,113.6676,0.00013476712,96.10272,4060.0024,DOS-TCP_FLOOD
22.540577,5.4645844,64.54387,18843.773,0.008683437,0.014516452,-0.01328529,0.009842219,0.007595593,0.0017810817,0.015520836,-0.10188067,0.3741834,-0.078918666,-0.0446905,0.10141572,0.08237979,0.017408129,0.021672064,-0.0006056437,-0.0073353313,-0.05718555,1.0704315,-0.033686057,-0.044376597,0.019353794,-0.0019028597,0.032533564,1.0023068,0.97444147,4617.813,61.816788,127.360435,29.424446,34.019493,50.084972,0.00014374913,100.366356,7483.6914,DOS-TCP_FLOOD
20.800081,5.5376196,64.310295,19544.469,0.023390919,0.0028587636,-0.008238799,0.00051570125,0.01314283,-0.023209417,-0.0017541111,-0.40860164,0.2830376,0.076956086,-0.062073044,0.113063306,-0.0059015485,0.010211341,0.040701993,-0.009963539,-0.0030659907,-0.015313401,1.0342607,-0.01659349,-0.022076415,0.025083257,-0.033206806,-0.01119377,1.013804,0.9908098,5748.394,59.894806,91.543884,34.18993,1.0660696,53.13277,-0.00010017956,100.15859,4664.618,DOS-TCP_FLOOD
20.282394,6.2192125,68.462296,13536.0625,-0.0399347,0.012646529,-0.013402186,0.0039855116,0.0063307527,-0.013977846,0.0003278372,0.6247877,0.3034905,-0.04985322,-0.051000025,0.072419934,0.03199504,0.023207273,0.007603508,0.013552971,-0.035176262,-0.016744679,0.9668778,-0.00046949837,-0.02943321,-0.00757887,0.0074714697,0.01206715,1.0178629,1.0015022,6952.4204,60.576805,119.38623,58.025723,31.849522,56.90316,9.273575e-05,97.732635,4939.58,DOS-TCP_FLOOD
20.630823,5.523646,63.308495,6766.372,0.042962827,0.0038944508,-0.008440309,0.007074048,0.054298267,0.03053818,0.024285141,1.6636703,0.20685473,1.0755985,-0.00285957,0.13213584,0.030530943,0.0294057,-0.004526926,-0.030471412,0.017768499,-0.012158848,1.0052847,-0.025554515,0.018163525,0.034740523,-0.01386258,-0.0041334424,1.0043397,0.9801739,6851.52,60.403233,230.22064,67.672775,48.363686,98.86279,0.00018657814,98.89931,6929.582,DOS-TCP_FLOOD
19.992659,5.839924,63.709946,12148.537,0.022500247,0.0048833913,-0.021717533,-0.004940682,0.01158045,-0.022801418,0.0067035714,0.3218506,0.18630654,0.016980503,-0.018468382,0.1215121,0.004526473,0.01640908,0.008659036,-0.019944023,0.00851998,-0.023784958,0.99788916,-0.007783375,0.0082027605,0.0386161,-0.033295855,-0.042950213,1.0037857,0.99324393,8180.922,59.731148,182.1434,96.802505,40.06656,92.83086,0.00036720233,99.67139,6306.723,DOS-TCP_FLOOD
19.132189,5.671212,62.163475,11037.924,0.029353771,0.0009876749,-0.017725114,0.016053354,-0.041481107,0.0348408,0.03481482,-0.10834217,0.1795592,0.26987097,-0.07026107,0.08200881,0.14052582,0.022835214,0.017452188,-0.0052385917,0.0065554352,-0.03016287,0.97730446,0.03214597,-0.006625459,0.03292442,-0.02345689,-0.01922971,1.0153891,0.9513824,5738.6104,59.54133,75.735825,55.93386,23.98256,68.776146,0.0009086938,99.96101,806.81396,DOS-TCP_FLOOD
19.011429,6.12517,64.04182,21677.234,0.009684729,0.0020023764,-0.008136554,0.011657509,0.0008148495,0.015218254,0.009846696,0.16215801,0.20480134,0.016280428,-0.068384014,0.09169158,-0.002077724,0.01898995,0.009274407,-0.0016045617,0.008079148,-0.017296962,0.97570455,0.018126348,0.012876654,0.01921551,-0.029513726,-0.04361682,1.0120907,0.99035925,7571.924,59.79171,64.14612,98.9179,0.12864685,102.39183,0.00028417475,100.36851,-2705.257,DOS-TCP_FLOOD
19.758802,6.021303,63.338352,20214.848,0.010589342,0.01197382,-0.025088094,0.010836016,0.00043027848,0.006553556,-0.036857106,0.28604227,0.38792008,-0.055997618,-0.21983993,0.15792745,0.29105407,0.0048259925,0.020945573,0.035383698,0.020601826,-0.05952739,0.99600506,0.027268145,0.00785367,0.0781682,-0.049613833,0.023535581,1.0065783,0.9918224,5090.416,58.629227,38.0578,27.353012,9.586479,64.78389,6.601443e-05,98.82791,2660.6082,DOS-TCP_FLOOD
21.866621,5.624957,69.03559,43064.38,-0.04637211,0.005281068,-0.00031590462,0.014987662,0.08915265,-0.013776842,0.03266992,7.326245,0.49597198,-0.08010965,-0.07701681,0.007648598,0.40740496,-0.015853096,0.032431662,0.0065357145,-0.033630587,-0.03663644,1.0475761,0.010157673,-0.023118336,0.043985374,-0.015679408,-0.0018926244,1.0290447,1.0001583,4223.0586,60.240547,22.77983,2.9189987,-7.145273,22.99157,-0.00012713399,96.320206,-3499.7996,DOS-TCP_FLOOD
19.332579,5.4780493,63.542904,21492.754,-0.0043403264,-0.0013965367,0.015122199,0.01150921,0.0014152201,0.028370282,0.02356759,-0.41939092,0.12980765,-0.00782079,-0.03447328,0.09449367,-0.0010691433,0.0037982874,0.023030585,-0.020264274,-0.01059936,-0.0105592925,0.98493844,-0.0076698284,-0.0071158963,0.027121427,-0.003182236,-0.0059597474,1.0200946,0.9665955,7082.45,60.22403,-33.54181,47.80183,-18.748478,61.67948,-7.439604e-05,97.94687,-9310.345,DOS-TCP_FLOOD
19.654211,6.063038,64.32442,38281.723,0.035426613,0.008656563,-0.020718869,0.018914262,-0.04354059,-0.0015674287,-0.005070055,0.8048972,0.28229475,0.39309168,-0.057308048,0.018639715,0.09642505,0.010832831,0.032378614,0.014177553,0.006587431,-0.043522846,1.0241891,0.017826714,0.018065087,-0.016476657,-0.044007942,-0.05632837,1.010336,0.9982922,6519.6553,58.858063,210.48735,64.14253,32.70713,127.142784,0.00022239548,104.85298,4902.052,DOS-TCP_FLOOD
20.211107,5.36643,64.27301,17193.98,-0.014343493,0.009014211,-0.01767844,0.007216242,0.035637736,0.0037057903,-0.008323601,0.9711425,0.36227435,-0.030734897,-0.040237047,0.06388492,0.14858845,0.01633649,0.015047511,-0.0033214688,-0.0082479995,-0.00414853,0.9984237,-0.028355667,0.03589393,0.013777242,-0.0031606853,-0.023487367,1.0156761,0.9933819,5618.808,59.75472,214.99123,50.365078,32.6044,74.32995,0.00016082023,98.91366,1338.4788,DOS-TCP_FLOOD
20.383448,5.9692087,64.64147,12678.979,-0.017717093,0.017899243,-0.004702797,0.016119901,-0.029806731,0.024330365,0.023258625,0.4166749,0.54550624,0.043252774,-0.05765681,0.029633895,0.15755408,0.01804255,0.03041544,-0.019771086,-0.019455709,-0.011063268,0.98663986,0.023355564,-0.02384968,-0.008379788,0.00626802,-0.006765267,1.0348526,0.97668386,4058.8013,61.082676,17.18341,38.006413,11.462945,72.67648,9.826226e-05,98.803406,599.9735,DOS-TCP_FLOOD
19.951515,6.371215,63.778988,19171.238,0.032310873,-0.0005710609,-0.026039988,-0.011723982,0.012753591,-0.010872948,0.0077941217,-0.6872866,0.08363153,0.020976655,-0.053462595,0.13183446,-0.009989486,0.008360314,0.015262853,-0.019252513,-0.020900097,-0.022590987,0.96044767,0.03150973,0.0013639848,0.0032627082,-0.0038948655,-0.038644426,1.0330282,1.0090423,9509.367,60.416885,20.100204,105.274796,-19.694675,94.36672,0.00024870248,99.86566,-10464.106,DOS-TCP_FLOOD
21.293941,5.6985703,73.456276,7305.2505,-0.00413605,0.009488318,-0.028415028,-0.0013463738,0.016116615,-0.01695774,0.010115789,0.28302747,0.24628522,0.00031037256,-0.022192048,0.12124297,0.009923275,0.024951419,0.027408171,-0.006830399,-0.012237719,-0.0018930435,1.0180397,-0.0027365235,-0.004217101,-0.009841196,-0.014453523,-0.020029519,1.0127664,1.0080041,6636.147,61.711494,270.18652,79.09466,41.887974,79.74717,0.00017694285,99.88573,15629.156,DOS-TCP_FLOOD
19.45801,5.5814586,63.57965,18455.223,0.029065974,0.00689338,0.002365138,0.01740699,-0.037813634,0.02275547,0.04250127,-0.38561285,0.33900723,0.44410026,-0.008633769,0.10379031,-0.009492609,0.008424929,0.026616942,-0.026355239,-0.01587694,-0.009724795,0.978916,0.00976948,0.00014372403,0.0077958726,-0.007761805,-0.04072222,1.0214758,0.98109186,7104.223,59.442253,310.03333,79.172134,61.382446,108.381836,8.680641e-05,98.53762,13513.904,DOS-TCP_FLOOD
21.093859,5.2649574,63.73131,25084.217,0.019524828,0.006619805,-0.02843559,0.005042559,-0.054994382,0.037914306,0.011941352,0.21219361,0.13351719,0.14378548,-0.103584036,0.06557592,0.18324147,0.00024812296,0.02976036,0.0061698677,-0.025472399,-0.024872731,1.0008754,0.028179262,0.009190947,-0.019516755,-0.0061385147,-0.03517899,1.0511712,0.99111634,4531.2324,59.189457,39.726807,59.154045,12.387619,98.52008,8.183054e-05,101.82375,2700.3608,DOS-TCP_FLOOD
20.372818,5.697686,67.59045,12517.024,-0.03139271,0.012493842,-0.015520532,0.09155523,0.03822728,-0.0016356324,0.01579424,0.7698837,0.7675388,-0.007689092,-0.11642937,0.11152926,0.011147249,0.014854066,0.017251762,0.009144222,-0.054235753,-0.00021397602,1.002686,-0.017256068,-0.020999711,-0.010565993,0.01992156,-0.013521405,0.99910474,0.9846458,6633.0586,61.432484,314.66022,94.04655,86.5539,109.32743,0.00015919573,98.45106,24567.205,DOS-TCP_FLOOD
18.543005,6.304845,62.311096,14464.537,0.009190085,4.9691647e-05,-0.011325482,0.010740212,-0.034236513,0.024740051,0.05091377,-0.31450212,0.09596657,0.06757927,-0.043060265,0.08270285,-0.0030294599,0.017672904,0.039350823,-0.009135114,-0.014989108,-0.0013799081,0.92446184,0.058902334,-0.012983536,0.028942998,0.0019194,-0.031905435,1.0159992,0.9502237,5305.3604,59.620197,96.41414,44.305035,21.581644,60.785477,0.00012135431,95.561424,2316.7112,DOS-TCP_FLOOD
19.089376,6.2578096,64.074455,23567.73,0.010075587,-0.010785397,0.0018063607,0.031095067,0.001136261,0.020863118,0.017352505,-0.1622243,-0.009218529,0.013831442,-0.09364038,0.049861223,0.17417993,-0.0012402656,0.024648111,0.0017120643,0.0067921868,-0.027733572,0.95739144,0.056223355,-0.021896172,0.03366834,-0.022274183,-0.0066349376,1.022358,0.9732589,8445.563,59.495518,12.063431,48.967358,-14.208281,47.56367,1.4881516e-06,98.858154,-12575.79,DOS-TCP_FLOOD
19.979153,5.7540293,63.90503,14806.217,-0.030265678,0.0008988417,-0.007362249,-0.008250076,-0.0012038117,0.0166106,-0.009406863,-0.2216289,0.2004208,0.06274426,-0.052382715,0.109316185,0.00015696697,-0.004278603,0.025308205,-0.023680145,0.000890973,0.002810089,1.0230922,-0.0043476704,0.0064965477,0.011125883,-0.021553347,-0.042379357,1.0348558,0.9843582,6884.3364,60.296677,99.55333,80.57324,16.790024,91.510544,0.00024295501,100.56197,-1995.8914,DOS-TCP_FLOOD
20.914621,5.629529,63.9443,20489.984,-0.008790557,0.0014325416,-0.020014027,0.0021072694,0.05277209,-0.014660065,0.0073827845,4.5649834,0.123467356,-0.028804613,-0.1083733,0.16369827,0.0074136714,0.022165027,-0.0072199334,0.017711213,-0.018985959,-0.043316156,1.0098667,0.004563867,0.038600456,0.030194372,-0.0550182,-0.01040832,0.9852113,0.9946218,4734.427,59.824642,63.37834,22.975655,-10.566902,40.480373,-0.00010233074,101.38651,-6359.562,DOS-TCP_FLOOD
19.255375,6.193644,63.989178,14022.029,-0.0019039679,0.0038077526,-0.013338065,0.0057481336,-0.0019047102,0.014256204,0.028561536,-0.19423568,0.105063304,0.055484142,-0.065404244,0.104433805,0.003364666,0.009640017,0.029407032,-0.007062284,-0.0010127202,-0.0060462393,0.95276064,0.03334746,0.011440498,0.014291349,0.010806279,-0.037256148,1.0005937,0.98637086,7217.7393,59.964798,161.57515,75.47617,35.966026,97.418816,0.00021679355,96.44003,8465.862,DOS-TCP_FLOOD
22.653814,4.584831,66.67614,8975.691,0.03963712,0.023768498,-0.023320353,0.09783256,0.07796878,-0.014289176,0.026242835,1.4659665,0.5686461,0.08276769,-0.09784177,0.16749166,0.013483563,0.028200742,0.02996206,0.022260346,-0.0013314048,-0.009747151,1.0777256,-0.08486884,-0.02836769,-0.0048526446,-0.025052557,-0.030403022,0.99498814,1.0021158,5378.662,60.409027,104.18237,28.242577,14.253818,48.23664,3.772005e-05,99.58601,-199.81238,DOS-TCP_FLOOD
20.58629,5.1687303,65.86496,14816.389,0.042913422,0.0030115189,-0.019802839,-0.00866041,-0.0026593534,-0.026184008,0.015303386,0.4490133,0.16633683,0.007540732,-0.042644806,0.14773312,-0.011761226,0.022412319,0.005222908,-0.014822323,0.020519242,-0.019580683,1.0156958,-0.005586727,-0.0150438305,-0.0022899522,-0.027543195,-0.028526857,1.034817,0.9837714,6115.578,59.934074,152.11176,97.34181,26.048653,76.47236,3.7028352e-05,101.6989,4243.9575,DOS-TCP_FLOOD
21.337076,4.407418,60.49139,31890.777,-0.030051522,0.018266523,-0.018170578,0.030245537,-0.04257779,0.055511765,0.030211387,0.25711584,0.082987726,-0.036307134,-0.032927644,0.03463133,0.22494252,0.00585902,0.045168698,-0.0062590605,-0.015006368,-0.03018615,1.037394,-0.013329652,-0.015101074,0.025248773,-0.008950675,-0.0034065638,0.98822767,0.9204728,-388.3247,59.384796,372.5695,-11.857254,128.62498,45.541805,0.00017164127,102.14219,49183.824,DOS-TCP_FLOOD
18.99115,5.8785152,62.906147,21401.54,-0.011281286,-0.00089023256,0.012917461,0.0033766185,0.011332314,0.011481616,-0.005822866,-0.18230987,0.060332075,-0.010396968,-0.0049936585,0.14312279,-0.0015502829,0.021773294,0.0021400815,-0.0069622044,-0.013417825,-0.014861431,0.9682236,0.011197405,-0.024103556,0.015172243,0.031220878,-0.0149277765,0.99725676,0.98383987,7785.177,59.394165,91.57631,84.58659,41.079025,89.07233,0.00030840663,97.821335,1275.3551,DOS-TCP_FLOOD
19.770535,5.6023073,64.54537,17312.592,-0.0019873492,0.009801224,-0.02399684,0.006658315,-0.027109968,0.0068594706,0.009331767,-0.6310618,0.29550853,-0.02262555,-0.06764327,0.10774884,0.004950646,0.017397767,0.00719415,-0.016145969,-0.034430597,-0.0019010948,0.9836011,-0.0027018113,0.0050626346,-0.0022001343,-0.015589451,-0.018304124,1.0330883,0.9884343,6733.4844,60.404095,140.85886,87.04232,18.8732,82.561615,-0.00015398896,100.612,3539.546,DOS-TCP_FLOOD
19.298798,5.984809,64.46757,16024.846,0.018276848,0.005751896,-0.01035542,0.014273896,-0.00494409,0.0029395074,0.03099588,-0.46043515,0.18271737,0.018614637,-0.024267536,0.08284419,0.010375142,0.012041283,0.023827344,-0.001588678,-0.0071891765,-0.011926958,0.97247386,-0.0010174066,-0.014308764,0.015324294,-0.00021499582,-0.013471467,1.0093213,0.98390675,8145.086,59.55904,106.97801,65.096954,21.51039,79.18944,-7.855517e-06,98.06767,4147.4653,DOS-TCP_FLOOD
21.256414,5.0978622,69.244484,21669.154,-0.020015577,0.0013259052,-0.026207248,0.012241705,0.035606757,0.0055433246,0.061861705,0.23588717,0.053309392,0.024861459,-0.045667455,0.0839397,0.071282744,-0.005237148,0.008603874,-0.02196344,-0.0066559855,-0.019482512,1.0445989,-0.027709436,-0.00024145003,0.017957022,-0.0025283638,-0.029095419,1.0121279,0.9630128,7757.2847,60.210506,303.89404,87.81073,62.228077,91.65968,0.00017726101,97.21365,5244.3516,DOS-TCP_FLOOD
20.658327,4.2738094,60.94139,17216.994,0.013237914,-0.005393127,-0.0047573005,0.004766068,-0.027013248,0.055563472,0.042819005,-0.03740859,-0.07220424,-0.03215521,0.004222039,0.12746564,0.017209385,0.014227832,-0.00048895366,-0.023148958,0.025711283,-0.007020524,1.0636407,-0.04336262,-0.002561966,0.057030603,-0.0023494102,-0.022888146,1.0113839,0.94109166,4437.174,59.857624,300.041,55.413506,55.289444,63.40922,0.00022001473,102.80773,-2355.6992,DOS-TCP_FLOOD
19.377228,6.1211686,70.42146,16318.375,0.010422626,0.00090361753,0.026593663,-0.008937577,0.0077034347,-0.024377488,0.018743588,0.37210882,-0.00551641,0.023181485,0.3995871,0.14683034,-0.010739583,0.013479505,0.0073607075,-0.0009653298,0.0011804234,-0.02612469,0.9609678,0.030243909,-0.028273366,0.0027790142,-0.0016519288,-0.026448613,1.037546,0.9985314,7796.756,59.336327,84.47833,96.597404,13.048655,80.264496,2.7049711e-05,97.55817,2678.564,DOS-TCP_FLOOD
21.71094,5.1467266,63.548176,10177.65,0.005507618,0.008608687,-0.008593544,0.010686911,0.016690858,0.006265217,-0.018428493,0.46120417,0.38262695,-0.016520923,-0.023493141,0.09267491,0.18107581,-0.0010649906,0.028987106,-0.0047881342,-0.00434323,-0.033385146,1.077019,-0.038663384,0.020098014,0.03482186,-0.05396854,-0.017008666,0.9959746,0.9709911,4910.3525,59.358894,146.95898,68.586716,42.524223,108.627,0.00033530514,100.8298,7522.2915,DOS-TCP_FLOOD
20.603588,5.9281125,63.43347,15243.537,0.032492936,0.0032616525,-0.013376765,0.008915453,-0.0023306264,-0.018024528,-0.013940955,0.220752,0.07332712,0.041727904,-0.021354213,0.12069966,0.068300225,0.020767359,0.01880247,0.00038250815,0.023427771,-0.046187036,1.0142668,0.02135094,0.00089711975,0.032311488,-0.052823655,-0.001926804,1.0122923,0.99767184,7146.4673,59.59138,36.915558,71.856705,1.3892546,88.625374,3.0762603e-05,101.096436,2033.438,DOS-TCP_FLOOD
20.003296,5.4403286,64.47209,21921.152,0.015883727,0.0093072355,-0.028178757,0.015746566,-0.06279968,0.020012455,0.020470375,-1.0683324,0.1791238,-0.04035815,-0.07787268,0.10128969,0.012166523,0.00029832125,0.03696334,0.011564953,-0.024287002,-0.014699481,1.0270962,-0.030386755,0.004078478,0.026402727,-0.028861232,-0.026357353,1.0340658,0.9833949,7192.2393,60.420574,112.27488,72.84495,32.602413,90.54198,-3.4227996e-06,103.0279,8588.716,DOS-TCP_FLOOD
18.566704,6.298444,63.789,14976.867,0.019154897,0.0018618883,0.0162214,0.019483494,0.04710999,0.013023421,0.030576577,-0.1633544,-0.05422082,-0.0017207488,0.28257757,0.09657257,0.06225095,-0.0024123164,0.031924225,-0.020750288,0.015222268,-0.007468196,0.92882824,0.029396107,-0.01986011,0.04206601,-0.007791598,-0.028519854,1.0070758,0.9826102,8953.053,59.1534,21.623627,60.307877,-13.703587,62.837296,3.628907e-05,93.5591,-8653.941,DOS-TCP_FLOOD
18.886555,6.7636075,65.744896,16646.957,-0.010142465,0.0061105113,-0.019720323,0.007859553,-0.042341016,0.015390482,0.01163819,0.005439639,0.15255363,0.050777182,-0.039081372,0.0336976,-9.677e-05,0.00061280094,0.025514206,0.00547498,-0.023817033,0.0066030864,0.9264513,0.06181454,-0.011717612,0.016838472,-0.010285642,-0.045734175,1.0208054,0.98164684,6853.969,59.750015,82.584595,67.115555,12.622246,74.8797,0.00019554853,98.40947,-921.1169,DOS-TCP_FLOOD
19.940971,5.4750824,62.055523,10382.099,0.018475637,0.0019522341,0.00048022252,0.033364337,0.049872078,0.018958947,0.043630954,0.7147644,0.21029934,0.11314513,-0.10327634,0.1413362,0.0023348785,0.008077276,0.02675826,-0.010702763,0.0015118113,-0.006419276,0.9948215,-0.028149825,-0.012742553,0.04190518,-0.005381168,-0.020666478,0.9783406,0.94399756,5870.9985,59.499805,-6.541458,23.426079,-1.7018147,38.54137,-5.5405035e-05,95.61633,-12595.92,DOS-TCP_FLOOD
19.276173,5.7523685,63.811134,19291.617,0.012336177,0.0010449289,-0.011128934,0.0075426335,0.00981394,0.020662842,0.03019561,0.22320598,-0.108343996,0.03463712,-0.025442805,0.119162716,9.256601e-05,0.009053651,0.017839544,-0.02122747,0.0007365411,-0.005170321,0.9885014,0.021436324,0.011791139,0.01481744,0.0024144491,-0.028650174,1.014921,0.9662084,7413.835,59.692413,263.85638,86.67929,41.487568,74.19549,0.00020001775,99.506676,-1744.0576,DOS-TCP_FLOOD
19.704086,5.64998,64.15277,15409.01,-0.007937466,0.022842059,-0.03149048,0.026900088,-0.042579718,0.028684763,0.05094669,0.032855034,0.490527,0.04650601,-0.070505336,0.034836676,0.039101,0.02689676,0.03299449,-0.005797753,-0.024114663,-0.0008507399,0.9746952,0.019447858,-0.0082884515,0.01287735,0.0005614152,-0.015804559,1.015109,0.9786697,4254.031,59.962452,182.13121,30.895538,30.777264,62.979168,-3.1554446e-05,99.69296,6802.922,DOS-TCP_FLOOD
20.566301,5.7937193,63.913746,18449.006,0.028233785,0.0035380535,-0.005067757,-0.013589302,0.015661582,-0.028463015,-0.0060659926,2.87077,0.16350238,-0.011523197,-0.024355974,0.108094595,-0.0010840761,0.0015881099,0.025094967,-0.0125137195,0.015706463,-0.008382871,1.0236344,0.019981647,-0.0056858277,0.009505092,-0.03761979,-0.013463644,1.0241219,0.9979143,4025.1802,59.64454,38.59108,71.64645,-0.50328827,65.476585,2.1884975e-05,101.7101,-3165.3733,DOS-TCP_FLOOD
19.895184,5.2034016,63.880356,18121.89,0.009536947,0.0045465003,-0.026825108,-0.015163364,-0.03779097,-0.008870132,0.021647792,-0.44932342,0.40626976,-0.011020795,-0.058204126,0.08934673,0.0033594803,0.018403292,0.035402685,-0.016921947,-0.01699043,-0.011166636,1.0343612,0.004523981,-0.0062088133,-0.007511342,-0.039106168,-0.039212365,1.0311186,0.9639561,5132.443,60.17613,90.65668,77.24715,-4.2615795,73.336555,0.00016791828,103.23342,-4411.534,DOS-TCP_FLOOD
18.170717,6.9266415,63.92827,18191.37,-0.0038315542,-0.002366456,-0.019491553,0.002847122,-0.041026644,-0.00010246353,-0.0039679697,-0.006598115,-0.04058002,-0.015507784,0.02374361,0.06612549,-0.0044209235,0.021328049,0.01984142,0.001181853,-0.0027067866,-0.021419037,0.93747956,0.07655073,-0.018856281,-8.485862e-05,-0.006549093,-0.023257796,1.0308084,1.0018133,7832.95,59.47492,127.14678,72.15842,20.816849,74.728355,0.00020841917,99.76518,2413.5828,DOS-TCP_FLOOD
21.004482,5.733333,65.36847,9617.529,0.03143239,0.00604612,-0.026596837,0.011871086,-0.0008825036,-0.00077114324,0.0280758,-0.12637305,0.39764926,0.08077425,-0.05600285,0.10839876,0.048851002,-0.011032563,0.0033782749,-0.025427375,0.024512948,0.002912362,1.0369766,-0.015303099,0.020571819,-0.0022084592,-0.008520083,-0.044426695,1.0376431,0.99932414,7705.518,62.748688,91.877716,108.991356,5.075305,135.87146,0.0010491047,103.826965,-480.8636,DOS-TCP_FLOOD
19.518358,5.54073,69.730934,21283.848,0.004223408,0.0019643002,-0.012499849,0.0008043963,-0.029146349,-0.011716563,0.04213162,-0.6765126,-0.018884761,0.08329749,-0.021206338,0.08779299,0.004023293,0.010152579,0.017297436,0.0046227593,-0.0092931455,-0.01583936,0.9739436,0.03586034,-0.022449007,0.0037731999,0.0049732905,-0.04586987,1.0242021,0.99422973,8259.057,59.499912,311.23956,96.45958,47.238926,83.5955,0.00026508415,98.923935,6209.9023,DOS-TCP_FLOOD
21.926842,4.506236,64.123985,19575.094,0.024573442,0.015717331,-0.009115826,0.010933674,0.046543643,0.0028514788,0.025910642,0.8919053,0.31109896,-0.016621897,-0.09973108,0.16601199,0.013019824,0.026961464,0.013566736,-0.0015778095,-0.0033616717,-0.044301633,1.0555453,-0.06931494,-0.008470564,0.02653958,-0.012985041,-0.011177183,0.9896779,0.98513633,3725.794,59.77395,72.442245,33.74772,12.710563,44.99999,1.32991845e-05,101.3341,4199.1724,DOS-TCP_FLOOD
22.66662,6.1237593,67.289955,9143.316,0.025861207,0.008913894,-0.013120621,-0.0023612909,0.010663465,-0.054600928,0.005855395,2.1567247,0.16753978,-0.057072233,-0.00039000064,0.13690688,0.111767426,0.02012647,0.028765328,0.04040888,-0.030566178,-0.04155006,1.047655,0.014372467,-0.01821919,-0.007610039,-0.039544165,0.007752105,0.986411,0.9958489,6794.8643,70.54909,168.45663,113.17005,34.20922,128.84363,0.00021857319,104.61423,6315.7085,DOS-TCP_FLOOD
20.965137,5.2545643,65.37942,18507.766,0.0011376105,0.012497005,-0.054899633,-0.0005425345,-0.009987224,0.007652722,0.00090871006,0.19911379,0.7355904,0.11583808,-0.071381904,0.1010139,0.004546122,0.017423946,0.0049801357,-0.030098801,-0.025907852,-0.0014206069,1.0154887,-0.014701483,0.023104768,-0.02598434,-0.018130414,-0.036022324,1.0446492,1.0109065,5798.4355,61.140182,156.30438,60.767956,23.306501,83.09346,4.304557e-05,103.679,7345.191,DOS-TCP_FLOOD
18.699366,6.2360635,63.186253,19176.658,0.012599923,-0.0010844393,-0.019021247,0.017886499,-0.06161505,0.010705116,0.013049051,-0.9115157,0.3741318,0.013411583,-0.049735762,0.019834263,0.27322245,0.010789776,0.02494189,0.0004832307,-0.004461508,-0.022310399,0.9564688,0.059002716,0.0017267233,0.020506222,-0.040280417,-0.017208554,1.0462104,0.98834276,6949.435,58.728695,-27.075989,53.6329,-19.212212,52.627857,2.0866166e-05,99.91297,-13194.484,DOS-TCP_FLOOD
20.779444,5.222296,64.75982,19401.818,0.038555026,0.005829158,-0.02574089,0.002937162,0.024501015,-0.0063099246,0.02733127,0.41643387,0.16728044,0.060042296,-0.0803844,0.15474506,0.022433374,0.01947237,0.005470547,-0.01168576,-0.0066075404,0.022754915,1.039684,-0.029305898,0.03438593,-0.028593436,0.00073530246,-0.054031424,1.0199199,0.9885541,9526.066,59.40647,1022.7998,116.98501,195.59747,131.90125,0.00011291038,103.00702,91917.91,DOS-TCP_FLOOD
19.269632,5.5898056,62.860626,4618.0254,0.0063747168,0.01413254,-0.0065120286,0.020586917,0.006320687,0.009896209,0.04526201,0.79223716,0.5002446,0.11760181,-0.0730452,0.1337677,0.017851187,0.04238384,0.011532939,-0.019661758,0.024579393,0.0032231305,0.97520936,0.0067168972,0.013269104,0.020211514,-0.01856256,-0.03591363,1.0016205,0.95591134,4050.88,59.771973,194.62546,16.008041,58.308018,44.99497,0.0018252245,96.786095,8809.203,DOS-TCP_FLOOD
20.074867,5.769721,72.26713,8880.195,-0.018350478,0.00845272,-0.012692249,0.0003529638,0.010522779,-0.02251655,0.0003413856,0.38017142,0.14204971,-0.08146364,-0.02875678,0.1477111,-0.006251021,0.0077507454,-0.0023097266,0.011365911,-0.021154791,0.0050798943,0.9883652,0.004243556,-0.0115170665,-0.016483247,0.00020598993,-0.023893964,1.0349882,1.002515,8111.555,60.93885,194.76282,88.6125,34.78401,79.629166,0.000110913184,97.834404,8367.108,DOS-TCP_FLOOD
20.519375,5.1159577,67.01724,15508.127,0.008492776,0.0057471315,-0.014888436,-0.009325665,0.03186994,-0.019800875,-0.013089756,2.7082024,0.21308675,-0.050766353,-0.082953505,0.1387066,0.016238354,-0.0035897782,0.027863555,-0.006542173,-0.025694933,0.0066358363,1.0378122,-0.021227755,0.024817333,0.0052941022,-0.047170218,-0.04753061,1.04408,0.9794623,2915.1948,59.514908,94.694046,45.153133,-1.7126274,54.602444,-4.463496e-05,99.74131,-5241.6772,DOS-TCP_FLOOD
20.473507,5.600745,63.695786,14225.592,0.0033631362,0.004383315,-0.029230343,0.0013397856,0.026304552,-0.019631682,0.0008595991,0.41506058,0.20638508,0.0059686974,-0.11747121,0.12915497,0.005174222,0.010172966,0.02513405,-0.01002177,-0.00014379155,-0.015936498,1.010969,-0.007383593,0.034624267,0.029583836,-0.025912525,-0.037055887,0.996095,0.9940444,5500.1978,59.431637,32.03131,53.706,-6.0283318,90.579704,0.00015066692,100.44533,-6873.826,DOS-TCP_FLOOD
19.09866,6.044638,63.006042,14799.422,-0.021950481,0.0052683535,-0.008424718,0.001342561,-0.06347055,0.030331464,-0.008156131,0.16136241,0.08366066,0.0068734214,-0.045233514,0.0574924,0.0081988,0.0063262694,0.00876075,-0.019340038,-0.0153284855,-0.019784914,0.9452526,0.033421297,-0.0019494188,-0.011697943,0.01410315,-0.011136009,1.0293945,0.9716998,6566.3477,60.52002,152.85663,73.978,46.880318,91.07284,0.00029729732,99.94869,3165.2236,DOS-TCP_FLOOD
20.874447,5.1439447,63.773247,13973.391,-0.0012388267,0.004060345,-0.009564046,0.0017749068,0.048454262,0.0017308089,0.008255133,1.0050647,0.28413308,0.021652998,-0.03440416,0.1246347,0.005346685,0.0059194304,0.016464096,-0.018390656,0.007564332,-0.013099581,1.0265965,-0.04514372,0.0036083069,0.03931655,-0.004508528,-0.015939005,1.0080843,0.9772948,5451.0933,60.124866,101.456924,49.331913,10.955893,52.86957,-2.8250608e-05,98.38663,28.335327,DOS-TCP_FLOOD
18.507687,7.0799475,65.07822,13700.619,0.0095422,0.0015831959,-0.018398173,-7.276051e-05,-0.051970765,0.0027125906,0.021579461,-0.7519928,0.017826704,0.024355844,-0.027207678,0.08370843,0.0009663235,0.015824908,0.030826712,-0.015282101,-0.013752398,-0.009056096,0.92633957,0.0909562,-0.003877941,-0.008371434,-0.017633881,-0.036680322,1.0345875,0.98754936,7766.04,59.935097,121.16827,99.654305,14.988143,97.87093,0.00010857948,98.106575,3249.1958,DOS-TCP_FLOOD
20.346275,5.713256,64.73689,9305.715,0.010771629,0.009850996,-0.023493271,0.041473396,-0.0046643484,-0.007709182,0.0010863133,0.5094198,0.5463887,-0.027293527,-0.09445305,0.15516672,0.0052686194,0.02240539,0.024520446,0.009922235,-0.014261443,-0.012825567,1.0263591,-0.02084305,0.0044986466,-0.00529642,-0.0076230564,-0.021087175,1.0278139,0.99530035,6724.046,60.358368,129.30817,58.55396,30.156174,89.82435,0.00022540423,100.17185,8027.6855,DOS-TCP_FLOOD
19.709219,4.818491,62.391327,16836.174,-0.0034960266,-0.0055357562,-0.0075375726,0.0019480934,-0.00786479,0.011180131,0.022744272,-1.0287929,0.08428562,0.03999271,-0.070450366,0.13332918,0.0061964733,-0.012652375,0.018474475,-0.03159158,-0.005702765,-0.021336474,1.0289979,-0.03362676,0.0084775565,0.041812178,-0.020316185,-0.0286631,1.018285,0.9570374,5252.2163,59.961227,32.408066,62.91679,-1.3684235,63.289886,5.475855e-05,100.12436,-4885.6216,DOS-TCP_FLOOD
21.529484,4.477519,64.914024,16451.37,-0.010296366,0.011568432,-0.024958018,0.005706252,-0.03004524,0.00746008,0.01928978,0.1024099,0.38367882,0.043905698,-0.06589015,0.10743198,0.0028951743,0.012351995,0.023710595,-0.010811909,-0.027787428,-0.0048490427,1.0959854,-0.046917364,0.03397522,0.0027059403,-0.05412672,-0.03246365,1.0319561,0.98814523,5715.0493,60.731815,268.40082,71.918175,34.467514,89.00608,0.00011085402,108.661575,10536.78,DOS-TCP_FLOOD
20.305395,5.060632,63.7695,12746.025,0.012227878,-0.00037563965,0.024886724,0.0025942405,0.069312066,-0.02178394,-0.00847597,6.0521398,0.11255242,-0.00021085143,0.53950095,0.12551735,0.00459874,-0.018744541,0.013827272,-0.017760213,0.014511643,-0.017784957,1.0452149,-0.010551151,0.0070136413,0.019685447,-0.026160087,0.00070421956,1.0181415,0.9817462,2752.576,59.290733,14.672363,43.75716,1.3747253,52.26447,0.0001497968,98.65775,-7108.42,DOS-TCP_FLOOD
19.04262,6.090595,65.743614,19670.182,0.0034556352,0.007083807,-0.023172833,0.013846676,-0.022526892,0.021046676,0.025349287,-0.344321,0.30216956,0.0056984276,-0.057117805,0.0499128,0.04903953,0.01447195,0.023539932,-0.0066101598,-0.008806118,0.0046193507,0.9563131,0.04776037,-0.009251042,0.0013089902,0.007249815,-0.017748758,1.043808,0.9976472,7653.2305,59.54379,95.37787,82.71676,6.8691273,86.98754,1.6189108e-05,97.5152,2085.2847,DOS-TCP_FLOOD
19.909006,5.84837,64.9144,10339.482,-0.009535271,0.06328366,-0.007951855,0.027246827,-0.02841892,0.030547243,0.04260619,0.54731786,2.043285,0.036095116,-0.020237688,0.10326459,0.013029123,0.023030356,0.001027491,-0.022156075,-0.0046584383,0.008721611,0.96658885,0.00679391,-0.016008148,-0.029867187,0.014563866,-0.023609975,1.0434939,0.9957301,6982.699,60.438442,143.75339,47.15925,28.197456,75.20473,-3.741357e-05,97.083664,7650.4263,DOS-TCP_FLOOD
20.30717,6.1778507,63.780293,16098.791,0.0028140936,0.0049213558,-0.027250724,-0.0033437281,0.018251412,-0.012413793,0.006100575,-0.15029728,0.013327524,0.009191911,-0.04219189,0.13193293,0.0029743144,0.014085976,0.023335854,-0.011667026,-0.00983968,-0.006025047,0.99749887,-0.0010395572,-0.009660313,0.007004568,-0.0018914323,-0.01273482,1.0221623,0.9930486,8271.168,60.295094,126.286896,79.62654,22.184727,78.28667,8.624334e-05,98.78443,3995.319,DOS-TCP_FLOOD
18.912008,6.367882,64.21699,18003.621,-0.0039650407,0.0008744634,-0.0038280222,0.021748932,-0.025024535,0.019034795,0.033796355,-0.11577785,0.19494796,0.0133474525,-0.06752117,0.06881605,0.024383062,0.019568505,0.024253428,0.00952484,-0.0044956896,-0.020474162,0.93778676,0.052735277,-0.012917299,0.027899517,-0.0032850308,-0.029449629,1.0043021,0.97461903,6173.816,59.610207,42.31137,47.687267,4.7617846,60.488808,0.00014809548,98.02818,-653.901,DOS-TCP_FLOOD
19.466406,6.222831,64.37771,22280.62,-0.003944803,0.0043450785,-0.028769786,-0.0049024182,-0.04206212,0.012434804,0.0054289936,-0.037803292,0.11700254,0.022462932,-0.072301686,0.068513334,0.004246016,0.02524216,0.030793171,0.0030219136,-0.034943063,0.0037605409,0.9559896,0.033244547,0.009597854,-0.009631164,-0.01883196,-0.052176774,1.0208029,0.9816376,5766.346,59.869267,211.938,54.713608,32.785255,70.85954,0.00019853246,101.579094,-314.66553,DOS-TCP_FLOOD
20.86311,5.066957,63.757687,24133.459,-0.027115999,-1.8563122e-05,-4.841946e-05,0.0038141056,0.06251846,0.01689221,0.027698604,0.25571144,-0.022572948,0.030595452,-0.07665222,0.14288378,0.006587829,0.005328376,0.032950416,-0.01737847,-0.007241703,0.018495124,1.0082893,-0.0081200255,0.030750837,0.012581199,-0.001285621,-0.07720289,1.000849,0.96310264,7530.9,59.685524,862.67523,150.78917,243.41669,177.29074,0.0001727273,100.12089,130746.23,DOS-TCP_FLOOD
19.518867,6.351942,63.52274,12982.01,0.016458651,-0.0008521005,0.010864535,0.009594089,0.016914453,0.009322366,0.01772027,-0.2211541,0.124153465,0.026010167,0.007971915,0.10760442,0.15677097,0.012458231,0.022214929,-0.012564127,-0.0020122668,-0.023144493,0.95623946,0.037488222,-0.019000512,0.04222549,0.014867915,-8.7004155e-05,1.0175743,0.9921307,6605.4214,59.769215,-82.690125,62.580837,-35.74958,57.7341,-4.750119e-05,96.56201,-13008.942,DOS-TCP_FLOOD
20.118132,5.0493803,64.489624,14499.586,-0.013422405,-0.001008477,0.006030856,0.011415869,0.008488771,-0.00062964275,0.036584847,-1.0401232,0.009303689,0.008140652,-0.06507169,0.13165475,0.007937955,-0.02576232,0.02213154,-0.010180077,-0.0032670633,-0.003631427,1.0337923,-0.024937361,-0.01713535,0.022941113,-0.008672531,-0.015136505,1.0242999,0.96513784,7622.551,60.07837,126.54493,66.930244,15.339467,74.57832,4.024565e-06,99.51187,5657.97,DOS-TCP_FLOOD
20.350286,5.8534565,73.428665,15038.721,-0.026672289,0.008059503,-0.03336824,0.000109178945,-0.021012802,0.0002739433,0.03751292,-0.4357854,0.27586484,0.0354933,-0.024608735,0.060943995,0.003537519,0.020101901,0.022851909,0.002398421,-0.028633922,0.0048632454,1.0130194,0.0078120637,-0.011331648,0.0072750393,0.0059673097,-0.032931134,1.0134252,0.9771262,6858.815,60.363365,234.77615,99.96199,38.816856,99.0135,0.00025526885,100.08055,3047.13,DOS-TCP_FLOOD
18.130852,6.5441637,61.91067,21490.637,-0.012079644,0.0042153164,0.008950209,-0.012027516,-0.060560733,0.022649106,0.013115194,-0.21220136,0.18290304,-0.0026060082,-0.07743253,0.043541048,0.012480881,0.0017279852,0.016419116,-0.011281468,-0.014179195,-0.0009647617,0.9204846,0.08027698,0.007998519,0.0026031455,-0.017106533,-0.034323238,1.0253334,0.9672028,5711.707,59.812828,57.724304,79.44577,2.2252216,93.42945,0.00022336855,97.80494,-3426.5457,DOS-TCP_FLOOD
21.790949,5.578766,64.425995,23123.424,0.03648953,0.011954094,-0.037505113,0.0006500874,0.036373354,-0.021769851,0.012581985,13.520207,0.057418905,-0.09541711,0.06618121,0.18391313,-0.0074163335,0.0008378411,0.032771315,0.020620346,-0.02358243,-0.05505357,1.0494435,0.0114081595,0.02813065,-0.004357125,-0.083319016,-0.066146225,1.0294305,0.99106306,5111.69,59.754253,314.17728,93.73661,52.13517,69.42198,0.00063667266,106.04937,11819.923,DOS-TCP_FLOOD
21.588367,4.495241,70.52853,24649.338,-0.0044440012,0.009557798,-0.013395194,0.03360146,0.085878134,0.009182477,0.05105055,4.0836096,0.3697843,-0.08332297,-0.008056275,0.039991956,0.23265639,-0.0030477718,0.016971005,-0.008211242,-0.029887311,-0.04091435,1.0374415,-0.038439043,-0.015877536,0.016267374,0.001140018,-0.01401373,1.0068947,0.97376466,7100.047,58.490875,455.2508,84.22562,111.71301,101.50141,0.00011000373,98.110504,39337.445,DOS-TCP_FLOOD
22.795181,4.9785585,77.04082,35566.008,-0.05896579,0.006206351,-0.0052327756,-0.004226617,0.032958563,-0.048851464,0.032303225,10.68524,0.32515016,-0.0110940905,0.083184324,0.14713366,0.012160719,0.02445151,0.004072711,0.03267894,-0.005237884,-0.044431355,1.0848233,0.0069973883,0.012847053,0.008910109,-0.106225796,-0.0510827,1.0157858,0.993301,4095.2983,61.36106,328.67047,66.58414,46.942844,61.16995,3.6269266e-05,102.172615,13043.112,DOS-TCP_FLOOD
21.55508,4.938671,63.79106,25350.904,0.010107801,0.009087247,-0.022319622,0.0022462355,0.010736793,0.012461086,0.036061298,1.116836,0.1727565,-0.14103492,-0.11475515,0.10830261,0.17802988,-0.008950973,-0.010521751,0.01916128,-0.0023526303,-0.04795459,1.0626962,0.017919093,0.009753524,0.05945132,-0.029046029,0.008733849,0.96865726,0.93797433,4408.4517,60.296112,304.5287,30.006927,81.67957,32.70378,0.00029433312,98.96244,12525.925,DOS-TCP_FLOOD
19.420868,6.006275,64.30285,9414.988,0.011781407,0.009272368,-0.01661742,0.011303029,-0.005296168,0.00013489916,0.0119894985,0.34541446,0.1479122,0.056968942,-0.03536675,0.105657056,-9.0749934e-05,0.02422184,0.015395362,-0.01415645,-0.003749933,-0.009198672,0.955618,0.009617443,-0.006952365,-0.007166813,0.0051025487,-0.027273076,1.0231655,0.99031085,6737.1235,61.689743,279.00372,62.98433,57.516964,95.20399,0.0002455771,100.01285,6878.464,DOS-TCP_FLOOD
20.321228,5.1704974,63.701187,10384.543,0.020191407,0.06789791,0.01898255,0.034687158,0.04658273,0.004379822,0.041309927,0.2827204,0.8103994,0.12009445,0.24981566,0.10986253,0.04541818,0.009241858,0.011596108,-0.028585942,-0.0049269176,0.01424499,1.0065233,-0.03649779,-0.023685377,0.0016067841,0.022282563,-0.0046542846,1.0110784,0.985663,7963.9375,59.882713,30.998642,16.727043,-7.502577,61.593506,4.3916603e-05,94.54929,-5533.4043,DOS-TCP_FLOOD
20.545025,6.249946,64.12028,9758.973,0.005809618,0.0022444045,-0.00069242204,0.003049079,0.060574226,-0.014366265,0.011184867,0.64373636,0.13304952,0.010463706,-0.06744747,0.1530991,-0.0047423937,0.022510635,0.009815813,0.008098966,-0.010243138,-0.019371131,0.9564852,0.006412724,-0.016988905,0.01459125,0.0029120874,-0.012431144,1.0136493,0.99475926,7489.6763,61.026215,10.211502,58.277233,2.562642,76.9223,0.00021854842,96.58296,-4382.31,DOS-TCP_FLOOD
20.99576,5.3325024,63.95471,9134.534,0.094887085,0.00980616,0.004616494,0.0060671084,0.027543847,0.0038194288,0.0072397543,0.85525393,0.648801,1.8889318,-0.088773526,0.18465908,0.00024873018,0.020551478,0.009426832,-0.004376634,0.010585663,-0.01619084,1.0181653,-0.004942897,-0.0055935117,0.010994483,-0.028346196,-0.03093308,1.0092412,0.9759993,4085.0498,59.252647,-37.02829,58.71815,-20.868011,52.24398,0.0016268822,98.322815,-22842.55,DOS-TCP_FLOOD
19.475403,6.5375395,64.6743,13536.02,0.054225136,0.00015470013,-0.0113913985,0.005866071,-0.056903757,-0.0001479889,0.01101518,-0.16337383,0.17510325,0.1389932,-0.030209959,0.07470609,0.021820493,0.029204745,0.012415215,0.014005203,0.004573283,-0.024056973,0.9664547,0.067702755,0.007927468,0.007918683,-0.021282231,-0.01689823,1.0145695,0.9965931,7843.883,59.716644,172.38222,97.620834,15.344091,103.86093,0.0019346494,101.56556,476.2244,DOS-TCP_FLOOD
20.583294,5.54462,63.31684,16901.373,0.0123879025,0.00038690865,-0.017005382,0.0035366286,0.016657244,0.018521877,0.005728088,-0.18461072,0.15870607,-0.00574491,-0.007825754,0.11445195,0.0029754152,-0.012962136,0.013423039,-0.037976235,0.01650476,-0.017933197,1.0315192,-0.036086585,0.0006520725,0.018186487,0.006592758,-0.015929515,1.0214722,0.99491227,7332.004,60.294174,96.08194,61.929256,20.440334,89.189926,3.3224962e-05,100.84225,4686.7944,DOS-TCP_FLOOD
20.24303,5.033756,63.81074,9227.83,0.021828473,0.010004408,-0.022009378,0.0123118,0.019707095,0.00744523,0.038721055,0.793873,0.2879018,0.10663983,-0.07968172,0.10732834,0.03814824,0.012447712,-0.0004521152,-0.024730757,0.010904678,-0.005162107,1.0197475,-0.029774278,-0.00014023622,-0.0031348364,0.005524922,-0.025878496,1.0224613,0.97298265,8541.688,59.943325,308.43655,108.346016,63.411697,117.55139,0.0002740751,101.37957,15055.868,DOS-TCP_FLOOD
20.395325,5.4652214,64.3947,15798.588,0.008817715,0.0021667136,-0.015915817,0.00030019693,-0.045606144,0.008020884,0.0145963,-0.54467547,0.110005975,0.051959246,-0.11865464,0.09365321,0.0069860476,0.02072531,0.06362974,0.009536309,-0.04995216,-0.013948698,1.0411316,-0.01648343,-0.014472389,0.009247969,-0.033847734,-0.02064461,1.0145373,0.97952497,3890.8267,59.612125,87.33066,58.445007,30.160454,88.82226,6.4521664e-05,101.93215,8168.1367,DOS-TCP_FLOOD
19.567516,5.8028264,64.912544,5744.652,0.006766105,0.0077557773,-0.022790257,0.017435169,-0.03701075,0.013565013,0.0444947,0.5090487,0.27189305,0.008284467,-0.06165593,0.08538362,0.015084899,0.027149964,0.027886514,-0.0056960247,-0.009354245,0.0182907,0.9759044,0.030726405,0.009508695,0.01286544,-0.01154221,-0.042588506,1.0224109,0.9721945,6840.478,60.426205,459.47046,54.225746,69.44243,72.00337,0.00038359998,99.674576,12994.286,DOS-TCP_FLOOD
19.06843,6.187913,63.197876,14801.945,-0.009034722,-0.00060886145,-0.01432267,-0.00028881058,-0.0030771978,0.015481409,0.012752236,-0.15389132,0.17459348,0.004279129,-0.027175529,0.034738727,0.0733243,0.0071081375,0.023667667,-0.021999925,0.007306374,-0.012566097,0.9604303,0.0447315,0.0032337336,0.0032431039,0.009040869,-0.0083448915,1.0307617,0.9796426,7655.051,59.73959,82.25534,62.929184,11.401206,72.89107,-2.5679765e-07,96.77673,1547.1948,DOS-TCP_FLOOD
19.923414,5.505633,62.626263,18995.445,-0.01938565,-0.0018520945,0.02528132,0.0036780124,-0.02727163,0.021457352,0.013472095,-0.36230552,0.3980054,-0.09553769,-0.10484851,0.15333216,-0.007700085,0.019135846,-0.004793643,0.0060263183,-0.022632401,-0.0133290775,1.0132369,-0.012684996,0.026973134,0.029487766,-0.032054063,-0.04256326,1.0155725,0.96458805,5742.9575,58.92633,366.01733,110.635254,103.10061,104.89374,0.0027958385,98.880325,29296.887,DOS-TCP_FLOOD
18.739222,5.9945436,64.48563,24163.13,-0.0034315418,0.0028405953,0.0033075898,0.00846859,-0.035884917,0.0058536795,0.022623722,-1.0774119,0.18378443,-0.055466615,0.1111602,0.07543689,0.007822644,0.010119932,0.017285628,-0.016939748,-0.011818254,0.0011483114,1.0003445,0.011499466,0.0040663336,-0.007744198,-0.0073540625,-0.038761448,1.0295073,0.9842714,6741.163,59.596138,49.456665,89.44024,4.2450705,94.92656,0.00023663843,102.78286,1337.9133,DOS-TCP_FLOOD
20.194416,5.847181,63.90012,6318.4233,0.024068624,-0.008839907,-0.014645249,-0.0032884486,0.011781674,0.006479689,0.010102437,0.20395577,-0.07736129,0.1268086,-0.010455622,0.13094367,-0.005248844,0.012289457,0.029727358,-0.012000407,0.007841153,-0.011316826,1.0108767,0.01266544,0.002797395,0.016149305,-0.018648984,-0.021314325,1.0400399,0.9871756,6785.607,60.48089,146.04022,79.940704,35.76938,86.29506,0.00015177956,98.81705,6764.369,DOS-TCP_FLOOD
20.311756,5.134124,65.86876,23452.39,0.016585972,0.016337493,-0.033216823,0.016549291,-0.076904885,0.011758533,0.026529662,-1.1244907,0.55134785,-0.012450301,-0.08290495,0.07153267,0.01094374,0.017585596,0.0029426487,0.01212533,-0.012917418,-0.006970349,1.029585,0.004925183,0.009412218,-0.007924693,-0.037645735,-0.034462355,1.0439242,0.9913666,6312.9033,60.01359,97.39395,80.23231,9.523521,91.824905,3.8178376e-05,104.16971,746.28845,DOS-TCP_FLOOD
19.97784,5.603415,65.08153,18668.281,0.00034724362,0.005206659,0.053911325,0.007862039,0.025261994,-0.00035566802,0.00988748,-0.5106399,-0.018027572,-0.05463106,0.8612773,0.10641149,0.01020202,-0.0075576263,0.009242607,-0.0020009978,0.009922063,-0.020389222,1.0304004,-0.026643347,-0.0255611,0.01176136,0.011575715,-0.006270185,1.0255226,0.9960149,7511.612,59.788555,9.490158,66.69331,2.8017063,56.733063,-1.4618461e-05,98.07885,2991.1523,DOS-TCP_FLOOD
19.68227,6.2022324,66.81459,13574.551,-0.04654849,0.030007455,0.007245701,0.004757183,-0.010830006,-0.027405228,-0.025216034,0.37699878,2.4653678,-0.068854235,-0.021802308,0.10966756,0.01404805,0.015720094,-0.0033591362,0.004636906,-0.037848722,0.0096939495,0.97605246,0.007788326,-0.013943114,-0.021133535,-0.007824929,-0.011019901,1.0354575,1.012621,7080.8345,60.13674,113.26986,77.02025,27.836136,83.80412,-2.2505104e-05,99.16728,5306.21,DOS-TCP_FLOOD
19.207747,6.112103,64.783,12662.875,-0.0073524374,0.011057294,-0.03489309,0.006504783,-0.034071237,-0.009767572,-0.013930693,-0.30687833,0.3457747,-0.025517255,-0.050413128,0.073757365,0.0065911985,0.027741509,0.020150447,-0.00949399,-0.011704866,0.0014081551,0.9921808,0.007896374,0.004560158,-0.0021970726,-0.015125928,-0.023220507,1.0277973,0.99415773,7751.6714,59.868298,168.40137,76.921005,33.382156,75.12203,0.00013477798,101.38738,8174.2803,DOS-TCP_FLOOD
20.987116,5.158722,63.304993,15196.99,0.016563205,-0.017531002,-0.03004336,0.022012657,0.0089416895,0.017465066,0.035899304,-0.087602735,-0.48953855,0.13158384,0.029609658,0.08709855,0.08710127,-0.0070371293,-0.0015576789,-0.041491143,0.027508896,-0.013098085,1.0209297,-0.029269867,-0.027050117,0.051605176,0.0068608904,0.01863724,1.0457692,0.9590149,8571.736,60.32536,119.89548,57.910007,34.464497,68.7825,1.3379322e-06,98.81548,7015.799,DOS-TCP_FLOOD
19.712326,5.728121,68.47376,12780.834,0.011106244,0.0027187488,0.01284253,0.003915871,-0.038768686,-0.014903497,0.03350006,0.9637741,-0.0081039965,-0.10354339,0.6534084,0.0903983,0.026104111,0.0010071043,0.012631841,-0.008864202,-0.013034565,-0.004586801,1.0288517,0.0111579215,-0.020863878,-0.00084258616,-0.010640723,-0.02304201,1.0344973,0.9840578,6185.6514,59.693184,288.10333,94.766815,39.50745,76.843315,9.288119e-05,102.08128,9103.871,DOS-TCP_FLOOD
18.088017,6.667722,63.39903,22691.924,-0.010742237,-0.00076116243,-0.014156189,0.0013013108,-0.088099524,0.035018656,0.03954693,-0.6119418,0.11289194,0.0348934,-0.08456139,0.03798351,0.009560775,-0.013105499,0.028650492,-0.015125379,-0.015696364,0.017796569,0.93794835,0.0951227,0.0055315555,0.0012144435,-0.012330421,-0.050284345,1.0449785,0.9699769,6054.5493,59.81103,145.75763,94.081985,36.774113,106.75079,0.00022634801,99.155075,7030.273,DOS-TCP_FLOOD
19.978758,5.499733,64.241615,17332.92,-0.001571821,0.006752108,-0.0039673364,0.012263067,0.004240836,0.008198592,0.03149633,-0.3911289,0.29534167,-0.0072196494,-0.0035305321,0.09564705,0.010973107,0.0033054408,0.032382675,-0.019551685,-0.011973157,-0.0040203007,1.0131218,-0.026183851,-0.0070519866,0.017814377,-0.026760314,-0.014180278,1.0133996,0.97152877,5705.3047,60.048397,47.71756,60.86543,-8.622021,63.6719,-0.00015714958,100.32209,-7577.222,DOS-TCP_FLOOD
18.403315,6.032324,63.60228,20766.08,0.006229738,0.0010178908,-0.017116532,0.0055869096,-0.033151597,0.020271108,0.02034407,-0.63680243,0.21293163,0.039731324,-0.082295746,0.062339567,0.0036769265,0.004215166,0.025522009,-0.010247309,-0.013854962,-0.009920363,0.94893295,0.06146347,0.0074503403,0.012175134,-0.006244015,-0.025730062,1.0315838,0.98108214,6656.108,59.63223,61.427597,65.67798,-1.9536209,81.657616,0.00014505899,99.33778,-6997.751,DOS-TCP_FLOOD
19.340158,6.599385,63.990223,11743.162,0.008170287,0.0072744167,0.0039173104,0.033385105,0.026723115,0.01863077,0.03835661,0.9844764,0.029425915,-0.006207032,0.0072022337,0.06765405,0.019279303,-0.0068963785,0.0055173365,-0.008970642,-0.007222385,-0.013655724,0.92795795,0.01584621,-0.018927483,0.013051583,0.020175587,0.009077596,1.0255212,0.98352325,9400.002,60.1045,72.22415,61.0437,8.753966,67.4965,-0.00024745433,93.13862,-521.3731,DOS-TCP_FLOOD
20.80781,6.01127,63.57733,14481.791,0.011166082,-0.010618896,-0.030732071,-0.0023938164,-0.011420336,0.020348657,0.014176808,0.013716102,-0.030823566,0.055541866,0.026505806,-0.0025098491,0.37008595,0.008217072,0.031389803,-0.03233012,-0.018074334,-0.031941436,0.9847583,0.030251252,-0.002909517,0.015109549,-0.0002624467,0.007192669,1.0553296,0.967457,7002.438,61.50529,156.33578,74.938896,41.538055,80.49331,0.00021448653,97.76723,5229.551,DOS-TCP_FLOOD
19.796926,5.7337904,64.08085,33430.05,0.007017348,0.00694883,0.015976375,0.010520049,-0.015951963,0.02444949,0.015723241,-1.2784863,0.39812952,0.11161217,-0.120297804,0.08458927,0.32293794,0.01585479,0.06608836,-0.0075878478,-0.03445736,-0.035295285,0.9998873,0.0065607144,-0.02774579,0.04026368,0.014663722,0.010551516,1.0406206,0.99937475,5797.6147,59.46637,-100.036804,62.448067,-35.669434,79.00816,1.1965676e-05,99.082085,-4991.54,DOS-TCP_FLOOD
19.707752,6.0867877,76.28558,19483.87,0.013630938,-0.0051515102,-0.0077748047,-0.006019999,0.006062342,-0.01646227,0.03436997,0.57864714,-0.0071060658,0.40139538,-0.014851222,0.065425806,0.049620926,0.012256376,0.016318133,-0.002920092,0.0006406801,-0.02517128,0.9611484,0.051721826,-0.014981898,-0.009036524,0.007127118,-0.039298687,1.0418713,0.9928004,7984.2715,59.48404,210.20245,105.48006,35.80593,101.41183,0.00013231652,95.85354,7958.001,DOS-TCP_FLOOD
19.727386,5.4870143,63.168205,16013.221,0.0074777096,0.0002719909,-0.013409414,0.013549301,-0.013962943,0.018553903,0.03423915,-0.5453931,0.046184566,-0.0006939657,-0.080861144,0.10045697,-0.011430524,0.010725906,0.020307321,-0.0059140986,-0.00420687,-0.021911718,0.984997,0.005630257,-0.0071321167,0.033445276,0.004662634,-0.014450427,1.0109484,0.96484596,7699.7,60.021107,61.097855,67.733444,-1.9319248,81.72014,9.207544e-05,99.42504,-5078.6543,DOS-TCP_FLOOD
20.524118,4.9379616,63.230873,10741.357,-0.0002757553,0.0010570436,0.00071515096,0.008208101,0.039710585,0.0021142564,0.0316905,0.8450223,0.16174653,-0.027027616,0.04968049,0.111176364,0.18510425,0.020735364,0.021394204,-0.030153248,0.008663441,-0.019317305,1.0212945,-0.02293985,-0.01068134,0.05322616,-0.019286906,0.0028706528,1.0004597,0.944319,3212.5903,59.449375,126.30868,28.832123,33.13423,41.33403,0.00021054529,97.29638,552.7731,DOS-TCP_FLOOD
20.574642,5.9930134,74.16915,22195.844,-0.045058504,0.0054065716,-0.010286415,0.008919806,0.002363368,-0.00764241,0.013418401,-0.27765214,0.14839007,-0.0035218708,-0.040730424,0.07016622,0.01605785,0.007808436,0.020912394,0.028491005,-0.012090093,-0.012139603,0.9942166,0.015436013,-0.00788225,0.004630858,0.0013943249,-0.031710178,1.0228703,0.996726,7289.7856,60.411026,57.54068,80.20067,2.9529867,82.37497,0.00012448356,97.76023,-28.488678,DOS-TCP_FLOOD
21.338161,5.510649,66.84962,11913.473,0.0061149895,0.0083781285,-0.01957312,0.010314486,0.007719811,-0.017184462,0.010458521,-0.073302984,0.23346516,-0.014190998,-0.04728312,0.12528656,0.014643672,0.0013404014,0.0031422917,0.017776396,-0.005482333,-0.00083776657,1.0524607,-0.025605297,-0.011497076,-0.0011695002,-0.023387946,-0.014762597,1.0303142,1.0015465,8286.258,60.6075,148.49109,69.08146,27.697159,89.19164,0.000110142,100.5923,10173.593,DOS-TCP_FLOOD
20.45054,5.5786076,64.081245,17151.742,-0.020488102,0.004263089,0.014750019,0.0041151326,-0.0043878146,0.01004581,-0.0082144635,-0.33121645,0.29852563,0.16091779,-0.058490094,0.12992397,-0.0068746703,0.0049147336,0.02788188,0.024084795,-0.020718325,-0.02494501,1.0393596,-0.020402513,0.019141592,0.032984827,-0.06232195,-0.031527944,0.9903641,0.9801122,3450.8042,59.62885,75.886536,30.219627,5.005183,57.248787,0.00010330546,102.81866,-10699.789,DOS-TCP_FLOOD
19.841574,6.5246043,64.07432,19985.697,-0.016870253,0.008671365,-0.018983386,-0.004690371,0.013149245,-0.006445338,-0.029411597,0.60570717,0.30028853,-0.05300177,-0.07275439,0.10797116,0.014966353,0.016108064,0.01767115,-0.0076913037,-0.0054024463,-0.00836017,0.99793714,0.0024055948,0.011666328,-0.012514516,-0.03613897,-0.0511472,1.0193971,0.9925983,7214.1313,59.230366,64.48389,62.81257,9.177519,80.53245,-0.00010553589,100.33952,2759.4016,DOS-TCP_FLOOD
19.33932,6.273381,62.120644,6548.116,0.020965215,0.003667984,-0.011413889,0.009534634,-0.0037206337,-0.0060789697,0.012004926,0.45853102,0.18426704,0.26128528,0.034471054,0.12418617,0.011835593,0.026398042,-0.0038448628,-0.01341204,0.020350164,-0.025667448,0.9587313,0.020429915,-0.006724024,0.017551977,-0.015117887,-0.0007226225,1.004791,0.98280257,7553.178,59.838146,64.55516,66.393745,22.68503,74.41774,0.0007819926,98.188675,1247.2776,DOS-TCP_FLOOD
19.175697,5.7390113,64.13505,21642.285,0.015734706,0.007499753,0.007813539,0.018499821,0.05136528,0.0002359337,0.03865072,0.39112878,0.19283108,0.1906655,-0.039647467,0.16311362,-0.011573936,0.0051054684,0.030663608,-0.010437033,-0.0032050768,-0.012803718,0.9336066,-0.0030103547,0.0024562702,-0.011135122,0.019436724,-0.03558834,1.0029922,0.97129667,9192.727,58.871243,154.31595,74.01785,38.716805,83.15149,0.00016578069,94.027664,5632.0874,DOS-TCP_FLOOD
19.373596,5.507419,63.67454,18304.572,-0.0013270602,0.0042176708,0.037477385,0.0067833276,0.02206095,-0.0039298604,0.010382436,-0.8492273,0.21708143,-0.009221015,0.4240244,0.11483729,0.011042398,-0.005599633,0.03208272,-0.00872848,0.0015069684,-0.008467826,0.99140894,-0.026450189,-0.008820979,0.028958471,-0.008242162,-0.034544062,1.0044848,0.98672086,6979.7217,59.540684,31.338959,61.19818,4.147314,77.618774,8.8082146e-05,97.44426,3262.9792,DOS-TCP_FLOOD
21.57265,5.7546883,63.421764,11213.715,0.022069337,0.0046314555,0.008894049,0.009488698,0.10322289,-0.01611489,0.016307417,4.261117,-0.006184876,-0.027586604,-0.025677852,0.18057883,0.00619926,0.0033093756,0.0019721454,-0.009923888,0.01118808,-0.028684877,1.0154449,-0.0058000856,-0.021888388,0.032241877,-0.00292012,-0.011957631,0.99637777,0.97948354,5240.666,59.851295,141.72041,40.078964,35.283585,46.792267,0.000103411745,95.53996,7213.8555,DOS-TCP_FLOOD
21.03734,4.2775693,64.82149,14249.893,-0.008323955,-0.0031111103,-0.036282375,0.00679766,-0.025075411,0.0318001,0.019538652,0.43808746,0.40617612,0.067496434,-0.039739687,0.07669476,0.021771623,-0.01573737,-0.0013046246,-0.031534914,0.013411289,0.02405144,1.0849906,-0.052153215,0.032628566,0.015139427,-0.0012949388,-0.039849192,1.0528563,0.9929405,7521.0537,61.652523,600.4453,123.5688,125.40881,135.59717,8.566929e-05,106.93312,44837.332,DOS-TCP_FLOOD
21.257885,5.601562,64.31488,23294.408,-0.0270125,0.03418194,-0.003311364,0.0012132729,0.040692616,0.0145556545,0.0072147436,0.67653,0.73548126,-0.036134187,-0.018317863,0.12222149,0.017598823,0.024549162,0.024884876,0.0007426925,-0.017066289,-0.003010626,1.0228674,-0.027090428,-0.009920673,-0.035124294,0.0042453734,-0.040432,1.0054051,0.97482604,6727.911,60.05322,511.07025,137.47766,171.10696,153.19324,0.00021162441,99.648735,76641.37,DOS-TCP_FLOOD
20.010088,5.3381076,64.60683,18473.154,0.014518436,0.00039530918,-0.014735223,-0.0013314093,-0.01765708,0.018688805,0.047487132,-0.085668564,-0.04085584,0.09765341,-0.11102814,0.041213628,0.07203344,0.02549166,0.038944155,-0.0019808533,0.00761555,0.0027805055,0.9807473,0.047272187,0.01953534,0.036134966,-0.0053219777,-0.043469056,1.004622,0.98381835,4990.457,60.12385,501.52362,36.263584,41.526024,46.1275,0.00011953514,99.75563,-515.308,DOS-TCP_FLOOD
20.735598,5.9243207,65.87989,11219.225,-0.009365034,-0.0012319869,0.08313411,-0.019313706,0.07731311,-0.03135287,0.008942291,6.114645,-0.14820142,-0.044760138,1.1888844,0.1259602,0.012428642,-0.01416919,0.013676542,-0.010740221,0.0032783113,-0.032466207,1.066582,0.00092912844,0.008848465,0.03251737,-0.07658781,-0.049270183,1.0143754,0.9905364,553.9922,59.48369,44.38849,56.801037,-0.8490448,36.636734,0.000298749,97.525116,-6131.8687,DOS-TCP_FLOOD
19.91811,5.5064745,64.56201,19497.348,-0.013611939,0.010127521,-0.025802629,0.0038969896,-0.04917275,0.03418624,-0.028487734,1.1076585,0.19744787,-0.07896347,-0.009141303,0.042355254,0.08454084,0.00058298465,0.041116867,0.022767723,-0.018963989,-0.014061108,1.0179977,0.013075212,0.044093676,0.015261752,-0.0572521,-0.069917865,1.0129409,0.9828559,6773.115,59.231323,312.41574,49.76304,30.414017,89.662964,0.00049061654,104.21796,-12805.95,DOS-TCP_FLOOD
20.731297,5.333723,69.533646,9849.602,0.007096361,-0.0014101601,-0.008206255,0.023623915,0.06859853,-0.00011203461,0.01997715,8.059481,0.21113752,0.0030662864,-0.038555533,0.1044479,0.014255841,-0.0031589018,0.010923775,0.01537717,-0.0020655454,0.0027168868,1.0180986,0.007119194,-0.021092653,0.0085343,-0.014818555,-0.00991038,1.0160744,0.98490745,5241.512,59.670746,181.57263,57.340748,32.94881,50.160942,5.3014475e-05,99.72134,3743.0251,DOS-TCP_FLOOD
20.657988,6.01002,64.22217,19638.008,-0.0155745875,0.02204935,-0.013370786,-0.0009095333,0.010500822,-0.03507014,-0.030754026,0.056529224,1.7357838,-0.115311384,-0.024108652,0.13835336,0.016343025,0.01009575,-0.0029691448,-0.011171735,0.0006252527,-0.005892166,1.0402102,-0.03578022,0.007831393,-0.028667597,-0.056936257,-0.027975142,1.0458121,1.0098474,6588.0547,60.04705,82.44899,67.18992,13.233806,88.9258,-4.8130707e-05,102.84573,3929.1318,DOS-TCP_FLOOD
18.547106,5.780246,63.71784,27952.053,-0.03248039,0.008253104,-0.0028952397,0.01553067,-0.05728247,0.024327,0.031727996,-0.30762863,0.2019465,-0.025152914,-0.06834892,0.006602863,0.19647425,0.0036273804,0.04612963,0.002974905,-0.025010087,0.012673083,0.94128406,0.05300856,0.0067889807,-0.017897788,-0.021901596,-0.04643944,1.0388513,0.9471311,4697.806,59.259586,292.3426,79.899826,96.04391,93.5889,0.00039031057,99.61152,22604.99,DOS-TCP_FLOOD
18.112434,6.8542295,62.565098,12487.713,0.0048897043,-0.003965164,0.011142121,5.709566e-05,-0.006583916,0.022723228,0.026636038,0.5237199,0.15285216,0.059039533,-0.029677877,0.05948149,-0.0016559247,0.03895592,0.053284004,0.003466988,0.0013928441,-0.030592028,0.8953645,0.08004685,-0.023537038,0.037749276,0.0005555246,-0.036914315,0.99494964,0.95560753,3809.0457,59.23954,154.35858,54.818573,34.611362,61.239693,0.00046277937,95.22749,-78.62863,DOS-TCP_FLOOD
21.079231,4.910079,66.598946,32954.496,-0.0156230815,0.013819836,-0.023375263,0.01277071,0.018959193,0.0005498092,0.013590969,1.2111169,0.295402,-0.060873777,-0.05916893,0.036509667,0.16082455,0.0024748687,0.02743856,0.005077459,-0.001551332,-0.0075010112,1.0548389,-0.020623324,0.007731807,0.0147401765,-0.013034677,-0.019185146,1.024345,0.9998662,6846.18,59.78651,352.9362,57.780903,46.964394,74.97111,0.00010439876,101.18549,5616.4077,DOS-TCP_FLOOD
18.624968,5.5859914,62.29763,10426.697,-0.0068733096,-0.011226338,0.047351863,0.01902212,-0.041847177,0.024906501,0.046680577,-1.1506774,-0.19369459,-0.061553847,0.9057086,0.11296865,0.0030335353,-0.015312378,0.02638747,-0.0080753295,0.0048706587,0.01571817,1.01269,0.01861674,-0.017055593,0.008870238,-0.018504642,-0.023974663,1.040704,0.95543045,8330.041,59.523193,129.0952,76.384735,36.985695,101.52969,0.00014828632,100.70149,8055.1797,DOS-TCP_FLOOD
19.44122,6.264272,64.524765,10648.226,0.016631108,0.00656795,0.0022521266,0.045892734,0.07014562,0.008278876,0.03819094,1.6775923,0.018048806,0.12527156,-0.02001784,0.13110033,-0.0005487837,0.010805278,0.01799557,0.0010613957,-0.0022242381,-0.015349887,0.95171654,0.011453824,-0.028973117,-0.008420927,0.005487497,-0.016218187,0.9970028,0.9873322,10278.984,59.948875,259.9955,109.49952,65.47602,119.87186,0.00013237972,95.282555,15098.202,DOS-TCP_FLOOD
21.744125,3.9552526,63.345455,16217.236,-0.00085378066,-0.0012575685,-0.023776028,-0.011269568,0.023840666,0.013618385,0.025635097,0.9213194,0.53571707,0.020151112,-0.09839556,0.106480785,0.02340485,-0.018547855,0.026634539,-0.045873445,-0.0031867693,0.004049535,1.1113377,-0.07742561,0.023564475,0.025963187,-0.026037589,-0.04018932,1.0203974,0.9515892,4192.7783,60.58,54.269608,47.502632,3.1760416,78.98603,9.886717e-05,103.97693,1323.6279,DOS-TCP_FLOOD
20.399582,5.589621,63.996117,19073.951,-0.018842448,0.003953757,-0.003171179,0.013132291,0.00638867,0.012776233,0.002184268,-0.29448223,0.2434749,-0.0044494774,-0.0711826,0.1292192,0.0072647864,0.012417817,0.027418114,-0.0026920717,-0.033554945,-0.017777938,1.0302198,-0.019420622,0.0012857327,0.022752658,-0.029021734,-0.02146977,1.0020514,0.96925956,5263.0327,59.641346,65.834015,52.812828,16.376892,82.496895,9.706117e-05,101.15775,-2564.0012,DOS-TCP_FLOOD
20.698767,5.275115,63.336098,14670.629,0.011857179,0.0075323046,-0.013991505,0.011144649,0.0122844,0.011494948,0.04641043,-0.094629526,0.29305622,0.049376905,-0.098307624,0.11562046,0.012359993,0.0140602905,0.029430762,-0.0063875457,-0.004715412,-0.003560721,1.0082515,-0.027316345,-0.012778611,0.032009214,-0.013197649,-0.031896263,1.0007199,0.9645345,5237.616,59.99677,73.61278,44.259663,6.298155,52.531914,5.4680568e-05,98.89686,-1667.4556,DOS-TCP_FLOOD
21.451979,5.3556523,64.3916,17611.295,-0.016858406,0.0014531872,-0.044636346,0.018335408,0.015391348,0.019365793,0.024840629,-0.061241508,0.1677814,0.0043366663,-0.039360397,-0.023190826,0.3874148,-0.000956459,0.0140703935,-0.02666955,-0.026559092,0.002845237,1.005415,0.01168313,-0.011431405,-0.009330748,0.0031738589,0.004737489,1.0619376,0.99074733,5776.1763,60.80874,59.09314,14.507324,10.578308,29.95031,-4.8587754e-05,97.65228,3348.0117,DOS-TCP_FLOOD
19.040895,6.324799,64.74475,9926.967,0.019074798,0.0047378303,-0.02531571,0.01268692,-0.030702299,-0.0021411246,0.017780423,0.45779073,0.21085447,0.24682371,-0.0826623,0.09658068,0.031994674,0.04384954,-0.00131384,-0.0046010083,0.004024161,-0.0037505012,0.94318336,0.058386676,0.008905658,-0.0125725465,-0.013086468,-0.027867788,1.0310006,0.99493396,8562.803,59.85644,153.76941,87.44847,32.006996,98.99912,0.00085310714,99.62606,7247.0483,DOS-TCP_FLOOD
20.089268,5.813297,63.361538,14002.826,0.0033038948,0.0014204754,-0.002542527,0.005135307,0.03019276,0.0040245154,0.004400222,-0.4106133,0.049188934,-0.011130673,0.043078754,0.10491743,0.1678314,0.0024312409,0.03908886,-0.027503341,-0.003893266,-0.02026758,1.0041202,0.010292912,-0.011091638,0.019321358,0.0015158998,0.00051668845,1.0387102,0.9933354,6338.7256,59.594746,-24.792511,79.30885,-11.311596,80.19962,3.8695e-06,96.09201,-4066.6555,DOS-TCP_FLOOD
19.417738,6.005317,66.42909,27257.246,0.033135474,0.009109456,-0.021258678,-0.002569646,-0.023922803,-0.0045647523,0.014881527,-0.15212917,0.44500744,0.0029230118,-0.056671273,0.068363674,0.04279149,0.007950681,0.024729919,-0.008639855,0.003955066,0.0066983514,0.9949136,0.009856719,0.023788352,0.0005471101,-0.033732057,-0.063409425,1.0346025,1.0025334,6557.782,59.87373,98.98567,99.64886,5.3716583,116.54596,0.000104866136,101.89311,8179.866,DOS-TCP_FLOOD
19.252954,5.7710624,64.03293,25086.023,0.012689008,0.0003786832,-0.021229407,0.0070527503,-0.024821723,0.011936835,0.023893088,-0.25299644,-0.07711498,-0.04559277,0.010282955,0.065940626,0.018671561,-0.0031018397,0.025105702,-0.015058612,-0.0101287095,-0.003951872,0.98091966,0.007522128,0.0074751577,0.002910964,0.010135545,-0.035619877,1.0114137,0.98168314,8387.853,59.51542,464.958,80.95078,78.275986,92.62822,0.00032595615,101.745705,11439.423,DOS-TCP_FLOOD
18.743977,6.2889886,62.933327,22614.55,0.008207913,-0.0063960897,-0.00090038404,0.0031120807,-0.03442259,-0.00086244196,0.033345826,-0.8560269,-0.043358188,0.018473169,-0.04691507,0.15064053,-0.016168818,-9.2652626e-05,0.022671044,-0.013086785,-0.009547469,-0.020572424,0.9431247,0.035228446,-0.0012891344,0.027025849,-0.012292335,-0.05724813,1.0030872,0.9682783,8637.735,59.348267,188.12729,87.58677,41.685555,93.82711,0.0010451833,98.49757,8610.432,DOS-TCP_FLOOD
19.997866,4.6369195,65.32858,22147.703,0.020080104,-0.004880642,-0.026647953,-0.029063204,-0.062771514,-0.00929564,0.006811847,-0.37254167,0.18081588,-0.003462229,-0.060983,0.1166461,-0.021607904,-0.032794803,-0.0031017931,-0.04512313,-0.014573899,0.012057912,1.0693244,-0.03518893,0.02517894,0.02022188,-0.019242594,-0.055390604,1.0652964,1.0067202,7340.746,61.088245,370.8163,76.1933,57.43103,74.60608,0.00012346412,107.06227,20138.096,DOS-TCP_FLOOD
19.727337,5.3741465,61.769444,12993.738,-0.016678186,0.010879953,-0.010544365,0.007845263,0.006394211,0.0042559817,0.0045053824,0.40000683,0.49655753,-0.041840993,-0.020362895,0.082593866,0.11878222,0.019109815,0.011987296,-0.035398487,-0.0034393813,-0.027871646,0.98534304,-0.024633426,0.018446542,0.023090947,-0.007955515,-0.015842305,1.018949,0.9662323,5513.0405,59.720768,157.0032,42.29833,37.329605,72.54504,0.00015672465,99.00549,6848.126,DOS-TCP_FLOOD
20.701359,5.738005,63.88001,19998.56,0.02588694,0.0028078277,-0.00086837914,0.0052843476,-0.0016119303,-0.010242824,-0.005067021,-0.24813128,0.1622837,-0.04625567,-0.14827429,0.15645021,-0.0026378466,0.028018618,0.027553573,0.00092123635,0.014733935,-0.052902058,1.0050414,-0.0016910435,-0.0027065375,0.039798036,-0.039027113,-0.024441572,0.9916719,1.0015333,6280.948,59.693054,7.8314667,65.99016,6.293332,77.24603,0.00012941433,101.63541,5468.4604,DOS-TCP_FLOOD
22.53899,4.7577972,64.54256,24964.004,-0.0002413243,0.006844993,-0.020164315,0.04652805,0.08184983,0.022853076,0.034393437,5.930841,0.2578851,-0.07915498,-0.026257247,0.06484102,0.46467516,0.0059740525,0.023036765,-0.00078828074,-0.03085367,-0.05933981,1.0607812,-0.0074424786,-0.0055025937,0.047121994,-0.036051396,0.050622247,1.0238292,0.98026633,3248.7297,60.268238,112.415085,-31.146484,16.185003,-11.384674,-6.434067e-05,98.9275,927.3547,DOS-TCP_FLOOD
20.283083,5.381367,68.076805,15710.023,0.009792269,0.0110196695,-0.01130402,0.014942122,0.0025429083,-0.015847372,0.0076005044,2.0185235,0.4825697,-0.049394175,0.16743152,0.1225816,0.01653531,0.0059118075,-0.00088354107,0.014645515,-0.0043905014,-0.02979366,0.99332666,0.0052756695,-0.0027851574,0.008142664,-0.015928388,-0.0244077,1.0178137,0.99756366,4376.369,58.9297,149.76671,49.786797,23.476992,54.451183,-7.2080715e-05,100.64585,5891.9087,DOS-TCP_FLOOD
19.031796,6.6981845,64.189545,20488.48,-0.017195527,-0.00389552,0.005254287,-0.0071374844,-0.0064446516,0.022458022,0.00068821246,-0.2790264,0.14657998,0.08428134,-0.08727531,0.10577841,-0.004612613,0.0077173808,0.0383122,-0.03390997,-0.02225947,-0.0021170126,0.9589638,0.061960083,0.024193117,0.012930904,-0.029292693,-0.06298484,1.0079283,0.97182095,4950.482,59.847443,85.369965,64.71698,12.271896,76.300476,4.4957633e-05,101.331665,3833.4604,DOS-TCP_FLOOD
20.25302,5.6574564,63.09318,8621.533,0.04576446,0.008984636,-0.015732877,0.008783173,0.05620964,0.0114760725,0.018987836,1.5644569,0.3555777,0.43941408,-0.09234235,0.15705815,0.0011709257,0.025029218,0.0103025595,-0.024571951,0.01760663,-0.013830876,0.9823249,-0.011684583,0.02522118,0.0134550985,-0.01497484,-0.035566084,1.009367,0.9783851,5230.8843,60.84676,247.63235,43.53994,46.22702,59.504593,0.0011860926,99.27121,7401.462,DOS-TCP_FLOOD
20.837236,5.183452,63.45307,13627.287,0.017726138,-0.0048388783,-0.04078249,0.008253637,0.014326662,0.008682784,0.017331345,0.26238054,0.07210537,0.026944002,-0.07927821,0.12454272,0.02292606,0.0004121475,0.02331028,-0.0278957,0.022053048,0.00931519,1.0627179,-0.036414184,-0.004786721,0.031627346,-0.014915515,-0.023973648,1.0079854,0.9687336,5948.462,59.278805,162.9754,58.40117,43.11466,79.709595,0.00026711193,102.853485,3555.4998,DOS-TCP_FLOOD
20.959024,5.1137342,64.74496,25203.193,0.0009976234,0.0075450554,-0.028270958,0.014511009,-0.040614583,-0.016013874,0.008873615,-0.80490017,0.36666083,0.03921012,-0.02847517,0.10669504,0.016881667,0.0034942199,0.011412426,0.011886902,-0.024067126,-0.028724207,1.0482469,-0.0378894,-0.01513207,-0.0225156,-0.017619856,0.001845872,1.0218558,0.9972063,7361.8623,59.8667,81.112366,52.656494,18.55421,71.76901,1.2226956e-06,103.59135,8100.518,DOS-TCP_FLOOD
21.534414,5.061303,66.25557,15541.5,0.004886305,0.009020819,-0.034477845,-0.0043102386,0.015566363,-0.024946637,-0.0014630123,0.05654031,0.4515267,-0.042362258,-0.030531842,0.13370046,0.01273667,0.028606037,0.0069088954,-0.0060076127,0.009956848,-0.014071513,1.0547837,-0.03175184,0.005759485,0.00308651,-0.033477027,-0.026539575,1.0244112,1.0026537,5616.708,60.06116,69.0573,58.800156,3.0308695,61.490055,-1.896509e-05,102.12457,2753.2383,DOS-TCP_FLOOD
21.198278,4.8962355,64.585495,18348.902,0.011830739,0.0071116053,-0.022135355,0.01294035,0.026800511,0.011944627,0.037699692,0.68526083,0.18313242,0.019015757,-0.15708473,0.12155126,0.036620833,0.016903246,0.013622572,-0.003453521,-0.005074353,-0.014276751,1.0322272,-0.035724178,0.004285141,0.011150906,-0.006857468,-0.032787822,0.9978647,0.97531134,4904.7197,59.91427,148.72754,47.697285,20.482332,66.973885,-1.3200115e-05,102.19832,4066.2297,DOS-TCP_FLOOD
20.452877,5.575918,64.23984,8090.856,0.022379747,0.0069082105,-0.022699237,0.0006920174,-0.012148626,0.012085171,0.004560803,0.34514225,0.32932177,0.07065878,-0.0487736,0.08415115,-0.0013188197,0.016913326,0.025615565,-0.0062336354,0.0056721736,-0.0014425209,1.0127523,-0.008117924,-0.005504519,0.0066060484,-0.011814706,-0.027309919,1.0308563,0.9853572,6453.7725,60.401913,135.73532,79.83907,23.71991,94.14006,0.00019966073,101.0403,8887.221,DOS-TCP_FLOOD
19.128086,5.999647,67.58339,12832.42,0.0154259205,0.0064624622,-0.009930424,0.0117259165,0.0016071731,-0.0022603292,0.04693422,-0.47061515,0.30549222,-0.016123118,-0.050288647,0.094130926,0.0063801887,0.012043327,0.030313823,-0.012971394,0.0019346364,-0.002586837,0.9632703,0.030541193,-0.015581354,-1.3137469e-05,-0.017429832,-0.039808214,1.0139016,0.9716123,7221.6196,58.5771,119.33385,65.10205,8.35877,71.87477,1.1707933e-05,97.91525,-2378.2493,DOS-TCP_FLOOD
20.305635,5.339448,63.093254,12267.577,0.016234929,0.008082536,-0.0047379825,0.012541003,0.032333,0.0075893826,0.033955537,2.4152484,0.3938759,0.058009237,-0.102861516,0.10918687,0.015210836,0.00811065,0.021284413,-0.017980464,0.00282662,-0.022520563,1.0164559,-0.022953149,0.0086860955,0.03726725,-0.040747993,-0.024821533,0.98296684,0.960925,4435.233,59.22912,57.53795,29.41587,8.095192,55.89124,-0.000101446276,100.20059,-8479.968,DOS-TCP_FLOOD
19.790003,5.417514,64.161194,20130.148,0.0030879118,0.0065965974,-0.011593177,0.004376369,-0.027697088,-0.00064525753,0.010606315,-0.4791063,0.30416307,0.057017893,-0.07607641,0.06678467,0.0021164801,0.004842677,0.024242517,-0.009435573,-0.02147755,-0.0085350815,0.98743796,0.009228312,0.005697452,-0.0073718694,-0.018198289,-0.022345018,1.0393213,0.98833203,5613.1494,60.428406,66.3876,56.91457,-5.46113,75.58489,-0.00010858923,100.14293,-4447.687,DOS-TCP_FLOOD
18.727617,6.66832,69.13002,14545.768,0.0075012627,0.0047891904,0.006922288,0.008953649,-0.00732895,-0.00938374,0.055913735,-0.037474632,0.25623286,0.04452508,0.13493262,0.08745843,0.03565955,0.017712615,0.02509724,-0.0019582966,0.001149592,-0.014943194,0.9157993,0.052819688,-0.03351251,0.02137839,0.001152833,-0.03787488,1.012194,0.9796769,8146.108,59.513306,35.590805,80.12398,-9.371265,75.17425,7.5470685e-05,94.45939,-2144.7815,DOS-TCP_FLOOD
19.491066,5.3743105,64.433136,19975.275,0.002515316,-0.012044713,-0.009074957,-0.0005974863,-0.05328223,-0.002374159,0.031635545,-1.4015589,-0.28464842,-0.010501499,-0.073010616,0.090499386,-0.0122229,-0.012796979,0.026812818,-0.02210929,0.0014156289,-0.010895356,1.0499347,0.008028752,-0.03323813,0.010561395,-0.02716942,-0.028498927,1.043884,0.96853775,7692.748,60.325985,177.6462,105.583084,38.02307,90.61447,0.00029710666,104.95783,11727.03,DOS-TCP_FLOOD
17.357096,7.4463825,63.472324,3664.4321,-0.0055537187,0.01584707,-0.015451312,0.06266781,-0.022237753,0.008437131,0.039823964,0.9457946,0.6872636,0.1826567,-0.047814082,0.07698577,0.059787806,0.043359272,0.009368485,-0.009711784,0.007222043,0.0006895093,0.84983253,0.13351479,-0.0064030113,0.0051219994,-0.012986131,-0.025286373,1.0220861,0.9806696,6044.9946,59.88842,167.9007,39.62901,36.797672,75.42674,0.000707191,93.860214,6324.0615,DOS-TCP_FLOOD
20.470865,5.5194163,64.06967,24050.777,-0.014688026,0.0007038787,-0.019841943,0.008824112,0.009540614,-0.001028055,0.012068712,0.13030452,0.08520329,-0.04176279,-0.068684325,0.041022718,0.23947337,-0.009977384,0.040320497,-0.0011072215,-0.0096402895,-0.016063249,1.0181406,-0.015100906,-0.023141818,0.01915974,0.0011393568,0.00078750774,1.0451788,0.98094934,7544.4893,59.86983,63.9765,59.650112,12.658667,73.78213,0.0001467934,98.0313,-571.1545,DOS-TCP_FLOOD
19.715023,5.913578,63.372757,17594.412,0.024762366,0.0053828787,-0.020298352,0.0021911198,0.014711637,0.033256873,0.012464822,0.6602081,0.19083735,0.1684202,-0.07171284,0.11597969,-0.012174533,0.026028678,0.01477197,-0.008086277,-0.00023594592,-0.022560796,0.95978236,0.0091340775,-0.0046987925,0.029926924,-0.01003235,-0.030281771,1.0145035,0.98464394,5193.513,59.870464,97.730606,39.114082,19.90549,59.30961,7.83343e-05,98.63756,3997.5447,DOS-TCP_FLOOD
20.52079,5.4212728,63.621174,16175.209,0.018341755,0.005882172,-0.030234564,0.011207945,-0.00094691385,0.028613057,0.004412385,0.1712429,0.21908376,0.049968444,0.021320919,0.08136992,0.05922717,0.015789505,0.0091531165,-0.010934574,0.0056368113,-0.027419275,1.0228032,-0.0305292,-0.0014849566,0.037215833,-0.009028925,-0.0029866584,1.0043683,0.98269415,6906.047,60.09047,186.65643,55.108517,33.602795,77.020424,0.0002123257,100.50935,1146.0581,DOS-TCP_FLOOD
19.409845,5.4975634,63.645084,19292.2,0.05172841,0.0050087953,-0.0036498718,-0.003134956,0.016652707,0.0054008286,0.04313259,-0.84059906,0.3830483,0.20673251,-0.05210811,0.0962783,0.0069771456,0.0021980144,0.007723816,-0.021705367,-0.009283858,-0.0087737935,0.981957,0.015540606,0.0004815869,-0.00086741406,-0.017581508,-0.04589437,1.0147775,0.9818079,5804.501,59.686714,-21.696426,69.7403,-35.15502,51.385124,-7.5874515e-05,98.139404,-26905.744,DOS-TCP_FLOOD
21.427866,4.559553,64.40873,25302.87,0.012319576,0.0036498306,-0.043192744,0.014713484,-0.043557152,0.01772764,0.010616985,-0.98815596,0.35086292,-0.0001870282,-0.018061917,0.042982616,0.17144753,-0.007143765,0.049959604,-0.018604303,-0.008520087,-0.025394075,1.0892508,-0.030745594,0.008433423,0.025204848,-0.021975124,-0.0065470114,1.0441722,0.9864908,6891.424,59.6679,153.24951,62.99079,40.053978,112.92016,0.0001449038,105.26423,15714.012,DOS-TCP_FLOOD
19.706213,5.9364047,65.32527,7023.522,0.026136037,0.006039564,-0.026386924,0.0027775764,0.02060764,-0.007855856,0.025421664,0.44333237,0.28551316,0.07171989,-0.0036497228,0.07737621,0.1503966,0.022962824,0.022218648,-0.021123456,-0.00077253673,0.008255238,0.9806236,0.030039307,-0.00020348001,-0.0007848232,-0.01665819,-0.02198291,1.0308869,0.99637353,6317.5176,59.594917,90.11905,74.28691,2.792673,77.8595,0.00041497266,98.03738,-1804.3484,DOS-TCP_FLOOD
20.659466,5.70251,64.117256,21934.64,-0.005670488,0.04630138,-0.026548322,0.012295275,-0.007037135,0.004448101,-0.004805438,0.56000423,0.68600035,0.008355974,-0.076172434,0.08245312,0.050385643,0.0028363848,0.02378365,-0.0016375165,-0.011480764,-0.020649845,0.99943596,-0.0046308776,0.0045947055,0.010347355,-0.018909978,-0.029260347,1.0063009,1.003688,6223.0386,59.180412,32.170807,41.848835,-4.0483227,104.853615,2.2350214e-05,100.075356,4305.8647,DOS-TCP_FLOOD
20.355707,6.246036,64.39655,14492.66,-0.009483834,0.0053531625,-0.0065925694,-0.0020968795,0.032916293,-0.0150215905,0.011849714,0.15171212,0.19488336,-0.017002184,-0.07187317,0.12925531,-0.00020199269,0.0129406415,0.025186654,-0.013277706,-0.005938532,-0.012957279,0.9987506,-0.008189841,-0.0049807085,-0.007885009,0.008656321,-0.02094119,1.0373763,0.98778754,7209.065,60.01033,39.9514,53.58862,12.158062,61.295757,8.299928e-05,97.93727,560.66046,DOS-TCP_FLOOD
22.69174,5.861995,67.82038,10215.492,0.0005923584,0.007725565,-0.0091184,-0.0030060073,0.07036162,0.00030620198,0.007454911,-0.029881,0.19788475,-0.047936328,0.019431928,0.07610529,0.20412536,0.012131584,0.0052776095,0.010183099,-0.036565196,-0.033547938,1.0132004,-0.020351585,-0.01081698,-0.040599786,-0.016306719,0.009297285,1.0437988,1.0156952,6787.8164,68.5311,-74.41754,55.250557,-32.467808,61.969757,4.227193e-05,95.20474,-15837.369,DOS-TCP_FLOOD
18.975674,6.512274,65.06859,22027.852,0.0042937044,0.0074172835,-0.0120289475,0.00014856271,-0.038617834,0.0033267778,0.026091445,-0.13619578,0.28557068,-0.037690535,-0.060148783,0.04733514,0.015408906,0.0048269145,0.02563796,-0.012951719,-0.0077460865,0.006223712,0.95545304,0.03841993,0.014441552,-0.0037798635,-0.014978984,-0.055406272,1.0118452,0.9889333,6619.1826,59.654633,244.32849,73.97275,40.03382,87.479164,0.00020016034,101.74164,5437.297,DOS-TCP_FLOOD
20.096432,5.7223825,65.02281,16525.63,-0.007516043,0.01156112,-0.017472144,-0.0020371277,0.024359625,-0.016627457,0.014446953,-0.12477434,0.538061,-0.028641876,-0.06819369,0.121850856,0.018181043,0.011635063,0.020431122,-0.020558883,-0.024211744,-0.0056987535,1.011857,-0.023011463,0.0059292256,0.00084623345,-0.030934677,-0.047462996,1.0174056,0.9834836,5941.036,59.94194,153.60968,73.88727,23.595116,83.19947,5.1505704e-05,100.560875,1889.1162,DOS-TCP_FLOOD
19.95186,5.7243166,63.97145,13431.084,0.010250014,0.004209706,-0.01377219,0.010548933,-0.0081804395,-0.00034414697,0.0019022147,-0.15977728,0.15725979,0.033807144,-0.009999274,0.12836403,-0.0036881769,0.024572752,0.02233658,-0.001237276,-0.008816176,-0.036330104,1.0090792,-0.015594105,-0.006274539,0.017958755,-0.01501954,0.0016531441,1.0135058,0.99288255,7627.91,60.150818,42.001434,67.40998,-2.6183186,83.72565,-9.506723e-06,99.81428,-3848.3,DOS-TCP_FLOOD
22.24306,5.6115546,64.82841,9370.71,0.007991203,0.0154924905,-0.017052086,-0.0037793678,0.056547932,-0.029158758,-0.029941725,4.1090555,0.2470377,-0.042552408,0.075544775,0.152794,-0.00038328208,-0.0042876136,-0.01037998,0.011982307,-0.0007210532,-0.049742833,1.0737569,-0.030641135,0.007364277,-0.015819618,-0.053116515,0.004083393,1.0201784,1.0327791,6012.725,62.35816,106.839836,70.18875,28.349546,64.49168,0.00015860099,103.62123,8991.007,DOS-TCP_FLOOD
20.108917,5.873723,64.5869,17418.504,-0.0111430315,0.009721974,-0.018638112,-0.0022830525,-0.020296572,-0.004830141,0.0038808072,-0.5668553,0.2034865,-0.009244903,-0.070292905,0.10462582,0.0040497147,0.024541894,0.018410124,0.0041530654,-0.029308189,-0.0091375355,0.9809709,0.0027771478,0.013281928,-0.0044447393,0.00039207283,-0.039137587,1.0242276,1.001846,8324.065,60.472332,268.42593,86.84163,41.164616,95.7738,0.00018301416,101.29992,8331.718,DOS-TCP_FLOOD
19.683626,6.0121746,63.946888,15302.953,0.019632151,0.0045483704,-0.011249583,0.008582144,0.0061590355,0.008867261,0.022544604,-0.20999861,0.15617321,0.04811,-0.016331706,0.13880138,0.0030687617,0.006306418,0.011527977,-0.0018575462,-0.0041753543,-0.0027359044,0.9653962,0.007400245,-0.007534882,0.015951583,0.009617739,-0.017043505,1.0201815,1.0015833,8825.663,59.31488,92.699615,75.82703,11.545822,86.40684,6.637622e-05,97.09433,3862.1655,DOS-TCP_FLOOD
19.182606,5.5605927,63.33791,11540.179,0.012200767,0.005973478,-0.007294978,0.0183952,0.008994978,0.017190132,0.049141306,0.30133736,0.25839564,0.07316186,-0.011405087,0.1121462,0.015852654,0.0054384163,0.025542907,-0.01690049,0.013131371,0.016204944,0.96808213,0.003613997,0.030731406,0.014718004,-0.018018153,-0.038580313,0.9985818,0.9616753,7567.3516,59.325546,486.06723,88.50531,144.69641,104.15875,0.00032644928,97.670975,62289.164,DOS-TCP_FLOOD
20.350508,5.4571447,64.19535,8838.62,0.0006936956,0.0020774521,0.014246387,0.0023961242,0.060614266,-0.010194473,0.02388011,0.20770401,0.270401,-0.003909096,0.061579347,0.14552198,0.0097549325,0.0047472212,0.026991328,-0.026753817,0.0022919336,0.023574417,1.0229146,-0.03676922,0.016742006,0.019214189,-0.0051129656,-0.026974456,1.0058608,0.98126256,5764.616,59.74062,40.984314,44.548183,-1.117527,76.73126,-1.7499973e-05,98.31641,-568.8391,DOS-TCP_FLOOD
21.23809,4.818394,63.199238,12618.465,0.076419026,0.012132637,-0.008845505,0.009005685,0.018919114,-0.016660947,0.030305594,1.1157151,0.44072008,0.86531574,-0.09686486,0.16398105,0.020514367,0.015712503,0.011019652,-0.01282803,0.024628526,-0.02662184,1.039726,-0.025539897,-0.0025932933,0.028686412,-0.04083695,-0.037069753,1.0109519,0.9841683,3399.561,59.29311,52.396072,54.345734,10.794094,55.736496,0.00018181046,101.47813,-3605.196,DOS-TCP_FLOOD
20.46503,5.340776,64.417175,15964.117,0.033013072,0.008757509,-0.016670784,0.0102101555,0.002333601,0.0011240324,0.025609866,0.8114934,0.17814384,0.0135379825,-0.011783539,0.09337591,0.028610218,-0.002555726,0.02240941,-0.014773335,0.0091023175,-0.015729742,1.0258937,-0.011242142,0.00035366742,0.010246943,-0.012467507,-0.02292253,1.0136266,0.9825051,6825.7686,59.36964,281.16382,53.55252,45.539093,72.154465,0.00023816004,102.40173,10039.534,DOS-TCP_FLOOD
19.758348,5.888782,64.46429,24690.107,0.012689074,0.0178935,-0.025152054,0.004577195,-0.040960692,0.02197195,0.0046847854,0.45063537,0.39166564,0.016717814,-0.08547261,0.07857685,0.01060127,0.03039287,0.012917216,0.009691849,-0.00036633573,-0.01507573,0.9900232,0.019728415,0.012229675,0.0063891266,-0.041475467,-0.040683255,1.0307304,0.9944239,7057.9287,59.88209,87.75093,61.610317,13.601484,71.66843,0.00015992459,101.5305,5935.343,DOS-TCP_FLOOD
20.055775,5.8304706,63.939304,26583.871,-0.04117123,0.006092284,0.014846336,0.0139461355,-0.00041752495,-0.014963105,0.005130791,-0.7989309,0.27391466,-0.064464465,0.061400387,0.001766677,0.41933677,-0.010293623,0.040316626,0.012116259,-0.020650204,-0.010745403,1.0270342,-0.0013772026,-0.03788838,0.017300861,-0.0195523,-0.0078058704,1.036282,0.9902399,5415.9463,59.937428,-14.012604,46.426952,-23.744583,78.06566,8.996572e-05,97.92271,-6606.2314,DOS-TCP_FLOOD
19.395226,5.7838974,66.91588,11711.172,0.025704488,0.0076877917,-0.029287118,0.011525546,-0.010662513,-0.010723503,0.022304216,1.0760678,0.4029503,-0.025175452,-0.093758866,0.0390364,0.22518948,0.042547986,-0.001021619,-0.0063734828,-0.024208361,-0.031378973,0.95867604,0.047889996,0.027431773,0.010779699,-0.017004345,-0.023862354,1.0011134,0.95581204,3872.8901,59.015446,195.18137,60.837967,32.36139,55.00931,0.002930919,96.99572,-1238.3259,DOS-TCP_FLOOD
19.235476,6.0014,65.325935,9021.506,-0.032180157,0.011331289,0.005293456,-0.0062006437,0.020016095,-0.0017567357,0.00349042,-0.10546696,0.11857706,-0.02471349,-0.009506959,0.13081788,0.007424327,-0.004752064,0.011847805,-0.03548149,-0.028802928,0.021193635,0.9831747,-0.005122415,-0.008861402,-0.02254243,0.034819975,-0.021747807,1.0169948,0.971071,9912.049,62.876495,372.4408,149.2511,118.819176,159.84888,-4.9072478e-05,98.311195,42003.02,DOS-TCP_FLOOD
19.99891,5.280661,67.21545,15068.059,0.0005070213,0.012173339,-0.02262746,0.010390162,-0.042635158,-0.017302448,0.039881635,-1.3793323,0.28993738,-0.038171217,0.094817646,0.09450646,0.01442661,0.0065165246,0.029311664,-0.024646249,-0.019826071,0.01195318,1.0428656,-0.016768837,-0.022511672,0.0010624167,-0.0038769515,-0.025087934,1.0341876,0.99103343,5515.432,59.75324,186.95413,76.95059,27.79232,86.178116,-7.80578e-05,102.47916,10982.587,DOS-TCP_FLOOD
20.115232,6.6195617,64.383095,13429.135,-0.009887553,0.0036324074,-0.007517582,0.0030921188,0.004859461,-0.0056588557,0.006193074,0.22734952,0.025957745,-0.011195931,-0.082384646,0.107909776,0.0019333264,0.01765388,0.027332464,0.01274194,-0.017491477,-7.852446e-05,0.98802006,0.03330048,-0.02523171,0.006820596,-0.007438976,-0.01922457,1.0156602,0.9888155,7502.878,60.130833,55.448196,77.683304,4.5692387,89.83596,0.0005343575,99.55627,1420.5408,DOS-TCP_FLOOD
19.339527,6.223626,64.37721,20638.018,0.02343511,-0.010294273,-0.007116303,0.010553594,-0.029406423,-0.0024933345,0.051531814,-0.44134736,-0.24748284,0.0010384806,-0.030115597,0.086451955,0.003991651,0.010834014,-0.0059898896,-0.025350455,0.005826964,-0.034037367,0.972072,0.055111375,-0.0064846314,0.02251778,-0.002970663,-0.011171176,0.98501056,0.9773678,9252.107,60.13679,232.10432,113.98059,33.775703,104.020035,0.0027174542,100.46093,-1587.5417,DOS-TCP_FLOOD
19.900581,5.3973894,62.534554,11655.9375,-0.0014939904,0.0017345432,0.0024962751,0.027675405,0.04506872,0.011192333,0.049983174,1.2528869,0.055242218,-0.02293367,-0.03604542,0.1579476,-0.0022311239,-0.004060627,0.024056165,-0.0048876926,0.0054318365,0.0053504435,1.0030404,-0.019403838,-0.00010343501,0.03077067,-0.0010303408,-0.03256426,0.99734503,0.9521423,7189.1284,59.522766,215.761,72.50476,54.7811,83.82403,0.00024093727,97.26445,5287.985,DOS-TCP_FLOOD
20.036728,4.9395103,63.838142,25447.11,0.003674468,0.007132187,-0.020662818,0.006143275,-0.04799831,0.01326737,0.021121556,-0.68678236,0.46717185,0.040077213,-0.11386786,0.07544326,0.011214908,-0.0039912714,0.045534752,-0.0065607578,-0.025691846,-0.0041892845,1.033366,-0.025605587,0.018791778,2.6413472e-05,-0.023555897,-0.045914654,1.01741,0.96540654,5557.635,59.776665,93.38985,64.78242,4.195055,76.780266,7.19517e-05,105.116844,-1625.479,DOS-TCP_FLOOD
20.022127,5.568156,63.926186,15508.619,0.025096927,-0.008005926,-0.032438483,0.020781899,0.022297692,0.007950109,0.043650523,0.24659264,0.10807846,0.19605415,-0.040271748,-0.0019283732,0.41632292,-0.0010223174,0.026676655,-0.035806946,-0.007982363,-0.006071441,0.98881745,0.015981022,0.00065163244,0.028631827,-0.017798726,-0.026736503,1.0317092,0.96606576,5429.0596,58.30295,95.96321,24.75798,11.866018,19.807869,2.350159e-05,98.66211,-4434.117,DOS-TCP_FLOOD
19.862577,5.2749743,62.6605,10084.365,0.007208343,0.0038640935,0.0017241738,0.034842238,0.016919501,0.019641591,0.046034712,-0.4261093,0.078892976,-0.0021186098,0.014844181,0.12563235,0.00762004,-0.0010013254,0.025123766,0.008360095,-0.011344027,-0.0020630285,0.9949594,-0.02966347,-0.023283523,0.02155429,0.004139757,-0.0061714184,1.009547,0.9559517,6953.764,59.816376,93.391556,45.110447,16.590984,66.13542,1.8111867e-05,96.571915,657.001,DOS-TCP_FLOOD
20.99655,5.896088,63.640697,6758.526,0.045033053,0.006595029,0.0027479767,-0.0016134694,0.10070038,-0.01760224,0.015990997,12.845656,0.21191436,0.3605685,0.07575874,0.15599126,0.015931059,0.01326761,-0.0012379512,-0.029162973,0.013506224,-0.024274217,1.0109497,0.019958356,0.011749627,0.028915767,-0.040690344,-0.011508548,1.0163574,0.9853367,2987.786,59.936207,19.014832,38.164127,5.8487673,50.872356,0.00013433065,100.51212,-4637.277,DOS-TCP_FLOOD
18.242926,6.44346,64.30518,11404.932,-0.010660169,0.008750107,-0.019760309,0.016156144,-0.0068904907,0.012592744,0.033550307,0.421242,0.4132032,0.013354102,-0.03305423,0.08709065,0.0051957876,0.029359296,0.014509554,-0.015917342,-0.00978401,0.007715956,0.9049597,0.04314542,0.0032911892,-0.009831287,0.008497973,-0.030104626,1.0079535,0.97160864,9198.229,59.504574,314.2384,95.69423,75.53808,104.05239,0.00019140731,96.878265,16317.43,DOS-TCP_FLOOD
20.31191,6.014082,64.21521,13389.518,-0.01843749,0.006542239,-0.0076426165,0.0019424459,-0.029884635,0.021304106,0.0021240348,-1.0024843,0.07617614,-0.038950887,-0.082865365,0.13295323,0.00075030694,-0.0015800726,0.022830032,0.017105322,-0.028289113,-0.009265844,1.0293307,-0.012665932,-0.010323955,0.005162131,-0.016877843,-0.0063460134,1.0472356,0.9979218,7508.628,60.506645,88.22299,46.54721,13.4189625,66.84563,0.000120952,100.993645,3997.181,DOS-TCP_FLOOD
20.567656,5.689172,66.164444,18001.56,0.005686851,0.0062403404,-0.015727501,-0.0038175576,0.043026514,-0.012300834,0.01798987,0.2827385,0.33124942,-0.005591344,-0.07308099,0.11442372,-0.002990998,0.022286031,0.029189857,-0.0056477543,0.011267745,0.0026875688,0.99799854,-0.0052635996,-0.0032734429,-0.0030339346,0.0003888458,-0.044881888,1.0131308,0.98991925,7367.0527,60.084156,143.3419,73.018555,21.78248,76.14322,0.00016300252,98.681465,6514.344,DOS-TCP_FLOOD
21.145964,4.868687,71.20794,12569.596,-0.029664634,0.0071550417,-0.009201557,0.00019934587,-0.0064629447,-0.0057369135,-6.044749e-05,2.242863,0.36528575,-0.03645621,-0.013168639,0.1110272,0.042528957,0.019693503,0.010769455,0.004679719,-0.007877721,-0.008638458,1.0531969,0.008801987,-0.0057667363,0.0032015622,-0.018902335,-0.0008483324,1.0428087,0.9896313,4098.6714,59.96845,113.368835,69.57126,15.538995,71.32149,0.0001492099,101.51392,2402.2698,DOS-TCP_FLOOD
20.380936,6.026433,64.64501,14333.008,0.026727768,0.006838567,-0.009068252,0.0065854276,-0.030982377,0.011139167,0.04111147,-0.37273562,0.27516258,0.01740105,-0.12567283,0.098102465,0.0074771265,0.023034554,0.041071296,-0.0043822685,-0.004458034,-0.005730428,0.9868724,0.046384774,-0.0035921787,0.0182748,-0.010619489,-0.0545798,0.99263054,0.9735576,5658.733,60.21065,229.0847,73.2802,27.856508,77.190155,0.0013651507,100.15657,4533.524,DOS-TCP_FLOOD
19.27551,5.5965033,63.967575,19537.498,0.029674659,0.0067463527,-0.021142665,0.021032471,-0.034973286,0.010370267,0.034476638,-0.91535926,0.46212828,0.04256028,-0.14889671,0.1040043,0.142897,-0.00080796424,0.052162036,-0.014027579,-0.017774835,-0.034493715,0.98981476,0.032769877,0.010720025,0.034893587,-0.044226363,-0.0495956,1.0000598,0.97555345,5955.2627,59.59111,-22.754227,73.94519,-20.99681,85.970055,0.00043009134,102.38105,-12123.878,DOS-TCP_FLOOD
19.290993,6.176852,63.33438,24279.277,0.02015832,-0.021549,-0.007842264,-0.0066770646,-0.0010318598,0.01505913,0.0027033477,-0.55754066,-0.50479585,0.055117615,-0.029193422,0.08459137,0.15036559,-0.021542493,0.012323427,-0.0374235,0.021755146,-0.011424696,0.9570161,0.04699292,-0.0003033015,0.019046722,0.00819133,-0.026157372,1.0543666,0.99731773,9034.01,59.994083,-30.450043,89.13138,-9.814388,87.70938,-5.216089e-05,98.32649,-4841.423,DOS-TCP_FLOOD
21.054619,5.676217,64.72706,12219.914,0.02933508,0.016475786,-0.028107211,0.002231001,0.009641649,-0.004560653,0.011133464,0.92670023,0.86969787,0.42407638,-0.012241657,0.11318668,0.009783977,0.030142613,0.020651285,-0.017051887,-0.021398742,-0.022424692,1.0244753,-0.0295087,0.006150687,-0.008293928,-0.008971816,-0.03671249,1.0173498,1.004799,6370.6265,61.885616,306.00308,81.189865,50.86371,112.70352,0.00025699908,104.08115,14352.821,DOS-TCP_FLOOD
21.506382,5.544082,63.39939,22888.42,0.023437979,0.0055139,-0.017787624,0.0076293894,0.0061292164,-0.0101147955,0.027835611,4.2672663,0.16522703,-0.044985656,-0.114735655,0.09282317,0.06506115,0.005518617,0.009832712,0.013379689,0.0033092313,-0.013275316,1.0455239,0.05231564,0.025297804,0.02465483,-0.04193294,-0.034717835,0.9956069,0.96621007,4177.7163,58.921627,386.02814,48.17449,45.867073,43.912994,0.0010523961,102.444984,-3034.6045,DOS-TCP_FLOOD
19.543993,5.6561084,64.34615,40771.895,-0.03924064,0.00950377,0.027249193,0.013444739,-0.0048367567,0.015723273,0.013744544,-0.20167887,0.4484333,0.037978,-0.006910842,0.011421893,0.24324326,-0.006093397,0.028069394,-0.006107427,0.0068654446,-0.0063504605,1.0181414,0.005923344,0.0030563958,0.017217107,-0.0142049305,-0.029928625,1.0426095,0.98784155,6155.4453,59.56679,34.604996,12.397614,-0.79151535,49.001152,-0.00014770376,100.61054,7317.695,DOS-TCP_FLOOD
20.770525,5.7816653,63.95968,12200.702,0.0071023214,0.007250586,-0.009904466,0.002821276,0.03290096,-0.038228955,-0.011287218,0.24284631,0.54899126,0.031920977,-0.061164718,0.18403101,0.008713052,0.0239256,-0.005453122,-0.01461073,0.029060103,0.0010301266,1.0200379,-0.0171386,-0.007718562,0.0010207319,0.0076251845,-0.0005371962,1.0253096,1.0098609,7681.299,59.68849,60.270294,48.6114,13.52436,86.44422,9.6081e-05,100.66948,8611.167,DOS-TCP_FLOOD
20.05077,6.191183,70.68246,18827.148,-0.009104292,0.001433581,-0.015105532,0.007416287,0.018849488,-0.018381624,0.025800128,0.41172826,0.117203854,0.19391604,0.024609024,0.07381927,-0.0013643912,0.006103711,0.0061721355,0.0070755878,-0.006452864,-0.02349958,0.97895896,-1.6506761e-05,-0.032103155,0.0015192572,0.0223683,-0.0014667399,1.0448091,1.0046424,9029.807,60.58324,74.16493,81.74722,5.150038,72.29974,-0.00034046854,95.14152,413.72144,DOS-TCP_FLOOD
19.889162,6.3815937,69.85938,32283.28,-0.0092496155,-0.0019436175,0.013616111,-0.0048240423,0.010121258,-0.007883563,0.01870077,1.9525592,-0.40176105,-0.002873093,0.20537259,0.116868496,0.0046035848,0.006590672,0.011361063,0.0242762,0.0007053185,-0.01867929,0.97511387,0.06521872,-0.028769214,0.015445733,-0.015309012,-0.047543835,1.0198188,0.9920029,7315.0527,59.547867,300.88727,100.13005,50.503536,66.03004,9.25669e-05,96.1523,3386.5767,DOS-TCP_FLOOD
20.32668,5.6642632,63.007862,12254.276,-0.0074486616,0.001471728,0.00085068867,0.044858467,0.047652237,0.0028571575,0.04335694,0.28593135,-0.017757265,-0.03650841,-0.06027943,0.16560069,0.0012789796,-0.008225724,0.021901447,-0.016800381,-0.00046501867,-0.0071265264,0.99676937,-0.030592833,-0.039593544,0.019324988,0.024780853,-0.020709766,0.9975234,0.96411324,7309.729,59.988865,123.62037,72.494125,35.421486,85.29807,0.00012934889,96.0981,4080.8735,DOS-TCP_FLOOD
21.24448,4.500402,63.13441,12937.559,0.004540654,0.00974111,0.002319971,0.032596495,0.017926335,0.007942706,0.04956141,0.051742315,0.5493487,-0.074067585,-0.029897537,0.17474578,0.0045301314,0.012879426,0.030678127,-0.016894687,-0.0136989355,-0.006219521,1.0759313,-0.0695318,-0.008740109,0.0077776057,0.01599805,-0.03545735,0.9988316,0.9681095,5414.9614,59.9828,376.7327,81.59614,100.92054,114.945114,0.00015480892,103.13864,33198.508,DOS-TCP_FLOOD
18.608688,6.6989436,62.09806,8297.875,-0.015672218,-0.0035151504,0.009316405,-0.008078738,0.021679092,-0.0006604765,0.030787671,0.13122177,0.077512465,-0.005660318,0.0026809797,0.098827764,-0.008320326,0.013722286,0.028142415,-0.029662512,0.0054259086,-0.029511772,0.94302845,0.035957903,-0.009928467,0.019121228,0.0026759226,-0.01186056,0.9943562,0.95784533,7667.835,59.887657,37.162323,80.52185,1.6072159,77.10295,0.00016000225,95.91921,-5234.143,DOS-TCP_FLOOD
19.448753,6.106613,64.46277,13303.863,0.046472147,0.004591103,-0.018291978,-0.007056766,0.0001496505,-0.02074837,-0.007593937,0.121765554,0.17918691,0.13250442,0.019740501,0.11180085,0.00077326776,0.017831217,0.011929021,-0.025914833,0.0035877852,-0.020487458,0.9753215,0.014457739,-0.008944075,-0.010074954,-0.027093302,-0.023103282,1.0268807,1.0026877,7803.388,59.977146,78.04228,104.823616,-2.7167892,104.0083,1.1784185e-05,100.520454,-931.08,DOS-TCP_FLOOD
20.965702,5.644531,64.43941,12428.139,-0.042887982,0.019034764,-0.030144947,0.0114668375,-0.037579827,-0.0041932417,-0.009710698,0.6655326,0.878013,-0.04216274,-0.11339951,0.15368892,0.05886602,-0.007255738,-0.036211994,0.008271582,-0.037855558,-0.02746917,1.0235784,-0.0010479838,0.019320546,-0.024390776,-0.017011324,0.030417293,1.0054517,1.0072062,7324.416,61.071644,66.10408,36.11731,20.878542,80.90766,4.216272e-06,105.31179,12814.601,DOS-TCP_FLOOD
21.25715,4.80289,64.13731,13716.672,-9.7882e-06,0.0057954066,-0.0055464427,0.028144032,0.056068003,-0.0026932207,0.030030258,1.7977884,0.21320753,-0.05088757,-0.09402631,0.16142541,0.0069499956,-0.018639013,0.034885943,-0.0071894745,0.0009743124,-0.016094191,1.0579835,-0.05028823,-0.010540326,0.022920156,-0.010666702,-0.023986714,1.0132515,0.97480834,5186.0586,59.82081,102.32951,43.815353,17.987831,76.13848,0.00011631106,100.242004,4274.814,DOS-TCP_FLOOD
19.73541,5.1331844,63.42196,25352.52,0.028532077,0.002593963,-0.008715404,0.0013740993,0.0038658483,0.0022830889,0.060281962,0.27940834,0.33347523,0.015114395,-0.0969313,0.08306499,0.013756911,-0.007174988,0.032966852,-0.033647574,-0.0071767457,-0.002123653,1.0286167,-0.026867578,-0.00397207,0.020340271,-0.027546514,-0.03542384,1.0036442,0.95282626,4746.4956,59.136738,54.467987,40.98868,4.637659,51.98715,-0.00023257722,101.67206,-3875.9915,DOS-TCP_FLOOD
18.694796,5.950945,62.247894,14966.91,-0.020426048,0.008494751,0.01995879,0.005591583,0.0077518467,0.03524886,0.026527096,0.18720764,0.109023035,-0.043405168,0.12846711,0.07041854,0.08686894,0.0032544322,0.020774456,-0.02092778,0.0059343223,0.008159228,0.95612276,0.02095112,-0.015222295,0.0077743386,0.029404106,-0.013789048,1.0061203,0.9541372,8006.4355,60.556347,139.79257,74.95715,63.094654,102.60807,0.0003814801,94.21066,13225.72,DOS-TCP_FLOOD
19.820446,6.4846234,65.133766,16785.393,0.029763075,0.00091341505,-0.0013772142,-0.00017709285,0.03786563,-0.0015021343,0.016797554,3.7194226,-0.0041862577,0.037594486,-0.025198165,0.07107378,0.07223683,0.004559434,0.030563153,-0.0059483713,0.0052170455,-0.021988697,0.96620345,0.05176758,-0.02097547,0.016299102,-0.011763651,-0.012737623,1.0244025,0.99216646,6397.097,59.002014,86.84088,68.40418,18.486345,65.46405,0.00010760677,96.58687,1984.3999,DOS-TCP_FLOOD
20.4932,5.8970356,66.52727,7111.6543,0.010235383,0.011191773,-0.017488569,0.012137663,0.0157292,-0.024624318,0.009613528,1.1082754,0.25549957,-0.049332954,-0.03373178,0.16404527,0.0018857414,0.024996001,0.014288942,0.01463962,-0.017642736,-0.020909373,0.9920605,0.0042278427,-0.004988096,-0.0111164395,-0.044642456,-0.01595087,1.0078428,0.9914232,5265.4517,60.23759,124.90331,80.43555,24.042599,80.36478,0.00010219771,100.87033,5203.4844,DOS-TCP_FLOOD
19.082813,6.025975,66.92544,14900.592,-0.038716752,0.012725216,-0.009648768,0.00016922876,-0.049195305,0.031687118,-0.00051351264,-0.1603961,0.2998786,0.09626243,-0.059599474,0.07524509,0.0119458325,-0.00591564,0.02138076,0.014755374,-0.017387547,0.0068835123,0.9633886,0.02903157,0.00509487,0.019990463,-0.0078332,-0.056734342,1.0216562,0.99111336,7651.3296,59.769142,109.96017,82.855385,11.357685,86.583534,0.0002444005,100.35875,4689.839,DOS-TCP_FLOOD
20.340471,5.41237,63.724922,14216.74,-0.002441248,0.017989848,-0.009765205,0.010686739,0.022594187,0.0023594014,0.014429677,0.24737918,0.4113786,0.0101942,-0.05145993,0.124850556,0.08720832,0.014389606,0.018809821,-0.024325635,0.0012204796,-0.011159581,0.98270786,-0.013223102,0.0055570854,0.009286331,-0.018908473,-0.021066574,1.0187379,0.9955556,6299.808,59.646957,-9.2352295,50.21614,-14.507774,70.00411,-0.00013993283,98.40628,-6663.856,DOS-TCP_FLOOD
19.540867,5.906316,64.18122,17839.42,0.048875667,0.0021760082,-0.028078727,-0.006581486,-0.045685083,-0.003020938,0.02702987,-0.0653255,0.2828799,0.47061658,-0.086740814,0.12175818,0.013224966,-0.0013239356,0.006779982,-0.055595197,0.007672817,0.0061481865,0.99281484,0.026124675,0.033757903,0.009033103,-0.03359075,-0.071269736,1.02575,0.97322243,7074.5015,59.694386,347.048,83.23398,56.700836,99.54673,0.0013547331,102.23132,8187.0796,DOS-TCP_FLOOD
20.136404,5.640485,64.195076,16136.656,0.03556311,-0.005236465,-0.0016500079,0.02962253,0.029852105,0.0026071635,0.024285454,-0.32868123,-0.092991576,0.038944174,-0.052576244,0.1311135,-0.01839122,0.00042407773,0.025799172,0.013432076,-0.0069346232,-0.027040523,0.9944304,0.00011575968,-0.039599642,0.012464971,-0.008601005,-0.0057991687,1.0266796,0.9902485,8771.109,60.188156,48.974014,66.08993,-15.920181,65.09024,1.7438288e-05,97.4158,-9952.972,DOS-TCP_FLOOD
19.41094,5.410329,63.541,21916.916,-0.009671942,-0.00020969287,-0.0010432163,0.009688288,-0.038964994,0.02998269,0.01756669,-1.3652401,-0.12266017,-4.163012e-05,0.07358468,0.087530866,0.006809407,-0.038675454,0.010278066,-0.019074397,0.017726459,0.0059042033,1.0082852,-0.0014339425,-0.008240867,0.012066407,0.03230124,-0.005363412,1.0382514,0.9819225,8911.097,59.716663,114.65568,68.34492,23.71715,103.37077,4.6576126e-05,98.936005,7201.416,DOS-TCP_FLOOD
20.36459,5.584679,64.16762,20787.973,-0.0040357746,0.002421877,-0.0045975787,0.0010351947,-0.015709681,0.019401548,0.0078050694,-0.4252944,0.039134383,0.10016307,-0.059989955,0.098412625,0.0023228144,0.003503766,0.046075355,0.002257214,-0.029444646,-0.006134212,0.9990568,-5.411357e-05,-0.01767217,0.017792169,0.010037165,-0.04432896,1.0217103,0.976887,4449.9277,60.383667,178.50885,66.454414,33.564922,80.04531,0.000121430996,99.5501,303.83008,DOS-TCP_FLOOD
21.291498,5.1609464,64.64969,13124.785,-0.008210474,0.0034261239,-0.005226608,-0.0072511598,0.05182223,-0.012963894,-0.001164861,0.37562788,0.28205135,-0.004639784,-0.08428088,0.16019928,-0.013587454,0.015823312,0.025511134,-0.021865033,-0.01320045,-0.018667543,1.0601083,-0.058193415,0.013003573,0.014567944,-0.049079962,-0.030997863,1.0198252,0.9770329,4270.182,61.41677,79.51489,52.754654,-4.537752,68.222046,2.3922621e-05,100.88663,-2937.7698,DOS-TCP_FLOOD
20.229197,5.8027153,76.27426,10905.107,-0.048410296,0.01157906,-0.010282927,0.010474087,-0.02585605,0.017115373,0.037726168,-0.34215355,0.21510752,0.012415069,-0.043693114,0.08418663,0.08610836,0.020278154,0.0023025041,0.035826262,-0.018364357,0.0040475186,0.99220395,0.025727617,0.002788289,0.024138357,-0.00094310846,-0.027385375,1.0253326,1.000305,7092.5796,59.648796,225.62427,91.3189,22.239683,102.20844,0.00020506416,94.775116,6231.646,DOS-TCP_FLOOD
20.991735,6.0513873,64.35776,10785.214,0.012949303,0.007322368,-0.028891126,0.007644009,0.032464106,0.0018274243,-0.0017625326,0.8477344,0.25703204,0.02796635,-0.099503435,0.1198128,0.11069184,0.024863025,0.047319375,0.015203842,-0.011170829,-0.01807858,1.0004795,-0.014501347,-0.00738306,0.014142545,-0.005431748,-0.0074215042,1.0204775,1.0025367,5830.357,60.266285,81.69968,60.713615,13.441987,73.91077,9.005467e-05,101.179306,3943.136,DOS-TCP_FLOOD
18.4573,6.618473,62.687115,11757.012,0.0015489105,-0.005228068,-0.0069543603,-0.008296887,-0.054703712,0.008818651,0.020587275,-0.73894775,-0.045073237,0.0039784424,-0.03346753,0.07470184,-0.0058211354,0.018180724,0.025697809,-0.022194097,-0.0069837924,-0.023580167,0.9496934,0.072526485,-0.00561867,0.009994883,-0.021754839,-0.023274345,1.0230435,0.9812171,7703.3115,59.910305,15.8346405,74.81203,1.1085138,71.00355,4.545902e-05,100.32896,-2386.6987,DOS-TCP_FLOOD
19.2506,5.8725104,64.061714,18092.594,0.015487174,0.002213451,0.023071352,0.049346294,0.048647642,0.02108992,0.058586158,0.45222586,0.057856474,-0.035660796,0.17146893,0.11655985,0.013592548,-0.018897902,0.021716546,-0.01130056,-0.0039459392,-0.021371018,0.9563675,-0.0024648493,-0.023911929,0.04000736,0.018104888,-0.01471889,0.99587023,0.9635038,7763.774,59.2193,-14.517807,47.237404,-7.2127266,58.297287,4.9119117e-05,94.538765,-7473.0596,DOS-TCP_FLOOD
18.769945,6.386144,64.758965,6116.0444,0.016021889,0.021357544,-0.012122682,0.006931408,0.014156653,-0.006569488,0.023447575,0.91893125,1.5998985,0.09182644,-0.042335734,0.08084677,0.0642952,0.020443445,0.0055257464,-0.03659312,0.012129451,0.01796994,0.9179493,0.046938207,0.030892294,0.0049316147,-0.0285961,-0.03826578,1.0026326,0.99245435,6520.6626,58.65842,189.42616,60.88863,40.861305,89.86985,0.00019844578,96.72369,12118.031,DOS-TCP_FLOOD
19.439795,5.421752,64.75816,16912.516,0.011358828,0.01341036,-0.023110181,-0.007073135,-0.058186926,0.02004401,0.01602328,-0.20526445,0.56771237,0.065909535,-0.05655052,0.018839944,0.11816794,0.0010113697,0.019071076,-0.039519053,0.0024549337,0.018913865,0.995595,0.04808848,0.011066646,-0.00978337,0.0010649906,-0.04018834,1.0462759,1.0021318,4270.488,59.604702,51.031616,33.323715,5.0075865,45.534904,4.8254136e-05,101.40749,2263.0664,DOS-TCP_FLOOD
20.681995,5.337606,64.382095,19288.785,0.0009113271,0.006932819,-0.029438583,0.002591575,0.024809375,-0.014221555,0.0045584585,0.2595421,0.26930723,0.01967137,-0.05022865,0.11692346,0.0049436386,0.0056405924,0.023017714,-0.025002636,-0.0074102283,-0.009670191,1.039581,-0.037077192,0.0034463988,0.0144935725,-0.013534602,-0.016035173,1.0298256,1.0004774,6645.1436,60.517,190.2941,70.36762,25.683968,75.74147,-0.00012963421,100.671326,6577.353,DOS-TCP_FLOOD
20.257532,5.1672077,63.644135,15520.434,0.017242175,0.011220576,-0.036759347,-0.0018149704,-0.015807875,-0.0030514703,-0.0013121078,-0.14250207,0.44293463,0.1569984,0.007033497,0.103214025,0.003076352,0.02221915,0.01640293,-0.030643515,-0.0070953155,-0.010406155,1.0157728,-0.035618972,0.0073975087,-0.011478731,0.008292281,0.0012458675,1.0299538,0.9983477,7009.112,60.24236,111.623726,81.82165,8.346219,87.91739,3.482995e-05,102.19171,-222.06616,DOS-TCP_FLOOD
19.662115,6.1355786,65.963936,21534.959,-0.008977213,0.019541308,0.0076547633,-0.003584154,0.012551077,-0.013667666,-0.0038489117,-0.08580136,0.9651941,-0.06829163,-0.025042746,0.1300176,-0.005481498,0.008099511,0.010236813,0.017752042,-0.017576542,-0.011182156,0.9815008,-0.007858835,0.00097032636,-0.014461023,-0.042754784,-0.04173554,1.0423466,0.9859014,6633.514,59.933235,84.01091,81.44466,16.408762,79.61101,7.115418e-05,98.17884,295.89954,DOS-TCP_FLOOD
19.787796,5.940332,63.89663,8671.138,0.021380281,0.0003921874,-0.026471253,0.012303473,0.004470679,0.016225552,0.0042459182,0.23241115,0.15382482,0.06670802,-0.0034452043,0.097232126,0.09200889,0.025248883,0.024421703,-0.011367098,0.006883573,-0.025950078,0.9667307,0.016728492,-0.009148757,0.034650896,0.007125297,0.010931915,1.0301876,0.991403,7293.4985,60.323463,61.173233,67.60748,8.864803,81.53284,8.874948e-05,98.44748,-139.1369,DOS-TCP_FLOOD
18.36787,7.063701,63.64282,13842.475,0.0062121544,0.0015167816,-0.0048040086,0.0077193724,-0.0138865635,0.025529087,0.024175428,0.32565057,0.12800017,0.053135626,-0.028386824,0.060386885,-0.0013058184,0.017295666,0.02725492,0.009561897,-0.019835813,-0.014013762,0.88939524,0.10011447,-0.02400757,0.017307147,0.00013987534,-0.018552126,1.0341713,0.9898735,7524.9453,60.02184,34.672302,57.528454,-11.810255,70.96301,0.00010003352,93.759094,-6233.6978,DOS-TCP_FLOOD
19.375885,5.778672,63.23978,6148.0884,0.013349906,-0.00443447,0.03374787,0.00085468957,0.014528016,0.005720383,0.019451104,0.6080146,0.0016048551,0.01359457,0.7824453,0.08713429,0.12078555,0.017124005,0.009021418,-0.04816379,0.012489561,0.004757531,1.0091697,0.010311654,0.0030079042,0.008128051,-0.012516425,-0.013052475,1.0203614,0.9714966,6426.117,59.591003,200.04572,76.5695,41.918034,86.07157,0.0001803961,98.40328,10827.935,DOS-TCP_FLOOD
19.743153,6.297823,64.22856,17897.057,0.0012846943,0.003243719,-0.024201706,0.007266357,-0.00069241505,-0.0051850528,0.02935528,-0.38349307,0.055339374,0.0031101145,-0.03275399,0.07341767,-0.0032344952,0.0034553977,0.036016352,0.0021613762,-0.008760073,-0.013589097,0.96905774,0.018463006,-0.035447918,0.01272807,0.014593594,-0.021404149,1.0221614,0.9807426,7838.4316,60.136127,82.27034,56.399,5.594511,66.61034,0.00013691344,97.4248,-1383.8738,DOS-TCP_FLOOD
19.175447,6.4967184,78.372665,5491.663,0.019633368,0.008586104,-0.002962933,0.0035997962,0.03255475,-0.027784493,0.023131538,1.075874,0.5245695,0.45314914,0.147298,0.12830254,0.007119452,0.020533184,0.003710119,-0.019709429,-0.002869193,-0.003145486,0.9223502,0.044735376,-0.014756992,-0.0062597496,0.001293947,-0.04240468,1.0339664,0.9956894,6935.245,60.227867,153.77298,61.813583,25.643131,65.93921,0.00025246225,94.61613,6207.3613,DOS-TCP_FLOOD
20.414278,5.7373343,63.72784,17704.527,0.01179784,0.04110734,-0.015364304,0.0014324783,-0.011053575,0.005890122,0.03697786,0.3723737,0.54891515,-0.011914381,-0.041448694,0.10086097,0.011287312,0.022000903,0.025386272,-0.0020761462,-0.0073280297,-0.008061113,1.0008891,-0.015460969,-0.023962492,-0.0029305497,0.009132562,-0.03593951,1.0279557,0.9850908,6780.1206,59.96748,111.210655,42.521763,12.203419,57.56167,0.00012736101,99.899994,5090.056,DOS-TCP_FLOOD
21.347939,4.968148,64.45775,18405.273,-0.0031870976,0.0019090915,-0.016719121,0.0029140746,0.03272983,-0.0023538335,0.0052514696,0.7334577,0.13461584,-0.004578121,-0.03717517,0.13051856,0.0069740363,0.01210695,0.029735604,-0.015980883,-0.009542614,-0.03692783,1.0542644,-0.039506145,-0.010114192,0.042134315,-0.017674724,-0.00870522,0.9911263,0.9793994,4947.3823,60.019672,19.54152,45.33543,-6.678196,53.67746,-6.328133e-06,102.13658,-7030.2983,DOS-TCP_FLOOD
20.518429,5.888804,64.01287,5471.625,0.0015418418,0.0025341795,0.052073766,0.019295068,0.11782529,-0.025500674,0.022561532,6.3299046,0.033753432,-0.08043502,0.780581,0.16921385,0.002422041,0.0048642,0.019073786,-0.007364782,0.005237437,0.007238248,1.0110538,-0.028489092,-0.007341572,0.0066716247,-0.0100666415,-0.008892993,1.0017265,0.98046696,5329.773,60.038258,92.898895,41.15368,26.40744,57.73136,0.00010466896,95.874214,7524.637,DOS-TCP_FLOOD
20.377487,6.4435725,65.028244,19565.03,0.036142185,0.0046160477,-0.01283096,0.006474815,0.03921391,-0.016545298,0.025225077,8.437776,0.035322748,0.043207847,-0.031251006,0.102655746,0.0045126397,0.010662502,0.026671132,0.016911684,-0.0008473499,-0.044100616,0.9752306,0.06082214,0.0062354584,0.037353873,-0.077471495,-0.04241679,0.995503,0.9870913,4737.8276,59.820038,117.75994,72.40261,18.435825,58.522717,0.00019569648,100.89994,1580.3203,DOS-TCP_FLOOD
18.885235,6.2850447,64.29924,10323.947,0.00017519109,0.008380844,-0.010299642,0.0063930885,-0.016207347,0.0013677106,0.02371439,-0.05953908,0.3898519,0.0032880157,-0.028846988,0.084603444,0.0080293,0.025167257,0.027071074,-0.014240213,-0.0070645795,-0.0010847626,0.9377975,0.027585667,-0.0016114814,0.0168583,-0.01423938,-0.034540437,1.0086015,0.9753888,7762.5845,59.765636,75.71207,77.66343,18.531656,85.21296,0.00010657849,97.80691,4245.9585,DOS-TCP_FLOOD
20.858173,4.162368,64.31596,33204.586,0.013250995,0.009828362,-0.027843092,0.010082102,-0.0753611,0.030371511,0.028296955,0.3200636,0.5217027,0.024076317,-0.0755682,0.07288559,0.022469813,-0.026895327,0.004317416,-0.0038501807,0.0171318,0.009574987,1.0770721,-0.041998416,0.023571596,-0.005264005,-0.024676079,-0.05483509,1.0560204,0.99363035,7593.446,59.30568,384.73486,68.14595,66.73645,70.91661,0.00011659693,109.094284,15064.785,DOS-TCP_FLOOD
19.219051,6.402181,63.646866,13342.297,0.0043377466,-0.0052561346,-0.018007249,0.005533372,-0.021710658,0.008577403,-0.0021431409,-0.5985776,0.02590939,0.0027458183,-0.013658961,0.08583405,0.0017033644,-0.002501104,0.022738855,-0.0011104997,0.0080538625,-0.014248439,0.9737768,0.026153844,0.008681416,0.021419086,-0.008971341,-0.009589464,1.0365584,0.98788416,9125.321,59.698383,94.29288,84.58917,12.800534,101.356476,6.5773085e-05,97.77428,-2951.7224,DOS-TCP_FLOOD
20.258411,5.799675,68.5053,27306.764,0.008232462,0.016332338,-0.035067566,0.021502363,-0.06755388,0.012711278,0.045897514,-0.18526208,0.656765,0.75930774,-0.015120355,-0.007852715,0.27630103,0.030449335,-0.012848975,-0.008285995,-0.025583645,-0.009098867,0.97391903,0.055245675,0.009912468,-0.022006918,-0.014509346,-0.022713207,1.0621992,1.0034457,5562.7153,59.125687,144.80829,54.64865,16.31109,78.5997,4.5423818e-05,99.1002,-155.5376,DOS-TCP_FLOOD
18.970276,6.0542674,67.15133,20546.871,0.01602256,0.0067566196,-0.038800493,-0.0033746422,0.017116513,-0.014559981,0.03814745,0.17658031,0.15803404,0.20209259,-0.061730415,0.11023853,0.0018747872,0.016792897,0.016997524,-0.020221712,0.0026497757,0.008574337,0.93124926,0.040963825,0.01861803,-0.007732261,0.0039679324,-0.058692247,1.024579,1.0019141,9133.965,59.3386,390.15692,85.018616,54.594593,80.9974,0.00021719416,96.853676,9070.202,DOS-TCP_FLOOD
19.870543,5.5072002,64.01671,19387.652,-0.010849721,-0.0021440526,0.0049534813,0.001873338,0.017711096,-0.0044392147,0.007935471,-0.8091968,0.009855628,-0.00521753,0.07585314,0.102848254,0.0050379303,-0.0061361585,0.018851474,-0.006938707,-0.0026124879,0.0051252777,1.0115873,-0.00028232485,-0.014883894,0.021464523,-0.022017816,-0.025718283,1.034646,0.9839893,7164.584,60.224167,2.7427216,57.796844,-11.511257,62.992218,0.00015553538,97.44525,-3780.6255,DOS-TCP_FLOOD
20.893497,5.1951437,64.66898,15959.203,-0.010303901,-0.0013026817,-0.03211214,-0.00088207604,0.0073360354,-0.0024399227,-0.028064102,0.94542176,0.07067062,-0.021804282,-0.07946455,0.13222347,0.004435744,0.020791974,0.007488103,0.01168636,0.012649856,-0.002447702,1.0105813,-0.03505045,0.0059845066,0.00598924,0.00082558487,-0.0151916,1.0254802,1.0149491,7512.265,59.98094,84.39075,42.85225,15.389086,68.292915,0.00018198084,102.26977,1056.2429,DOS-TCP_FLOOD
19.85826,5.986658,64.59255,21776.56,0.007895435,0.008979811,-0.025621377,-0.008678462,0.012830088,0.0011767371,0.007297799,0.05736071,0.42004073,0.041391883,-0.0832749,0.07654141,-0.0022763172,0.008389539,0.029086389,-0.02808528,-0.010297367,0.008048186,0.9766216,0.026064951,0.0087534655,-0.026819784,-5.651731e-05,-0.039265264,1.0453547,0.9931966,6180.342,60.225746,71.09961,41.37678,8.871547,71.36196,2.3119908e-05,97.923645,1465.3948,DOS-TCP_FLOOD
20.259157,5.45601,62.875763,11402.391,0.0076843607,0.0054666786,-0.009409106,0.017451176,0.0045752865,-0.009218927,0.015110223,-0.24442661,0.20111845,-0.055007655,-0.043643083,0.15261383,0.0038765266,0.0056417845,0.0163932,-0.011294218,0.014003582,-0.026768364,0.9953786,-0.030800218,0.0010034977,0.046317205,-0.024882201,-0.028313175,0.9921406,0.98230404,6137.7227,60.01445,61.20482,56.997536,18.764914,79.27239,0.00011948226,99.76481,2496.6895,DOS-TCP_FLOOD
19.78002,5.3373294,62.02015,16893.047,0.030848214,0.0028008241,-0.0059315143,0.007139483,-0.011530289,0.046090554,0.032802314,0.042290807,0.10443165,0.5535232,0.005928278,0.070203185,0.07788519,0.015181765,0.009130634,-0.017472994,0.011631794,-0.013865936,0.98960495,0.0038105247,-0.0073516537,0.021706123,-0.0031632837,-0.022137053,1.0175492,0.95497197,6653.15,59.522205,143.54056,65.05763,52.765064,87.957306,0.00022524124,98.2336,-1413.2393,DOS-TCP_FLOOD
19.551258,6.0689616,63.802753,15491.758,-0.01601636,0.02583052,0.022951197,0.004724758,-0.021679694,0.015583016,0.015780155,-0.1710738,0.64097255,-0.026526462,-0.06867994,0.12846065,-0.008504027,0.012928128,0.04681487,-0.003139805,-0.016067319,0.0016813725,0.9673116,0.019035686,-0.014700692,-0.0073058107,0.00096513424,-0.04854247,1.0355526,0.9677388,6303.4067,59.508343,116.35925,54.37451,26.32024,76.590385,0.00024689655,96.99473,5945.7876,DOS-TCP_FLOOD
20.318762,5.1985703,62.622375,15626.502,0.030772137,0.0056504086,0.002803288,0.0110529605,0.04724493,0.010018149,0.031210378,0.51222,0.1530429,0.2544536,-0.052607797,0.16785817,0.0024823833,0.014471348,0.0014436059,-0.023833347,0.020065272,-0.026614396,1.0062157,-0.033490296,-0.0009989389,0.05418866,0.006982996,-0.013445428,0.9808802,0.9653119,5292.9507,59.603424,8.095764,50.218594,10.988409,66.10835,5.278428e-05,96.996,-4499.5522,DOS-TCP_FLOOD
17.976183,6.522783,62.17989,22066.781,-0.0019881036,0.0029729286,-0.0021512178,0.0048888936,-0.09176502,0.014204918,0.03444418,-0.6107825,0.29243577,0.0074475068,-0.065236546,0.07426721,-0.0038277872,0.019302562,0.034919746,-0.01834697,-0.021544062,-0.014043169,0.9131312,0.08646443,0.008756056,0.010821912,-0.027147107,-0.049286947,1.0224365,0.9606787,5075.832,59.57092,71.044785,67.18906,23.326267,78.465416,0.00016213564,99.5728,3777.8713,DOS-TCP_FLOOD
20.489412,5.954122,63.780773,13765.512,0.04371878,0.007428765,-0.012131416,0.011998124,0.018754996,0.0095140105,0.008178264,0.6394452,0.29207188,0.69268817,-0.020472493,0.12900068,0.012937843,0.020763723,0.011397972,0.0019720476,-0.01265468,-0.047357872,0.9781449,-0.0048670797,-0.009156004,0.022272225,-0.0027774647,0.005660765,1.0052127,0.99876887,7901.013,60.6984,-37.69583,71.80846,-21.411747,92.267715,-0.0001005587,98.835724,-10837.521,DOS-TCP_FLOOD
21.353867,4.997836,63.9549,21792.973,0.018235598,0.002422216,-0.026136795,0.0006813593,-0.04590243,0.0387377,0.022071622,0.21619076,0.16604865,0.044611022,-0.027718972,0.047270827,0.0041939276,0.0037640147,0.052902207,0.0029474031,-0.018351285,-0.026312826,1.0353161,-0.024379717,-0.023531605,0.02737332,-0.0028036302,-0.026554551,1.0110474,0.9725451,3913.6294,60.330315,85.705124,36.78154,23.379993,72.383644,9.5562325e-05,102.07768,6498.5215,DOS-TCP_FLOOD
20.709463,5.45011,65.932655,25846.088,-0.007157195,0.013016525,-0.03680079,0.007486395,-0.014507027,-0.0021655916,0.026795173,-0.53845215,0.24065636,-0.010434342,-0.052637637,0.0042145606,0.19078527,0.002402314,0.03512697,0.007998561,-0.021646077,-0.012433239,1.0193166,-0.0038878056,-0.025907785,0.011841742,0.024354065,-0.0054508448,1.0397272,0.9959368,6833.099,59.8028,101.26109,50.28757,22.708275,68.55048,0.00021124975,98.28568,3619.3765,DOS-TCP_FLOOD
19.902967,5.435393,64.19909,20414.46,0.0020007975,0.0060649775,-0.02497901,0.010643302,-0.023420496,0.00057318306,-0.011306332,-0.9438276,0.3009284,0.09629715,-0.11320837,0.104780644,-0.0022266423,0.0023459457,0.04277943,-0.010153636,-0.029755568,-0.011153025,1.021892,-0.0086914245,0.012933277,0.02052373,-0.030925475,-0.029440371,1.0247943,0.98738056,5935.073,59.991055,34.208984,68.40256,-8.265762,81.35524,5.425088e-05,102.011116,-2408.1182,DOS-TCP_FLOOD
20.277744,6.174543,65.47791,9541.238,0.01188076,0.0092255315,-0.010035145,0.005300651,-0.0043363124,-5.8614532e-05,-6.1746687e-06,0.44087386,0.20359579,-0.033733644,-0.10113231,0.11215873,0.038301468,0.022869166,0.020587943,-0.016172884,0.00088293105,-0.009462111,1.0198613,0.0113243405,0.029921792,0.0074488767,-0.021438025,-0.023388274,1.0012757,0.99377745,5989.5566,59.89508,91.24979,84.39094,11.808388,106.95885,0.0006592559,101.6036,4213.1675,DOS-TCP_FLOOD
17.818407,6.0942583,61.681004,10446.994,0.0029153097,-0.005297391,-0.021078821,-0.002788389,-0.02654727,0.0023985147,0.045971032,-0.05675471,0.025244577,0.02360082,-0.047456197,0.09840666,-0.0012546832,0.0064840354,0.027356517,-0.013868816,-0.00024504028,0.004731044,0.92724127,0.059282616,0.0040751603,0.03578629,-0.013234064,-0.050078735,1.0086696,0.95146316,6792.5483,58.896862,205.1755,79.00806,44.13839,72.56242,0.00018060909,97.17109,7121.1997,DOS-TCP_FLOOD
19.237633,6.2133017,63.2307,11196.169,-0.0025540683,0.0015044025,-0.007771088,0.0041391286,0.0077122618,0.0067566494,0.024918899,0.06831819,0.082384676,0.011960286,-0.032601796,0.12842324,0.0014865248,0.020710219,0.023797033,-0.006961208,-0.010646797,0.004996923,0.95106095,0.026431458,-0.005628531,0.012618333,0.011195716,-0.016033916,1.0224518,0.97381985,7164.5405,60.068424,152.56082,62.92148,30.292976,75.097275,0.00014115966,97.22124,8820.927,DOS-TCP_FLOOD
19.191671,6.6479683,66.69748,13328.545,0.03888437,0.004402973,-0.020201083,-0.0125065325,0.036162153,-0.0068607437,-0.0062152254,0.6384126,0.25159854,0.29777986,0.0034232065,0.08841551,-0.0024733644,0.026004,0.016575338,-0.026159178,0.0022103172,0.0048025837,0.9364589,0.036102444,-0.008257951,-0.005180142,-0.008511133,-0.014065856,1.0275296,1.0024713,9730.765,60.242924,65.67958,107.769394,4.709078,92.36219,0.00010761147,97.04722,-1761.7822,DOS-TCP_FLOOD
19.513067,6.242108,64.27811,8010.672,0.0015519094,0.0034244773,-0.004445603,0.00798444,0.0011638766,-0.012689063,0.005856254,0.15362442,0.18714091,0.012974476,-0.047445524,0.112047195,-0.0012376959,0.013690211,0.013030421,-0.010058655,-0.0071832137,-0.0065336935,0.99692166,-0.014908469,0.016420653,-0.0029881054,-0.036767147,-0.030853275,1.0170809,0.9882675,7266.4385,60.06096,86.14197,73.614235,17.71944,104.08365,6.6701294e-05,101.30331,5583.0654,DOS-TCP_FLOOD
18.11049,6.6820936,62.640305,9738.816,-0.032286625,0.005606059,0.0044296123,0.005759337,-0.031899057,0.024704525,0.027816854,-0.56970704,0.23379052,-0.044868495,-0.044946484,0.077556126,0.047625985,0.015994117,0.017831974,-0.016269462,-0.0019076234,0.0072200033,0.9115913,0.062474675,0.013225055,0.013112022,0.0011213962,-0.03592571,1.0119175,0.97034657,6036.6226,59.90556,206.23833,80.40494,61.84902,106.52711,0.00036260224,96.34579,6907.7812,DOS-TCP_FLOOD
17.84842,6.7913494,67.302864,8188.2764,-0.007115686,0.012077308,-0.0071436837,0.049400136,-0.016076675,-0.026119668,0.030583568,0.111202955,0.6383748,0.027098378,0.07093883,0.13466257,-0.0023482784,0.022267886,0.014577776,-0.017981153,-0.0011721835,0.006337068,0.9029982,0.06468306,-0.011447408,-0.027208654,0.015718352,-0.04417473,1.0298305,0.99577355,10411.086,59.559963,353.42862,104.528015,74.98166,127.62772,0.00031730643,95.98678,20188.11,DOS-TCP_FLOOD
20.048569,5.651728,63.764748,16682.592,0.010145371,-0.0023494128,-0.018026067,0.017247323,0.018593647,-0.0028567843,0.045423377,0.0069590807,-0.04648691,0.1849279,0.012324489,0.07157988,0.15462105,0.0009237742,0.01986594,-0.028332304,-0.0039399904,-0.013620706,0.97545403,0.0070014563,-0.016854556,0.007901467,0.019179475,-0.010944725,1.0266241,0.9712612,8599.093,59.361237,37.23146,46.8612,4.294156,59.09023,0.00014921707,96.394226,-4204.1245,DOS-TCP_FLOOD
20.850393,5.1351485,63.715027,16020.324,-0.015540175,0.0008028559,0.002114079,0.011244311,0.040398154,0.0066927955,0.010614315,0.69362664,0.22473255,0.062035605,-0.09101213,0.114227206,0.042431194,-0.02485878,0.016314855,-0.020692319,0.0048692524,-0.013772666,1.05897,-0.042376265,0.0020581763,0.03531738,-0.015361566,-0.0037239213,1.0156764,0.969997,5596.7583,59.719116,107.62897,47.621758,8.182625,78.45975,-0.00011920174,97.618546,5724.7744,DOS-TCP_FLOOD
19.852852,5.7002726,64.312645,21664.346,0.034102187,0.0025094734,-0.014142657,0.0017201841,0.0065852515,-0.0021010572,0.012009401,-0.18415844,0.112917274,0.13694957,-0.049102973,0.10272765,0.0024474568,0.019717144,0.035921145,0.006960267,-0.015658889,-0.027098898,0.97122926,0.0048773168,-0.021913577,0.014169404,-0.019772781,-0.025238633,1.0159669,0.9890456,6932.324,59.822628,75.398605,57.583466,2.3364248,62.382927,0.00010181614,98.46103,-266.75818,DOS-TCP_FLOOD
20.941788,5.241962,64.81672,10446.781,-0.015467187,0.009975116,0.0016710954,0.0096038245,0.00055109337,0.010852096,-0.008153508,0.0510875,0.38985032,0.023358602,-0.08391499,0.12040526,0.008072293,0.004375479,0.0167809,0.00835928,-0.023885591,0.0014798902,1.0518626,-0.060594272,0.030364074,0.020464562,-0.049255066,-0.0148848705,1.0273825,0.9886708,6764.0015,60.017265,162.47998,46.35474,32.117428,83.208466,-0.00021698397,101.11129,8981.96,DOS-TCP_FLOOD
21.042114,5.97713,65.832535,7362.9004,0.0013729744,0.007524283,-0.014836643,0.015576573,0.07123186,-0.009844546,0.019746508,3.0147123,0.06548801,-0.028334046,-0.06269444,0.15507235,0.017360723,0.016887026,-0.0024253875,-0.016831612,-0.013988342,0.0072086877,1.0202827,-0.012839514,0.01907137,-0.040375683,0.0054420345,-0.03212679,1.0089507,0.98439884,14989.127,68.77909,1246.8308,278.9693,378.33328,305.30872,0.0011724802,102.7249,201493.44,DOS-TCP_FLOOD
19.068546,6.365106,63.245846,16061.629,0.0360496,0.0004662797,-0.0069083297,0.0028034914,0.0014968151,0.013469692,0.028856995,-0.559708,0.029611062,0.23862712,-0.035868097,0.11640503,-0.008699653,0.0020983815,0.03145165,-0.010860566,-0.023639496,-0.020803569,0.92586946,0.055793397,-0.018585872,0.015617953,0.0019596051,-0.038650032,1.0184959,0.9813807,7905.622,59.79225,-39.719635,71.19857,-24.160301,76.3029,1.8778694e-05,95.77609,-18137.713,DOS-TCP_FLOOD
20.757545,5.262604,64.061226,23298.484,-0.00034154393,0.001384817,-0.018226292,-0.0018232256,0.011664093,0.01586663,-0.0053709745,0.115477264,0.18727368,0.0069901906,-0.027874969,0.094525725,0.0044093938,-0.013614509,0.035797063,-0.003159875,0.0058679283,-0.01461787,1.0446036,-0.049598526,0.030877616,0.03803137,-0.025347603,-0.046866853,1.0212277,0.9845712,6291.966,59.76184,166.0217,41.384468,10.630335,63.00477,0.00021372868,100.817444,-8305.63,DOS-TCP_FLOOD
20.91978,5.204132,61.921474,16180.283,0.0024292246,-0.009305771,-0.012502,-0.005446037,0.02307399,-0.004772421,0.009660974,0.24999332,-0.07072076,-0.02745392,-0.00048486516,0.13818003,-0.0010192356,-0.0037209922,0.028038314,-0.018243961,0.020159453,-0.020500971,1.0622575,-0.037880994,-0.023357775,0.043297842,-0.018353527,-0.0038836803,1.0159789,0.9737346,6740.0024,60.29253,68.843124,67.922226,16.985943,73.21312,0.0002118024,100.37621,4298.8413,DOS-TCP_FLOOD
20.044283,4.8770924,64.415054,21252.781,0.001999326,-0.003950263,-0.021781031,0.05157525,0.017640151,0.014383921,0.072888985,-0.14189327,-0.27900282,0.02098405,-0.10557015,0.11421552,0.0023647703,0.012366142,0.018482568,0.009167915,-0.006851491,0.00078208745,1.0194279,-0.025173938,-0.029719977,0.008427593,0.021068335,-0.032688282,1.0085218,0.96183383,8889.43,60.1399,395.40613,92.86931,93.858795,98.668106,0.0002908143,99.6021,26044.273,DOS-TCP_FLOOD
20.276405,4.758364,63.781883,12119.805,0.025952486,0.0060960124,-0.023282006,0.017254135,0.02713946,0.00531448,0.01581506,0.62042505,0.19311099,0.5791949,0.18812132,0.090704545,0.22752276,0.01987193,-0.0020123273,-0.023748603,0.0063907355,-0.007295678,0.9934442,-0.031905424,0.0066468143,0.023147061,0.0017629843,-0.0068471767,1.0222647,0.9894377,7075.4175,59.415962,211.78952,38.70904,36.382732,42.542675,0.00014315262,98.85655,7352.9663,DOS-TCP_FLOOD
19.488274,5.506621,66.86649,18839.23,0.03092001,0.0044466667,-0.03923409,-0.0026638287,-0.014139328,0.019879008,0.026217807,-0.48938155,0.30445766,0.1066211,-0.07092336,0.07606997,0.0050447886,0.006767581,0.017812343,-0.04211959,-0.008207883,0.009856544,0.9732158,0.030943176,0.013134342,-0.006138254,0.0016139355,-0.0410721,1.0535476,0.9825698,6411.831,60.01958,38.5567,66.684654,-10.668097,63.251945,-9.6594755e-05,98.445366,-8585.922,DOS-TCP_FLOOD
18.831818,7.1005077,65.926315,10062.752,0.002481388,0.0085439645,-0.000858705,0.0071807327,-0.008120997,-0.025944572,0.016849428,-0.57433045,-0.030009743,-0.09550519,0.18688588,0.14879274,-0.0016640254,0.0027607474,0.0174438,0.023653826,-0.0187786,0.00013622455,0.9216705,0.033258505,-0.027793245,-0.0061835838,0.0013164524,-0.03812654,1.0393898,0.99782616,9434.471,59.962074,90.0739,107.40548,14.009409,103.489525,-3.4865123e-05,95.248474,5436.9463,DOS-TCP_FLOOD
20.454748,4.473014,62.446304,18389.21,0.022824723,0.0038756493,-0.027931593,0.016334761,-0.0123978555,0.029200839,0.060155295,0.89956605,0.24849854,0.032479137,0.011406279,0.105705455,0.01034408,0.011820764,0.019784216,-0.03541372,0.005879118,-0.016157726,1.0587362,-0.055581156,-0.0023548258,0.037958257,-0.0100805415,-0.01716955,1.0097992,0.95080596,4942.3804,60.342766,241.29471,67.86928,46.41152,65.02919,0.00013537731,104.57397,2971.8984,DOS-TCP_FLOOD
19.4947,6.2917433,64.89223,12776.537,0.0031530298,0.007145315,0.0017463067,0.010211319,-0.0021210192,-0.013072024,0.020740435,-0.30082834,0.17062627,-0.053819895,0.0156711,0.07729834,0.03670072,0.0018514413,0.015912574,-0.002233819,-0.013829835,-0.017221605,0.9796955,-0.0018091501,-0.00687859,-0.0027600909,-0.015632726,-0.018503986,1.0195805,0.9907106,7366.911,59.77785,52.439865,70.449265,-1.96879,90.465576,1.4409321e-05,98.57862,-3942.9026,DOS-TCP_FLOOD
20.43607,5.7727604,63.85811,18520.898,0.0012527034,0.005393086,-0.010251315,0.0003269799,-0.026381487,-0.0057226745,0.0011528563,-0.06872904,0.07474853,-0.040698294,-0.045956463,0.11796727,-0.0057517546,0.0090329945,-0.005615959,0.01097971,-0.0012838817,-0.022954252,1.0262594,0.008833503,-0.051769465,0.01521384,0.01107383,0.0067305937,0.9852492,0.9914903,6314.41,59.876087,94.48912,67.32826,28.682592,61.863678,0.00010036552,101.79121,4952.8706,DOS-TCP_FLOOD
18.470255,6.0899115,62.46439,8722.494,-0.016013138,-0.004877688,-0.020986412,-0.0052432525,-0.059675075,0.028362842,0.044649538,-0.22163725,0.07767176,-0.033229884,-0.06907941,0.09518053,-0.021766603,-0.0031979894,0.025858695,-0.032525618,-0.0074434252,0.008037611,0.98438144,0.033892058,0.021216583,-0.0038036657,-0.007366966,-0.04189938,1.0535351,0.9674168,7910.555,60.87113,377.7134,98.436646,72.774826,118.79109,0.0002540449,101.93976,19527.564,DOS-TCP_FLOOD
19.929176,6.226061,64.52396,19891.354,-0.014297001,-0.0025182203,0.007117914,0.006549799,0.026717365,-0.0028294034,-0.008105739,-0.10365009,0.19448507,0.024617322,-0.09169173,0.100029856,0.0101354765,-0.0051607564,0.033014107,-0.0030262535,-0.020290878,-0.018866744,0.9950065,-0.007558204,-0.015600467,0.02135344,-0.02538653,-0.02658669,1.0185513,0.9924411,5322.1704,59.474728,10.086609,55.289513,-4.949585,76.51304,4.4383705e-05,97.90809,-393.12085,DOS-TCP_FLOOD
19.799412,5.478793,63.95348,12214.512,-0.0155310575,0.009019635,-0.0040041353,0.010178324,-0.008656202,0.018720167,0.024627924,-0.23552084,0.1743106,-0.028970743,-0.020253018,0.11448421,0.004698355,0.0043543987,0.020441495,-0.018618384,-0.014203012,-0.005998062,1.0143843,-0.019599134,0.0002737576,0.007018335,0.011739772,-0.01918808,1.0223442,0.9709114,8856.203,60.32208,302.21265,95.60857,65.35082,123.62989,0.00024758792,100.93831,15123.948,DOS-TCP_FLOOD
20.239237,5.589331,63.986736,16104.023,0.006180117,0.0031778303,0.0025155442,0.02537928,0.012455426,0.0047227023,0.037566308,-0.10728538,0.111608885,-0.032589957,-0.1121337,0.15390547,-0.005467718,0.012205526,0.021045638,0.005083424,-0.016210241,-0.008523528,1.0163053,-0.013242727,-0.024927443,-0.0027255318,-0.015745541,-0.015646253,1.0224433,0.977285,5987.7734,60.047462,123.73302,63.51707,31.4107,78.65326,0.00014618285,99.96277,10431.362,DOS-TCP_FLOOD
20.215693,5.6400127,63.96397,18820.77,-0.029254703,0.0069937124,-0.007937072,-0.005127229,0.01523675,0.013365094,-0.011583695,-0.067022204,0.40907508,-0.07039253,-0.06727654,0.16014409,0.0053050113,0.02636454,-0.013003584,-0.025433734,-0.009877543,0.00039280392,1.0143516,-0.017572822,0.03081915,-0.020039251,-0.007815234,-0.030171867,1.0182335,0.9952131,8039.5674,59.897682,376.17044,94.39035,109.54938,111.43095,9.798561e-05,101.52074,39003.44,DOS-TCP_FLOOD
20.015877,6.024145,63.998432,16246.721,-0.010604168,0.00047561526,-0.028570378,-0.00037506223,-0.024105797,0.010223478,0.0032325857,-0.5031123,0.092660025,-0.022946382,-0.0755668,0.082016475,0.0038048245,-0.008414173,0.038574662,-0.008013345,-0.025411319,-0.0031820964,0.998833,0.0020120926,-0.0056053894,0.0036778534,-0.0010851864,-0.029456427,1.0428008,0.98300076,5875.6284,60.48626,83.12666,57.255466,6.0238943,75.98049,1.2917473e-05,98.74011,4481.498,DOS-TCP_FLOOD
19.424335,5.934947,63.164814,11843.891,0.040411297,0.011032835,-0.020101402,-0.0016333476,-0.008087879,0.0061924737,0.022043366,0.09515101,0.8548841,0.8163119,-0.07791621,0.13433854,0.009891525,0.03669157,0.01672716,-0.029526742,-0.017864088,0.0055322563,0.9476974,0.03525785,0.018181894,0.03286999,-0.021939315,-0.055708267,1.0147738,0.98203576,3949.2864,59.62199,182.85419,64.698875,35.77091,79.038506,0.00013276468,98.15399,9161.524,DOS-TCP_FLOOD
20.755344,5.5701494,66.16486,12308.744,0.010660439,0.0058846865,-0.009567928,0.028052662,0.05123858,0.0019107625,0.03342151,0.7461606,0.1334362,-0.0147511605,-0.044831894,0.12330253,0.009866835,-0.016723733,0.011038295,0.0022801291,0.0028623035,-0.008927578,1.0144502,-0.02619592,-0.01948206,0.011491077,0.0024087355,-0.00702071,1.0261092,0.9835099,8885.535,59.637257,172.16187,73.745514,24.888361,82.29973,-3.488369e-05,96.90101,2225.4067,DOS-TCP_FLOOD
20.311731,5.839294,64.13532,17789.225,0.007377108,0.0032085746,-0.025432218,-0.005325549,0.03047867,-0.011101335,-0.005561395,-0.008057475,0.19350535,0.038531095,-0.07363756,0.092523426,-0.0077953613,0.011852611,0.031155042,-0.016226923,-0.007930527,-0.005581635,0.9882384,0.010849747,0.0049506268,0.008851066,-0.0060633477,-0.030902673,1.0029519,0.9878807,7447.038,60.174538,83.89688,74.49128,9.783615,81.58794,0.00011259974,99.433586,-1061.9304,DOS-TCP_FLOOD
20.33561,6.561726,63.693016,15559.459,0.0074725966,0.005739882,0.0011446187,0.00023223646,0.010844192,-0.040463265,0.0116750635,-0.33498502,0.13936202,-0.037247393,-0.05999394,0.11974932,-0.0015795022,0.011995234,0.025734004,0.0029781181,-0.015986979,-0.029540287,0.9956304,-0.0046618013,-0.035736755,-0.009568896,-0.014653437,-0.014445519,1.0294205,1.0026643,8286.11,60.346233,-48.68567,81.8851,-28.736897,81.75596,0.0001281047,100.60959,-6868.2646,DOS-TCP_FLOOD
21.171335,5.18598,64.18925,10997.02,0.03276662,0.008221789,-0.032111015,0.004644781,0.023158714,-0.009783851,0.025525456,0.27984285,0.4707182,0.13191284,-0.050552957,0.13647634,0.003696242,0.008363672,0.028022991,-0.020858727,-0.013055496,-4.7516078e-05,1.0346146,-0.040848095,-0.0025732839,0.0028222648,-0.007603196,-0.04876562,1.0345026,0.97759056,4404.031,59.99819,74.34198,55.222622,8.002834,68.79426,0.00011353504,99.474655,-661.82117,DOS-TCP_FLOOD
20.179008,5.6449876,63.72519,24594.379,-0.0003085658,-0.005083844,0.009499894,0.0049452255,-0.001233357,0.06281311,0.026214555,0.16580445,0.19412997,0.024281822,-0.07650744,0.08120963,0.03370279,0.037906017,0.026002575,0.028306074,0.007386016,-0.037185106,1.0058439,-0.00054169446,-0.026051499,0.069084994,0.007478869,-0.026876034,0.9853054,0.94634193,4019.4316,60.309704,164.63852,21.70147,32.622513,54.22654,0.00031726356,98.80949,-3627.277,DOS-TCP_FLOOD
20.19758,4.6323996,64.603935,14882.986,0.010193967,0.013679727,-0.032739233,0.016843274,-0.045507364,0.023247583,0.032814138,-0.12950623,0.3800489,0.053670406,-0.07180597,0.06605017,0.22938207,0.017908573,0.026415922,-0.0051298738,-0.03224051,-0.002671536,1.0014371,-0.010430353,0.02904744,0.021054283,-0.017489962,-0.0146895535,1.0393289,0.9811294,5383.0234,59.889095,214.14206,69.4452,36.702023,73.59871,1.7896527e-06,101.5736,10496.941,DOS-TCP_FLOOD
18.99363,6.1684155,70.15375,17363.111,-0.007315175,0.0036991907,0.018230975,0.0024913256,-0.002031614,-0.014302736,0.05532194,-0.75399315,0.056478865,-0.0061595812,0.5596565,0.09392482,0.00033146143,-0.008662291,0.030383512,-0.0073673804,-0.01287101,-0.020021329,0.96652937,0.02238206,-0.009964943,0.018382564,0.014189443,-0.0425329,1.0273688,0.98548806,8237.465,59.65557,100.35518,91.13516,11.546122,85.51199,6.8289475e-05,94.81978,1329.2102,DOS-TCP_FLOOD
19.309444,5.952833,64.13292,10314.344,0.0006209221,0.0072189593,0.038315654,0.0125155,0.013427291,-0.0052076112,0.027860045,-0.4279586,0.22218497,-0.07816761,0.88242435,0.1045983,0.015633926,-0.0017337454,0.010908065,-0.013268722,0.0016130414,0.015535593,0.9884848,0.0016806164,-0.010888079,-0.0020030222,-0.020688048,-0.01698216,1.0257777,0.98714316,7306.89,59.46691,131.45468,72.634155,21.180435,81.6753,-9.640794e-05,97.55176,8969.176,DOS-TCP_FLOOD
20.531916,5.5744743,64.60525,17145.055,0.036055263,0.0074727223,-0.03016835,0.00077084446,-0.008968579,-0.005222845,0.020948013,-0.052295685,0.2826288,0.19453673,-0.064489394,0.095372885,0.008789524,0.019858211,0.03136707,-0.0051471824,-0.0118248435,-0.013544291,1.0096574,-0.0032263172,-0.003734394,0.0110952,-0.03845338,-0.045172058,1.0186177,0.9942162,6780.806,60.093914,145.43668,100.704025,23.27293,106.21743,0.00012659255,101.99092,8005.0767,DOS-TCP_FLOOD
21.292622,4.8242598,66.47371,11905.759,0.033780538,0.013179502,-0.013777367,0.02057587,0.03716939,-0.019146543,0.030347057,0.46345085,0.44981536,0.09200692,-0.010237358,0.1394329,0.019742299,0.014226178,0.018180553,-0.017808884,-0.0001774868,-0.011240657,1.0152929,-0.03519863,-0.01538,0.00044210115,-0.021114254,-0.039859213,1.015423,0.9883469,6150.215,59.377224,85.079605,43.45931,1.3844433,57.203358,-0.00011826369,99.62322,-6576.3745,DOS-TCP_FLOOD
17.837925,6.924547,63.97663,24831.781,0.008286358,0.0048794537,-0.0058806897,0.058215495,-0.010176646,0.0013464066,0.05229827,0.05342394,0.16089776,-0.04389228,-0.058019686,0.10851072,0.0025456124,-0.00057601836,0.032257266,-0.0031604525,-0.0070639695,-0.037811037,0.8896212,0.08138691,-0.008796502,0.021558693,-0.033975407,-0.057761278,0.9772651,0.96647996,6177.1846,57.98046,53.22853,47.880875,6.0074034,62.411533,8.585742e-05,97.863106,-6630.4707,DOS-TCP_FLOOD
19.254372,5.8340526,63.479416,20877.004,-0.02400941,0.0052003036,-0.007901799,0.0029435677,-0.06047988,0.03164183,0.005449266,-0.20174122,0.15508723,0.06462136,-0.07400853,0.055923797,0.003289065,0.008002221,0.03607487,-0.02344968,-0.029129215,0.00787869,0.97246087,0.033655785,0.008805561,-0.004339528,0.0029648002,-0.018619489,1.0308385,0.9767771,4262.504,60.317234,224.15695,61.26237,32.020737,63.888153,8.7662556e-05,102.38456,5896.142,DOS-TCP_FLOOD
18.767498,7.4100976,66.11008,12427.82,-0.0039426703,0.014994382,-0.0011979509,-0.0027409887,0.016513754,-0.011186957,0.0069327396,0.53048235,0.2852811,-0.013199838,-0.023757003,0.09590647,-0.0056358445,0.026940221,0.0075797127,0.012710666,0.0035988074,-0.008117653,0.9116746,0.059336852,-0.0044431468,-0.013409271,-0.018069819,-0.032304935,1.0330385,0.9959067,7494.5137,60.232304,68.06242,73.102516,1.653553,71.65405,0.000117223804,96.84373,2636.3303,DOS-TCP_FLOOD
19.386105,5.6542883,64.60062,11828.988,0.020744001,0.004762607,-0.023832101,0.054195315,-0.046746604,0.011447185,0.043832418,-0.76418734,0.19461718,0.1644387,-0.057280518,0.09975233,0.0013601704,0.0010890653,0.025714327,-2.1425076e-05,-0.0012620492,0.0040330878,1.002395,-0.00016988441,-0.02191999,-0.0065134303,-0.0064878166,-0.031111391,1.0362333,0.983102,9816.269,59.04374,252.39825,94.63936,48.653484,110.97001,0.00019238409,101.541245,13107.605,DOS-TCP_FLOOD
21.809586,4.5541162,65.912094,14611.527,0.031663958,0.010223243,-0.023669738,0.0074987174,0.037904315,-0.0005506666,0.057380617,5.255311,0.34155145,-0.049940653,-0.052637972,0.118587255,0.08025371,0.005954383,0.009504882,-0.03248076,-0.024177369,-0.00089328736,1.0774186,-0.04172055,0.014788929,-0.010981512,-0.011170799,-0.041421562,1.0213037,0.9783999,6153.923,60.003555,685.7096,69.78324,112.40721,93.90071,0.00026061642,107.01346,36041.703,DOS-TCP_FLOOD
20.522509,6.0553536,72.40456,7124.985,-0.012978956,0.010751088,-0.024152558,0.007431389,0.038186796,-0.007605808,0.011752405,0.88231003,0.39688078,0.0030131638,-0.018425096,0.09395491,0.00635028,0.027882978,0.008099367,-0.019674765,-0.018038131,-0.0023333728,0.97702485,-0.003519125,-0.011131988,-0.009717051,0.011467043,-0.012127039,1.0206575,1.0041826,6600.2905,63.293705,211.594,71.351135,43.38613,76.16111,6.488818e-05,98.572105,12521.36,DOS-TCP_FLOOD
19.943863,5.2975483,62.83506,11970.074,0.02855482,-0.0032742254,-0.008160354,0.0077016125,-0.009280903,0.023153683,0.037812047,0.5321956,0.029443946,0.48381597,-0.009987577,0.11766921,0.010150874,0.010275644,0.0067977654,-0.027819578,0.0051400764,0.0048167165,1.0267801,-0.02038014,-0.0042642443,0.017512225,0.020513536,-0.0030378252,1.0223163,0.9692212,8832.509,60.43206,314.3421,75.71349,62.63144,112.78694,0.00011685127,99.757706,8840.981,DOS-TCP_FLOOD
19.244555,5.8357687,63.946693,22816.484,-0.0049398094,0.00907302,-0.0044353353,0.027070284,0.0009715464,-0.00027549802,0.054637488,-0.6167338,0.27833155,-0.045447595,-0.01787338,0.10476944,0.008111648,-0.0040618703,0.039484594,-0.012071816,-0.0133477915,0.007949242,0.9560176,0.0071863164,-0.024831496,0.008999701,0.0031575235,-0.038486067,1.0077562,0.9675576,7052.6304,58.803246,161.66176,68.70404,34.87967,78.069115,-0.00013916557,96.95513,5576.0947,DOS-TCP_FLOOD
19.633728,5.5869646,63.848152,12042.996,0.026461685,0.009769076,-0.0059540244,0.010538998,-0.03937132,0.014095278,0.034057982,-0.6530616,0.53710514,0.30253628,-0.016694885,0.09742229,0.0039152824,0.023386272,0.020362565,-0.019629087,-0.0055161794,-0.010391715,1.0094442,0.010526465,-0.009746734,-0.0055078533,-0.031014385,-0.018854387,1.0286942,0.9811918,6438.3115,59.492214,83.2592,70.27176,33.012375,84.197754,0.000121045385,99.855,4014.0588,DOS-TCP_FLOOD
19.234959,6.885036,65.72208,16508.455,0.0038696174,0.0072799115,-0.0138702765,0.012516545,-0.012147779,0.005769355,0.021960516,0.15350813,0.32958764,0.0488501,-0.04478883,0.10299273,0.0010663735,0.024619905,0.021222245,0.0004384201,-0.015040981,-0.0064394763,0.9111437,0.07298827,-0.0015302398,0.012319396,-0.0147308335,-0.048801586,1.0080328,0.99213004,6491.166,59.0773,50.64543,60.87499,4.4486837,79.93624,5.040616e-05,96.593185,-1031.646,DOS-TCP_FLOOD
20.198235,5.7856874,64.47998,21776.955,0.015354567,0.0037659698,-0.031861484,0.009702274,0.008393016,-0.010004281,0.02470893,-0.22415578,0.1929877,0.062515005,-0.049481697,0.09863259,0.009998354,0.0119393915,0.018971896,-0.0021648966,-0.017969033,-0.013459727,0.971299,0.0048755733,-0.020564143,0.009540029,-0.012041264,-0.020089878,1.0265453,0.9928459,6969.427,59.945766,47.910263,49.090927,-9.728153,57.018566,-0.00011414192,97.58798,-7103.264,DOS-TCP_FLOOD
21.318201,5.1070337,71.690414,13808.17,-0.026446788,0.033994462,-0.02256909,0.02649333,0.024456488,-0.013314006,0.034183882,0.40940487,1.4133853,-0.03419189,-0.06890726,0.13306537,0.023062235,0.030419083,0.014418005,0.0143538155,-0.01457104,-0.010380064,1.0304517,-0.035874065,-0.011064502,-0.030723663,0.008914055,-0.04791248,1.011333,0.984731,5476.4375,59.713066,493.49908,97.84117,132.65338,112.449005,0.0002590019,97.62098,52684.957,DOS-TCP_FLOOD
21.577646,5.293738,63.61078,19684.496,0.015289798,0.0068689394,-0.019779159,0.005415065,0.08485851,-0.016254943,0.039021716,4.040291,0.3271163,-0.022767317,-0.062113035,0.07384985,0.19418202,0.0026003737,0.047272317,-0.041546706,-0.0042421347,-0.03496919,1.0270469,-0.024129223,-0.026488077,0.041330867,-0.02018174,-0.013903266,1.0119773,0.9750993,3456.1619,59.02272,-0.544754,11.200027,-20.304436,14.642281,2.7201357e-05,97.996704,-10867.701,DOS-TCP_FLOOD
19.812584,5.774557,64.015625,14854.113,0.034205694,-0.0029389502,-0.012390643,0.0018330418,-0.0009495737,-0.0053281346,0.015412691,-0.7164526,0.055895858,0.15587856,0.010606366,0.14881776,-0.008808135,-0.0075260266,0.00064868946,-0.015345426,0.029820252,-0.013628563,1.0245183,-0.012712142,-0.032405503,0.004652026,0.008248178,-0.015631454,1.0325887,0.9985034,8936.478,60.09356,156.61017,109.203156,33.899773,111.39327,0.00025090165,103.09197,6933.9204,DOS-TCP_FLOOD
18.589128,6.337106,64.76932,13942.969,-9.7053126e-05,0.0013547762,-0.0057764095,0.0073711127,-0.041183993,0.0033804756,0.028128061,-0.94748104,-0.0671275,0.0011051632,-0.044957846,0.06216257,-0.00071777025,-0.004249108,0.022057777,-0.01572651,-0.0004989933,0.00083822757,0.96722436,0.04987711,-0.02712638,-0.0012818142,0.007966197,-0.01764761,1.0306147,0.9845927,9260.104,60.37541,163.08401,118.57776,25.055939,121.12237,0.0001338195,99.61941,8410.61,DOS-TCP_FLOOD
20.998772,5.4974694,64.14881,20038.008,-0.0054656807,0.003946858,-0.0023390353,0.03418317,0.027813,-0.015653687,0.013498927,0.062401414,0.17197824,-0.050844952,-0.044950955,0.18483914,0.008025973,0.0087604895,-0.006089243,-0.005610208,-0.011473583,-0.034212936,1.0134577,-0.03621922,-0.009547618,0.028805396,-0.0011279108,-0.012310957,0.99851054,0.98856086,8575.291,59.61855,50.00093,57.948544,10.4250965,71.99753,1.1159384e-05,97.32482,-128.29791,DOS-TCP_FLOOD
21.292439,4.903792,64.20184,23946.52,0.0061309244,-0.0017617341,-0.013664881,0.006576816,0.016949177,0.053222906,0.02789561,0.32617658,-0.0074894726,-0.022883276,0.017585397,0.11023438,0.037550405,-0.00365715,-0.0009559421,-0.023458794,0.007516937,-0.0070371106,1.0574692,-0.034693275,0.019682648,0.014046896,0.0056147203,-0.02175318,1.0162495,0.9701432,7479.0625,60.458595,596.41516,103.00574,142.96857,132.58673,0.00032005,103.50709,53735.527,DOS-TCP_FLOOD
21.007687,5.0211735,69.57089,15500.693,0.0059232023,0.0067648077,-0.015581375,-0.0014859809,0.04622315,-0.01854709,0.025098464,0.61130226,0.40445995,-0.021464732,-0.020769827,0.11816565,0.005344589,0.018577617,0.024958981,-0.026615316,0.0016829325,-0.0059909513,1.0279071,-0.014570457,-0.012906402,0.0014900614,-0.0041876314,-0.029987529,1.0227188,0.980254,5647.883,59.59728,81.15224,80.72943,3.816494,68.047935,-2.5045025e-05,97.786446,-3348.1802,DOS-TCP_FLOOD
19.365213,5.797436,63.34333,19499.195,0.0019108597,0.009210268,-0.014536004,0.022452218,-0.024433298,0.014762152,0.038900334,-0.5382072,0.21095818,0.045834552,-0.036630776,0.02999505,0.11250354,-0.005184156,0.0023943977,-0.006606481,-0.01317733,-0.02075063,0.94260174,0.019395769,-0.010878691,-0.004504563,-0.0007488765,-0.0029210467,1.0419849,0.9914647,7459.8867,59.023083,-3.0976715,35.617657,-20.873596,50.255318,-0.00029881852,97.29471,-15406.158,DOS-TCP_FLOOD
20.329767,6.009189,68.973076,20968.729,-0.04115145,0.0060382006,-0.01873044,-0.0056148563,-0.0018688282,-0.00064842345,-0.0019393815,0.5651276,0.18530437,0.04763002,-0.045407206,0.063158385,0.021686092,0.009398879,0.0056848954,-0.014579838,-0.0029910146,-0.00070917886,1.0195775,0.015052335,0.041642353,-0.010702695,-0.01663271,-0.04419967,1.0291559,1.0250272,10048.397,60.033894,446.92374,93.79843,43.364365,118.11488,0.00020902297,101.54342,4624.8403,DOS-TCP_FLOOD
19.660212,6.013926,68.823906,12535.918,0.005270494,0.004531476,-0.018815586,-0.022064177,-0.016157592,-0.04503068,0.0037690625,0.10885477,-0.039221257,-0.05607743,0.026950996,0.14441276,0.0017008219,0.009319693,0.020806639,0.005906904,-0.017756095,-0.022764482,0.9956243,0.0053966036,0.033867992,0.0011334103,-0.05654095,-0.05526346,1.0289019,0.97829354,4177.4297,59.480766,103.88212,89.931786,11.599492,75.571915,0.0009746216,98.9603,-957.11115,DOS-TCP_FLOOD
20.36214,5.0637174,65.19822,16902.045,0.010530296,0.0062960773,-0.02482525,0.009546544,-0.003502788,-0.0024834299,0.032971293,-0.08780193,0.21508054,0.08529894,-0.037835456,0.09835831,0.010711228,0.005331808,0.026368963,-0.026985511,-0.008243436,-0.0013234513,1.023992,-0.036463704,-0.013225775,0.0027724204,0.0057453616,-0.024758492,1.0217361,0.9874533,9066.25,60.01485,307.1626,89.32856,58.549747,105.31059,-4.0663857e-05,100.904976,11622.926,DOS-TCP_FLOOD
20.220907,5.5422945,64.18266,24335.773,0.012036114,0.0063711526,-0.014986705,0.017059846,0.0026933728,0.009682243,0.04293847,-0.3080547,0.26221615,-0.007727723,-0.11554085,0.046986993,0.085857876,0.009206891,0.024555441,-0.0036478462,-0.015623485,-0.020020787,0.99259806,0.0018004441,0.0012210477,0.008244606,-0.0053973123,-0.009309425,1.02666,0.9849651,6901.262,59.3449,-23.025269,25.230247,-44.09167,34.39899,-0.00031787762,99.82132,-23887.223,DOS-TCP_FLOOD
21.300457,5.1455226,64.74791,13328.879,0.0152318375,0.0120669035,-0.04156118,0.006238757,0.0313816,-0.010379504,0.013928508,0.29510403,0.5025436,0.172063,-0.0679731,0.06649823,0.100753345,0.014774308,0.020467637,-0.01868598,-0.012124186,0.0035431609,1.0189729,-0.023478676,0.006224201,-0.007153237,-0.003800476,-0.030561551,1.030037,0.9976494,5550.8545,60.027378,92.404755,35.25494,9.612507,57.38592,6.439748e-05,99.401474,2639.7783,DOS-TCP_FLOOD
18.995079,6.1223674,64.35333,22149.99,0.0026563182,0.0069389357,-0.019054132,0.0031986542,-0.044091746,0.008812949,0.008119456,0.2651291,0.21200934,0.0023240782,-0.040099062,0.04417867,0.011587243,0.022194438,0.010941872,-0.0058970368,-0.006264907,-0.005944087,0.95712864,0.033667173,-0.010048354,-0.011701173,0.0059024524,-0.035201255,1.0372306,0.98879135,8377.832,60.064785,152.97269,88.631134,31.301872,97.95279,0.00022919298,98.495926,3999.2632,DOS-TCP_FLOOD
20.160084,5.884677,72.57309,6583.722,0.010772961,0.007361577,-0.034954842,0.006868835,-0.012688275,-0.020430744,0.008822483,0.13554037,0.34173355,0.0066645816,-0.026189055,0.08546032,0.051011562,0.026893113,0.021147776,0.009083989,-0.003215205,0.0074134436,0.97608227,0.04195973,-0.0060831476,0.007053709,-0.019572198,-0.046180718,1.0206791,0.99520504,5771.5254,59.918846,73.2296,66.37602,-7.044735,86.15161,0.00059279095,98.68523,-1922.7632,DOS-TCP_FLOOD
17.648079,6.935138,62.00239,9078.572,-0.009754681,-0.000317581,-0.0026829913,0.012292345,-0.03333333,0.020939395,0.02440314,-0.40429938,-0.03608062,0.021902649,-0.0641772,0.107423134,-0.002352609,0.018329281,0.028016826,-0.00065047294,0.007920194,-0.016000878,0.89747447,0.10254906,0.008001804,0.04566697,-0.021972265,-0.028031832,0.9897718,0.95814556,5864.3276,59.18705,86.77728,42.41201,29.364725,66.46635,0.0010664407,95.10535,3206.0728,DOS-TCP_FLOOD
19.92697,5.5974894,63.661076,14542.547,-0.00031416304,0.00014983863,0.015657578,0.0039105476,0.025173046,0.00409385,0.0073745516,-0.63880587,-0.0042688847,-0.0062167924,0.097976446,0.1271616,-0.0003531035,0.0018312642,0.01540016,-0.011842255,0.0014279131,0.004080059,1.021062,-0.03224666,-0.024914972,0.0066191866,0.0033144327,-0.0034376234,1.0394795,0.98231286,8117.5083,59.940502,68.15776,59.897022,12.171674,78.70808,-6.9056856e-05,97.5839,2733.8257,DOS-TCP_FLOOD
19.598864,5.1028357,61.424286,13842.541,-0.004376201,-0.007564818,-0.02076585,0.013088896,-0.060578592,0.04439024,0.048682507,-0.5123987,-0.03538809,0.022907956,0.028579729,0.059138943,0.014077934,0.0022728508,0.0039849943,-0.041056104,0.014383646,-0.014661813,1.0364957,-0.004933118,0.0057281856,0.047289286,-0.005075289,-0.036718886,1.0038987,0.9573588,10357.434,60.292965,417.2143,155.31659,97.48033,163.03412,0.0007905721,105.05968,20192.352,DOS-TCP_FLOOD
19.000412,6.5088005,64.34263,16431.04,0.0033975858,-0.0039962516,0.0021959655,0.0069425167,-0.01221554,-0.003341055,0.018424662,0.12393713,0.061183527,0.024827689,-0.044096805,0.08013755,0.0010734367,0.018487278,0.023873558,0.014167178,-0.021543562,-0.03345705,0.9594407,0.037517138,-0.012930599,0.01774288,-0.011928327,-0.022051726,0.9947817,0.9842852,7986.246,60.501507,96.91551,65.360535,18.087534,82.15528,0.00020025959,99.505295,5629.126,DOS-TCP_FLOOD
18.055065,6.1162195,62.015373,19976.082,-0.0033553317,0.0029952691,0.0021432363,0.030216563,-0.04300099,0.025523903,0.049779866,-0.92279947,-0.036180906,0.0475663,-0.020703927,0.10416,-0.010703221,-0.008356854,0.040000025,0.00382795,-0.012002456,-0.0010763993,0.9364482,0.038007602,-0.016378548,0.0020997948,0.0027537858,-0.035965916,1.030187,0.94867206,7984.9893,59.310276,161.13931,78.11445,43.589417,103.421234,1.5529178e-05,96.00703,4839.3096,DOS-TCP_FLOOD
19.66329,5.5029063,61.033833,25121.875,0.010360953,0.0023124395,-0.0221753,0.008143595,-0.0126574,0.025612812,0.009069176,-0.60712516,0.046157297,-0.0382136,-0.07575032,0.11363718,0.087561026,-0.0073031983,0.03129653,-0.016014736,0.010612387,-0.041940045,0.99987197,-0.0041509974,-0.002626523,0.056992214,-0.019506102,-0.025708355,1.000353,0.9788847,6571.2993,59.375576,-4.4266357,60.107796,6.0588694,80.74048,0.0002058429,98.74208,-3283.443,DOS-TCP_FLOOD
18.827269,6.4393287,66.61145,20889.918,0.00082673505,-0.003350579,-0.011210815,0.0016027816,-0.02812334,0.012234267,0.024698947,-0.6447277,-0.1067016,0.06058613,-0.06411663,0.07246911,-0.005783808,-0.008653937,0.019861683,-0.00087313354,-0.0137941055,-0.007977564,0.94782597,0.07118312,-0.014522789,0.013681547,-0.01083373,-0.03567204,1.0385053,0.987195,10113.782,59.691322,175.27754,128.86089,30.769234,120.804436,0.000110096276,97.820305,2180.346,DOS-TCP_FLOOD
20.60618,5.4163127,77.33368,20479.584,-0.022187606,0.008726479,-7.2966795e-05,-0.0018905731,0.017443765,-0.030281262,0.0067786267,0.90931284,0.32935417,0.032831047,0.0723345,0.11818437,0.0071429135,0.019509455,-0.002956232,0.028549027,-0.015861424,-0.04416217,1.0288053,-0.016716545,-0.016898042,0.016215634,0.0028085755,-0.0076247747,1.0086732,0.99722147,6098.192,59.81566,95.32826,64.382256,17.388325,60.589916,-0.00012343617,96.120285,6052.394,DOS-TCP_FLOOD
19.100456,5.770925,63.071236,17646.691,0.012591932,0.0037926428,-0.01314141,0.009559895,-0.0009621298,0.02838224,0.03544208,-0.040130615,0.19026494,0.062349405,-0.06865389,0.08751247,-0.0017880589,0.008163139,0.02435708,-0.01690798,-0.004318673,-0.010560112,0.9645274,0.018708013,-0.007814419,0.0077824737,-0.0068506273,-0.012337788,1.0167215,0.9665515,6993.3657,59.442577,60.138916,39.00726,10.208868,60.522358,4.3768625e-05,96.92023,1812.5554,DOS-TCP_FLOOD
20.486282,5.7750554,64.49671,18323.098,0.047760498,0.0048695183,-0.0013317075,-0.009519138,0.050880022,-0.018735813,0.020680187,1.8787055,0.14463279,0.04235384,-0.007980726,0.13224137,-0.00070472056,-0.0002535805,0.011210366,-0.003713877,0.0027525472,-0.041760873,0.97543335,-0.011207933,-0.00687878,0.0073155556,-0.026003707,-0.038054362,1.030678,0.98715985,6325.823,59.856937,-3.6321716,57.412315,-21.65189,42.060726,-6.504283e-05,98.768456,-11424.382,DOS-TCP_FLOOD
20.073923,5.255062,65.059814,12476.708,0.008278432,0.010821945,-0.0178028,0.036390927,0.026758958,0.023088377,0.060862266,0.5638797,0.2354644,-0.05055646,-0.06800879,0.050840735,0.10223249,-0.0032538828,0.011811607,-0.027002256,-0.0011169468,0.0051530264,1.005139,-0.028212955,-0.0008964748,0.01251476,0.0012236042,-0.030724335,1.0166788,0.9764418,7995.6543,59.366444,487.57587,95.63699,108.945946,111.96271,2.4071618e-05,99.38588,37873.4,DOS-TCP_FLOOD
19.157158,5.956993,63.755604,21798.777,-0.0028699543,0.0097232405,0.002416612,0.026554657,0.014979918,0.04851333,0.036384307,0.5484407,0.19807132,0.005268939,0.024392547,0.03182909,0.095393576,0.014077647,0.031242425,0.034235064,-0.0069899834,-0.020318877,0.93252766,0.027654229,-0.03825085,0.020722132,0.028362302,-0.023615032,1.0035237,0.9513881,5586.595,60.3235,202.51314,56.12942,69.362976,58.524498,0.00020563182,92.92613,15912.367,DOS-TCP_FLOOD
20.546097,5.670622,63.563133,20066.756,0.066388294,0.007565939,-0.024702743,0.00078470254,0.035477635,0.004475582,0.0011902093,0.7642353,0.33104366,0.76888746,-0.039446283,0.13329592,-0.0013191513,0.013810432,0.031135755,-0.022078017,-0.021675903,-0.02102679,0.978673,-0.0042653712,-0.0013131276,0.016762054,-0.03748764,-0.041428167,1.0041053,0.9862517,4739.205,59.844833,-13.024124,62.384315,-20.445328,54.860733,-8.593213e-05,98.20171,-17129.93,DOS-TCP_FLOOD
20.313505,5.6744924,64.2043,14954.666,-0.0039195456,0.0063539827,0.0018406147,0.010873886,0.021093544,0.001083322,0.037524734,0.19889283,0.26449227,0.015046148,-0.07431901,0.11795752,-0.0013331062,-0.0071371295,0.03049936,-0.0062812446,-0.0007290812,-0.006792019,1.0067551,-0.011197763,-0.0095085455,0.011957009,-0.0270282,-0.03582657,1.010294,0.9638885,7318.9346,59.958702,115.49977,59.58732,11.781351,75.21412,4.705912e-05,98.978294,1687.7358,DOS-TCP_FLOOD
20.875017,5.2394714,64.70617,5972.632,0.01858752,0.012770011,-0.020605199,0.0018122602,0.01826381,-0.015705977,0.010039489,1.1694576,0.528131,0.10629109,-0.019017378,0.15081188,0.012463299,0.015899876,0.010997042,-0.019774035,0.0054888427,0.004646969,1.0482115,-0.036868714,0.021636914,0.0006751565,-0.019340882,-0.023565048,1.0258191,0.9943877,7296.2007,60.465168,339.84265,77.36024,61.592396,111.38032,0.0003317795,101.813965,16953.781,DOS-TCP_FLOOD
19.882883,5.59093,63.795666,6286.713,0.003785789,-0.0073436024,-0.0058679795,0.012442786,0.018483952,0.014014076,0.002381727,0.9224228,0.08247073,-0.042253666,0.026061177,0.053287853,0.16106258,0.009733307,-0.00033881515,-0.013692353,0.011115949,-0.009241671,0.9830506,0.008655561,-0.027500208,0.0054216236,0.022223266,0.022174222,1.0400944,0.98254764,6808.864,60.06361,43.822906,65.200325,7.7674704,67.33327,8.356928e-05,97.402,-2077.0308,DOS-TCP_FLOOD
20.070213,5.0243187,64.04238,7219.283,0.018509239,0.0067857094,-0.029906297,0.011949705,0.004644234,-0.00071290357,0.021322008,0.7172612,0.26144758,0.16134915,0.040686645,0.04021398,0.1888094,0.027803391,0.0013957126,-0.036112074,0.001179562,-0.0038844673,1.006522,-0.01250738,-0.000111022964,0.0068588573,-0.007777316,0.0008639414,1.0391258,0.9873886,7953.343,60.782993,302.0677,60.934677,58.948536,87.24077,0.00027142945,99.851105,16787.648,DOS-TCP_FLOOD
20.21468,5.469395,62.881336,13456.42,0.020323254,6.198883e-06,-0.014678789,0.005872829,0.008139338,0.01778015,0.009202382,-0.04946983,0.08476646,0.09910169,-0.0595256,0.097656816,0.046385873,0.019223405,0.01736191,0.00298345,0.0074837212,-0.013385743,1.0006742,0.00013949722,0.0034743617,0.035157904,-0.014032844,-0.006366344,1.0138505,0.96971697,6820.2065,59.95569,34.586823,54.89127,3.7776995,70.60802,0.00017802647,98.61254,-5575.9663,DOS-TCP_FLOOD
20.863096,5.097526,62.827892,14846.402,0.001572175,0.041607823,0.010374073,0.02528034,0.025609326,-0.006935782,0.04078356,0.1987862,1.40638,-0.031570468,0.053368263,0.14949474,0.015531543,0.011768689,0.01819802,-0.014936442,-0.007858736,-0.019904852,1.024776,-0.0588918,-0.028342485,0.012153494,-0.0014346931,-0.0032810122,1.0018185,0.96971196,5403.7925,59.767986,24.502365,23.798172,-0.24666214,50.93335,-0.00022734054,96.33833,-3410.0142,DOS-TCP_FLOOD
18.62715,6.117392,63.392517,13792.816,-0.02214319,-0.00043031573,0.07405916,0.015108039,0.0206185,0.016086718,0.025528394,-0.54905915,0.13973135,-0.07801932,0.7157297,0.13334952,-0.0023921735,0.009320824,0.0034926506,0.012850288,-0.014989341,0.0052415626,0.9732048,0.0082094995,-0.020206474,0.024027565,0.019112354,-0.020733701,1.0085529,0.9779024,8166.3164,59.20493,18.005325,70.35179,11.894301,76.02222,0.00021341746,95.51726,4900.545,DOS-TCP_FLOOD
19.469227,5.8175592,64.22367,16297.137,-0.00034867786,0.008658538,-0.020625526,0.0068478747,-0.0054026535,-0.0066966144,0.022125542,-0.41001916,0.22211225,0.05172675,-0.048114154,0.09115058,0.0057005486,0.018201765,0.020644477,-0.019678425,-0.012019869,-0.0008765748,0.9511355,0.016465582,-0.022115301,-0.014325161,0.025075745,-0.013195274,1.0310129,0.9835132,7252.833,59.87839,186.42644,73.28683,36.1288,76.54294,0.00011331114,97.75198,4346.959,DOS-TCP_FLOOD
19.41677,5.5214896,64.09737,21212.396,0.024324784,0.0051154606,-0.01437298,0.010829099,-0.007818425,-0.006827687,0.027837869,-1.0541687,0.25863934,0.02549373,0.015475318,0.07799491,0.0067478935,-0.0016159844,0.024695257,-0.017016813,-0.00600026,-0.007426268,1.0007696,-0.0021146983,-0.017478133,0.0037950708,-0.01562174,-0.017892044,1.0382241,0.98625606,7481.75,59.510155,82.630905,71.18539,6.4710016,80.29659,-0.00020678509,98.59835,925.2272,DOS-TCP_FLOOD
20.351599,6.0927176,64.7951,10464.224,0.04310334,0.0039939457,-0.0056140614,0.0065333853,0.061711565,0.007937618,0.03132638,2.0416417,0.047477685,0.6772449,-0.027195552,0.13042818,0.013597597,0.015175227,-0.004269588,-0.017231172,0.0076218178,2.9848889e-05,0.9704669,0.010176862,-0.0024556718,0.02271238,0.011923145,-0.015693005,0.98600197,0.9944291,7718.182,59.685562,361.2832,64.855484,56.21709,73.80611,0.00018706296,97.371956,9393.801,DOS-TCP_FLOOD
18.935364,6.072809,64.43873,19598.02,0.0125430375,0.0068376395,-0.021040311,0.022122642,-0.007504523,0.010161702,0.06432112,-0.52108,0.17993195,0.02044649,-0.03640113,0.017291646,0.15988453,-0.012746722,0.028506966,-0.033464924,-0.0011276733,-0.00038945582,0.94794965,0.02389163,-0.016878847,0.001373993,0.014294691,-0.022997912,1.0227503,0.9759947,8225.988,58.575924,174.10184,87.93122,39.558067,89.197784,7.13232e-05,97.22676,7716.7666,DOS-TCP_FLOOD
20.07849,5.8929567,65.063446,13714.736,0.009434753,0.002726408,-0.011710845,0.03261553,0.08515199,0.009239882,0.03811205,1.6552786,0.1614395,0.00012032688,-0.06726877,0.10696702,0.008813187,-0.0066872872,0.021179616,-0.0024514599,-0.004446553,-0.014993332,0.97823006,0.0024467332,-0.02609426,0.018596768,-0.008403579,-0.013647292,0.9964977,0.9712536,8633.121,59.05915,41.347168,47.450706,-3.6541176,52.74901,-0.00017624708,93.10639,-10169.466,DOS-TCP_FLOOD
21.96948,4.7167373,66.68662,16924.83,0.047441542,0.0024922364,-0.043315772,0.016448162,0.024826065,-0.0110667525,0.029457256,-0.040357232,0.33380294,0.1520679,-0.01323113,0.141711,0.0029028223,0.0094771,0.021223834,-0.0079301875,-0.00021837652,-0.019642496,1.0493662,-0.05506483,-0.018182307,0.031983446,-0.033258427,-0.03780515,1.0241233,0.9949257,5977.4785,60.509106,18.341019,40.13714,-9.463491,29.983978,0.0001020011,99.52434,-3047.333,DOS-TCP_FLOOD
20.753508,5.6529727,64.244125,19537.426,0.0012154877,0.0011647342,-0.008707504,0.014102915,0.021310441,-0.002140291,0.03073584,-0.4480536,-0.028820332,-0.0030665286,-0.055055015,0.1273415,-0.0018478067,-0.0041120267,0.02871379,0.0023827143,-0.0048221834,-0.015531368,1.0200799,-0.021701401,-0.027373211,0.008633071,-0.00091782305,-0.007471004,1.0250628,0.9856384,7622.6733,60.639782,95.23967,52.557907,15.428741,58.10569,0.0001473689,100.2614,3604.8052,DOS-TCP_FLOOD
19.89477,5.192781,63.778545,20084.357,0.04001531,-0.0016527843,-0.0076709366,0.00993327,0.0063093435,0.021313746,0.040576838,-0.8405001,0.1434566,0.07503774,-0.078537494,0.116412,0.00045989268,-0.0060265884,0.03010767,-0.015348756,-0.014532905,-0.009090909,1.0014036,-0.00420843,-0.013208137,0.035502248,-0.0069486676,-0.032730315,1.0298277,0.9674023,7238.825,59.729836,-49.02881,53.75676,-44.311386,56.076317,-0.00017732636,97.847946,-25023.783,DOS-TCP_FLOOD
19.381279,6.376627,63.754604,17392.084,-0.0078772,0.007909775,-0.0054350705,-0.0004510507,-0.0483953,0.015571279,0.012912972,-0.5180323,0.18856892,-0.0423278,-0.059194002,0.107666135,0.008745669,-0.003711651,0.025160369,0.008034696,-0.02935162,-0.011860942,0.96505356,0.025157543,-0.016798783,-0.0022814772,-0.0070699626,-0.034560498,1.0221881,0.980373,9503.911,59.932026,107.8569,76.32851,21.988258,94.69682,0.00013098316,98.97273,1963.9133,DOS-TCP_FLOOD
19.629143,5.9969535,64.264656,20952.139,-0.034797363,0.045637246,0.034035318,0.020327125,-0.018701125,0.05396156,0.014686912,1.1305968,0.9044211,0.009904112,-0.102741614,0.04438916,-0.0011921412,0.060901638,0.030940967,0.022310674,-0.030780287,-0.033766247,0.98898923,0.039417177,0.002861612,0.01993207,-0.008683716,-0.015860587,0.9692341,0.96137446,1361.0488,60.132244,140.14206,11.126869,36.428345,27.0727,0.00024473676,98.76799,-3477.2976,DOS-TCP_FLOOD
20.303362,5.4198856,65.75613,15127.023,0.037623838,0.0048070196,-0.044206485,0.011862363,0.008394789,-0.008688616,0.051735234,0.17231375,0.18884616,0.2837556,-0.076540634,0.11842794,0.0113582015,0.010058115,0.012414794,-0.023386741,0.0078494,-0.0056776823,1.0126047,-0.013938142,0.009796823,-0.00047369045,0.0042827427,-0.057656646,1.0327909,0.99509114,10194.445,60.758266,397.86572,94.64269,64.08061,99.97542,0.00036926652,101.56998,14273.448,DOS-TCP_FLOOD
19.324451,5.9256773,70.61979,22733.143,-0.023844194,0.0046210135,0.011109492,0.0048894393,-0.024421277,-0.0008004112,0.024789514,-0.006250739,0.24835737,-0.010434807,-0.014667043,0.05476401,0.0056299996,0.01799135,0.050568428,0.0068518054,-0.05073081,-0.038921874,0.9815059,0.02507955,-0.01330947,0.012621806,-0.02745889,-0.046141483,1.0053674,0.9565291,6186.4336,59.643925,110.09725,83.00676,30.782597,88.96325,0.00015058796,99.71874,-7129.3716,DOS-TCP_FLOOD
21.66929,5.0436506,67.35768,6861.174,-0.02329829,0.01607713,-0.0047960016,0.04895437,0.07417334,-0.00049466675,0.030154385,1.3912934,0.57062405,-0.053175785,-0.063495345,0.10851899,0.09113792,0.020143555,-0.013697537,-0.003360617,-0.014296539,-0.0021958724,1.021739,-0.048602354,-0.03133221,0.002309247,-0.008183884,0.018544452,1.0176541,0.9942204,4244.416,61.6612,53.858475,5.0676117,12.344318,23.755692,-0.00021206027,96.7613,2491.2915,DOS-TCP_FLOOD
18.626429,6.447588,64.46859,18382.66,-0.0171431,0.010998202,-0.022355596,0.015739603,-0.008907767,0.006336256,0.02266822,0.14302927,0.44895798,0.0008655526,-0.0015691295,0.0432562,0.074144274,0.015316341,0.037728824,-0.0096669085,-0.011295551,0.002839961,0.93344903,0.037408277,0.0012422586,0.0037330238,-0.0048971735,-0.031165091,1.023116,0.9910633,6073.303,58.983337,86.1626,49.26127,11.91065,76.99126,0.00013551176,97.53599,2287.4114,DOS-TCP_FLOOD
19.457735,5.7396317,63.214302,22582.58,0.027299805,0.00072881574,0.013035789,0.0039019964,0.038552172,-0.029915942,-0.025792573,0.10330838,-0.056469254,0.07799245,0.5660696,0.112124175,-0.006505798,0.003458131,0.017939676,-0.018055635,0.039838918,-0.01699783,1.000107,-0.012081827,-0.018001787,0.028799664,0.0085395705,-0.0028392114,1.0233554,1.0152012,9749.306,59.940926,54.400513,84.441734,2.17031,88.52615,0.0001447806,97.06457,950.4687,DOS-TCP_FLOOD
21.85194,4.948389,64.25901,22952.111,-0.004600659,-0.0014248452,-0.013747986,0.005690047,0.10182676,0.007884242,0.025145058,14.225248,0.03034405,0.2069472,0.012069362,0.17665455,-0.0030314864,0.021962471,0.010152402,-0.030677442,0.0052208547,-0.021053609,1.0673889,-0.0081809005,0.01480623,0.013378794,-0.01764521,-0.026655544,1.0302716,0.9982529,5233.5073,60.123158,246.70587,67.11279,39.027466,67.264435,0.00012104376,104.1795,6094.4146,DOS-TCP_FLOOD
20.87434,5.517281,66.0789,15915.195,0.03271666,0.009206607,-0.029607404,-0.0014795678,-0.0028123995,-0.039890442,0.021844268,-0.47968674,0.20065424,-0.0385106,-0.07154665,0.19043846,-0.008600476,0.038172003,0.012326398,0.0075255143,0.010177366,-0.039120816,1.0325581,-0.025979457,-0.008814616,0.0057768216,-0.034951385,-0.026950503,1.0200903,1.0081311,8061.4834,60.153282,116.959595,109.41299,12.18579,82.13458,0.00045172556,101.24756,9896.544,DOS-TCP_FLOOD
21.187378,4.98485,64.754745,27987.527,-0.008930945,0.00882546,-0.010745943,0.007081546,-0.011450781,0.007409544,0.011808615,0.16587013,0.4193325,0.0039589033,-0.07032148,0.11538447,0.010376512,0.0034919707,0.009428043,-0.021252137,0.008756625,0.006586085,1.0891272,-0.04756307,0.030797422,-0.01754867,-0.050620683,-0.05210266,1.0341914,0.9987912,4339.8223,59.70268,288.39258,65.840004,68.80549,90.01222,0.00018782739,107.33741,18183.75,DOS-TCP_FLOOD
20.543074,4.9187727,64.57664,14616.682,0.00834383,0.01055036,-0.010404287,-0.004202708,-0.009491695,0.008237175,0.018195216,-0.28129947,0.5709131,-0.01568278,-0.083030656,0.0885856,0.096497506,-0.0067859795,0.025542445,-0.02701901,-0.0048120227,0.018117227,1.05618,-0.019543735,-0.009668115,0.0009395892,-0.0052799424,-0.02659363,1.0433221,0.9908652,5441.5225,60.06209,22.335861,52.684753,-26.461685,79.4269,-4.586087e-05,102.53049,-3644.038,DOS-TCP_FLOOD
20.123285,5.2358456,65.39293,17494.715,0.016876493,0.007678564,-0.032649744,0.0109910695,-0.00314123,0.003476588,0.052293323,0.33737594,0.24179596,0.01116393,-0.056202617,0.028630888,0.11516209,0.010604755,0.0034318212,-0.023213778,-0.010007095,0.015560762,0.9890822,-0.008777557,0.0101924045,0.011020763,0.0066727633,-0.030913401,1.0273793,0.98447454,7067.3804,59.6954,411.61945,60.555553,49.615047,63.94393,0.00012961305,100.542435,5633.5664,DOS-TCP_FLOOD
21.681074,5.5805717,64.8381,9542.676,0.011955406,0.0057042534,-0.002305857,0.0020340171,0.013017295,-0.020739513,0.029529937,1.8923314,0.16445053,-0.02135549,-0.10996242,0.16708581,0.007907859,0.026488971,0.023751404,-0.002487558,-0.0063020457,-0.0057356665,1.0418975,-0.023130419,0.0015370711,0.01657319,-0.02549065,-0.03375026,1.0095764,0.9683198,3784.764,59.69657,214.33263,43.320335,40.27395,57.895744,0.0010587696,102.48728,2150.634,DOS-TCP_FLOOD
20.163584,5.745534,64.261826,7714.9014,0.02392927,0.0098423725,-0.017433716,0.012353214,0.010400647,0.011035268,-0.006496324,0.9450442,0.15817545,0.13338435,-0.009813364,0.088312045,0.21407758,0.026035503,0.0005477667,0.013421133,0.004132986,-0.011449688,1.0007365,-0.006754068,-0.0095246285,0.018905198,0.0027434109,0.018585276,1.0269566,0.99530727,7255.6016,60.35571,99.70726,48.41625,18.301014,74.90463,0.00051086757,99.40673,4804.314,DOS-TCP_FLOOD
19.98238,5.2220507,64.20175,16888.945,-0.0041351654,0.003181734,0.007937484,0.010915734,-0.05276148,0.03273029,0.057897348,-0.77496934,0.1595538,0.06437436,-0.16479442,0.08998338,0.009144912,0.0047899177,0.026461404,0.001971759,-0.018703358,0.010889349,0.997888,0.024931584,0.050823968,0.032227427,-0.018854927,-0.072830535,1.0019791,0.96668077,6215.223,59.790684,563.56525,56.12314,91.0171,74.468765,0.0005589692,103.37459,22695.88,DOS-TCP_FLOOD
18.698524,6.862363,63.728333,28387.162,-0.023191497,0.008715888,0.0047083315,0.0141545,-0.014912289,-0.0113200415,-0.039208397,0.26189065,0.107686184,-0.013349967,-0.0078418655,0.053564765,0.100818835,0.0091676265,0.0179823,0.023569979,0.0005305698,-0.037081756,0.9206659,0.051975705,0.0024556415,0.008410417,-0.013080973,-0.024926648,1.0347825,1.013683,7751.3413,59.901222,73.00418,79.31,25.56846,100.26519,0.000294875,97.17006,1070.7507,DOS-TCP_FLOOD
22.17398,5.008271,64.454735,37989.133,-0.019000204,0.0038320043,-0.009707145,0.004465038,0.06506279,-0.0014488021,0.020771233,3.3637779,0.40403885,-0.049226474,-0.049446642,0.04997529,0.30557442,-0.00716404,0.05002815,-0.018793693,-0.012365264,-0.023309033,1.0703957,-0.018795563,0.0060796295,0.01872947,-0.016946128,-0.00024452806,1.0411202,0.9916579,5360.1724,60.657406,-0.79707336,20.020142,-20.793213,39.194794,-0.00015597964,101.25685,-5324.428,DOS-TCP_FLOOD
20.436302,5.5472474,63.77183,16146.83,0.048839297,0.0012505575,0.006443204,-0.011471192,6.6034496e-05,-0.0057287137,0.02177091,0.11763066,0.21420541,0.023749664,-0.07586517,0.116938174,0.102513865,-0.0020922208,0.028302092,-0.030637931,0.03413634,-0.023000523,1.0217327,0.016347343,-0.004615595,0.013322169,-0.024244465,-0.059068523,1.0280734,0.99164903,4781.6006,59.54531,119.916626,113.47185,13.988447,103.161606,0.0003882387,101.96081,9789.56,DOS-TCP_FLOOD
19.738197,5.997354,62.258797,20845.215,-0.01167532,0.06277049,0.042974282,-0.0028867682,-0.009434091,0.038527336,-0.004831066,0.33544248,0.8165153,0.06938651,-0.06835188,0.08648753,-0.0046527195,0.00944171,0.037086226,-0.00913029,-0.011291663,-0.016064813,1.0056987,0.014981481,-0.025971888,0.017280282,0.0032949168,-0.022196602,1.0021999,0.9535893,3056.402,59.865192,-33.916565,27.162704,3.9305477,55.16323,0.00026045457,95.61978,1052.9897,DOS-TCP_FLOOD
21.797672,4.9573593,73.6214,11719.057,-0.01341556,0.011492215,-0.011893205,0.0009988284,0.06864695,-0.01815824,0.0272539,2.0324433,0.38435692,0.07757948,-0.016393714,0.11384562,0.07522788,0.02214373,-0.0005153287,-0.024413437,-0.018551588,0.0040238444,1.0561395,-0.06935097,0.04886255,-0.014872689,0.0063444767,-0.02504174,1.0220083,0.9934827,8732.564,61.078053,933.6772,113.78738,215.07095,156.28186,0.0001458446,99.136314,93706.71,DOS-TCP_FLOOD
19.773079,6.5233054,64.64322,9732.361,0.02194243,0.0069798282,-0.0114900675,-0.0023530617,0.031107124,-0.022365788,-0.00029901974,0.80099696,0.13935792,0.24120606,-0.015192866,0.14426245,0.0002611801,0.03326297,0.026816577,-0.010864855,-0.0004757475,-0.013759162,0.95660555,0.03911123,0.010542419,0.012468077,-0.025248934,-0.022059632,0.9995712,0.99865395,6391.046,59.95064,158.15797,72.997185,36.233498,90.39444,8.017251e-05,97.16749,11333.743,DOS-TCP_FLOOD
21.96397,5.2882476,64.978424,15903.535,-0.005753599,0.0072989324,-0.030462721,0.0038420625,-0.005720701,-0.00681001,0.009288487,0.27946758,0.1737264,0.057105493,-0.14267868,0.10026861,0.017465362,0.015487378,0.0363782,0.008484269,-0.033351682,-0.0104545,1.0478666,-0.030741123,0.0021983217,0.0015393225,-0.025550652,-0.017743953,0.9980754,0.99044174,5424.685,60.063637,245.4826,54.48323,38.903763,75.30869,0.00015563564,103.759186,4048.2273,DOS-TCP_FLOOD
19.661676,6.1366034,63.994022,10282.077,0.018257756,0.0087261805,-0.016979005,0.0051945797,-0.015837133,0.00034958764,0.009736653,0.7704651,0.53113395,0.0906847,-0.028056484,0.086246274,0.020087441,0.029718209,0.02142798,-0.019775208,0.0008733617,-0.0032272562,0.9760399,0.0017493368,0.00024131266,-0.0012326718,-0.006372952,-0.022739256,1.0278728,0.9905056,7653.382,60.425304,195.64897,74.67676,37.441414,103.557526,0.0002903535,100.92233,10196.377,DOS-TCP_FLOOD
20.332838,5.368241,66.210434,17942.238,-0.042538725,0.010740393,-0.030361284,0.0031700705,-0.016954008,0.0017974729,-0.0004636962,-0.33680987,0.5129883,-0.0068982597,-0.09245031,0.08654315,0.005256825,0.016723039,0.0101064835,-0.01281102,-0.02038186,0.020100942,1.0119637,-0.02072613,-0.001635123,0.002895022,-0.0037213648,-0.035134535,1.0421009,0.9972458,5946.878,60.59799,160.02191,58.91097,23.646503,63.189423,-2.1885164e-05,103.42179,8318.25,DOS-TCP_FLOOD
19.974604,5.4661255,64.03444,27825.744,0.007476331,0.0044942684,0.002853258,0.0215332,-0.0043932255,0.009933001,-0.0040717237,-0.58813393,0.32381368,0.035269987,-0.07233586,0.09699197,0.20555747,0.008936146,0.039159767,-8.1327744e-05,0.0005568564,-0.04011608,1.0442281,-0.0032927354,-0.003656561,0.0660179,-0.03485953,-0.012701386,1.0006536,0.9735679,4195.55,59.091915,66.04422,34.461765,11.95369,68.80541,9.750137e-05,99.03143,-2618.051,DOS-TCP_FLOOD
19.588932,5.9588814,68.03408,15830.045,0.079355985,0.009210641,-0.023720298,-0.012860882,-0.048548557,-0.025206951,-0.003870069,-0.8825562,0.5453898,0.6930614,-0.102804035,0.10915135,-0.029599223,0.03362397,0.019737724,-0.04213951,0.004612766,-0.048086643,0.9844103,0.055532683,0.017690202,-0.017610157,-0.038352072,-0.045446042,1.016776,0.99312943,5777.8164,58.897934,152.73895,94.35944,33.027493,61.309227,0.0022643795,100.24935,2909.4714,DOS-TCP_FLOOD
20.681652,5.6877,64.05355,14866.621,0.009869904,0.0011908411,-0.019468687,0.014063728,0.0445088,0.0022104038,0.01753441,-0.22553098,0.16200215,0.029823964,-0.085165754,0.12303703,0.0010039097,0.01649521,0.025656465,-0.011696116,-0.014636046,-0.02696773,1.0001845,-0.007092942,-0.0038411934,0.03738819,-0.018104687,-0.01171424,1.0030402,0.98476905,6751.461,60.50478,1.8902588,35.52036,-25.239265,50.497032,-7.612347e-05,97.978874,-10185.553,DOS-TCP_FLOOD
19.424034,6.096156,63.534035,15676.945,0.019429184,0.0004343018,-0.021574637,-0.0008930824,-0.029363254,0.019507859,0.0108924825,-0.2806735,0.14101179,0.045856737,-0.05726631,0.09646327,-0.0021091637,0.009445999,0.020099062,-0.00814787,-0.015072262,-0.019299384,0.97804785,0.020290557,0.0005368213,-0.00636223,-0.0048831804,-0.03509427,1.0365613,0.98976374,7356.4004,60.31039,124.204544,91.42391,19.15628,101.732765,8.164182e-05,99.31226,7976.4434,DOS-TCP_FLOOD
19.542809,6.4283314,66.19648,16423.361,0.028367449,0.0007738545,-0.0036683632,0.023560682,0.041045945,0.005630422,0.027141107,1.3615797,-0.026601475,0.0987404,0.02670725,0.08123272,0.04252596,-0.007012002,0.011140838,0.002627084,0.012056845,-0.02546677,0.9403197,0.037057444,-0.034935452,0.019462813,0.003949399,0.0034750625,1.0166484,0.99051964,8395.606,58.534985,46.225693,69.30003,-0.23456955,58.927765,-0.000102717735,94.145676,-6980.113,DOS-TCP_FLOOD
19.572378,5.4899783,69.90759,11875.244,-0.009545171,0.014431338,-0.023442995,0.027892996,-0.0279741,-0.005669405,0.016580096,0.91629964,0.57488334,-0.0013512932,-0.08815664,0.07897438,0.01120866,0.032783784,0.0019506551,0.008095092,-0.025389211,-0.009839133,0.96021086,0.006260095,0.011414579,0.0056754192,0.0022506109,-0.02229141,1.004727,0.98462754,6074.2046,59.793465,320.36002,39.700344,39.498924,60.921696,0.00015606423,99.661934,6408.6475,DOS-TCP_FLOOD
17.6509,6.902705,64.47082,11857.791,-0.006154105,0.008356161,0.00096260104,0.00699388,-0.029277368,-0.0019550358,-0.0026559457,0.53378046,0.5704113,0.018228382,0.013933999,0.02802746,-0.00082433777,0.031219527,0.018704172,-0.0058927946,-0.009519944,-0.011428012,0.9098868,0.06309839,-0.022941351,-0.01557039,0.009998622,-0.02062184,1.0230497,0.9921421,8572.864,60.650978,131.37877,100.62714,26.091522,112.19455,0.00015870976,98.63755,6021.435,DOS-TCP_FLOOD
21.20051,5.7403197,63.658295,14916.936,0.027817246,0.023853002,0.0024081394,0.009384266,0.060648844,-0.019777017,0.019443965,0.82169384,1.4771972,0.134214,-0.010553858,0.16085154,-0.005278412,0.009692245,0.025229946,-0.013660818,0.0019937614,-0.02418666,1.0155196,-0.040333603,-0.03302495,0.002544626,-0.008602402,-0.014851427,1.0060347,0.9926877,7330.0244,59.995182,66.35382,37.877174,5.4026556,73.81652,-4.849657e-05,95.54759,-2024.384,DOS-TCP_FLOOD
20.163408,5.1980195,67.51874,29357.723,-0.0177904,0.00435279,-0.009311449,0.008977097,-0.023498008,0.022085547,0.05896691,-0.083019376,0.15993026,-0.020584056,-0.044701174,0.024906721,0.019433258,-0.003983262,0.0029353471,0.003976305,-0.015442589,-0.0040768506,1.0252849,-0.01719877,-0.0019878778,0.0060268235,0.013630252,-0.037326463,1.0233952,0.9778375,8588.607,59.97544,472.70612,115.04078,86.048035,117.259705,3.749643e-05,101.55741,20146.312,DOS-TCP_FLOOD
19.601522,5.8883166,63.821533,19622.693,0.0018842984,-0.0033825417,-0.0084393965,0.009112417,0.031737547,0.02195206,0.018591171,-0.42616785,-0.30538344,-0.0012462027,-0.0055092573,0.14481835,0.0035781432,-0.0031992467,0.002695308,-0.0022909231,0.0065093255,-0.015509542,0.98238045,0.009867917,-0.021771733,0.018280022,0.021262143,-0.009128991,1.01509,0.9797909,8725.1,59.849533,121.77104,98.341194,34.257187,94.042595,0.00024168032,95.71961,1578.3257,DOS-TCP_FLOOD
20.81978,5.7478094,71.361565,18821.332,-0.028235568,0.0062682168,-0.012436232,-0.0038310506,0.027300343,-0.02561677,0.0054603256,0.45142394,0.38570508,0.017407198,-0.037604656,0.124327995,0.0068857484,0.03037117,0.0019641174,0.0036837254,-0.02816884,-0.012133307,0.9839057,0.008202682,-0.017896919,0.002678876,-0.018192254,-0.024314297,1.0244079,1.0000598,6208.995,60.447834,38.661026,65.519516,-13.054527,55.161354,2.0908701e-05,98.34042,-2369.5913,DOS-TCP_FLOOD
19.23136,6.6416235,64.8129,9213.679,-0.024100633,0.006287658,-0.012529254,-0.0052843103,0.010449659,-0.03332151,0.005072716,0.09763706,0.27448067,-0.010655046,-0.033575933,0.086892724,0.004866812,0.010739531,0.024896227,-0.016661674,-0.02829077,0.0009293342,0.9564538,0.020693697,-0.012113476,-0.024323482,0.0032600434,-0.025207888,1.0346553,0.98934907,7223.9243,60.71955,1.9841919,77.27201,-8.723942,89.15233,0.00010575606,98.70644,-5785.4136,DOS-TCP_FLOOD
21.00531,5.016673,65.14371,11370.694,0.020768253,0.006406759,-0.008030144,0.0074089705,-0.0068781823,-0.012613518,0.038265157,1.7076616,0.22384158,-0.038966842,-0.051153135,0.15227875,0.0016258188,-0.0032440294,0.045943253,-0.010625854,-0.009493315,0.0064723194,1.0819784,-0.04894481,-0.024657927,0.0052672382,-0.029207513,-0.040121518,1.0449257,0.9728972,4985.5757,59.951088,237.66525,62.69513,49.36155,72.57527,-2.5964328e-05,103.30804,14108.223,DOS-TCP_FLOOD
21.336563,5.9868107,70.124435,13925.633,0.0028626714,0.0037639097,-0.003898486,0.007806814,0.019797543,-0.0057262746,0.04231527,0.8340863,0.1154892,0.15883355,-0.0051031075,0.11070729,-0.0011810287,0.00449731,-0.0024198554,0.011005852,-0.01089733,-0.019256499,1.0345591,-0.012859865,-0.030538052,-0.0081876,0.020958206,0.000701081,1.0119263,0.98752505,6839.2954,61.91649,187.595,77.45189,34.01129,81.61072,0.00014318069,100.14884,9258.35,DOS-TCP_FLOOD
20.387249,5.3336263,64.77775,14575.711,0.02159797,0.010058993,-0.023202304,0.013629678,-0.017709313,0.003746985,0.007163542,-0.6246239,0.28950664,-0.019397357,-0.056699697,0.09608965,0.009305677,0.0013113441,0.018894976,0.008902926,-0.0010986021,-0.013948103,1.0197798,-0.022741236,-0.008610019,0.018559095,-0.008669793,-0.016152445,1.021764,0.9918538,7581.9536,59.98302,83.1461,66.31195,8.348078,91.53856,0.00013561019,99.68462,1112.417,DOS-TCP_FLOOD
19.203371,5.5386214,63.794872,19933.46,0.015921827,0.002909051,0.03768643,0.0017332506,-0.012149917,-0.016762473,0.020844389,-1.4875271,0.086670004,-0.0603234,0.5689632,0.12770453,-0.008089376,0.004563327,0.024086904,0.00038724393,-0.019509912,-0.010134134,1.01866,-0.0060272124,-0.0096910065,-0.0024827092,-0.030142616,-0.031384606,1.033011,0.99747914,6451.0176,60.595097,19.607986,93.5862,-12.623148,80.22014,0.00010829698,100.66267,-3350.561,DOS-TCP_FLOOD
20.042768,5.7165985,64.20433,16597.973,-0.011092414,0.005044785,-0.019955581,0.014453187,0.04276578,0.01455074,0.023045778,0.18509114,0.18443409,-0.019395001,-0.07895364,0.13013585,-0.0029020587,0.0036768243,0.02631204,-0.009014373,-0.016236484,0.0049906923,0.9654478,-0.00018375368,-0.005282541,0.0071513345,0.0021401513,-0.039607506,1.0121773,0.97300005,6062.7827,60.255177,150.80089,40.37132,38.42608,58.255093,0.00011062977,96.34544,2256.1755,DOS-TCP_FLOOD
19.693356,6.044969,64.61312,10348.979,0.0017650425,0.053800877,-0.012504076,0.0052284445,-0.025770137,0.013558613,-0.004789431,0.9281738,1.5673611,0.029457564,-0.074177004,0.06444157,0.0076526413,0.02718772,0.00848818,-0.0106706135,-0.0024109846,0.0071838354,0.9609634,0.01282617,0.0029617525,-0.028232804,-0.0034336047,-0.034357842,1.0312725,1.004732,6662.1836,61.081795,175.32289,62.17358,37.52108,83.48494,0.00035118542,100.00077,9246.341,DOS-TCP_FLOOD
20.387564,5.415778,68.4561,21497.227,-0.030045208,0.009379289,-0.033688422,-0.002889728,-0.023790853,-0.028096255,0.0003880635,-0.32960343,0.40170667,-0.035420425,-0.037954718,0.11893592,0.014707859,0.020863881,0.00427681,-0.005912045,-0.0049843825,0.003761882,1.0241871,0.00059162825,0.019142626,-0.024248725,-0.023635633,-0.03544458,1.0281513,0.9889889,6060.182,59.551685,201.27827,60.76033,23.409824,84.308945,0.00010738199,103.97612,3823.7266,DOS-TCP_FLOOD
19.393099,5.6249104,63.95068,21263.975,-0.019147605,0.008787098,-0.015541669,0.0116401175,-0.048930526,0.023692528,0.034937516,-0.44533038,0.0113122165,0.006040409,-0.042322025,0.07261637,0.0039738533,0.007015164,0.015799271,-0.014478963,-0.020955753,0.0030177599,0.96912444,0.016059946,0.011644577,-0.0015666208,0.009541632,-0.010518375,1.0302863,0.9761364,6970.6143,59.961716,363.03842,74.57216,55.96802,87.014465,-0.0002314606,99.33634,9257.515,DOS-TCP_FLOOD
17.58921,6.4599943,61.806896,14810.875,-0.0025897194,0.004212485,0.0048283534,-0.00015557557,-0.069766365,0.032277543,0.00891193,0.067858875,0.0021155179,0.0806497,0.007467679,0.05001492,-0.008609184,0.025703128,0.028440718,-0.0014006486,0.00035857316,-0.009010689,0.9161076,0.06421854,-0.005854062,0.014781314,0.013032395,-0.010382746,1.0330262,0.97886795,6335.858,61.210926,248.22734,73.114334,55.694656,107.63748,0.00034833295,98.28964,1330.9653,DOS-TCP_FLOOD
19.37917,5.957238,68.12186,16242.328,-0.0056461897,0.00053180754,-0.017695753,0.0052516246,0.00853245,-0.0018487225,0.023905674,0.0612216,0.19880965,-0.0024391338,-0.0021654926,0.0898046,-0.00063271634,0.022391506,0.003941334,-0.000527245,-0.006598537,-0.016351076,0.94551915,0.03489649,-0.013572147,0.021375578,0.003137514,-0.026546244,1.0201497,0.9854082,8083.4863,60.032013,19.673843,65.768036,-24.761532,56.681847,4.111232e-05,96.97034,-10105.536,DOS-TCP_FLOOD
20.85753,5.5387077,64.49436,19678.496,0.0043021888,0.008310073,-0.027022297,0.008080496,0.017998789,-0.004005641,0.02864358,0.28930783,0.14653505,0.019579597,-0.07591001,0.10162447,-0.0012861135,-0.0011563394,0.028918134,-0.006836918,-0.021714484,-0.021368526,1.011869,-0.03434595,-0.009614959,0.015537088,0.014047202,-0.0060837157,1.0084478,0.98386705,7581.548,60.808685,120.30482,62.72527,18.209234,73.23395,0.00011027259,100.30409,1778.2646,DOS-TCP_FLOOD
17.845257,6.319899,63.24948,16135.559,0.0027115736,-0.000633128,-0.004884971,-0.018294381,-0.043049254,0.02023193,-0.005931903,-0.680316,0.27446264,0.019931655,-0.011249519,0.06007582,0.08369938,-0.0003986666,0.013034677,-0.037015118,0.0031357864,0.01071955,0.9226188,0.06854573,0.014870584,-0.013225738,0.006628111,-0.020517299,1.0582668,0.99878734,6951.072,59.49275,26.760162,81.07211,-17.175816,78.55119,0.00015194506,97.792694,-9592.653,DOS-TCP_FLOOD
20.78119,5.811857,65.1914,12156.118,0.0023566,0.006194508,-0.010366004,0.009343798,0.027135706,-0.029628001,0.006834853,-0.5944333,0.02334289,-0.049710907,-0.00047562644,0.14772622,0.014948222,0.014141977,0.034065068,0.016073754,0.001293323,-0.024817344,1.0132473,-0.0013285652,-0.036215536,0.006249922,-0.022032246,-0.0040520355,1.0242974,0.9997643,6884.5425,60.123962,49.544876,69.84915,13.681692,63.69873,4.6523128e-05,97.66492,3816.2617,DOS-TCP_FLOOD
19.822891,5.8868146,64.348274,25556.422,-0.0069891755,0.0050752503,-0.03292056,-0.01046101,-0.005382574,2.9216753e-05,-0.010741109,0.29565787,0.33613518,-0.036412448,-0.038406022,0.062180065,0.007641277,-0.0072062104,0.04130274,-0.01566902,-0.0020592683,-0.020006021,1.0166233,-0.023300534,0.020517867,-0.005832885,-0.01187927,-0.03570728,1.0193187,0.9973066,7899.97,59.885857,141.25143,63.317547,16.962675,83.157906,0.0002147693,103.68056,5804.1445,DOS-TCP_FLOOD
21.142788,5.091262,64.487015,14592.426,0.024522731,0.0032750226,-0.009655116,-0.015803449,0.044788226,-0.019608492,-0.0047395844,1.9774921,0.28954002,-0.0041344855,-5.5935234e-05,0.1214505,-0.002311836,-0.00082843006,0.011955764,-0.022068033,-0.005122386,-0.017456204,1.0447887,-0.027649235,0.002117874,0.0013595691,-0.03342791,-0.02601856,1.057308,1.0023171,4730.1123,60.407516,-24.288895,33.674755,-38.973606,24.371162,-0.00011826515,99.61973,-13830.564,DOS-TCP_FLOOD
20.760334,5.5703354,65.225876,8756.461,0.04310158,0.0111596435,-0.048034433,-0.0041939183,0.010283692,-0.0067120176,0.01586827,1.2924631,0.5170488,0.17049477,-0.07627523,0.13201727,0.021551544,0.020870727,0.005763257,-0.014494199,0.0050409324,0.01306095,1.0144607,-0.031974256,0.05232889,-0.010116036,-0.020306695,-0.055013448,1.0295668,1.0044022,7265.4795,61.453316,447.20233,75.22782,66.696075,103.38023,0.00050123327,104.70213,13158.123,DOS-TCP_FLOOD
20.331215,5.952093,64.96382,8230.012,0.017758902,0.037435044,-0.021027269,0.008564124,-0.03202472,0.013795186,-0.003374396,0.4156493,1.280592,0.033505436,-0.1174258,0.12859957,0.0098748,0.050367508,0.024552591,-0.008254483,0.0021566218,-0.008258069,0.97427475,0.026582306,0.01206549,-0.0020324963,-0.016071616,-0.033294287,1.0151691,0.98258567,5940.4473,60.11852,70.11165,65.52748,6.207752,81.067825,0.0013282949,99.77831,3896.5583,DOS-TCP_FLOOD
18.7428,5.803612,62.430504,22670.549,0.016289676,-0.010280411,-0.013826575,0.020200793,-0.0300921,0.028072828,0.050091848,-0.39662337,-0.22633913,0.028018951,0.005876366,0.046254925,0.23405921,-0.014661152,0.014194464,-0.014825182,0.009917276,-0.01762062,0.9461885,0.034168057,-0.0007177354,0.047883958,-0.0077780844,-0.03582459,1.020641,0.95128024,6594.289,59.354366,214.3929,69.94061,44.280342,65.52466,0.00022843058,97.078926,-767.7835,DOS-TCP_FLOOD
19.035334,5.685244,63.906612,20352.234,0.0017452147,0.0037714012,-0.016470606,0.0027065596,-0.023836566,0.0058608707,0.028203983,-0.35441816,0.23451164,0.0068244897,-0.06435038,0.09252038,-0.019211479,0.012622344,0.015889538,-0.022349019,-0.022227941,0.00043386593,0.9541295,0.035513297,-0.015459658,-0.0037585245,-0.011611543,-0.026664112,1.0435312,0.9758222,8126.175,59.442223,119.171875,71.53855,21.294174,72.81085,-0.0002363177,98.44034,4847.0146,DOS-TCP_FLOOD
19.750353,5.800067,63.367943,9875.461,0.028821051,0.001716945,-0.0074169976,0.018491274,0.037000895,0.0025704522,0.029727014,0.15307128,0.0077605247,0.072905526,-0.027224181,0.14186296,-0.007874165,0.01169918,0.025019413,0.0018851226,0.015503192,-0.01691369,0.9954499,-0.011812422,-0.020601777,0.03195384,-0.002853484,-0.015277719,1.0079714,0.9736967,7146.0684,59.976307,130.732,51.22934,34.917713,75.02838,0.00019369625,97.625534,6743.409,DOS-TCP_FLOOD
20.446604,4.6371717,62.742622,16505.816,0.020268477,0.0062490944,0.0008912035,0.010859313,-0.043186292,0.01768086,0.016503364,-0.34656143,0.1923655,0.017583217,0.050961263,0.117868446,-0.00021606497,0.021274842,-0.0013274048,-0.021147842,0.00902892,-0.038792115,1.0559385,-0.053213455,-0.005775368,0.016851138,-0.015114557,-0.013401087,1.0132917,0.9701817,5525.486,59.616142,177.34734,90.63783,43.30289,103.83914,0.00028250262,105.9441,5112.4355,DOS-TCP_FLOOD
19.730251,5.8311033,64.42291,9613.799,-0.017651938,0.014338273,-0.016344476,0.019815149,-0.05403696,0.0066847163,0.008969495,0.03310448,0.74234456,0.010522529,-0.055760056,0.05653296,0.14587353,0.037149902,0.016747106,-0.016872367,-0.005323449,0.0073171123,0.98484886,0.04544247,0.015470503,-0.011940691,-0.039098985,-0.03471748,1.0364147,0.9819532,5207.3794,59.77265,123.32955,53.378002,33.53927,91.83632,0.00016910388,100.72406,8711.116,DOS-TCP_FLOOD
22.114103,4.741687,63.389576,28820.205,0.039719198,0.0073929057,-0.04975375,0.00841401,0.008451793,0.02867416,-0.0015654159,0.34596634,0.15477654,0.20875016,0.020456102,0.14332202,0.1540124,-0.0032248069,0.00711529,0.002760021,0.034004502,-0.01449218,1.060244,-0.024439072,-0.011310583,0.04291844,-0.0015492318,-0.004960634,1.0131581,0.99484783,5246.217,59.419987,253.2572,30.494583,54.41968,58.175114,0.00044751982,104.80134,5350.573,DOS-TCP_FLOOD
20.207731,5.38945,63.866074,15312.297,0.02531406,0.0046650465,0.048335906,0.023939101,0.046413027,-0.009703814,0.02932172,0.0035040975,0.05403657,0.06987701,0.8301086,0.13211803,0.0012522432,0.007429048,0.012205025,-0.0023022108,-0.0027226075,-4.20399e-05,1.0066843,-0.011763081,-0.030986786,0.021022703,-0.006181975,0.0068327878,1.0156527,0.9925128,8974.621,59.566936,29.443787,52.07961,-4.0633354,65.466064,-0.00016789495,96.10776,-3412.8606,DOS-TCP_FLOOD
21.261997,4.6468425,65.40714,10530.24,0.011858115,0.022050485,-0.02730008,0.019980712,-0.00492285,0.010778642,0.033548243,0.3060975,0.71953547,-0.039093442,-0.096738756,0.09976204,0.025483102,0.019885695,0.005728039,-0.0014902279,-0.013700703,-0.0036819605,1.0682162,-0.06424799,0.021491755,0.01530379,-0.006867377,-0.010455036,1.0249792,0.9887761,6313.9624,60.530273,407.2437,76.62648,67.04661,100.0534,0.00014160588,103.32352,14588.143,DOS-TCP_FLOOD
19.584784,6.0910273,64.01957,21080.521,0.024655938,0.004405376,-0.010012884,0.0106635345,0.0064718816,-0.013623068,0.034557845,0.88891697,0.27707565,-0.019934654,-0.10450071,0.08659861,0.008476957,-0.0041949656,0.03583523,0.002750284,-0.00560245,-0.031973753,0.9732685,0.019560577,-0.0012507965,0.024811339,-0.043056063,-0.04761046,0.9945687,0.9726199,5536.6035,59.052124,2.043518,50.82128,-10.578167,61.261898,6.511458e-06,99.510666,-11510.574,DOS-TCP_FLOOD
20.507437,5.3279705,63.568436,26777.32,-0.009447568,-0.0013314335,-0.0042164885,0.003178782,0.06725545,0.017016403,0.0026968983,4.0053744,0.012965277,0.053998586,-0.088830784,0.08881125,0.10924764,-0.047982488,0.021297902,-0.010283137,0.0080311755,-0.009252046,1.0717511,-0.022078395,0.012691639,0.035582744,-0.039499145,-0.036599018,1.0277693,0.98340845,5677.91,59.875175,225.35454,72.68855,28.235134,82.88454,1.6816775e-06,97.887955,-7432.2686,DOS-TCP_FLOOD
21.790577,5.5694146,63.47907,19202.354,0.009422348,0.0053391964,-0.015936565,0.0066156685,0.0773329,-0.02015183,-0.0010265317,4.0303097,0.3017142,-0.0061690994,-0.12146033,0.121034145,0.15508662,0.028857782,0.020373361,-0.0027920492,-0.0033235713,-0.058174398,1.0182989,0.0043895463,-0.017419754,0.037953302,-0.019114789,0.03383919,0.9993135,0.9995437,3413.3,59.16639,36.636536,-4.291748,-3.5708542,24.41394,0.00012905132,99.68228,4830.7896,DOS-TCP_FLOOD
19.428804,5.722943,63.345097,13285.475,0.025802292,0.006401223,-0.00653866,0.01401211,-0.011901885,0.015865142,0.02573343,-0.040477037,0.27423206,0.6396076,-0.1354509,0.13326092,0.0020589468,0.009447792,0.020202028,-0.008259438,0.004749773,-0.011842818,0.9685357,0.037410207,-0.0055817273,0.03582953,-0.019491747,-0.045702927,1.0117313,0.97124434,6758.5503,59.24192,95.73245,73.26322,21.66753,92.103195,0.0004872575,97.75051,730.4205,DOS-TCP_FLOOD
19.534561,5.543524,68.87057,8914.75,-0.001483364,0.0022393493,-0.016562425,0.003052892,-0.010346342,0.013993505,0.047148656,0.3680135,0.079084754,0.025257174,-0.080069415,0.064205214,0.08782599,0.014904795,0.007694149,-0.013255335,0.0025759265,0.006900723,0.9729982,0.02937399,0.019856554,0.0013301149,0.0007877918,-0.039265543,1.0297068,0.99078083,8423.672,60.5592,480.98004,82.630905,45.335144,77.08165,0.00034147478,100.80746,6459.7056,DOS-TCP_FLOOD
21.138107,5.6524243,67.13411,16251.428,-0.0088804765,0.0086556515,-0.007147253,-0.0026721603,0.020783633,-0.020366507,0.02474568,-0.07302511,0.33571482,-0.00092340633,-0.06747183,0.1320678,0.012934633,0.027468108,0.022658313,0.0061045354,-0.018179545,-0.018696088,1.0407469,-0.03569692,-0.037515808,0.0024399103,-0.026510175,-0.021224974,1.0092539,0.9870237,3041.8855,60.198425,105.564445,29.123795,20.79821,31.350037,-7.7223915e-05,99.97245,3460.2388,DOS-TCP_FLOOD
20.059246,4.973173,65.49659,7679.8647,0.031317182,-0.0044676997,-0.020029547,0.004334901,0.027900124,0.008116655,0.054834493,3.486364,0.13499425,0.036768164,-0.047471806,0.058769416,0.19316418,-0.006260476,-0.002053799,-0.043645702,0.0001794938,0.01423157,1.0143826,0.008419337,0.033871673,0.011976499,-0.02092106,-0.043853767,1.0400895,0.97840965,7924.537,58.94726,592.9142,74.187256,76.73599,69.642426,0.0003639756,101.785675,11997.282,DOS-TCP_FLOOD
19.17214,6.3488584,64.32157,19820.521,-0.015728256,0.010035338,-0.00787446,0.0027694367,-0.051019885,0.015737874,0.0089212125,-1.0413206,0.16077694,-0.045496892,-0.046365492,0.11539463,-0.00016259402,-0.0011107186,0.016676193,0.012285424,-0.03439069,0.0015669363,0.9684508,0.015097285,-0.012658961,-0.023825023,-0.0066464394,-0.036556195,1.0422475,0.99183714,8215.08,60.02418,137.99103,82.33932,27.838608,88.90595,-6.8457666e-05,99.04137,3342.6553,DOS-TCP_FLOOD
19.735096,6.081995,63.75504,7945.1685,0.012874866,-0.0016440336,-0.0043210876,0.025418295,0.08946472,0.0074482337,0.040377196,1.4275031,-0.14635512,0.12311761,-0.030548066,0.16576463,0.0013239494,-0.0034466293,0.01963107,-0.018615847,0.014007639,-0.00174182,0.94207555,0.015429431,-0.010563491,0.0025647925,0.018233586,-0.03586927,1.0166723,0.9852034,9674.723,60.54559,301.1151,91.20465,68.6284,98.38515,0.00024508536,93.21986,15073.409,DOS-TCP_FLOOD
21.299334,4.5281153,63.39838,13791.543,-0.010075997,0.0024961517,-0.014151837,0.011470806,0.035127275,0.021221666,0.02379981,0.099482656,0.34219486,-0.012130755,-0.10335066,0.111373216,0.28678566,-0.0010105548,0.03194187,-0.009634727,-0.008529782,-0.0072113047,1.0537304,-0.03820395,-0.0018532574,0.04535662,-0.016422827,0.0033370964,1.0260301,0.9623994,4387.377,59.61997,60.737,30.984009,5.8628263,50.978493,4.9952723e-05,98.312096,-991.6711,DOS-TCP_FLOOD
19.162212,6.146241,64.14572,12259.224,0.025755148,0.0031254229,-0.005656525,0.000741044,0.005229585,-0.01317111,0.04268946,-0.6338495,0.04154226,-0.012853349,-0.04833486,0.102123514,0.005173325,0.0009069219,0.032574475,0.0015726592,0.00470052,-0.00013242941,0.9511509,0.04196072,-0.032569285,0.020094404,0.0028421637,-0.03995175,1.0059527,0.97237337,7664.8354,59.50259,79.44873,76.29292,8.689399,73.11555,0.00010278182,96.31292,5371.455,DOS-TCP_FLOOD
20.568222,5.3272743,64.26937,20841.725,-0.02677032,0.016183928,-0.005589705,-0.0011856238,-0.04365416,0.0037481035,-0.01583949,-0.88278806,0.6077037,-0.089888796,-0.073616825,0.10638574,0.012632461,0.004169559,7.865485e-05,0.016517539,-0.03336338,-0.03785264,1.0455594,-0.021487119,-0.006291465,0.0024672144,-0.028970132,-0.020359626,1.0274252,0.9891687,8100.9883,60.27117,166.40381,103.40135,42.022377,113.21007,5.085155e-05,102.15399,8015.5547,DOS-TCP_FLOOD
20.492077,5.6419816,64.013176,14360.34,0.007211109,0.0062998845,-0.012789554,-0.0006201044,0.064060636,-0.00241275,0.0206259,4.5722947,0.3155723,0.056860797,-0.040482115,0.09929995,0.0006270725,0.022019915,0.019602513,-0.02074721,-0.01190533,-0.025528718,1.0002837,-0.0041585746,-0.0005499646,0.022466827,-0.01384048,-0.006727986,0.9869173,0.9878737,4578.6924,60.22237,48.16136,45.016308,-9.085556,53.67882,-4.2036307e-05,99.271935,-8674.276,DOS-TCP_FLOOD
20.89886,5.0911355,63.53883,16746.87,-0.0020310003,-0.0011046416,-0.007967822,-0.0023056185,-0.008172395,0.003002992,0.016453333,-0.025719285,-0.053974506,0.06555337,-0.09812587,0.10782452,-0.0054394635,0.005705948,0.039452374,-0.011118696,-0.0007560197,-0.005465313,1.0359199,-0.007103604,0.022976972,0.027792022,-0.01311606,-0.0474632,1.0111201,0.9744453,6275.389,59.50472,288.59808,83.43271,41.463974,96.94309,0.00084651675,102.228584,5378.8247,DOS-TCP_FLOOD
21.104235,5.3323245,63.362362,20605.1,0.0055249687,-0.008785683,-0.019588703,0.00429248,-0.010139473,0.0639004,-0.008863329,0.21807432,-0.14910935,-0.036590282,0.09853703,0.07688162,0.0029790623,0.0081068175,0.014164229,-0.03337803,0.0049252063,-0.019897437,1.0624121,-0.017136935,0.011259703,0.03778883,-0.022980116,-0.037098635,1.0060002,0.97899884,8885.77,59.61513,666.7777,156.65628,161.53018,152.05356,0.00042762398,103.519966,58921.242,DOS-TCP_FLOOD
17.873325,6.432991,64.0571,18805.045,0.027774265,-0.004674602,-0.008958106,0.0057952055,-0.027258279,0.025644174,0.026982788,-0.00035107136,-0.077662,0.42796928,-0.011376328,0.06923681,0.000659056,0.0024067424,0.013524575,-0.014724072,-0.00051185954,-0.021150269,0.92472357,0.05828271,-0.010968486,0.004146424,0.014177358,-0.049382515,1.0343882,0.98385245,9532.429,60.028667,292.80957,118.752914,67.36267,109.630104,0.0002540522,98.04579,10863.824,DOS-TCP_FLOOD
20.586992,5.5038714,63.690872,16660.2,-0.0040795654,0.070774816,0.017288573,0.0331375,-0.00037099048,-0.0035149911,0.040641643,-0.4962361,0.9791657,-0.04116835,0.095970646,0.12793641,0.0116773425,0.01449297,0.027160414,-0.015612362,-0.014751912,-0.019455308,1.0061834,-0.018785786,-0.016154312,0.005928004,0.004854207,-0.015273994,0.9909888,0.97821546,5218.2524,59.99102,18.514267,36.022655,6.553301,60.51063,-3.7097037e-05,95.94373,663.5264,DOS-TCP_FLOOD
20.278193,5.8448873,63.54363,20217.828,0.0103176655,0.004175992,0.0048251357,0.0071428805,0.019631185,0.038516153,0.026583428,0.3368976,0.12645821,0.025854878,0.01899104,0.059193265,0.09814519,0.013675002,0.036840416,0.028435994,0.00464662,-0.038213074,0.972432,-0.007958378,-0.024344845,0.038637813,0.0009783218,-0.013890926,1.0196816,0.96864486,4433.6978,60.052704,159.92331,18.199509,21.03787,26.157936,0.00018419852,94.013115,-3198.985,DOS-TCP_FLOOD
21.071857,5.539095,65.18627,15160.701,-0.010818847,0.0017742511,-0.0043643825,0.004359352,0.024446096,0.016631879,0.007920803,0.24800146,0.36219496,0.043308087,-0.05057205,0.1275947,0.0035135597,0.023214951,0.033510685,-0.0014229724,-0.03207379,-0.0029822998,1.0355731,-0.025951227,0.0037584174,-0.006986952,-0.009312862,-0.027108762,1.0172176,0.9817603,4745.62,60.50596,315.46692,82.7658,107.41338,113.73897,1.5095269e-05,100.54651,39425.242,DOS-TCP_FLOOD
20.9688,5.6143327,64.8618,20341.826,0.023389112,0.008796274,-0.03547727,-0.0028911603,0.017511722,-0.009450097,0.022434872,-0.18548608,0.2915768,0.03987767,-0.11363332,0.13293725,0.0051667006,0.028891586,0.013192447,-0.0068814913,-0.018413909,-0.0064179115,0.9929338,-0.018714763,-0.003573841,0.0003366347,-0.0013136258,-0.034189135,1.023981,0.98546314,6267.674,60.109055,110.059204,67.480194,8.510936,75.62452,6.148094e-05,100.75162,1097.8231,DOS-TCP_FLOOD
21.157215,5.01034,64.07491,18070.258,-0.0018496253,0.00050313026,-0.022125665,0.010314825,-0.039821222,0.01809709,0.046796963,-1.0424483,0.25478137,0.0009664707,-0.060597956,0.11825831,0.0038363182,0.009001027,0.023268506,-0.019396314,-0.0050266436,-0.019672884,1.0704718,-0.035939742,0.0058966503,0.030524304,-0.01423726,-0.038646802,1.0215029,0.9585583,5812.2197,60.65538,185.32454,94.593605,28.393536,106.89813,0.00025148573,105.642235,10090.336,DOS-TCP_FLOOD
20.661654,5.5731335,65.9524,25654.924,0.015511011,0.0030008943,0.00045268098,0.00017205626,0.013121381,-0.01046103,0.017389268,0.4947422,0.15693443,-0.0299691,-0.041015986,0.10249831,0.0072097615,0.006806776,0.009096194,0.010259998,0.0017776713,-0.042407237,1.0064316,0.011036339,-0.0063878614,0.014043193,-0.030038191,-0.02582217,1.0195589,0.9888382,6529.8955,59.995075,-8.48848,64.11051,-19.706676,63.371414,1.6489968e-05,100.114914,-14901.109,DOS-TCP_FLOOD
19.634962,5.2122936,63.87574,19158.666,-0.026527012,0.0026711135,-0.0054714223,0.011004891,0.015164973,0.014518783,0.035545114,-0.5474514,0.044525247,-0.00727836,-0.034503512,0.120004795,0.0041841003,-0.018022554,0.017702838,-0.025744,-0.008234072,0.01963658,0.9993083,-0.011518063,-0.007576964,0.011127213,0.013239652,-0.037886728,1.0226022,0.96439636,9276.08,59.792072,231.62987,104.22093,57.450897,125.343605,1.1928889e-05,97.82347,9797.027,DOS-TCP_FLOOD
18.147408,7.199199,64.232025,18650.219,-0.014073754,0.013608502,0.0032343785,-0.0013186204,-0.0043450613,0.013090113,-0.0038289023,0.14482296,0.17503217,0.026464613,-0.084192075,0.07232258,-0.0048004147,0.007951594,0.021925243,-0.013269622,-0.009836961,-0.006856043,0.8854351,0.08514265,-0.0032311608,-0.0003898691,-0.015709449,-0.05453212,1.016801,0.97852606,8189.699,59.68971,118.81725,93.47343,30.90443,93.409515,0.00019281793,96.64375,4377.564,DOS-TCP_FLOOD
21.100554,5.270066,64.23464,18229.855,0.00068075024,0.0043816087,-0.01132409,0.0015024784,0.013528783,-0.013817386,0.008901096,-0.4078648,0.34779888,0.04976344,-0.10447059,0.13065696,0.0034178742,0.012056636,0.032631878,-0.026724042,-0.012023278,-0.019384444,1.0283774,-0.03164926,-0.013932298,0.01952371,-0.0029158592,-0.011104242,1.0130234,0.9784196,4901.8584,59.930588,18.908127,46.293728,-12.13883,55.92104,-8.7627894e-05,100.65251,809.1483,DOS-TCP_FLOOD
20.031717,5.4250546,63.60817,12761.1,0.022147764,0.0031814098,-0.0011932803,0.0020680327,0.002774016,0.0069856895,0.01589549,-0.20215118,0.13483459,0.07717532,0.00096954405,0.11253425,0.0071643516,0.03212732,0.029120734,-0.0042801676,-0.0099988645,-0.025106382,1.0175364,-0.024058683,-0.014366522,0.0070785964,0.0011829147,-0.0209618,1.008421,0.97230655,5409.3735,60.034557,167.62396,72.205284,42.07813,89.89519,0.0002740371,101.062065,1594.8418,DOS-TCP_FLOOD
18.788656,6.466762,64.32112,23545.514,0.034027692,0.0034044762,0.019041052,0.010086544,0.0053466447,-0.008593061,0.019927297,-0.70220375,0.16933817,0.06491599,0.43162432,0.05405818,0.07459535,0.013582425,0.02502841,-0.019965118,0.006654174,-0.007197391,0.9440572,0.047149014,-0.01360555,0.01636241,-0.017949417,-0.025520433,1.0240521,0.9986722,6346.3604,59.719154,-16.3322,73.848694,-20.857903,68.72196,8.869091e-05,95.46671,-11164.633,DOS-TCP_FLOOD
20.173698,5.4666395,63.641586,21636.072,0.020807328,-0.00038604438,-0.00979993,0.008017297,-0.010407297,-0.016823173,0.0036731246,-0.72923076,-0.1578375,-0.018280637,0.021159846,0.14204346,-0.007894053,0.002564583,0.030939003,-0.003882926,0.019176032,-0.034174476,1.0356753,-0.0033912954,-0.034519747,0.03531847,-0.0053274864,-0.008546728,1.0035924,0.9916308,6027.9995,59.287865,69.377945,60.633522,11.845709,62.44451,9.238922e-05,100.892654,1866.9849,DOS-TCP_FLOOD
19.111523,6.3795385,64.395096,13573.859,0.052595094,-0.017215941,-0.0077551785,-0.000108404085,0.0014354428,-0.00085940294,0.022951895,-0.05875659,-0.23812139,0.20014702,-0.039344136,0.1085612,-0.0008111912,-0.009046159,0.025591517,-0.022250991,0.0025256118,0.00064242166,0.9593531,0.042161386,-0.0043003517,0.022290446,0.0020301575,-0.03816221,1.0281732,0.9839148,7683.771,59.380196,82.1349,78.372925,9.037006,80.59739,6.156687e-05,98.04604,-4134.774,DOS-TCP_FLOOD
21.069798,5.4192214,66.36373,14750.166,0.016406668,0.006229496,-0.006913352,0.0047417344,-0.003960777,-0.016308283,0.0012272643,-0.05655229,0.24383235,-0.033262927,-0.07615891,0.10453119,0.0044002314,-0.016055053,0.0182979,-0.003200709,-0.0032818317,-0.022690723,1.0642705,-0.034026653,-0.018011943,0.019391684,-0.005153045,0.004936969,1.0305458,0.99668133,6326.9355,60.447647,80.38605,45.608646,0.011865616,68.25653,-0.00020028271,99.91889,1820.062,DOS-TCP_FLOOD
19.706636,6.1283693,64.125336,28077.404,0.00032925978,0.003966144,-0.0051820907,0.010110532,-0.02304882,0.016968178,-0.0071156975,-0.63524365,0.27702335,-0.007848813,-0.088759,0.0741598,0.174314,-0.024893442,0.04084281,-0.011812266,-0.00013739802,-0.04751829,0.9953446,0.010235971,-0.018986912,0.005383843,0.017677411,0.008630076,1.0404519,0.98557556,9464.301,59.223427,-41.098816,45.02472,-29.199654,94.63704,6.761582e-05,99.754295,-2032.9043,DOS-TCP_FLOOD
20.074614,5.4734755,63.193638,15233.535,0.014699606,0.0068142894,-0.010603216,0.01166162,0.038223095,0.0005757698,0.028272951,-0.06373322,0.25508854,0.037156247,-0.03609776,0.1413762,0.002584482,-0.0020624045,0.024196688,-0.029289478,0.0126250405,-0.013826273,0.99735284,-0.018181901,-0.014249839,0.018194184,0.008384347,-0.020362234,1.0142101,0.9763692,7291.366,59.547718,53.145798,73.647446,9.795091,86.36997,0.00013209507,96.64268,1628.595,DOS-TCP_FLOOD
20.06615,5.036668,63.826588,17460.947,0.022014799,-0.0016213168,-0.028656656,0.011422866,0.01801484,0.04835584,-0.0054157106,0.85335493,0.26875165,-0.014104664,-0.09794323,0.1605891,0.10130519,0.031726874,0.034078564,-0.0058140373,0.02347435,-0.019672029,1.0160778,-0.018385526,0.035789255,0.03808103,-0.009482698,-0.04308912,1.0207609,0.9933651,5781.1025,58.96252,70.84238,80.66084,10.254361,111.45654,0.0020260224,101.44542,4432.3735,DOS-TCP_FLOOD
19.682047,6.1859365,65.96479,19295.412,0.026574897,-0.012746799,-0.009401458,-0.013827828,0.0129565615,-0.0069001047,0.023579232,-0.47731757,-0.24715824,0.029089374,-0.058938447,0.1211203,-0.018212264,-0.016844088,0.024149891,-0.027628979,0.011347671,-0.0047854474,0.9899123,0.013563237,-0.012009481,0.022832917,-0.010278829,-0.054360837,1.0362158,0.9844196,10014.162,59.847492,158.57501,87.33054,35.205215,86.96587,0.0001429938,97.69786,10930.2,DOS-TCP_FLOOD
20.82222,5.3087482,63.6624,16387.988,0.02291352,-4.4181943e-06,-0.022627827,0.0026318005,0.03703603,0.0074436935,0.03350845,0.2598238,0.1802074,0.10211837,-0.0816927,0.13844913,-0.010382602,0.010649114,0.03162901,-0.02091023,-0.008813915,-0.013390316,1.017582,-0.0240923,-0.013187224,0.0073781563,-0.007738685,-0.034599185,1.0212358,0.9785323,6920.399,60.554596,155.60486,71.00807,17.59985,80.0742,-6.313987e-05,98.52378,3708.8364,DOS-TCP_FLOOD
19.560675,5.8125815,63.31902,21002.594,0.031338215,-0.002098258,-0.0047879014,0.020977383,0.026201678,-0.005709865,0.01920155,-0.15910566,0.043719765,0.027782358,0.0031956658,0.11090621,0.048868492,0.0073149516,0.009951139,-0.0020238431,0.0058263913,-0.040851094,0.9750989,0.014771231,-0.0062817372,0.04867099,-0.034255102,-0.006864695,1.0092163,0.99225706,6143.7046,59.7303,-26.445251,41.42973,-23.115685,52.080597,-6.502539e-05,97.34848,-13840.067,DOS-TCP_FLOOD
19.176168,5.8447547,69.65092,29432.082,0.012975063,-0.0030744353,0.12661088,-0.011766769,0.011877937,-0.02588166,0.01488935,-0.06925309,0.12239858,-0.057357587,1.8905666,0.06973381,0.0034708534,0.0022723246,0.031803146,0.037043057,0.0023508212,-0.026651923,1.0188276,0.0027670783,-0.0088082235,0.031268086,-0.042514056,-0.04839857,1.0269027,0.98804635,3211.4639,59.81888,-11.04364,80.17328,-20.091278,54.3486,2.358004e-05,97.112076,-12770.703,DOS-TCP_FLOOD
19.894257,5.762715,64.680016,18324.4,0.017616842,0.0076938528,-0.023960957,0.005170069,-0.0032186005,0.0028177006,0.015431024,0.03450656,0.21411064,0.037984803,-0.117483035,0.10790906,-0.0076389476,0.029038586,0.0037389714,0.017771414,0.010441764,-0.013227126,0.96566737,0.0109160645,0.007505584,0.0072085015,0.00081170816,-0.044247303,0.9985094,0.9949878,7209.088,59.878956,106.61122,78.17194,11.409587,88.30434,0.00020991935,101.27909,2524.8186,DOS-TCP_FLOOD
21.54788,4.6577024,63.717697,22473.81,0.040987775,-0.0081750145,0.0010184664,0.012204721,-0.007926827,0.04777517,0.04437376,2.8469243,-0.09603914,0.3083633,0.040146336,0.0985137,0.08418357,0.0067524333,-0.0083824005,-0.043065295,0.025314387,-0.01879922,1.0541067,-0.017883688,-0.0152791655,0.04984867,-0.0038443226,0.0069640204,1.0240085,0.94713587,6803.0977,60.121574,346.8111,52.41046,63.08048,65.942665,0.00013696306,102.7207,4979.1963,DOS-TCP_FLOOD
20.85749,5.2270994,64.128845,22545.66,-0.011238213,0.0017908212,0.006616779,0.0011451653,0.020174226,-0.0050220834,0.0027765334,-0.051778316,-0.021046398,-0.02143003,-0.054480635,0.17055818,0.0046248296,-0.0047522597,0.016687555,0.0061940635,-0.016695002,-0.041746568,1.0509062,-0.014664435,-0.019577336,0.031597126,-0.012255524,-0.0025518145,1.012113,0.9810817,5278.2314,59.688763,-3.479248,36.434593,-1.1811275,51.88772,-3.244121e-05,99.89915,-2215.9048,DOS-TCP_FLOOD
20.65938,5.8732986,63.87535,11066.604,0.019119548,0.0050382656,-0.02244817,0.0009716767,0.038934886,-0.01994102,0.005726691,1.302635,0.13821845,-0.0025659613,-0.08636713,0.093693435,0.12926443,0.0304179,0.038949907,0.012809757,-0.011659659,-0.037336018,0.9930674,0.0054608425,-0.019279901,0.020669099,0.00074456446,-0.004310021,1.0024755,0.9845149,5384.091,59.93059,89.82175,49.43849,20.089962,62.508106,0.00047147655,99.708305,3167.8303,DOS-TCP_FLOOD
18.630936,6.309903,63.561028,15637.557,0.017239843,-0.0077428096,-0.010706902,-0.0103329,-0.022003347,0.007875165,0.012483542,-0.42420816,0.22991136,0.059087086,-0.02485887,0.0866019,-0.009396262,0.015032196,0.029109595,-0.020318937,-0.012124501,-0.015769653,0.9566746,0.055428907,0.0019070436,0.0057128957,-0.030103503,-0.031039773,1.036542,0.97531134,5609.285,60.163914,-43.039368,72.3265,-34.2921,71.735886,4.9239417e-05,99.20878,-21359.668,DOS-TCP_FLOOD
19.05393,6.245252,64.454216,13466.934,-0.011521363,0.017459078,-0.027801057,-0.0034100418,-0.031176468,-0.00735698,0.0051625236,-0.15103865,0.98382664,-0.04734795,-0.057885613,0.093080655,-0.008930235,0.018878574,0.015755098,-0.025783889,-0.019787855,-0.0003533531,0.9413902,0.029461192,0.0059327227,-0.022158485,-0.0023384206,-0.034449633,1.0481559,0.9974202,8447.293,60.181644,259.8693,102.914375,50.045425,111.44422,0.00011119352,98.81126,11833.088,DOS-TCP_FLOOD
20.60403,5.00117,61.40133,19144.898,0.015128141,0.091627546,-0.0037410762,0.04720688,-0.026622942,0.015570241,0.009016019,0.5303513,0.70515805,0.05007471,-0.15815315,0.12723252,0.0016438492,0.017936084,0.034134608,-0.0067676697,-0.018571593,-0.039266903,1.0024881,-0.018521791,0.003251105,0.011085402,-0.007073632,-0.013674943,0.9910028,0.96164685,4587.7744,59.498184,24.041443,22.572098,9.046198,52.023327,0.0013577034,93.580185,2004.1951,DOS-TCP_FLOOD
19.294203,5.8629427,64.00682,12915.777,0.034538865,-0.0027458651,-0.0030749617,0.03614516,0.023860067,0.014200476,0.042479526,0.44932812,0.06164442,0.14541173,0.010025333,0.07603615,0.049709797,-0.005996255,0.0016001705,-0.0014114799,0.0131877065,-0.03206768,0.945213,0.021608878,-0.015200572,0.033164497,-0.012076231,-0.004614964,1.0017312,0.97829473,8904.152,58.741512,1.3363342,56.916904,-6.296734,61.688946,0.00011502682,97.383064,-11332.758,DOS-TCP_FLOOD
20.75445,4.7074914,62.876858,26487.148,0.012208129,0.0022206036,-0.011213686,0.010132857,-0.012740377,0.037296753,0.037241004,-0.24479401,-0.003618598,-0.03356068,-0.0660698,0.104440264,0.011993948,0.013513926,0.028279891,-0.030377429,0.0063372543,-0.02075946,1.0388526,-0.046755433,-0.020025052,0.043273658,0.015139876,-0.038708325,0.99215364,0.95495343,5059.616,59.54206,318.17316,43.41541,62.51694,74.801575,0.00025390615,102.59381,4743.1475,DOS-TCP_FLOOD
20.258755,5.560551,63.775303,8034.3965,0.008338745,0.0040274914,-0.008540659,0.017481776,0.031582613,-0.0041855844,0.019645292,0.23691815,0.12219898,-0.0041134283,0.034202743,0.13025203,0.0048291255,0.006936174,0.021888036,-0.028113658,0.012925055,-0.009922198,1.0176785,-0.031463176,-0.018446758,0.016262524,-0.001768833,0.0031671394,1.0064727,0.97865236,7674.203,60.198006,172.17744,61.12345,43.998215,73.9962,0.00014694309,99.379845,6681.169,DOS-TCP_FLOOD
20.96539,4.964472,63.792194,24097.074,0.016052235,0.0013448781,-0.0086625675,0.016491422,0.044897176,0.035230532,0.05273272,0.5366534,0.1525406,-0.047390986,-0.005071759,0.06013783,0.15543337,-0.02596017,0.009217895,-0.035737496,0.00033059157,-0.011507891,1.0327005,-0.07155218,0.010010969,0.017988572,-0.000743079,-0.0290143,1.0260336,0.9621347,7537.1406,59.62538,253.84163,64.75824,49.196125,68.60538,2.1635933e-05,98.66194,6418.853,DOS-TCP_FLOOD
20.003248,6.5002203,64.31943,11719.616,-0.023266299,0.005610779,-0.0061016786,-0.0026377814,0.02963199,-0.0141984075,-0.022641014,0.304977,0.108294524,0.0091551235,-0.0604263,0.095388874,0.009751572,-0.009985644,0.024835296,-0.022197878,-0.014790745,-0.005969275,1.0067996,0.0037416255,0.017224994,-0.0013913738,-0.030276738,-0.022108415,1.011518,0.98395026,6570.263,59.866467,84.65291,67.79925,22.989506,87.81969,8.9785404e-05,99.92757,-2207.8655,DOS-TCP_FLOOD
19.530247,6.057912,64.199104,7552.7217,-0.0024595018,0.0076415055,0.01038082,0.016793655,0.03798788,-0.0067232572,0.005093096,1.0155581,0.72622865,-0.09625133,-0.039737824,0.176379,-0.005876867,0.032756723,0.02183466,0.0027065445,-0.003949236,0.00084483065,0.9777007,0.001146812,0.007491733,-0.016972821,0.011634542,-0.032682948,1.0135671,0.9874024,9201.296,59.877247,488.28946,107.08579,136.2558,127.88416,0.0005259407,98.59568,49583.133,DOS-TCP_FLOOD
20.039164,5.6470737,64.2239,19039.936,0.016727785,0.0015113315,-0.02456066,0.005738895,-0.0030513033,0.017631242,0.033871487,-0.0810976,0.09923445,0.08980691,-0.13578916,0.094534144,0.0039425665,0.022414174,0.0037885224,-0.0019771606,-0.0068040495,-0.014836287,0.9979789,-0.002644546,0.005090609,0.010707589,-0.014221335,-0.047589146,1.0040476,0.9787112,6390.237,59.744003,208.69614,89.37027,37.047306,98.53348,0.00024429892,101.38641,4097.052,DOS-TCP_FLOOD
18.409641,7.142419,64.28981,10267.607,-0.021094393,0.0028305221,0.019146193,0.0019624562,0.009981355,0.014855115,0.017855493,0.28368998,0.15355794,-0.013321944,0.2255048,0.10696685,0.0070984946,0.017057933,-0.00081389677,-0.0057030283,-0.012583012,-0.0076278388,0.9100901,0.05860913,-0.014254563,0.01990148,-0.0023130141,-0.027958015,1.0068041,0.9887982,7076.729,59.759544,19.892502,56.465622,-4.3576717,57.131634,0.00015389486,96.666306,-4489.7544,DOS-TCP_FLOOD
21.088488,4.8750854,64.3502,16676.191,0.019325603,0.006665272,-0.018116107,0.0075421403,0.06204796,-0.008926759,0.02671188,1.8836215,0.30779436,-0.00029260293,-0.037235986,0.07774909,0.10827855,0.0052256277,0.02059563,-0.029230153,-0.00587648,-0.028089928,1.0247306,-0.038840406,-0.012024007,0.040147185,-0.0021047518,-0.0025613047,0.99752337,0.9778174,5331.5,59.63846,143.70856,27.779617,24.672655,38.090652,8.938553e-05,97.69091,4312.8213,DOS-TCP_FLOOD
20.185263,5.6157455,64.05306,10075.621,0.030613905,0.008223458,-0.011252626,0.015817918,0.025716046,-0.004343703,0.017176494,0.028098583,0.27718666,0.10557924,-0.01316441,0.154841,-0.006637834,0.012169512,0.025799692,0.005848594,0.005373014,-0.00832131,0.9942037,-0.015323897,-0.024493609,-0.019899484,-0.009078401,-0.024632959,1.0294259,0.9985231,7609.163,59.708256,99.918884,51.66583,18.087704,62.651627,6.7732806e-05,97.77891,5320.1733,DOS-TCP_FLOOD
21.430838,5.316601,64.40643,21585.271,-0.0140631925,-0.0021376528,0.0067036087,0.011308254,0.01909684,-0.018190404,-0.0007284456,0.22770792,-0.026758384,-0.030624975,-0.10282765,0.12947592,0.0064689927,0.015914107,0.012548877,0.019766472,-0.029747196,-0.062050667,1.0127125,-0.022454556,-0.010943805,0.007763272,-0.018448137,-0.013611948,1.0004867,0.9887081,5422.327,59.889626,153.62848,59.543884,39.874027,62.805088,5.656667e-05,101.91055,3308.0198,DOS-TCP_FLOOD
18.513306,6.731486,64.76118,11391.943,-0.012590353,0.01495174,-0.007312656,0.0018783448,0.0036675716,-0.0015675084,0.01002085,0.480942,0.5163994,5.878508e-05,-0.012614614,0.11106546,0.0073919045,0.026427358,0.009340331,-0.00920264,-0.011004783,0.010958881,0.9302541,0.03450738,-0.016290095,-0.038344886,0.02826197,-0.022716923,1.031622,0.99864167,9380.073,61.45926,268.40698,90.692505,69.96623,106.57097,0.00023850707,96.33412,19321.273,DOS-TCP_FLOOD
20.770676,5.252176,67.99798,18262.682,0.022107247,0.010180852,-0.024742668,-0.0028767453,0.019817648,-0.013835438,0.024395984,0.01796782,0.33582455,-0.03375217,-0.03439313,0.1097299,0.015397641,-0.0037685037,0.02869183,0.0017914502,0.0041345693,-0.0065801805,1.0164601,-0.017070863,-0.008412114,0.007249636,-0.009488104,-0.048376776,1.031983,0.9923013,5903.303,59.59532,102.12513,83.54448,1.030674,71.17966,-6.2770996e-06,98.92747,-330.95758,DOS-TCP_FLOOD
18.889744,5.4667993,64.20561,18435.482,0.0060130283,0.0061076093,-0.015981808,0.019630564,0.016682852,0.014190138,0.06982983,0.55145013,0.1817959,-0.028290702,-0.074848965,0.10964389,0.05631084,0.008234097,0.018848019,-0.007523158,0.0013066223,-0.002417122,0.9450511,-0.0026042794,0.021689255,0.041462373,0.002903035,-0.056350894,0.9953771,0.9797161,6886.8276,59.518448,314.04044,53.76176,41.841,58.665043,0.0002120684,97.82087,808.1484,DOS-TCP_FLOOD
20.51723,5.7165213,67.49174,15315.463,-0.031618413,0.045856554,-0.008383068,0.0026982317,0.005045677,0.0070064333,0.0069870404,0.87861496,1.6043713,-0.011386051,-0.07360016,0.090273656,0.005835801,0.04046005,0.018751932,0.022895817,-0.023896301,0.00021887477,0.9790597,-0.0090024145,0.008527615,-0.02464088,0.004259688,-0.03332186,1.0153086,0.98778707,6286.526,59.943783,319.94302,66.108376,66.79948,89.86071,0.00019031423,98.119484,14479.112,DOS-TCP_FLOOD
21.350636,5.128351,64.26681,12412.218,-0.004630238,0.0074617784,-0.015491619,0.0065259645,0.05471339,-0.010554025,0.0042585656,0.48811555,0.38119763,0.04144737,-0.16953035,0.13915619,0.001185458,0.011012064,0.021367356,-0.029770797,0.007422985,0.008607212,1.0146106,-0.04101738,0.017690673,0.025913995,-0.032471858,-0.057637274,0.9889428,0.9844209,5707.1104,59.64945,79.32823,58.78502,8.933032,82.87907,0.000393424,99.48563,-35.0831,DOS-TCP_FLOOD
21.507637,4.5985684,63.364475,16344.65,0.013752861,0.0036370156,-0.041995082,0.005196394,-0.011053445,0.01723686,0.037369553,0.71046954,0.42130056,0.40944186,-0.0049992837,0.00793415,0.46175566,0.0027920585,0.008076438,-0.047810853,-0.021887282,-0.0044772215,1.0649153,-0.012596183,0.012153177,0.011379626,-0.017522713,-0.028430568,1.0576268,0.9784131,4815.4663,59.6238,224.64743,47.225777,40.79699,54.028954,0.00020288018,103.607925,7632.4478,DOS-TCP_FLOOD
20.414577,4.888324,62.749702,13185.93,0.007561538,-0.004348893,-0.011496515,0.0057974723,-0.03204064,0.01113125,0.034796983,-1.0375097,0.11744205,0.014925262,-0.036284417,0.10640818,0.0033164422,0.00023272354,0.020880908,-0.010703689,0.006029601,-0.013119334,1.0408349,-0.030834796,-0.03317739,0.016991463,-0.005624201,-0.024108503,1.0305564,0.9646712,7730.489,59.76496,69.77467,65.11331,16.790228,75.195076,0.00011279175,101.3515,4309.699,DOS-TCP_FLOOD
21.357862,5.6003256,63.614227,9554.484,0.0123451175,0.007238491,-0.012439664,0.0075513544,0.054668,-0.0090589905,0.007186576,4.6697645,0.06298529,-0.05473386,0.024310013,0.078753754,0.13212575,0.009597083,-0.00048079062,-0.030931793,0.007944493,-0.034413364,1.0294651,-0.0062751714,-0.023320235,0.014932594,-0.0051697856,0.0037053227,1.0174987,0.979171,6944.533,61.30465,298.97314,70.90563,62.748943,81.46892,0.0005664526,99.127625,7910.211,DOS-TCP_FLOOD
19.230122,5.708189,59.70201,6930.1133,0.004935311,0.0010647139,-0.013262485,-0.0002717413,-0.013290564,0.014254553,0.033228237,0.45580596,0.36346778,0.08494512,-0.035016075,0.13477677,0.0010535287,0.03524447,0.02768872,-0.028655987,0.018518267,-0.015968714,0.97301906,0.0067418194,0.013765981,0.0382023,-0.013003543,-0.023062937,1.0051264,0.94749314,6012.978,60.195946,162.43826,34.13736,41.38002,68.20293,0.002138908,98.34067,7858.443,DOS-TCP_FLOOD
19.632305,6.081881,63.984238,8391.582,0.027454587,0.005979688,-0.016046364,0.0011140405,0.009740612,0.0029505668,0.010238196,0.40310466,0.32099125,0.10857533,-0.036892887,0.06777549,0.007771452,0.023183748,0.02948575,-0.012410967,-0.01151485,0.001228922,0.9716769,0.0019263738,-0.0026306068,0.010483273,-0.0147849955,-0.018443618,1.0242126,0.9784423,6831.3613,60.287613,90.90181,66.7553,12.811109,86.0646,1.3158395e-05,99.23777,3624.0159,DOS-TCP_FLOOD
20.290758,5.1455026,63.764576,18341.312,0.021492518,0.038082484,0.021736082,0.007012054,0.008066909,0.01111553,0.0024806708,-0.15920389,0.57166004,0.0485938,0.014658792,0.16315451,-0.0017964371,0.02093456,0.008184676,-0.007644556,0.010747005,-0.01656668,1.0215094,-0.037208132,-0.0014438364,0.029638011,-0.006554285,-0.012849661,1.0036294,0.9971884,7040.6377,59.38471,-17.457489,51.886883,-5.1038704,86.898285,0.00014136676,98.23158,-2419.3794,DOS-TCP_FLOOD
18.708956,5.844479,63.821697,4617.9575,0.0057617575,-0.0006708689,0.01388585,0.019600114,0.042683378,0.0007419131,0.036678374,1.0802436,0.059893087,-0.081658944,0.3827291,0.07483884,0.07283757,-0.0037359865,0.01225931,-0.03652786,0.02272388,0.02642012,0.9590415,0.021340292,0.0018734043,0.020560456,-0.01917519,-0.016496355,1.0014222,0.96390814,7960.263,58.442596,233.7627,73.92521,58.355663,90.50946,0.00019876783,95.784096,14900.34,DOS-TCP_FLOOD
20.565357,5.4793506,64.263336,16481.953,0.005172193,0.0042481804,0.014395712,-0.0021414729,0.021105684,-0.027510978,0.021537919,0.07197863,0.2871055,-0.010963538,-0.08939855,0.15717462,0.0066840746,0.008363602,0.018765913,-0.017393092,-0.01735322,-0.022437153,1.0309861,-0.019159,-0.0055160103,0.041927475,-0.016601231,-0.021804506,0.98380846,0.9762836,5820.112,59.391567,27.367584,59.79742,1.6774387,93.23212,-7.144363e-05,102.39088,4565.2314,DOS-TCP_FLOOD
19.961832,5.9524684,64.147125,12503.305,0.0043389946,0.0101045035,-0.03245372,0.0054091513,-0.020086866,-0.009548033,-0.0032872055,-0.43702102,0.20148502,0.016724855,-0.008796788,0.08113683,0.010883941,0.015130851,0.009078955,-0.0065651583,-0.009283961,-0.011548748,1.0075476,-0.008857073,-0.007374761,-0.0077102724,-0.007775295,-0.004306361,1.0263431,1.0045563,8891.663,60.69752,187.68149,88.80027,36.91539,95.40603,0.00017901044,101.51127,11072.143,DOS-TCP_FLOOD
20.737488,4.8007035,63.90347,14582.488,0.031894255,0.0025000856,-0.015919626,0.008177689,0.024775384,0.01483622,0.024519281,0.42627543,0.12214347,0.24435683,-0.016702112,0.14259148,0.0013322419,0.015029933,0.0019933004,-0.031368107,0.015373808,-0.005414379,1.0267334,-0.045954797,0.020215984,0.032879386,-0.010121492,-0.028128829,1.0061588,0.9711911,7047.489,59.926563,360.7558,45.05875,47.42907,63.656265,0.00022896103,100.49329,2155.6147,DOS-TCP_FLOOD
18.713993,6.016111,61.799595,7747.946,-0.004599672,0.0018254776,-0.009252785,0.03672334,0.0064589214,0.012405262,0.053289983,0.53815377,0.12816505,0.069902964,-0.050634913,0.07939525,0.0623082,0.02107525,0.017980786,-0.013537237,0.015633773,-0.01444773,0.93007314,0.048036497,-0.011315143,0.02366971,-0.011437488,-0.036040273,0.9923463,0.94709414,7471.2637,59.042885,182.3836,59.281086,55.206295,79.60737,0.0007103697,96.62292,11837.049,DOS-TCP_FLOOD
19.5845,5.801477,64.73913,23742.902,0.010055694,0.005077776,-0.018876337,0.005813763,-0.011070956,0.0053586317,0.029628716,-0.5867528,0.15740082,0.036524065,-0.057362683,0.095317654,-0.005853804,0.00084997155,0.039368227,-0.017092578,-0.012999045,-0.0016730465,0.98149717,0.011194756,-0.012305788,-0.0019491871,-0.007550674,-0.035019267,1.022839,0.9708866,6809.0327,59.363373,146.13931,61.593018,20.709524,68.82846,-6.5553424e-05,98.24217,-318.87903,DOS-TCP_FLOOD
19.605433,6.248597,75.96313,10400.13,-0.010807597,0.007578646,-0.0062454655,0.0003043227,-0.011127843,0.013198227,0.023018796,-0.52910805,0.2506801,0.03479496,0.040667623,0.0994876,0.00021739677,0.013909277,0.013740512,-0.01722904,0.00373316,-0.008382051,0.9987122,0.019270211,-0.0021487381,0.011872119,-0.008806753,-0.031353023,1.0216117,0.9924418,8300.02,60.33476,166.49307,106.30009,28.562946,98.79363,0.00012301593,97.73332,12093.203,DOS-TCP_FLOOD
22.651873,5.524766,64.40761,6936.168,0.0008132309,0.011832107,0.0056126644,0.01868292,0.07414173,-0.023697697,0.005053119,6.427358,0.23452744,0.03496338,-0.06747285,0.18670505,0.07519331,-0.0051632756,0.016246026,0.013189876,-0.016584078,-0.030354278,1.0858389,-0.035513543,0.004970627,0.023781337,-0.06191262,0.0153493425,0.99422324,0.98420024,2997.5962,60.746212,219.33786,8.049469,51.0575,45.96919,0.00021410295,101.820854,9141.487,DOS-TCP_FLOOD
20.944149,4.7078586,64.489746,19261.014,0.007776608,0.00725825,-0.04585657,0.011621671,0.00691613,-0.022809573,0.02048013,-0.3584895,0.4364723,0.01889476,-0.0772215,0.15401638,0.010473782,0.011455444,0.015572104,0.0063464604,-0.011195062,0.00093642157,1.0481994,-0.044956293,-0.0013262103,-0.00410296,-0.01877982,-0.018489607,1.0486819,0.99732405,5589.0977,59.883064,160.45982,36.548946,26.960567,60.822212,-0.000114845796,101.69941,7679.1826,DOS-TCP_FLOOD
22.682026,4.196258,73.092026,11599.717,0.008298102,0.00652546,-0.016317034,0.021595113,0.0871138,0.006368644,0.058574192,1.4990324,0.4400528,0.027857982,-0.11180018,0.14862236,0.096082784,0.023266088,0.008686212,0.022467453,-0.007138403,-0.0014980324,1.0774939,-0.043261416,-0.009594385,0.016228605,-0.034427598,-0.0438156,0.97517174,0.9724495,2508.822,59.991695,504.82245,23.147003,62.28457,32.143887,0.00058334455,99.82525,12569.768,DOS-TCP_FLOOD
17.774181,6.9579244,64.394424,14669.418,-0.006449707,0.00053713843,0.007412794,0.008376252,-0.00016108342,0.0050230515,0.011531684,0.66394913,0.031038515,-0.018515646,0.16401744,0.09470038,-0.003673095,0.013205295,0.0066212704,0.012102699,-0.008991302,-0.0049601635,0.861111,0.08679192,-0.013441814,0.0127957845,0.016024305,-0.02289528,1.013364,1.0052292,7679.997,59.362526,9.649017,54.34257,-7.450306,58.711052,0.00024312292,94.41829,-5425.0264,DOS-TCP_FLOOD
17.821419,6.399581,63.762127,22946.36,-0.005129436,0.003751214,-0.012539937,0.0095609445,-0.033402078,0.034312762,0.016565943,-0.17833722,-0.0074205548,0.023070434,-0.07041526,0.06471369,0.002059295,-0.0048459647,0.01199077,0.0031331042,-0.0033399416,0.00319283,0.90032774,0.083778165,-0.00029111747,0.008021379,0.009337742,-0.033900138,1.0329139,0.982633,8618.754,59.205376,181.98566,96.069565,38.431618,101.52818,5.946672e-05,94.95287,2896.7825,DOS-TCP_FLOOD
17.847822,6.5580816,64.12072,16451.2,0.010875612,0.005284741,-0.009219304,0.0077728364,-0.017585095,0.024370015,-0.0015347381,0.23069286,0.15737042,0.14060596,-0.012448746,0.0597015,-0.0064106258,0.016571006,0.014537631,-0.00855287,-0.0042763166,-0.0061904127,0.92429787,0.055388425,0.004703435,-0.012924811,0.0044110697,-0.017097458,1.020844,0.9885919,7469.665,59.74344,171.68246,89.66133,35.69315,103.7965,0.00020544736,98.44214,4715.956,DOS-TCP_FLOOD
19.8213,5.5457206,63.747795,6051.8057,-5.317852e-06,0.0017747615,-0.03427642,0.017402677,-0.014722044,0.018280614,0.012490911,0.3239712,0.44538546,0.064571425,-0.0265825,0.020352058,0.20178683,0.029280579,0.021090789,-0.012354161,-0.00013406388,0.004976713,0.98182535,0.024311164,0.017291255,0.012001452,-0.032553643,-0.025759485,1.0339116,0.9866527,5135.0854,59.70982,221.61493,41.154427,36.204655,54.05787,0.00019772013,99.29487,8398.518,DOS-TCP_FLOOD
18.334944,6.8382106,65.29433,20883.4,0.00014993362,0.009834177,0.0020175823,-0.005079922,-0.04759793,0.0034489175,0.016670424,-1.0288546,0.119754165,-0.09961793,-0.040279385,0.12084441,-0.01686804,0.009809387,0.020326573,-0.0039526494,-0.023833858,-0.016723504,0.9209216,0.056554906,-0.020896068,-0.01589442,0.0044329604,-0.039322417,1.029685,0.98766744,9193.197,59.591305,168.54965,106.90106,32.903126,102.923065,0.00013719167,98.56417,4209.163,DOS-TCP_FLOOD
18.953749,5.8761406,72.83972,26419.361,0.023756538,-0.013553654,0.005628327,-0.020529397,-0.03709493,-0.021608334,0.052500114,1.0241891,-0.25107142,0.051975004,0.005534813,0.09698482,0.0047886074,0.0014255289,0.008404696,-0.017221589,0.008257701,-0.005806866,0.99193573,0.069277845,0.006386882,-0.011322215,-0.020721454,-0.07225631,1.0499351,0.98924863,9277.446,59.598248,662.492,115.32825,68.18887,86.32086,0.00042235307,102.052574,8186.3755,DOS-TCP_FLOOD
21.106333,5.2133703,63.61927,10552.974,0.014112491,0.0053837653,-0.004471047,0.021253517,0.05217424,0.0113323415,0.037507273,1.3491149,0.16901541,0.016049702,-0.0707391,0.15871109,0.0029645169,0.01014287,-0.0053395564,-0.011716284,0.017670378,-0.027382452,1.0196991,-0.055211022,-0.008777649,0.037621677,0.01331982,0.0088580735,1.0035114,0.9661506,5541.2783,60.067062,98.38924,34.78315,19.548252,45.881527,0.00017033836,99.40054,2583.2737,DOS-TCP_FLOOD
19.325737,6.001084,63.693966,19551.307,-0.005143797,0.0017188076,-0.029228348,0.001586787,-0.029304331,-0.0019203714,0.0109739425,-0.75805306,0.1953231,-0.009887003,-0.034299254,0.09629151,0.008942786,0.005904939,0.029459896,-0.006948826,-0.019255927,-0.010674581,0.98871326,0.004029929,0.003410913,0.015619593,-0.023681803,-0.030700486,1.0207293,0.98099047,7394.244,59.77228,138.03436,84.52306,23.883942,84.192154,0.00013483758,100.550964,5751.4453,DOS-TCP_FLOOD
19.242306,6.1339297,64.445305,16959.99,0.012725693,0.0034095426,-0.022352528,0.015667781,-0.02566673,0.006933953,0.056674168,-0.5035242,0.08803078,0.011101513,-0.0650352,0.052945882,0.069103636,-0.008514411,0.029776031,-0.018278724,-0.011276071,-0.008938181,0.97451293,0.037178654,0.0016733818,0.0060467958,0.0004586298,-0.040655985,1.017956,0.9681086,7353.5356,59.18,257.9729,82.423195,41.558453,85.24775,0.00016734848,100.08801,4355.003,DOS-TCP_FLOOD
20.291523,5.1775384,64.10492,16416.11,-0.004023835,0.0052163,0.0032142247,0.011719406,-0.013475981,0.021522991,0.011454512,-0.3982849,0.13734794,-0.002851244,-0.03456051,0.093159884,0.027989823,-0.0018337695,0.021337869,0.0025206571,-0.01717369,-0.04674528,1.0202132,-0.020783205,-0.014933194,0.020845745,-0.0008006301,0.0035278406,1.0070194,0.95891607,6050.2554,59.937054,58.868393,44.57125,24.665672,68.922554,0.00021640422,99.381325,583.5814,DOS-TCP_FLOOD
20.326433,5.272081,64.37541,13306.24,0.044359807,-0.0062978207,-0.01624112,0.008343977,0.0057879332,-0.0024200855,0.028863505,0.49085772,-0.08066993,0.47622067,0.014464164,0.14385465,0.0037818153,-0.0011695502,-0.020851737,-0.016552864,0.016872693,-0.002448475,1.0119193,-0.011212291,-0.01942158,0.004330651,0.020718185,0.0011202879,1.0359,0.9909359,9712.472,60.508522,173.5751,87.73238,37.642113,93.0389,0.00012460825,101.270515,6922.3027,DOS-TCP_FLOOD
20.118116,5.5086627,64.22926,16387.697,0.029277096,0.0035818927,-0.017178673,-0.003428482,-0.0072831325,-0.0025574625,0.017297924,-0.21046293,0.20121993,0.017692946,-0.09099134,0.10156464,0.0016169302,0.013045685,0.012200362,-0.0074345474,4.4917688e-05,-0.004894305,0.9921565,0.009392474,-0.0040003867,0.019072264,-0.022450669,-0.034412716,1.010546,0.9716255,6821.787,60.10071,82.94418,81.37924,1.7961521,83.63313,2.6930167e-05,100.54614,-3475.1838,DOS-TCP_FLOOD
19.55665,5.5662336,61.421745,22891.271,0.0075053885,0.0022153286,-0.010335311,0.0024851772,-0.0025354614,0.028298818,0.005474938,-0.30593228,0.23959291,0.020184733,-0.069915555,0.10046645,0.048337787,0.013328854,0.021980071,-0.030260801,0.014593115,-0.029220402,0.976068,0.0033232456,0.0042803795,0.047403757,0.0018723495,-0.011809309,0.9994747,0.9631651,5997.9707,59.531643,-33.31549,26.84729,-9.161179,57.074017,6.372998e-05,98.28209,-3687.3196,DOS-TCP_FLOOD
20.613544,5.034206,63.241196,15953.775,0.034482308,0.0064256573,-0.02868248,-0.002771113,0.019105589,0.0002475764,0.023396725,-0.019410253,0.3034643,0.18060642,-0.06249968,0.13426176,0.0025975876,0.0043779844,0.024027817,-0.031814173,0.01702156,-0.006342246,1.015476,-0.02992014,-0.00973075,0.011403875,-0.005758279,-0.034124184,1.0214142,0.9815307,6514.867,59.86016,83.46629,64.79054,5.823148,59.55799,8.424827e-05,99.766335,-5331.4004,DOS-TCP_FLOOD
21.132261,4.7938895,63.978195,12215.611,0.008250437,0.05349673,0.0041083293,0.011247719,0.067740366,0.0034057298,0.034132358,0.35582668,0.74656063,0.023508862,-0.055013716,0.14022163,0.0012519731,0.010075321,0.0070242956,-0.022581676,0.0058785034,-0.006147013,1.0230857,-0.05793309,-0.005608222,0.016296647,-0.0016601756,-0.0110676875,0.99348015,0.98271304,5236.977,60.10267,28.307709,11.367989,-11.535801,27.481163,-6.4776585e-05,95.84075,-6877.8896,DOS-TCP_FLOOD
20.294144,5.2942686,64.66459,12386.061,0.006556064,0.008437439,-0.005831027,0.050697964,0.021318823,-0.005817602,0.0142787695,0.4787125,0.5140761,-0.020388748,-0.07193149,0.15686056,0.008841347,0.040041316,0.025156595,0.026065893,-0.022283643,-0.019615132,0.99983793,-0.01765824,0.0010485249,0.008010667,-0.015826883,-0.01922524,1.0145518,0.9859454,5179.343,59.414383,164.03519,55.29825,39.3864,64.54843,5.423848e-05,99.45765,6226.036,DOS-TCP_FLOOD
19.877422,5.10096,62.112667,13394.92,0.0027307495,-0.003025105,-0.021701345,0.005480343,-0.015884254,-0.00024040288,0.032615025,0.18933392,0.17648897,-0.016193032,-0.04418813,0.11761586,-0.00035442412,0.01384029,0.03229502,-0.023504749,-0.0045275153,-0.021185774,1.0243666,-0.024077458,0.00035087345,0.041605182,-0.021941256,-0.03348231,1.0087109,0.9544665,5041.5254,60.065296,131.87524,56.489227,29.799492,72.81423,0.000113846276,101.66314,4905.3203,DOS-TCP_FLOOD
20.067532,5.407669,64.08785,15409.895,0.0033835322,0.010934486,-0.018392822,0.0021505887,-0.043278545,-0.01970495,-0.012806315,-0.30617356,0.17158373,0.0119875735,-0.103761345,0.10854442,-0.0044587012,0.02738418,0.03078761,-0.011068097,-0.025639702,-0.019372147,1.0206531,-0.0006420426,-0.0035837386,-0.000328772,-0.010985885,-0.010510291,0.9988384,0.97687465,5121.9355,59.519497,76.34689,60.101032,18.074085,89.87374,2.5749323e-05,105.29837,6614.6177,DOS-TCP_FLOOD
20.469915,5.4252963,65.39125,8429.8125,0.0036124513,0.024852106,-0.015666623,0.0039192815,0.021060973,-0.029436644,-0.003092594,0.7036809,1.4813675,-0.063213564,-0.033088353,0.14339921,5.9576705e-05,0.030257626,-0.002445099,-0.011246697,0.005957107,-0.010603968,0.99633926,-0.019037083,0.011988696,-0.008442623,-0.010051098,-0.02758001,1.020007,1.0059552,6511.2847,59.65396,23.975677,58.086292,-8.506006,93.73864,8.972097e-05,100.08974,-2229.8071,DOS-TCP_FLOOD
21.338392,5.384799,72.2795,27898.686,-0.00843401,0.0005111173,-0.023703977,-0.010795158,0.010026898,-0.05013377,0.041658826,0.6302067,0.22845125,-0.015620492,0.0028322265,0.12203927,0.0046291547,0.019960629,0.021793678,0.003410019,-0.0072769164,-0.040997252,1.0313005,0.0021309704,-0.011815495,0.018877937,-0.04474336,-0.037868183,1.0253187,0.97477573,5657.4087,60.08553,82.92258,71.3743,-2.886423,58.68622,-1.5962622e-05,99.95581,2448.0098,DOS-TCP_FLOOD
18.512285,6.2009525,65.30306,11065.199,0.043753713,0.03969394,-0.02462919,-0.0035223085,-0.026003318,-0.009194701,0.01188517,0.9681206,2.8007183,0.14447093,-0.0022627786,0.081241615,0.01246526,0.029742375,0.02193005,-0.03381606,-0.001248063,-0.015549654,0.9631878,0.024043363,0.016260516,-0.04532132,0.0017599622,-0.042296443,1.0444072,1.0045799,5993.585,62.191612,509.26187,107.98263,123.678375,153.42093,0.0003095761,102.98341,42693.69,DOS-TCP_FLOOD
18.415329,6.5846534,64.235115,8617.041,0.024522414,0.0052191685,-0.012131685,0.0071190945,0.0028123884,0.0030090283,0.048128746,0.39760393,0.24027096,0.030101962,-0.056573972,0.13890968,0.0008391812,0.025387313,0.027860405,-0.020729324,0.00886958,0.0049682055,0.91917104,0.060698956,0.016526274,0.0021476357,-0.0049208384,-0.058551684,0.99528307,0.97979045,8277.591,59.55542,384.28607,73.562675,59.476883,85.48693,0.0012829198,97.795815,9577.247,DOS-TCP_FLOOD
19.118258,6.0445323,64.033005,21830.266,0.012612971,0.0099842055,0.0042826473,0.008293778,-0.0012166025,0.005243597,0.026070397,-0.55293703,0.25743687,0.008147861,0.11139952,0.051399283,0.0017774157,0.003346284,0.00990874,-0.018772705,-0.017386107,-0.010423538,0.94520366,0.03046078,-0.02313906,-0.0028063322,0.0042418437,-0.023331715,1.0302588,0.9974962,7754.5054,59.673435,21.654724,46.719048,-18.206913,53.581078,-0.00028916745,95.897644,-8832.826,DOS-TCP_FLOOD
20.023685,6.1040845,63.813255,12510.754,0.0021505542,0.005120717,0.009731836,-0.0023387156,0.050051756,-0.01648342,0.01665759,1.165854,0.0039140135,-0.0722354,0.04770404,0.14397861,-0.003855367,-0.0004419405,0.024521856,-0.0011953991,-0.0047313888,-0.020614194,0.98181385,-0.0055592344,-0.023643514,0.011995746,0.0033569057,-0.013007641,1.00535,0.97705334,7902.3926,59.68845,94.62874,63.477676,22.320702,73.688675,9.3429524e-05,97.36944,4158.427,DOS-TCP_FLOOD
19.105778,6.192505,63.99521,14072.752,0.01891272,0.00051720813,-0.014798297,-0.0053554834,0.018851455,-0.018151758,0.031224072,-0.06256449,0.015147253,0.0042762607,0.011243614,0.13660961,-0.005103808,9.5320866e-05,0.0221571,-0.021912763,0.0065810606,0.004070108,0.9626985,0.014913118,-0.017550042,0.008658384,-0.0029120315,-0.032109983,1.0254971,0.9803416,9501.056,59.46383,161.83752,110.95323,35.63548,110.46666,0.00011370532,96.814896,6824.512,DOS-TCP_FLOOD
20.832996,5.747033,63.937157,16351.156,0.023316767,0.0022485172,-0.030889098,0.01609732,0.024909707,0.007153958,0.03840435,7.575373,0.09697918,0.015572809,-0.009966212,0.12432691,0.0019323466,0.033443883,0.027512427,-0.0004990818,-0.0036292267,-0.043760657,1.0328751,0.015912939,-0.0149626145,0.030682564,-0.04649,-0.023414006,1.0106211,0.9966799,5421.901,60.580463,176.77791,84.99045,27.700775,62.13027,8.0961225e-05,103.96644,5446.08,DOS-TCP_FLOOD
20.224907,5.2072964,63.52804,10471.107,0.040082045,0.0063574472,-0.007909589,0.010832927,0.007964818,0.0045308652,0.013833998,0.14691138,0.2941237,0.3668993,-0.035562906,0.13548751,0.17913865,0.009764474,0.023908034,-0.018286249,0.002510501,-0.015285224,1.0047554,0.012842811,0.009675961,0.04344081,-0.021497523,-0.02122611,1.022306,0.98869723,6191.717,59.412647,-25.34877,48.055733,-8.959404,79.77579,0.00036487967,98.83901,-6422.444,DOS-TCP_FLOOD
19.289066,5.900795,64.38291,11496.322,0.022601187,0.008887281,-0.0112523185,0.003393453,-0.04002817,0.006066843,0.020015651,-0.66423607,0.3937081,0.011371094,-0.0121144755,0.06965288,0.04690219,0.018536089,0.027576417,-0.016901132,-0.011615873,0.0017986214,0.971864,0.04867011,0.0058491016,-0.01948069,-0.013543924,-0.03959281,1.0430148,0.9962597,6589.093,59.76656,47.567123,76.83669,-6.629242,85.40535,-2.8197785e-05,100.004616,-1424.7485,DOS-TCP_FLOOD
19.28201,6.0192776,64.31733,16279.852,-0.0054451823,-0.0008705854,-0.006918204,0.0051763705,-0.019614596,0.0051893927,0.038798325,-0.30325294,-0.023033468,0.01110468,-0.04739091,0.09213235,0.004315627,-0.014201861,0.034065995,-0.01708055,0.00081568956,0.0015357649,0.99417347,0.021446014,-0.011037629,0.0123104155,-0.012719272,-0.036120225,1.0257787,0.9682623,8617.668,59.240883,183.54712,95.11243,38.53533,98.50371,0.00010738938,100.302376,7214.462,DOS-TCP_FLOOD
20.373283,5.3019915,64.009735,15101.914,-0.010806396,0.010499813,-0.009168883,0.001837812,-0.044477135,-0.007424765,-0.015810147,-0.65929866,0.11535025,-0.032199092,-0.043160476,0.099288784,0.03580514,0.014371311,0.021376302,-0.0052948715,-0.0032681506,-0.018387582,1.0232695,-0.0034066846,-0.0057919766,0.0031542336,-0.014389215,-0.003917981,1.0375109,1.0144407,7013.003,60.18475,135.91406,68.81358,13.00178,90.34472,0.00011800057,102.65804,4846.6455,DOS-TCP_FLOOD
18.56989,5.894248,63.575024,13916.586,-0.026474932,-0.0011767409,0.26623,-0.008183164,0.077409856,0.017431231,0.0058311806,-0.45205164,0.023012457,-0.05298346,5.0862656,0.0958635,0.0040834676,0.008356645,0.016784064,0.0413159,-0.00070991926,0.013292769,1.048205,-0.031947132,-0.01793768,0.027007565,0.018434148,-0.02548099,1.0073681,0.9928184,5449.2715,59.616344,-99.022125,35.384758,-6.475237,33.39862,5.5820274e-05,95.22816,-321.7685,DOS-TCP_FLOOD
18.166834,6.990532,64.25307,19196.633,0.023453992,-0.0059763985,-0.008990168,0.0039887973,-0.014454208,-0.010607161,0.025847178,-0.5233035,-0.1068214,0.06280103,0.025428437,0.060343638,-0.0143125085,0.00747167,0.027800336,-0.00018463936,-0.0147936195,-0.016395548,0.90272385,0.079954565,-0.027552359,0.006839875,-0.011314143,-0.01996142,1.0274256,0.98981583,8925.657,59.52725,-1.7394409,79.197235,-21.981888,71.76029,0.00010449861,95.329796,-16785.07,DOS-TCP_FLOOD
19.13106,6.140089,65.38036,19097.45,-0.016021706,0.0062315487,-0.012626896,0.0014300885,0.013913302,0.013403832,0.010753424,0.90101206,0.046878807,0.0013591535,0.06297467,0.05616061,0.01087398,0.023080204,0.015510697,0.0001217844,-0.01860038,-0.011364626,0.95625514,0.008490013,-0.034666862,0.010746116,0.026658375,-0.007256865,1.0079756,0.97269386,11077.287,60.902977,372.67383,99.42271,89.27887,96.69251,7.172384e-05,95.593956,20682.926,DOS-TCP_FLOOD
19.509077,5.9740534,68.56572,22183.26,-0.011614467,0.003892931,-0.0062088342,0.00407394,0.024398936,-0.0043872325,0.012945484,-0.082534194,0.2685601,0.06355102,-0.05663782,0.07371451,-0.002051308,-0.00019970816,0.022288747,-0.006880248,-0.024338124,-0.0027903635,0.9691566,0.016893715,-0.014724238,0.012113186,-0.0065147644,-0.020421764,1.0426707,0.9963947,6810.9546,59.852463,36.57518,54.85107,-8.343401,55.063175,-0.00053792645,95.9329,-2343.6155,DOS-TCP_FLOOD
20.745127,5.7489347,63.68974,17586.498,0.016061516,0.0029416622,-0.014210647,0.0072286217,0.04504563,-0.0074237445,0.032471336,0.4405986,0.26713592,0.040148105,-0.090195775,0.117650345,0.001908339,0.022255639,0.027515376,-0.00507209,-0.0018194458,-0.018409304,0.9936736,-0.015520356,-0.0147888735,0.034303285,-0.009437254,-0.025569223,0.98793614,0.98312485,6006.8477,59.751488,-3.8529968,51.670887,-18.859962,52.379105,2.7484813e-05,99.57943,-8199.091,DOS-TCP_FLOOD
20.40232,6.0442514,68.77877,20092.04,0.062441714,0.010520864,-0.025255516,-0.011396149,-0.012225436,-0.060066238,0.0029955385,-0.2118423,0.35407376,0.19617262,-0.06378279,0.12063741,0.004426161,0.036583286,0.005590939,-0.0304226,-0.006164231,-0.014258376,0.95227003,0.036387786,0.016923185,0.004343139,-0.043728497,-0.05317152,1.002412,0.98582983,5549.409,60.122345,149.13889,97.71275,19.236458,84.41409,0.0018639988,98.47634,6614.1143,DOS-TCP_FLOOD
19.442572,5.9440556,61.04368,17167.807,-0.004772367,-0.0043587503,0.00475961,0.0018397976,-0.00028017722,0.025329217,0.020011954,0.20770705,0.07213815,0.01603251,-0.09716187,0.057924427,0.079182275,0.002232734,0.031074636,-0.017173346,0.0014880905,-0.02498557,0.9566288,0.025823468,-0.0040386175,0.02019164,-0.010535013,-0.006959019,1.0058542,0.93831676,5808.333,59.643147,-52.2247,20.203835,-25.340515,43.570045,2.75192e-05,96.027954,-15922.701,DOS-TCP_FLOOD
19.947845,5.4177637,64.41103,13958.227,0.0107246535,0.009411269,-0.022012489,0.01226468,-0.026914692,0.0032829288,0.039147384,-0.85881305,0.6565923,-0.00022659078,-0.08411429,0.090650365,-0.0019434163,0.008231512,0.03190101,-0.010437303,-0.014444299,-0.01174474,1.0109099,-0.008799238,-0.0144267455,-0.0024817802,-0.015494526,-0.028576963,1.0313718,0.98154736,8090.0044,59.695717,94.967514,64.61823,14.11739,86.8409,9.760639e-05,101.26828,4352.7705,DOS-TCP_FLOOD
20.88057,6.2784886,70.251274,9752.516,0.0155494185,0.0035477802,-0.011947455,-0.010541906,0.004922776,-0.04154673,0.016940909,0.5032468,0.07350809,-0.06751004,0.035464223,0.13519366,-0.008948251,0.020231854,0.024667848,-0.0040875142,-0.023642547,-0.046975166,1.0202943,0.027054455,-0.00011443393,0.0021002616,-0.03122001,-0.029344268,0.99731547,0.98631847,4937.4443,60.58159,51.40071,100.780045,6.8159904,99.37131,0.0005863981,100.87795,-1272.5325,DOS-TCP_FLOOD
19.549974,5.95195,64.64471,11454.477,-0.030740466,0.008764964,-0.012793393,0.05366518,0.019985598,0.0010476,-0.00327843,0.9011197,0.006888807,-0.050916977,-0.0039118715,0.09638246,0.0061460147,0.026722692,-0.0057080295,-0.0008861674,-0.016968826,-0.00035402365,0.97564596,0.011013485,-0.012695611,-0.002400044,0.02800961,-0.00026393682,1.0060841,0.9943132,9088.104,60.57225,249.71895,73.362976,54.862103,88.15777,0.00020560766,97.23663,4485.075,DOS-TCP_FLOOD
18.802618,6.753924,64.99871,20838.66,-0.017316971,0.025063043,0.02593296,0.0023182286,-0.05191376,0.06258029,-0.01763286,0.649768,0.46391517,0.014914682,-0.053351842,-0.002306546,0.024377497,0.014494622,0.042627387,0.009796181,-0.042410918,-0.0047708955,0.95643187,0.053273316,-0.0016107573,-0.024642143,0.01173715,-0.028347233,1.0171338,0.9626868,6169.646,60.756416,532.7627,143.3838,184.39163,169.40176,0.00012885858,99.338425,85848.33,DOS-TCP_FLOOD
18.393763,6.724385,63.192924,16291.895,-0.005027661,-0.002452581,0.005911137,0.0049059964,-0.03309852,0.02629432,0.016489878,-0.5831964,0.062292613,-0.0061425753,0.060887605,0.084061116,-0.013946923,-0.0024142163,0.04347235,-0.007678284,-0.009476812,-0.0029985001,0.9272665,0.07840718,0.004400513,0.027830426,-0.0016491627,-0.052705117,1.0293307,0.98370874,6834.2417,60.188274,54.569214,71.12308,1.5074978,90.927605,0.00022215524,96.444466,6960.6553,DOS-TCP_FLOOD
19.01224,5.817504,62.517742,17170.492,0.022705182,0.0022890186,-0.018806456,0.016693223,-0.032044403,0.0070190993,0.047630038,-0.53495955,0.11661266,0.13458012,-0.015561968,0.11038476,-0.0002003964,0.0052713277,0.033581104,-0.01007893,-0.003826723,-0.007817744,0.96005,0.01935272,-0.021911932,0.014621954,0.0023393612,-0.040639497,1.0290259,0.9652071,7354.944,59.007496,129.3617,55.911484,28.761406,64.45792,0.00011625535,97.959335,3087.522,DOS-TCP_FLOOD
20.121902,6.1429067,63.87423,10152.631,0.017041536,-0.003081912,0.0007866253,0.0049569006,0.051820926,0.0057951147,0.022979885,0.051921964,-0.22726955,-0.010096793,-0.02939401,0.1199424,0.0013769193,-0.018493187,0.018822186,-0.010654348,0.018860087,-0.023241553,1.0061411,-0.014913633,-0.018709365,0.023534957,0.0006064819,-0.007687397,1.0181143,0.97761405,8915.931,61.170856,119.19473,110.09042,26.831224,114.72746,0.000258402,96.913605,4298.865,DOS-TCP_FLOOD
18.202967,6.1688123,62.584454,20246.848,0.026340943,-0.005532705,-0.008630086,0.010798751,-0.052092098,0.0033174087,0.0411361,-1.2115588,-0.03514155,0.13789819,-0.0041965954,0.11442248,-0.021174181,-0.012965871,0.031902827,-0.010018185,-0.020047927,-0.011151972,0.9263696,0.06517714,-0.016916303,0.0023831602,0.008198599,-0.041287128,1.040484,0.9742386,8766.891,58.629494,110.79764,90.3286,25.45657,94.343506,5.377324e-05,95.922485,4739.213,DOS-TCP_FLOOD
19.811907,5.691442,64.34252,23112.707,0.025368761,0.0072910613,-0.006590716,0.012202199,-0.033366382,-0.011993098,0.01392292,-1.1872971,0.14620574,0.05477685,0.04393227,0.09913045,0.009212846,0.018656243,0.028229292,0.0016890699,-0.013367793,-0.015742883,1.0057756,0.004443146,-0.020836923,0.002658012,-0.019080596,-0.02034004,1.0039747,0.99000937,7028.1426,60.175133,93.02948,81.378136,21.352892,98.135475,0.00010469237,101.45757,5329.1313,DOS-TCP_FLOOD
19.813648,5.7133055,64.008095,16424.59,0.01568476,0.006346968,-0.022719616,0.010190576,0.01124806,0.011192382,0.02994075,0.24869883,0.22556506,0.04327333,-0.07245949,0.104744166,0.012935648,0.0039617578,0.012947295,-0.011614849,0.00067288056,-0.005144067,0.9715433,-0.011748988,-0.0044751214,-0.0021528464,0.015248317,-0.03163825,1.0102197,0.9847115,8398.868,59.567993,143.96991,71.64401,28.542347,92.352234,0.00015377378,98.51431,7141.994,DOS-TCP_FLOOD
20.464424,5.5344973,63.79699,22036.629,-0.030708775,-0.005298535,0.015203702,0.0030502283,0.028177075,0.041910987,0.033209167,0.03351587,0.1588477,-0.014915949,-0.06743339,0.108848855,0.010507255,-0.00062270556,0.021755576,-0.016234323,-0.015538855,0.009100478,1.0213339,-0.022327622,0.0010425528,0.024359073,-0.019263372,-0.056648295,0.9927056,0.9421232,5062.1475,59.199726,438.1771,118.251144,158.14508,121.31842,0.00027126505,101.57836,73336.76,DOS-TCP_FLOOD
20.202856,5.282695,63.602318,11306.799,0.002971273,0.0033860174,-0.00964237,0.011210403,-0.016603366,0.017484529,0.019804558,-0.50628734,0.08348431,-0.02999745,-0.045964304,0.117394686,-0.010744537,0.003389432,0.021879168,-0.0016437192,-0.025898796,-0.004884894,1.0079923,-0.022164691,-0.021811854,-0.006555845,0.0023992267,0.0023526512,1.0450006,0.9864013,7184.603,61.062813,142.50995,68.229225,19.804453,84.27009,-0.00027479674,98.0646,7083.122,DOS-TCP_FLOOD
19.339947,6.1132994,63.706455,7852.208,0.018886391,0.0058403555,-0.01623713,0.004837213,0.027146814,-0.010926355,0.02224404,0.52399683,0.26869363,0.12244057,-0.038824033,0.12324888,0.048367474,0.01732531,0.008869375,-0.041871447,0.0025517028,0.002154149,0.96147364,0.02321693,0.017603204,0.011482585,-0.014910849,-0.021481477,1.0141356,0.9836145,7159.273,59.698055,84.67546,66.972916,12.538961,94.131134,0.00014270426,97.11813,-1193.4253,DOS-TCP_FLOOD
20.829725,5.0647717,64.40398,22009.797,0.021886257,0.0020307482,-0.02291108,0.024048803,0.012307426,-0.00078256184,0.03579904,-0.16285121,0.124527186,0.04345015,-0.10300059,0.12612464,0.004735843,0.008663213,0.011441671,0.017679064,-0.0021351292,-0.02258585,0.99962837,-0.021616165,-0.017730912,0.008611729,0.0016469741,-0.04044798,1.0077223,0.9811778,7619.1055,59.73433,74.34793,62.9609,-7.924967,66.17913,0.00013648997,100.2485,-10336.85,DOS-TCP_FLOOD
19.739964,6.274882,64.82449,15011.984,0.012810409,-0.0033543673,-0.011219911,-0.014715815,0.04591789,-0.015049172,0.01778935,0.80916256,-0.016234366,0.07218138,-0.028260741,0.14141718,-0.020192144,0.013013978,0.011930181,-0.02050616,0.009567737,0.00048364978,0.9471926,0.03330227,-0.0013546925,0.0061105695,-0.010394337,-0.045099005,1.0169725,0.9905626,8493.5,60.282352,139.65369,95.40861,23.37445,81.56804,0.00015215098,96.5225,5314.6704,DOS-TCP_FLOOD
19.835213,5.1115065,73.94601,14157.977,-0.0027052592,0.023160929,-0.013268221,0.0123705715,0.05259624,-0.026936607,0.032494213,0.59281725,1.4429771,0.03267423,0.043720543,0.15374707,-0.0018359009,0.017417138,0.011593984,-0.029005,0.0026975526,0.0074145845,1.014811,-0.03160095,-0.006305005,-0.03253549,0.025764894,-0.031872533,1.023205,1.0015402,11173.477,59.46061,684.75665,182.74466,221.2301,193.8065,-0.00014350396,97.83527,123304.13,DOS-TCP_FLOOD
20.173496,5.646556,64.282585,21575.605,0.030913243,0.009303823,-0.012808953,-0.0025920277,0.0114958305,-0.0013460446,0.036453508,0.044762373,0.5221326,-0.0023588166,-0.06676709,0.084346,0.018893322,0.0011863885,0.020527625,-0.021984562,-0.004627765,0.003607045,0.97401553,-0.012599782,0.012813656,0.010935288,-0.0057169376,-0.046369053,1.0200331,0.98831046,7529.266,59.446976,22.988876,41.54398,-20.36008,54.43783,-4.2588115e-05,98.77722,-10787.281,DOS-TCP_FLOOD
20.77135,5.8278394,63.920433,20054.596,0.00040674582,0.008328814,-0.013915916,0.024206085,0.04183674,0.016342014,0.035301596,0.5803628,0.1648249,0.00058570877,-0.042617016,0.060155213,0.16060425,0.010551227,0.014275469,0.00021073036,-0.025255784,-0.019806994,0.97713363,-0.020712182,-0.016446358,0.017156634,0.015301882,0.0009891111,1.0268182,0.984201,6704.6562,59.874527,165.75491,33.069572,24.04363,55.45088,-6.95958e-05,95.1652,3188.4946,DOS-TCP_FLOOD
19.38529,6.082897,63.28095,6412.1445,0.040136106,0.0018135194,0.0075677894,0.009275871,0.006256055,-0.013423813,0.029548828,0.063509464,0.18768114,0.34182274,0.17375898,0.1945574,0.0008266195,0.021882445,0.013608881,-0.006635622,0.0036889361,-0.016200475,0.9942383,0.004955671,0.007945795,0.029739764,-0.014872707,-0.021885345,1.0069546,0.96343,6667.9272,59.7263,50.39328,77.47308,17.654245,92.51692,0.0025869268,97.14937,-2382.5645,DOS-TCP_FLOOD
19.743587,6.26921,63.917145,17369.188,0.06263294,0.0073117623,-0.0011485862,-0.005263693,0.0024830224,-0.00595215,0.004335083,0.06192261,0.4065847,0.373792,-0.0325656,0.116026886,-0.0067709424,0.019715467,0.026706815,0.0015781308,-0.023524344,-0.02095118,0.9584579,0.022034172,-0.006096561,0.007211563,-0.051592454,-0.049031764,1.0124078,0.98841715,6317.0557,60.073517,-28.343842,80.76344,-24.675613,64.61647,-3.4196957e-05,97.975555,-21363.357,DOS-TCP_FLOOD
22.4974,5.0889316,64.2082,10146.578,0.01601184,0.0077199372,-0.021448407,0.026831437,0.10293134,0.006536409,0.023213373,1.3020017,0.23621032,0.040191468,-0.0730734,0.17175344,0.0074391486,-0.0023705466,-0.004129559,-0.0060708774,0.0009959796,-0.012496369,1.0592552,-0.08656962,-0.0021579233,0.007471879,-0.012915924,0.006904984,1.0140218,0.99578536,5014.9033,62.539173,121.275604,8.761459,31.025112,53.580044,-7.117736e-05,97.84282,6818.3706,DOS-TCP_FLOOD
19.336535,5.8848414,61.166016,10780.385,0.009657814,0.0021312975,-0.012779786,0.015991459,-0.014501395,0.024149321,0.035804532,0.055334985,0.10491474,0.10756846,-0.023319729,0.0671446,0.059514105,0.017246082,0.026534332,-0.015562252,-0.0043220352,-0.015899878,0.9622484,0.013973502,-0.013482404,0.029996544,0.008310414,-0.0039575063,1.0134888,0.9561122,6835.3525,60.21014,66.17787,34.80411,12.333098,73.01371,9.546506e-05,96.9061,-1178.6575,DOS-TCP_FLOOD
19.693483,6.2399263,63.366856,10040.793,0.014543004,-0.0044105356,-0.022735318,0.0024517037,0.03861541,0.032120377,0.016172856,0.5056621,0.1871079,0.22841589,-0.024613746,0.01841875,0.45471635,-0.003526588,0.024002893,-0.014413416,-0.012676917,-0.013802696,0.96967137,0.051273916,-0.0040741917,0.026387477,-0.013456849,-0.01997945,1.0276816,0.98338294,5428.1064,59.19952,-52.92038,46.81981,-14.606464,56.603455,0.0004058889,94.66286,-6448.662,DOS-TCP_FLOOD
20.256124,5.2832403,62.63101,34242.77,0.009279073,0.03543914,-0.007186634,0.0036591103,-0.09324979,0.049915507,0.003409537,0.94203514,0.4089024,0.103912316,-0.014960801,0.021055039,0.20527677,0.0052746106,0.037003424,0.00052080024,-0.016694568,-0.0365622,0.9992569,0.03537529,-0.013669022,-0.0241822,-0.0093099605,-0.013967108,1.0328914,0.9537315,2381.8247,59.36935,75.0737,5.5453033,43.441246,60.66656,0.00034073845,101.02972,-2789.076,DOS-TCP_FLOOD
21.1835,5.122408,64.10724,17800.781,0.007092552,0.004328538,-0.0020162598,0.018532814,0.036616065,0.019238168,0.03676699,4.4714565,-0.07120602,-0.0642688,0.10933903,0.113151334,0.015770672,0.0072152396,0.007891887,-0.021215023,-0.018016567,-0.010405778,1.0364155,-0.028387139,-0.025205318,-0.0012697023,0.048413686,0.009689908,1.0092779,0.9814785,8583.973,59.830235,528.0216,102.20727,108.945885,110.0564,0.00012614555,100.24074,37185.777,DOS-TCP_FLOOD
19.672514,5.5427003,64.50978,13578.83,0.0020410214,0.00052102655,-0.013253438,0.0022359742,-0.021523533,-0.010998527,-0.0078362115,-0.51177347,0.16656779,0.0056553446,-0.045172703,0.10848984,-0.0027345496,0.007622237,0.020492887,-0.015461078,-0.011219332,-0.018980179,1.027298,0.011819173,-0.00374377,0.014017675,-0.028781816,-0.013551813,1.0325496,0.9877323,7428.2695,60.695454,119.56252,108.365234,21.890263,111.15071,0.00012045015,100.87017,4363.363,DOS-TCP_FLOOD
19.572912,6.0636377,63.903595,14927.707,0.005108202,0.0028961988,-0.008997302,0.013410739,0.024585921,-0.01002117,0.032474067,0.14201981,0.052375242,0.022830507,-0.059350446,0.14002933,0.005552827,-0.0039634295,0.0196343,-0.006148815,0.0010141265,-0.01899391,0.98157394,0.017521815,0.0018571387,0.044660527,-0.035864044,-0.05666955,0.991998,0.97712696,5682.3374,59.440758,125.9446,76.51389,28.722755,69.71273,0.00021401266,97.94422,1495.9497,DOS-TCP_FLOOD
20.279764,5.9308643,64.351776,17549.367,0.018634865,0.0063810134,-0.021251224,0.0016217601,-0.00085226726,-0.008546671,0.008839764,0.27264953,0.22066996,0.1435635,-0.008523538,0.09484489,0.009059923,0.024590978,0.025715174,-0.006860243,-0.010045242,-0.019935038,0.9980641,-0.0056790174,-0.017869335,-0.022783542,-0.004265127,-0.031696692,1.0247161,0.9941391,6050.029,60.575253,136.70432,54.9216,27.8116,74.812225,0.00021937619,100.58904,-2189.6511,DOS-TCP_FLOOD
19.638834,5.5640364,63.88607,22665.248,0.011053885,0.0042500393,-0.015818536,-0.0015072877,0.008071329,-0.0031494158,0.038118757,-0.7114837,0.25531185,0.036707573,-0.054769196,0.10595822,0.0021664174,0.00059086364,0.036263175,-0.031437747,0.002203267,-0.009224214,0.974535,0.0073866663,3.2777898e-05,0.016192138,-0.0044840295,-0.038675226,1.0158362,0.9724707,6550.5806,59.591446,49.753906,54.463398,-7.748909,59.582134,6.716489e-05,99.06536,-8340.939,DOS-TCP_FLOOD
19.204885,5.800944,63.98694,23191.084,0.015113644,-0.0010271406,0.013568124,0.008013741,-0.012716282,-0.00090322515,0.02772111,-0.76019037,0.0003732741,-0.0636436,0.41596323,0.09539839,0.011736462,-0.0014303671,0.025102414,-0.012940288,0.0064732647,0.005826545,1.0110904,0.0035302786,-0.013125414,0.0027008005,-0.02568057,-0.037057713,1.0284673,0.97258353,7493.238,59.596798,134.94125,95.78135,23.725346,80.35193,8.275603e-05,99.80719,2512.7695,DOS-TCP_FLOOD
20.642185,6.322227,64.31435,10858.697,0.020124352,0.0051092803,-0.010180102,-0.0017232668,0.039734747,-0.017452326,0.012015012,0.6342964,0.068468235,-0.04897661,-0.08431498,0.13986927,0.00031657517,0.02068132,0.013656754,0.018169442,0.016352806,-0.02202321,1.0204011,-0.004940684,-0.010498873,0.013912957,-0.0076724445,-0.01322761,0.9971661,0.98373985,5200.802,63.768288,165.6741,62.370293,42.2509,65.16315,0.0004605038,99.67615,3902.9666,DOS-TCP_FLOOD
19.681135,5.3554125,63.272713,21649.684,-0.0064046495,0.005191024,0.013238333,0.009264881,0.027775684,0.020394737,0.008695604,-0.14297462,0.17070435,-0.013698766,0.057365596,0.11979999,0.009486691,0.0048475945,0.011660097,-0.026507702,0.014946906,0.008609657,1.0027987,-0.035355154,0.012211985,0.012759689,0.024491165,-0.0097379545,1.0073334,0.9726076,7042.992,59.68306,150.98184,67.28975,29.50963,87.864845,1.0724703e-05,98.89597,303.88007,DOS-TCP_FLOOD
21.47464,4.9149375,77.006325,33264.742,0.0036699418,0.0070245164,-0.03219054,0.0020040397,-0.022239229,-0.03609867,0.04238311,2.273456,0.5053817,0.006325245,0.047389414,0.11971703,0.015132225,0.0042850245,0.025115233,0.029253403,-0.017652975,-0.05852212,1.0673367,-0.031417176,-0.026950836,0.014964987,-0.037977435,-0.045582313,1.0431448,0.98579955,5265.4565,59.42762,160.0635,88.89834,14.525115,67.03414,-6.0851264e-05,100.8452,6724.236,DOS-TCP_FLOOD
17.903605,7.263539,63.8915,7710.2397,0.013006723,0.004493937,-0.012668841,0.0071808742,0.0032538725,0.004340871,0.018535906,0.6808376,0.08037042,0.116217196,-0.00028647482,0.05822949,0.014989694,0.021086887,0.0078038354,-0.014194379,0.007682638,0.0022695353,0.8484968,0.101917654,-0.013493593,0.004370041,0.001047682,-0.011382419,1.0168977,0.9974898,7937.7,59.549816,70.39929,53.151134,7.7332764,50.647694,0.00016299041,94.205826,160.26497,DOS-TCP_FLOOD
19.643116,6.295209,64.70838,11356.568,0.021100288,0.005321505,-0.01606964,0.010052753,0.028281135,0.013516925,0.026351057,0.043726683,0.20357457,0.04954572,-0.051211882,0.11254169,-0.0003611669,0.015116965,0.01917741,-0.013604948,-0.022476425,-0.009191431,0.93190193,0.032470934,-0.016830858,0.0026042643,0.0012077205,-0.023650274,1.0118996,0.98291856,7128.9463,60.164978,5.462433,33.465122,-24.461037,44.3311,-6.1214625e-05,94.90006,-15215.317,DOS-TCP_FLOOD
19.312204,6.1963525,65.00196,15054.783,0.017468864,0.0020043694,-0.028910702,-0.002428089,-0.018992962,-0.011197988,0.024660032,-0.97281957,0.14148036,0.023608755,-0.055796396,0.09007622,-0.0034174384,0.005929712,0.027476326,-0.01448421,-0.014948307,0.0017816806,0.9852924,0.019301958,-0.011273142,-0.007388703,-0.008090836,-0.026236702,1.0383493,0.9758832,7667.787,60.035088,61.20752,83.68588,-3.035658,84.7924,0.00011455068,99.84486,-7828.1587,DOS-TCP_FLOOD
19.602554,5.8066916,63.294903,14845.51,0.03605815,-0.00815672,-0.008723808,-6.6921115e-05,0.021915961,0.01897061,0.017753448,-0.34614074,-0.0011906773,0.22123444,-0.010537299,0.11713415,-0.009168164,0.001935456,0.010512861,-0.03004272,0.002240301,-0.012227901,0.96104145,0.018314213,-0.015976682,0.016906928,-0.00049063005,-0.016956912,1.027726,0.9768071,7320.8384,59.909363,-54.40619,59.708706,-27.22092,63.760677,-3.4676326e-05,95.73928,-16170.458,DOS-TCP_FLOOD
21.399483,5.3234043,67.36381,12158.9795,0.025955386,0.011007176,-0.02395644,0.011672146,0.033271644,-0.008986963,0.040589854,8.552666,0.29737,-0.062014148,0.0022202916,0.102096416,0.07085945,0.020086944,0.0019290717,-0.013501298,-0.010337272,-0.030174665,1.0170877,0.022728384,-0.004537527,-0.005474568,-0.019831315,-0.037284337,1.0073951,0.98281246,3988.6333,59.410225,370.5348,54.458206,43.06228,42.867283,0.00036451512,104.68788,10259.786,DOS-TCP_FLOOD
21.983925,4.531261,60.78124,10233.484,-0.009933141,0.0013237334,-0.024695113,0.0015919857,0.09766395,0.016084662,0.016251255,1.6962122,0.064456776,-0.0073366608,0.109454535,0.015214296,0.52875084,-0.01699063,0.013837304,-0.045835044,-0.002269689,-0.021218207,1.0564089,-0.05825566,0.006212634,0.039686196,-0.010156421,0.007475344,1.0345473,0.9551701,8305.908,59.96385,628.2141,152.5563,196.04083,175.75977,0.0002806308,92.67216,82652.016,DOS-TCP_FLOOD
21.054146,4.81396,64.49551,14736.77,0.03072165,0.00581733,-0.014383596,0.008758462,-0.017741987,0.0032263058,0.02594552,0.6015438,0.29205522,-0.049545474,-0.029759536,0.11273594,0.011206299,0.000830451,0.017985066,-0.0059630955,0.0004671747,-0.016518388,1.0658672,-0.040797245,-0.021354442,0.0011112832,-0.009536062,-0.0008072704,1.0218916,0.985563,5297.872,59.84647,101.17056,68.12907,2.274397,81.547195,-7.918818e-06,105.39859,-595.5512,DOS-TCP_FLOOD
20.208662,5.601284,63.89049,16387.744,0.033858605,0.0006577037,-0.03799036,-0.008681911,0.013000293,0.009283796,0.013090029,-0.30972505,0.18641248,0.13035037,-0.030444056,0.11118217,-0.0026008883,0.01230291,0.01490202,-0.041444845,0.0034197234,-0.012201158,1.016668,-0.002719458,0.019445296,0.008115837,-0.014790416,-0.03383839,1.0207165,0.99003464,5470.748,60.86791,110.60028,54.129265,19.560135,67.1379,6.482366e-05,101.00875,5828.755,DOS-TCP_FLOOD
19.284761,5.922955,63.32237,8708.625,-0.022553634,0.00067894906,0.003351837,-0.002184703,-0.06184698,0.010802368,-0.0112478025,-0.332875,0.04287375,0.008619799,-0.0562275,0.09820978,6.06142e-05,0.011981632,0.028158726,0.005104863,-0.011849204,-0.017901588,0.9918932,0.041272555,-0.013294632,0.015464194,-0.018425332,-0.018059224,1.0406841,0.9836051,6453.752,59.842113,69.41011,99.43566,26.530396,122.77982,0.00053502416,98.93559,4554.171,DOS-TCP_FLOOD
20.734247,5.465062,66.018524,7131.608,0.020057455,0.0016673241,-0.0042486656,-0.0069120214,-0.027634894,-0.007027213,0.011333426,-0.47676396,0.35843086,0.0021117367,-0.023002243,0.099307284,-0.0031569165,0.012214714,0.029493183,-0.005111019,0.0016709557,-0.011657336,1.0469375,0.0045001875,0.0055805733,-0.017667303,-0.027065858,-0.032982953,1.0372723,0.9904778,7186.0415,60.8012,153.7947,100.08537,13.324616,113.490875,0.00025900704,103.69533,143.40913,DOS-TCP_FLOOD
21.102213,6.05713,71.8755,8101.8047,0.0037780404,0.0068511474,-0.030904962,0.022096548,0.036769006,-0.044290166,0.039860718,0.80114347,0.22509754,0.054009743,-0.061642706,0.10169095,0.14814773,0.034693554,0.008698547,0.009614908,-0.013676474,0.011359154,1.01473,-0.012599994,-0.028030936,-0.025108092,-0.0012689875,-0.013018491,1.014251,0.9868872,4278.9336,75.8663,246.66266,83.162895,45.277264,111.64902,0.00029935743,101.587166,8683.607,DOS-TCP_FLOOD
19.581991,5.813121,63.50933,10519.498,-0.019844297,0.008612673,0.004537895,0.0073215696,0.00670664,0.024552392,0.012594265,-0.14755249,0.12092158,0.0054910593,-0.020342499,0.09374529,0.004735638,-0.0014091888,0.013983683,-0.009189289,-0.01490206,-0.01380969,0.9804597,-0.0022523515,-0.01903734,0.005583129,0.012554148,-0.007226243,1.0106939,0.9658539,9114.494,60.894814,174.3764,114.75945,52.09915,128.1596,0.00020573477,98.25356,9018.778,DOS-TCP_FLOOD
19.303219,5.924453,62.582073,8582.304,-0.0014430564,-0.0033343032,0.0017271517,0.0045793573,-0.013772372,0.019092787,0.02775675,-0.7447938,0.037450183,-0.0059128553,-0.06470652,0.117741406,0.04712078,-0.0047322595,0.024792198,-0.017056711,0.01552587,-0.008463379,1.0108385,0.01715066,-0.004516677,0.029920712,-0.016143296,-0.032527633,1.0193832,0.9675457,7201.8438,59.665913,112.25488,108.4185,29.188562,112.77547,0.00027169628,99.14367,7290.3994,DOS-TCP_FLOOD
19.54507,6.3222637,68.21487,15367.766,0.000942396,0.007769412,-0.048386563,0.014069113,-0.0655302,0.0104896715,0.048586786,-0.045480847,0.28652865,0.07359133,-0.0504097,-0.025291458,0.32880056,0.01072423,0.019557625,0.0049699424,-0.014889108,-0.0073165675,0.9677913,0.06427233,0.024225118,0.003419621,-0.015602509,-0.050836354,1.0411365,0.9943752,7866.4087,59.55617,408.39197,67.06943,37.17456,81.92774,0.00093525095,99.64858,4128.034,DOS-TCP_FLOOD
21.283121,5.562383,62.461903,12632.917,0.032239184,-0.009790055,-0.019155819,0.0045846864,0.017263442,-0.0033365213,0.014235208,1.0736662,-0.24068646,0.34395552,-0.0004684925,0.16297273,0.0037607208,-0.006959294,-0.0124802105,-0.043056265,0.04643386,-0.023947343,1.0444314,-0.028916338,-0.020567078,0.034011222,0.011133187,-0.011039562,1.0217845,0.9770955,9554.123,61.697075,245.59717,76.54307,56.67954,93.53072,0.0006709435,102.88149,5892.3354,DOS-TCP_FLOOD
19.919764,5.4176483,63.42087,16550.334,0.014102811,0.0006116554,-0.0013970374,0.0022300938,0.017064683,0.0012180564,0.0084909815,-0.0200603,0.19486704,0.013801882,-0.047345743,0.13956825,0.005856599,0.02034737,0.018351095,-0.029179508,0.0020975992,-0.012181438,0.99871695,-0.024339428,0.012397781,0.035318762,-0.0048680604,-0.033218335,1.005634,0.9736679,6704.5806,59.86258,42.519638,64.565575,18.439396,85.27937,7.281784e-05,99.16979,3382.1787,DOS-TCP_FLOOD
20.432945,5.7969728,65.19772,22117.744,-0.006054174,0.012062031,-0.0078858035,-0.0054142103,0.0126044955,-0.018892748,-0.008147332,1.2250915,0.2640626,-0.009129512,-0.044717435,0.0802276,-0.005010989,0.009995735,0.035121255,-0.0072212745,-0.009993044,0.0009965431,1.0286844,0.0012614876,-0.014418609,0.0040555955,-0.005010236,-0.015266245,1.0091243,0.9992672,5793.7617,60.25526,163.13644,59.746532,16.961157,69.26833,6.699799e-05,101.10341,7023.1685,DOS-TCP_FLOOD
20.887312,5.4202986,64.48472,16418.012,0.020755885,0.004383799,-0.0052966108,-0.0050616995,0.049296014,-0.023997163,0.01587894,1.9519688,0.17984031,-0.008151735,-0.05462324,0.15274447,-0.0029299648,0.019914454,0.02234529,-0.008217538,-0.011537509,-0.023313379,1.0164202,-0.022576932,-0.00728946,0.013946613,-0.0130119715,-0.02884791,1.0174106,0.98008627,3527.2517,60.071484,35.436478,41.732986,-0.11668968,45.322987,-5.6420497e-05,99.62768,-4574.581,DOS-TCP_FLOOD
18.867666,6.032029,63.497448,9567.951,-0.0026297942,0.00014039502,-0.0017887424,0.01166284,-0.015154814,0.0020256853,0.016936727,-0.8481767,0.11329404,0.03284984,-0.044184033,0.08526909,-0.016299615,-0.009638326,0.035046063,-0.026110746,-0.012451383,-0.011894595,0.9776902,0.022605563,-0.0057864725,0.009511029,0.018199753,-0.0027714204,1.0317359,0.9754517,8595.3125,60.047253,-15.452774,70.08741,-22.915497,104.31657,4.1739404e-05,97.639725,-9216.05,DOS-TCP_FLOOD
20.56925,5.75734,66.56056,13363.387,0.0100692725,-0.0031437327,0.02596342,0.0033603557,0.079096206,-0.030700505,0.006577291,3.2595875,-0.2425243,-0.015361436,0.57725424,0.12231161,0.0043974933,-0.0032576686,0.017439548,-0.021779453,0.0074361493,-0.0088153165,1.0016165,-0.006909413,-0.05573844,0.003583756,0.03142333,0.016888404,1.0289339,0.9950686,8226.753,60.003006,100.330505,73.75501,34.755905,66.67674,-0.00020831796,94.538315,8838.296,DOS-TCP_FLOOD
19.53739,6.1184015,63.722572,26640.082,-0.010363505,0.039026655,0.0014726794,-0.007032049,-0.04683639,0.01495295,0.015058277,-0.068069816,0.65205824,-0.059125625,-0.094464764,0.09706971,-0.0045731827,0.030094275,-0.006037983,-0.011915107,-0.015089709,-0.009945467,0.99021894,0.009594924,0.012379709,-0.023936108,-0.037089147,-0.035654344,1.0419142,0.98672175,6683.887,59.328938,98.19322,60.270973,23.728046,58.57355,9.474873e-05,101.42319,4212.799,DOS-TCP_FLOOD
18.893265,5.954379,63.731857,26961.83,0.03836173,-0.002520735,-0.02317116,-0.01618181,-0.035660654,-0.0029839478,0.02797119,-0.7094195,0.15207247,0.13739225,-0.09677724,0.026064295,0.13128202,-0.013753109,0.025846712,-0.041661713,0.016148195,0.0084422985,0.95648015,0.05604888,-0.006210696,-0.0013506098,-0.004413184,-0.06260645,1.0326047,0.9810842,5781.6787,58.628952,109.15521,59.384785,15.141078,56.85127,0.00016858803,100.6227,3384.9216,DOS-TCP_FLOOD
22.163008,5.7029686,63.48187,15128.531,0.021760765,-0.0020156645,-0.003916535,0.035810094,0.07186982,0.04122722,0.016982608,4.527811,-0.130693,0.008353143,0.1621178,0.13122551,0.11974865,0.0086372895,-0.021430064,-0.011049597,0.030533932,0.005619321,1.0483382,-0.02633425,-0.03995055,0.015935183,0.03283897,0.03597108,0.9838589,0.95827997,8018.818,63.83401,253.6306,54.270123,86.77137,85.8854,0.00046828267,99.66477,20285.46,DOS-TCP_FLOOD
22.381828,4.6328726,70.1781,14780.182,0.014807481,0.014691636,-0.03643452,0.009175061,0.034409095,-0.048625246,-0.0018149405,1.452383,0.8255219,-0.027726535,-0.04780356,0.19651031,-0.0009904074,0.03524492,-0.017535403,0.0088409,-0.0134775415,-0.04253962,1.074341,-0.042274762,0.027034225,-0.013542922,-0.03985044,-0.019651681,1.0251509,1.0163194,4100.8135,60.688763,113.500565,56.011005,1.184022,56.231483,-1.6549646e-05,102.2576,363.37634,DOS-TCP_FLOOD
20.228922,6.4216504,69.40955,13380.518,0.0036542024,0.0042732703,0.020921033,0.07841649,0.0691669,-0.015983256,0.0235271,2.2206345,-0.043554287,0.028895305,-0.017963514,0.13768828,-0.011491894,0.008358582,0.003091921,0.01892113,-0.014746774,-0.04669827,0.9741376,0.024483135,-0.047496673,0.031774558,0.017337095,0.010087373,1.0008364,0.9876105,5816.333,60.28752,16.947647,56.866684,12.873159,62.127777,8.89107e-05,94.27413,353.22525,DOS-TCP_FLOOD
20.890358,5.932533,64.42579,12806.139,0.010704686,0.008644672,-0.012336964,-0.0017248649,0.025717115,-0.016756613,0.01097565,-0.16384995,0.44022983,-0.025734004,-0.095583335,0.14652681,-0.005155209,0.016398683,0.0246088,-0.014577702,-0.019326422,-0.022187475,1.0056223,-0.013601213,-0.01432441,-0.011030711,-0.015865017,-0.023827625,1.0241642,0.993178,6725.3716,60.423805,59.55281,58.512436,1.001276,79.03458,0.00011176694,99.88922,-381.18024,DOS-TCP_FLOOD
19.686983,5.72335,64.459366,18913.406,0.032198884,0.0070885867,-0.022896502,-0.0072884667,-0.0368182,0.004458343,0.026965838,-0.004586458,0.37478197,0.2537846,-0.0722621,0.059736997,-0.00036480464,0.017835774,0.023203008,-0.03345784,-0.009628096,-0.010478132,0.98003614,0.044561435,8.5325446e-05,-0.012720931,-0.019505242,-0.03631122,1.0392092,0.98633075,4988.7495,59.88415,118.32638,48.52934,30.78563,65.71457,9.9222496e-05,98.19333,3864.8171,DOS-TCP_FLOOD
20.062597,5.6886086,65.62695,19037.215,0.015466782,0.0047357664,-0.029602472,0.009729191,0.016793039,0.011983196,0.04550901,0.62406546,0.18409815,0.061731517,-0.044560768,0.07057901,0.002376924,0.021304546,0.021883305,-0.013750095,0.0016333442,0.00038174912,0.9870644,0.003533229,-0.016800847,-0.008086597,0.0023601018,-0.024685131,1.0167981,0.9674301,5271.0137,60.730965,183.36224,44.53701,33.82056,47.99897,0.00018901083,100.00192,-5303.3125,DOS-TCP_FLOOD
19.094702,5.9194922,61.944504,18564.715,-0.008081793,0.0020383515,0.0047438103,0.008379399,-0.032335147,0.019373855,0.018806601,-0.6930798,0.25627717,0.043127827,-0.037065666,0.05520379,0.010551668,0.0075483737,0.034375705,-0.018573621,-0.0038161897,-0.01644406,0.9883795,0.017721618,-0.012489472,0.02368112,-0.0061137695,-0.014705554,1.0088867,0.9505243,5156.007,59.846462,46.653122,68.67294,11.152377,79.77911,0.00012282754,97.87464,1602.3982,DOS-TCP_FLOOD
20.738781,5.258101,64.531006,14739.408,0.01977667,0.01146542,-0.043610092,0.016306354,-0.07283558,0.047080994,-0.024272155,0.3879645,0.61665964,0.24147797,-0.064615026,0.033116113,0.29365832,0.005351994,-0.0150536075,-0.018546896,-0.004097596,-0.011218217,1.0381618,0.0075700725,0.048887845,-0.013920241,-0.05485492,-0.040462576,1.0683806,1.0108701,5725.119,59.79232,237.2944,66.70732,47.637573,106.426926,0.0012176965,105.03941,12749.476,DOS-TCP_FLOOD
19.803455,6.329029,63.548496,7658.078,0.011061187,0.0049091815,-0.0073440424,0.008751594,0.04836364,-0.0018869323,0.0006930856,1.2596269,0.023110507,0.21334961,-0.002479367,0.0982119,0.07667544,0.014149912,-0.0069476757,0.0077053714,0.0018827617,-0.013078863,0.94864,0.009470213,-0.005942677,-0.0007336517,0.0031701103,0.013899457,1.027864,1.0011362,8060.54,60.48749,50.741196,56.201317,5.6561317,66.61678,0.00013680552,95.02651,-2979.3237,DOS-TCP_FLOOD
20.837856,5.538862,64.00217,14097.338,0.03803424,-0.014264204,-0.03169631,0.03682188,0.021095462,0.026089532,0.017029982,-0.12813413,-0.26980305,0.07792672,-0.0018613786,0.053071477,0.37665722,-0.014465528,0.020029971,-0.00947161,0.0075666695,-0.026392229,1.0011343,0.01640909,-0.012044814,0.022076309,-0.0028265454,-0.0011480134,1.0478512,0.9952317,7355.7744,59.62527,53.570618,43.973125,-11.858568,48.848087,0.000105449915,98.9871,-1912.895,DOS-TCP_FLOOD
20.80055,5.449583,64.81448,19810.432,-0.013278488,0.0044255145,-0.0215072,-0.0064794733,0.028238213,-0.023132544,-0.012483649,-0.27478564,0.224195,0.008835605,-0.051930208,0.12246707,0.005894857,-0.002743341,0.03103297,-0.01967863,0.0066710636,0.00042847358,1.0440786,-0.029757034,0.0042606355,0.0067397277,-0.01583527,-0.024467817,1.0375565,1.0005872,7098.94,60.41097,30.451828,58.67801,-1.865221,77.132256,2.7382193e-05,99.30142,-1015.1833,DOS-TCP_FLOOD
21.780956,5.7860613,64.72815,13990.617,0.024716945,0.0075145797,-0.025762353,0.0104770055,0.04444649,-0.040226746,0.0049319887,1.2043139,0.325855,0.05355148,0.020527814,0.17767063,0.01959795,-0.0006207684,-0.0034922734,-0.018953027,0.01580584,-0.00075951684,1.04751,-0.03813242,0.011674069,-0.010079633,-0.025673473,-0.006728722,1.0013458,0.9912705,4973.8306,61.179054,227.8196,46.361176,54.407585,80.455765,0.00019121893,101.52382,3961.416,DOS-TCP_FLOOD
19.819422,6.0894957,68.81991,14315.023,0.0006844383,0.0017708797,-0.031239271,-0.008531356,0.02785003,-0.017746361,0.009922484,0.7183659,0.20952576,0.05676962,-0.021298315,0.05388274,0.074433886,0.011529833,0.019587317,-0.024559574,-0.0037013902,-0.015226799,0.9562108,0.02567899,0.015525977,-0.006188699,0.013113145,-0.011893296,1.039588,1.0088179,8240.854,60.091007,98.04686,79.55067,9.276115,69.05644,-2.9468356e-06,96.41867,740.1388,DOS-TCP_FLOOD
20.848118,5.613862,64.20845,15916.939,-0.012460704,0.0009026378,-0.012983784,-0.0012371073,0.04489951,-0.01765688,0.0074750343,0.7874961,0.22849394,-0.00919952,-0.04417118,0.14572431,0.005587461,0.010563758,0.023541115,-0.02801313,0.010431338,-0.010832729,1.0432715,-0.033310026,0.01117479,0.014913119,-0.026641509,-0.018016998,1.0247496,0.9760031,4225.0234,60.143017,66.02663,45.45931,19.70011,65.58904,6.920284e-05,100.060524,1038.4993,DOS-TCP_FLOOD
19.307276,6.403688,71.066284,6925.3105,-0.00868909,0.00942943,0.009070832,0.024283623,-0.018888745,-0.028594507,0.044683363,0.3509763,0.036347874,-0.08099768,0.1652077,0.13308233,0.0064914855,0.0073800045,0.026656345,0.019830743,-0.018097337,-0.035225194,0.9820304,0.042973086,-0.014717403,0.007907926,-0.03443199,-0.035572946,0.9960517,0.9748519,4675.41,59.299908,116.37235,78.36677,13.627087,88.33404,0.0004274828,99.767944,-950.20123,DOS-TCP_FLOOD
19.013641,6.4072037,63.97515,22703.793,0.040214606,0.005430454,-0.019044299,0.0072254105,-0.06236337,0.01062316,0.031802632,-0.04884219,0.3262423,0.4758036,-0.07430544,0.06990247,0.0031475604,0.016403008,0.020029722,-0.022242572,-0.009900019,-0.007364279,0.937977,0.0664161,0.008482513,-0.002143738,-0.01817828,-0.051587824,1.0389389,0.9853386,6653.744,59.02021,91.71588,68.2083,26.716087,81.32763,0.00013536788,99.67195,4197.1313,DOS-TCP_FLOOD
21.298647,5.543582,66.31567,25815.746,-0.02585635,0.0031445075,-0.020744985,0.015660984,0.017127648,0.02250471,0.028910741,-0.29661942,0.10462685,-0.005443385,-0.06601071,0.044101756,0.20685402,-0.013485745,0.03281334,0.02838381,-0.026650604,-0.015246322,1.029879,0.0026924794,-0.022144835,0.009241795,-0.013896467,-0.03427964,1.0159551,0.97758466,6302.298,59.874268,128.36348,63.58398,11.224374,84.13962,0.00019375759,99.837456,-5067.1274,DOS-TCP_FLOOD
20.241598,6.056756,65.26076,7993.414,0.058043152,0.010297174,-0.012335658,0.010278092,0.045649074,0.0017274817,0.019613609,3.285982,0.4851609,0.47376767,-0.049705923,0.104244545,0.02733983,0.03063517,0.018806888,-0.005866643,0.0067639584,-0.015431313,0.9743751,0.023488544,-0.004936543,0.023335673,-0.047166876,-0.02046683,0.9965628,0.9886811,4631.6455,59.155903,56.967102,50.964436,-4.8406906,55.516888,-3.0444498e-06,99.00128,-11250.156,DOS-TCP_FLOOD
20.740458,5.8287253,70.72299,12043.219,0.009369039,0.0039325417,-0.0030887406,-0.0051680873,0.007882075,-0.018891482,-0.0026222481,4.559663,0.22498728,0.09942375,0.012321061,0.124593,0.00288536,0.018145476,-0.0043675164,-0.024446275,-0.014667744,-0.036926128,1.022251,0.020102825,0.002952225,0.01281242,-0.02802709,0.011525172,1.0199201,0.9990007,5638.249,60.139828,135.2478,84.12907,36.726254,86.918106,6.71123e-05,101.15312,12673.118,DOS-TCP_FLOOD
21.03165,5.2871504,63.72457,16189.25,-0.0024656858,0.010906346,-0.013625474,0.0074492097,0.030295974,-0.0050561624,0.0062903645,0.5785868,0.2007872,0.09478111,-0.07726593,0.12476932,0.00444871,-0.01996856,0.023715138,-0.0034001563,-0.0016728952,-0.010868953,1.0427816,-0.05328258,-0.010916067,0.011259475,-0.006650933,-0.014830891,1.0344288,0.9973418,7155.213,60.085716,221.59,64.172134,20.30218,78.698296,-2.9055955e-06,99.42375,1285.3079,DOS-TCP_FLOOD
19.348446,5.9980516,64.63013,16222.988,-0.009363255,0.0039985315,-0.0017807051,0.009000905,-0.014536442,0.030133462,0.0427583,0.32594526,0.2025438,0.022446914,-0.043523297,0.061308056,0.008811406,0.02326918,0.024266018,0.00076159835,-0.028184308,-0.009910789,0.9648262,0.014640071,-9.780517e-05,0.010618312,0.0142112635,-0.026852807,1.0095123,0.9685458,3790.3596,60.619503,191.39873,56.421783,32.033993,77.65231,0.00021105181,100.99097,2371.3423,DOS-TCP_FLOOD
19.840925,5.3416424,64.528824,20454.646,0.009086038,-0.00023001805,-0.012493629,0.007692033,-0.024873147,0.006656037,0.03890824,-0.9699975,-0.021323485,0.004451964,-0.018936744,0.08593117,0.0107213305,-0.0022767996,0.023229431,-0.015563575,-0.017406985,0.009763203,1.0171208,-0.004496287,-0.01901143,0.0031701964,0.009063775,-0.012111998,1.0285261,0.96565634,6964.513,59.799496,345.85577,71.32919,74.12702,88.03939,9.2693794e-05,100.24263,15969.088,DOS-TCP_FLOOD
17.116524,7.4772787,62.95575,9467.422,0.010553225,0.00016092882,-0.020020401,0.0168218,-0.09138853,0.004383146,0.029190367,-0.08325374,0.20900425,0.16051145,0.0023353472,0.031689692,0.0075706453,0.011446144,0.029033309,-0.012812277,0.0027077133,-0.010077119,0.8595596,0.12519613,0.000104561914,-0.014133871,-0.0214031,-0.049882427,1.0435548,0.9821462,7619.125,58.7636,205.01724,88.59418,50.170242,106.764626,0.00033656685,97.196884,14814.088,DOS-TCP_FLOOD
20.795872,6.2421184,62.376205,15030.932,-0.008762757,0.009292942,0.011718535,-0.0021379471,-0.015468312,0.027306035,-0.013794581,-0.069288254,0.10508014,0.04159344,-0.040944442,-0.0008436106,0.31009385,-0.00057429075,-0.0003091013,0.011739623,-0.033290282,-0.027027361,0.97474957,0.023311755,-0.031028854,-0.0147406645,-0.0043955585,-0.0070117414,1.0436825,0.9725887,5297.148,67.559814,27.588684,125.76558,30.595026,148.26685,0.00032472683,92.68897,-4488.951,DOS-TCP_FLOOD
21.731129,5.1073647,70.083725,30375.4,-0.026843261,-0.0022272458,0.01591669,-0.012047811,0.04631839,-0.006258127,0.050709635,1.4282323,-0.30708566,0.037043985,-0.015841942,0.13010463,0.01779664,0.01243106,0.011043317,-0.014354877,-0.02453328,0.005377922,1.0656021,-0.0021072105,-0.016174458,0.006283113,-0.013664609,-0.015662877,0.99350536,0.9770541,7087.8833,60.596233,777.4524,63.22992,146.45288,49.699856,5.2992968e-05,101.51599,52322.688,DOS-TCP_FLOOD
20.84594,4.3017406,62.484554,21706.957,-0.0030816998,0.011772676,-0.002503139,0.017970199,-0.0064760484,0.022381395,0.041610558,-0.6385242,0.40725622,-0.032290723,-0.06836611,0.11365798,0.13972461,0.010048639,0.022110874,-0.016237969,0.0031458866,-0.018769134,1.0476371,-0.040595543,-0.016631203,0.036922887,-0.0059205526,-0.00056098215,1.01037,0.95076835,3872.5925,59.178673,5.363556,1.6289444,8.862945,38.756645,-8.834309e-05,98.980774,3491.7231,DOS-TCP_FLOOD
19.805637,5.627369,64.0839,21286.521,0.020299295,-0.0071814316,-0.016111128,-0.010210312,0.007258,-0.0060313735,0.029385936,0.99042416,0.035669275,0.071527116,-0.033997748,0.111448176,0.0021092438,0.009106117,0.033650912,-0.026371421,0.0043811556,-0.0016034255,1.0040349,-0.00061252713,-0.010848092,0.011247323,-0.007375725,-0.03700284,1.0248466,0.98308647,8134.081,59.900978,288.22076,104.152275,50.128742,92.04093,0.00017729372,101.49267,12184.575,DOS-TCP_FLOOD
17.884022,6.6029916,62.987293,4970.591,0.016265983,0.0009138211,-0.0053449394,0.031097744,-0.03692864,0.023280734,0.04284417,0.15487671,0.1385465,0.10055122,-0.04556691,0.105054535,0.011187597,0.04836805,0.024951998,0.0068590324,0.00011320226,-0.010589733,0.9099969,0.08304113,0.00023847213,0.034830034,-0.015584096,-0.020987766,1.0030541,0.95890033,5225.084,60.033455,159.63904,47.759598,48.02365,76.4592,0.0010968358,95.75988,10625.276,DOS-TCP_FLOOD
19.53052,6.6904163,63.870075,13197.9,0.04453621,0.003216923,0.016146382,0.01315736,0.022076882,-0.03083169,0.008350366,0.26749474,0.31763986,0.36693233,-0.03446261,0.13621446,-0.0015257966,0.028551023,0.037639648,0.013689727,-0.0074065076,-0.029482517,0.97146326,0.018039579,-0.03575039,-0.0035605999,-0.0148182195,-0.026556833,1.0170822,0.9905063,7614.7217,59.614834,105.156555,58.567257,15.045615,90.35518,0.000384658,97.21683,-1162.5842,DOS-TCP_FLOOD
19.165722,6.077996,64.68834,12796.344,0.009253741,0.0038269863,-0.0060056476,0.017612934,0.02698468,-0.006534299,0.044556342,-0.2691021,0.1046229,-0.0054941513,0.041595917,0.09366729,0.009677747,-0.0077753044,0.015411856,-0.025127806,-0.014367549,-0.0012271432,0.96336734,0.009482205,-0.024882946,0.00033245073,-0.012495694,-0.018675545,1.0091012,0.96867794,6503.816,59.53749,93.75012,72.42526,4.3394794,70.42037,-0.000202766,96.51011,-3877.9397,DOS-TCP_FLOOD
20.239874,5.779961,64.16489,14464.768,0.008008135,0.008077071,-0.022649128,0.012217008,0.020210499,0.0054631657,0.0038259686,0.5715075,0.11875059,0.0562194,-0.031295057,0.09343878,-0.0027964879,0.007047839,0.009153834,-0.005158065,-0.010284079,-0.014204485,0.9888979,-0.019127361,-0.01696191,-0.008549256,0.023731364,0.0010468345,1.0227779,1.0094336,7305.7217,61.724304,225.83995,67.10719,40.157867,84.82773,0.00017918446,99.683075,5560.661,DOS-TCP_FLOOD
19.216633,5.6485305,64.70505,23086.574,-0.013888355,0.007862405,0.007240469,0.015747098,-0.038826317,0.017378058,0.035167005,-0.64384127,0.28488034,-0.059648074,-0.06261872,0.08640849,0.013710412,0.011425697,0.045266073,-0.0035987562,-0.024937406,0.0003371667,0.98307335,0.021041252,-0.006694137,0.004509897,-0.01077006,-0.057728395,1.0103108,0.96089303,5708.6167,58.97469,325.8067,65.5683,84.327194,86.41305,0.00017401337,102.03954,23674.936,DOS-TCP_FLOOD
21.590744,5.1053605,63.91177,22773.479,0.023355138,-0.009837474,-0.038475916,0.022962097,0.022006176,-0.0035126046,0.022977488,0.4206251,-0.33748162,0.08866793,-0.026107825,0.062446773,0.335905,-0.009869765,0.019309025,0.0006928621,0.0067673624,-0.03760589,1.0237627,-0.0054839095,-0.04446082,0.05150151,-0.010229274,0.016976152,1.0407293,0.9601903,8605.187,60.5103,66.75452,31.707031,20.036736,37.059975,0.00021258896,96.34917,-2881.9475,DOS-TCP_FLOOD
18.968624,5.8215804,62.10953,12646.404,0.024073085,-0.0097416425,0.0028254418,0.0019690313,0.008613145,0.007975028,0.026363738,-0.4057436,0.02609625,0.21690176,-0.0044131465,0.060802475,0.06762471,-0.005196398,0.027704325,-0.035489455,0.007184995,-0.00073325355,0.94750416,0.030547831,0.0050628535,0.03242161,-0.013841299,-0.025042087,1.0167922,0.9585528,7020.255,58.812683,-93.69153,34.818233,-29.052681,56.710682,-6.0099104e-05,94.593994,-24604.523,DOS-TCP_FLOOD
22.382954,5.6083446,64.58755,20060.963,0.021343797,0.00503875,-0.025285583,-0.0032853994,0.052729808,-0.024771316,0.019416617,3.3875427,0.19607507,0.06202255,-0.00820849,0.10992211,0.025287291,0.0029259874,0.014976286,-0.019764498,0.015444519,-0.020160107,1.0565702,0.0013779514,0.022002704,0.004204632,-0.02661046,-0.04198248,1.0053033,1.0022832,5578.688,59.809837,331.759,57.7855,46.61817,76.85587,0.00019032319,102.772026,9449.668,DOS-TCP_FLOOD
19.205309,6.235725,63.20707,10767.589,0.021422654,-0.0039593973,-0.020954695,0.0045027975,-0.00030150823,0.01746419,0.024227368,0.22553432,-0.14059821,0.044808816,-0.016837433,0.06072309,0.10509565,-0.0014144881,0.021665484,-0.017600805,0.013554579,-0.0030989992,0.9559472,0.027225263,-0.008080171,0.022953937,0.0077237557,-0.012813805,1.0244036,0.98289895,8742.355,59.69866,103.266716,78.25952,17.14085,86.78557,0.00015359459,96.51487,976.3998,DOS-TCP_FLOOD
19.446947,6.4639487,66.48022,10619.822,0.030594863,-0.009650968,0.005101606,0.09924913,0.100241065,-0.0032202103,0.053494446,1.8303504,-0.18792418,0.27489448,0.04787565,0.11376306,-0.0037223527,-0.01376155,0.022104997,0.0029903883,0.0067150826,-0.024500879,0.93024427,0.032165393,-0.041485794,0.009799939,-0.0036985008,-0.025478829,1.0059669,0.98161453,11747.383,58.19558,49.30304,57.5968,-5.154932,68.76788,-0.00014292552,90.3012,-11475.918,DOS-TCP_FLOOD
18.726782,6.2965846,64.269615,8968.863,0.004614312,0.035896096,-0.0014306721,0.01728679,0.026846616,0.0039989403,0.037687324,1.34201,1.1948912,0.17980143,0.1353133,0.07355016,0.13454334,0.026902677,-0.002533407,-0.017375853,0.011143874,0.012488062,0.92186475,0.024737014,-0.0012708385,-0.018408371,0.009135342,-0.03175095,1.0205839,0.99328303,8907.625,58.921272,206.50029,60.142097,39.779404,80.535706,0.00024260343,93.55109,13667.57,DOS-TCP_FLOOD
20.96859,6.135995,65.28431,9714.742,0.038045157,0.0065254006,0.016182853,-0.0012818574,0.03251978,-0.053319823,0.004503012,2.5774164,-0.04978542,-0.05331069,-0.022241948,0.1830101,0.00060791336,0.021084843,0.019553311,0.017462587,0.0056957314,-0.02667239,1.0405731,-0.010828144,-0.03477992,-0.008399588,-0.03596122,-0.018556373,1.0010813,0.98386496,6274.657,59.49865,276.61224,61.661823,85.6262,66.686676,0.00043048305,101.010635,18625.863,DOS-TCP_FLOOD
20.729996,5.224915,63.71261,17712.59,0.02427209,-0.0039580115,-0.041068103,0.011657163,-0.037623584,-0.0063597127,-0.0070693223,3.1010065,0.19519517,0.104619175,0.055979103,0.1067378,0.22838016,0.008820285,0.01970551,-0.01862965,0.010162479,-0.028867539,1.0185857,0.045351405,-0.02419329,0.026923046,-0.018097572,0.027555095,1.0411496,1.0038588,5503.5537,59.333572,-6.2707825,74.17965,1.9790287,78.07024,0.0001602069,103.853226,-3262.8345,DOS-TCP_FLOOD
21.569036,4.4639044,65.33405,15164.523,0.016342212,0.010072381,-0.047272205,-0.0014021116,-0.010078415,-0.0028126263,0.00889121,0.057172954,0.45292395,-0.018592257,-0.1007902,0.12782444,-0.0025656582,0.017155157,0.033588946,0.00069483183,-0.014176492,-0.0016558496,1.0532926,-0.04587827,0.026092004,-0.011080959,-0.024048703,-0.042765252,1.020403,0.9905835,5242.993,60.00762,153.10857,64.05732,8.061837,86.487976,-7.646224e-05,106.08281,7321.15,DOS-TCP_FLOOD
20.716787,5.4219446,63.80111,19686.709,0.008227293,0.0072223083,0.0044938573,0.015962739,0.020755235,0.01780225,0.035683196,-0.0052781105,0.23375036,0.027403517,-0.056862306,0.10133401,0.032283332,-0.0064537628,0.009843767,-0.006112247,-0.0010474119,-0.039640147,1.0033052,-0.025615288,-0.030556474,0.035614572,0.0057351263,0.015790707,1.0141876,0.9734167,6132.4746,59.98879,78.60608,47.70629,13.89197,57.661366,-0.0003679259,95.755135,2164.0435,DOS-TCP_FLOOD
19.736992,6.1090403,63.973286,19112.912,-0.02202238,0.004990113,0.012505887,0.0146019785,0.004593097,0.009654052,-0.0064456137,-0.38716602,0.12034335,0.0051907264,-0.020711638,0.1033561,0.0039227516,0.002075634,0.018233826,0.01596762,-0.043110587,-0.023858085,0.97423065,0.0160654,-0.031788304,0.01322848,-0.0060797203,-0.011712526,1.015566,0.98120064,7288.062,59.93667,33.4581,68.85783,17.480982,78.05264,5.549041e-05,96.70533,-7160.1533,DOS-TCP_FLOOD
21.630993,5.293289,77.80126,19146.648,0.013765862,-0.0027194007,-0.018905956,-0.0015387345,-0.02331516,-0.02188252,0.03684629,-0.45763552,0.29174155,-0.004079314,0.05028127,0.12367404,0.0044062794,0.0018032221,0.018162718,-0.017110854,-0.0039522094,-0.015527344,1.0438628,0.05227949,0.0010745856,0.024290096,-0.034169473,-0.05429033,0.98654854,0.9575776,4488.0195,60.298477,54.16899,124.32394,-10.032919,119.53694,0.0011674241,99.96998,2737.4858,DOS-TCP_FLOOD
20.268967,5.9770865,66.00046,21647.557,0.055389013,-0.010770287,-0.009547441,-0.010353229,0.011653401,-0.0047124643,0.022134865,1.1887567,-0.2997632,0.08776534,-0.07684288,0.14092004,-0.008811885,-0.0012097275,0.019300155,-0.0038555404,-0.00999893,-0.0123044,1.0098717,0.039404206,-0.005105678,0.012164092,-0.021407403,-0.049811676,1.0187426,0.9724303,6509.286,59.980515,214.28769,99.21964,33.089592,77.18884,0.0005464442,99.418526,-1009.3475,DOS-TCP_FLOOD
19.559078,5.7421823,64.32865,10357.837,-0.007457947,0.005266029,-0.012625389,0.0067450376,-0.017556123,0.008978168,-0.019924799,-0.18631983,0.26844049,0.09174991,-0.098415755,0.11118691,-0.009034524,0.0076572127,0.028882138,-0.0114992345,-0.015299259,-0.000291639,1.0072957,-0.0041768583,0.030360784,0.011135334,-0.0083106,-0.021506296,1.0261091,0.9860792,5810.842,59.7261,103.55394,63.898552,17.840189,92.39448,0.00017620376,101.25483,2715.2478,DOS-TCP_FLOOD
19.995699,6.1673493,64.44382,12277.045,0.049002413,-0.0049626203,0.0067781773,-0.012015614,0.011486469,-0.022283008,0.011153362,3.3712914,0.11623193,0.06196935,-0.036276817,0.12535147,-0.008103675,0.0068970444,0.019115692,-0.014888572,0.0031339703,-0.040724095,0.9626476,0.047780767,0.043288045,0.041729417,-0.04335713,-0.037285063,1.0028828,0.9640569,4683.1934,60.002808,70.80348,96.899765,25.59319,99.38737,0.004929578,98.35788,2350.804,DOS-TCP_FLOOD
19.98525,5.7148247,63.688816,5233.998,0.03877115,0.002012159,-0.0027696346,-0.0074426974,0.023857173,-0.019143129,0.028202767,0.85513794,0.09629931,0.14315134,0.22766022,0.15569285,0.01693859,0.0115954215,-0.0020764582,-0.027562676,0.027874392,0.008244574,0.9875136,-0.011020671,0.004217108,0.010884275,-0.003926414,-0.03189251,1.0242858,0.98563415,7033.758,59.964634,238.56659,70.72312,41.83599,65.96483,0.001067121,99.40096,10959.643,DOS-TCP_FLOOD
18.752571,6.34239,64.19604,16648.37,-0.009332764,0.005933111,-0.014536866,0.010856159,-0.032760948,-0.008247054,-0.016704828,0.20458072,0.233811,0.02122489,-0.049910314,0.059251938,0.01755953,0.033658102,0.035278335,0.02596166,-0.01678868,-0.029197268,0.9429159,0.03133154,0.0017787819,0.012683771,-0.016081823,-0.027727047,1.0211385,0.99481374,7059.3643,59.76855,97.89365,76.7999,27.392715,90.04482,0.0002752918,98.46106,545.95966,DOS-TCP_FLOOD
18.542572,6.298239,63.36459,15738.328,0.027554791,-0.0026331528,-0.0147679,0.009987862,-0.046948105,0.02219687,0.029769361,-0.37448227,0.099781916,0.31609857,-0.02139586,0.039746106,0.012059379,0.005682581,0.010224249,-0.016163938,-0.004612815,-0.012369616,0.9340225,0.06229325,0.0012649689,0.006891811,-0.0030934531,-0.015434349,1.0377522,0.9773017,7703.5127,58.904915,69.827194,74.88299,5.788065,73.83925,-6.644543e-05,97.386566,-8452.137,DOS-TCP_FLOOD
18.168818,6.661037,63.384964,19795.598,0.013073396,-0.009331855,-0.0011584349,0.0054053385,-0.044616617,0.023670476,0.026671708,-0.35934186,-0.12544331,0.05927881,-0.04259731,0.036851816,0.024598507,-0.0054590963,0.018517865,-0.0027341489,0.0029637478,-0.012254546,0.9226892,0.07283278,-0.014324035,0.002216528,0.004095398,-0.01212038,1.0284884,0.9660212,7851.707,59.127018,37.977783,72.94446,-0.21177864,79.28753,-4.959262e-05,96.168976,-6084.0654,DOS-TCP_FLOOD
20.280306,6.0311084,64.188446,18983.021,-0.0034920778,0.002259857,-0.016010644,0.0024518806,0.027233547,-0.0067198556,0.035757292,-0.092118025,0.09992914,0.02401524,-0.08499947,0.11529573,-0.0017703172,0.018872421,0.026851268,-0.00090698246,-0.011364167,-0.025577676,0.9829009,0.011622825,-0.012130407,0.023391599,-0.0055261096,-0.013991518,1.0138313,0.9803235,7411.8555,60.517967,25.75299,48.195473,-14.805147,55.17312,7.180788e-05,99.58197,-6427.0674,DOS-TCP_FLOOD
20.322784,5.9696803,63.743305,17421.828,0.014013572,-0.00087710464,-0.03346003,0.0043431562,0.0030771615,0.0065170047,0.0017895037,0.36406058,0.19915491,0.0006297231,-0.033252805,0.10004547,0.062211435,0.0066429004,0.023556344,-0.011928374,0.026765222,-0.007434971,1.0144401,0.0074100127,0.013352882,0.01837704,-0.021955306,-0.025556166,1.0240126,0.9798367,7074.273,59.76266,220.01318,58.63321,36.275627,87.71118,0.00022301916,101.6059,1874.6758,DOS-TCP_FLOOD
20.48674,5.88435,63.97155,12279.6,-0.007547028,0.0012105777,-0.02924761,0.0052685323,-0.021666536,0.0030186884,0.019090276,0.55540603,0.32266992,0.06790958,-0.045064185,0.10080187,0.009923305,0.023672923,0.026366401,-0.003374922,-0.0151433,-0.014873382,1.0436933,-0.0062686447,0.019428039,0.028049275,-0.05237352,-0.03991961,1.0078876,0.97463214,5251.315,59.384136,83.71216,46.225838,27.342575,93.72175,6.51327e-05,103.62203,6213.77,DOS-TCP_FLOOD
21.981544,5.4211383,64.25991,19758.17,0.03457392,-0.00045238063,-0.00455054,0.0014889891,0.07401842,0.00019652245,0.0004938501,5.2656484,0.06336006,0.2564047,0.0117839305,0.17589274,-0.007993138,0.017752498,0.020926908,-0.034589082,-0.00836299,-0.031618625,1.0638688,-0.039973855,-0.0026697153,0.017688692,-0.028619373,-0.014502944,1.0102097,0.9928855,6046.361,60.91976,188.67958,43.743633,28.87247,72.43832,-2.3536952e-05,101.890976,4483.5337,DOS-TCP_FLOOD
19.830212,5.9976926,63.455116,18384.873,0.05292712,-0.009369919,0.012287079,-0.019607035,0.009246321,-0.0057746693,-0.016816229,1.3768666,-0.10374016,0.10102425,0.00607498,0.12252963,0.009396505,-0.028018806,0.011798657,-0.04760656,0.01837669,-0.02031402,1.005722,0.04792015,0.019352797,-0.0013171823,-0.026028205,-0.047091324,1.0444039,1.0014163,5171.7656,59.868763,-66.84445,114.338585,-22.25243,130.25372,0.00040146726,101.15661,-8588.956,DOS-TCP_FLOOD
21.918316,5.30426,65.3987,18447.693,-0.01640774,0.005742665,-0.03411904,-0.0016073544,0.038966835,-0.0109910825,0.016754843,0.49279392,0.3446929,0.009630266,-0.07221746,0.16170673,0.015041801,0.0210019,-0.0012892578,0.010693049,0.0020972406,-0.020037496,1.0307325,-0.02272151,0.018227402,0.029779531,-0.04671075,-0.030827116,1.000063,0.99674094,3674.9917,60.487274,123.21746,19.50132,13.759169,40.548183,3.6440353e-05,101.709175,1013.38367,DOS-TCP_FLOOD
19.649523,5.5686727,64.018265,11430.572,0.008793295,0.006060634,0.028225379,0.0075258645,0.03796363,-0.015591141,0.017993804,0.40334046,0.03528192,0.04230392,0.62559056,0.13859586,0.0070911567,-0.00029428862,0.005404502,-0.018016897,0.012455037,-0.0031572068,0.9883099,-0.015294124,-0.013378538,0.0014038908,0.015234692,0.00027951784,1.0079527,0.9836866,7166.058,59.429573,211.34616,67.75726,45.563316,64.70931,0.00021705056,97.09249,5283.3813,DOS-TCP_FLOOD
19.79828,5.867877,64.244705,15501.18,0.0011825468,0.01654311,-0.00071735587,0.007875838,0.028846407,-0.0010870508,-0.019173332,-0.1344434,0.74596435,-0.041621424,0.008599515,0.11597585,0.009479526,0.01902799,0.015530599,0.012959514,-0.0012330199,-0.011735544,1.013763,-0.02266285,0.0012981845,-0.0006958714,-0.016205452,-0.015301254,1.009377,0.9995396,7397.5723,59.912155,119.62514,95.54815,22.824121,111.04335,3.7314312e-06,98.5572,2200.9773,DOS-TCP_FLOOD
21.280895,5.6541605,64.39208,17690.678,0.00068209134,0.012072119,0.008118653,0.014376353,0.06184832,-0.011663075,0.0076550916,5.249397,0.15533549,-0.09129202,-0.026428329,0.16935335,-0.000974439,-0.0015842076,0.017106548,0.022006653,-0.024864547,-0.028044749,1.04153,-0.03132527,-0.023594836,-0.011937363,-0.033620752,-0.0030121673,1.0226612,0.99654436,6104.7324,60.47848,155.06749,51.597572,28.077988,56.344498,-0.00015064939,99.78385,6093.02,DOS-TCP_FLOOD
21.178347,5.0252414,68.21741,5633.379,0.019706681,0.002492065,0.0047458825,0.02058153,0.099775925,-0.0042507094,0.021752868,3.7765546,0.2849606,-0.034625012,0.04180592,0.056769274,0.20003703,0.0042569824,0.025396988,-0.030670304,0.004310813,0.009687998,1.0307071,-0.007753189,-0.021457445,0.0004725554,-0.01762046,-0.025097556,1.016046,0.97160274,3200.1375,58.554497,37.155396,30.47071,-9.7643585,33.014507,4.6386776e-05,95.38363,-13377.1,DOS-TCP_FLOOD
19.504316,4.964139,66.00957,16460.342,-0.019397479,0.023913033,-0.016589819,0.064597085,-0.01464865,0.028060302,0.03891456,0.3852284,1.302281,-0.08896082,-0.07634416,0.06141261,0.023571191,0.020332595,-0.010204421,-0.013184503,-0.0137543045,0.011183525,0.98204947,-0.0026646515,0.008606894,-0.017563757,0.024690757,-0.023076776,1.0139868,0.9801682,6307.792,59.462914,507.0798,84.55262,121.17472,106.50371,0.00020999425,102.404,44204.883,DOS-TCP_FLOOD
20.10733,5.963306,69.46678,16931.78,-0.009342813,0.0002838932,-0.016758116,0.0068194675,-0.022791063,0.00822863,0.04198816,-0.41183293,0.19371463,0.06393815,-0.042815514,0.08072332,-0.0017974988,0.006395867,0.021620601,0.023257464,-0.0032933895,-0.024751162,1.0015316,0.024354996,0.0048263627,0.018444035,-0.029176544,-0.04127648,1.0194708,0.97405344,6811.8555,60.083584,56.548065,71.15768,-1.3742199,88.30085,0.00014926982,99.6224,-2490.3162,DOS-TCP_FLOOD
19.228252,5.41376,63.309063,22648.512,0.001182463,0.0027571786,-0.004377938,0.02064248,-0.04509095,0.023583898,0.058739364,-0.984969,0.0038862228,-0.0013546646,-0.09110078,0.107695155,0.115569256,-0.017346824,0.031770464,-0.021046067,-0.010701861,-0.01155747,0.9719598,0.014081538,0.010595959,0.049791887,0.00156119,-0.050941028,1.0137131,0.96045154,6041.3267,59.887142,239.84494,43.700066,32.208496,56.184635,0.00018420503,100.275566,-3270.541,DOS-TCP_FLOOD
20.437063,5.9164248,63.91656,11388.922,0.010414262,0.000103630126,0.008369227,0.0010491944,0.05651184,-0.011685727,0.003809901,2.7535834,-0.11416099,-0.035562757,0.07040179,0.14674039,0.0009269043,-0.009155193,0.0017985329,-0.007895323,0.0070431265,-0.02328329,1.023223,0.0044869888,-0.0138078835,0.032841764,-0.008161901,0.00651937,1.0122211,0.98809814,6104.75,59.82804,17.281586,52.991673,4.5841026,60.084236,7.8364596e-05,97.66985,-2474.143,DOS-TCP_FLOOD
21.63604,5.28909,64.40688,18488.652,0.008744187,0.004774528,-0.02258064,0.0018478328,-0.007726321,-0.006851764,0.0096184965,-0.4766426,0.2610964,-0.056585483,-0.107248574,0.12887388,0.028283983,-0.0010292046,0.054217245,0.030747466,-0.0015755813,-0.016048474,1.0535837,-0.006057387,-0.0057961093,0.026805434,-0.01604633,-0.031979643,1.0312936,1.0011549,8003.223,59.82017,48.772736,80.501625,-6.0504932,104.22659,0.000116395335,103.414,1973.1833,DOS-TCP_FLOOD
21.022331,5.015992,61.902645,12746.045,0.02951795,-0.008105267,-0.01677589,0.0068119015,0.025307447,0.024281649,0.0033929525,0.31632096,-0.05954962,0.19427475,0.0154552385,0.1335196,0.103642605,0.0050778314,0.0011770613,0.0044571375,0.02513796,-0.029169416,1.0344045,-0.014247321,-0.016491061,0.04537692,-0.019618759,0.0073990687,1.0241876,0.988049,5869.469,59.85381,-26.897614,42.14951,0.8875046,52.239674,5.543462e-05,98.371826,-8452.078,DOS-TCP_FLOOD
21.30442,5.31995,64.43608,18189.719,0.05194686,0.010503467,-0.021052908,0.0058654547,0.042501755,-0.020379359,0.03356302,6.9987774,0.26692894,0.24455804,0.056310624,0.16589925,0.015740383,0.0029825885,0.01218819,-0.02795468,-0.013155837,-0.021939335,1.0397953,-0.02019488,-0.008632869,-2.0943116e-05,-0.0298169,-0.018649254,1.0290016,0.99242574,5554.9565,59.60118,207.46783,76.01537,29.68475,76.42015,-7.3184245e-05,102.06475,4117.526,DOS-TCP_FLOOD
19.054962,6.0406117,63.95829,10761.391,0.030507132,0.0022752127,-0.028170511,-0.0019138431,-0.014528306,0.0091589205,0.010435119,0.93916583,0.20990746,0.23640162,-0.04855804,0.10677391,-0.0020558585,0.035862435,0.028972376,-0.021057047,0.013804931,0.0080484655,0.96884274,0.022805944,0.016130643,-0.0126965055,-0.012525193,-0.050998442,1.0332303,0.9851489,5693.946,59.482296,337.03183,54.059086,49.859737,68.3887,0.0005771311,100.53532,3666.2908,DOS-TCP_FLOOD
19.165625,6.024527,66.75034,11956.422,0.026644047,0.0065986128,-0.006752722,0.0069619566,0.017237939,0.020111343,0.018132878,1.716887,0.1852894,-0.09296868,0.03895357,0.06658842,0.034779444,-0.0050780457,-0.0067302957,-0.014011709,0.008900821,0.0010610837,0.9703641,0.015773946,0.037234966,0.024941508,0.00044262968,-0.029749226,1.006385,0.9890247,11728.213,58.47188,727.61255,100.12921,124.794,122.97945,0.0003574494,99.03938,39390.332,DOS-TCP_FLOOD
21.818253,4.9817524,70.14024,16735.459,-0.021597408,0.0019116806,-0.018334143,-0.022878496,0.0029989304,-0.007076766,0.037320346,0.24842763,0.22658575,0.021382153,-0.032702878,0.11610031,0.011125675,-0.025884137,0.026875116,-0.022269012,0.015813835,0.0048334477,1.0849046,-0.023603665,0.0075402083,0.014515822,-0.040727213,-0.056092955,1.0326444,0.9812924,7113.646,60.904915,181.10965,112.82655,21.690275,111.93707,0.00018001186,103.30319,6824.8984,DOS-TCP_FLOOD
20.31659,5.3205748,64.02952,18657.893,0.018150754,0.0055180984,-0.036735464,0.0067647533,-0.0027561774,0.014022432,0.028761357,0.0516122,0.24724184,0.04131708,-0.08209232,0.09131694,0.001893598,0.0018563401,0.009306342,-0.018944664,-0.002233109,-0.009214845,0.9952839,-0.011442659,0.00032896176,0.007226381,0.0059599103,-0.024996173,1.0136112,0.97741395,7218.6616,60.025597,89.735565,71.12261,-0.5511589,80.18162,1.862814e-05,102.26447,-2264.21,DOS-TCP_FLOOD
21.614727,4.6575775,63.822174,33137.367,0.02299026,0.103915766,0.0021127705,0.0063483724,-0.07017431,0.023418644,-0.005868203,0.60244834,1.6510103,0.060686003,-0.015918162,0.067898236,0.0040805116,0.022342406,0.023468321,-0.009366166,-0.016953604,-0.007891882,1.0603025,-0.03750103,0.023527674,-0.04634659,-0.0128162205,-0.03385341,1.0485657,0.998073,2763.9812,59.53942,109.127785,38.481754,25.282764,72.905334,0.00023893297,102.8111,6852.2925,DOS-TCP_FLOOD
20.23286,5.454247,63.20288,20881.018,0.005642632,0.00023122132,-0.03954141,0.012703461,0.016023427,0.0018008362,0.0018766639,0.57403684,0.020087285,0.5467026,0.030654877,0.04143208,0.4294563,0.008257668,0.006499989,-0.010481015,-0.0018376787,-0.024518782,0.995837,0.009906842,-0.017755928,0.013329336,-0.014771622,0.0011340715,1.043364,0.9893206,6626.1367,59.044117,111.87153,46.478786,30.19475,52.95074,0.00012743598,97.34729,-323.03912,DOS-TCP_FLOOD
20.923744,5.302677,64.37633,13885.5625,-0.018024571,0.008355901,0.042808123,0.006519157,0.013233434,-0.0074273,-0.003076475,-0.2251575,0.067619614,0.0030053407,0.22655232,0.11110459,-0.006732593,-0.0030374294,0.0046835886,-0.016167436,-0.0017857761,-0.020429322,1.0598125,-0.044554878,-0.02581662,0.022090964,0.021858606,0.009852014,1.0126594,0.9867484,8314.063,60.167313,61.58223,72.072266,9.997111,87.11995,-6.977028e-05,98.5049,2119.5754,DOS-TCP_FLOOD
20.036205,5.754532,64.521935,21573.553,0.012806525,0.00070281327,-0.007883848,0.00050066784,-0.015348958,0.013012553,0.021772537,-0.055437803,0.17092206,0.011428184,-0.06179542,0.07700688,-0.004865603,-0.01565369,0.050075088,-0.0040670577,-0.017706137,-0.012641306,1.0296845,-0.0025134308,-0.015437101,0.010476474,-0.0020197593,-0.040277373,1.0127779,0.9820446,5691.041,59.645363,49.72467,80.664635,-6.9435635,99.93673,0.0002113186,102.206474,-2153.6758,DOS-TCP_FLOOD
18.09225,7.2133837,63.290462,16142.178,-0.0041429233,-0.0035656877,0.0020482903,0.007143961,0.006499445,0.0025645592,0.0030355738,0.242387,-0.16275443,-0.0154546425,0.05091997,0.06622753,0.02774157,-0.0045835227,0.016578998,0.008341911,0.011982856,-0.013065629,0.8989975,0.064532,-0.014676047,0.024564315,-0.0004468998,-0.019366838,1.0104029,0.9880735,10772.487,59.150284,112.63493,95.85218,21.397343,98.131485,0.00028587284,93.07274,3493.6765,DOS-TCP_FLOOD
19.947521,6.617727,63.62897,20961.771,0.030038767,0.011301613,-0.027120415,0.0055350023,0.0432282,0.011957771,0.009434071,0.75650686,0.296919,0.18622616,-0.019348873,0.031306762,0.27986023,0.014922481,0.035859108,-0.01000259,-0.0015041488,-0.038294777,0.92766297,0.056761082,-0.028847931,-0.0041975942,0.014180897,-0.0002863072,1.0291831,1.0010717,4885.4575,60.0792,6.144165,28.82399,-3.7487278,45.157913,8.817128e-05,93.78569,-2242.541,DOS-TCP_FLOOD
20.010342,6.065534,64.45624,19406.379,0.01980126,0.022939056,-0.016582718,0.01083658,0.0041738832,0.020373335,0.04511336,0.23897362,0.5491357,0.016492806,-0.076035604,0.07261093,0.010458264,0.01554512,0.015856646,-0.022484176,-0.029901467,-0.022726368,0.937375,0.039872956,-0.026654338,0.00065023545,0.004516132,-0.013053834,1.0144764,0.9866581,5599.692,60.513397,21.164658,28.984116,-29.012821,45.706745,-0.0002221868,98.437096,-15216.849,DOS-TCP_FLOOD
19.048647,5.828811,63.733227,12391.75,0.006634118,0.0057469006,-0.007666173,0.0076197097,-0.01348027,0.026445698,0.027998146,-0.06113255,0.099470556,0.012216455,-0.029933207,0.06156967,0.020560086,0.00784723,0.01720499,-0.015261998,-0.01270101,-0.012529179,0.96397066,0.0014319196,0.010184617,0.024127562,-0.0022443384,-0.024544809,1.0044835,0.96303606,7309.404,59.77114,249.11725,76.43402,50.40776,98.84812,0.00020430343,98.55988,-1771.4487,DOS-TCP_FLOOD
19.091412,6.437195,65.51514,19557.03,-0.0047124084,0.006715686,-0.01374808,0.011034989,-0.02402789,0.0075782253,0.04215887,-0.537611,0.10144406,0.01586055,0.054470018,0.094483905,0.0121841375,0.016739728,0.0064062094,-0.003947299,-0.026131226,0.0054844655,0.9260677,0.03914211,-0.020210145,-0.017312482,0.019096754,-0.025946774,1.0293412,0.9902022,7580.381,59.965355,124.967476,78.90039,15.34119,75.98499,-0.00014511064,96.26978,1524.4221,DOS-TCP_FLOOD
19.116465,6.222931,66.00056,12498.119,0.015060494,0.007252039,-0.0073798425,0.003225752,0.020471647,-0.020847123,0.034302067,0.10463202,0.045483317,0.09711113,-0.0122031,0.1505895,0.0035032858,0.013303522,0.016212367,-0.0057356386,-0.011619259,0.0017107604,0.9602884,0.018551799,-0.015115267,-0.0041656615,0.010345717,-0.024507733,1.019373,0.97944003,8898.029,59.503834,212.43028,100.33544,45.700974,103.30932,0.000116914336,97.027504,9316.34,DOS-TCP_FLOOD
20.148851,6.060322,65.317024,8357.448,0.015058082,0.007741614,-0.0058713136,0.009334889,0.04791127,-0.0027066248,0.039673183,12.9014015,0.2054408,-0.0022282824,-0.0072390395,0.094575405,0.018220155,0.005823928,0.0002503069,-0.02922768,-0.005634355,-0.030743979,1.0100785,0.054608446,0.013744578,0.029352967,-0.044532523,-0.026484804,0.99549407,0.9786645,5809.118,59.433475,373.74182,76.17664,63.223072,79.50786,0.00058915693,101.89677,10916.987,DOS-TCP_FLOOD
18.929688,6.484957,64.701,11362.839,0.014421951,0.0045461203,0.0020485185,-0.0106607145,-0.010355951,0.001073571,0.017676748,0.31967062,0.18527561,-0.02360381,-0.088383816,0.15620188,-0.018996937,0.0238429,0.02746303,-0.0038098544,-0.014571937,0.0018840143,0.966605,0.008793516,0.014058303,-0.019381985,-0.012151943,-0.04960689,1.0399053,0.9801607,7919.5273,59.630795,342.9259,88.67481,83.26875,98.38369,0.00028018013,100.20658,24418.225,DOS-TCP_FLOOD
20.635738,5.2250714,64.59597,25471.422,0.011627086,0.008840351,-0.040364854,-0.0031248734,-0.045121484,0.014852861,0.026664875,-0.38604462,0.53198564,0.025952779,-0.09829368,0.05100572,0.06668221,-0.006546569,0.026501827,-0.019644357,-0.006589126,0.01053275,1.0101873,0.018584352,0.017837454,-0.017760938,-0.0027496368,-0.04508784,1.0486556,0.9817608,5246.0796,59.777866,44.797485,48.34597,-7.267849,72.46205,6.51274e-05,102.07478,-2208.343,DOS-TCP_FLOOD
20.841421,5.549001,68.57414,17824.441,0.046573326,0.008698751,-0.021670947,-0.011444524,0.037667796,-0.043024626,0.010204552,0.066868186,0.28832114,0.14600194,0.0023300014,0.17756367,-0.011277573,0.011612209,-0.0050530536,-0.024979012,-0.0040847086,-0.024362497,1.0040647,-0.03545382,0.011426994,-0.01562605,-0.018505974,-0.043538775,1.0302635,1.0049995,6532.3433,60.16885,166.88206,92.73716,23.275759,72.26809,-5.0943156e-05,99.02918,7822.581,DOS-TCP_FLOOD
19.503803,6.6866117,64.203804,18045.707,-0.004802542,-0.0014572329,-0.008931823,-0.002823865,-0.0133331865,-0.005235595,0.019185085,-0.1310159,-0.07732441,-0.031112136,-0.016239338,0.088756,3.0212104e-06,-0.006828704,0.03311076,-0.013136769,-0.02830384,-0.018043334,0.97317237,0.025105825,-0.0200667,0.0017053261,-0.0076746843,-0.040444404,1.0256305,0.98665714,7428.7524,59.925156,52.640747,89.31355,10.516581,94.04851,3.8105514e-05,98.63553,577.31116,DOS-TCP_FLOOD
19.444992,5.684786,63.62157,17466.45,0.028353631,0.0036273857,-0.001997077,0.018140309,0.01928539,0.0029828767,0.037686147,0.045526147,0.11199557,0.18224722,0.01588333,0.09481027,0.052682746,0.019321794,0.019383796,-0.0009482261,0.013413269,-0.018305069,0.9466754,0.026980897,-0.033814162,0.041756213,0.010611549,-0.008365995,1.006231,0.9819645,7662.7837,59.507477,1.1955414,52.44955,-12.906437,58.786716,0.00015822581,95.42867,-8157.478,DOS-TCP_FLOOD
19.966019,5.5634737,65.81734,14652.021,0.033315074,0.0070367986,-0.026024219,0.023596885,0.012093503,-0.001804519,0.056132257,0.41681975,0.17059296,0.5147637,-0.020930573,0.11171996,0.0077434415,0.0060910312,-0.0060132705,-0.026837483,0.014226774,-0.009671439,0.9940956,-0.0227907,-0.01835564,0.0009195111,0.03376722,-0.018539432,1.0281055,0.9947708,9458.135,61.76236,223.68584,74.959145,40.08522,94.607124,0.00024549422,100.84846,11419.717,DOS-TCP_FLOOD
21.242958,5.7646265,64.383026,20064.023,0.009743179,0.01854894,-0.022991579,-0.0042767483,-0.012723297,-0.050227944,0.021635974,0.38725775,0.97322714,0.018250939,-0.11201639,0.1313684,0.012030999,0.031771787,0.0066691963,0.005804235,-0.024092205,-0.02482712,1.0108674,-0.019360442,0.008432904,-0.008216071,-0.016171034,-0.030316409,1.0081419,0.9985286,6881.3525,60.74445,300.55908,66.92766,58.246136,94.98751,0.000120302495,103.88125,17726.955,DOS-TCP_FLOOD
20.469507,4.0606356,63.856457,53885.805,-0.014585953,0.0071310657,-0.0184682,0.016962467,-0.021389743,0.055465393,0.0012925034,-0.086005926,0.14159122,-0.06209807,-0.045900807,0.08038278,0.3710133,-0.0019539753,0.029832363,0.0065574376,-0.0020154892,-0.010612937,1.0551178,0.0034615358,0.023130067,0.03207407,-0.04093933,-0.022790162,1.0599592,0.9534141,3184.2852,59.15118,201.67575,-10.43634,52.284355,24.590279,0.00023485329,101.24288,-8632.429,DOS-TCP_FLOOD
20.817469,5.7834373,63.61539,10624.371,0.029630175,0.008298096,-0.0044720806,-0.00078830303,0.040970244,-0.025512679,0.015886595,1.2493188,0.23988885,-0.009425943,-0.04689283,0.1621964,0.006397379,0.017391205,0.010459492,-0.011589219,0.01639052,-0.009274212,1.0286167,-0.023498323,0.0019302568,0.022888392,-0.031102208,-0.021823477,1.0007827,0.984368,3809.564,59.768555,155.77014,61.09611,42.26497,72.28581,0.00012927169,99.81029,9206.361,DOS-TCP_FLOOD
17.857656,6.5646114,64.012955,4565.719,0.010426276,0.0019073965,0.008521554,0.025967637,0.007133156,0.0067742188,0.04110066,0.103563845,0.033616118,0.007425453,0.33121026,0.08197478,0.0066446364,0.007235845,0.010008746,-0.014158918,0.014717376,0.016905276,0.8970161,0.078467794,-0.014392425,0.0062956326,-0.0021181162,-0.022833161,1.0240719,0.975935,9396.431,59.362755,108.43684,79.97658,27.050697,90.79472,0.00026707846,93.17799,6101.692,DOS-TCP_FLOOD
20.357367,6.0504994,64.239006,11321.025,0.020874834,0.006123248,-0.019092008,0.012530545,0.05244428,-0.004654757,0.030418644,0.8537077,0.15644671,0.09593993,-0.018188782,0.069471605,0.03564734,0.008612116,0.019515108,-0.021303108,-0.0076532383,-0.008376482,0.96244204,-0.017841656,-0.024955232,-0.0018047495,0.01851206,0.00052175485,1.0121273,0.9892635,8118.9214,61.01688,110.92406,57.75929,15.571642,68.90191,-8.213076e-05,96.21323,2622.1794,DOS-TCP_FLOOD
20.439684,6.1198645,64.10582,10793.938,0.014331734,0.013846325,-0.015780682,0.010719034,0.011916375,0.0044534337,-0.009019975,-0.33636963,0.31889156,0.050017804,-0.050327968,0.05947614,0.20310901,0.01725851,0.027219784,-0.0027231965,-0.007650626,-0.021755353,0.9824804,0.011721384,-0.00550139,-0.015258706,0.015561004,0.02976518,1.0596559,1.0200434,7652.421,61.161438,-2.6300507,57.95433,-20.751312,75.55832,2.4565612e-05,98.477715,-2540.151,DOS-TCP_FLOOD
20.87321,5.4304657,64.12661,14599.217,0.0074546966,0.007659849,-0.014445656,0.019017309,0.016318332,0.018264946,0.009113535,0.088391304,0.17261294,0.60037357,0.006484557,0.029463785,0.43265954,0.011099497,-0.012434566,-0.033380415,-0.0064730947,-0.04168414,1.0159199,0.014709217,0.0060393754,0.0121866735,-0.01635724,0.040981345,1.0619308,1.0017369,7726.0005,59.47955,87.54689,44.61952,16.558434,69.657104,3.4989032e-05,97.66327,6160.4546,DOS-TCP_FLOOD
22.009506,4.772565,65.703064,28430.43,0.037963,0.008126505,-0.019095562,0.011720773,0.07734274,-0.027421908,0.033900276,8.502485,0.26919532,0.29394603,-0.009608491,0.16952363,0.0082405405,0.005383757,0.022809142,-0.032650586,-0.0016814051,-0.016267136,1.0755823,-0.04144992,-0.01084534,-0.006030423,0.004193336,-0.016881792,1.0261132,1.0000639,7673.122,59.819176,287.81946,53.8453,57.811512,74.31234,-0.00023491455,102.82818,12984.241,DOS-TCP_FLOOD
19.760235,5.745099,65.81846,11428.314,0.014320219,0.004391339,-0.031599496,0.013675787,-0.032533422,0.0057186973,0.027429534,-0.21798122,0.2588952,0.043404628,-0.05819269,0.037192978,0.048054513,-0.0015318953,0.0065376423,-0.012364987,-0.007702056,0.002005021,0.9929928,-0.000859201,-0.00015418744,0.01477639,-0.00882992,-0.016255617,1.0418831,0.9833115,7980.1904,60.01531,135.78693,62.36284,19.95248,66.473076,-2.6434063e-05,101.21552,2451.2336,DOS-TCP_FLOOD
20.502409,5.197591,62.979313,17981.154,-0.0002642721,0.02864796,0.0039647776,0.014950453,0.027250418,0.00662901,0.0233791,-0.3833127,0.40417495,-0.05254236,-0.07909781,0.13181333,0.001821363,0.02282916,0.04298053,-0.006376053,-0.017140128,-0.010898233,1.024156,-0.036473416,-0.019794617,0.021288803,0.0049084425,-0.018953387,0.9907176,0.95842594,4133.794,59.728855,40.778214,39.953865,17.771656,50.266407,0.00016274312,98.47321,-4106.776,DOS-TCP_FLOOD
20.934214,5.125569,66.968796,18278.494,-0.03557422,0.007076283,-0.03692359,0.007782113,-0.0061832946,-0.0257515,0.014419228,0.52327466,0.43351546,-0.06371133,-0.11134066,0.1327906,0.062331643,0.02097858,-0.0007695053,0.016786933,0.009879855,-0.018913474,1.0450913,-0.0082337735,-0.012072981,0.01983251,-0.013212452,0.0038363598,1.0131278,1.0008407,4215.2646,59.149204,100.70784,19.719055,4.7540836,36.975266,9.7277545e-05,102.866844,7108.847,DOS-TCP_FLOOD
20.739807,5.342086,64.38983,13130.531,0.015244448,0.016432522,-0.017416101,0.005000233,0.004668551,0.018551037,0.00793142,0.46163166,0.82619333,0.18081439,-0.07597034,0.12776794,0.003969748,0.021605842,2.8708018e-05,-0.0065202313,-0.00063343905,0.0055143004,1.014037,-0.0384453,0.023804072,-0.00089523033,0.014344875,-0.03826431,1.0247161,1.0007697,5209.4717,59.874912,188.83664,44.73429,35.135124,76.32512,0.00016731863,101.17533,5290.257,DOS-TCP_FLOOD
19.461535,5.9665084,63.46941,17687.832,0.015721798,-0.005782182,-0.011435172,0.0027451871,0.013391996,0.016565809,0.03678561,-0.34666872,-0.21218093,0.09779364,-0.07373832,0.094707,-0.0077142427,0.0084030945,0.012723868,0.00034812838,0.0049581705,-0.009910226,0.9548552,0.04149202,-0.02097062,0.014081719,0.0087798005,-0.02715584,1.0096997,0.9714348,7301.3877,60.134373,67.8775,61.626415,9.568986,69.22875,0.00013206295,96.59654,-1319.4072,DOS-TCP_FLOOD
19.116543,5.9876733,64.1475,15630.039,0.019345785,0.0010317079,-0.020996854,0.00040238723,-0.039711416,0.0030876622,0.0264646,-0.18153739,0.10723423,0.1836945,-0.0030284934,0.111041635,-0.0023102788,0.017398745,0.025147438,-0.02669518,-0.005173243,0.000523068,0.9803705,0.027298208,-0.0026175869,0.0052980464,-0.005375766,-0.03141393,1.038314,0.9880181,7987.336,59.55476,209.72168,85.79398,42.32556,99.346634,0.00014499249,100.33197,8947.895,DOS-TCP_FLOOD
18.839615,6.647676,64.3585,17973.973,-0.0027368777,-0.0022975905,0.006163947,-0.010472286,0.010437038,0.013647571,0.017516356,-0.07031345,-0.25683787,-0.02342074,-0.1044721,0.11571373,-0.028788174,0.0060360786,0.015991148,-0.0071265544,-0.030268952,-0.008787428,0.9281956,0.053278428,-0.007003909,0.0014755421,-0.030586783,-0.037355676,1.0200793,0.9696672,7089.218,60.295177,19.55162,62.698868,-3.3388271,49.91172,9.802537e-05,96.92531,-5032.4614,DOS-TCP_FLOOD
20.536587,5.1283827,65.85362,22415.666,0.013116149,0.03036928,-0.007816768,0.012555666,-0.015473541,-0.0025458406,-0.0012787688,0.11234629,0.36431876,-0.061312564,-0.043103203,0.11809095,0.037659027,0.029964,0.028074773,0.007202476,0.0049064867,-0.045170333,1.0229596,-0.002761088,-0.013244087,0.0035529037,-0.03213632,-0.00978805,1.0145293,1.0008086,6434.301,59.723602,74.94435,73.42778,11.351491,73.333084,-5.9906495e-05,102.36316,4926.609,DOS-TCP_FLOOD
19.899723,6.4583015,64.480995,12168.131,0.04765051,-0.0006749593,0.009216647,-0.008053062,0.029066028,-0.019633956,0.004650911,0.79359704,0.17932586,0.17358196,0.04479236,0.0880025,0.016425526,0.010145566,0.018805176,-0.020699456,0.0016265595,-0.021964647,0.96549064,0.023485504,-0.023906847,0.009584661,-0.012466795,-0.014242491,1.0203122,0.9918879,5947.4316,60.141346,-63.17462,65.23961,-32.291412,58.513958,7.362907e-05,97.51827,-15892.191,DOS-TCP_FLOOD
18.92536,5.81727,70.38487,20864.902,-0.015439108,0.008178356,-0.011085505,0.001658158,-0.0004544761,0.000837298,0.03217233,-0.12182009,0.1877493,-0.013150645,0.008723083,0.06954926,-0.0007046796,0.0062944554,0.008086915,-0.009790663,-0.012279056,-0.0074964804,0.96508163,0.018046284,-0.0149659645,0.0031015289,0.014249327,-0.019292733,1.0246549,0.9827819,8309.812,59.297337,158.15959,105.77559,25.23003,84.75326,-0.00011905229,98.29882,5610.7437,DOS-TCP_FLOOD
20.489779,5.084653,62.974815,11775.229,-0.0077827643,0.0025789686,-0.012567414,0.013010773,0.021410823,-0.0014379917,0.034209855,-0.085042715,0.3435973,0.0151756,-0.06221943,0.12425302,-0.0021736203,0.025753446,0.02840785,-0.031885233,-0.011444302,-0.026965983,1.0199468,-0.039182417,-0.024587179,0.028654503,-0.0075894636,-0.008192294,0.98909086,0.9581002,4212.1567,60.040817,52.09706,55.35945,5.030554,53.976143,-4.7527094e-05,100.09947,2024.9626,DOS-TCP_FLOOD
20.70332,5.599079,64.31948,14641.572,0.033943005,0.0055495803,0.006072889,0.0027621407,-0.010317579,0.0015992165,-0.001053845,0.20733356,0.16248487,0.018672304,-0.10804784,0.12511553,0.0024859465,0.024556994,0.031058162,0.021610778,0.023906698,-0.025428109,1.0283744,-0.008807084,-0.0018849038,0.022142068,-0.018939653,-0.016576663,1.0254167,0.9976495,6147.1987,59.169273,227.15968,59.045616,37.792,74.517975,4.9624243e-05,102.02464,8458.961,DOS-TCP_FLOOD
20.357065,5.641731,66.2384,22698.219,0.015755152,0.0022240272,-0.03276832,0.0016112659,0.0317485,-0.0016971497,0.01287258,1.0924615,0.25726196,0.016029976,-0.07010405,0.1111148,0.0049217637,0.005212766,0.022088826,-0.0030997442,-0.0068184035,-0.013732363,0.9978741,0.010251941,0.00765474,0.021881074,-0.026958168,-0.047647856,1.0114653,0.9834887,5368.8755,59.686527,65.7744,49.279877,-3.9349823,47.904583,-7.961983e-05,98.94859,-6257.6973,DOS-TCP_FLOOD
20.466549,5.200676,70.232864,26861.969,-0.015358912,0.0143879475,-0.019289568,-0.0057393806,-0.013472868,-0.048334792,0.015099274,-1.1199236,0.5848421,-0.051164,-0.025714025,0.111856975,0.0010226778,0.01998325,0.026597876,0.0073202415,-0.01127469,-0.0122697735,1.0161009,-0.023448814,-0.009058241,-0.007897985,-0.017658137,-0.042903367,1.0306422,0.9876679,5591.795,59.409977,118.801285,72.239204,13.712701,69.04172,0.00013626412,101.7677,6852.619,DOS-TCP_FLOOD
20.396873,5.300166,62.554535,17857.398,0.02443006,0.013700082,-0.004018133,0.010828305,-0.031128747,0.015773106,0.05606822,-0.60670435,0.28315264,0.105304405,-0.10126353,0.120030284,0.008075651,0.009405868,0.028703656,-0.016527252,-0.012786417,-0.0043504545,0.98526525,-0.018845666,-0.00775683,0.022610065,-0.012896063,-0.059770495,0.9997025,0.96031815,3995.0146,59.846844,108.958824,47.57604,29.09845,68.40769,0.0001578305,100.404175,1831.0957,DOS-TCP_FLOOD
20.321018,5.57535,67.070114,17776.15,0.08198097,0.007899489,-0.008135292,-0.013759424,0.02029688,-0.035509266,0.004241718,1.4219604,0.39734674,0.031318303,-0.07480594,0.1378991,0.0016445011,0.0028345687,0.012385355,-0.023166388,0.009952089,-0.038646206,0.9841302,0.040211536,0.036576282,0.020976888,-0.058490746,-0.05218636,1.0158206,0.96984196,3835.42,59.880962,-8.486145,131.87314,-11.641523,117.96025,0.0037565639,98.08384,-8499.141,DOS-TCP_FLOOD
22.986614,4.9234657,69.465675,31201.49,-0.017591637,0.0060636103,-0.026332691,0.037052102,0.043822184,0.010643805,0.058553778,8.236492,0.37297195,0.5533504,0.009688734,0.025704859,0.41697285,0.008451803,-0.0030768756,-0.023576885,-0.034911368,-0.05027476,1.086493,0.009852986,-0.025483321,0.027253048,-0.02195317,0.004268093,1.0321789,0.9789006,3785.7036,59.521305,133.87155,6.6006775,33.343178,28.49614,-3.66725e-05,101.86367,8049.1484,DOS-TCP_FLOOD
20.95768,5.281581,63.32605,23090.82,0.0023202691,0.0002889037,-0.005025328,0.004137743,0.045844026,0.0031449301,0.025426177,0.89582974,-0.15730888,0.009827445,-0.07866642,0.076024525,0.1798325,-0.016454674,0.03208812,0.0045345956,0.0050195633,-0.018908905,1.0353321,-0.0047401553,-0.0022407435,0.051541083,-0.024048619,-0.032622658,1.0004001,0.97288465,5442.8774,59.556908,200.52193,47.968452,23.452002,49.39341,0.00016532799,98.08575,-3927.4397,DOS-TCP_FLOOD
19.97999,5.3462763,63.434162,16992.982,-0.0023638457,0.0032700791,-0.006898248,0.017705455,0.01634514,0.0131291505,0.06461741,-0.011249542,0.17971544,0.023636732,-0.03853991,0.13098042,0.006941963,0.013201561,0.029906776,-0.017192759,-0.00843312,-0.00023490284,0.98275626,-0.018379424,-0.017011754,0.02063632,0.0079261875,-0.048582688,1.0010552,0.950612,5924.207,59.846943,211.68787,65.488525,53.25897,70.93463,0.00014032269,97.735634,7402.814,DOS-TCP_FLOOD
22.168056,4.7781363,63.00534,8313.891,0.02195936,-0.005422482,-0.008623524,0.030301217,0.06270352,0.022587461,0.022188999,4.892226,-0.016876457,-0.0250157,-0.028399434,0.19586174,0.003668917,0.00036682002,-0.006057676,-0.036252297,0.048402254,-0.0028455677,1.0835574,-0.044571843,-0.004110753,0.043348834,-0.022821464,0.0013876054,1.0228226,0.971145,5014.4814,60.09545,283.98828,39.464344,54.799397,59.5528,0.00026231972,101.66639,6368.601,DOS-TCP_FLOOD
20.289043,5.504542,64.750534,18526.83,0.008580395,0.006132602,-0.0024253828,0.00867867,-0.047248505,0.012240055,0.01650884,-0.9139674,0.49221623,-0.007131416,-0.091909125,0.026171263,0.28060493,0.0065637054,0.049027473,-0.019108936,-0.02730784,-0.024883954,1.0413128,0.0088486355,-0.01923326,0.014965347,-0.012973698,0.014507173,1.0566313,0.98072195,6713.559,59.78597,-23.921432,48.760765,-19.21236,83.28048,1.1637021e-06,102.89804,-4708.5566,DOS-TCP_FLOOD
18.750555,6.3986363,64.614784,12072.633,-0.0155157,0.010120711,0.01627116,0.011330041,-0.029860528,0.028471535,0.013019646,-0.46789682,0.14619121,0.03142898,0.007032305,0.09505345,0.0013970825,0.01743836,0.019094745,-0.01126741,-0.015892483,-0.0005678227,0.9731243,0.029585956,0.014892684,0.012279447,-0.009628245,-0.049319692,1.0146406,0.9870632,6797.4727,60.37499,143.30505,124.283035,26.537807,117.0679,0.00016398868,100.545006,4161.8247,DOS-TCP_FLOOD
19.981747,6.1169395,69.87996,12627.371,0.017070029,0.0051298104,-0.010842659,-0.006065365,0.019605929,-0.03312606,0.022934666,-0.09600377,0.15140907,-0.011309505,-0.03468715,0.137238,0.0042080297,0.016682237,0.015526441,0.005669631,0.010447874,-0.01468594,0.98908734,0.03222841,-0.0068391114,0.019434359,-0.017590687,-0.051213074,1.0015043,0.9876668,6988.0566,59.89047,140.55154,98.13098,24.983223,85.71959,0.0007001415,97.896774,6741.5063,DOS-TCP_FLOOD
20.713724,5.62976,65.22072,16400.23,-0.009859976,0.0070036366,-0.013011805,0.024298443,0.026335167,-0.0019924557,0.02699008,-0.23940396,0.04230416,-0.047836266,-0.06313815,0.13546139,0.0123208985,0.0010613119,0.013497744,0.0059972517,-0.008347592,-0.018358154,1.0188657,-0.018372998,-0.031959698,0.021284863,-0.0017055124,-0.013805356,1.0137677,0.9825166,7729.1484,60.41025,118.128716,62.505417,30.507587,65.79868,0.00021614066,96.813416,123.28453,DOS-TCP_FLOOD
19.119526,5.957127,64.683876,11259.984,-0.014810076,0.003837622,0.09984675,0.01122421,0.04612837,-0.0043816417,-0.007802868,0.8951102,0.17038772,-0.008239298,1.6903143,0.0968952,0.050482042,0.00036383513,-0.004333677,-0.0011113007,0.0023293449,0.010052183,1.0277908,-0.022393918,-0.014840229,0.024354968,0.048881456,0.03038045,1.0122089,0.9981138,7101.106,59.545902,72.84927,33.830593,26.959911,66.99502,0.0003363154,98.73049,10095.395,DOS-TCP_FLOOD
22.326729,5.187372,68.90423,22166.85,0.018630274,0.008393004,-0.0053483155,0.017993493,0.062278494,0.0071619833,0.039157517,9.117883,0.3999159,0.08848885,-0.032515965,0.12794268,0.0034240396,0.010112337,0.013667475,0.03152511,-0.020970095,-0.057576563,1.0476773,0.0091646435,-0.025555419,0.02602174,-0.045914385,-0.046958853,0.99756026,0.9732481,3470.21,59.609966,99.00307,41.216774,7.308984,38.484406,-5.6465316e-05,100.38742,-5318.946,DOS-TCP_FLOOD
18.882917,5.859708,60.034317,8731.152,0.008314288,-0.004023211,-0.007216902,0.00495078,-0.05066587,0.021497693,0.036749773,-0.257555,0.14806046,0.034404792,-0.08384478,0.09689457,0.0010139829,0.0122283995,0.02962865,-0.0201578,-0.0065847114,-0.0055237766,0.98022187,0.029268503,0.0018183794,0.04739324,0.0020824326,-0.013246115,1.0106508,0.94852847,5081.6787,59.718376,118.34271,50.926228,30.28716,77.84235,0.00024385609,99.94479,6360.6978,DOS-TCP_FLOOD
20.803759,5.9883666,64.415436,7134.6616,0.03595486,-0.015093133,-0.014570877,-0.0009638983,-0.023971124,0.010336219,-0.00530774,-0.17428696,0.23801447,0.21345063,-0.005104374,0.120883375,0.008409721,0.0053167995,0.017260602,-0.014219115,0.026108041,-0.011878497,1.0253971,0.031752847,0.0013730628,0.011532953,0.0083879,-0.026190668,1.0367107,0.97090167,7770.9595,63.03982,39.169144,117.57713,8.733476,127.67981,0.0038412842,101.88951,-7293.574,DOS-TCP_FLOOD
20.97673,4.9922104,65.17743,20133.775,0.018220764,-0.0010490975,-0.026355943,0.0027368816,0.020566816,-0.008447519,0.048092745,2.6147912,0.24140722,0.039874543,-0.04928756,0.11647542,0.0077124718,-0.010573612,0.03025268,-0.019505525,-0.010901462,-0.0007477682,1.059579,-0.028587373,-0.0033242325,0.030119354,-0.027024632,-0.051531166,1.0186347,0.9710537,4946.663,60.327362,224.1115,63.613068,26.570393,56.35038,0.00011064259,103.03681,2069.0012,DOS-TCP_FLOOD
20.587587,5.3056173,63.666706,15602.844,0.04291531,0.0025752322,-0.010221098,0.004879113,0.0112327,-0.018876173,0.033385687,-0.18109918,0.15371172,0.038802575,-0.118358865,0.1686629,-0.020876318,0.011956034,0.00990909,0.010434416,0.0038257707,-0.019011673,1.0106189,-0.015681388,-0.012934469,0.032232624,-0.01218297,-0.025477685,1.0049101,0.98805714,7724.792,59.87571,64.65224,72.86304,-11.595709,84.9588,1.5353566e-05,100.78006,-2189.07,DOS-TCP_FLOOD
20.803013,5.1327024,64.33071,15975.389,-0.005350411,-0.0009909048,-0.0024308264,0.009952626,0.021511976,0.011931268,0.03398732,0.27144456,0.0625919,-0.0013382733,-0.038761057,0.11889879,0.0038151524,0.0010820432,0.021506073,-0.008671087,-0.014197946,-0.022673633,1.0456531,-0.043368176,-0.030565023,0.024376048,0.005596401,-0.0066110957,1.0060458,0.9658087,5201.3364,60.404053,140.31647,57.324116,30.82597,62.277466,2.5916612e-05,99.0207,4491.3457,DOS-TCP_FLOOD
21.647497,5.3052673,68.34091,8188.6904,0.0047010556,0.0135921715,-0.022421464,-0.0017172188,0.027740989,-0.0039599957,0.028831324,3.6937938,0.21345949,-0.048572157,-0.013532823,0.10931072,0.03961995,0.02965617,0.014894381,0.013353799,-0.024165,0.0053696567,1.0404876,-0.015465493,0.0017717411,-0.0071423845,-0.022598278,-0.023294555,1.0114207,0.9847573,7464.2676,60.22957,802.593,91.496864,140.52385,99.64499,0.00032503164,103.12257,49127.1,DOS-TCP_FLOOD
19.845392,5.6658072,63.65799,13118.57,0.007560383,0.006774936,-0.006711283,0.006378393,0.0015593087,-0.010668656,-0.0013679452,0.46018225,0.16298674,-0.05812125,-0.049398422,0.08857668,0.11194994,-0.0026683835,0.008885501,-0.014506018,0.012974765,-0.014587773,1.0132787,0.0032563356,-0.022200698,0.033335485,-0.020601947,0.001168875,1.0148556,0.97767085,5224.786,59.742165,136.3179,70.88939,29.857235,69.712425,5.385063e-05,98.91615,3464.9558,DOS-TCP_FLOOD
21.286877,5.2739773,68.03697,21592.86,0.014457965,0.0053476603,-0.013440746,-0.019267315,0.038186483,-0.027506717,0.007228639,0.4016376,0.38724005,0.02877658,-0.02390514,0.12404143,-0.0023297078,0.010947859,0.024730803,0.0061903987,-0.0036656251,-0.014722522,1.0532777,-0.04255578,0.010227087,0.021054182,-0.04107056,-0.02817573,1.0243834,0.9995693,6451.238,60.426617,92.01555,64.8112,4.1982403,53.20221,-6.652677e-05,98.993965,2757.2725,DOS-TCP_FLOOD
20.093077,5.179568,62.10294,18532.598,-0.0056918524,0.0062150233,-0.029365305,0.0066354633,-0.012694471,0.010836824,0.017128453,-0.3058405,0.26941994,-0.0037338026,-0.11425349,0.08331553,0.1463393,0.005231006,0.044337917,-0.016850673,-0.004340431,-0.015749663,0.9857483,-0.0075834165,0.0152565595,0.037432943,-0.008484869,-0.031466793,0.9880655,0.95929486,5188.6045,58.97764,-5.2611694,15.01152,0.74232864,47.570797,7.398776e-06,99.78717,-5888.3164,DOS-TCP_FLOOD
20.78965,5.685988,64.03796,13870.963,0.047742166,0.0054545305,-0.021360867,0.0007564481,0.026035894,-0.018920276,0.008408601,0.67139995,0.2361481,0.19611986,-0.12810561,0.14965205,0.0002227556,0.027043605,0.024156835,-0.021235382,0.010238387,-0.006711893,0.9696337,0.0110952025,-0.0012526964,0.029854368,-0.010668225,-0.051197037,1.0033946,0.98165315,5992.0933,60.1836,69.64398,69.17058,4.5084457,67.542046,0.0013488972,98.43058,-752.6999,DOS-TCP_FLOOD
19.72974,5.928703,67.224686,7974.014,0.030305088,0.0029817538,-0.010384338,0.02858234,0.03209257,-0.007251638,0.022996217,0.32288653,0.18522286,0.27936843,0.06401541,0.14258312,-0.00803786,0.0009936979,0.0058496464,-0.012127789,0.017554387,-0.0037166988,0.96877503,0.007725026,-0.017694496,-0.012965836,-0.00080868136,-0.025099065,1.0275943,1.0056567,12141.407,59.424892,263.98843,99.83552,51.811687,110.77684,6.646069e-05,94.692276,16754.604,DOS-TCP_FLOOD
19.018925,5.7905374,62.549526,17726.53,-0.025756083,-6.2111765e-05,-0.013636541,-0.003934328,-0.03693518,0.0054554776,0.014104947,-0.57747436,-0.020823328,0.0066993944,-0.07599757,0.10383965,-0.008735656,0.0062840385,0.033139497,-0.024067916,-0.018769788,0.0056700082,0.95723045,0.040813785,0.0031265453,0.011861789,-0.0021020556,-0.041428316,1.0282024,0.9587772,6448.6113,59.894314,135.98929,79.970314,30.947035,89.56878,0.0001877388,99.10962,5302.436,DOS-TCP_FLOOD
21.19878,5.612387,64.63201,22401.836,-0.0007367134,-0.0018778326,-0.030593503,0.0083620595,-0.012946477,-0.0056289923,0.015786072,-0.36525512,0.012645721,-0.010546855,-0.10248035,0.111440286,0.009558827,0.012817888,0.01917193,0.022311214,-0.01893448,-0.028352605,1.0108068,-0.010682959,-0.00921247,0.009286731,-0.00425044,-0.020634925,0.9924086,0.99514943,6173.951,59.686733,167.5862,30.789291,34.63473,81.58327,7.606884e-05,103.38471,12532.036,DOS-TCP_FLOOD
21.157171,5.485439,64.37501,10708.012,-0.0037599355,0.002461708,-0.008181368,-0.0036297233,0.004450769,-0.016739903,-0.007306849,0.090005934,0.1823628,0.05199188,-0.039908275,0.11251646,0.009160284,-0.014381485,0.020263575,-0.01429118,0.0070026796,-0.011921985,1.0787944,-0.02925821,-0.0024179625,0.03098416,-0.03985396,-0.014810802,1.013059,0.9866818,6250.0806,60.646965,132.62387,62.829105,20.872337,72.35346,0.00011065607,100.767715,3490.4438,DOS-TCP_FLOOD
20.799437,5.5720716,64.123,9906.714,0.053509105,0.004449453,-0.009752295,0.022700537,0.08453408,-0.004351181,0.025931656,1.5438256,0.14687592,0.57672614,0.003419593,0.15852027,0.010122277,0.010719131,0.024103066,-0.012200171,0.0056145526,-0.0094455285,1.0107063,-0.036977157,-0.011344021,0.012278742,-0.0032084296,-0.009268531,0.99796116,0.97884834,7465.3813,59.733173,138.41095,47.35448,26.642231,64.87247,-1.3910947e-05,95.45215,3840.0774,DOS-TCP_FLOOD
20.493896,5.259949,64.328865,4640.8027,0.025322702,0.012724116,-0.02858153,0.011656117,0.02690774,0.0024382425,0.013369525,4.109528,0.40418062,0.1672461,0.021272173,0.09109317,0.050490525,0.022199288,0.009824693,-0.019214073,-0.002650544,0.0033722771,1.0145099,-0.008676963,0.026358722,0.025340922,-0.02085626,-0.016450832,1.0060201,0.9919523,6506.225,60.21265,624.3778,38.836155,82.223114,57.953804,0.00031349575,101.88055,16019.075,DOS-TCP_FLOOD
19.262901,6.283937,65.843636,17015.719,0.04121401,-0.0030801499,-0.021132354,-0.0028866788,0.0017319126,-0.014781984,0.055088222,1.1653612,-0.041733667,0.08318992,-0.04158301,0.060253438,0.10692873,0.0034710672,0.019809145,-0.024725256,0.006961287,-0.0053514214,0.9504197,0.047245298,-0.0058801435,0.0010397041,-0.014857573,-0.05142179,1.0209538,0.98103034,6511.0996,58.91053,272.32214,82.70864,35.66515,59.36577,0.00027514042,99.21689,2527.303,DOS-TCP_FLOOD
20.02033,5.84727,64.06368,15981.646,0.0039121043,0.0060144817,-0.023783706,0.0032907564,0.056831785,-0.0016213255,0.020173116,0.7634538,0.25062358,0.020142209,-0.08368237,0.0777034,0.08585566,0.012662019,0.0418365,-0.009806346,-0.0064331293,0.0030520326,0.97830176,-0.010749724,-0.00029457035,0.032738987,-0.0065172045,-0.025663745,1.0099727,0.9753223,7056.5186,59.593548,148.20834,63.981308,21.579956,66.05453,5.794657e-05,95.71112,910.30914,DOS-TCP_FLOOD
17.801685,6.7772894,63.626083,12044.953,0.00044357963,0.00433299,-0.016021365,0.006785754,-0.0042232685,-0.0017524086,0.033067945,0.43594968,0.010936484,-0.007737241,-0.003469903,0.07399068,0.081783734,0.017551556,0.019936725,-0.008730543,-0.002743057,-0.0118203685,0.90326077,0.061071794,0.015160495,0.025063213,-0.0022016931,-0.054451827,1.0120007,0.99283826,8352.099,59.122395,485.6622,75.825775,76.41789,88.057106,0.0003444794,94.93954,9485.955,DOS-TCP_FLOOD
22.163269,5.2871537,64.805725,16268.785,0.019945346,0.0009593665,-0.008310924,0.0044835173,0.01471753,0.018682167,0.017769266,1.0128565,0.24193528,0.12688169,-0.0016786158,0.09580465,0.025952984,0.027347894,0.019072084,0.029111004,-0.0033821166,-0.033908863,1.0444292,-0.03616409,-0.024574166,0.029401807,-0.0054444093,-0.020165408,0.98959756,0.9699816,5698.634,61.7164,104.61501,35.943466,19.00607,64.0238,0.0001713918,101.4097,-574.36285,DOS-TCP_FLOOD
19.974726,5.406021,64.41692,12573.109,0.048743155,0.0038440593,-0.023676937,0.015489633,-0.03878639,0.007982092,0.039117914,-0.0352602,0.2909014,0.127261,-0.07860295,0.09625093,0.041510105,-0.006414065,0.017690446,-0.016499111,0.009879525,-0.0033184001,1.0256649,-0.0043895687,-0.007773659,0.01662654,-0.014739035,-0.036566533,1.0305406,0.97205585,6130.582,59.140095,154.47592,68.31752,22.481037,72.40642,0.00018679888,104.00525,-769.83856,DOS-TCP_FLOOD
18.381958,6.243226,63.5387,19170.785,0.012791226,-0.0020051182,-0.013274219,-0.0016163491,-0.016987309,0.012013772,0.036991976,-0.093432665,0.14421564,0.0034457818,-0.04710116,0.055718206,0.0023419566,-0.0025188783,0.019975742,-0.014265522,0.004674918,-0.004849015,0.9422791,0.044727456,0.0014611194,0.019785784,-0.012986248,-0.040392622,1.0133091,0.9635183,8113.1743,59.24337,42.79547,74.86452,-2.2526665,72.77545,0.00017206505,98.02294,-6706.7065,DOS-TCP_FLOOD
20.81643,5.418674,63.687244,12439.008,0.015993223,0.0027881432,-0.0148466425,-0.0018785609,0.013570037,-0.02638726,0.008245389,0.44770908,0.2857036,0.036739983,-0.07860311,0.15299511,0.0031165604,0.010891728,0.024122838,-0.027560445,0.008878502,-0.0077476255,1.0356846,-0.03808988,0.013057331,0.024212105,-0.03517454,-0.038210817,1.0260236,0.98969996,6956.577,59.429516,65.156876,67.81323,11.371902,97.701355,-0.00010328529,101.4089,8746.969,DOS-TCP_FLOOD
19.941557,5.4606323,64.086105,21433.902,0.0026587956,0.00511124,-0.012721987,0.014028512,-0.014722826,-0.013716775,0.016830416,-0.5587865,0.21422642,0.021388968,-0.09658997,0.10333645,0.012399114,0.0063599553,0.040629547,-0.02137047,-0.013895536,-0.030274473,0.9952904,0.012552475,-0.0010754983,0.025918618,-0.018976837,-0.032862674,0.98662394,0.97995526,5889.6943,59.665905,64.05972,57.242416,2.7356558,77.29657,4.6454938e-05,100.71456,-3898.1536,DOS-TCP_FLOOD
18.842472,5.717551,63.49712,15204.244,-0.006449772,0.012663016,-0.0032013608,0.020029603,-0.032351226,0.012815208,0.041259624,-0.8899442,0.39242417,-0.0037990883,-0.056844722,0.061549067,0.018359238,-0.002674912,0.029512595,-0.015766645,-0.009291795,-0.0012028776,0.96155924,0.002827685,-0.0015603774,0.0040167067,0.0065561384,-0.026611445,1.0104691,0.9642475,7719.882,59.066967,218.48953,84.05175,52.687504,107.425476,6.035903e-05,100.03126,8915.242,DOS-TCP_FLOOD
21.826458,4.6828995,67.21763,20328.916,-0.008976272,0.010220669,-0.04025715,0.01027204,-0.0141719505,-0.028468873,0.0020008534,0.9580804,0.6911129,-0.086220734,-0.13563244,0.12047403,0.11968567,0.045043003,0.002452787,-0.008481903,-0.0044079917,-0.012899974,1.039161,0.013642787,0.038292687,-0.010435317,-0.07469596,-0.025192373,0.99619806,0.9788775,2046.5815,58.816635,280.73306,47.816395,50.51681,77.66057,0.0001596048,106.179726,12300.365,DOS-TCP_FLOOD
20.81517,5.509902,63.525005,26142.305,0.033022553,0.10153022,-0.017378496,-0.00033824332,-0.031349786,0.017385827,-0.005074644,0.5452311,0.98534644,0.066816986,-0.11175622,0.119878516,0.021361625,-0.0031783152,0.030206926,-0.038995467,-0.024647174,-0.016284946,0.97745067,-0.0051525002,0.07800035,-0.018297113,-0.05446248,-0.06609813,1.0035878,0.96257573,5795.453,59.653233,22.382614,84.49518,14.029549,111.79409,0.0033644764,94.52074,8286.163,DOS-TCP_FLOOD
19.45096,5.4389944,62.457363,10984.048,-0.024001941,0.011728033,-0.00022668624,0.007307432,-0.019846004,0.009890393,0.004237136,-0.12104297,0.5899707,-0.049740374,-0.032891657,0.07544835,0.22717713,0.019025583,0.008932062,-0.005030879,-0.01588468,-0.025217045,0.9801174,0.006205702,0.0014660205,0.04451869,0.011759409,0.0133182,1.0043161,0.96106434,5359.86,59.14736,73.70245,45.169704,29.354473,75.414116,0.00033417536,97.97447,3098.0593,DOS-TCP_FLOOD
18.760786,5.9412174,63.43289,31981.441,-0.006629657,0.00022462755,-0.012209966,0.0011894422,-0.025054602,0.006907889,-0.008583487,-0.54602075,0.16954245,-0.033166397,0.009034946,0.027453024,0.18616372,-0.01728272,0.0077408594,-0.028016502,0.0050448207,0.0013761921,0.99893796,0.004929117,0.023418061,-0.002075003,-0.013667431,-0.015123736,1.0461639,0.98456746,7292.053,59.747955,117.39264,83.328964,29.717197,102.45387,0.00011963324,100.04774,4007.699,DOS-TCP_FLOOD
21.385372,5.0883017,63.986176,9256.641,0.0037004333,0.025525963,-0.015710745,0.01957771,0.035659965,0.011991254,0.014892032,1.3952072,0.46604764,0.06398058,-0.14936689,0.15031649,0.032395013,0.030167919,0.03314208,-0.0035756687,0.0061437534,0.0009454973,1.0321339,-0.0288885,0.012105248,0.041552685,-0.008800634,-0.024799228,0.9863514,0.96919346,3161.6917,59.86289,65.70909,11.192055,23.18259,68.36727,0.0011971691,98.38219,4497.1177,DOS-TCP_FLOOD
19.119112,6.4185147,64.21167,21947.799,0.009741568,0.0045074373,-0.026801493,0.010695014,-0.023347965,0.006047324,-0.00030958792,-0.08170283,0.20421737,0.030316483,-0.032081388,0.056563597,0.00503547,0.0204844,0.0097854845,-0.00081519596,-0.011585056,-0.014762737,0.94123906,0.034059476,-0.012899344,-0.003521922,-0.018273192,-0.01294066,1.0375296,0.9979427,8191.054,60.00533,37.374557,66.47664,-20.191784,70.82283,0.00014922398,100.32791,-8573.847,DOS-TCP_FLOOD
19.400965,5.608709,63.6705,18260.543,-0.01692142,0.0029892826,0.0039705797,0.0015883517,-0.017401056,0.010568114,0.010954063,-0.9409244,-0.09831715,-0.07183246,-0.04260744,0.11887989,0.003271912,-0.008095334,0.0054024393,0.002425923,-0.02267372,-0.014778632,0.9986619,-0.011177523,-0.008061681,0.0011806493,0.0045919325,-0.014210844,1.0153006,0.9681927,8303.109,60.17483,171.04599,109.96256,44.33468,108.34109,0.00012316552,99.2024,4295.173,DOS-TCP_FLOOD
20.245665,5.737717,64.573586,12128.193,0.0215783,0.008141585,-0.019483386,-0.00351643,0.012864718,-0.015858088,0.0174357,-0.15201283,0.5660285,0.05749502,-0.056484565,0.112690814,0.00087486015,0.030201279,0.013436971,-0.020123122,-0.013714279,-0.0032766117,0.9685347,0.0029741449,0.0036049145,0.007149759,-0.02108209,-0.035477094,1.0251921,0.98630995,7035.325,60.099236,19.154022,57.565933,-14.678444,65.72984,-2.3317509e-05,98.607506,-6901.327,DOS-TCP_FLOOD
21.084347,5.1221585,63.73073,12844.486,0.042732924,0.0012480615,-0.011708703,0.027442757,0.07089803,0.0030640261,0.037704777,1.2076592,0.14277032,0.14391187,-0.033652376,0.17230795,-0.0054038838,0.0060047116,0.0147645455,-0.0023093633,0.004293197,-0.02171895,1.0036278,-0.048284933,-0.02561649,0.023024872,-0.0045230426,-0.030986976,1.0299551,0.98372716,7610.3745,60.280754,50.978943,54.36447,-16.58709,49.33476,-9.522417e-05,97.65174,-9443.78,DOS-TCP_FLOOD
19.525341,5.1154757,61.2958,15790.426,-0.004920773,0.006158422,-0.00964445,0.03293353,0.016048215,0.031548418,0.057895254,1.0936037,0.17877564,-0.03494252,-0.042177733,0.07939038,0.11868339,0.0077826385,0.02913309,-0.014635606,-0.0032596453,-0.016655378,0.99534416,-0.02711152,0.0009039347,0.039409082,-0.030318696,-0.021875799,0.9912928,0.9299951,5068.057,59.20526,257.65088,37.50413,49.78098,47.6899,0.00017356689,98.41331,6290.6514,DOS-TCP_FLOOD
20.871645,5.448882,64.21785,20682.648,0.003159633,0.0031833395,0.009851331,0.015737511,0.0121749025,0.031907313,0.0038207555,-0.09123373,0.17145991,-0.041472152,-0.077472225,0.14872156,-0.003073478,0.0066183507,0.02271345,0.0016345084,0.007310025,-0.058621652,1.0468643,-0.03213933,-0.007121058,0.06725034,-0.02932245,-0.022209324,0.98342735,0.9758504,6330.019,59.64356,-30.899872,39.036747,6.3347397,64.58542,-0.00016706863,99.71677,-1489.2893,DOS-TCP_FLOOD
19.907091,5.9494414,64.31777,18493.732,-0.0041888,0.0034001064,-0.03876047,-0.00014793128,-0.009482112,0.0043281964,0.025815979,-0.57654583,0.13285133,0.006281808,-0.06145195,0.088016756,-0.004897279,0.0051470194,0.032699578,-0.017228644,-0.028266916,0.010443343,0.9976037,-0.00063169375,-0.0067683775,0.0054580662,-0.016414674,-0.032818817,1.038442,0.9823347,6622.688,60.329067,82.93541,73.691956,9.319773,63.869972,4.7872367e-05,99.62273,2736.2031,DOS-TCP_FLOOD
19.37646,5.742081,65.48205,10086.598,0.010159303,0.120306395,-0.016996205,-0.0011978409,-0.05471263,0.0034095924,0.0171686,0.28438067,5.7960725,-0.042371396,-0.07946647,0.08291195,0.01760008,0.009411368,0.019494995,-0.0054717343,-0.014902094,-0.00042393804,0.997353,-0.009915291,-0.003121728,-0.035187457,0.025410164,-0.04218431,1.0471442,0.9943797,4527.2173,63.059654,317.8679,98.50798,64.2979,121.07237,0.0003775081,100.711876,17902.438,DOS-TCP_FLOOD
19.678905,5.664452,64.2706,11889.705,0.01208132,-0.000468608,-0.022844225,0.10045657,-0.0009991461,0.03060682,0.037823204,0.23126012,-0.055405088,0.07404032,-0.055935312,0.11286634,0.011977228,0.009942785,0.009001479,-0.013719948,-0.001408211,-0.011629643,0.9820254,0.010889924,-0.007934627,-0.011855675,0.022498807,-0.033659082,1.0327758,0.9814845,9678.443,61.550007,727.4545,143.81157,191.27301,167.13538,0.00034734927,101.000595,90979.35,DOS-TCP_FLOOD
20.658846,5.452194,64.098724,17153.23,0.003559962,0.010115108,-0.016953701,0.0019934431,-0.015016049,-0.010241186,0.016657488,-0.23640513,0.27092564,-0.00045744702,-0.05048659,0.09915539,-0.0040137693,0.0033340324,0.037455183,-0.011855256,-0.017498273,-0.0300094,1.02784,-0.020457497,-0.021093098,0.010935465,-0.012404871,-0.009799394,1.0112767,0.98011166,6404.0625,59.945522,65.82605,59.29969,-1.2282333,64.82294,-4.8760223e-05,102.714935,-2870.7603,DOS-TCP_FLOOD
24.290672,3.8774872,66.48582,19165.834,-0.009221154,0.008178233,-0.07359552,0.010714798,0.04042217,0.008095586,0.047842827,1.0458292,0.6027651,0.004861746,-0.058505498,0.16709119,0.095230095,0.000114897266,-0.007814233,-0.019909449,0.0049202656,0.035696566,1.1392087,-0.05918849,0.043732483,0.0071155215,-0.030277494,-0.07300823,1.021816,0.9923904,3119.8098,61.378613,455.099,43.37473,66.98808,79.92492,0.00019937757,106.36494,13948.137,DOS-TCP_FLOOD
20.930614,5.0972276,64.299126,16584.492,0.018047433,0.006665492,-0.008290136,0.03458869,0.02657574,0.0135496585,0.056936327,0.44946992,0.17640775,0.069256,-0.090895325,0.1304402,0.008157509,0.00396959,0.018408742,-0.016301056,0.005976376,-0.013687361,1.0349307,-0.043469444,-0.013467105,0.02139292,0.0010812376,-0.024632726,1.0125953,0.97004056,8187.166,59.82448,169.28836,42.600327,37.321236,76.76834,-3.6373822e-06,100.6919,7540.974,DOS-TCP_FLOOD
19.889742,5.5176616,64.00833,14622.527,-0.0028165337,0.00062852725,0.009913981,0.0030231045,0.028157087,-0.0009290088,0.033138502,-0.5456128,0.15530783,-0.0024287403,-0.0017092563,0.1230004,0.011859409,0.008175158,0.0227205,-0.017307471,0.00557723,0.006474429,1.0082654,-0.02615504,-0.013409052,0.015011289,-0.021753613,-0.028399546,1.0129682,0.9656764,5996.979,59.94879,72.86209,56.633648,16.698019,62.718864,-2.9088507e-05,98.212585,4684.1997,DOS-TCP_FLOOD
20.035904,5.485298,64.69958,19049.44,0.0045869313,0.006262967,-0.01944562,0.00026394427,-0.043835208,0.012160837,0.028726151,-0.16539419,0.29321092,0.05065842,-0.04638136,0.07294654,-0.0004561823,0.016691016,0.03547616,-0.011572213,-0.024069987,0.006825691,1.0007674,0.00815333,-0.0007305527,-0.002359791,-0.012128492,-0.05296527,1.0372707,0.9710888,4942.0376,59.833305,181.94604,53.488544,29.656507,69.48297,0.0001378793,101.741844,-1443.3215,DOS-TCP_FLOOD
19.597857,5.8940015,63.673767,9448.887,0.017632488,0.026934907,-0.008498521,0.032533187,0.009925146,-0.009370416,0.030016731,0.565887,0.7866291,0.048759185,-0.03219317,0.15296859,-0.01299558,0.020420894,0.023969848,-0.0035008555,-0.014532955,-0.023379304,0.93835783,0.012756321,0.0013881898,-0.0012685242,-0.013626173,-0.03519059,1.0170403,0.9769048,6358.3296,59.400867,68.77544,46.557636,14.60853,63.598686,0.00017178047,95.182014,-2169.6611,DOS-TCP_FLOOD
20.287458,6.0048447,67.11253,12093.662,0.022801934,0.0068110186,-0.023784896,0.019825496,0.01807243,-0.015091905,0.03740662,0.9694929,0.14827317,0.21502985,-0.05829398,0.07107719,0.0072911144,0.013549605,-0.0017157942,-0.002587838,-0.008684059,-0.002117129,0.9444691,0.0092570335,-0.017860511,-0.01581198,0.018189665,-0.013126776,1.0425941,1.0113338,7814.0566,62.222073,97.24585,45.08385,0.32679558,54.38976,-0.00014419532,97.734695,-3283.724,DOS-TCP_FLOOD
20.614695,5.766103,74.00324,8133.2236,-0.032890614,0.056495517,0.036733463,-0.0030291507,0.028199162,-0.028762927,0.020111118,0.84621525,1.3928722,-0.089987814,0.27687874,0.1749624,0.01628769,0.031345557,-0.014178108,0.01189724,-0.013370866,-0.036865953,1.0163457,-0.015850032,-0.026268441,0.010032571,-0.008154329,-0.021352015,1.0070329,0.9990904,5745.516,59.448277,2.1448517,71.50804,-3.6144505,68.0971,0.0001262401,95.08473,3561.0476,DOS-TCP_FLOOD
18.843103,6.125849,62.78607,13197.029,0.019585554,-0.00017143413,-0.0032632472,0.00046479702,0.02428447,0.00323842,0.03871918,0.18310803,0.2242482,0.17674768,-0.072153606,0.049723875,-0.0012038647,0.0065999525,0.021475375,-0.025103264,0.0021138927,-0.010555376,0.9443768,0.04618892,-0.0070924377,0.009987344,-0.007087993,-0.020601127,1.022991,0.9701425,7504.5176,59.282074,-11.95932,30.035057,-26.445492,41.40201,-0.0003652908,93.89157,-19766.459,DOS-TCP_FLOOD
19.307772,6.56105,64.383316,11055.445,-0.0005066022,0.017432729,-0.0011430285,-0.00035369396,-0.024483794,0.012129532,-0.009953313,0.5980227,1.2580873,0.07120169,-0.044138063,0.10486764,0.0076144733,0.019945616,-0.0056969933,0.00014420599,-0.013249915,-0.0050779292,0.9337485,0.03985114,-0.013775008,-0.010946562,-0.0040114485,-0.016302612,1.0399672,1.001806,8018.8535,60.135254,47.640915,78.32699,3.4484825,98.30246,0.00015923107,96.73946,-0.24389648,DOS-TCP_FLOOD
19.58983,6.4730735,70.76033,7939.67,-0.004117517,0.0013413354,0.033184666,-0.00041329488,0.041448012,-0.010060882,0.005796759,0.10458171,0.089012906,-0.025900468,0.395212,0.16172937,0.01617227,0.017409539,0.012757113,0.018952077,-0.0034242845,-0.013303494,0.9605347,0.038257908,-0.0040819123,0.018519187,-0.0143067,-0.052822642,1.0048699,0.98673135,5001.5713,59.88165,7.7878723,66.07676,-2.8610191,64.866356,0.0004623921,92.470055,827.66956,DOS-TCP_FLOOD
20.401417,5.947384,64.55207,15854.582,0.007928618,0.002106461,-0.008688138,0.0016067919,0.03420611,-0.010559082,0.02637094,-0.3260286,-0.020779816,-0.0050054584,-0.018461267,0.13052149,0.0036270095,0.0041511934,0.02523615,-0.01641039,-0.021955665,-0.016150108,1.0086025,-0.009458322,-0.024895051,0.022834253,-0.017728116,-0.024962217,1.006414,0.9745314,6497.364,60.41614,13.671402,65.566055,-10.89459,58.368126,-7.023387e-05,98.300835,-6303.495,DOS-TCP_FLOOD
21.317951,5.105977,65.562805,12919.748,0.00881506,0.0071280072,-0.028128926,-0.0008057579,0.030358063,-0.020936579,0.03717518,0.07098591,0.3035322,-0.01241086,-0.076642774,0.1412752,0.0076077073,-0.0016721943,0.022271143,-0.031909566,-0.006275226,-0.0038243597,1.050817,-0.055995546,-0.0052232877,-8.742907e-05,0.013672506,-0.01915025,1.0269958,0.99276155,7314.9995,61.923504,154.63795,58.677586,29.709763,76.094315,9.051339e-05,101.96696,7653.18,DOS-TCP_FLOOD
18.17063,6.266309,62.944023,18951.027,0.01460919,-0.0012219584,-0.01913904,-0.023207752,-0.05361437,0.018287722,0.024985127,-0.5452472,0.100093424,0.024844415,-0.05542218,0.06927719,-0.0026151468,-0.01045443,0.017233694,-0.030449906,0.010573621,-0.005808808,0.9572227,0.06620633,-0.002383131,-0.0029850903,-0.012440038,-0.037740547,1.0308219,0.9772567,6413.865,59.31622,85.23297,88.00361,13.795436,84.330444,0.0001868396,100.97558,-3075.0588,DOS-TCP_FLOOD
21.221773,4.5599933,73.499466,8225.222,-0.0016817078,0.021202547,-0.03946603,0.02641203,0.048279434,0.01321126,0.041683353,1.9692016,1.0301584,-0.053329825,-0.024775386,0.041280255,0.21457075,0.0211028,0.011687955,-0.031331602,-0.002851009,0.013733955,1.0605332,-0.033021618,0.038017713,-0.02152991,0.002843407,-0.038240075,1.0402789,1.0033604,7852.6553,61.68523,1190.3193,152.94151,265.27393,195.4185,0.00060891814,103.2255,134767.22,DOS-TCP_FLOOD
20.74519,4.8430915,62.408813,16630.115,-0.00025099143,0.009169227,0.0050943717,0.010917288,0.023043845,-0.0058396105,0.0039019925,0.26886505,0.5268382,-0.06475108,-0.08331947,0.17877862,-0.0032006197,0.008038314,0.0008008722,-0.021597374,0.0015539676,-0.029263139,1.0367213,-0.046165183,0.019939013,0.04596991,-0.029200416,-0.020154065,0.989776,0.9642676,3068.9402,59.552387,109.19204,48.89491,16.008965,67.94903,7.675258e-05,100.50707,1418.8857,DOS-TCP_FLOOD
19.693697,6.03083,62.10587,9510.13,0.03730115,-0.0033324219,-0.0006219628,-0.0014509818,0.042163424,0.021191295,0.017476324,0.6755238,-0.1606198,0.04075393,-0.021366842,0.1414564,0.008722364,0.015192317,0.0024854764,-0.008372421,0.04353016,-0.01891879,0.9875043,-0.004850204,-0.028948998,0.04550163,0.011615142,-0.005152747,1.0103763,0.978679,9398.572,61.130367,148.1972,77.48272,37.213936,92.437584,0.00093817397,96.587364,6149.274,DOS-TCP_FLOOD
19.917875,5.5170197,66.30748,16558.244,-0.008714282,0.026671821,-0.023083214,0.00075307296,-0.025002776,-0.029581152,0.0038321223,-0.35658097,0.9714469,-0.0054180436,-0.042307593,0.08992464,0.012179772,0.027408125,0.032903392,0.0025168061,-0.016792236,-0.019769771,1.001148,-0.010227343,-0.024693219,-0.013534006,-0.030544931,-0.022416962,1.0109568,0.97999465,4464.4297,59.10964,120.37316,57.66147,20.321054,63.078712,9.5252646e-05,100.91813,-764.35956,DOS-TCP_FLOOD
19.594082,5.988089,61.815723,16240.459,0.019247297,-0.00024940073,-0.028725203,0.015076304,-0.026353689,0.012249047,-0.011767429,-0.47400713,-0.11656386,0.031282447,0.16443196,0.09959139,0.15169734,0.005116174,0.027508752,-0.0010001939,0.0032918667,-0.03600434,0.9820128,0.003061462,-0.013916544,0.040940344,-0.028695147,0.012415651,1.013762,0.9740602,8748.944,59.854298,169.833,68.33482,43.458004,83.35367,0.00023009995,98.40121,3573.7314,DOS-TCP_FLOOD
20.845736,5.030673,65.033714,17990.266,0.01478227,0.008577801,-0.013045732,0.038902815,0.0029287962,-0.045039713,0.031722713,1.2976308,0.39157093,-0.08049715,-0.09685404,0.14975175,0.00059388764,0.0053934706,0.02826303,0.008498793,-0.019202026,-0.018065829,1.0322797,-0.031789023,-0.007338549,-0.013605589,-0.022213645,-0.028284919,1.0046794,0.98510003,6160.4937,59.05584,311.54166,50.984116,49.537838,69.360374,4.318563e-05,103.15596,6211.216,DOS-TCP_FLOOD
19.955696,5.011727,64.46527,15951.064,-0.022788169,0.009608214,-0.0003335951,0.0023019249,-0.054469697,-0.007261452,0.016720021,-1.2044373,0.020339636,-0.04977435,0.075549625,0.09515266,0.015765324,0.007310309,0.018789655,-0.0056227436,-0.033978514,0.006745453,1.0439408,0.0032098999,-0.0025840616,0.0018574437,-0.009989225,-0.025173068,1.0306027,0.98021775,5483.295,60.041286,199.42834,80.81841,29.99946,79.273415,0.00014089094,102.26548,-709.0148,DOS-TCP_FLOOD
19.739605,5.643209,65.90226,25117.992,-0.03950426,0.01819476,-0.019014781,0.009527122,-0.023808768,0.0007440086,-0.016169552,0.33795732,0.48630837,0.013325566,-0.04722575,0.107932225,0.008436979,0.038144287,0.002688961,0.003615315,-0.022801021,-0.0024223235,0.998901,-0.007051949,0.008382613,-0.0029233587,-0.031734817,-0.02334438,1.0348623,0.9947504,5402.4277,59.6789,66.68561,58.869675,6.494751,56.714035,7.021884e-05,101.69904,-283.0692,DOS-TCP_FLOOD
19.904856,5.3392396,65.012436,26337.914,0.006390931,0.0076592155,-0.03414716,0.014732505,-0.07944612,0.03336326,0.042494185,-0.69712615,0.14391077,0.07314648,-0.04877865,-0.009929206,0.12928657,0.014386952,0.018750893,-0.0054846285,-0.035468616,-0.012725162,0.98093987,0.044563513,-0.018660372,0.0006691681,0.006614849,-0.027603665,1.0425,0.9753749,4098.335,59.78478,119.61506,39.363594,26.462322,73.32152,0.00025429495,102.03506,3811.395,DOS-TCP_FLOOD
19.984138,5.428236,64.22074,20439.746,0.007072966,0.010394859,-0.028418303,-0.014801562,-0.06968608,-0.016168378,0.012390859,-0.4776652,0.26942724,0.02389646,-0.04225985,0.09244594,0.006411053,-0.022830259,0.024741892,-0.024510428,-0.0064237905,-0.003943746,1.0688376,-9.9476434e-05,0.04132794,-0.0036191847,-0.06353141,-0.07202678,1.0273446,0.9971174,6073.96,59.988834,351.0835,90.38884,38.14967,110.69641,0.00019722819,107.88607,5335.3525,DOS-TCP_FLOOD
19.809122,5.266248,63.691788,22651.45,0.0021051988,-0.012843593,-0.011598928,0.013946059,-0.015003076,0.017811602,0.01977103,-0.5819737,-0.18050697,0.0011314824,-0.08273914,0.11033656,-0.010419077,-0.011326977,0.01963216,-0.018166661,-0.0014426676,-0.030745903,1.0301533,-0.0019027368,-8.412637e-05,0.033708096,-0.023064168,-0.0230172,1.0088742,0.9761415,7839.256,59.894623,150.7244,79.82214,24.41361,78.08762,0.00010238591,102.69214,864.03796,DOS-TCP_FLOOD
18.859722,6.6718593,64.54478,14769.867,-0.005261656,0.0027059114,-0.020834764,0.003291887,-0.035911933,0.02149135,0.032912068,0.77609134,0.12005449,0.19876668,0.006622076,0.056914136,0.017377732,0.024381645,0.012066517,-0.02638662,-0.0173861,0.00017679296,0.94513214,0.044293903,0.020804398,-0.009856802,0.012719076,-0.04627171,1.0294703,0.984967,9489.178,62.895588,662.16223,99.43729,119.18519,137.953,0.00031995695,100.79037,33557.19,DOS-TCP_FLOOD
19.616465,5.594419,64.74658,22017.912,-0.022583697,0.010117489,-0.04066676,0.00949737,-0.006982647,0.03148076,0.040882118,0.92530215,0.42530292,-0.029629681,-0.061359923,0.015635045,0.1930183,0.029268138,0.017909486,0.011477502,-0.013591925,-0.01020423,0.9664699,0.019859564,0.0017650938,0.0115819145,-0.002903561,-0.029156271,1.024928,0.97893393,5034.837,59.7541,136.99988,33.38846,16.701645,42.495388,0.00014097772,100.09578,3345.4326,DOS-TCP_FLOOD
21.676344,5.761811,64.28537,31288.555,-0.03925715,0.004453581,-0.019654375,0.025197556,-0.01573615,0.0059028687,0.043387406,3.2310882,0.14010319,-0.0894123,-0.18074906,0.085259125,0.020376489,0.020040397,-0.029024009,-0.0068105618,-0.013008827,-0.013800275,1.0399921,0.036052916,0.01416363,-0.0025259738,-0.020955194,-0.04009477,0.9761584,0.95936364,6002.7007,59.5826,356.06262,40.636948,50.444393,55.133915,0.00078207935,105.10222,-962.997,DOS-TCP_FLOOD
20.641592,5.7134275,64.49822,12061.032,-0.025584098,0.005152546,-0.002297,0.007842475,0.0028903587,0.00714381,0.0027255062,-0.63417876,0.27476653,0.09939508,-0.094291374,0.11074234,0.004607481,-0.011524124,0.036232926,-0.010242568,-0.028875701,-0.010872338,1.0332857,-0.029935753,-0.004555597,0.010356252,-0.0124277165,-0.030861769,1.0204803,0.9897917,5566.024,60.12977,64.315506,63.217407,0.1286068,88.73572,0.00013253736,100.89086,2240.9146,DOS-TCP_FLOOD
19.181465,5.7657037,64.00995,17116.545,-0.035209686,0.007074469,0.0018363236,0.011372038,-0.047657125,0.023329724,-0.021779824,0.055189848,0.2786662,-0.008025699,-0.0076634805,0.02734203,0.01987374,0.004349444,0.021165997,-0.00019133557,-0.030333195,-0.004751561,0.9917408,-0.0154841235,0.014210993,0.0016282534,-0.0041688653,-0.020028727,1.0244497,0.97884446,6941.673,59.938072,203.2368,66.37658,34.53721,95.11555,0.00016926332,101.03934,-4953.4824,DOS-TCP_FLOOD
19.823689,5.879365,62.552666,11802.842,0.02012076,0.00094795966,-0.00024669338,0.002961071,-0.002100301,0.015602339,0.02450185,0.41359276,0.0274796,0.037957884,0.04841142,0.10615832,-0.004772004,0.0069608167,0.0070487284,-0.015049966,0.0052131712,-0.026284456,0.99985886,-0.017703032,-0.016223794,0.04169002,0.013056744,0.0071326173,0.99480486,0.963577,7860.2627,60.29744,240.09145,71.43349,47.633926,90.633194,6.8158726e-05,99.9477,3517.7834,DOS-TCP_FLOOD
21.409512,4.9435306,63.658646,13706.271,0.0124833025,0.00753189,-0.010987195,-0.008980208,0.014029592,-0.01819918,0.025251452,3.0004606,0.08597502,-0.046685643,-0.08639535,0.19948544,0.013594704,-0.0015125284,0.021476895,-0.030034896,0.0017799577,-0.02168362,1.0450895,-0.02716667,0.04418884,0.030982878,-0.040358014,-0.05790913,1.0173858,0.9878543,4854.786,59.421402,394.7184,67.77652,54.68607,88.57349,0.0008582691,102.96622,9022.448,DOS-TCP_FLOOD
20.400227,5.2197647,64.53175,9460.539,0.02188303,0.00010580942,-0.009460996,0.036271963,0.051923133,-0.001358075,0.04878903,3.1901205,0.020380987,0.073970094,-0.012820864,0.14496443,0.0114309015,0.012987394,0.015968863,-0.012554744,0.006987406,-0.0013336213,0.99971545,-0.019083496,0.0034421869,0.008202685,0.0009209616,-0.034682706,1.0140764,0.97186905,8341.553,59.77516,487.2579,59.597454,75.003006,74.67865,0.00022944572,98.95617,11629.081,DOS-TCP_FLOOD
18.93497,6.2901974,63.367817,13699.295,0.013207465,-0.0007731653,0.014040757,0.0071868533,0.011676909,-0.00030392082,0.048157267,-0.5965111,0.019853411,0.0014084764,0.084464505,0.12755401,-0.0032679744,0.002069124,0.030042717,-0.00612624,-0.0014790567,-0.011865687,0.9475422,0.035997685,-0.028882645,0.0203262,-0.00820103,-0.02665803,1.0201743,0.9758682,8135.3896,59.94482,24.16893,82.28227,-9.652624,80.44159,4.8457907e-05,96.04254,-6776.0146,DOS-TCP_FLOOD
18.559978,5.828744,61.884583,21580.854,0.014928866,-0.013046031,-0.0044957385,-0.019621128,-0.037336685,0.020207157,0.040136285,-1.2279668,-0.34971786,0.012986733,-0.05153991,0.11760357,-0.022665463,-0.0045576086,0.03142585,-0.043378033,-0.005644355,-1.19861215e-05,0.9913205,0.039676346,0.0036883983,0.014414033,-0.0133349355,-0.039904263,1.0155123,0.95881695,6228.6084,59.82783,17.930405,75.40014,7.939934,69.24011,0.0004973547,100.01075,-2044.5208,DOS-TCP_FLOOD
19.100746,5.8277397,63.530933,21994.623,0.016141605,-0.0029460655,-0.027787099,0.0042179967,-0.06141036,0.021856572,0.02675446,-0.18300414,-0.057386942,0.07424844,-0.0037566572,0.035063654,0.0010026357,0.0037053367,0.032295365,-0.027285583,-0.004461843,-0.01877745,0.98398876,0.027366983,-0.0134887155,0.0061311945,0.017697733,-0.018639438,1.0307302,0.9691551,6427.9585,59.963596,217.25461,71.260284,36.321495,79.495865,0.00021670156,102.32079,666.3176,DOS-TCP_FLOOD
20.557676,5.2302194,64.24608,6352.061,0.018418975,0.008576788,-0.020687219,0.02531971,0.029058205,0.0066690072,0.036020294,0.9275502,0.50786996,0.18324198,-0.028677788,0.06295447,0.17427956,0.034433443,0.021099668,-0.01742478,-0.006833507,-0.013951583,1.0074726,-0.008322554,-0.004768269,0.004363604,-0.0104343835,-0.014068473,1.0185442,0.9778715,4517.167,59.75691,110.044464,27.449135,17.482597,42.448288,4.6222485e-05,100.17284,213.23923,DOS-TCP_FLOOD
19.780846,5.5196614,64.25158,18332.016,0.009798686,0.027746731,-0.009100579,0.023127152,-0.00802871,0.0103323385,0.036270943,-0.07075834,0.8964056,0.018675769,-0.07248584,0.09972154,0.0013435407,0.023766307,0.013871011,-0.004476919,-0.016115036,-0.03517916,0.9548948,0.0017464535,-0.02050886,0.001085028,0.010504144,-0.009984485,1.013615,0.9898665,7477.131,59.67448,37.395126,41.13973,-12.600536,55.32466,-3.291665e-05,98.28895,-8247.281,DOS-TCP_FLOOD
19.905222,5.7855396,64.17859,21708.191,-0.022207657,0.0040272903,-0.033839103,0.014079357,0.03709584,-0.0117549375,0.019860381,0.4127646,0.19781286,-0.03243426,-0.13094886,0.059071746,0.19752519,0.0027854089,0.04041493,-0.0058338325,-0.01995286,-0.013175795,0.9577919,0.0029453223,0.00455586,0.013857256,-0.0011329446,-0.044620596,1.0136015,0.98797905,6646.922,59.14755,128.50703,47.200176,24.429585,67.65961,0.00016138755,95.9635,-812.76337,DOS-TCP_FLOOD
19.884825,5.2771363,60.33035,9042.864,-0.0036117062,0.016167948,0.019256132,-0.0028754172,-0.0034613907,0.01787762,-0.0015938561,0.24257612,1.0757178,-0.077381924,-0.07434991,0.11401384,0.027805684,0.0068099797,0.026237546,-0.02035251,0.011700628,0.0031961547,1.0417098,-0.042229388,0.0056203175,0.02766978,-0.025662601,-0.025864452,0.9877529,0.9627557,5255.4287,58.91926,45.65518,64.99691,21.12613,129.7594,0.0006831763,100.02002,3887.7036,DOS-TCP_FLOOD
19.471918,5.791355,63.54425,12941.893,0.047941312,-0.018695606,-0.024402816,-0.008601182,0.025694937,-0.0038683806,0.01381132,0.19171607,-0.050866798,0.70030004,0.026593257,0.12404234,-0.018514631,0.008708885,0.021006588,-0.038264465,-0.003944796,-0.012139798,0.9660771,0.025243016,-0.014454116,-0.0072337613,0.003325562,-0.022929544,1.0458806,0.9856626,7392.823,59.824566,13.497299,70.80199,0.039575577,59.93189,-1.191019e-05,95.49536,-10519.362,DOS-TCP_FLOOD
19.860418,6.037493,66.80135,25042.021,-0.013239289,0.007021022,-0.0041775103,-0.0005126223,-0.008968787,-0.018057076,-0.0041552586,-0.3795632,0.15574779,-0.010303966,-0.046113163,0.09923886,-0.0096981,0.00584404,0.03365085,0.01874117,-0.005294236,-0.016386865,0.9979165,0.0038241928,0.0036057108,0.00029299874,-0.018648978,-0.02477614,1.0176883,0.9937274,7681.2393,59.810448,54.588043,82.927765,-4.2134247,91.36066,0.00011402552,100.920334,-299.25616,DOS-TCP_FLOOD
21.932491,4.4362392,64.07551,15469.584,0.043451037,0.008978828,-0.036220483,0.015345327,0.040900283,0.011035287,-0.009706366,1.0515343,0.46796325,0.1436119,-0.16583195,0.2195804,-0.018662654,0.009860936,0.03280929,-0.00013133511,0.012545678,-0.018884853,1.0810916,-0.06800153,0.029166138,0.03229998,-0.024200099,-0.037329294,1.0230733,1.0049802,6891.791,59.475677,114.44281,89.659256,21.185167,129.82,6.7245695e-05,103.10361,18194.766,DOS-TCP_FLOOD
20.195139,6.245636,65.85408,13701.535,-0.013404151,0.008890425,-0.020759895,0.031851824,-0.0029329397,-0.025043871,0.01743815,-0.27313924,0.12427595,-0.045278367,-0.04865227,0.11948745,0.011179473,0.006257184,0.015384514,0.01720584,-0.026276598,-0.029589238,1.0195562,-0.006705878,-0.030731935,0.017821936,0.0049106777,-0.0012866687,1.0188004,0.9937263,8558.862,60.57245,28.1902,45.29121,4.797826,61.46275,0.00014272984,97.64592,1811.9797,DOS-TCP_FLOOD
20.630434,5.3101277,63.706524,11761.358,0.009129223,0.005745973,-0.019207757,0.00471524,0.02879883,0.0011572574,0.017383046,0.44572157,0.24012545,0.039106686,-0.047626182,0.10111123,0.06786292,0.023623768,0.023342915,-0.0220895,-0.0027240207,-0.013588507,0.99685365,-0.026659228,0.007561438,0.021675102,0.009720231,-0.0005597342,1.0165064,0.97436416,5361.786,60.116848,111.92973,35.03452,20.335855,53.18533,6.177288e-08,98.20015,1825.2168,DOS-TCP_FLOOD
20.888212,5.119117,63.416183,16898.295,0.052214447,0.027430741,-0.012983194,0.0069009485,-0.017595148,0.0022548651,0.0278018,0.73969346,0.67685485,0.3101434,-0.08122237,0.13066018,0.013038664,0.03324813,0.02397769,-0.029088017,0.014654363,-0.03224282,1.005872,-0.019158665,0.012955058,-0.00064448104,-0.027675575,-0.060493164,1.0080589,0.9575362,2824.402,59.314247,175.18802,41.453926,39.09435,68.779564,0.0023579532,100.94971,5916.6074,DOS-TCP_FLOOD
21.031204,5.568261,64.46836,17682.82,0.05530122,-0.0033745733,-0.0011475617,0.012581921,0.051907018,-0.013605166,0.04233413,4.487261,0.016465632,0.09712711,0.018277332,0.12793903,0.024091003,-0.004738602,0.021516945,-0.022339672,0.01854466,-0.03184551,1.027435,-0.004129953,-0.0237283,0.023898229,-0.02504672,-0.022055348,0.9985046,0.97049624,4953.7617,59.310947,49.866028,56.419983,12.563657,49.859486,5.2750707e-05,99.7708,-4290.563,DOS-TCP_FLOOD
18.88481,5.6579943,64.25292,13347.482,0.012642666,0.008921005,-0.01223822,-0.0010144653,-0.037342712,0.009234837,0.022659674,-0.47233582,0.09044445,0.03982129,-0.07882688,0.107592426,0.00053171255,0.004475238,0.0119131515,-0.018744621,0.009946622,0.007222555,0.97855204,0.0129494285,0.009683938,-0.0036498997,0.0010105502,-0.046030447,1.0495609,0.98584014,9531.6,59.72719,334.02866,121.29709,77.43614,134.2991,0.00028745623,101.152824,17082.064,DOS-TCP_FLOOD
20.685408,5.9650884,66.4223,20126.705,-0.046834834,-0.0032512888,-0.011675354,-0.015153079,-0.0013168948,0.00691517,0.031483263,0.032944918,-0.13049713,-0.028621405,-0.12855855,0.08962907,0.009877679,0.019462349,0.0023887446,0.009372392,-0.02158233,0.013280602,0.98429924,0.030434957,0.02585109,-0.008181727,-0.0052445056,-0.034709875,0.9955661,0.9817262,7778.503,59.97536,502.14633,35.076023,70.86855,36.3068,0.00044753915,100.63969,8877.074,DOS-TCP_FLOOD
19.221119,6.053358,73.89998,10838.312,-0.022257688,0.008368868,-0.0008279062,-0.011584229,0.00048222393,-0.023486588,0.02621308,-0.11844826,0.14753334,-0.026665853,0.009277015,0.093667895,0.0047717975,0.018709514,0.024673898,-0.007096403,-0.00737586,0.0018718606,0.9644923,0.0395681,-0.008775458,-0.0051107793,-0.01950328,-0.042490594,1.0213033,0.9787851,7889.971,59.45869,214.00209,111.9818,38.959198,96.731384,0.00013479506,97.32313,9438.78,DOS-TCP_FLOOD
20.358948,5.510853,63.91268,20348.357,0.0008045137,0.034673955,-0.0038535218,0.0055932854,-0.011306744,-0.005230411,0.012028903,-0.19588089,0.55680346,0.006824769,-0.124545015,0.1230877,0.0029726399,-0.00091504306,0.029347006,-0.023069732,-0.040251385,-0.039544463,1.0149171,-0.027829822,-0.0016245525,-0.003998659,-0.00076723285,-0.019742299,1.0102729,0.9938939,7054.174,60.059822,-37.295654,72.269226,-21.559048,84.94433,8.6301414e-05,101.85315,-1255.0923,DOS-TCP_FLOOD
19.124779,6.277634,63.91069,11945.699,-0.025831308,0.010519791,0.007754792,0.007520643,0.008962512,0.014817477,0.011865372,-0.31016254,0.18822493,0.0032520294,-0.023987617,0.09448387,0.008822137,-0.0005062483,0.018670933,-0.0037954934,-0.024755148,-0.00045294408,0.9505033,0.009359963,0.0072239707,-0.00425566,0.009637865,-0.0279833,1.0054581,0.98188126,8540.49,59.923134,263.74902,111.03421,54.095734,117.62885,0.00012312015,96.84333,10841.619,DOS-TCP_FLOOD
17.85068,6.9030557,70.82008,9235.979,-0.037279673,0.011228652,-0.0013452535,-0.008790289,-0.010861976,0.004698685,-0.00033870572,0.16644311,0.12769455,0.077440076,-0.022645304,0.06625977,0.009643038,0.008456576,0.007625748,-0.005025887,-0.02982178,0.004691221,0.8959952,0.085044295,0.0074393717,-0.008545214,0.019355215,-0.040992033,1.0274457,1.0038251,12021.604,60.77536,562.40186,212.00206,129.78604,205.60371,0.00035931732,93.11669,38794.656,DOS-TCP_FLOOD
20.944237,4.98361,63.668377,16758.262,-0.017581299,0.044816867,-0.012056995,0.014119056,0.00018475018,0.039595418,0.021652523,0.5563679,0.5317915,0.054895684,-0.091389135,0.09283827,0.04301959,0.015154861,0.026897175,-0.00093588606,-0.009425894,-0.001643952,1.0180228,-0.03740947,-0.0058563123,-0.012220038,0.008777738,0.0036568288,1.0257742,0.97444075,4240.4736,59.59573,18.708374,10.826973,11.063222,48.075962,4.7533642e-05,97.32696,-2653.9397,DOS-TCP_FLOOD
21.026812,5.4309697,65.151474,12614.251,0.014718279,0.00011181086,-0.016537951,-0.01738011,0.06357792,-0.017337654,-0.0067001954,1.9950893,0.37955153,0.060130827,-0.0514658,0.117276795,-0.008963331,0.018099016,0.008229338,-0.033774532,0.01087739,-0.017724685,0.99535346,-0.0036608686,0.031920664,0.02524029,-0.036736224,-0.031456467,1.0254623,0.9977811,5549.1904,59.84839,-45.533325,48.905407,-42.77371,67.222435,-7.3600255e-05,98.33624,-16210.784,DOS-TCP_FLOOD
20.520248,5.2609615,64.308815,21266.104,0.01740912,0.012265853,-0.030879878,0.008778298,-0.031763062,0.008136239,0.004166288,-0.7621516,0.29716003,0.002198238,-0.12014431,0.0765907,0.011748767,-0.0038039126,0.01641288,0.021109235,-0.007499207,-0.007273312,1.0145758,-0.017573057,0.0076586423,0.011084414,-0.011816839,-0.055358328,1.0392171,1.004316,7399.9126,60.074577,93.37726,85.56654,7.9233694,97.890335,0.00011071625,101.41179,5044.0557,DOS-TCP_FLOOD
21.669144,5.5016418,64.30054,18309.635,-0.015165627,-0.0002332218,-0.030590668,0.014133999,0.027153086,0.026852973,0.018266467,0.6151013,0.45464817,-0.0019019097,-0.07634172,0.118604496,0.10086751,-0.013900854,0.027763294,-0.009212856,0.00083878636,-0.01916468,1.0577489,-0.03974814,0.007557091,0.041722827,-0.030192005,-0.03940484,0.9940786,0.9715557,4052.3477,59.47512,86.6147,18.283195,12.481613,72.62613,0.00014281954,101.62525,-774.4899,DOS-TCP_FLOOD
20.390259,5.524133,64.466545,18319.742,0.0009227637,-0.010459109,-0.007759118,0.029651845,0.008457908,0.01509195,0.035541356,-0.14500952,-0.21907446,-0.040454566,-0.097284876,0.13039273,-0.02196679,-0.01258559,0.02180206,-0.0037690438,-0.015491709,-0.019733531,1.0189242,0.006545169,-0.021592379,0.014697769,-0.0024806848,-0.026841221,1.0374016,0.96868515,7256.152,60.573906,80.897095,60.68399,6.849639,71.888176,5.942618e-05,100.08678,-1202.4197,DOS-TCP_FLOOD
19.879679,5.9866996,66.62735,19724.69,-0.021130407,0.0015537773,-0.0027787616,-0.0015478149,0.003137569,-0.02462399,-0.010671127,-0.043675303,0.23682347,-0.031109389,-0.07022661,0.1399769,0.0057768864,0.022401316,0.009359223,-0.0023261737,-0.028856944,-0.03090225,0.99200773,0.010758284,-0.010322757,0.009322571,-0.027891323,-0.022086874,1.0036085,0.98828924,7268.412,59.61575,46.375748,69.45746,9.964579,72.99695,8.159404e-06,98.556786,5888.3613,DOS-TCP_FLOOD
19.705782,5.712294,63.706734,22819.041,0.039770756,-0.0013053304,-0.0048353383,0.007287323,0.0012247665,0.010321153,0.017524272,-0.29201055,-0.011752099,0.22246481,-0.027320629,0.09207508,-0.006693584,0.017336197,0.035561513,-0.011931373,0.006568744,-0.010577821,0.9938889,0.012299075,-0.011293555,0.019329613,-0.011316691,-0.025416933,1.0149688,0.98627484,7008.5854,59.432533,81.219696,60.240982,23.657269,89.87039,0.00021193063,97.70301,3197.482,DOS-TCP_FLOOD
18.321304,6.1775126,63.58069,14343.006,-0.023920339,0.019680006,0.01707239,0.009092812,0.007888021,-0.005267808,0.017957762,-0.23365307,1.0869929,-0.08434322,0.3398415,0.053846397,0.012147766,0.011557121,0.011749718,-0.02150036,-0.011258704,0.011436207,0.9404625,0.021054003,-0.01070817,-0.0068828836,0.023175031,-0.013594402,1.0252335,0.9864617,7873.9116,59.49055,152.79495,103.09928,30.441717,107.975174,-0.00021905052,94.78692,9361.057,DOS-TCP_FLOOD
20.059351,5.3015447,62.147705,15025.172,0.02885728,-0.0037508414,0.009257834,0.0059983754,0.03793741,-0.014602621,0.013861682,-0.279127,0.09223415,-0.021356765,-0.06301257,0.14489454,-0.011793661,0.012505435,0.029067742,0.0014590751,-0.0016974774,-0.036887243,1.0291988,-0.03180814,-0.029736178,0.041258115,-0.02108047,-0.0033565052,0.9709641,0.97106564,6011.6665,59.470646,-37.750946,50.178432,-10.122004,74.3322,8.291172e-05,99.20197,-5306.8174,DOS-TCP_FLOOD
20.967218,4.9136705,64.1385,8795.272,0.014818452,0.011469406,0.010942061,0.033174183,0.04758025,-0.018786067,0.0046610087,13.306868,0.39993167,-0.0057350565,0.26232544,0.18008249,0.17321788,0.01779664,0.011951943,0.028769124,0.0038208766,-0.111561105,1.0409851,0.024899151,-0.015286347,0.05651842,-0.068620175,0.035062402,1.0134786,1.0060534,3362.8293,59.54802,17.907837,50.849045,4.663007,63.21958,2.5418427e-05,104.78894,11171.878,DOS-TCP_FLOOD
20.70801,4.848347,62.13244,19256.02,0.02485594,0.0020821758,-0.025206357,0.009980931,-0.03840912,0.034086477,0.030036671,-0.26319814,0.34210962,0.32107037,-0.03317191,0.0722391,0.043234285,0.008038901,0.01723469,-0.022313287,-5.3183176e-05,-0.02798751,1.0421361,-0.039723195,-0.007226555,0.00482674,0.012444364,-0.012782876,1.035934,0.97322375,5805.433,60.130997,66.03676,61.830715,0.038108826,74.03647,-5.810523e-05,103.39814,-2436.1492,DOS-TCP_FLOOD
20.043928,5.8505116,65.01487,29188.457,-0.015335117,0.040846214,0.016387563,-0.0028823295,-0.06181263,0.06865052,0.034115113,0.37641805,0.5916906,0.06175936,-0.04318633,-0.008646212,0.17084315,0.0038755685,0.035810616,0.0054905703,-0.039601397,-0.012011555,0.97916454,0.04029319,-0.032363977,-0.027086906,0.0017301552,-0.041067272,1.0249074,0.95641863,1075.4326,61.349277,135.97392,46.96745,45.15412,76.27861,0.00016990904,100.14738,2755.0762,DOS-TCP_FLOOD
18.63228,6.2727833,62.83913,6506.236,-0.017158207,0.0032889962,-0.009812829,0.009227199,-0.0040346533,0.015322179,0.008721847,0.62652004,-0.0026140362,-0.0055963267,0.034326386,0.09119345,0.017468357,0.0072278916,-0.002004602,-0.017171517,0.017100303,-7.886905e-05,0.9463894,0.012676603,-0.0024548662,-0.0017691602,0.011677047,-0.011891442,1.0175234,0.983917,10020.996,60.924408,256.563,106.44518,63.19319,126.241486,0.00037547716,97.73023,11202.919,DOS-TCP_FLOOD
19.306778,6.0324817,63.084885,9681.586,-0.01047844,0.016073465,0.017400108,0.0056807133,-0.00014825352,0.010052299,0.022751499,-0.21582949,0.33563524,-0.0039702468,0.11069388,0.11055871,0.010367245,0.005122144,0.029963307,-0.023449322,0.004331628,0.004742956,0.9574125,0.026206637,-0.0016149599,0.0077603636,-0.00067607965,-0.023027929,1.014568,0.974999,7589.535,59.960533,49.937088,55.226055,15.136624,87.22908,0.00012740702,95.400246,2151.2734,DOS-TCP_FLOOD
19.339931,6.370883,64.0991,17073.584,0.025463406,0.0012625268,-0.015489951,0.0018421725,0.032033626,0.0077502965,0.021394365,0.69507,0.074419595,0.23462427,-0.064507835,0.08873627,-0.0030811054,0.025052018,0.013430182,-0.022289805,-0.00879694,-0.006361585,0.9148662,0.042753816,-0.010661054,0.0073683313,0.01846095,-0.010149338,1.0161017,0.9903158,7803.4478,60.14586,76.97151,68.231865,7.247821,79.29845,-1.2477671e-05,95.59939,-4340.2065,DOS-TCP_FLOOD
17.970184,6.960959,61.615303,10045.195,-0.003496362,-0.0015508715,0.009092844,0.007103026,-0.0029745325,0.011543957,0.031824578,-0.059876323,-0.07231674,0.08336898,0.27114338,0.06114908,0.09102805,0.010538273,0.012312805,-0.022866257,0.009154369,-0.0076278015,0.8913454,0.07479133,-0.014385872,0.008753127,0.008384501,-0.00740461,1.0142254,0.975711,9009.847,59.286736,68.289825,91.27894,22.127577,96.96796,0.00024931782,92.703995,2455.4111,DOS-TCP_FLOOD
19.905598,5.8791695,64.00397,23065.229,-0.0013753772,0.0052468176,-0.009255019,0.010652069,2.2290275e-05,-0.0034038082,0.026758274,-0.24618435,0.24658151,-0.004771119,-0.0167557,0.09985122,0.006882091,0.020519009,0.014038997,-0.006306437,-0.01127543,-0.020960022,0.96609104,0.004682767,-0.011607086,0.0092111565,-0.0032300083,-0.019434033,1.003511,0.98311627,7826.1973,59.711853,23.702347,48.903378,1.8085032,63.837914,-4.921916e-05,97.08388,-2690.2097,DOS-TCP_FLOOD
21.328665,4.610587,75.22725,10446.063,0.041282453,0.0059315613,-0.034465507,0.0068834196,0.014525617,-0.025441837,0.02585515,1.3240664,0.4814851,0.09495958,-0.044365004,0.123104736,0.0810169,0.044751856,0.01734413,-0.00035579782,-0.005606464,-0.023933694,1.0166429,0.00020723419,0.0039209356,0.015001287,-0.03335371,-0.04886096,0.9981099,0.97228295,3550.1284,59.500313,128.33331,70.70953,4.879738,62.827663,0.0013500667,100.90389,1463.6968,DOS-TCP_FLOOD
19.055538,6.0276175,64.27335,22410.852,-0.045549948,0.0023815285,-0.0022736168,-0.0014111454,-0.023332408,0.020138208,0.0113221435,-0.33962703,-0.17495327,-0.049521457,-0.02425934,0.04649362,0.02182052,0.028315475,-0.018591875,-0.021804934,-0.030913454,-0.0013229623,0.9829017,0.031421054,-0.0008815038,-0.0139616225,0.02524447,-0.017049111,0.98284954,0.97526836,11672.586,60.412544,806.48816,191.32788,220.03918,200.06995,0.0002391778,101.11934,88936.0,DOS-TCP_FLOOD
19.735062,5.9712315,64.718704,13676.684,-0.0110223135,0.012160129,-0.028769279,0.005821901,-0.05512771,0.0059206407,-0.013829609,-0.22501254,0.1574292,0.03569154,-0.08213936,0.07675388,0.008078714,0.007295934,0.0054623,-0.00749594,-0.024988996,0.004850365,0.98040247,0.010352166,0.01508436,-0.017706461,-0.015144356,-0.027280051,1.0501727,1.0142108,9002.856,60.80146,165.02275,103.18833,24.952873,111.95575,0.00019666833,102.37078,10697.669,DOS-TCP_FLOOD
19.640812,5.4200444,62.245026,11387.763,0.019039948,-0.008247807,0.003086233,-0.0041635795,-0.028147789,0.0040966673,0.037590142,-0.5417571,-0.0152058145,-0.013273301,-0.054748483,0.13676749,-0.0075070052,-0.008981404,0.028424688,-0.0119870985,-0.0018941844,-0.009509264,1.0252964,-0.0045691645,-0.016306441,0.026383119,-0.0002817111,-0.031064667,1.036257,0.9579153,6854.2817,59.791607,77.17203,90.097115,16.476276,101.69899,0.00085786934,100.5778,2325.3796,DOS-TCP_FLOOD
21.20925,5.9867926,63.968273,14180.668,0.0071927155,0.00076889613,-0.0063887495,0.033842023,0.020941086,0.028105747,0.03874795,0.19983262,-0.06738574,-0.0034724735,-0.06374565,0.108288154,0.0036912987,0.016595569,0.008008447,-0.0047871936,-0.008439039,-0.03827888,1.0185816,-0.012706387,-0.03553439,0.023977417,0.014081664,0.007146112,0.9953815,0.9648668,6601.443,61.87802,275.76892,55.15333,49.684467,65.61137,0.0003156619,97.92369,-4002.7307,DOS-TCP_FLOOD
19.575987,6.081471,63.903557,20697.207,0.014938217,0.0040164087,-0.02088627,0.0042809877,-0.002643277,0.0004893361,0.034120448,-0.5325533,0.124964304,0.00041706488,-0.058759823,0.13755311,-0.003827785,0.017812122,0.020874301,-0.0142847765,-0.011289566,-0.026881125,0.97532487,0.015833145,-0.024988905,0.014847999,0.009177154,-0.024251703,1.0227057,0.98740405,8514.261,59.99085,98.37248,75.98445,13.304074,79.27807,0.00012015572,98.74065,2702.602,DOS-TCP_FLOOD
21.682077,5.1999993,67.17815,26252.252,0.07502065,0.010925009,-0.019364009,-0.007093478,-0.016090874,-0.05688325,0.031201161,4.7423553,0.369526,-0.0113179805,-0.0946545,0.13450566,0.0033280056,0.028267749,0.02190229,-0.003327392,-0.0037993374,-0.06628358,1.0103474,0.02582082,0.030651437,0.03160747,-0.0708003,-0.04968589,0.9979186,0.96537524,4449.242,60.01717,127.592545,109.1594,15.349537,80.41315,0.0030937095,103.25899,4704.498,DOS-TCP_FLOOD
21.778004,5.3313465,64.275024,20121.783,0.03383656,0.009747778,-0.012669653,0.017814154,0.055253506,-0.00045169843,0.010998011,3.414954,0.3532653,-0.031539038,-0.10278366,0.17610288,0.005911402,0.025620624,0.026988048,0.025008926,-0.0015664077,-0.05324338,1.0293645,-0.042957462,-0.011758198,0.03507203,-0.04941776,-0.0119267395,1.0025707,1.008603,5739.3154,59.66773,138.07892,51.208088,14.659826,53.993984,-0.00019143276,101.38189,11166.519,DOS-TCP_FLOOD
18.728724,5.982053,64.26045,23336.521,0.0010129809,0.008511276,-0.020998493,0.020060478,-0.04586728,0.01920329,0.045009203,-0.46116972,0.23703581,0.025994893,-0.025662486,0.01855511,0.04519229,0.0008413149,0.007112147,-0.013825025,-0.012353481,0.0021500792,0.9381476,0.032616906,-0.012475597,-0.024007149,0.022308184,-0.021598972,1.0247684,0.9773316,8356.349,59.084988,183.16933,77.47638,37.756508,90.19883,2.6160124e-06,99.44005,6352.9336,DOS-TCP_FLOOD
19.661789,6.368027,64.13862,22836.91,0.0004969537,-0.0022784201,-0.0036944752,0.0054541132,-0.03017973,-0.0013805705,0.011580466,-0.25000167,-0.035173737,-0.038003698,-0.07806977,0.10290688,-0.00026749074,0.0113268,0.015864266,0.0038504694,-0.025486685,-0.030155458,0.954947,0.024026867,-0.0073702675,0.0124782985,-0.011844937,-0.038483236,1.0132446,0.9836921,8151.7954,59.84505,75.07605,87.15365,17.905584,103.38664,0.00038359192,99.160255,6690.095,DOS-TCP_FLOOD
22.94792,4.212574,64.0495,15868.408,0.0017191935,-0.002439345,-0.020554654,0.023013188,0.04184004,0.04211346,0.04596489,2.010843,0.14153653,0.043026365,-0.02400969,0.15663432,0.0045790053,0.006164247,0.0066278037,-0.022442717,0.0068667624,-0.013362018,1.1171763,-0.07802236,0.015466033,0.038308058,-0.00015734695,-0.014568314,0.99408156,0.9624647,5310.681,61.045532,264.19595,48.872395,51.46714,82.761696,0.00012612907,104.81838,10309.05,DOS-TCP_FLOOD
20.783117,6.190485,64.71579,20066.39,-0.0047070626,0.0050980262,0.04954221,-0.014447078,0.10368673,-0.03642681,0.004018268,13.099498,0.13560049,-0.09291747,0.7051395,0.079360634,0.022916017,-0.0053854054,0.0012487639,-0.01892885,0.022198629,-0.05758667,1.0495261,0.037043195,-0.011774061,0.013851464,-0.040277313,-0.031210465,1.0186696,1.0333058,5094.5215,59.671078,180.35246,74.27697,6.420392,47.147343,0.00017105455,97.668434,9477.358,DOS-TCP_FLOOD
20.11446,5.30828,64.17463,13412.059,0.02056537,0.0068620774,-0.028458936,0.020148985,-0.027722357,0.023438705,0.05202388,0.09051889,0.12484867,0.108903736,-0.08496492,0.051657964,0.095052935,0.013842994,0.033469193,-0.0032521784,-0.020911919,-0.00662677,0.9924809,0.022655318,0.016848227,0.023890842,-0.014608221,-0.047048736,1.0114971,0.96994835,5219.416,60.084606,433.5822,47.657093,50.87929,65.49632,0.00037217303,100.16689,2457.797,DOS-TCP_FLOOD
19.54401,6.025566,64.298904,20402.068,-0.014247771,0.0054008346,-0.010186426,0.0010569914,-0.012871049,0.005820221,0.009783875,-0.45287776,0.22577724,-0.08367829,-0.077384755,0.12115833,0.0028897093,0.011839414,0.010609682,-0.01132585,-0.011367799,-0.0075727045,1.0061102,-5.3744767e-05,-0.0077221026,0.00723668,-0.0086647915,-0.041450836,1.0167141,0.9912029,8366.292,59.521935,212.44385,104.69975,55.70499,98.44478,0.00015964478,102.102,14339.722,DOS-TCP_FLOOD
19.204136,6.2571383,64.06525,15149.559,0.024789691,0.0030029954,0.0047467253,0.013954068,0.022605792,0.0021830788,0.028181631,-0.77816856,0.070897266,0.028829703,0.20875883,0.10561541,0.010616969,0.008531738,0.028603142,-0.0124856075,-0.016043616,-0.024056667,0.94806737,0.0038476507,-0.022095475,0.011660969,-0.0018060254,-0.017888922,1.00792,0.9863541,7384.7393,60.133892,-5.645981,57.732098,-23.286942,61.545948,-7.60822e-05,96.3662,-14221.755,DOS-TCP_FLOOD
19.909407,5.2953477,63.648445,16904.326,0.022443771,0.0080795,-0.0044634566,-0.0040531997,0.010147596,0.012320903,0.001530291,-0.43434596,0.5136365,-0.030204844,-0.078522086,0.10062507,0.038674425,-0.0004749,0.030192308,-0.013385501,-0.024454398,-0.001835567,0.9879312,-0.0069672144,0.025045075,0.016710702,-0.003123763,-0.03920332,1.017128,1.0015602,7968.7446,59.462254,-10.8841095,72.62135,-54.4831,101.307175,8.74573e-06,100.7952,-15203.639,DOS-TCP_FLOOD
20.491762,5.1489344,61.91784,21585.547,-0.002601659,-0.014735534,-0.0068828277,0.0070122774,0.006347403,0.025108092,0.04301943,-0.48427057,-0.34352463,0.0044559874,-0.0501236,0.077694654,0.12063561,-0.015955746,0.021925952,-0.046181902,0.023870759,-0.019565031,1.0223329,-0.015711552,-0.025288992,0.03256534,0.01723776,0.005816007,1.034438,0.93892723,7959.8496,59.75602,80.76552,69.21936,25.605698,79.21414,-4.4382075e-05,98.13457,7119.074,DOS-TCP_FLOOD
20.925558,5.9591484,64.62445,13724.453,0.013915308,0.005428353,-0.025862653,0.016295617,-0.007866329,0.0031530876,0.032387678,-0.21402788,0.12022861,0.059589215,-0.04345909,0.08131711,0.011908993,0.015275787,0.020122444,0.0042482745,-0.021719104,-0.0043857004,1.0307971,-0.024398906,-0.007601885,0.020078808,-0.01952729,-0.02192583,0.99880743,0.9881241,7910.4136,60.43552,180.07472,63.09422,35.665672,93.878204,0.0001283556,101.37353,7933.922,DOS-TCP_FLOOD
19.559973,5.483058,63.100147,12729.498,-0.01539745,0.0019887008,0.0003727246,0.008123885,-0.028889516,0.0035642968,0.009503078,-0.43593335,-0.011724234,-0.04549747,0.31989354,0.1394918,0.011545994,0.00023974571,0.014033453,0.005809753,-0.007134347,-1.6517006e-05,1.0312712,-0.004330113,0.029199703,0.037031513,-0.044442125,-0.0242508,1.0018313,0.9687248,5441.971,59.54803,143.75497,78.36243,34.2241,71.93624,0.00017648147,101.37093,2733.7603,DOS-TCP_FLOOD
20.688654,4.7853374,64.24988,20741.025,0.03969278,0.013454976,-0.013599485,0.010078141,0.016816705,-0.0041625653,0.012433679,-0.41664326,0.60005677,0.14060389,-0.037732787,0.12153435,0.008429243,0.025995558,0.02457303,-0.008840038,0.007095127,-0.015684903,1.0245798,-0.03992755,-0.00714285,-0.004454453,-0.025503244,-0.028554117,1.0214427,0.9939575,5888.2217,59.884712,96.44826,46.79582,10.86132,67.53498,8.6721935e-05,101.58696,5464.2017,DOS-TCP_FLOOD
19.259392,5.8780866,63.593338,20478.418,-0.0066121016,-0.0023215069,-0.015173495,0.007620159,-0.032519266,0.027351163,0.017163418,-0.36710334,-0.1155161,0.08582939,0.02901945,0.09735948,0.008335568,0.008956193,0.007215235,-0.020576317,-0.0014329143,-0.00814475,0.96622986,0.011286365,-0.010633786,-0.0037241145,0.035701692,-0.014374552,1.0364825,0.9836679,11450.887,60.528534,515.7738,135.43988,126.38427,144.98535,0.0001820629,99.74867,44174.633,DOS-TCP_FLOOD
19.693762,5.6465197,63.786953,15423.498,0.0076895854,0.0027811024,-0.011725871,0.010522644,0.007961154,0.0034327623,0.0113530075,-0.09611571,0.09730014,0.037343867,-0.079703785,0.12842126,-0.0045799552,0.022213059,0.007997694,0.0011959998,-0.0061175716,-0.025481043,0.9654715,0.003386758,-0.007236015,0.0340806,-0.0033052824,-0.010496815,1.0155332,0.98530704,7091.852,59.91667,32.22415,54.79803,-4.6408634,67.70128,0.00010776156,97.59709,-4598.404,DOS-TCP_FLOOD
19.76665,5.6252036,65.50818,9102.666,0.020929717,0.007825074,-0.025511624,0.006756027,0.0014671003,-0.0018451508,0.028488733,-0.61503196,0.21697503,0.06787254,0.023917926,0.12563641,-0.0003638938,0.0011249399,0.0254156,0.0018553436,-0.0135314,0.009120753,0.9822148,0.016436627,0.010820803,0.01784032,-0.017562779,-0.0551927,1.0257118,0.9895778,7107.046,59.67174,6.3448486,77.64601,-17.679409,79.28006,2.3129527e-05,97.73012,-18135.203,DOS-TCP_FLOOD
22.276176,3.705008,62.828133,18454.162,0.039686933,0.00072099635,-0.031593766,0.020914573,0.058593415,0.005875284,0.025970392,3.03013,0.4532008,0.09444553,-0.05246743,0.1763586,0.006418948,0.005085878,0.02041594,-0.017666407,0.018175356,-0.013557637,1.0760721,-0.052993238,0.039757546,0.08896119,-0.041893084,-0.047158577,0.99909127,0.9461027,2123.4126,59.011463,118.6919,79.56414,25.864946,83.888954,0.003272341,100.7542,8921.819,DOS-TCP_FLOOD
21.632698,5.126634,64.344376,16095.869,-0.008945427,0.0009169429,-0.039357454,0.023076138,0.052546427,0.023696182,0.01684575,0.034866214,0.22649062,-0.030579563,-0.06937379,0.091486655,0.27999306,0.0023902021,0.037226524,-0.00030915253,-0.012304624,-0.027082734,1.0288168,-0.016641947,-0.010758758,0.03353961,-0.019895753,0.014767645,1.0246979,0.9896802,5560.182,59.92316,37.66136,7.0986404,2.9490252,34.271435,5.9954924e-05,99.15533,826.33514,DOS-TCP_FLOOD
17.99617,6.0481944,63.208656,20733.916,-0.025881179,0.011783763,-0.01655829,0.0126409475,-0.019742336,0.017262185,0.009776418,-0.13031828,0.0520954,-0.04174139,-0.02224234,0.07763176,0.054727294,-0.013121247,0.013826429,-9.8249875e-05,-0.016301243,0.004198733,0.92707103,0.03870232,-0.0064985384,-0.017904032,0.028780892,-0.042690232,1.0260926,0.9758742,12985.24,58.839817,376.35455,242.85425,112.806114,247.98401,0.00035033093,94.528694,29989.22,DOS-TCP_FLOOD
20.714474,5.2649946,64.555786,19608.273,-0.018407065,0.0030528062,0.0076613827,0.0134997135,-0.050440513,0.044778045,0.013833709,-0.7717233,0.053421896,0.029681658,-0.10507867,0.07424361,0.013569869,-0.006414354,0.026713565,-0.005154093,-0.029497277,-0.006186217,1.0374644,-0.017108917,-0.012791151,0.0017619482,-0.0050277123,-0.015468175,1.0353209,0.970359,5739.544,60.688454,195.48764,62.596947,46.33504,85.32392,0.00013433024,103.130165,9107.524,DOS-TCP_FLOOD
19.952261,5.56611,63.427483,15710.662,0.0632401,0.0036420969,0.02008289,-0.0054022,0.03601473,-0.033068273,0.009493017,-1.1581197,0.16530165,0.27627152,0.22952624,0.16916028,-0.011501299,0.0056040473,0.022926183,-0.017627679,0.016360503,-0.025811793,1.0046842,-0.0029105654,0.0125649115,0.004116105,-0.03505195,-0.054625127,1.0191272,1.00321,6974.604,59.96488,12.007523,88.74322,-2.4487648,80.87004,0.0009775121,96.71053,-5631.3193,DOS-TCP_FLOOD
19.729156,6.113165,66.28539,16026.293,0.018501597,0.0060725957,-0.030437902,-0.008696715,-0.02944439,-0.012368456,-0.003197284,-0.81245697,0.22691356,0.044132978,-0.078904465,0.10072208,-0.008321747,0.003829673,0.001758635,-0.027155455,-0.01569335,-0.008537224,0.99725395,0.015923701,0.0040087546,-0.008054447,-0.0048177876,-0.022103721,1.0532147,1.0110574,8471.447,60.96163,148.82771,82.06892,20.236721,85.56814,5.517673e-05,101.18034,5947.7075,DOS-TCP_FLOOD
21.488955,5.2999063,64.337715,21370.08,0.061130654,-0.00065392256,-0.007795287,-0.0074034254,0.0047523105,-0.012833447,-0.0069469702,0.6867454,0.24514882,0.18424042,-0.015159806,0.10865939,0.0039186687,0.0150345005,0.015223444,0.0027469825,0.008294223,-0.057900768,1.0410295,-0.002555955,-0.00692209,0.014905887,-0.04134878,-0.027108092,1.0092098,0.99402404,7222.0044,60.57112,47.26599,70.72004,-1.8614292,77.93639,0.00019923606,103.08623,-389.93658,DOS-TCP_FLOOD
19.294132,6.198634,63.467842,14434.678,0.015626434,0.004066782,0.019876754,0.01619335,0.0027627898,-0.0031150952,-0.00089444686,-0.42322016,0.09097501,-0.050741512,0.21049377,0.14126755,-0.0025964086,-0.00091109425,0.014098296,0.002490594,0.0077252225,-0.042663477,0.9565994,0.02742779,0.008957691,0.031587806,-0.02718367,-0.0079433145,1.0108207,1.0024146,8447.604,59.754143,-39.31253,62.057217,-22.35534,81.16861,8.844792e-05,98.12544,-11257.816,DOS-TCP_FLOOD
17.630531,6.449112,64.58195,15745.637,-0.026431635,0.008174411,0.00011865981,0.028004363,-0.02263301,0.017972374,0.00810183,0.027062953,0.4476473,-0.040743966,-0.022257129,0.050156582,0.007507745,0.010096877,-0.00095873605,-0.0005323533,-0.0233569,0.0038472516,0.9068525,0.05362926,-0.016516453,-0.016948706,0.028830113,-0.013951443,1.0156889,0.993437,8729.441,59.958057,195.47865,105.82228,51.65838,123.12601,0.00017474624,97.59411,9630.015,DOS-TCP_FLOOD
19.345201,5.2839584,68.7058,7529.731,0.009295865,0.05033474,-0.030039147,0.019368116,-0.04637345,0.0025591343,0.032159626,0.37768304,3.749112,-0.035094213,-0.018794699,0.07434417,0.039608546,0.020663047,0.006513358,-0.02080308,0.008909757,0.0114766965,1.019441,-0.008680964,0.003754557,-0.0222626,0.011437171,-0.036522966,1.0447464,0.9978251,5497.0356,59.591633,379.85675,72.42656,68.784065,99.4508,0.00031640514,103.24592,20936.451,DOS-TCP_FLOOD
19.729939,6.128152,64.121,19206.365,0.04141874,-0.0009434595,0.0086918585,-0.004786497,0.03966095,-0.002371029,0.00091733877,0.86795855,0.086352244,0.045940407,-0.020501364,0.07082011,0.050441112,-0.0046156393,0.0114477,-0.02684567,0.006907,-0.011542308,0.96121097,0.03269207,-0.011210263,0.028950691,-0.003818227,-0.015120262,1.0108414,0.992109,6469.612,59.54371,-20.587372,70.07793,-15.132656,64.14656,2.9333023e-05,95.57909,-8812.986,DOS-TCP_FLOOD
19.80229,5.198891,64.01207,15523.828,0.00821296,0.010066749,-0.019170085,0.011967382,-0.028690172,0.014318428,0.023959365,-0.46059906,0.37708548,0.057446353,-0.02525181,0.068349026,0.008091147,0.022755936,0.027173284,-0.021093909,-0.023504116,-0.019438203,1.0060618,-0.018425614,-0.006169006,-0.0056648045,0.010207467,-0.012354356,1.0328077,0.98371166,6203.433,59.95326,210.98804,74.03469,39.6236,98.19073,-0.00010431268,101.09939,9408.624,DOS-TCP_FLOOD
20.974165,5.436634,64.64203,15877.977,-0.0318937,0.017282492,-0.010986991,0.006010829,-0.008933922,-0.00578601,0.0031970977,-0.2803396,0.88677937,-0.048095405,-0.10226246,0.12385518,0.0070526334,0.030487202,0.007889819,-0.01701179,-0.007110284,-0.008684037,1.0139515,-0.013759139,0.014175011,-0.013811365,-0.028168505,-0.03136012,1.0109452,0.9906072,4666.219,59.36242,150.9701,63.33132,29.22739,83.480385,0.00056371244,103.157394,5876.0015,DOS-TCP_FLOOD
18.7247,6.151179,63.634426,19309.758,0.0016912911,0.005718618,0.020842178,0.009917981,-0.01934143,0.0402397,0.013954399,-0.52934194,0.32511824,-0.0013632514,0.142886,0.08473919,0.10020094,-0.0022626016,0.038230646,-0.013691483,0.0032880437,0.0002529379,0.9877417,0.020732388,-0.010057618,0.0067173974,0.0140582975,-0.019617436,1.0274078,0.98794883,6466.7197,59.254604,9.498856,66.62805,-13.973249,95.25278,0.000197847,99.35966,-530.12256,DOS-TCP_FLOOD
19.983686,6.264356,64.35308,12519.395,0.008129924,0.0035257004,-0.03158699,0.015108431,-0.03220634,0.03680817,0.010986178,0.6028087,0.2513684,0.08357275,-0.051329993,0.028052012,0.24623704,0.029147942,0.04766444,0.010662474,-0.011901423,-0.029113472,0.9745927,0.056257106,-0.013178787,0.00097292475,-0.020262815,-0.001964299,1.0408806,0.990453,5265.31,60.144775,32.60417,39.903797,1.2322063,77.598595,7.910952e-05,99.171875,3035.472,DOS-TCP_FLOOD
18.501196,6.360945,61.453735,16599.318,-0.009333574,0.00092926243,-0.0047881017,0.002980884,-0.021005357,0.023858499,0.036282144,-0.597599,-0.1458058,0.03766495,-0.07602813,0.09792805,0.0949327,-0.013074812,0.029894764,-0.011235158,0.0020927377,-0.004268568,0.91929734,0.06166091,-0.011747608,0.032235228,0.006106072,-0.025360066,1.0089704,0.95517564,7017.2617,59.258034,161.49747,79.91208,38.90428,95.20278,0.0002512188,95.121445,5297.1636,DOS-TCP_FLOOD
19.693892,5.5965056,64.20242,12117.429,0.012814218,0.004907956,-0.006863803,0.0058293776,0.00027213432,-0.0027988805,0.029118696,0.22051704,0.042033628,0.01598395,-0.06998851,0.118720055,0.0041644718,0.03528752,0.016544262,0.0060048606,-0.0027588056,-0.020408131,0.9836543,0.005420777,0.008720594,0.014626528,-0.0012419512,-0.037378225,0.9983784,0.9778608,6000.9946,60.16629,301.3829,59.59715,50.09223,71.950195,0.0004395402,100.313675,7660.15,DOS-TCP_FLOOD
21.07222,4.745062,63.74767,17843.236,0.005171057,0.0028805116,-0.013349088,0.010237496,0.028133683,0.01593819,0.0366171,0.19399184,0.07798759,0.008954088,-0.056293868,0.112676255,-0.0019202785,0.022811964,0.026548179,-0.0151479915,-0.0146826245,-0.03929727,1.0244695,-0.034581117,0.005085452,0.048120357,0.0009608967,-0.030876689,0.98429304,0.9631004,4487.592,60.12366,226.0248,33.18154,34.840385,57.009903,0.00014833189,100.31142,1630.6895,DOS-TCP_FLOOD
20.28079,5.5221314,64.31836,19618.852,0.010521104,0.0061344015,-0.043336697,0.006683947,0.00026828796,-0.0044260593,0.015069906,-0.5573144,0.30412966,0.006366428,-0.08752454,0.13942206,0.0017594561,0.01718162,0.020418264,-0.019474335,-0.020497797,-0.011457646,1.0184556,-0.01804282,0.016185535,0.0075060134,-0.022929348,-0.041053668,1.0299509,0.9896046,5561.064,59.953526,132.33914,47.228436,14.092387,60.66183,7.320025e-05,101.85369,975.2119,DOS-TCP_FLOOD
21.036232,5.6223016,64.04929,21954.262,0.00787232,0.018353833,-0.01084394,-0.00985416,-0.0025607692,0.0032385224,0.028220825,-0.55899394,0.52084166,-0.020646865,-0.08888234,0.12027988,-0.0019671388,0.015160341,0.0053786533,-0.00983836,-0.0025991001,-0.026823387,1.0289584,-0.008783279,-0.0043238327,-0.005921314,-0.028665107,-0.024611222,1.0296735,1.0073276,6292.962,60.056656,58.32242,51.28477,-11.005348,44.44373,9.262895e-05,102.787605,-3295.8044,DOS-TCP_FLOOD
18.608372,6.1790814,64.87297,17100.72,-0.023244554,0.0013137049,0.013116423,0.008489273,-0.06652178,0.04814397,0.0076586353,0.055975318,0.22633624,-0.03642448,-0.06444838,0.04375748,0.02619401,0.03216846,0.03439325,0.014379073,-0.033573322,-0.022907771,0.9480618,0.049044546,0.025356961,0.008466037,-0.017026076,-0.04360355,1.0081521,0.96225154,4829.632,59.49848,118.012024,43.631336,25.353878,67.54603,0.00026609364,102.02763,-7369.726,DOS-TCP_FLOOD
19.124771,5.8141665,63.684288,21664.986,0.0070743444,-0.006808337,0.06796265,-0.010347,0.048961706,-0.026261427,-0.013344544,-1.0191643,-0.07531761,-0.0554285,0.68170273,0.105201565,-0.0118048405,-0.015184266,0.0049694255,-0.012761149,-0.0045010983,-0.025244959,1.0138162,-0.0005604252,-0.002552555,0.0034432905,-0.036318816,-0.014082154,1.0339142,1.0015923,7253.9453,60.070194,-43.60501,49.40967,-42.36321,57.329876,-0.00013373156,97.03758,-10614.626,DOS-TCP_FLOOD
18.925936,6.60127,67.04213,6895.307,0.020903714,0.0035926735,0.020128682,0.013226268,0.022787325,-0.0045596785,0.037197728,0.24722296,0.18156761,0.034496434,0.46295696,0.11033546,0.004804628,0.016508555,0.012604021,-0.006849258,-0.0101646725,-0.00596819,0.9171042,0.043158382,-0.011811549,0.0042978674,-0.012298291,-0.038421135,1.0258043,0.98688555,7067.3335,59.58182,-16.606995,46.1842,-37.802727,56.720703,-3.1301795e-05,96.02009,-20718.898,DOS-TCP_FLOOD
20.389868,4.8189626,64.55037,25516.672,0.02029326,4.279241e-05,-0.0054805935,0.027045274,-0.045009777,0.040073153,0.06570113,0.25679958,0.097975686,0.049861863,-0.055055253,0.050614033,0.014496391,0.014863957,0.04692077,-0.0059515284,-0.021842796,-0.002418724,1.0166519,-0.0077753733,-0.004673095,0.018697843,-0.010265619,-0.04694749,1.0091261,0.9512742,4992.1064,59.875034,661.67944,81.405,180.04404,110.74442,0.00020550474,104.49601,102961.055,DOS-TCP_FLOOD
20.691238,5.0099926,64.944214,10986.742,0.014919469,0.082637876,-0.014566841,0.019671267,-0.060491927,0.011786361,0.056291092,1.3696733,1.7068529,0.014873574,-0.08767867,0.066059075,0.07006791,0.033047136,0.02360332,-0.0125906,-0.009024569,0.00974723,1.0117533,-0.013498084,0.014329676,-0.009693717,-0.021485202,-0.06945428,1.0153203,0.95774317,5699.2183,59.195595,620.9503,31.635372,111.03231,75.44098,0.0008843318,102.08506,41656.723,DOS-TCP_FLOOD
19.04181,6.4492197,63.650063,9303.19,-0.009931716,0.008871092,-0.015134704,0.009519343,0.011228293,-0.022301434,0.003183484,0.95917547,0.2117705,-0.005693296,0.019810434,0.11390163,0.008648734,0.0014830381,0.032232083,-0.011605657,-0.017223507,0.0023216475,0.95332307,0.030876983,0.012005778,0.01081623,-0.02406179,-0.030306034,1.0163791,0.98627543,6062.5723,59.708225,138.70584,79.41532,22.349308,101.555275,0.00012741353,96.36084,3833.4075,DOS-TCP_FLOOD
19.94736,5.940854,63.391552,8191.974,0.0020993967,0.0028918625,0.00513267,-0.0004965067,-0.051668584,0.007266271,0.014319021,-0.52902293,0.14193706,0.04673197,-0.081198305,0.113211535,-0.003056565,0.007270872,0.038071252,0.0060098153,0.0052916817,-0.02009671,1.0167806,0.015054693,-0.004033309,0.018118713,-0.028940354,-0.018664071,1.0231484,0.9813786,6268.3115,60.024624,123.62921,94.71066,28.899727,116.56506,0.0013561759,101.4058,7600.39,DOS-TCP_FLOOD
18.975351,6.398631,63.632744,8264.001,0.010661938,0.00079078594,-0.029534083,0.07201352,-0.06792044,-0.00032606826,0.023985932,0.57044935,0.18680787,0.09254121,-0.101372145,0.08471239,0.0014112572,0.03487267,0.039427023,0.017650984,-0.017163597,-0.021239333,0.9362786,0.057256527,0.0056273723,0.008624146,-0.013652666,-0.018178873,1.0139458,0.98315465,6739.2383,60.662987,216.76588,68.02083,33.960106,96.06038,0.0020640024,99.65551,10487.154,DOS-TCP_FLOOD
21.555056,5.2318063,63.527718,18322.012,0.03722116,0.0011952183,-0.010292735,0.009927118,0.067212194,0.0016463274,0.008369353,7.6476316,0.19253217,-0.018029626,0.025056746,0.1259717,0.07307293,-0.0024703331,0.026223974,0.0053380337,0.012436825,-0.05688215,1.0326319,0.03121948,-0.02272804,0.045252346,-0.013709141,0.0069425534,0.99064374,0.9811061,3037.5708,59.286297,12.190002,59.489445,-1.089201,65.291885,0.00093645154,100.43934,-1607.668,DOS-TCP_FLOOD
18.420383,6.340122,64.36257,13023.355,-0.018127006,0.0074902573,-0.009457707,0.008157876,-0.053080507,0.0031000627,0.029997975,-0.5548506,0.06966927,-0.067804396,0.0671166,0.072389066,0.0030642373,0.007244972,0.0070619625,-0.008240919,-0.025937336,0.014419772,0.91700405,0.041905504,-0.021797523,-0.010504318,0.028767006,-0.020024983,1.0283976,0.98187375,9623.557,59.451324,142.4794,105.774086,25.984375,103.16652,0.00012304349,97.70822,4921.911,DOS-TCP_FLOOD
20.391165,5.272168,66.921715,14230.354,0.010461993,0.008130774,-0.026031625,0.0223812,0.0074298605,0.021615904,0.058518656,1.5384307,0.45769602,0.047229234,-0.08437945,0.035194986,0.13143061,0.012691439,0.010264557,-0.020308511,-0.019339785,0.0023136102,1.012337,0.012001496,-0.0035851775,0.003965844,-0.006899885,-0.016376475,1.0150439,0.97192377,5033.2046,59.393635,197.45761,61.9283,17.9516,52.231335,3.600128e-05,100.20984,188.7649,DOS-TCP_FLOOD
22.17349,5.2189674,79.109436,16078.574,-0.019690694,0.00460929,-0.0136206765,-0.020583631,-0.0065389983,-0.069371395,0.039635967,0.99459,0.24766159,-0.10304266,0.014195031,0.19183128,0.0031210084,0.02876231,-0.0155418,0.032129414,-0.0030852715,-0.030802676,1.0865908,0.0022433102,0.001112353,0.0068625244,-0.066583335,-0.03242507,1.0160085,0.97929627,3822.096,60.52616,167.47049,92.55607,31.601278,83.98697,8.204406e-05,100.88921,14761.653,DOS-TCP_FLOOD
19.428665,6.251107,63.818203,13289.482,0.03933893,0.00046373904,-0.016309354,0.0009361412,0.01568247,0.008135198,0.0022738287,0.122525334,0.21818176,0.13383113,-0.07838369,0.09070362,0.06971413,0.0055265473,0.020409737,-0.024032349,0.011019962,-0.020336367,0.9358224,0.056164928,0.012738082,0.023917055,-0.015636493,-0.030806657,1.0085005,0.992914,7705.4844,59.56786,-21.736633,66.52343,-17.599247,79.24916,0.00025519647,96.443886,-11636.827,DOS-TCP_FLOOD
20.725067,5.3612003,67.33566,8810.217,0.030636959,0.01913606,-0.02861915,0.00819528,-0.0027625663,-0.029532118,0.018554226,0.40937102,1.1571636,0.23360562,-0.038765825,0.15760663,0.01720032,0.023758264,-0.00035203993,-0.004001078,0.0038030231,0.003484711,1.04039,-0.0318336,0.003341043,-0.018457264,-0.008049918,-0.043681603,1.0343038,1.002753,7180.698,60.384754,318.80267,77.143936,53.471947,95.97574,0.00031157586,102.74018,16701.99,DOS-TCP_FLOOD
17.954266,6.6021643,61.35349,10363.281,0.0017765723,0.0064184377,0.0066556106,0.012221047,-0.055309676,0.026684895,0.007975883,-0.18858218,0.073939554,0.13263425,0.030493982,0.056884553,0.010145839,0.021363486,0.017812012,0.003212113,-0.0073478785,-0.013810376,0.929518,0.03960973,-0.02272173,0.0024753378,0.00897128,0.0028497912,1.0283386,0.97719705,8040.227,60.915535,138.64787,88.06191,33.69725,114.902954,0.0001758943,97.91003,4956.1685,DOS-TCP_FLOOD
20.226633,5.91431,64.04105,17759.682,-0.0016752537,0.008014249,-0.020884823,0.008631141,-0.008931914,-0.0031315773,0.003995297,0.013762593,0.16819438,0.011956747,-0.027396103,0.058714766,0.10590023,0.009783617,0.020607289,-0.011099134,-0.008497398,-0.015260753,0.99880594,-0.012953597,0.012546476,0.014114919,-0.013469493,-0.0040424243,1.0444083,0.9939556,7803.8228,60.442062,166.7471,67.29653,27.064922,74.55899,3.2796757e-05,100.0022,4089.1697,DOS-TCP_FLOOD
20.912167,5.812303,64.294014,20845.941,0.027198054,0.012959492,-0.020830816,0.0050645997,-0.02088028,-0.011760095,0.0122040985,2.6503053,0.22853373,0.09531458,0.0014152564,0.10656102,0.00586008,0.028361905,0.016911982,-0.011543789,-0.00887012,-0.0392984,1.0183587,-0.0029524078,-0.028626878,-0.00066859764,-0.0156023875,0.011959489,1.0203228,0.99804974,6804.6714,60.065624,167.73366,75.43029,33.40126,70.564896,-1.8377978e-05,104.36516,9738.819,DOS-TCP_FLOOD
20.41986,5.181365,64.139656,22271.97,-0.0029849354,0.013054785,0.05447329,0.0030074583,0.023559636,-0.0180838,0.005199043,-1.2609603,0.5469357,-0.03490805,0.4422508,0.13983566,0.008828803,0.019676669,0.016270986,-0.0019637495,-0.0076225745,-0.01952884,1.020995,-0.029632416,-0.032351114,0.01108698,-0.01623816,-0.011072847,1.0041986,0.9978549,6355.8076,59.595695,-33.28134,62.411526,-11.74877,75.6154,-1.1608485e-05,96.93294,-200.66577,DOS-TCP_FLOOD
20.893614,4.980782,64.38171,12269.121,0.019007081,0.006324736,-0.009948434,0.0898967,0.024194388,-1.6677659e-05,0.054664776,-0.26230562,0.08468413,-0.05339785,-0.019503677,0.13192323,0.013647586,-0.003991341,0.02855632,-0.012971779,0.006283815,-0.014729779,1.02821,-0.02953036,-0.04577588,0.012578413,-0.0161917,-0.016428275,1.0172789,0.9755741,8132.5845,60.261726,154.00246,75.6633,38.71732,99.10526,-1.6746126e-05,99.957535,8887.46,DOS-TCP_FLOOD
19.703833,6.6315947,64.11743,12780.564,0.03753342,0.0055659083,-0.019362533,0.0069689746,-0.007092705,0.007932458,0.013558881,0.5086698,0.33970636,0.21583405,-0.066716686,0.11649769,0.0005452726,0.02202252,0.011833561,-0.010148197,-0.018700205,-0.023215022,0.9364054,0.049630865,0.024386162,0.007366391,-0.013502438,-0.036402576,1.013719,0.9945278,7752.909,60.243286,-20.437195,67.30618,-35.74354,92.09795,0.0008447271,99.302376,-14798.657,DOS-TCP_FLOOD
20.341742,5.1227818,64.17628,9879.782,0.018859848,0.0037538179,-0.008860558,0.057474043,0.005066017,0.039606065,0.073819496,1.1460909,0.17448427,0.3630644,-0.05472766,0.07026629,0.115036346,0.02667615,0.006498201,-0.0066478224,-0.00025663525,-0.005560047,1.0059146,0.003725588,0.0058042235,0.036103517,-0.002844748,-0.045715928,0.9724126,0.9500778,6068.8354,59.870354,447.78485,69.27639,79.715225,89.20809,0.002379802,100.82305,18860.393,DOS-TCP_FLOOD
19.987396,5.6263537,64.226234,20050.89,-0.01550376,0.0052830423,0.0041992823,0.0055258195,-0.00469362,-0.0073908786,0.02200615,-0.36855304,0.1388486,-0.064324595,-0.0772827,0.12984774,0.018324638,0.012722159,0.012332205,-0.004020352,-0.021302903,-0.013671715,0.9844638,-0.0028697958,0.014231384,0.004499428,0.0053785928,-0.032609582,0.99288535,0.98215973,6603.2295,59.7589,204.13037,67.9223,43.275604,76.78865,0.00021866303,99.50172,4037.7866,DOS-TCP_FLOOD
19.688988,5.697828,67.268906,15380.436,0.04837186,-0.002497992,-0.0030951411,0.009591389,0.036090612,-0.008762999,0.041055463,1.5028927,-0.19260354,1.057671,0.014940424,0.14563456,0.004556542,-0.0023449445,-0.0012416765,-0.019256415,0.01446734,-0.0074577047,0.9775402,0.014306173,0.014266169,0.021221735,0.003752252,-0.04511825,1.0152142,0.9898682,9785.3545,59.03278,460.14746,73.10599,56.382214,67.71483,0.00016125206,97.83775,9983.315,DOS-TCP_FLOOD
21.014898,4.9338627,67.850395,18860.156,0.043908782,0.010675206,-0.030995201,-0.0047733583,0.0018064668,-0.011541132,0.021126725,0.0887323,0.35995305,0.32187182,0.035310045,0.1875442,0.013806517,0.0182124,-0.009625791,-0.023104949,0.017687041,-0.04728734,1.0211779,-0.00066573545,0.02904739,0.021414952,-0.024275493,-0.061161105,1.0197151,1.0262196,10364.055,59.53323,157.13362,147.86523,10.940955,152.61635,-6.4949127e-06,102.287834,11747.952,DOS-TCP_FLOOD
19.25518,5.656909,67.15735,19874.824,0.014272731,0.009555506,-0.029722016,0.010969156,-0.043334275,-0.01085012,0.046104457,-0.55852544,0.232563,0.056989264,-0.039580356,0.06329206,0.004016282,0.010692933,0.022008149,0.0052344613,-0.019176973,-0.007516769,0.96417767,0.014028823,-0.0342523,-0.009380476,0.01210695,-0.03017316,1.0337677,0.9857835,9208.146,59.129383,245.43295,94.04381,37.904007,87.44593,0.00011426023,100.88191,7158.3457,DOS-TCP_FLOOD
16.897934,6.7845173,61.3728,7107.6567,0.01423559,0.0063337176,-0.012978153,0.0168672,-0.051259942,0.030288015,0.03595417,0.92400396,0.030343529,0.6526745,0.034735158,0.087038755,0.045686856,0.030554913,0.002072109,0.0022802455,0.018130792,0.0046620565,0.8777567,0.085255414,0.010375032,0.022413377,0.0020646537,-0.029733477,1.0163816,0.96461993,7125.998,59.98955,461.20325,48.32723,80.24071,71.74643,0.0012121756,96.06226,6362.555,DOS-TCP_FLOOD
21.343721,4.9327874,64.62541,13434.025,0.014901852,0.0030474903,-0.021530082,0.09579894,0.098124325,0.0070840036,0.04449487,2.688291,-0.018952562,0.056311563,-0.04279691,0.118143566,0.011133299,0.018031128,0.015042115,-0.0005302904,-0.0018322375,-0.010119401,1.0353959,-0.045459002,-0.02311964,0.010086746,0.015601126,-0.012361593,0.9998767,0.9930015,7692.3647,60.985493,336.63324,80.144165,61.176334,100.351395,0.00015670393,98.09667,16339.255,DOS-TCP_FLOOD
20.70124,5.4244304,64.82939,14077.73,0.01034378,0.0052324827,-0.008517644,0.010240247,-0.012193622,0.008753469,0.036834013,1.0049419,0.11752244,-0.051378675,-0.08419779,0.11878249,0.00010209158,0.001698155,0.011960991,-0.007557538,-0.030566525,-0.039928317,1.0430171,-0.016172497,-0.00831155,0.014745325,-0.0016655633,0.0035824347,0.9909528,0.97627705,4947.141,59.589203,138.92747,64.23629,26.132233,86.43306,5.515963e-05,104.915375,5574.3145,DOS-TCP_FLOOD
19.584812,5.897194,64.78463,13899.111,0.0010352768,0.016155066,-0.0046869786,0.006294861,-0.010524083,-0.020380188,0.013358936,0.14204633,1.0147407,-0.081089616,0.09616996,0.15002486,0.019567793,0.031735547,0.016357929,-0.010190656,-0.010052222,0.0073089865,0.9723805,0.00985806,0.004722895,-0.022406787,0.027602538,-0.0403589,1.012878,0.9943209,9380.332,59.27836,543.47577,88.5168,101.476166,107.269585,0.00023845902,99.36958,31208.426,DOS-TCP_FLOOD
16.895525,7.1962714,64.06508,22874.703,-0.005841749,0.009101384,-0.015239771,0.020600889,-0.08831222,0.029854693,0.045238584,-0.43443513,0.03652639,0.13586402,-0.0439716,0.008114071,0.013455552,-0.00016809441,0.010129883,-0.012518665,-0.011802065,0.0019245129,0.849111,0.12970753,0.00720608,-0.02403411,0.017004363,-0.04589017,1.024812,0.9881376,9538.3,58.92146,346.45743,134.72272,81.5395,149.99649,0.00024841455,97.41937,22277.426,DOS-TCP_FLOOD
20.716728,5.139645,64.08973,15791.029,-0.028623268,0.01673825,-0.02559552,0.006291797,-0.03472361,0.018487515,-0.03275433,0.5820073,0.51464945,0.02638437,-0.053293914,0.07673,0.18021972,0.002556434,0.021132704,0.0042901514,-0.020374006,-0.007342328,1.0155748,-0.023142902,0.03537299,-0.014097495,-0.02203815,-0.024045583,1.0469911,0.9945546,4900.0835,59.208607,54.16217,23.693497,21.014097,74.22084,0.00017034376,100.376915,3552.7085,DOS-TCP_FLOOD
19.379782,6.423659,65.76828,11165.121,-0.0013487879,0.0046739015,0.0128507875,0.0042224913,0.027595362,-0.033881143,0.0013712631,1.1060231,0.18947184,-0.011584711,0.07154293,0.1110424,0.0075266208,0.028244628,0.011028141,-0.005254154,0.007869759,-0.038992643,0.95367444,0.021704374,-1.0496005e-05,0.022463378,-0.008329259,-0.010440246,0.9962757,0.999846,7511.6133,59.761356,42.77986,63.22145,-11.056829,71.696526,6.643668e-05,98.089424,-3035.1199,DOS-TCP_FLOOD
20.127687,5.3216667,66.543274,7883.319,0.022280514,0.012602602,-0.026536852,0.015225715,0.017667245,-0.012908246,0.0311165,1.21555,0.5335454,0.19108829,-0.10843206,0.13054958,0.008574431,0.03683241,0.0010299636,-0.010307896,0.0059118634,0.012590246,1.0042804,-0.011805214,0.0001291791,-0.027602736,0.0052035786,-0.042763203,1.0217057,0.9889153,5734.84,60.92066,432.25464,56.09627,73.15973,75.10522,0.0004041009,103.40584,14936.117,DOS-TCP_FLOOD
19.994526,5.998658,63.514164,14390.596,0.011935806,0.0019567043,-0.028709225,0.015823329,0.013510112,0.023882255,0.03384444,0.93406963,0.080821626,0.40970144,0.058583766,-0.0024319207,0.35998774,0.023239687,0.015168998,-0.015094129,-0.021875633,-0.02483914,0.9518284,0.020920498,-0.0066898074,0.01159014,-0.0045505865,-0.006440729,1.026203,0.97580904,6424.957,59.35192,181.03004,32.866734,30.408861,39.344074,0.00018450386,95.57065,-2952.8015,DOS-TCP_FLOOD
20.672943,6.4410305,64.34578,16185.492,-0.005621109,-0.0030576305,-0.0054298155,-0.007845116,0.048354253,-0.027476085,-0.009521242,0.18544614,0.027522739,-0.021126635,-0.091162585,0.15007836,-0.009828771,0.018789273,0.026108788,-0.02414664,-0.013441144,-0.014460669,0.9864837,-0.005667372,-0.0045550917,-0.0041010533,-0.03899694,-0.043610573,1.0321082,0.988019,7629.1494,60.50196,68.05487,64.209694,14.570404,63.3458,-4.00492e-06,98.07325,1170.6926,DOS-TCP_FLOOD
20.717058,4.8990107,73.39342,11050.752,-0.017833006,0.0037330308,-0.0056586135,0.008266254,0.04893653,-0.016041374,0.005333775,0.6592871,0.40990007,0.017516945,0.023402086,0.06616876,0.21917692,0.014281955,0.01569465,-0.032496568,-0.0060123648,-0.003217766,1.0323542,-0.0014192462,-0.014605386,0.029528623,-0.010187094,0.008069481,1.0220796,0.9946576,3141.5632,58.983047,2.1859436,23.952744,-16.978153,33.059097,-0.00011165139,96.51495,-2892.1624,DOS-TCP_FLOOD
21.776564,4.8100243,64.47529,13551.773,0.048448518,0.0026772863,-0.054195657,0.010948158,0.012695856,-0.019392543,-0.026948709,0.8242805,0.52049226,0.18352145,-0.060629472,0.12506337,0.15058704,0.030167367,0.015197337,-0.009514158,0.008486429,-0.015760664,1.0164924,0.027023723,0.04332956,0.020458346,-0.044111278,-0.027465645,1.0101521,0.9819482,6718.648,58.939995,42.40239,67.66389,-8.896942,107.33957,0.0025824162,101.032425,-939.83295,DOS-TCP_FLOOD
20.495434,5.889492,65.41937,22137.814,0.0033422653,0.010801724,-0.014217333,-0.004849786,0.044482075,-0.016712923,0.019108195,2.8888543,0.23078969,-0.03740838,-0.04452398,0.096159264,0.0060589025,0.018194582,0.0167543,-0.005824766,-0.01436986,-0.018595684,1.0038233,0.006849007,-0.0156155145,0.009026047,0.0028724456,-0.0032093283,1.0062983,0.9955012,7987.8315,59.687344,133.83015,86.97007,24.887714,87.282555,-7.361242e-05,98.20965,5844.2285,DOS-TCP_FLOOD
20.12273,5.8154016,63.60185,14094.127,-0.0050997734,0.00096153835,0.001437508,0.007612916,0.005045703,0.0064417296,-0.0012817117,0.10115123,-0.2444225,0.017283164,-0.07446065,0.12326816,0.03895625,-0.010209427,0.021694263,-0.001318045,0.00806718,-0.028814487,0.99805367,0.0040305997,-0.015914336,0.039841056,-0.00079875346,-0.0099199815,1.0106252,0.9755602,8043.2446,59.685543,114.19585,84.070274,32.673927,80.90688,0.00026443368,97.08014,4950.2534,DOS-TCP_FLOOD
20.176641,5.212676,65.60816,24766.012,0.005898187,0.008525939,-0.008843545,0.008593642,0.013606897,-0.025440626,-0.046008885,4.2593584,0.38405004,0.0062121265,0.055099532,0.10667506,0.099429645,0.005337447,0.0054359995,-0.012666494,0.01906974,-0.046417084,1.0335104,0.039103206,0.002539754,0.02132916,-0.03359684,0.021831453,1.0315026,1.0201567,3747.8628,58.472355,109.32307,47.077583,-1.4590855,72.810074,-3.3969365e-05,102.498215,9761.685,DOS-TCP_FLOOD
17.29934,7.204401,62.4157,17351.508,-0.027693808,0.009261747,0.0049595465,0.0074216663,-0.09018587,0.039099865,0.034730963,-1.098953,-0.027459782,-0.06437826,-0.08855066,0.06163598,-0.033563882,0.0059875706,0.030691832,-0.020808198,-0.01663525,-0.01456134,0.89514035,0.121103846,-0.007618146,-0.013961443,-0.013187414,-0.018971976,1.0259225,0.9696608,7854.7744,59.642963,88.913635,66.65466,23.52411,79.483376,8.198936e-05,96.603065,721.56415,DOS-TCP_FLOOD
20.285137,5.537918,64.126434,17951.693,0.015184424,-0.00034252554,-0.021942006,-0.0075883092,0.012127729,0.0088504255,-0.0012846896,-0.35748553,0.24036558,0.018103994,-0.07866815,0.1029452,-0.014617487,2.568122e-05,0.035356335,-0.038846735,-0.0059941458,-0.009983996,1.0156246,-0.0072719236,-0.0077847457,-0.0038011954,0.013688261,-0.009534451,1.0388764,0.99268866,7501.3394,60.76768,18.957932,68.96584,-16.966682,66.17277,6.1024766e-06,101.29719,-2847.5305,DOS-TCP_FLOOD
18.825089,6.76039,67.936455,9562.83,0.0054943655,0.00740597,-0.0069234218,0.008547424,-0.025484795,-0.0133261215,0.01801597,0.8565099,0.29642963,-0.007178634,0.021105122,0.06545749,0.15640517,0.036775455,0.03607061,-0.018295916,-0.011297889,-0.040124025,0.9227855,0.08577194,0.017011566,0.02255823,-0.051383108,-0.040277176,1.0081345,0.9857864,3232.8342,58.55773,66.47777,78.41634,-2.7893066,75.00076,0.0012451089,98.57011,-4671.5674,DOS-TCP_FLOOD
20.888424,5.3934946,63.59054,15365.105,-0.0021209288,0.0076821367,-0.0025360216,8.2151964e-05,0.026600044,0.018680017,0.022622827,-0.2397772,0.24409653,0.020445373,-0.084184065,0.14847302,0.0025215861,0.017468678,0.027721917,-0.013342911,-0.0016906345,-0.01755599,1.0176438,-0.029858911,-0.028549016,0.0016750302,0.011822925,-0.0040295627,1.0061427,0.9939899,5726.4453,59.6222,-34.681,39.189533,-2.3541412,65.511154,7.2764815e-06,99.06049,-4954.9526,DOS-TCP_FLOOD
20.448555,6.2733254,64.22054,11563.968,-0.0018657185,0.00666091,0.007763146,0.044757515,0.044487797,-0.017593302,0.015529367,0.5037433,0.2362025,-0.038241576,-0.04203893,0.177866,0.008664496,0.018073007,0.02297757,0.02317417,-0.023293441,-0.027650815,0.9940084,-0.017449923,-0.029149057,0.019603185,-0.011820159,-0.009615486,0.989712,0.97931385,5806.952,59.626354,35.491287,44.93811,3.0919123,65.24493,-9.094947e-07,97.90605,-2542.7974,DOS-TCP_FLOOD
19.959251,5.562876,66.10873,19406.43,0.029258534,0.015760815,-0.02793292,0.007801694,-0.046832427,0.0014967,0.018965805,-0.6734966,0.33321822,-0.024729285,-0.11962549,0.086618006,0.001856414,0.015345142,0.010717175,0.0061563402,-0.004888233,-0.006529945,0.9939559,0.0105136465,0.03472421,0.019628055,-0.05379317,-0.05491943,1.0156962,0.98242426,6731.788,59.969566,166.08862,108.983475,29.52623,116.62079,9.9138866e-05,102.417816,4757.7705,DOS-TCP_FLOOD
22.846954,5.017011,64.42925,16139.373,0.016385691,0.0038913775,-0.010206215,0.016287288,0.032589406,-0.0053820973,0.036685668,0.2056579,0.12778515,-0.008413036,-0.0602405,0.20768082,-0.006314551,-0.003923876,0.020050593,0.013276638,0.0049872184,-0.017807499,1.1058383,-0.057621602,-0.010416828,0.027474292,-0.042934738,-0.018298399,1.041466,0.9958101,4822.0215,61.7027,179.30467,31.228493,37.86168,57.22478,0.00018946125,102.145584,6232.8496,DOS-TCP_FLOOD
19.853157,5.911029,63.683887,14815.672,0.008516972,-0.00085057685,-0.02010864,0.004917677,0.017784398,0.013446828,0.026190924,-0.44372976,-0.08779519,0.06444895,-0.044975746,0.12127339,-0.012437313,0.009860796,0.025868014,-0.014456108,-0.01389459,-0.0053126877,0.97262144,0.018922342,-0.013474539,0.0089890435,0.0011336803,-0.012659756,1.010743,0.9733453,5879.6553,60.929115,107.112,54.01269,13.4267435,47.575264,2.1499814e-05,98.33615,2947.983,DOS-TCP_FLOOD
19.433367,5.8921604,63.80203,17543.883,-0.021614935,0.010799314,-0.0011575897,0.020319574,-0.014061671,0.023509169,0.03190943,-0.09442437,0.1519023,-0.029879916,-0.041427944,0.070541374,0.028785815,0.008700647,0.019381104,-0.0017782254,-0.02316583,-0.011256872,0.9644033,0.0021543838,0.0067742565,0.01681912,0.008455714,-0.018771248,1.00698,0.9646227,5977.681,59.917065,95.60562,43.51752,31.465067,65.80489,9.6121395e-05,97.33416,561.00696,DOS-TCP_FLOOD
18.190222,6.2762628,64.09453,12352.365,0.00303315,0.012061334,0.023632796,0.020560699,-0.02808013,-0.0059756814,0.028085463,-0.750437,0.5815005,-0.047515757,0.88846457,0.021112632,0.13665546,0.020689249,0.011016318,-0.020457517,-0.0070652035,0.00052123796,0.9200527,0.05724966,0.0026953267,-0.016574992,0.00019861385,-0.02478592,1.0418748,0.99988234,6282.704,58.96863,80.96336,74.825134,15.417629,75.90878,0.00019378608,97.02818,2804.247,DOS-TCP_FLOOD
19.0131,6.051887,69.83415,18834.941,-0.00744258,0.0054365075,-0.00074838055,-0.00015028194,-0.024073733,-0.017654298,0.013068646,-0.565809,-0.015992222,0.008396822,0.046363845,0.06415443,-0.0070649595,0.0013780082,0.030514391,0.0026049512,-0.010331791,-0.012996931,0.9912654,0.027494395,-0.014980548,0.004307568,0.0051232707,-0.024199177,1.0240885,0.9674954,7360.1,59.3038,126.24174,97.71307,31.575449,83.70401,0.00017476687,98.68653,2500.2048,DOS-TCP_FLOOD
19.37809,5.8629904,63.116184,17295.35,0.009938254,0.004088143,-0.006947685,-0.00042386726,0.03180827,0.005933246,0.016112609,0.29210973,0.04224068,0.095157705,-0.034810588,0.09230739,0.002050792,0.010091587,0.02157435,-0.011435942,0.0030078134,-0.009338357,0.96348906,-0.0017380492,-0.0039524655,0.013241088,0.012273368,-0.030897764,1.0121467,0.9789906,8807.369,59.951996,146.83264,85.73826,39.433163,111.00628,0.00024656163,96.18125,5680.7197,DOS-TCP_FLOOD
19.978287,5.5060077,64.20721,9813.395,-0.007247356,0.0024025727,0.005439988,0.04771399,0.009181585,0.0042427955,0.027915206,0.046861053,-0.016539617,-0.05528385,-0.057658583,0.16316548,-0.014961599,-0.00074569136,0.011653389,0.010904403,-0.021357652,-0.026436146,1.0078117,-0.020289764,-0.0121458955,0.011825066,-0.012931226,-0.01263149,1.0173969,0.9735897,7272.1553,60.234726,110.51391,75.40928,24.375229,88.85801,6.8347596e-05,98.88929,3340.609,DOS-TCP_FLOOD
21.366627,5.1926346,64.21095,19510.672,0.030676428,0.0007899366,-0.009374534,0.0356232,0.017048828,0.019802032,0.056438744,1.0233933,0.112793595,0.6149604,-0.07153067,0.09553915,0.015314298,0.006036954,0.006918907,0.0022286922,0.001799576,-0.019346286,1.0466768,-0.030317781,-0.03290021,0.004217762,0.012164995,-0.03347821,1.0088543,0.9743636,8879.49,59.431026,206.39667,88.186356,27.291695,85.86284,0.00011111108,101.7217,5110.3687,DOS-TCP_FLOOD
19.400822,5.8730483,63.48038,7473.045,0.013748033,0.011041366,-0.010210676,0.025306974,0.031236062,0.0020316737,0.05389455,0.5639571,0.3174073,0.042496055,0.078924894,0.061331272,0.099830694,0.014045734,0.019424079,-0.034694325,-0.0013053208,0.025274325,0.94615316,0.0032834036,-0.0065342477,0.008051929,0.005175774,-0.015184214,1.015127,0.96874106,6821.9688,59.978477,142.93282,51.20073,33.963657,60.64194,-7.258462e-05,94.19751,8758.959,DOS-TCP_FLOOD
19.696991,5.707344,63.924664,18670.639,-0.0034325384,0.004218058,0.0051560393,0.021749645,-0.018108381,0.028722046,0.041275542,0.03783405,0.14415246,0.025525376,-0.078338265,0.0968632,-0.0015251596,0.020066526,0.0071602077,-0.019200442,-0.043917023,-0.021084279,0.96681327,0.0141223185,-0.025481341,0.027306957,0.0070013804,0.009160497,1.0190976,0.97888297,6493.009,60.03037,12.876678,42.00086,-15.125336,59.00805,-0.00010198042,98.00727,-7030.9146,DOS-TCP_FLOOD
18.983028,5.933376,63.59421,10599.512,0.02128362,-0.0014066807,0.061571117,0.005701998,0.027217848,-0.006526306,0.029170059,-0.35114956,0.17156318,-0.024436682,0.6171591,0.133322,-0.0048939153,0.01633017,0.016037771,-0.008703786,-0.005793695,-0.01765645,0.960106,0.012925233,-0.0088326065,0.03147219,-0.015131047,-0.036308892,1.0056016,0.9828792,7397.928,60.01707,-52.308685,65.25145,-25.958843,75.109436,0.00033771739,96.62498,-8696.919,DOS-TCP_FLOOD
20.470215,5.0544715,64.16753,8671.484,0.016694522,0.007880531,-0.015488938,0.055169106,0.034886133,0.023016082,0.023586618,1.2994573,0.37243313,0.253883,-0.052272,0.047121476,0.40031704,0.037340343,0.0011901185,-0.02166681,4.5541674e-06,-0.006670668,1.0065137,0.015385543,0.015314395,0.014394889,-0.027411943,-0.002893908,1.0275502,0.98236907,5181.8193,59.41539,316.70956,10.008514,34.7925,30.208824,0.0013294431,97.991745,5260.213,DOS-TCP_FLOOD
20.013264,4.767997,61.967224,11371.093,0.005904464,0.0005630776,-0.0036399532,0.008412547,-0.03983982,0.031119842,0.043753497,-0.8411033,0.4101416,0.020534277,-0.14422438,0.10964626,0.01651998,0.005196836,0.0411634,-0.026404133,0.008089458,0.00034915283,1.028806,0.0035336313,-8.2000624e-05,0.031109994,-0.02483488,-0.04664696,1.0000763,0.950246,4835.207,59.62902,21.959686,45.198395,13.077606,72.07442,0.00070148916,101.4234,1817.9397,DOS-TCP_FLOOD
20.321602,6.038216,63.592358,21389.123,-0.017099775,0.027554626,0.009878074,-0.001082532,0.00835184,-0.0004957046,-0.0039000437,0.40993452,1.1600692,-0.01170556,-0.014830919,0.097324476,0.010757157,0.018017162,0.02046011,-0.009080562,-0.024296924,-0.026147485,0.9551777,0.009618237,-0.0149757005,0.009228903,0.012108757,-0.03552554,1.0011302,0.98498344,4643.2183,59.450474,95.17032,54.65348,29.827911,79.35562,0.00023044513,99.35112,2708.838,DOS-TCP_FLOOD
20.446457,5.591501,63.722294,16724.387,-0.008113793,0.004415598,-0.035857107,0.0046236883,0.04925295,0.005580256,-0.016255938,0.72729564,0.37793037,-0.009924815,-0.1076846,0.075593084,0.2949343,0.026449,0.029999979,-0.009321672,0.0012278697,-0.01119675,0.9975727,0.014754591,0.018366534,0.013602154,-0.016797103,-0.010269106,1.0209736,1.015582,5118.6665,59.17551,-16.162567,33.207943,-16.19566,72.74631,0.00023991564,98.95712,-2599.2332,DOS-TCP_FLOOD
21.038269,5.4200563,64.767456,15051.174,0.00047801994,0.0063791135,-0.034733865,-0.0017308701,0.019081037,-0.01351126,0.0055477675,0.2972269,0.37608248,0.009955428,-0.08354761,0.11453219,0.003947089,0.017280104,0.019345025,-0.02385537,-0.0044970238,0.00964044,1.0206954,-0.028420242,0.0021272758,-0.004428646,0.011988323,-0.016373811,1.038252,1.0027255,6549.956,60.839622,148.98296,54.512875,18.408587,76.3048,4.6827277e-05,101.48746,6410.6914,DOS-TCP_FLOOD
19.232546,5.7634864,66.48935,20196.135,0.0049841683,0.00795336,-0.0396195,-0.00035519525,-0.0814318,0.043185152,0.038663555,-0.24798465,0.21424276,0.04986719,-0.0888205,0.030107655,0.01446528,-0.014489779,0.011856315,-0.030333444,0.0017002039,0.028599944,0.99541223,0.046277985,0.023080055,0.0071941074,0.0041928655,-0.054869056,1.0455259,0.9841114,7095.5425,60.266552,524.49774,125.37777,84.368385,139.40282,0.00031551145,104.622444,20358.457,DOS-TCP_FLOOD
19.24157,5.8760386,62.573566,7237.376,-0.008334302,0.0038169913,-0.0017022714,0.023091523,0.017610371,-0.008440576,0.01998177,2.9811897,0.16157554,-0.07247008,0.04865399,0.14291269,0.011566884,0.00053817406,0.0150240585,-0.0012485497,0.004099589,0.0023342902,0.99820316,-0.0007919111,0.016892362,0.026653474,-0.052116416,-0.024459733,1.0156925,0.96621126,5273.114,58.798885,208.47107,56.064064,43.881355,71.506,9.837725e-05,99.826065,11288.653,DOS-TCP_FLOOD
20.088253,5.55685,64.04147,18772.287,0.030894626,-0.009070971,-0.028240353,0.01117144,-0.011739295,0.009827864,0.036400337,0.055966973,-0.20107025,0.5885517,0.003488604,0.105692,0.0010175816,0.011727804,0.0050086854,-0.018107425,0.006419532,-0.012467167,0.9992793,-0.0011209399,-0.013315533,0.021785885,0.021257337,-0.0284803,1.0382588,0.98505867,8706.784,60.461174,250.84068,71.86933,39.3946,74.52402,0.00016606224,100.440994,4987.8237,DOS-TCP_FLOOD
21.775557,5.9516845,63.835197,18284.525,0.008581326,-0.0034082797,-0.017673431,0.008525885,0.0045431857,-0.0021633278,0.01431822,1.0524794,-0.27004147,-0.031788845,0.009422003,0.1194561,-0.0015870888,0.006856532,0.00245417,0.0027846312,-0.004828484,-0.0121616,1.0362725,0.0054457886,-0.027292164,-0.010004764,0.003948747,-0.0048282836,1.023608,1.0084347,7013.246,61.280098,342.87915,62.162907,51.184967,54.406025,0.00019970327,103.49168,6875.1147,DOS-TCP_FLOOD
20.168472,5.919108,63.077305,11779.355,-0.0023525767,0.0035961678,-0.0019926275,-0.0007249973,0.04016147,-0.021003217,0.0069488166,0.73782635,0.43192405,0.019844893,-0.11242486,0.114068344,0.11682167,0.0053664297,0.038261656,-0.03278209,0.0074499003,-0.01913859,1.0148993,0.0032245961,0.00709573,0.03988691,-0.03297834,-0.022580102,1.0044014,0.99226016,5095.437,59.372654,57.125168,57.71878,-12.082638,90.27403,-3.403997e-05,99.76373,4758.024,DOS-TCP_FLOOD
20.796701,5.196499,64.20228,18730.982,0.009986878,-0.00097081804,-0.03778191,-0.0030209308,0.040490206,0.009922245,0.03359202,0.49726415,0.22865239,0.00041337684,-0.02745636,0.13807549,0.0059148218,0.014951734,0.024393314,-0.035844103,-0.005563544,0.010775243,1.0375732,-0.04424108,0.041595515,0.022138825,-0.00862921,-0.05345425,1.0093143,0.975173,7150.272,60.037132,699.26715,105.191925,169.23575,130.95024,0.00031267738,102.75753,78622.18,DOS-TCP_FLOOD
21.345709,4.6237936,64.25434,21488.338,-0.019215992,0.012431812,-0.028421124,-0.004451044,0.03859233,-0.007207193,-0.018294724,3.5212932,0.22859362,-0.11046867,0.04320904,0.035753503,0.28197262,0.0007700408,0.022336653,-0.013194613,-0.02055619,-0.014472285,1.0542768,-0.015985884,0.02022504,0.008050816,-0.027169382,0.012524765,1.0302402,0.98446405,6884.948,60.6463,600.88074,64.39094,114.07248,99.21148,0.00023074726,100.36264,25753.24,DOS-TCP_FLOOD
17.696087,6.7519264,62.96147,14813.059,-0.018833088,-0.011373922,-0.015611322,0.0030026285,-0.014359862,0.017672943,0.019919684,1.0038453,-0.22518642,0.06703868,0.026428264,0.027263833,0.060629655,0.011057778,0.014674684,-0.0131853875,0.00455325,-0.007668179,0.8890997,0.08188218,-0.0013308763,-0.0028059166,0.03183227,-0.027500402,1.0389355,0.97560847,13550.002,59.585857,459.93518,197.81839,117.09559,194.71753,0.00017272019,94.09111,31083.34,DOS-TCP_FLOOD
19.637556,5.3532424,64.0607,17714.52,-0.009886584,0.0065678568,-0.007673016,0.016305739,-0.009821178,0.0048875115,0.0006557163,0.5466523,0.2815314,-0.038560823,-0.060572512,0.07522184,0.14019215,-0.0023929542,0.026972553,-0.025311563,-0.008431588,-0.020637223,1.010331,-0.00994826,0.02423011,0.020099144,-0.031754516,-0.009789475,1.0205098,0.98149335,4827.757,59.224365,96.19142,54.008514,16.362997,75.91945,6.1142695e-05,101.41931,1265.3264,DOS-TCP_FLOOD
21.037613,5.2397037,64.77638,18235.744,-0.02065113,0.010311166,-0.01776146,0.0053710956,-0.015607538,0.0016493845,0.0116497595,0.90129673,0.34777564,-0.057415646,-0.10635778,0.11389696,0.020093583,0.03440568,-0.0070027076,0.019269938,-0.02951665,-0.027454311,1.0433674,-0.017341841,0.014734592,0.0030938443,-0.0076635783,-0.0026406627,0.98443276,0.9712322,3332.3965,59.270504,298.90265,31.509487,57.607166,47.917706,0.0002849816,102.0383,8485.618,DOS-TCP_FLOOD
20.607119,6.0746875,64.70899,22478.182,-0.006507719,0.005077508,0.009288832,-0.013301305,0.046716593,-0.01219458,0.017078765,1.6596127,-0.020856334,-0.0805528,-0.06844138,0.1498371,-0.006821466,-0.0053140754,0.008800937,-0.007523605,-0.007996198,-0.014846671,1.0274578,0.0058312104,0.0072179195,0.010238703,-0.027441056,-0.052469514,0.99428827,0.98132354,7874.3364,59.53099,404.69965,113.84277,112.6525,109.75325,0.000608331,97.94489,35789.703,DOS-TCP_FLOOD
20.324783,5.62797,64.2272,19763.727,0.047493607,0.002406406,-0.00023494475,-0.0077165337,0.036509983,-0.0050696917,0.0012535951,0.7684125,0.17884813,0.19729443,-0.03843841,0.12788188,-0.008374258,0.013630401,0.011928127,-0.010091713,-0.016934296,-0.020935925,0.9748301,0.0043503637,-0.014293865,0.016392395,-0.027676297,-0.035512745,1.0154943,0.98313653,5261.8965,60.40889,-72.54529,64.8474,-36.94599,59.09523,-5.7507117e-05,97.145836,-20895.688,DOS-TCP_FLOOD
20.88189,4.846108,64.81542,10574.865,0.02105998,0.005593926,-0.014362642,0.027014537,0.0389912,0.02020005,0.07169707,2.8700476,0.15203954,-0.031152286,0.0061249174,0.089236334,0.060111415,0.00940334,0.007176124,-0.022653965,-0.015886383,0.0016470952,1.0336552,-0.049686387,0.017509501,0.005020683,0.008908123,-0.019300388,1.0084693,0.9595343,9917.36,60.17723,1047.8029,137.51372,214.99121,155.51656,0.0003324306,102.40231,91714.64,DOS-TCP_FLOOD
21.54989,4.8703623,75.733246,11585.175,-0.012111579,0.08720174,-0.009627852,0.0008953604,-0.019498713,-0.03693697,0.037218038,-0.05463624,2.0508466,-0.1238641,0.11039576,0.18798767,0.01240351,0.036664028,-0.0061838934,0.015369627,-0.011441972,-0.046711832,1.0435426,-0.04554585,-0.013442997,0.00015678699,-0.030649684,-0.04917579,1.0007105,0.97697264,5776.2344,59.265934,132.75305,73.54966,10.77001,52.903507,0.0006007191,96.24555,6999.7876,DOS-TCP_FLOOD
18.845043,6.751169,65.00906,11993.148,0.008345935,0.00019709021,-0.015390754,0.011811108,-0.02110574,0.010324571,0.017458508,-0.22858381,0.04673829,0.023301791,-0.06698412,0.07744132,-0.0045082327,0.007650046,0.0076604164,0.0053700292,-0.008891177,0.00453854,0.9253535,0.070885554,-0.008521547,-0.0038247043,0.0012794696,-0.024981067,1.0361373,1.0003641,9250.784,59.54669,171.47337,93.24241,27.189346,94.40449,0.00018227664,98.48766,6485.586,DOS-TCP_FLOOD
18.96831,5.791168,64.2939,12769.428,0.0229633,-0.004143977,-0.026890906,0.0238213,-0.08491437,0.04265064,0.05735799,0.7165977,0.109213844,0.40050244,-0.059758343,0.06252991,0.035701036,0.020360706,-0.019838724,-0.02871859,0.00943595,0.0014031539,0.9883684,0.053246126,0.066008046,0.02752865,-0.015426111,-0.050467342,1.0234381,0.9564675,9684.844,60.329437,1077.8279,114.24626,202.84674,129.22693,0.0029037525,104.69752,86758.87,DOS-TCP_FLOOD
18.834064,6.1891565,63.63931,21648.984,0.009471596,-0.0027454554,0.022770338,0.005724431,-0.009578675,0.020428149,0.026350075,-0.45170295,0.021536497,0.011793896,0.020979906,0.08869642,-0.0019077429,0.02697596,0.02707919,-0.0027096597,-0.01074579,-0.008687069,0.94597125,0.040678993,-0.024085408,0.010722809,0.008525009,-0.028088233,1.0233872,0.9694197,6985.5107,59.70681,39.684464,70.10843,2.6828518,76.24704,0.00013474881,97.49406,-523.3523,DOS-TCP_FLOOD
19.696499,5.688924,61.568157,19127.426,-0.0071987133,0.003362116,0.026716406,0.004246344,0.055960327,0.024231311,0.0078640105,0.67902505,0.16232282,-0.022845743,-0.016491633,0.115252495,0.0117432615,-0.010628443,0.0034447154,-0.011999997,0.017856322,-0.022675993,0.96085954,-0.015695984,-0.0053518615,0.041578557,0.009770905,-0.031777017,0.98441434,0.9458409,6579.9644,59.720005,59.1364,49.78785,20.071676,63.8163,0.00015457961,93.978455,-6480.6494,DOS-TCP_FLOOD
21.036446,5.4723763,65.95925,21647.283,0.0535264,-0.003908193,-0.011162929,0.0020189912,0.089748785,0.0043276306,0.019472906,5.014211,0.12685733,1.0860605,-0.04666441,0.09586218,0.16545604,0.016844377,0.006134454,-0.037905145,-0.007796911,-0.019006876,1.0050234,0.013634919,-0.004131568,0.034593523,-0.0073094894,-0.0009909179,1.0078776,0.99076355,4532.993,59.747955,126.81011,56.436325,15.950529,46.63438,-4.751612e-05,97.267365,-1626.0117,DOS-TCP_FLOOD
17.859148,6.9532566,64.945816,27201.78,0.031145958,-0.0035864857,-0.021427294,0.0032252192,-0.08394069,0.0026357658,0.03715629,-1.1251426,-0.13493443,0.10658547,-0.07779747,0.047803335,-0.010576822,0.0040267687,0.020805428,-0.017220084,-0.0077745803,-0.016061844,0.9050402,0.11387575,-0.011498035,-0.0054035103,-0.01251235,-0.048252597,1.0398892,0.99444556,9273.534,58.917637,123.328285,105.33139,17.213703,82.67039,0.00011898636,99.70097,-57.50409,DOS-TCP_FLOOD
20.51902,5.3492045,62.424397,11909.19,0.034489952,0.011859807,-0.017788019,0.018819375,0.0035273554,-0.013129262,0.017259452,0.09695333,0.57659394,0.1754231,-0.11881061,0.14426732,0.004787598,0.03536019,0.030794973,-0.009281057,-0.002471062,-0.025966771,0.9720316,0.009157066,0.0044809305,0.036081523,-0.014679262,-0.03608548,0.98861927,0.9752647,4697.2524,59.576775,16.978622,36.451378,-7.4725876,52.204224,0.0018593158,98.10289,-5796.3804,DOS-TCP_FLOOD
21.24368,4.3378944,62.6607,13930.471,0.031978767,0.004195047,-0.0134163825,0.049448974,0.055069886,0.010955679,0.06470847,0.60308063,0.14127733,0.13625625,-0.081116796,0.1552874,0.0036427935,0.0069523975,0.019250879,-0.005760002,0.010353619,-0.020917337,1.0349565,-0.06316765,-0.038594678,0.02010789,0.030588858,-0.019086212,1.0136356,0.97152686,6337.968,60.429577,139.73163,38.191147,27.03164,53.639675,0.00010888367,99.68846,6056.5537,DOS-TCP_FLOOD
21.528406,5.2949233,65.13181,22716.086,0.02608433,0.009198307,-0.039582964,-0.0033489864,0.028102716,-0.014631715,0.014450148,2.5984015,0.42575446,0.11930546,-0.07350473,0.0876973,0.07702864,0.019294223,0.026481777,-0.022430979,0.013372071,0.007820385,1.0357014,0.013380826,0.024107939,0.026881138,-0.031869296,-0.042541318,1.0057869,0.9965397,5478.1465,59.712307,420.6373,44.903564,40.832516,56.80655,0.00015650914,102.10908,7334.4414,DOS-TCP_FLOOD
20.305305,5.2148457,63.177063,9572.74,0.0020605791,0.00130238,0.0003296812,0.045743745,0.04468856,0.005317198,0.03139335,0.76397145,0.20925117,-0.03680251,-0.057084147,0.15207113,0.008224087,0.026464825,0.014002889,-0.0053953007,0.02233237,-0.010349554,1.0278462,-0.041503664,-0.020749204,0.036976784,0.011970172,-0.017990243,0.9872073,0.9644922,6684.766,59.97146,172.56384,49.09129,51.680363,69.232544,0.0011615624,98.49567,4319.352,DOS-TCP_FLOOD
18.765512,6.1437297,63.23942,10796.612,0.0035143737,-0.0018715517,-0.0014646561,0.0043910188,-0.029151237,0.005038989,0.03658074,-0.25228274,0.17941839,-0.011408626,-0.091104224,0.15196295,-0.014624575,0.02241338,0.015106287,-0.010414868,-0.011932925,-0.025815472,0.9340147,0.02480087,0.019892676,0.027536556,-0.015556487,-0.044489436,0.9997674,0.9644147,7431.316,59.41115,203.29489,71.59395,49.325817,83.92007,0.0020812585,98.657845,9922.066,DOS-TCP_FLOOD
21.58171,5.6385174,64.00145,9573.994,0.012598828,0.0079247905,0.013952039,0.02894176,0.1671697,-0.005475278,0.013185887,15.196737,0.079374805,0.21222633,0.33068183,0.15042594,0.019915242,0.0071040583,-0.008670179,-0.015172936,0.009159971,-0.009227636,1.0054567,-0.025279235,-0.005837026,0.018472485,-0.0011703884,0.019714788,1.0017304,0.99882865,5434.8594,60.129726,66.441345,21.153656,8.5428,35.55928,-0.00017043865,97.237495,-5138.135,DOS-TCP_FLOOD
20.067278,5.6391735,64.04213,17631.32,0.017774133,0.00037531927,-0.012077615,0.0067500793,-0.010029117,0.022594733,0.026127748,-0.30027533,0.16029266,0.09452723,-0.03379008,0.06027924,0.005996888,0.010622227,0.028589953,-0.00986373,-0.0062836497,-0.017717525,1.0166361,-0.004640612,-0.010760972,0.0137073565,-0.0055069197,-0.010704807,1.0270094,0.9668033,6489.0806,59.99002,80.56683,74.08968,11.532205,86.79193,4.0626182e-05,98.63414,-372.8463,DOS-TCP_FLOOD
19.49641,5.3833284,64.195496,14237.561,0.02086684,-0.010344048,0.11216374,0.03216936,0.08927029,0.0027439063,0.030149821,1.9509239,-0.3308244,0.034867212,2.2104905,0.08730702,0.000502212,-0.027490359,0.00052555,-0.026048679,0.0026942696,0.0032964675,0.9869679,-0.02749501,-0.033902027,0.018494027,0.03157819,0.014110373,1.024614,0.9823055,9442.346,59.135536,100.19066,77.393295,20.059793,75.5105,-0.00041082653,92.857376,4563.168,DOS-TCP_FLOOD
20.447132,5.9719863,71.151505,17128.629,0.04497215,0.0067297304,-0.015184162,0.006202026,-0.015558591,-0.012851188,0.035361007,-0.17916203,0.44430587,0.65061474,-0.008577573,0.09702875,0.0029691064,0.022535427,0.011485688,-0.001434274,-0.014455318,-0.036089543,1.0091338,-0.004114173,0.0026900624,0.01741049,-0.027984483,-0.02722568,1.003988,0.98929465,7099.96,59.70665,93.66222,93.80592,6.9449654,126.73924,-9.010779e-06,100.426285,3524.678,DOS-TCP_FLOOD
19.098759,6.2543097,63.67393,25615.12,-0.020292105,0.0050263335,0.005683906,0.0051384587,-0.00010993332,0.027406763,0.0061989343,-0.16274524,-0.09983407,-0.011979313,0.050581194,0.018170983,0.124963365,0.014789823,0.017962452,0.016595528,-0.026656372,0.011117918,0.9158513,0.06542827,0.00651923,-0.004536975,0.031143708,-0.020662371,1.0303907,0.99086225,8998.357,59.806175,701.7313,107.35412,142.37724,131.96594,0.0003568076,94.72487,49603.605,DOS-TCP_FLOOD
17.18761,6.4846687,59.312675,7524.166,0.0017762929,0.0023078425,-0.010181559,0.013855598,-0.022979116,0.033683468,0.051999785,0.06348264,-0.1810846,0.41682875,0.16723946,0.1042794,0.045687027,0.011086854,0.00077287666,-0.029451162,0.029787665,0.016538199,0.87295955,0.07297487,0.013531622,0.023524316,0.0132007785,-0.0274645,1.0038855,0.9467883,9424.12,59.285786,350.0526,74.27783,88.89962,87.74024,0.0003708313,93.41942,16269.182,DOS-TCP_FLOOD
19.372269,5.778906,63.189156,22101.053,0.025465485,0.00062135607,-0.005712514,0.002027008,-0.014708523,0.011078216,0.043216527,-0.15944827,0.22353119,0.029906478,-0.09272859,0.101288415,-0.0026219268,-0.0007604249,0.025576346,-0.019213952,-0.013035366,-0.0071792067,0.9807571,0.013695023,-0.014434267,0.0045739217,-0.012977196,-0.029654697,1.0303323,0.96240425,6610.344,59.750042,98.06195,60.85324,14.379598,71.07411,0.0001458055,99.678314,6420.377,DOS-TCP_FLOOD
19.122063,5.751334,63.121754,11037.225,0.02073774,-0.017449558,0.025320211,0.005858943,0.047930658,0.015315698,0.0004983996,0.5842298,-0.40453315,0.02466914,0.08393795,0.14065747,-0.029013265,-0.0059110485,-0.007621906,-0.011284523,0.032441378,-0.020982007,0.9694825,0.019929145,-0.023723936,0.038303036,0.011653145,0.008455183,1.0190365,0.9752946,7889.9116,60.25451,-22.195602,75.0011,-13.046955,71.86962,0.00012119262,96.31674,-11412.721,DOS-TCP_FLOOD
17.399855,7.3720627,63.421276,16447.49,0.007520122,0.018445702,0.008936528,-0.0052627632,-0.076247044,0.016301362,0.014643621,-1.0190544,0.3655368,-0.010406365,-0.06869688,0.06965674,-0.023207922,0.022632066,0.017087579,0.0059211766,-0.019770693,-0.031205311,0.8995406,0.099498525,-0.007212023,-0.032050636,-0.025305627,-0.026881613,1.0323387,0.9939301,8490.569,59.57414,115.777176,81.29303,26.94479,72.43292,0.00021427937,97.52099,6112.4985,DOS-TCP_FLOOD
19.140066,6.0393996,64.20665,11321.896,0.012880314,-0.0013348757,-0.01148206,0.016821695,-0.03552647,0.015594623,0.040694207,-0.7376144,0.053496998,0.051735766,-0.034128487,0.088299446,0.004164615,0.008614132,0.03249821,-0.0060641626,-0.012491787,-0.0033776928,0.973997,0.026347114,-0.033646267,0.014913223,0.0032219896,-0.022042524,1.0365549,0.97563857,8068.1943,60.12389,110.86649,93.79433,20.328949,105.232574,6.1258586e-05,98.629234,3996.05,DOS-TCP_FLOOD
20.650164,4.6541443,64.23824,32581.434,0.00089341775,0.0026079738,-0.004968054,0.0219409,0.054858968,0.030818146,0.017310344,0.11496931,-0.08046504,-0.004873723,0.35266018,0.10588206,0.16772103,-0.010842736,0.016904382,-0.017124914,0.003939718,0.021656146,1.0336744,-0.048109908,-0.02722101,-0.007777868,0.052203093,-0.008325511,1.0281078,0.991479,11840.666,59.148758,616.8642,200.13165,198.9057,212.45123,-2.5460598e-05,98.14963,96655.72,DOS-TCP_FLOOD
18.01387,6.1671762,65.4594,13320.162,0.003386708,0.014020619,0.0030811015,0.018458745,-0.046092816,-0.009998193,0.020057943,-0.1395551,0.4785337,0.097158216,0.76117074,-0.011895326,0.05268808,0.014172018,0.0033985823,-0.025454294,-0.0027177879,0.010896198,0.94753426,0.02284269,-0.014607477,-0.019297075,0.03292269,-0.0070428564,1.0447452,1.0108879,11084.806,59.983715,211.23979,117.1811,37.954132,133.1748,0.00012980128,99.12054,12131.263,DOS-TCP_FLOOD
19.984282,5.414911,67.48012,22412.684,0.0065092184,0.0017173957,0.013746329,-0.009566478,0.02445272,-0.0049651065,0.013242915,0.09958631,0.17848022,-0.014063677,0.105305925,0.10689565,0.0062034684,-0.008738706,0.021600714,-0.01008775,-0.00809655,-0.009674625,1.0105271,-0.006135026,0.0075473282,0.020413958,-0.02584429,-0.04655756,1.0420055,0.9846521,5459.882,60.081623,-16.338577,68.94313,-43.22817,62.186775,-4.2418178e-05,97.052414,-18573.078,DOS-TCP_FLOOD
19.529602,6.464406,63.777275,7735.791,0.0132687185,0.0041782907,-8.322531e-05,0.009789647,0.02607939,-0.017224876,-0.016497023,0.032001734,0.061857425,0.05092878,-0.0017788261,0.096352786,-0.0046860087,0.017207442,0.020604316,0.011171032,0.006626211,-0.009765931,0.98028636,0.0010088682,-0.02898617,0.006113752,-0.025734818,0.01691598,1.0250622,0.9960219,7846.522,60.34818,17.62262,65.82985,1.9772558,79.33428,0.00015461192,96.15845,1952.0432,DOS-TCP_FLOOD
20.768616,5.0290647,63.98783,21939.723,0.0034145825,-0.00041099265,-0.032221634,0.014880943,0.014637774,-0.0030831515,-0.0037920894,0.28031558,0.09563688,-0.038875498,-0.067082055,0.103111446,0.052995402,-0.00054530334,0.016701806,-0.019059585,0.012310142,-0.040509507,1.0242016,-0.031339116,0.0004132744,0.0325765,-0.0052136416,0.008375886,1.0198132,0.9882555,7940.7607,60.142746,68.638885,50.19033,8.190173,65.14758,0.00014837571,100.84047,1109.4707,DOS-TCP_FLOOD
20.859568,6.033661,63.914104,13260.791,-0.0016658008,-0.0010775923,-0.0051395944,-0.013105911,0.020653535,-0.016744576,0.013866348,0.31451344,-0.07678507,-0.10145295,-0.076176696,0.1767318,-0.019375049,0.004047854,0.01710564,-0.002606865,0.002042544,-0.016912187,1.0355786,-0.010167563,0.003161286,0.008899725,-0.02579483,-0.025583174,1.0252122,0.9790217,6722.736,60.062283,89.9303,71.98346,31.685703,69.3333,0.00031851992,100.41005,7401.6123,DOS-TCP_FLOOD
18.146994,6.590279,63.7374,25284.465,-0.019088447,0.004711999,0.009411251,0.0149349915,-0.016221493,0.03001596,-0.0071905316,-0.108472586,0.22771187,0.006365683,0.006760452,0.051343884,0.024262266,0.013722971,0.020272804,0.0067703333,-0.004726951,-0.0006090384,0.9365795,0.044834495,-0.0032690936,0.00013097422,0.0029282365,-0.028729476,1.0419718,1.0046172,6671.4355,59.7265,20.293701,71.18791,-11.222689,89.72163,0.00018412061,98.65869,-161.54584,DOS-TCP_FLOOD
20.711279,5.2861385,66.16114,19207.445,0.023601575,0.002345207,-0.02820015,0.0019163055,0.01585102,-0.0014487014,0.02120224,-0.088109255,0.3447352,0.07980936,-0.04480524,0.11044392,0.0038865234,0.01619613,0.026208408,-0.029407108,-0.01161937,-0.017809656,1.0209434,-0.020188812,-0.013805171,0.01735097,-0.02044616,-0.025153287,1.0082974,0.9725928,6246.3774,60.601387,41.046967,70.783844,-7.570204,62.631256,-1.1513461e-05,100.137436,-6549.5996,DOS-TCP_FLOOD
19.683338,5.479507,67.65918,18294.71,-0.016573254,0.0067544514,0.043986917,-0.00753558,0.00013881549,-0.027706675,-0.00124729,-1.059442,-0.02124354,-0.06312196,0.6097511,0.1347903,0.008243855,-0.0030259276,0.01908383,0.0140823815,0.0015170081,-0.0049211504,1.0456611,-0.008295609,-0.032961734,0.009508652,-0.017410018,-0.021765549,1.0266019,0.983568,7505.8823,59.582912,86.96895,91.5627,19.93713,81.66446,7.464331e-05,98.26197,4325.4087,DOS-TCP_FLOOD
19.925472,5.157955,66.49416,31207.19,-0.02859083,0.018816806,-0.025825795,0.014410637,0.011003666,0.011972008,0.043370515,0.32409793,0.5091003,-0.028965723,-0.08011546,0.036509816,0.08524908,-0.0018315762,0.0058471784,-0.0097938385,-0.006287375,0.018371768,0.9913446,-0.02250724,0.008681092,-0.014844225,0.01809005,-0.04879328,1.0236512,0.9837111,6399.4824,59.75789,165.12556,53.200745,21.448334,55.83761,6.232047e-06,99.94476,1950.4849,DOS-TCP_FLOOD
19.946459,5.978194,64.21302,15549.791,0.0070840023,0.0037333847,-0.0320444,0.0013752467,-0.0034574792,-0.0030647416,0.0019102986,-0.39908016,0.056234635,-0.0022460334,-0.051107556,0.08204977,-0.008928038,0.009111803,0.024279997,0.00023573637,-0.008160222,-0.00909374,0.9889986,0.0008237735,-0.00917846,0.0077378266,0.004201783,-0.011808089,1.032952,0.99307454,8394.286,60.64211,141.20311,73.88083,21.772133,88.33734,0.00017196554,98.76702,3212.95,DOS-TCP_FLOOD
19.732244,5.3110394,63.87091,12110.32,0.006586723,0.008783228,-0.014505068,0.018415196,-0.055345215,0.016395038,0.052933503,0.15834266,0.085576266,0.15493205,-0.0025037117,0.05868251,0.012477288,0.020544587,-0.00022585038,-0.028115623,-0.018945977,-0.026996203,0.97797,-0.007044897,-0.009264735,-0.014486657,0.010685589,-0.001645172,1.0299271,0.9726471,6699.102,60.65473,328.44574,61.012184,56.646015,78.83048,1.3366822e-05,101.06654,8707.512,DOS-TCP_FLOOD
19.311806,6.033437,66.36185,17716.61,0.012058633,0.009336143,-0.044235103,0.012931771,-0.011171952,0.00040706072,0.03975641,-0.58678067,0.31699044,0.022114972,-0.0058477,0.0667379,0.007114695,0.001839581,0.022895377,-0.01996346,-0.01284563,0.0031106593,0.9566174,0.028668676,-0.020966677,-0.01006513,0.009997696,-0.035744093,1.0302473,0.9911755,7415.218,59.283382,91.84561,73.740166,0.5603447,70.927345,-9.15039e-07,96.579666,-2191.6873,DOS-TCP_FLOOD
20.84036,5.140777,63.76654,7426.3193,0.004451247,0.008528281,0.00097821,0.018018534,0.0731228,-0.010387301,0.013903288,2.2114162,0.34526795,-0.008476152,0.02525857,0.099512,0.064555906,-0.0061019417,-0.0012169452,-0.03224201,0.019816587,0.00096292235,1.0153022,-0.062448714,0.0015466893,0.016539076,-8.830335e-05,0.0061128195,1.0164855,0.9882512,7499.6865,59.810207,115.62684,26.712608,23.20506,51.85549,-9.89932e-05,97.89923,6907.578,DOS-TCP_FLOOD
21.552498,5.065404,65.52704,15665.221,-0.008487673,0.010109425,-0.016768849,0.013071573,-0.022855693,0.012645548,0.012386563,-0.07315588,0.47440928,0.051232334,-0.096808404,0.0872226,0.08261513,-0.0067924755,0.03265386,0.011000302,-0.008228311,0.006209663,1.1003712,-0.028335776,0.01105981,0.017233396,-0.04115997,-0.017491527,1.0251803,0.98369926,6453.2944,60.353302,180.55937,86.10881,14.527433,112.8725,0.00010141729,105.39106,2466.931,DOS-TCP_FLOOD
20.950533,5.259149,63.818256,15431.156,-0.009566517,0.043965813,-0.009333717,0.009611976,-0.021687439,0.015569344,0.02794895,-0.19329989,1.2944777,0.010204072,-0.058283996,0.11093896,0.008474939,0.008960994,0.0149775,-0.0011770613,-0.025148898,-0.0012379512,1.0206866,-0.021859707,0.013274865,-0.00053802156,-0.018869115,-0.063117266,1.0314643,0.99281657,5667.879,59.821518,51.249573,69.39701,-11.8216,85.79947,9.4839605e-05,100.50065,-857.6519,DOS-TCP_FLOOD
18.103268,6.502489,68.71895,24640.049,-0.0027417485,-9.815022e-05,-0.017162671,0.01025483,-0.033559322,-0.014628174,0.047752913,-0.65683687,-0.1985398,-0.01163287,0.020058539,0.05446169,0.0038020306,0.0008317968,0.0031465152,0.0016767485,-0.0013952143,-0.0030082325,0.92379296,0.072446465,-0.04712556,-0.0010185572,0.016363768,-0.031296045,1.0406004,0.9847393,10223.336,59.147438,145.93802,110.356606,28.587957,98.97889,0.0001070134,96.29938,7861.702,DOS-TCP_FLOOD
22.183777,4.9144535,63.04925,14063.988,0.0051456597,0.0050241095,0.023569081,0.0042540217,0.077836774,0.007793084,0.013303308,0.795378,0.35928383,-0.04437672,-0.040818658,0.18829152,0.0036188585,0.021397881,0.017623601,-0.0050789677,0.017421823,-0.0023270352,1.0690427,-0.061075028,-0.007148956,0.034120396,0.00015492085,-0.015458517,0.9948311,0.9687687,1465.8794,59.692497,234.22733,35.42553,83.718636,55.677284,0.00035340863,100.55312,26994.137,DOS-TCP_FLOOD
19.116282,5.2930365,64.01384,11089.893,0.013693439,0.007703937,-0.03115439,0.003614472,-0.033840172,0.011654002,0.029422615,1.1821702,0.22710325,-0.05926566,-0.056097545,0.008244011,0.30381003,0.022962587,-0.0020188186,-0.008274288,-0.007558353,-0.0008236896,0.9753078,0.056593165,0.043481946,0.020192217,-0.034279857,-0.030515198,1.0201805,0.9578391,7876.176,59.420303,844.99677,79.304436,107.69076,68.51235,0.0023536496,100.10472,17136.143,DOS-TCP_FLOOD
20.745262,4.630911,61.578434,15421.701,0.028476417,0.0043731523,-0.016492547,-0.006864659,-0.022728754,0.030653479,0.007853994,-0.35939384,0.39288527,0.17562523,-0.030932922,0.10658566,0.0045007337,0.017209556,0.014768867,-0.04793118,-0.018225603,-0.01300304,1.0480105,-0.02118941,0.007037802,0.0077784583,-0.017225305,-0.016771607,1.0195794,0.9780477,4288.9297,60.055103,-40.364044,46.602142,-2.1030807,80.30237,-5.911551e-05,102.32939,-7744.8286,DOS-TCP_FLOOD
19.77304,5.7080603,64.82155,10709.258,-0.007624551,0.009612796,-0.013397314,0.0108884415,0.021581564,0.0019767992,0.02258699,0.44435298,0.19667497,-0.017260216,-0.0396267,0.09885749,0.008306536,0.004709102,0.023111945,-0.0073920744,-0.010209131,0.009445785,1.0044954,-0.010683887,-0.022969656,-0.0019089982,0.005022334,-0.004106108,1.0244788,0.9836978,8371.842,60.362038,260.93396,108.91898,52.892746,113.401344,7.347524e-06,98.00216,12737.989,DOS-TCP_FLOOD
19.541283,5.475869,64.357765,13414.404,-0.0021419954,0.00883945,-0.017029818,0.017799908,0.011937315,0.030326212,0.033048283,0.6532303,0.20442083,0.013627222,0.018881647,0.0043350365,0.18663484,0.001394907,-0.010569882,-0.04077051,-0.007121523,0.00606345,0.96571106,-0.0089306105,-0.0010551373,-0.00827405,0.032303836,-0.01794374,1.0347868,0.97984254,11102.26,60.165855,474.90656,148.92198,114.98042,162.06754,0.00015836283,98.26928,39841.65,DOS-TCP_FLOOD
18.488625,6.244956,62.853428,16929.23,0.00978128,0.00432101,-0.007743908,0.0076663257,-0.038483046,0.0108785145,0.037076417,-0.6677612,0.055212118,0.022327295,-0.038730826,0.07486447,-0.0038123212,0.0014226977,0.029380232,-0.01776617,-0.009834435,-0.021117097,0.94362473,0.03141485,-0.0256581,0.01414813,0.019064689,-0.029283043,1.0083221,0.9624904,7850.967,60.080467,112.69109,68.72791,21.132908,83.707886,0.00020349317,99.13036,4209.0474,DOS-TCP_FLOOD
19.59068,6.5315475,63.886623,12276.338,-0.008732918,0.004897294,-0.0104998285,0.007000038,-0.00081019197,-0.006985669,0.004764416,0.33866912,0.16674496,0.0013015606,0.011198017,0.035276726,0.012157864,0.0083738,0.022367314,-0.005303067,0.008227475,-0.030649904,0.9697098,0.000528384,-0.036274906,0.0043269014,0.0240364,0.00066435896,1.0271016,0.9786234,9220.246,62.51816,87.960754,87.74199,17.110579,91.55073,0.00022923798,98.15362,-742.92474,DOS-TCP_FLOOD
21.474052,4.5884104,63.952965,11888.105,0.049445048,0.011970687,-0.036619708,0.00408528,-0.0043768883,0.0037470534,0.007565303,0.6075921,0.6648632,0.12723713,-0.14665917,0.14613976,0.04445581,0.020090856,0.021682777,-0.021785531,-0.0044824253,0.013613587,1.0297858,-0.037244197,0.031369455,0.033830103,-0.011958591,-0.044182822,1.0157497,0.9768088,5768.1567,59.47391,83.52753,78.84727,6.7915726,96.76132,0.0019396425,103.42221,3951.1736,DOS-TCP_FLOOD
20.767826,5.0715313,64.04167,17588.494,0.021859976,-0.00073134893,-0.0048867706,0.00502576,0.034367986,-0.013415878,0.015245835,2.6105201,0.1355727,0.068842426,-0.023928422,0.12629652,0.02692883,-0.010238131,-0.001800321,-0.045348793,0.01707796,-0.022347344,1.0324492,-0.01182371,0.013470706,0.051555637,-0.0028154254,0.0056649186,1.0114782,0.9809043,4911.9155,59.650513,233.6987,39.28469,34.991196,43.33707,9.20427e-05,99.88231,6550.8003,DOS-TCP_FLOOD
19.394487,5.819305,63.85348,27682.14,0.0022741128,0.0012327953,0.0063798437,0.012663568,-0.014250455,-0.006904333,0.013197821,-0.7195054,0.18441197,-0.0023091398,0.20388317,0.042701308,0.13993062,0.003037015,0.016553357,-0.036580816,0.0022028713,-0.014908384,0.98906046,0.016474914,-0.00036999816,0.007831335,0.006276183,-0.0008076057,1.0357325,0.9911741,6472.023,59.555992,-22.773422,58.44225,-7.860718,72.276115,3.4741242e-07,99.11549,-4006.9392,DOS-TCP_FLOOD
19.942043,5.429234,64.650375,24916.025,-0.025723778,0.027711088,0.030011725,0.0069251405,-0.03855525,0.028286958,0.017385222,1.0419662,0.61177707,0.08984082,-0.013304537,0.00992542,0.022407107,0.022511715,0.026518162,-0.0072801015,-0.007982872,0.02614459,1.0047252,-0.013638954,0.0557906,-0.015716108,-0.017849576,-0.06264849,1.0441993,0.9810863,4319.694,59.594475,574.0348,47.867767,98.07464,70.33054,0.00031340876,106.75593,28062.875,DOS-TCP_FLOOD
19.172394,5.707456,67.12125,16000.436,-0.0062498543,0.011854543,-0.029507373,0.0076894113,-0.0432339,-0.0030396564,0.0117896395,-0.5571383,0.1561069,0.041027367,-0.010606571,0.03150428,0.10676693,0.013607105,0.017138246,0.013449213,-0.011829455,-0.009446143,0.97992396,0.031801123,-0.0074846675,-0.007974109,0.0078723105,-0.012420862,1.0442953,0.9924935,8824.633,59.73564,240.97418,93.38981,43.390152,99.39297,0.00032561188,98.3695,5762.4663,DOS-TCP_FLOOD
22.363531,5.5965595,64.37363,11634.406,0.018795704,0.008970073,-0.013638807,0.0063000093,0.09601748,-0.023318844,0.012162985,6.5061984,0.2296366,0.12413409,-0.0065727346,0.17911272,0.006497466,0.009635141,-0.0019457098,-0.026810227,0.0019397074,-0.021458762,1.0504248,-0.03838396,-0.009285698,-0.00019152532,-0.010615055,0.0005256571,1.0118079,1.0031552,4522.97,60.836308,186.11975,28.331001,31.782875,53.48767,5.0115676e-05,99.60173,5672.7695,DOS-TCP_FLOOD
19.81353,5.699339,63.079647,17560.566,-0.0066132657,0.0007754601,0.016323352,0.0009812618,-0.020042703,0.032938786,0.0055519515,-0.3102913,0.08291173,-0.031311106,-0.08138536,0.13597089,-0.011873972,-0.0045119645,2.2393651e-05,0.010032904,-0.0064836675,-0.0026159035,1.0173799,-0.013727232,-0.015381085,6.384333e-05,-0.012653171,-0.017640922,1.0409462,0.9778407,5477.717,59.639565,79.34598,85.715324,19.552813,96.75758,0.0002286184,100.66059,1408.2554,DOS-TCP_FLOOD
20.296896,5.293488,64.69186,12944.879,0.04364114,0.008089271,-0.0070151873,0.008005114,0.006041141,0.0016855629,0.03057608,0.09654778,0.24530543,0.30593926,-0.047487006,0.13163956,0.00034386106,0.025536958,0.027917055,0.017967168,0.0041933823,-0.030562356,1.018499,-0.019910369,0.0027631968,0.011013862,-0.030437555,-0.034846947,1.0058365,0.9717189,6218.08,59.769226,154.33826,51.335354,33.823475,58.439056,0.00029435416,99.04475,3217.4187,DOS-TCP_FLOOD
20.020657,5.616688,64.18654,21391.8,0.004842812,0.0007814131,-0.008491127,0.006695376,0.028786117,-0.003839272,0.03561534,-0.13342083,0.08377719,-0.027048217,-0.06081743,0.119985536,0.0062583075,0.026521944,0.021817178,-0.0041273935,-0.012602763,-0.022039229,0.9959928,-0.00063062087,-0.020374894,0.012748651,-0.0075047133,-0.038601577,0.99323267,0.9781259,5961.813,59.70234,127.78828,57.895443,31.669586,59.383915,0.000111214315,98.02979,-1781.1533,DOS-TCP_FLOOD
20.160757,5.5820975,64.42209,21096.857,0.015846645,-0.0011962688,-0.014560051,0.014565552,-0.009074634,-0.005920108,0.047591403,-0.03947723,0.058126483,-0.0150554795,-0.054242346,0.08709568,0.0021352686,-0.004753992,0.026604703,-0.009438306,-0.0073782816,-0.013076283,1.0173084,-0.0022299774,-0.047476966,0.007384378,-0.0076420507,-0.009207417,1.0289905,0.97303694,7935.5337,60.068836,117.86159,75.05989,24.445055,76.99719,-8.777411e-05,100.052284,4305.67,DOS-TCP_FLOOD
19.553022,6.4772515,64.45299,17657.031,0.03195291,0.0060473084,-0.013572723,0.0030965891,0.016940478,0.0031807409,0.031307425,-0.42968225,0.12427215,0.06554107,0.022527156,0.113066144,0.00203368,-0.0023934757,0.020572633,-0.0145251565,-0.02992487,-0.011226012,0.9416727,0.02306599,-0.025627378,0.0022321742,0.010338229,-0.021450222,1.031748,0.9915224,7996.8164,59.496822,60.349503,61.465057,-7.2888794,66.128105,-0.0001885243,94.584564,-1394.6248,DOS-TCP_FLOOD
21.51653,5.847049,68.24634,14347.051,-0.019133123,0.006543252,-0.038154643,-0.009260087,0.028341178,-0.005840694,-0.022877634,0.7452081,0.06626317,0.0076263766,-0.111095466,0.13796946,0.010478447,0.020695824,0.044163607,0.008084997,-0.005645326,0.0029598828,1.0328571,-0.0072853905,0.009773277,0.0035822066,-0.008140955,-0.037848394,1.0003186,1.0025802,5540.995,60.6968,72.277115,64.30291,15.614811,76.07955,0.00057554065,100.71294,2708.7136,DOS-TCP_FLOOD
19.550983,5.461958,74.948685,14560.176,-0.015414838,0.0061979988,-0.027385805,-0.004540035,-0.04472082,-0.006423444,0.0035835593,1.0274112,0.6189304,-0.029376063,-0.0954153,0.121325254,0.02746206,0.052104346,0.0009978423,-0.028045,0.011124512,0.016576234,0.9920665,0.010693923,0.07214543,-0.019441813,-0.040521875,-0.0690444,0.994262,0.9656611,7357.4062,59.245216,408.0728,102.298546,63.435295,112.39487,0.0027426702,102.18334,5324.509,DOS-TCP_FLOOD
19.219326,5.6153436,64.47609,16774.617,-0.01293578,0.017902909,0.010530181,0.015306394,-0.008736076,0.0030532312,-0.006446438,-0.17695796,0.93350804,-0.010721394,0.02707096,0.09362641,0.008726314,0.02887196,0.032563653,-0.003679772,-0.01940646,0.004039663,0.99522126,-0.004058439,-0.0031710626,-0.009172497,-0.0027344003,-0.030931003,1.0134454,0.98234457,5683.8696,59.490887,128.083,60.31966,27.678486,80.876785,0.00015260662,100.55761,3739.96,DOS-TCP_FLOOD
19.229761,5.5383315,63.18063,14434.988,-0.0009189546,0.08940235,0.0815063,0.009315383,-0.0028459607,0.027780749,-0.03129964,0.42791426,2.6179175,-0.040755913,0.33188796,0.08554736,0.0024938849,0.012045339,-0.00018248335,-0.021959292,0.018149097,0.01827683,1.0265956,-0.022126526,0.002546613,-0.03433486,0.0045351917,-0.018804478,1.020537,0.9724069,5024.3984,59.73823,114.87383,50.372032,25.193233,80.47367,0.0004391857,98.65451,-83.03699,DOS-TCP_FLOOD
21.390406,5.3974037,64.64808,17790.81,-0.008741085,0.008521323,-0.035556685,0.010501702,0.006108407,-0.0025637657,0.020329544,-0.20034885,0.26949126,-0.016058465,-0.10321422,0.13503012,0.0063286247,0.013492174,0.02063947,0.009444569,-0.028386857,-0.005550855,1.0165443,-0.02923321,-0.013847877,-0.007824813,-0.005075559,-0.021689255,1.0269109,0.9995053,5783.6245,60.69374,109.99152,43.635166,12.468868,56.8739,-3.9240942e-05,100.24636,2141.8188,DOS-TCP_FLOOD
19.976683,5.3996353,64.09416,18943.715,-0.020197073,0.0012860222,0.00018742867,-0.002992913,-0.04685329,0.021929,0.038686868,-0.97995687,-0.022218598,-0.026232447,-0.14801097,0.13348986,-0.012891138,-0.00568131,0.029058564,-0.014006168,-0.030783584,0.0040702987,0.9952122,0.0010071918,-0.00024797395,0.021348337,-0.009374096,-0.060138594,1.0201248,0.9486762,5792.7915,59.60644,142.7652,70.23127,27.902454,84.16955,0.00012367629,102.904205,5198.2295,DOS-TCP_FLOOD
20.021833,6.035919,64.191536,15732.957,0.028999142,0.0013957693,-0.0067621144,0.0046125907,0.015410293,0.0017944112,0.03618755,-0.44743133,0.08002904,0.02949165,-0.037615012,0.16206427,-0.0094223125,0.012685907,0.019520389,-0.00482589,-0.006805416,-0.018802896,0.97716755,-0.0084145535,-0.033492118,0.019010203,0.00018705614,-0.031384725,1.0272394,0.98150146,8628.221,59.97051,89.8344,62.274982,8.574431,70.07092,1.683674e-05,98.26397,2393.5012,DOS-TCP_FLOOD
19.089602,6.3504834,64.292404,10148.181,0.021965656,0.0032903224,-0.027881641,0.009757605,-0.039950825,0.013849214,0.023360338,0.16121691,0.25792563,0.20083047,-0.050144013,0.09554155,0.012760765,0.013260756,0.01918339,-0.011398507,-0.01450256,0.009359474,0.94786406,0.03118754,0.0051361485,-0.016060263,0.005590059,-0.032211848,1.0516335,0.9931121,7875.0044,60.441307,129.02739,63.763752,15.657334,94.70243,0.00013414012,100.053345,5694.9424,DOS-TCP_FLOOD
17.906103,6.8371677,64.4523,4230.664,-0.007150294,0.009350053,-0.0006416533,0.003546102,-0.028701646,0.011334406,0.013878912,0.83303285,0.42053804,0.017913502,-0.07225728,0.07976392,0.00527534,0.036961842,0.023566432,1.8053688e-05,-0.00043473672,0.014492355,0.90260583,0.06552634,0.028374977,0.0064448044,-0.0066781556,-0.0411648,1.0093884,0.99320734,9144.878,60.767746,445.63654,100.162796,82.045044,122.72935,0.0016220633,97.58933,18270.002,DOS-TCP_FLOOD
20.268126,5.340343,63.738663,12038.202,0.028057914,0.004752441,-0.020038314,0.0017862559,0.031627867,0.00409899,0.0065645343,0.3909635,0.32504117,0.13848406,-0.10313159,0.1386153,0.06208411,0.0002707215,0.023416024,-0.033300057,0.0046579726,-0.014591601,1.0059181,-0.017120674,0.024153756,0.03397044,-0.012302635,-0.029600773,1.0170519,0.9891255,6205.0713,59.166798,40.57338,80.66136,2.4736414,109.859886,0.00023993156,99.503395,223.07135,DOS-TCP_FLOOD
18.746132,6.1406307,63.91579,10056.828,0.0110011725,-0.00020624697,0.00531998,0.01644032,-0.00316393,0.0075725503,0.02220139,-0.15465927,0.012251586,0.1157111,0.060932495,0.07429259,-0.0052062306,0.0029630773,0.0017178478,-2.7292408e-05,-0.0023152702,-0.009780665,0.9357683,0.03233251,-0.018864075,0.013688039,-0.007834564,-0.0040542707,1.0226007,0.9881805,10272.139,60.263466,-5.108429,46.203747,-35.03752,74.54873,0.00016126127,97.37176,-16842.785,DOS-TCP_FLOOD
21.37969,5.2240405,63.565926,5618.9175,0.0045845285,0.0062039667,-0.003468194,0.045754444,0.106038496,-0.006028208,0.023324683,2.199203,0.26246187,-0.07191466,-0.021014784,0.17264634,0.008929204,0.015837109,0.019349024,0.0030640978,0.009518474,-0.008729998,1.0575,-0.0692974,-0.010425987,0.01724052,-0.023022432,-0.0043619145,0.9953639,0.9833568,5603.4336,61.157593,141.78247,43.631084,37.515404,78.9561,0.00016210781,98.9727,9867.01,DOS-TCP_FLOOD
21.359476,5.565821,64.18166,9416.391,0.00036711805,0.009970914,-0.0132622905,0.0129017,0.0671554,-0.0033196807,0.020191547,0.63052756,0.47633445,-0.03556385,-0.059921615,0.12057149,0.21106327,0.017954754,0.0049902406,-0.010318411,0.00047909562,-0.016186595,1.0167482,-0.031520996,-0.002400165,0.0085911285,0.016195739,0.02104476,1.0266279,1.0091342,5399.4746,60.252117,10.539764,20.089752,-5.160282,50.72449,0.00011241808,97.75946,724.94324,DOS-TCP_FLOOD
20.216375,5.90797,63.5376,16657.2,0.018550543,0.0026675297,0.008998848,0.02071662,0.058802783,0.007836199,0.024835521,0.6379727,-0.03311976,0.11575554,-0.014996508,0.15630078,-0.008007649,0.0009940378,0.0118046105,-0.014146382,0.004983009,-0.041165896,0.9668809,-0.008153061,-0.020831496,0.04916565,0.030496199,-0.0024059787,0.98051625,0.9774259,7384.7524,59.804424,43.47197,48.202316,3.1374273,56.76424,0.00019050142,95.55497,-5245.141,DOS-TCP_FLOOD
19.288279,5.4630136,63.884,17324.525,-0.012461756,0.008958001,-0.006523782,0.079163484,0.024500832,0.02344205,0.06770379,0.44313222,0.2126307,-0.08825219,-0.08368615,0.09709332,0.019950945,-0.016740711,0.022452177,-0.021463018,-0.014154352,0.014054988,0.980058,-0.024724107,0.00094056595,0.0104533415,-0.00068183057,-0.025711484,0.9987686,0.9458574,7424.6694,58.71211,373.28723,82.46873,80.63609,102.749664,-0.0003194543,97.525116,15114.289,DOS-TCP_FLOOD
17.974577,6.753511,69.460434,15575.91,-0.0059740804,0.0071723196,-0.012165383,0.031207664,-0.035458535,0.0027057803,0.06473736,-0.0017991066,0.13673066,0.071869574,0.037923865,0.026145428,0.042444702,0.004419009,0.012070114,-0.020867877,-0.011627144,-0.019407075,0.8855828,0.071833424,-0.03230036,-0.012216937,0.02796772,-0.021789586,1.0199294,0.9735237,9806.363,58.985107,185.167,92.6741,42.210747,99.818565,1.0749311e-05,96.291245,7205.423,DOS-TCP_FLOOD
21.233425,4.7952547,65.34019,14875.092,0.013081951,0.0054207086,-0.0032691495,0.028807232,0.042536043,0.015528462,0.0618624,2.7291145,0.27926975,0.078771174,-0.18705752,0.06891741,0.013026419,0.036456056,0.025251105,-0.0012978865,-0.021816958,-0.016697656,1.0197647,-0.019935066,0.024943516,0.01943372,-0.0016761059,-0.048682965,0.97608846,0.96986204,4446.7915,59.77728,709.41895,109.11665,151.07254,138.6628,0.0003865332,103.158,59115.227,DOS-TCP_FLOOD
18.628082,6.474369,64.07402,17467.877,0.009467331,0.01044999,-0.026416756,0.011089303,-0.06113337,0.043899015,0.015850538,-0.06276071,0.3351112,0.21342473,-0.11590839,0.05925856,0.0056224437,0.007513491,0.0107704,-0.0039063627,-0.013682428,-0.008160853,0.9356211,0.080287255,0.026275916,0.0006199244,0.0011180621,-0.04330575,1.0359722,1.0034399,6185.6255,59.23403,80.62724,69.58222,13.051913,96.57846,0.00012147662,99.12086,-1491.9548,DOS-TCP_FLOOD
20.312517,5.617429,67.29548,8601.598,0.02218232,0.010797958,-0.021417735,0.029725492,0.034383893,-0.01612563,0.039764028,0.7287967,0.27160102,0.033759777,-0.06954204,0.1381399,0.017022103,0.028392348,0.0074180537,-0.013707021,-0.0011489098,0.005898387,0.996148,-0.017454281,-0.0007488718,-0.01770959,0.012303278,-0.044153944,1.0096427,0.99718434,8785.253,61.14034,475.32855,98.019775,91.50597,116.46292,0.00068956864,101.44238,27211.877,DOS-TCP_FLOOD
20.23888,6.1021485,63.404667,10804.602,0.024912316,0.006132632,-0.020136919,-0.0011426153,0.056393832,-0.0073203016,-0.013112385,2.3227472,0.05128984,0.053341933,-0.066632494,0.119514614,0.14449503,0.012962136,0.0154472925,-0.020684062,0.023166304,-0.02445616,0.97052187,0.038564462,0.013252166,0.030803578,-0.033616006,-0.024711935,1.0119437,0.9992397,4313.3354,59.771187,178.06282,68.27084,27.059526,67.04825,0.00049362425,96.53894,5405.629,DOS-TCP_FLOOD
19.920826,5.5822783,62.445026,13029.396,0.0062663294,-0.0017076876,0.00061363913,0.0041680965,0.012954267,0.009559926,0.021608695,-0.045478463,0.046446603,0.0814884,-0.010172184,0.12099538,-0.0071473415,0.028008547,0.019852292,-0.023341795,0.008514029,-0.017444754,0.98698133,-0.014820605,-0.020915847,0.018950734,0.015367331,-0.00828687,1.0030781,0.9610426,6854.106,59.84948,46.74286,47.42277,22.921364,69.689095,0.00024395798,97.8312,-106.752716,DOS-TCP_FLOOD
20.28037,6.0947785,64.459564,24682.8,-0.029661365,0.0106383,-0.005452065,0.0076175565,0.03473233,0.014283907,0.0024889153,1.0295017,0.2554119,-0.05067808,-0.046041157,-0.0018802751,0.13653174,-0.011295224,0.010285959,0.0020166067,-0.021238497,-0.00038935337,0.9740983,-0.017264942,0.031068346,-0.018337779,0.022742078,-0.041180484,1.0503261,0.9902465,9526.063,60.122368,678.95764,175.78314,209.33221,202.08206,-0.00023519197,97.23888,99776.984,DOS-TCP_FLOOD
18.994715,5.783044,66.8441,12487.915,0.043954868,0.008410684,-0.02767663,0.0073481514,-0.017758103,-0.021223847,0.053984784,0.81627846,0.18677956,0.5487896,-0.0101447655,0.1001538,0.01238811,0.02978551,0.0038942322,-0.0061914604,0.0026954012,0.020275742,0.9436202,0.037851468,0.04448881,-0.006157083,0.0029547792,-0.06117433,1.0105431,0.99525446,11368.854,59.724163,881.3115,72.898926,89.83839,74.660194,0.0004985942,100.922905,17646.668,DOS-TCP_FLOOD
18.491102,6.62134,64.04652,11132.734,0.008507929,-0.004171861,0.0016060495,-0.0026333465,-0.0021606172,-0.0012378971,0.03201238,-0.22047997,-0.05045098,0.01684194,0.057821333,0.091335565,-0.0031686344,0.0029589748,0.024246274,-0.026096972,0.0015724357,-0.012960842,0.9503243,0.044959914,-0.0027123233,0.0025535806,-0.008540357,-0.026639609,1.0252578,0.9725969,8994.521,59.645607,63.19124,79.17864,6.7013683,93.18217,0.00012810103,97.58325,-750.419,DOS-TCP_FLOOD
19.632133,6.336662,64.63063,8564.865,0.03156566,0.0015165358,-0.00037361635,-0.0071142227,0.03488389,0.003495025,-4.8577785e-05,0.21305394,0.27151024,0.07871963,-0.011269151,0.12852453,-7.34292e-05,0.018047296,0.014624225,-0.023991259,-0.01608701,-0.009329472,0.94263226,0.03646966,0.01798771,0.018085392,-0.02982355,-0.040283334,1.0086774,0.98706865,6799.5957,60.237713,-85.224,56.153698,-51.635963,70.655205,0.000121494275,96.112885,-23763.062,DOS-TCP_FLOOD
20.024454,5.566722,63.740723,9006.106,0.057249337,-0.01725699,0.011924325,-0.030448137,0.052012816,-0.008256004,0.0051893084,2.1428983,-0.064072624,0.4358706,-0.017256565,0.11222273,0.004076058,-0.0045054033,0.023791198,-0.035520107,0.01064998,0.005974248,0.99778724,-0.008856079,-0.012415629,0.021724606,-0.007516527,-0.034225717,1.026926,0.9654148,4479.4434,59.57642,-53.24591,39.545082,-14.970253,32.335106,2.8373397e-05,96.79136,-17045.508,DOS-TCP_FLOOD
21.100147,5.8094153,64.574554,21617.139,-0.012425565,0.005205806,-0.026953481,0.008645162,-0.007784564,-0.032885656,0.0032370817,2.2003412,0.15602696,-0.028747207,0.063003875,0.11433624,0.0024082984,0.007224818,-0.015598127,-0.003945413,-0.016892485,-0.037516806,1.0535121,0.0034470295,-0.0056806765,-0.016525945,-0.03648995,0.0057902094,0.9957268,1.0042975,5421.9395,61.24615,115.54591,59.30954,34.063007,71.4443,9.2469214e-05,104.628876,6172.515,DOS-TCP_FLOOD
18.930723,6.376959,68.47318,11111.979,-0.043657184,0.016604038,-0.0031749462,0.0067250165,-3.6748126e-05,-0.005054665,0.0104031395,0.9501039,0.64336485,-0.043353472,-0.038145587,0.041253217,0.14244843,0.023478035,0.015188017,-0.005029603,-0.020657506,0.001206412,0.9695678,0.013626124,-0.0019553443,-0.009659084,-0.0030830596,-0.037921034,1.0203152,0.9833476,6815.0327,60.213894,193.09167,78.91112,35.988922,115.86468,0.00027021221,97.47253,3455.6252,DOS-TCP_FLOOD
20.60048,5.2574396,64.439125,22259.805,-0.0052286964,0.00917369,-0.0051799743,0.081234485,0.029373566,-0.017475074,0.021888684,0.09748614,0.23428708,-0.051441677,-0.00874007,0.12523302,0.016118834,0.01306114,0.03323995,-0.0025750697,-0.035047304,-0.029323494,1.0191389,-0.023957241,-0.03622524,0.0070937327,-0.0005466305,-0.01695925,0.9915587,0.9799043,5240.0625,59.983753,21.93312,32.30743,2.3690376,50.469822,2.3495508e-05,98.3976,-6579.587,DOS-TCP_FLOOD
20.517916,5.249739,63.60114,16948.008,-0.015068723,0.0060796365,0.010302289,-0.0011567454,-0.011893997,0.019891337,0.010614813,-0.0966351,0.07874054,-0.024053527,-0.047246743,0.113497965,0.0048751845,0.0288375,0.004457878,-0.013592627,-0.016716631,-0.015612371,1.0056303,-0.025513578,0.0020854757,0.006966896,0.017269816,-0.007623145,1.0249974,0.9580022,6678.6504,59.884823,408.25598,80.56227,102.61702,100.4918,0.00015147094,101.00177,27865.07,DOS-TCP_FLOOD
20.015207,5.8384542,64.04727,11323.247,0.014642615,0.02543934,-0.024380617,0.009328298,0.0002561491,0.020510614,0.015950926,0.80292714,0.58231103,0.037565205,-0.081936896,0.0882,0.0072899074,0.02013393,0.005867989,-0.030529637,-0.03256553,-0.007390035,0.9279536,0.034701288,0.0012638001,-0.0045253383,-0.0061731692,-0.023285912,1.024182,0.99263644,5302.499,60.84601,-9.483353,35.607964,-39.92655,42.406506,-4.973328e-05,98.57073,-21549.416,DOS-TCP_FLOOD
19.682339,5.682834,63.71796,6310.8345,0.0043035485,0.00019269064,-0.00615807,0.04084651,-0.003825698,-0.0031975452,0.010725003,0.46096545,0.054328408,-0.022382364,0.00815967,0.12717606,0.0050050775,0.008880649,-0.0133199785,-0.0022794353,0.008595012,0.0017511006,1.0006096,0.019665094,-0.025898376,0.00909288,-0.0067831157,0.0053742155,1.0328387,0.9915386,9379.949,60.837856,208.21333,117.97118,54.45789,135.62305,0.0003299582,100.0159,12827.782,DOS-TCP_FLOOD
20.260504,5.651144,64.43833,18526.89,-0.018076975,0.026690438,-0.012100287,0.0026573746,-0.016612884,0.011039936,0.008843782,0.06837922,0.5705569,-0.03548891,-0.09487896,0.12129687,0.0157028,0.007152827,0.009061512,-0.008781724,0.011619496,0.026539283,1.0363243,-0.023137448,0.002495891,-0.036275912,0.019572593,-0.0345697,1.0538166,0.99954623,8026.4736,60.425995,324.78528,62.864094,80.61117,107.62338,0.00022103239,101.42374,29336.566,DOS-TCP_FLOOD
20.439959,5.3377066,63.545795,7246.002,0.020328632,0.002300973,-0.015689747,0.010342698,0.028871272,0.0017569208,0.018239692,0.4319861,0.03958045,0.10228732,0.0321306,0.15710777,0.086445086,0.011360924,0.026604593,-0.01821024,0.022345688,0.0024484517,1.0239041,-0.01661745,0.003608598,0.024335364,0.014199058,-0.00018356368,1.0330416,0.98506045,6704.505,59.845608,125.65359,72.47086,26.252514,86.09383,0.0002840591,99.60897,1855.6682,DOS-TCP_FLOOD
20.138023,5.6854343,64.24713,15620.582,0.025381032,0.0026382527,-0.005471506,0.011554161,-0.009622393,0.013982488,0.010495434,-0.0004720688,0.15569729,0.009545851,-0.043248057,0.11382591,-0.0010695978,0.0066546164,0.018454546,-0.0064112293,-0.0053408253,-0.028396785,1.0128404,-0.0041861455,-0.020131227,0.03157171,-0.011245184,0.002350891,1.0084313,0.9811185,6196.2456,60.011707,63.9075,75.17314,14.22596,78.90616,-7.2488474e-06,101.27409,10.776093,DOS-TCP_FLOOD
19.50073,5.9920473,63.893997,21179.406,0.020840561,0.006335863,-0.0043691066,0.007718702,0.017871365,0.015863065,0.04037702,-0.41874993,0.16661711,0.06838256,-0.03481355,0.104262985,0.0022592796,0.00033921562,0.022349056,-0.009113708,-0.0020282622,-0.008811987,0.94550675,0.014092345,-0.007877723,0.014858095,0.021249272,-0.032805424,1.0070386,0.9797386,7795.52,59.574017,119.27683,59.753788,22.857239,72.04579,0.00011585708,95.59939,3148.7903,DOS-TCP_FLOOD
20.10777,5.205443,64.51824,22672.885,-0.0024402235,0.0037541643,-0.02002554,0.0057421136,-0.024270615,0.015199696,0.042410214,-0.32137704,0.07038474,0.050214067,-0.06926241,0.08664161,0.012473914,0.0028020563,0.021466445,-0.029096387,-0.016588768,0.0032057613,1.010076,-0.005815799,-0.0013875146,-0.005931484,0.019665344,-0.047412165,1.026525,0.96387935,8565.781,60.59243,529.91455,149.29477,151.32492,160.77509,0.00029526546,101.99638,62921.797,DOS-TCP_FLOOD
18.472778,6.608081,64.03431,15123.959,0.022585135,-0.0010373442,-0.010643099,-0.0018657589,-0.015903212,-0.006133069,0.027503904,-0.23109496,0.05227779,0.12777549,-0.06324345,0.090180635,-0.0028215218,0.009828782,0.017743131,-0.0129477475,0.00732521,-0.00510904,0.9205693,0.07562132,-0.00526923,0.001836539,-0.005828473,-0.04174287,1.0185127,0.988654,9048.85,58.94153,172.97458,103.60679,34.37835,103.41012,0.00019687004,97.96535,9194.748,DOS-TCP_FLOOD
21.042236,5.106177,64.228226,9980.659,-0.017912757,0.03478673,0.0023003155,0.023124607,-0.014166227,0.02672818,-0.002789076,0.5125663,0.88661945,0.06272608,-0.08940934,0.11261914,0.03851269,0.02527619,0.0413874,-0.018694106,-0.019508496,0.0036791665,1.0626101,-0.04130873,0.018405672,0.007338594,-0.051971193,-0.02459227,1.0202705,0.968143,3799.6956,59.918606,122.26388,46.195526,38.74994,98.769226,9.824187e-06,102.00596,8594.066,DOS-TCP_FLOOD
20.719078,5.126853,63.58404,5990.468,-0.004400946,0.0038539537,-0.019286595,0.021600349,-0.010297356,-0.0027538366,0.025924552,0.08834237,0.32423285,-0.0020025484,-0.0993056,0.14924769,0.040505026,0.014059136,0.0355441,-0.011353473,-0.0127949,-0.010687475,1.0549004,-0.02542508,0.014075775,0.030478306,-0.022515982,-0.0113524115,1.0110478,0.9742229,5762.8022,59.880314,27.437347,62.146755,-1.2925968,99.13777,0.00010515716,103.00397,-2313.5483,DOS-TCP_FLOOD
20.04611,5.3526807,61.52704,15509.67,-0.01112569,-0.0012998654,0.0018175924,0.015387462,0.00221409,0.013176015,0.030635111,-0.049238086,-0.022552906,-0.100901164,-0.10294022,0.19074403,-0.033931136,0.0039765425,0.011294662,-0.0044110324,-0.005254054,-0.02023999,1.010287,-0.028896177,-0.0037654,0.022457803,-0.015785122,-0.02493221,1.0127592,0.9523518,6914.536,59.682575,66.82759,58.522537,17.136707,74.17476,0.00011970641,99.104454,1077.0331,DOS-TCP_FLOOD
20.691963,5.241866,64.69424,24525.023,0.017241478,0.008406005,-0.0058045983,0.010519261,-0.01082007,0.0113412915,0.028359815,-0.5927558,0.23771462,0.05390333,-0.11034101,0.08903738,0.10244701,-0.011589927,0.028625011,0.020092146,-0.011140775,-0.01990313,1.044022,-0.016346226,-0.026597757,0.036550965,-0.0026126066,-0.0014283787,1.0057613,0.9747369,6571.884,59.733894,33.86975,41.66046,5.736871,54.042885,0.00018833145,100.42464,2905.8235,DOS-TCP_FLOOD
19.066444,6.274627,64.067795,10705.478,0.0063680764,0.004858592,-0.0046500424,0.007076031,-0.0017404379,0.0037980224,0.024781657,-0.16923153,0.07147953,0.029256733,-0.021899203,0.1061726,0.0005706977,-2.0437874e-05,0.0145915225,-0.0192981,-0.013003452,-0.014867648,0.96778816,0.013731121,-0.018508935,0.011655093,0.0015990576,-0.008101267,1.0234369,0.9789961,8386.979,59.983845,59.098724,76.12207,1.4251194,83.45277,0.00011635799,97.92728,-2018.8328,DOS-TCP_FLOOD
19.724382,5.9800215,63.63136,11585.54,-0.0020053238,0.005031776,-0.0067962264,0.009544495,-0.003437139,0.013185353,0.021529384,-0.40087986,0.17773272,0.0121848835,-0.07935363,0.10684908,0.0073645874,0.017825752,0.027760332,-0.0015241327,-0.008531415,-0.006532208,0.9914882,-0.0036830192,-0.0026338152,0.012343745,0.001989347,-0.0098023275,1.0094186,0.9686065,5347.1494,60.109535,82.96803,45.123856,28.230152,78.56172,0.00022511613,99.38444,4258.2324,DOS-TCP_FLOOD
20.609112,5.775042,65.16435,9809.979,0.017294073,0.0049509527,-0.034603585,0.00073134893,0.014194464,-0.000107600354,0.01107961,0.15072906,0.25099567,0.04615479,-0.05177477,0.11923052,0.0012057236,0.022747759,0.022198481,-0.019894589,0.00041358173,-0.002131965,0.99791056,-0.0054492867,0.0043229153,0.0094986595,-0.020822741,-0.028563272,1.0225307,0.98096377,6803.5366,60.882225,113.498474,68.23597,15.418831,77.23741,0.0001275446,100.09826,2495.555,DOS-TCP_FLOOD
21.139524,5.2140017,66.288666,9859.061,7.8314915e-05,0.008040239,-0.004898666,-0.0032606565,0.08950943,-0.014126206,0.0178032,1.643146,0.28224537,-0.07004348,-0.053994153,0.105365604,0.11946803,-0.0029344205,0.02441397,-0.022983905,-0.0004302757,0.002932013,1.0275247,-0.036616124,-0.0077398024,0.010719615,0.0099599445,-0.015352886,1.0094788,0.9856938,5230.21,59.68864,179.79242,45.218338,24.036695,65.99643,0.00016191787,96.22146,3981.6958,DOS-TCP_FLOOD
21.166023,4.949302,64.80951,12619.502,-0.010940534,0.005609505,-0.013396106,0.0008058603,0.00018271618,0.010899702,0.027925536,-0.06297755,0.25551024,0.05837176,-0.13358904,0.13599294,0.0156565,-0.0067464774,0.02565831,-0.006748084,-0.027413055,0.009159827,1.0581001,-0.04077295,0.010498249,0.001073496,-0.017720643,-0.037095953,1.0264312,0.97034127,4887.125,60.39472,354.55853,52.520718,81.47616,86.38379,0.00027711666,102.537575,26398.814,DOS-TCP_FLOOD
20.749046,5.903633,64.113686,13835.68,0.03342491,0.003393956,-0.006894581,0.015016846,0.02844726,0.018246207,0.025020722,0.4292091,0.28979212,0.61674273,-0.05728259,0.12554298,-0.0069170864,0.011243307,-0.00685669,-0.004888973,-0.0059073768,-0.018433828,0.9923637,-0.019756366,-0.0061721643,0.0033588905,0.0032240571,-0.0082970215,1.022953,0.99359906,7949.2617,60.50946,-9.7894745,55.113346,-11.258808,84.89137,3.0125375e-06,97.901085,-6762.54,DOS-TCP_FLOOD
21.629576,5.104743,73.46885,12532.795,0.009245248,0.008131254,0.005032001,-9.335764e-05,0.04324942,-0.035971098,0.052626796,4.299018,0.22172031,-0.0048662815,0.022527268,0.11756704,0.029910887,0.023547009,0.006033345,0.0045335526,-0.011842427,-0.0048848847,1.0432084,-0.0028249582,0.010534447,-0.027825518,-0.02503951,-0.018105522,1.0066613,0.9850594,8655.807,59.532425,1177.1958,122.95392,210.3891,127.19379,0.00023261544,101.72044,88725.625,DOS-TCP_FLOOD
19.399382,6.0401945,64.917206,20006.398,0.0034229364,0.005905529,-0.004377989,0.014673392,0.057969816,-0.0013623422,0.029861936,1.4983914,0.15053374,0.032789584,-0.020772975,0.07733284,0.017678484,0.017151842,0.021204125,0.0019256957,-0.0068578287,-0.01517742,0.9417101,-0.002862688,-0.033602104,0.009330384,0.036977552,-0.014969705,1.0000559,0.98452914,8684.421,59.70816,159.7425,64.78765,38.38302,65.57086,2.5703659e-05,93.974976,6064.1675,DOS-TCP_FLOOD
19.143661,6.3528214,63.5531,11677.375,0.017597424,-0.008244792,-0.014143731,0.014253238,-0.0047005564,0.012736864,0.016186904,0.40299606,-0.16632834,0.17990342,0.018813623,0.08439274,0.014656693,0.0012063887,-0.00096841715,0.005460209,0.013065657,-0.02071616,0.95883197,0.018591024,-0.01704762,0.02887993,0.007761535,0.006136531,1.0124091,0.9882699,9512.784,59.79833,72.58719,74.24112,14.014713,89.717064,0.00019955194,97.74571,-2717.808,DOS-TCP_FLOOD
22.82,3.9951174,63.71712,23856.314,0.012979766,0.0026191273,-0.011231571,0.069395356,0.13550651,0.005814784,0.066765815,13.991349,-0.06491588,0.12286925,-0.07959508,0.21160512,-0.0013937539,0.014589772,0.014282861,-0.0036070915,0.006264122,-0.03912375,1.1078706,-0.06257157,-0.0031804456,0.04426014,-0.025534246,-0.04624509,0.9880387,0.97232217,5728.4346,60.529972,221.36966,50.92751,37.070427,59.3724,5.27019e-05,104.03372,8352.292,DOS-TCP_FLOOD
20.998404,5.6063457,64.78793,14455.826,0.013573926,0.0056890394,-0.00744497,0.05569594,0.04095713,-0.0043647364,0.041904107,0.3883078,0.09770672,-0.009724245,-0.14679584,0.11796624,-0.00057031214,0.02084336,0.02774453,0.018843615,-0.0056217355,-0.026258526,1.0086955,-0.007823944,-0.02439135,0.023627684,-0.020892305,-0.02906368,0.9835054,0.9878023,6698.148,59.811085,131.46698,65.53258,20.12278,78.346924,0.00010897366,99.46817,6583.434,DOS-TCP_FLOOD
20.023907,5.0125947,64.210106,14357.811,0.017058635,0.0025540316,0.003250516,0.0054680496,0.037459638,0.007493674,0.0368643,-0.1109519,0.34538728,0.06411464,-0.060571153,0.13560095,0.0044940505,0.0104623465,0.013175914,-0.017249644,0.0043159863,0.0033787172,0.9949813,-0.030020764,-0.002552811,0.014465698,-0.018554673,-0.029112574,1.0156131,0.97149396,5666.244,59.958977,19.14859,38.875355,-9.12315,47.70828,-4.895938e-05,98.09825,-5331.885,DOS-TCP_FLOOD
18.976955,5.9510083,64.3094,11002.072,0.015405799,0.004552427,-0.003922109,-0.0044806283,0.00046241842,0.0018166722,-0.0019084569,0.19830441,0.20451479,-0.02155765,0.027527215,0.09068736,-0.0063082366,0.0014905212,0.01800188,-0.026757225,0.0024828827,0.0010815123,0.9967665,0.015328904,-0.0008943607,-0.0017334381,-0.003117756,-0.0026102364,1.0247582,0.99205995,7327.3594,59.91828,116.59319,94.444565,17.127375,96.39156,3.601433e-05,100.49957,2840.1587,DOS-TCP_FLOOD
21.078316,4.3742065,66.673546,12434.36,0.03255541,0.011357785,-0.016218407,0.02606926,0.07395448,-0.004750695,0.062043216,1.245467,0.36462116,0.31234363,-0.14948888,0.12579474,0.07098331,0.029876944,-0.0037305057,-0.005888599,0.01568598,0.006004027,1.0294783,-0.03841206,0.008807247,-0.0034092553,-0.0065805437,-0.0562891,0.98932624,0.98737895,5889.908,59.31209,516.48645,48.85032,68.76303,52.577347,0.00054063037,99.251465,19646.055,DOS-TCP_FLOOD
21.765816,4.795381,74.276566,11078.389,0.009590023,0.016594378,-0.03579893,0.0008889529,-0.0043813474,-0.020392874,0.037994903,0.57914674,1.0282036,-0.04887678,-0.05212964,0.12095025,0.017877726,0.02688713,-0.0026454544,0.00951847,-0.01088865,-0.009950939,1.0478568,-0.026872227,-0.00018552179,0.005051743,-0.025572427,-0.054515056,1.0103515,0.9727271,3089.836,59.902935,131.05334,66.43728,9.4913225,65.39569,0.00042714452,102.60436,-271.7027,DOS-TCP_FLOOD
19.772911,5.3483076,64.65,16491.848,0.017008647,0.010157699,-0.01816931,0.01074014,-0.030821966,0.0045300177,0.017197035,-1.4608407,0.33443,0.020823304,-0.011977329,0.104116656,0.007345537,-0.0019402569,0.034662012,0.00044436194,-0.01819035,-0.0055769878,1.0105481,0.010331893,-0.010615567,0.022865873,-0.01920726,-0.03615582,1.0398693,0.9980271,8245.357,59.934498,18.708237,88.889534,-28.243267,80.7102,8.169835e-05,100.12548,-14285.212,DOS-TCP_FLOOD
20.757965,5.347432,62.342663,15880.658,0.024682937,0.010216271,0.00661229,0.005576745,0.054244265,0.005659812,0.021330899,-0.38162196,0.22827162,0.057492636,-0.046312504,0.15125649,-0.0003851354,0.008157859,0.012292416,-0.022272993,-0.011758712,-0.016938763,0.982488,-0.032301854,-0.016351275,0.036564637,-0.009179198,-0.023771113,0.9991783,0.9781269,7662.18,60.265045,-110.04837,42.22945,-38.593018,55.221943,-3.243344e-05,94.66547,-21815.416,DOS-TCP_FLOOD
21.799164,5.266659,64.54606,10197.493,0.03128634,-0.0035685115,-0.038195126,0.016285134,0.05877737,0.0032457076,0.023615167,2.6581964,-0.008055419,0.66642714,0.06304225,0.028816985,0.44655654,0.011791288,-0.0056018448,-0.027316773,-0.0068784715,-0.016382469,1.0122564,0.0049890867,-0.012545694,0.0042316294,-0.0071543776,-0.0034862664,1.0509673,0.990889,6900.2627,59.948193,319.78778,47.918575,51.244846,47.84708,0.00032772936,98.62979,7161.1973,DOS-TCP_FLOOD
18.596226,6.116955,61.413612,4753.222,-0.01380801,0.04044524,0.003469938,0.009382158,-0.02536227,0.011092982,0.019403895,0.35516888,0.58153224,0.08439865,-0.044104926,0.107963786,-0.003781778,0.03702455,0.029191552,-0.022284355,0.0029030303,0.0048007816,0.9298364,0.055715095,0.016842375,0.019772071,-0.028137712,-0.026395025,1.0029029,0.95389503,4227.3794,59.897438,21.219894,29.258934,19.092999,57.43266,0.00020842231,94.85212,-1715.2024,DOS-TCP_FLOOD
20.318087,5.841902,64.1121,14315.928,0.0055261236,0.0020814307,-0.0011573825,0.05076849,-0.015708586,0.016792718,0.044439804,0.057697296,-0.019800736,0.00956552,-0.05872922,0.05923864,0.013947074,0.010748598,0.0149487145,-0.010702334,-0.018384578,-0.019139692,1.0065379,-0.01792914,-0.027314186,0.021146875,0.007730289,-0.019360999,0.9984994,0.95951486,7945.8706,60.054314,302.2146,90.13545,57.71508,117.31389,0.0002153983,100.40456,9879.524,DOS-TCP_FLOOD
18.275604,6.705958,63.039387,10833.568,0.01614323,0.0012952498,-0.02131854,0.0077898777,-0.039151624,0.025816794,0.01814371,-0.4460131,0.14662483,0.05236256,-0.024869744,0.05806003,0.11383599,0.0158316,0.0200626,-0.014620472,-0.009529723,-0.004973039,0.90711546,0.08082579,0.0027773972,0.007177177,0.0036003208,-0.013356309,1.0442659,0.99898356,7344.4155,59.398964,58.35077,76.54224,6.7930346,85.09352,0.00015905351,96.91908,-1132.7327,DOS-TCP_FLOOD
20.04156,6.014304,63.663242,21258.879,0.05280547,-0.0050250893,-0.0072331675,0.003913947,0.031967245,0.008085918,-0.001982986,2.1490583,-0.049426906,0.27408415,0.0107572405,0.09879063,0.009719602,0.00899427,0.019586943,-0.017091287,0.008668978,-0.030794185,0.9835148,0.030264283,-0.012245791,0.028066248,-0.0268289,-0.006274581,1.0230132,0.9935462,5728.335,59.989788,-42.928223,63.365063,-20.213509,56.18149,-7.816721e-06,97.94441,-14119.385,DOS-TCP_FLOOD
20.604635,5.2266006,64.277084,12830.658,-0.024613783,0.0069544003,-0.017731635,0.015139437,0.022902887,0.014555259,0.017752973,0.13877404,0.13733833,-0.043227606,-0.12316569,0.13363633,0.007245219,0.015120933,0.016525082,-0.008607231,-0.018442404,-0.011781071,1.0222726,-0.045791484,0.007993418,0.017318958,0.01639905,-0.027897572,1.0041342,0.9818643,7328.7773,59.912235,292.04852,88.59737,57.108467,110.530045,0.00024329775,100.09438,9751.306,DOS-TCP_FLOOD
20.967447,5.1581755,64.473976,16442.406,0.003311783,0.003703404,-0.025375925,-0.021316705,0.024553351,-0.020821992,0.020935245,1.4182663,0.35435143,-0.0015941262,-0.05051371,0.13486111,0.008575578,0.003310223,0.020751601,-0.053222846,0.0015729293,-0.000485871,1.060535,-0.042465713,0.017116228,-0.0014992419,-0.014634484,-0.026968794,1.0442151,0.98656887,6208.3223,60.71647,311.78738,76.25249,40.322277,85.84239,3.729787e-05,102.49294,9224.884,DOS-TCP_FLOOD
24.4152,4.754644,63.628895,19890.12,-0.003729267,-0.0048030186,-0.039366204,0.0042383517,0.0962592,0.0013416348,0.006805954,5.0894084,0.010959208,-0.13501042,0.019506453,0.13609625,0.3276672,-0.015888738,0.041676044,-0.010543772,-0.0029983185,-0.048639975,1.1094,-0.022874977,-0.020540265,0.03983513,-0.013735721,0.02922428,1.0415581,0.9911571,2596.816,62.616856,107.65312,-2.1078339,21.94226,1.5019684,0.00025680274,97.7817,1337.5857,DOS-TCP_FLOOD
20.01025,5.441036,63.938545,12941.908,0.013723288,-0.0031475176,-0.010313979,0.01929503,-0.022375802,0.023178838,0.0381875,-0.35324955,-0.038099054,0.12163411,0.0023230165,0.053735763,0.0065141367,0.015524259,0.019910801,-0.029697975,-0.000889448,-0.01980875,1.0038322,-0.0044548693,-0.02323527,0.015887734,0.009594992,0.015656339,1.0346241,0.9652424,8732.408,60.939175,195.3499,90.63856,47.731064,111.946655,1.6255653e-06,98.9427,10367.828,DOS-TCP_FLOOD
21.121944,5.222815,64.72298,20102.096,-0.019570135,0.013346347,0.017250773,0.02207082,0.0066339895,0.017886164,0.0077962964,0.11747408,0.5007048,-0.0015437417,-0.08191322,0.13666782,0.014156828,0.010449648,-0.00046513975,-0.012649758,-0.03348811,-0.014786191,1.0224599,-0.040461324,-0.011473564,0.0043568853,0.007940814,-0.017676283,1.0044289,0.9782404,4024.963,59.752216,166.00519,52.99922,54.341915,80.27468,-6.583419e-05,98.79034,14078.28,DOS-TCP_FLOOD
20.01391,5.713487,64.046906,22727.611,0.005331086,0.005749378,-0.0033654273,0.011461391,0.0016696667,0.0229711,-0.019064633,-0.6205926,0.37099594,0.031633165,-0.13936609,0.14492428,0.09215373,0.004454148,0.0462187,-0.0064285006,0.007726056,-0.01982896,0.98892325,0.007043511,0.022928365,0.04951984,0.004459019,-0.02624024,1.0184685,1.0190741,7269.9165,59.257874,11.929718,71.31055,-21.399227,108.29236,-4.1835403e-05,99.168724,8146.6987,DOS-TCP_FLOOD
20.467688,5.753111,64.25022,17639.982,-0.0054078177,0.00037901103,0.010577437,0.0053720847,0.029222164,0.003490273,0.015765937,0.42062676,0.16789785,0.023706358,-0.07672369,0.106403165,-0.008573497,0.00949717,0.026580049,0.011694947,-0.00799315,-0.035182677,1.0095727,-0.01380315,-0.0400988,0.035581,0.01588207,-0.00828606,0.9870643,0.9727739,5439.7246,59.709896,36.82939,39.204327,7.360835,43.746616,0.00014449452,97.7915,-1261.1592,DOS-TCP_FLOOD
19.405241,6.0758853,67.01261,17050.51,0.025212787,0.0035997292,-0.019614533,0.03759478,-0.0030226707,-0.0036026533,0.052879006,-0.12973869,0.09616647,0.15741034,-0.07212632,0.07236604,0.0069617853,0.0013042334,0.022530347,0.008031017,0.0035766326,-0.004767226,0.9398228,0.03801975,-0.037580997,0.005348023,0.0013168762,-0.042116832,1.0107813,0.98167175,8351.667,58.95266,138.40288,78.31822,14.949824,80.565445,0.000119804434,96.24635,110.633606,DOS-TCP_FLOOD
19.367271,6.3303785,64.36852,8526.365,0.02364536,0.007640451,-0.00843618,0.048889156,0.050584316,-0.0025460315,0.029559007,0.48387563,0.09496008,-0.014216796,0.042593405,0.11646657,0.00664721,0.020349242,0.026012285,-0.0036009448,0.011548846,0.005506077,0.94596046,0.01311026,-0.03053946,0.012497856,0.013569582,-0.0058008544,1.0039436,0.9882998,7583.5386,59.8802,138.16144,58.467735,28.406961,73.91452,0.00010688529,94.63162,8752.127,DOS-TCP_FLOOD
20.430494,5.4364076,63.420483,16357.719,0.02024471,-0.0058485772,-0.0022578775,0.016563494,0.0721102,0.018293988,0.021087945,2.5666952,-0.17720816,0.00057844445,-0.058798213,0.15534519,-0.004905013,-0.008449749,-0.00981301,-0.021370182,0.026456818,-0.034179945,1.0109323,-0.0144741,-0.019653177,0.04415739,0.008417707,0.0036448147,0.9969068,0.98079765,5860.5986,59.77933,64.302536,61.47479,12.868269,53.095963,0.00012620862,98.63089,-503.8001,DOS-TCP_FLOOD
20.235243,5.789035,63.838512,9661.775,0.023236899,-0.0029038468,0.0004980038,0.004820438,0.025235917,0.0110662505,0.011277943,0.5873308,0.0031156093,0.056625362,0.006185882,0.13322476,-0.007882126,-0.0027549546,0.00057160854,-0.007676831,0.01082607,-0.03268952,0.990657,-0.013206808,-0.026278228,0.03447699,0.0027013756,0.0073893736,1.0096376,0.98716336,7990.086,59.963627,15.394409,67.90921,1.450552,72.396805,4.7419337e-05,98.496254,-5348.444,DOS-TCP_FLOOD
20.200169,5.1196947,63.44058,12780.238,-0.0011858996,0.0047619925,0.02014703,0.0016724464,0.046668656,0.0022538616,-0.00496038,0.3096246,0.17058529,-0.112121925,0.5202589,0.15363705,0.013314851,-0.0023656106,0.0015785173,-0.022504618,0.008447826,0.017190268,1.0252371,-0.045471825,0.0019031763,0.008653193,0.012873236,-0.01367457,1.0074464,0.9910852,8002.5186,59.40619,219.44432,81.84161,48.383698,86.24126,0.00019795411,97.885284,8638.892,DOS-TCP_FLOOD
18.698458,6.8177857,63.81513,10548.84,-0.024796126,0.0039327987,0.02812624,0.0035592616,0.027868154,0.02913933,0.021625817,1.0163528,0.3605595,-0.011833337,0.040279683,0.07849995,0.007144134,0.038894303,0.02082914,0.03240149,-0.018289087,-0.021039734,0.92522305,0.041042287,-0.02688338,0.018156486,0.022523832,-0.008226856,0.99024016,0.9628493,5455.979,62.251118,157.54779,61.13464,46.57148,53.77687,0.00028066573,94.97358,554.7143,DOS-TCP_FLOOD
18.04786,7.0690794,63.33041,6937.9727,-0.008752876,0.005138524,0.004202947,0.008271526,-0.021630133,0.0074548344,0.018470332,-0.38965976,0.33174562,0.040630624,0.35939544,0.0033960864,0.26910096,0.03566875,0.024441835,-0.0103274165,-0.01447869,0.0072314073,0.9076084,0.074210584,3.0200463e-05,-0.004968408,-0.021619909,-0.010454905,1.0371943,0.9950485,7193.052,58.848186,38.159607,77.73388,-2.783451,76.78958,0.00019815036,94.96162,-5388.9497,DOS-TCP_FLOOD
19.106081,6.0649137,63.168224,5749.502,0.046947096,-0.015410704,-0.020098109,0.017516436,0.0041305562,0.008017644,0.013846306,0.12218666,-0.026041564,0.56444085,0.0523175,0.0798402,-0.00011980906,0.0072897174,0.024691675,-0.020464493,0.022116382,0.0036466308,0.94727933,0.03733047,-0.021001006,0.010227981,0.00049145427,-0.023432987,1.0315351,0.98329765,7386.7305,59.029408,80.51111,48.462696,16.175274,47.948997,0.00012304596,96.41473,-4227.309,DOS-TCP_FLOOD
20.402132,5.75824,65.63491,19851.85,-0.0065201707,0.017467089,-0.047054145,0.005937218,-0.033715352,0.015992412,0.016363889,-0.17552817,1.0157664,0.025238268,-0.036422253,0.07913842,0.012521905,0.011138924,0.025429,-0.020844553,-0.02919425,0.0098616155,1.0149455,-0.015075861,0.01107572,-0.039067235,0.010498184,-0.046114214,1.048238,1.0063672,7252.394,61.638184,553.76404,151.13864,151.87906,168.68405,0.00027420666,106.883644,70301.11,DOS-TCP_FLOOD
20.251553,5.289691,64.14964,17022.9,0.015483341,0.010802778,-0.009756536,0.014426248,0.035021774,-0.0014533079,0.030450061,2.3471622,0.2584782,-0.021830928,-0.030614115,0.096418045,0.007970417,0.00069907866,0.020191576,-0.014615495,-0.0015685288,-0.029517643,0.9940038,-0.023268372,-0.02028645,0.0075181616,0.007133991,-0.009573092,0.99928224,0.9676614,6411.2695,59.221375,164.75508,56.92967,28.072372,60.197327,4.4279644e-05,99.27679,5277.7134,DOS-TCP_FLOOD
19.687939,6.2545886,63.739,11642.584,0.013529703,0.0060769618,0.012682936,0.019853905,0.027305167,-0.002885944,0.022906657,0.10178864,0.024055017,-0.008446871,0.14897422,0.120859236,0.052638184,0.010434346,0.03299831,-0.0072088367,0.00057979487,-0.024292814,0.9618815,0.01913467,-0.028633105,0.029787982,0.01304304,0.006306134,1.0002427,0.9840455,6615.9883,59.472763,-16.050644,59.03289,0.4713707,61.538704,0.00011338339,96.08809,-2615.9407,DOS-TCP_FLOOD
21.016182,5.491415,72.396515,14002.154,0.033988226,0.003645785,-0.046717655,-0.019448895,0.031734616,-0.06793796,-0.048764426,3.3380544,0.2538954,-0.018117115,-0.036467757,0.15487535,0.023689708,0.020016285,-0.0034370553,-0.027935272,0.003923713,-0.028737577,1.0266105,0.046200678,0.039140947,-0.020695774,-0.061595157,-0.026166007,1.0209907,0.99433744,2263.6096,58.98376,111.6434,80.88466,11.130571,71.74833,0.0019508478,100.002205,963.2886,DOS-TCP_FLOOD
19.108736,5.7048435,65.65073,6818.3545,0.015790856,-0.001042161,0.036696322,0.010641112,-0.002238118,-0.012055559,0.020267751,0.80775976,-0.123106,-0.08532083,0.66453683,0.09935852,0.0063888836,-0.010923314,0.007916986,-0.0007653795,-0.013024377,-0.01542084,0.9902551,0.019550854,-0.014198217,0.004895623,-0.012070978,0.0024640188,1.0277184,0.98337615,5738.995,59.796402,90.74747,73.36336,13.0072365,74.42883,0.00020209726,99.69152,-2126.2588,DOS-TCP_FLOOD
19.767836,6.0279202,64.0599,17240.945,0.004579937,0.0077044773,-0.012466869,-0.0014433748,-0.012841426,-0.006130864,0.00071662944,-0.6949698,0.117760554,0.0076369937,-0.0087285405,0.110961854,-0.0008476264,0.012341825,0.01448839,-0.005822559,-0.004367742,-0.0035878923,0.98296916,0.0117863715,-0.012591611,-0.018578365,-0.010459394,-0.009511503,1.0417938,0.9996431,8396.172,60.138603,79.008896,88.26476,5.039961,93.811554,2.4173802e-05,99.022934,-1164.1118,DOS-TCP_FLOOD
19.728024,6.1796794,63.91277,14823.516,0.0020105112,-0.0029670538,0.014973862,0.00027209893,0.005103724,0.02695218,0.0052472786,0.12586188,0.10215424,0.018248778,-0.024933614,0.116505235,-0.009487174,0.02226112,0.025456082,-0.0011367351,-0.007211733,-0.0025424547,1.007661,-0.0065448224,-0.013494431,-0.006485961,-0.018460196,-0.02865376,1.0235525,0.97378606,6820.194,59.874218,203.0986,74.76691,67.973656,100.40423,0.00022025884,98.05596,16574.498,DOS-TCP_FLOOD
21.298061,5.551361,63.81329,6279.5435,0.010186386,0.014716129,-0.0031109457,0.010403466,0.07114295,-0.028264651,0.0075815893,2.7704606,1.0041537,0.17193033,-0.049175896,0.16943651,0.067914926,0.026919164,-0.0022158585,-0.015133133,0.019883074,-0.013155995,1.0181651,-0.022412255,0.0034174812,0.013588228,-0.012810418,-0.00024767593,1.0112932,1.0018196,3400.113,60.03298,126.57373,24.848656,31.997267,62.757915,0.00021415138,98.613556,8986.042,DOS-TCP_FLOOD
19.862705,5.7577515,63.925358,9888.844,0.058175005,0.0108096665,-0.025092939,0.022361616,-0.01746042,0.009272275,0.036006637,-0.0015197992,0.54795957,0.71850574,-0.056945175,0.058607414,0.13255459,0.02277302,0.012779833,-0.023067007,-0.008875922,-0.009605367,0.98006296,0.024767447,-0.0049438886,0.014928905,-0.028601578,-0.020278303,1.0229988,0.9947646,5515.0493,58.73434,85.75075,43.77203,6.4741583,53.626377,-3.030304e-05,99.24374,-7645.8667,DOS-TCP_FLOOD
20.18076,5.355485,64.15756,23538.025,0.011972933,-0.011164724,-0.0081031155,-8.0356374e-05,0.008623093,0.0058484212,0.014895864,0.6057729,-0.094564155,0.01363592,-0.046331912,0.079272084,0.07041102,-0.00026946422,0.020219617,-0.022139572,0.008996952,-0.015883401,1.0253264,-0.008020493,-0.0011817017,0.023477681,-0.007125246,-0.011248783,1.0345247,0.97607505,5890.8867,60.004154,120.96749,57.485725,17.721312,57.81709,2.7646223e-05,100.30508,969.3985,DOS-TCP_FLOOD
22.51974,5.6471963,67.75685,9702.104,-0.020730637,0.012646425,0.0054186163,-0.0027509595,0.05884829,-0.015917197,0.009659344,1.6593574,0.15054521,-0.00038011,-0.057866037,0.17066443,0.0055328715,-0.011181914,0.004309113,-0.015556087,-0.012567845,-0.02364001,1.0776799,-0.046936832,-0.011404933,0.0056954855,-0.048365686,-0.0041930377,1.0023557,0.9914137,5765.0586,62.81838,166.06091,46.712914,48.606106,49.860214,-0.00010384274,100.22637,7297.8643,DOS-TCP_FLOOD
17.49931,6.21937,62.08646,5762.3555,-0.0041179545,0.0071011223,-0.011980827,0.007052528,-0.040315427,0.028092068,0.02927157,0.38682395,0.12583505,0.043804258,-0.013622658,0.06876353,0.0013031474,0.02209098,0.02124833,-0.014772473,0.011635962,-0.0063466,0.92427766,0.05424547,0.013673087,0.013137813,-0.0021248963,-0.027722567,1.0243053,0.9645724,7454.41,60.500267,392.97797,105.145905,98.94538,117.192215,0.00035423087,98.213715,25357.52,DOS-TCP_FLOOD
19.919128,6.153409,66.297325,11425.451,0.018597718,0.0047881883,-0.023291016,-0.0012470594,0.010179723,0.0006243255,0.018763108,0.15008503,0.13155003,0.017805375,-0.06734735,0.1078945,-0.003614649,0.015785504,0.016328173,0.0010983692,-0.016422456,0.0025092391,0.95781404,0.030055914,-0.010769456,0.021329539,-0.016512904,-0.030889671,1.0135068,0.9879766,8016.2207,60.043575,51.810303,82.09294,-12.79401,77.80646,0.00021895985,98.473404,-8105.9233,DOS-TCP_FLOOD
19.822742,5.3565707,64.06927,14048.502,-0.02428334,0.011680973,-0.00670356,0.00764713,-0.02828194,0.025209773,-0.0074576824,0.010125995,0.30397952,0.17543778,-0.05918927,0.038667716,0.02075038,-0.025551962,0.0023152726,-0.037239328,-0.026230201,0.01207217,1.0178344,-0.016611896,0.041593827,-0.019228276,-0.026401237,-0.019053485,1.0466251,0.9877866,6748.0137,60.72218,519.31116,103.8674,93.804405,134.72818,-6.750184e-05,103.06445,27381.062,DOS-TCP_FLOOD
18.807997,6.1072836,63.588936,14454.303,0.004210947,0.00250941,-0.010772939,0.011823532,-0.03778839,0.0012855738,0.03705625,-0.856477,0.24589542,-0.011651357,-0.070333935,0.06353437,0.0041960343,0.0024079625,0.019196557,-0.010961596,-0.0046189944,-0.0070927846,0.9455088,0.042057402,-0.014219627,0.004340942,0.010093184,-0.02496475,1.0170358,0.96629417,6897.9756,59.225735,131.19322,61.07783,18.101452,68.13685,2.2580629e-05,99.17096,2926.291,DOS-TCP_FLOOD
19.431784,6.020622,64.20057,23576.375,0.039249156,0.009910637,-0.024190955,0.004040271,-0.032468677,-0.026365824,0.012425823,0.14911711,0.22095023,0.67376184,-0.0707089,0.087530755,0.009314284,0.033114716,0.011862632,-0.034796156,-0.016162468,-0.0067681307,0.9614998,0.02020133,0.038703293,0.013086496,-0.02173326,-0.04928347,1.0132631,0.9819851,8299.262,59.845924,480.63626,55.281715,54.50312,79.8033,0.000135056,102.40506,-1985.0317,DOS-TCP_FLOOD
20.612415,5.871695,64.204506,6286.9883,-0.014380941,0.015362062,0.07491669,0.067892276,0.15265977,-0.025075428,0.007776012,11.704527,1.0316476,-0.15524909,1.2614405,0.18940598,-0.0029584558,0.0009279512,-0.0024369918,0.008825771,0.010352702,0.012777386,1.0185347,-0.024732891,0.011880226,-0.007305296,-0.018935602,-0.01539691,1.0004171,0.988844,7390.9727,59.383442,264.38464,79.14147,71.28212,90.718025,0.00026342436,95.0422,12322.481,DOS-TCP_FLOOD
20.6873,4.687861,66.57824,14375.652,0.034724146,0.009482499,-0.029630529,0.09579868,0.03272773,-0.006898566,0.040427107,1.6628145,0.27006066,0.57537097,-0.11807677,0.12039597,0.00039775483,0.03381276,0.010032085,0.0032618549,-0.014738927,-0.02148684,0.9963142,-0.024881493,0.0033892365,0.00519315,-0.00041481107,-0.03413322,1.0076636,0.98045045,6581.4224,59.644848,379.56232,55.32751,46.026394,54.745018,0.00019137404,98.63085,3387.2732,DOS-TCP_FLOOD
20.178709,5.187455,64.1245,32529.018,-0.002364358,-0.0025057294,-0.00022722408,0.0008821915,0.033479303,0.029772706,0.035397604,0.5090634,-0.20196483,0.0794661,0.00096431,0.04911329,0.008667506,-0.010945521,0.022698496,-0.0027165422,-0.00400987,-0.0018303934,1.0006437,-0.00784215,0.02013874,0.010940522,0.032707877,-0.032037254,1.0174558,0.9838987,8946.218,60.05852,782.47986,126.53993,168.0281,140.3725,0.00011098649,99.99863,67030.555,DOS-TCP_FLOOD
19.726973,5.1961923,63.10587,21214.758,0.016276013,-0.00027712435,-0.011875754,0.017582579,-0.027482254,0.024288252,0.0675266,-0.7683611,0.009303838,0.07063788,-0.029291062,0.061962757,0.01766615,-0.0020984234,0.030527402,-0.027443271,0.008894297,0.003159428,1.0096189,-0.01708129,-0.026919845,0.01580448,0.0024875952,-0.019866882,1.0149226,0.9501017,6464.8223,59.548088,136.32437,52.06455,33.126823,63.903923,-2.2313514e-05,99.69876,5740.522,DOS-TCP_FLOOD
21.464796,4.9515343,63.835865,19793.24,0.03054941,-0.0013315602,-0.0010663108,0.0016553175,0.023901073,-0.0044921096,0.03179227,0.19890726,0.15207002,0.04129605,-0.10753323,0.15466855,-0.021475598,0.0033611385,0.034845103,-0.014089828,0.010283393,-0.03188369,1.0515327,-0.015661206,0.002974274,0.042397078,-0.008016996,-0.024856718,0.98676145,0.97713745,6284.238,59.420353,66.246994,82.20565,0.9842224,93.62663,-9.202129e-05,102.86456,1760.1675,DOS-TCP_FLOOD
22.41419,4.3954816,63.852486,10849.344,0.0025103707,0.009793721,-0.0077275787,0.016046403,0.11351464,0.006094374,0.024986953,6.934502,0.2550381,-0.11504866,-0.023341596,0.13501333,0.16732661,-0.0015696511,0.0012980169,-0.020309182,0.00893,-0.015392936,1.08833,-0.06616274,0.007981357,0.027415158,-0.032676592,0.004336806,1.0149668,0.9689342,2457.7625,60.03545,405.3496,29.072273,79.21898,52.973923,6.9798596e-05,97.51748,16751.75,DOS-TCP_FLOOD
19.013172,5.0143294,64.346504,16840.145,-0.02787997,0.007867925,0.16922562,0.01687838,0.0057480745,0.0151896905,0.019963559,-1.0358329,0.35171628,-0.05549801,2.7894416,0.06190406,0.007770887,-0.013175428,0.03397712,0.02086154,-0.007457465,0.010672709,1.0378462,-0.043101575,-0.016283965,0.015122451,-0.009580822,-0.028467411,1.0307529,0.9791773,6037.038,60.25499,32.143524,33.069187,17.126535,45.891148,-0.00010950655,97.82586,3253.8762,DOS-TCP_FLOOD
21.841393,5.0885897,63.163826,13851.715,0.01603515,-0.0062194043,-0.024878325,0.005579757,0.07278938,0.024994517,0.0029086112,1.1504742,-0.2910377,-0.008618672,-0.039439447,0.093332075,0.36434376,-0.019966176,0.002862555,-0.0111956,0.009287204,-0.028819427,1.0316133,-0.004321977,-0.0014387909,0.028206728,-0.0010020938,0.01808269,1.0472348,0.9977338,7124.215,60.256523,241.30516,26.806755,28.09497,29.39692,0.00016774767,94.816666,-3062.1614,DOS-TCP_FLOOD
20.1253,5.551879,62.29592,11066.782,0.022309568,-0.006740355,0.032163948,0.008991052,0.07904621,0.0018610636,0.008745894,0.5000429,-0.17305222,0.023288846,0.39862332,0.16191834,-0.00013403036,-0.009467671,0.0028102146,-0.011325757,0.031973008,-0.028828533,1.0242426,-0.031255513,-0.019629762,0.052854083,-0.011977506,0.00954721,0.9859297,0.98351634,6600.4243,59.720493,-35.512634,55.057434,-1.1534843,69.68828,0.00026488287,96.0456,-7157.7534,DOS-TCP_FLOOD
20.072798,5.312045,64.814,12855.988,0.0351032,0.014565895,-0.030334413,0.021770999,-0.009187352,-0.006141169,0.021329008,1.0536022,0.570053,0.02282233,-0.109839804,0.068846196,0.01783862,0.011997962,0.018078675,-0.008806506,0.0029520504,-0.011653354,1.0093614,-0.011206346,0.0061894837,0.011462359,-0.035327993,-0.03985779,1.0092443,0.98106486,5102.761,58.774628,214.52792,38.736034,19.189554,52.87402,7.198517e-05,103.88831,1756.8262,DOS-TCP_FLOOD
19.1823,6.3225074,64.11232,16520.785,0.000578193,0.0020125464,0.001524575,0.0047982354,0.002847814,0.0155425295,0.010149282,-0.074411154,0.2161879,0.14908147,-0.057830814,0.1061459,-0.0025068973,0.0035382016,0.0048936764,-0.02050246,0.0062159123,-0.007664612,0.9571293,0.02474725,-0.0071718213,-0.018065276,0.003955043,-0.017925628,1.0384773,0.98792964,8297.474,60.216446,84.5739,69.1564,20.830658,87.91143,0.0003041012,97.42915,-63.931274,DOS-TCP_FLOOD
20.34582,5.442339,67.72277,21663.174,-0.012444993,0.011073926,-0.02027157,0.008403787,0.026439501,0.009785365,0.026481833,0.4599781,0.24016397,-0.0048634224,-0.053661745,0.03287655,0.1402844,0.0022370135,0.019279648,-0.004729838,-0.016528398,0.00075150747,0.986356,-0.010830312,-0.005936632,0.01397145,0.009909178,-0.008327168,1.0318232,0.9915521,7649.5225,59.70475,215.4588,64.506485,30.040232,66.15418,-0.000169021,96.156204,2857.3782,DOS-TCP_FLOOD
20.253965,5.0111217,62.572117,6124.6123,0.019563215,0.008087323,-0.0059979246,0.05524512,0.09694808,-0.0028492631,0.04038439,1.8800737,0.09191438,0.11478879,-0.010678618,0.15532774,0.0232186,0.03272272,0.01589495,-0.0009041652,0.033296317,-0.004119589,0.9932795,-0.0437904,0.0009375112,0.045991793,0.00032175798,-0.016937569,0.99319893,0.96105576,5680.8843,60.31119,375.64197,33.51243,79.81799,60.164997,0.00040755526,94.84949,12569.756,DOS-TCP_FLOOD
20.884432,5.631419,64.7216,15464.613,-0.012171221,0.004836986,-0.020777516,0.02434267,0.052415036,0.0052015176,0.014933132,0.67097247,0.1259959,-0.018618697,0.034919932,0.03234791,0.24994306,0.00066969544,0.010268389,-0.01634807,-0.013520207,-0.026789883,0.9989602,-0.0011358149,-0.017897539,0.008546671,0.002617957,0.02721309,1.0380536,0.9911139,6578.5415,60.007458,77.58469,32.69524,20.032145,40.89712,5.437246e-05,95.888,2836.8674,DOS-TCP_FLOOD
20.141184,5.2020874,66.61873,6249.2217,0.027385365,0.012960573,-0.018965097,0.014945849,0.002828882,-0.01598475,0.032584086,-0.23895419,0.5193452,-0.054148965,0.05566031,0.122175954,0.019622851,-0.00043204054,0.02137879,-0.009943171,0.0061349664,0.02385646,1.020735,-0.028868081,-0.013125142,-0.0025205838,-0.012020878,-0.043005504,1.0306545,0.98816264,5866.5728,59.92002,135.38837,65.468216,22.36777,76.939964,0.00020708893,101.155396,11374.772,DOS-TCP_FLOOD
22.139818,4.7623982,64.794846,11904.748,0.018067975,0.0022697253,-0.035551,-0.0014085694,0.045005955,-0.012929345,0.010813084,8.178395,0.4015193,0.012242197,0.011563561,0.12758723,-0.0009097922,0.008073672,0.022111103,-0.007473104,-0.013786463,-0.022998955,1.0790076,-0.021507727,-0.0008023251,-0.006678037,-0.043575983,-0.014485398,1.0309035,0.98890823,4771.299,61.073666,58.28508,56.980022,-15.271046,71.30328,8.659354e-05,106.306564,-13042.78,DOS-TCP_FLOOD
19.958813,5.374955,64.03388,10512.642,0.021380194,0.005543285,-0.010828694,0.010575995,0.020985428,0.0005168776,0.0338889,0.09001434,0.1953111,0.13629475,-0.012356768,0.1363204,0.00038505346,0.008350461,0.024723224,-0.030518487,0.005057575,-0.006764345,1.0128549,-0.031777725,-0.017029786,0.0011000177,0.0030233013,-0.022602137,1.0306991,0.97795314,7904.3687,60.392048,200.96652,82.85545,47.78694,108.28265,0.000275319,100.66615,9682.384,DOS-TCP_FLOOD
19.999044,5.829974,64.63951,14737.119,-0.009436718,0.0068051666,-0.03135867,0.0049047503,0.051313132,-0.010011628,0.006089334,0.62540555,0.20212546,0.029917933,-0.04931984,0.09079124,0.0050227516,-0.0076599275,0.029061452,-0.044456415,0.007489244,-0.0004916219,1.0049026,-0.01773485,-0.009093887,-0.017099736,0.011240723,-0.008066081,1.0328054,0.99808943,9372.66,61.419426,251.32996,88.117455,50.34192,114.54459,-5.8350124e-06,96.925446,7361.474,DOS-TCP_FLOOD
21.252916,5.9240885,63.45531,17357.94,-0.021285137,-6.7885965e-05,-0.0027307332,0.004829673,0.06262838,0.006697876,-0.012821527,0.660935,0.27239275,-0.017331462,-0.0845041,0.032091014,0.4834455,-0.0025509996,0.038621254,0.012959961,-0.004628999,-0.03511958,1.0125208,-0.010024692,0.008046156,0.013024744,-0.028115619,-0.010217837,1.0450671,0.99468446,2943.9294,59.110283,62.712982,6.774338,15.685986,45.087536,9.022956e-05,94.5689,-5169.4844,DOS-TCP_FLOOD
20.07015,5.3832684,62.550457,9258.135,0.03878775,0.002344391,-0.012254828,0.016542226,-0.00018043257,-0.0024808152,0.037712097,0.37468374,0.25971717,0.26368362,-0.073761925,0.1471257,0.0049728947,0.026045658,0.021876523,-0.012756385,0.010317163,-0.013296314,1.0038711,-0.006206775,0.006011387,0.03592411,-0.015968928,-0.029699288,0.99600047,0.96048754,5831.527,59.83421,158.16792,51.44383,40.040833,75.42437,0.0012586758,100.07399,9092.884,DOS-TCP_FLOOD
21.102333,5.84902,64.85669,12652.364,0.01285591,0.022186982,-0.01959305,0.0022751587,0.045866013,-0.03972864,-0.02049364,1.1869496,1.1932726,0.032577395,-0.044896025,0.16532405,0.0070020626,0.025353272,-0.019346628,-0.020584071,0.0030541327,-0.025417462,0.9940924,-0.010330742,0.026349679,0.0055011176,-0.049660135,-0.03192936,1.0102051,1.0140861,5658.8765,59.52787,24.033188,79.87914,-11.457418,97.97544,7.488998e-05,98.09078,-1547.0667,DOS-TCP_FLOOD
19.60775,5.6908846,64.86154,11913.199,-0.0073671523,0.007751903,-0.0108623635,-0.0016905811,-0.009998972,0.010457932,0.00037616352,0.22888905,0.36089182,0.055656325,-0.0521652,0.08844419,0.006279267,0.017884932,0.03511277,-0.018284392,-0.009728846,0.0043633347,0.99997693,0.0020228438,0.016410338,0.009143762,-0.023672722,-0.043524034,1.0200125,0.98572624,5842.2036,60.333656,159.01352,83.589294,27.976944,93.802025,8.354253e-05,101.69335,2376.9436,DOS-TCP_FLOOD
19.895056,5.073063,64.35727,13995.865,0.013234496,0.0017119754,-0.022282286,0.020721525,-0.015626196,0.011432898,0.024762742,0.18103737,0.13206738,0.18578553,0.087031916,0.12653717,0.021946691,0.017293148,-0.00914669,-0.03555356,0.01877502,0.010434756,1.0328531,-0.024600225,0.013000464,0.020277726,-0.0021696417,-0.011493861,1.0146476,0.98510206,7510.2085,59.52274,329.20355,54.392754,52.430397,75.45276,0.00021221711,102.17928,8846.543,DOS-TCP_FLOOD
19.34046,6.331476,64.149796,7592.564,0.02005189,0.0012163519,-0.0028009154,-0.0050923545,0.04973404,0.004663121,0.031637497,1.1500746,0.1885862,0.08666001,-0.06165438,0.109421045,0.0072069964,-0.006284439,0.0133475335,-0.03440118,0.0086162975,0.011125541,0.95013154,0.03315493,0.01095232,0.0207556,-0.013841603,-0.038636304,1.0016699,0.97438294,7237.757,59.5673,188.70401,82.25837,38.97165,88.013054,0.00013302073,94.653435,7315.7476,DOS-TCP_FLOOD
21.101292,5.0877395,63.875423,15324.342,0.038344577,0.005081915,-0.028913602,0.023059003,0.043405764,-0.0080894735,0.017018314,0.24298447,0.14100665,0.469069,-0.040374734,0.15087444,-0.00231593,0.011503281,0.008360398,-0.003889692,0.0092821,-0.024085216,1.0179977,-0.04012326,-0.025109379,-0.011277917,0.020082567,-0.008743293,1.040567,0.9967605,7466.913,60.41651,69.025406,50.526093,-1.6751137,69.350266,1.0119271e-05,98.705444,-4123.3076,DOS-TCP_FLOOD
20.27108,6.0687947,69.327644,11228.166,0.009057335,0.008220947,-0.015999304,0.00028686412,0.008825177,-0.013874517,0.010068476,3.5619867,0.14552827,0.08488544,0.026788788,0.10573048,0.016523216,0.008391444,0.00017174985,-0.0054498157,0.00086141285,-0.034863934,0.9917313,0.031272043,0.0073994785,0.008032667,-0.032319024,-0.024864484,1.0168914,0.9982038,6477.0874,59.33992,282.48608,80.76756,44.71254,76.07033,0.00012758188,100.060616,10227.1455,DOS-TCP_FLOOD
19.419573,5.6493363,63.80794,14994.336,0.013968658,-0.0037308254,-0.017534822,0.022366047,-0.017773906,0.030043676,0.047098488,0.02718097,-0.13553038,0.21084683,-0.025786426,0.06971076,0.08829519,0.013922619,0.004362236,0.0013630232,-0.00870072,-0.015412307,0.9716606,0.047552776,-0.017417857,0.01803239,0.011589899,-0.024248919,0.9926954,0.96342635,7568.782,59.72459,337.1969,75.87651,57.3681,73.32701,0.0014956627,98.42163,1809.6987,DOS-TCP_FLOOD
19.599096,6.0068593,64.66789,12615.486,-0.011439136,0.0010186656,-0.018257432,0.0203759,-0.014332924,0.017747823,0.043534987,-0.4642117,0.053863864,-0.02865973,-0.037153117,0.078074984,0.0024161849,0.007909112,0.014480674,-0.008077686,-0.013679501,-0.0035507558,0.97672063,0.018069519,-0.010820115,0.005267493,0.00169646,-0.022301814,1.0208106,0.97803,7266.508,60.198368,67.33383,68.01542,-5.5813847,77.589935,5.8844307e-05,99.30952,-4421.9985,DOS-TCP_FLOOD
21.50087,5.7615924,67.21369,11568.15,0.10062054,0.0016397383,-0.02821821,0.005191821,0.030678315,-0.013317246,0.009668476,1.1814343,0.3966793,1.6247675,-0.09519388,0.20031415,0.0090615535,0.032263704,0.0102480445,-0.035786767,0.0077604544,-0.010491092,1.013194,0.008401947,0.0109529905,0.018206578,-0.018271044,-0.035380833,1.0206808,0.9967458,6461.686,60.449905,155.63814,94.238716,15.388456,94.47482,0.0016743575,99.410324,2573.8518,DOS-TCP_FLOOD
21.078356,5.242287,70.11,17220.258,0.01699281,0.024421843,-0.00065749977,-0.008573136,0.024711287,-0.05536579,0.003962943,0.7463155,1.0356812,0.025531784,0.12585415,0.13910742,0.013724654,0.030916912,0.012867868,-0.010839821,0.009830402,-0.008431248,1.0226933,-0.033162754,0.0021802983,0.00017293729,-0.033034414,-0.044597343,1.0218073,0.99322844,4451.2476,59.12552,160.72864,67.76956,16.191242,70.96606,-8.557462e-05,98.104935,9883.135,DOS-TCP_FLOOD
20.151903,5.480913,64.55068,14420.371,-0.027292289,0.0020627931,-0.0016972469,0.011496342,-0.027497651,0.002516327,0.038389903,-0.88403726,0.080599375,0.006079413,-0.10987178,0.14092153,0.0050801043,-0.003984594,-0.0026067393,-0.014639098,-0.013587251,0.011888704,1.0066881,-0.015905943,-0.014183415,-0.0063487305,0.021173183,-0.023817437,1.0229229,0.9641954,7619.6655,61.6228,257.11658,76.35248,70.52006,80.51074,0.00019856189,102.52154,19530.027,DOS-TCP_FLOOD
19.928976,5.0476685,63.203102,10288.631,0.031580474,0.0107164,-0.025078434,0.038905904,-0.0014139405,0.0011704228,0.056191973,0.85739535,0.25925288,0.47928458,-0.024482075,0.12717482,0.11861942,0.017202921,0.019120092,-0.02730218,0.0026241317,-0.0008299062,0.99264973,0.009904015,0.005922606,0.021749958,-0.021674704,-0.030907804,1.00288,0.96302307,4641.971,58.80841,310.10974,37.417107,66.63277,59.518463,0.00049026345,100.68762,10389.067,DOS-TCP_FLOOD
19.03713,6.460132,64.25489,21095.178,-0.010855616,0.00032098964,-0.020827897,0.00684132,-0.04141944,0.02697451,0.024259167,-0.072132945,0.13380149,0.051570326,-0.077153936,0.055321895,-0.0037622333,0.0076260366,0.046370976,-0.013022639,-0.03378958,-0.00023250934,0.95782083,0.0634407,-0.0162374,0.00773116,-0.013145672,-0.03386982,1.0317556,0.96721375,5296.8135,60.03768,58.96756,57.652428,14.176517,66.26196,6.372458e-05,98.636536,-539.7823,DOS-TCP_FLOOD
20.37125,5.172488,64.15426,9862.897,0.0058419816,0.0066052587,0.0072247135,0.036022514,0.0041378317,-0.0062758327,0.029928423,0.23891163,0.19229166,-0.0057319645,0.16490653,0.17643414,0.017464831,0.017372547,0.010065529,-0.012500346,0.0038788002,-0.00094207004,1.0287585,-0.03240654,0.0054850546,0.011939843,-0.0040226057,-0.025143266,1.0033091,0.98157644,6207.823,59.756577,285.8043,59.96861,57.098175,79.14896,0.0002865862,100.79677,6009.9536,DOS-TCP_FLOOD
21.79853,5.0199685,71.24301,28676.646,-0.022984436,0.0055502956,-0.025937982,0.002478984,0.013092266,-0.023251902,0.026413204,6.5975685,0.33987254,0.029677225,0.04902366,0.1517138,0.0046351696,0.016181452,-0.0048163487,-0.0077965106,-0.021269375,-0.03231365,1.1006072,-0.028330456,0.008217513,-0.0067498838,-0.056748953,-0.015204433,1.0482731,1.0190217,5918.5195,60.766926,386.79315,84.73621,46.466576,70.91398,-0.00023086522,104.044846,15411.057,DOS-TCP_FLOOD
18.763079,6.9364185,64.785805,12970.641,0.008173277,-0.004014546,-0.02164472,-0.0014037228,-0.038877137,-0.0016184023,0.027511848,-0.7957736,-0.0076676905,-0.015912183,-0.052319087,0.06797238,-0.006269938,0.0060406094,0.027035752,-0.010929563,-0.011031778,-0.0071202307,0.96592176,0.05625343,-0.017584555,-0.00032678712,-0.008239978,-0.0303827,1.0309304,0.9853103,8871.328,60.444267,107.98929,99.04202,14.780019,96.987144,0.00013036712,100.03715,4687.6616,DOS-TCP_FLOOD
20.29688,5.4522047,63.889732,11992.157,0.011093145,0.00366028,-0.009757705,0.0136802215,0.02215686,0.00046715315,0.025457228,0.41843742,0.05384293,-0.011723665,0.03461907,0.09619441,0.05595384,-0.0047719525,0.018632554,-0.02149155,0.001494335,-0.016053671,1.0085273,-0.012250717,-0.016855506,0.040074475,0.0016945926,0.0068303663,1.008864,0.9723748,8135.4507,59.57355,142.80167,74.80078,36.719044,94.358185,7.711291e-05,97.53069,7510.4614,DOS-TCP_FLOOD
20.919079,5.5898857,69.27198,17703.15,-0.028258963,0.010270766,-0.017574059,-0.00076402904,0.06300397,-0.0061148545,0.0005749287,1.4168893,0.28906512,0.048865374,-0.052544855,0.0902783,-0.0072174133,-2.9755756e-06,0.028451689,-0.021637525,-0.018820466,-0.014656475,1.032104,-0.031763263,-0.0075622015,0.008226798,-0.00020943582,-0.017011374,1.0149734,0.99871486,8572.344,60.608727,213.73804,110.94066,37.164413,102.300316,-0.00023330744,97.9316,11871.962,DOS-TCP_FLOOD
20.306166,5.951527,63.601227,12432.045,-0.053475384,0.005286846,0.02514942,-0.0009810439,0.031118533,-0.006381687,-0.00016829697,2.9141312,0.09267895,-0.0244778,-0.14127886,0.14994083,0.0010096728,0.0050006807,-0.018803373,-0.00057857484,-0.020948783,-0.033583302,1.0266067,0.0066197454,0.022480056,0.02099995,-0.03693349,-0.025237497,0.99489045,0.9673201,5243.4805,61.003754,59.14937,57.19775,29.401672,74.28404,0.00019269495,101.48968,4557.394,DOS-TCP_FLOOD
19.87347,6.1576858,63.8994,10096.903,-0.031236254,9.864196e-05,0.029323336,-0.006346074,0.022039972,0.004059234,0.036184717,0.21741146,-0.09594258,-0.06489931,0.1192147,0.1797086,0.00956429,-4.8670918e-05,0.004007509,-0.011908835,-0.0021568453,0.0025684293,1.0346044,-0.006020507,-0.011833793,0.027909443,-0.013902903,-0.0462899,0.9997932,0.9567888,5437.296,59.03198,138.61932,82.01735,41.09021,89.824814,0.00023473578,98.85341,6784.7676,DOS-TCP_FLOOD
21.769272,5.3179574,65.16622,15648.791,0.06590692,0.018984217,-0.033777013,-0.0044111875,0.01910169,-0.056403093,0.008329807,0.44205707,1.0700102,0.3724982,-0.06364093,0.16017053,0.0068801264,0.026155349,0.012655225,-0.011549549,-0.0057185744,-0.023239613,1.043053,-0.040083546,0.0143267475,-0.0056927,-0.023424283,-0.04930869,1.023161,1.0048513,5117.8975,59.609997,155.577,84.28868,22.975645,94.55368,0.00018839852,103.87858,8148.9863,DOS-TCP_FLOOD
20.842205,5.869307,64.7878,15786.363,-0.00250116,0.006584848,-0.015074871,-0.0018783225,0.010150647,0.028103344,0.012630889,0.8909407,0.551366,0.009647011,-0.066470906,0.0876338,0.016335389,0.009575485,0.010362388,-0.013857877,0.0075239404,-0.0003196206,1.0281683,-0.029306088,0.027009306,-0.005439995,-0.022110818,-0.040599585,1.0379295,0.9931124,5763.6216,61.376293,149.84015,44.871567,27.541277,75.05679,0.000103425,102.184525,186.63226,DOS-TCP_FLOOD
20.97964,4.485889,62.60932,20089.607,0.041889515,0.0056727524,-0.04533793,0.01117492,-0.03350421,0.03376311,0.010866811,0.15850961,0.44556218,0.35648787,-0.053277057,0.15264018,0.11448846,-0.017268164,0.015517982,-0.037237957,0.011465404,-0.0025003124,1.0707659,-0.019479262,0.04499558,0.020532735,-0.05027685,-0.05712031,1.0314881,0.97226804,5785.8037,59.23029,336.96057,96.10835,63.204662,115.791275,0.0010287598,105.76855,14847.776,DOS-TCP_FLOOD
19.916187,6.062273,65.2882,22468.365,-0.0072060707,0.0046038027,-0.029117253,0.006751104,-0.00028063357,-0.015286721,0.023416558,-0.17632008,0.20238473,-0.0037714653,-0.048972327,0.0924633,0.004854694,0.016592225,0.028111378,-0.016484942,-0.01788935,-0.0063997135,0.99129826,0.01174359,-0.024641436,0.009085221,-0.011432393,-0.026473628,1.0051244,0.9809578,6202.5176,59.745186,76.0388,69.04724,11.635896,83.23584,1.556969e-05,100.33636,-1469.0183,DOS-TCP_FLOOD
20.86977,5.127402,62.85116,28797.79,0.03079912,-0.0057164314,-0.02577779,0.010595726,0.03989427,0.019003186,0.031935256,1.2929858,-0.15457195,0.07293395,0.07395919,0.05561227,0.19304363,0.0006877491,0.029255405,-0.04006297,0.011409986,-0.015122684,1.0315534,-0.027335757,-0.02401313,0.037083115,0.014328865,-0.015099205,1.0096457,0.9573921,5989.237,59.724365,261.0381,48.57247,57.345844,49.065205,0.00031984353,97.21278,-1658.8423,DOS-TCP_FLOOD
19.608503,5.2022243,63.913853,22389.889,0.015577479,0.0037180332,-0.0027126353,0.012017214,0.004100359,-0.008300761,0.026829273,-0.82863307,0.14206283,0.04409375,0.06724249,0.0917546,-0.0067043263,0.01088655,0.023185536,-0.010050916,0.0020322483,-0.008590765,1.0108075,-0.023394411,-0.015525081,0.01717812,-0.0047170464,-0.0077586616,1.012935,0.98297155,7045.105,59.54997,86.08096,42.731884,9.23192,61.265636,-0.00026512006,98.60558,3498.6243,DOS-TCP_FLOOD
19.238962,6.231089,63.745617,24099.955,-0.021792082,0.003742478,0.011944227,0.011140057,0.031279504,-0.011323494,-0.0032836176,-0.24001884,0.10022298,-0.020500796,0.12690914,0.08381925,0.049317695,-0.004553562,0.0214543,0.008377269,0.00014954247,-0.010120914,0.97627383,0.011931423,-0.004937148,0.037393007,-0.009195832,-0.020261567,1.0277187,1.0023671,7441.896,59.731995,9.15889,45.583183,-14.713539,63.15432,2.5627087e-05,96.03135,-4404.4727,DOS-TCP_FLOOD
21.248634,5.171436,70.971596,26971.715,0.001147557,0.011818368,-0.0261994,0.02394909,0.030344777,-0.003980731,0.063999996,3.5597477,0.3108911,0.33566308,-0.06836576,0.08914403,0.008529506,0.01223266,0.0056223385,0.0043293973,-0.01677589,-0.029413763,1.023344,-0.021961339,-0.011519069,0.004458218,0.008386778,-0.04050838,1.0116919,0.98878574,6878.3755,58.742535,336.51117,60.282085,44.443527,63.432426,-2.0117048e-05,100.12004,7561.6665,DOS-TCP_FLOOD
18.620888,6.1478667,65.3908,7609.2295,0.02194526,0.0072655617,-0.014015025,0.005966216,-0.029084599,-0.023683403,0.031537168,-0.62843156,0.23160012,-0.003175456,0.118273064,0.12085603,0.0025874977,0.018945344,0.031355746,-0.006073755,-0.0044408767,0.010181567,0.93797946,0.04800263,-0.018647252,0.00041601597,-0.021688208,-0.05054302,1.0420756,0.9868044,7828.7144,59.125706,132.88823,88.16407,21.713543,86.41829,0.00017040706,97.219345,7170.8447,DOS-TCP_FLOOD
19.532825,6.0893865,63.698547,22493.248,-0.008719628,-0.00086674833,-0.010126968,0.008850262,0.01233113,0.003504627,0.052800655,0.29100132,-0.14889678,0.046756633,0.00078046694,0.06679901,0.007998044,0.010267919,0.011360595,0.009906687,-0.008551485,-0.0233775,0.98060334,0.018722396,-0.006028672,0.024538148,0.0012762612,-0.0421216,0.97548455,0.9697887,8010.948,59.870728,255.91428,69.527306,46.75669,83.10809,0.00020951469,99.491,-3189.1116,DOS-TCP_FLOOD
19.924726,5.2467117,62.633747,16768.814,0.0013033114,-0.0017630231,0.0115447715,0.0014556329,0.038074404,0.0008079392,0.021984046,-0.63188803,0.10807503,-0.04735844,0.037984036,0.13200456,0.008507475,-0.009369276,0.02220353,-0.020671591,-0.0027038204,-0.00836783,0.9978028,-0.035471655,-0.005339214,0.037214387,-0.0047928933,-0.019083083,0.99602175,0.95881444,6518.205,59.69236,2.770935,45.04844,-5.80509,58.499664,1.5427824e-05,96.35507,-3848.943,DOS-TCP_FLOOD
17.881525,7.0709944,63.062187,21706.432,0.0027186517,-0.0012050531,0.0027316343,-0.0037444711,-0.03010107,0.024881365,0.021439321,-0.44744444,-0.051832095,0.07572216,0.05652059,0.059624642,0.004833678,-0.0020926213,0.02552918,-0.01828244,0.0066793337,-0.0068070088,0.9283745,0.077759735,-0.018870328,-0.0013789779,-0.000579413,-0.02610097,1.024982,0.98102784,10521.584,59.315807,140.63675,114.56474,34.820625,124.97204,0.00019299841,96.17838,7990.623,DOS-TCP_FLOOD
19.981089,5.0737877,64.16801,24987.607,-0.011834455,0.007867653,-0.012629382,0.020387486,0.011670338,0.016849104,0.035635985,0.18806261,0.18371007,-0.035329983,-0.021074202,0.041899063,0.124724284,-0.0068442896,0.02811765,-0.013078788,-0.011536757,-0.020858003,1.0095606,-0.032292522,-0.014902252,0.013538892,0.018155541,-0.0143903475,1.0148042,0.96310216,8042.3174,59.45838,258.30954,88.769066,56.62485,95.518814,9.374785e-05,97.5486,4449.5845,DOS-TCP_FLOOD
18.86939,6.6658263,64.1374,17644.28,-0.0005104393,0.011447052,-0.014061488,0.0054957243,-0.05779171,0.026696723,0.032229997,0.23884058,0.20695911,0.04090434,-0.045712624,0.06087296,0.011141006,0.022415286,0.023408957,-0.009503615,-0.023233442,-0.018193357,0.91961414,0.06910034,-0.02161651,-0.010234617,0.0053259498,-0.019152336,1.0313666,0.97769004,5631.916,60.753998,111.77474,63.22536,21.94442,76.274414,0.00013104272,97.91049,3474.1448,DOS-TCP_FLOOD
20.452377,5.5649242,73.47363,18662.549,-0.0049332436,0.004695511,-0.03634554,0.01319884,0.023449812,-0.008627804,0.03316267,0.8341718,0.29452714,0.13462953,-0.0737886,0.04666194,0.083233945,0.003176434,0.004784204,-0.017114645,-0.0065591745,-0.0018990412,0.9941976,-0.018948192,-0.001334222,0.0021468417,0.0091415495,-0.021432377,1.0410959,0.99568415,7230.4473,60.04682,193.65051,59.35913,24.091583,70.37094,-0.00042270205,96.386375,5252.7295,DOS-TCP_FLOOD
19.786304,6.019946,65.75752,12768.398,-0.01689186,0.012972538,-0.011866929,0.015021007,0.031174585,0.0077418215,0.03655373,0.26316643,0.6767247,-0.051493466,-0.0775725,0.04144933,0.3103314,0.006287722,0.03052461,-0.029517999,-0.014321504,-0.009039048,0.97501314,0.012124351,0.007329669,-0.008376547,0.00039604492,-0.025391731,1.0237181,0.98014474,7409.82,59.131653,134.22418,75.35285,34.602104,98.26868,0.00028280384,96.598015,10335.025,DOS-TCP_FLOOD
21.381668,5.0553155,67.21305,10130.967,0.028654806,0.010922319,-0.036897846,0.0065652514,0.017323002,0.00013122859,0.019405901,0.40145254,0.29129803,0.030189097,-0.14248794,0.16026585,0.0052676955,0.032106537,0.033943016,0.0067750737,-0.017393768,-0.0042261137,1.0209298,-0.01500209,0.0058337534,0.009432372,-0.0052159047,-0.04402179,1.007614,0.9888982,5915.1562,60.54344,138.69397,73.238815,11.511963,79.22954,0.00030954284,100.4324,6875.2656,DOS-TCP_FLOOD
20.158205,5.7111955,63.826706,9779.064,0.0039214827,0.0072856485,0.0016017398,-0.0015841514,0.024381412,-0.009931461,0.002964253,-0.13795161,0.07035144,0.005762428,-0.039801154,0.15831435,0.005607603,-0.004496188,0.027551835,0.015356262,-0.010438134,-0.012776874,1.0064592,-0.012362608,0.00843645,0.014467817,-0.011656302,-0.026338596,1.0172868,0.99682695,6678.6924,59.888496,5.1680603,65.859184,-6.991663,81.7789,1.684502e-05,98.90462,-4368.6147,DOS-TCP_FLOOD
20.566196,5.455571,63.984985,13953.898,0.042836558,0.002896888,-0.021869078,0.005601835,0.0029031755,-0.0032369378,0.021681702,0.47677892,0.06668949,0.49357083,-0.078033745,0.13042797,0.04698703,0.009675384,0.01410618,-0.01443507,0.021777175,-0.0051809475,1.0181009,0.0019630864,-0.0030538277,0.00479035,-0.011424109,-0.043738704,1.0212343,0.98800874,7883.249,59.52297,261.05542,69.93768,39.899696,79.84319,0.0004829617,102.34316,6637.347,DOS-TCP_FLOOD
18.972647,6.2205095,63.986576,18930.348,0.005919244,0.0002682656,0.0062035816,-0.0005869102,0.014962263,0.013540112,0.011517409,-0.9272368,0.1538544,0.034103807,-0.005148072,0.09657406,-0.0048896163,0.0015263725,0.028998239,-0.038466144,-0.028201211,-0.017275933,0.9737567,0.019007903,-0.011332156,0.0011086103,-0.018012147,-0.029749589,1.0251865,0.9886511,6958.8594,60.450844,-31.084839,69.649536,-50.01761,69.99776,-9.33853e-05,98.4043,-20465.92,DOS-TCP_FLOOD
22.614271,5.503176,63.064167,45520.055,-0.03212157,-4.7184527e-05,-0.014901678,0.009502292,0.07655333,-0.016865497,0.0077846223,3.2571712,0.05694505,-0.12559487,-0.07681991,0.029752959,0.57711506,-0.02081205,0.044204116,-0.0025106408,-0.01646318,-0.033148844,1.0503349,0.0037975719,-0.0364207,0.031696487,-0.0017182529,0.034332592,1.0730191,0.98125654,4947.03,61.407764,106.702896,-20.520622,18.071196,6.432785,-6.62229e-05,94.44196,-6224.769,DOS-TCP_FLOOD
21.53528,5.278505,63.717876,18683.09,-0.008574481,0.0051069222,-0.0049824337,0.009099993,0.01884126,0.007986632,-0.0021332875,-0.16151476,0.18702796,0.009821392,-0.072837725,0.122595794,0.032988217,-0.015094981,0.017274268,-0.0019280566,-0.010935384,-0.033517424,1.0288649,-0.05299876,-0.0049684197,0.02516769,0.01791662,0.004136078,1.0187969,0.97987634,6185.7495,60.744614,-1.2345886,21.935776,-7.503029,49.58684,8.690596e-05,99.408775,-6696.222,DOS-TCP_FLOOD
19.912424,5.658713,64.55282,10729.945,0.02511005,0.0006931834,-0.013219631,-0.0038398795,0.034513194,-0.00066627224,0.02414778,0.06578392,0.07829134,0.08564819,-0.045498345,0.09943552,-0.01673591,0.0027133478,0.019184327,-0.028898712,-0.009813636,0.0011047255,0.97532225,-0.0006826669,-0.008297173,0.006008935,-0.004229038,-0.027602883,1.0344752,0.9863445,7193.3237,60.465015,44.749283,32.8027,-1.6292133,50.512627,-0.0003491639,95.08614,-3957.0828,DOS-TCP_FLOOD
19.45576,5.8342834,63.84689,12309.82,0.0115290135,0.011032205,-0.01870117,0.016534055,-0.031720333,0.023074811,0.03901323,-0.299451,0.4088934,0.027669147,-0.029240435,0.06427941,0.013190326,0.009965779,0.018602654,-0.021115474,-0.00276485,0.005631731,0.96728784,0.022297045,-0.012983241,0.02056663,-0.0091103595,-0.029302238,1.0292102,0.98219025,6269.3477,59.489685,103.38428,15.354027,16.821531,41.034904,-9.979778e-05,97.44976,6207.971,DOS-TCP_FLOOD
21.372278,5.388916,63.787743,17105.434,0.014239995,-0.001717813,-0.0064253085,0.01168087,0.05592729,-0.0030014496,0.02166839,0.6600405,0.07237441,-0.010931128,-0.109524295,0.15369457,0.006348462,-0.020566106,0.04133428,-0.008506457,0.0044212257,-0.027312946,1.0720072,-0.05127336,-0.011439594,0.039145596,-0.0069532357,-0.0014045183,1.0084262,0.9672109,5595.913,59.981083,84.35925,38.867153,9.526009,62.53275,6.682212e-05,98.58513,1100.4834,DOS-TCP_FLOOD
19.888733,5.6651254,64.227646,14815.373,0.004768418,0.014614803,0.009199138,0.007031136,0.011508778,0.00046166533,0.021844078,0.22574556,0.70537376,0.02722284,-0.062393606,0.10742373,0.0016657725,0.028620366,0.034305334,-0.024129597,-0.025548274,-0.019749153,0.974438,-0.016428659,0.022415254,0.0063528214,-0.027204446,-0.041736685,1.007056,0.9906322,5412.8916,59.699703,8.850159,73.56216,-14.079296,93.69856,7.314795e-05,101.53837,-6150.6504,DOS-TCP_FLOOD
19.935678,5.2573853,62.976295,18640.014,0.032966275,0.004775765,-0.008409282,0.009134088,0.00089468434,0.02671066,0.029820034,-0.15053296,0.24961653,0.052870803,-0.03531687,0.097103104,0.0020933778,0.015994735,0.026772138,-0.0113632055,0.0016375165,-0.030205749,1.0105063,-0.02778788,-0.0077498606,0.025592811,-0.022474082,-0.014349928,1.0106351,0.9676344,3767.217,59.783367,56.616837,48.661144,8.4002285,74.75595,0.00010285956,101.299545,-58.959167,DOS-TCP_FLOOD
19.02591,5.438145,64.49711,21828.213,0.003685616,0.007952995,-0.0149904,0.0076625976,-0.026235638,0.017038818,0.02094331,-0.082719326,0.19580498,0.05051833,0.029614845,0.072255716,0.01558553,0.008877566,-0.0018436881,-0.027449073,-0.001824135,0.009026056,1.0039558,-0.015007622,0.016990341,-0.0034212111,0.0018932251,-0.03500721,1.031856,0.9927896,10137.678,59.908604,340.5768,141.0421,70.06647,149.58624,0.00010525895,102.048775,15878.182,DOS-TCP_FLOOD
20.965418,5.436811,65.68945,10144.42,0.019878771,0.021423658,-0.032530997,0.006055057,0.017184064,-0.009573616,0.009477732,0.36635756,1.009871,0.074732795,-0.05316351,0.12403707,-0.010857428,0.022330377,0.01592278,-0.009755398,-0.011130284,-0.0015169661,0.9972713,-0.0043611596,-0.016031468,-0.014355518,-0.006321543,-0.027870424,1.0437335,1.0101986,7176.2407,62.428486,146.1383,49.450848,21.922949,67.163185,-2.2960143e-05,97.727486,6446.3086,DOS-TCP_FLOOD
20.846827,5.530006,72.48386,13143.215,-0.040513456,0.006931336,0.014299506,0.008480448,0.014337666,-0.008105728,0.01773467,0.355946,0.17462403,-0.020739121,0.058949873,0.13856617,0.040410202,0.027661216,0.021879084,0.009960494,-0.011288157,-0.022894025,1.0261585,-0.0089014415,0.0136638265,0.03030539,-0.024968144,-0.04602941,1.0110197,0.98624676,4707.525,59.142513,33.779068,74.533585,-0.5741768,85.82343,-2.0787396e-05,98.44822,2655.617,DOS-TCP_FLOOD
20.36192,5.480791,64.03196,20447.629,-0.018292774,0.013140248,0.0061490457,-0.0047386237,0.0026676739,-0.0057676267,0.0013956707,-0.57124066,1.2773354,-0.057766132,-0.076058775,0.145684,-0.0024714607,0.010748328,0.013998509,-0.019471206,-0.022233455,-0.0035427185,1.0349513,-0.025076019,0.02228219,-0.005233898,-0.012094019,-0.048461482,1.0288433,0.9912909,5762.146,59.040802,174.2354,82.51033,40.95707,100.039085,0.00022226632,103.49316,8308.493,DOS-TCP_FLOOD
19.255253,6.082435,63.312164,13639.18,-0.013420207,-0.00025013834,0.008618458,0.02691373,0.014230529,0.002853545,0.032161154,-0.35361505,-0.0863772,0.041431334,-0.014387442,0.12299298,-0.0022549396,-0.0030059041,0.027076054,-0.0132440515,-0.009597246,-0.017237633,0.96428347,0.01035562,-0.028755676,0.022865206,0.0050256634,-0.002831351,1.0092009,0.950334,8373.793,59.919548,80.549835,76.7185,17.75058,85.94266,0.00010870361,94.95898,3198.2837,DOS-TCP_FLOOD
21.585869,5.2531233,64.33412,17130.977,-0.025855735,0.006646016,-0.013569189,0.0041554268,0.015527365,0.010002894,0.020059414,1.4823093,0.15999553,-0.018153392,-0.1087308,0.14305793,0.009432108,-0.0065019308,0.010068784,-0.0034030853,-0.025218304,-0.022406418,1.0805862,-0.035515856,-0.0039372337,0.01226376,-0.034583602,-0.009391009,1.0221162,0.9828043,5829.7744,60.673965,147.4366,36.06874,24.96143,50.731506,-0.000100752615,101.73453,8737.0205,DOS-TCP_FLOOD
19.990717,5.263634,63.923443,15992.734,-0.0070066378,0.017637448,-0.0049962453,0.014443952,-0.0015999349,-0.0024236254,-0.0100071775,0.20940858,0.43938947,-0.008156029,-0.009938571,0.121801436,0.048897065,0.015162172,0.021321073,-0.02113959,-0.0021209521,-0.007861512,1.0207845,-0.029520826,0.016731532,0.013800239,-0.009472593,-0.025318082,1.0139798,0.99904954,5986.473,59.55739,66.43596,45.63436,9.503432,85.66743,2.621123e-05,100.19799,6688.2964,DOS-TCP_FLOOD
20.348171,5.1092076,62.04856,9934.865,0.005530063,0.0006987788,-0.004425503,-0.015512079,0.03654971,0.023788989,0.030503232,0.84672487,0.25273737,0.07962934,-0.09651184,0.097904444,0.047897156,0.015762273,0.008336887,-0.041097023,0.018582296,-0.0073262253,1.0294434,-0.044191167,0.028001886,0.036688816,-0.024235055,-0.016255263,1.0060741,0.951677,5155.389,60.25852,37.784164,28.086761,16.841536,60.42567,5.0432747e-05,98.380554,-5895.3438,DOS-TCP_FLOOD
19.12226,6.2065144,64.072136,17047.846,-0.0008844305,0.0079061575,-0.01169973,0.0055533317,-0.014377333,-0.01004407,0.015110012,-0.41687298,0.23764136,0.00077927485,0.0055374205,0.09141896,0.0052475417,0.02556205,0.023454584,-0.009770621,-0.01466935,-0.0015989458,0.94960046,0.03218113,-0.009338941,-0.014671033,-0.00043856446,-0.017433573,1.031236,0.9904481,7879.298,59.752396,101.6712,97.35491,20.927567,93.87028,9.363126e-05,97.86859,4200.0605,DOS-TCP_FLOOD
21.550875,5.5055532,71.09628,15075.629,-0.007403036,-0.0038520538,0.009609357,0.03356355,0.10809775,-0.0068248105,0.04129292,10.507521,-0.11543749,-0.0934039,0.036599148,0.13563585,0.0075618955,-0.010457392,0.016534885,0.013235288,-0.0021942612,-0.031591352,1.0496365,0.018411476,-0.051697887,0.0068763415,-0.014923455,-0.011827442,1.0156536,0.9832028,5395.625,59.469,163.58865,74.04121,30.4207,65.9647,2.4932247e-05,96.64972,2987.3096,DOS-TCP_FLOOD
21.454573,4.8940363,64.566414,23197.525,-0.0069704372,0.008282517,-0.030989954,0.014458544,-0.015739761,-0.007843715,0.049637087,-0.4438243,0.23227885,-0.03853549,-0.07378699,0.13161467,0.01798423,-0.0022046687,0.016310232,-0.012722033,-0.020080099,-0.010635731,1.0625286,-0.031012442,-0.00062184175,0.0026216346,-0.00918975,-0.033545647,1.0053493,0.9735099,6538.1626,60.217075,325.39642,56.948753,63.766575,72.89186,0.00028996915,104.5731,14016.931,DOS-TCP_FLOOD
20.835676,5.2185135,63.817528,16570.291,0.018418394,0.0015211884,-0.019179342,0.025435163,0.054586537,0.014842778,0.029084982,-0.16918802,0.027484369,0.04046291,-0.037710715,0.14357014,0.0033001069,0.0076061203,0.024319395,0.002164538,-0.007310209,-0.0060542766,1.0117521,-0.032950696,-0.021526761,0.032691255,0.012186541,-0.011845938,1.0159247,0.97965586,6135.434,60.303402,71.958786,51.197224,13.315697,58.041138,0.000106403575,96.30501,-1028.4463,DOS-TCP_FLOOD
19.197063,6.3072176,63.736923,14168.719,-0.0018051174,0.0041232607,-0.0040704734,0.0031304818,-0.019886855,0.013977825,0.00908615,-0.20889962,-0.003362149,0.07159046,-0.06233469,0.058701597,0.015161976,-0.023366103,0.035268098,-0.0034031924,-0.002140645,-0.01811776,0.97867775,0.010068322,-0.008722536,0.009420063,0.005983175,-0.021649348,1.0261941,0.97959894,8621.729,60.392883,159.20605,106.35545,29.737673,109.19303,0.00028482452,97.72339,3577.95,DOS-TCP_FLOOD
18.397926,6.3565507,64.15467,16217.523,0.0019323826,0.003209029,0.021519652,0.008359819,-0.014253298,-0.022489501,-0.017038757,-0.081210256,-0.020850224,0.43440527,0.7344604,0.071861774,-0.002914585,0.029929934,-0.003271657,-0.016653363,0.017089933,-0.00034934375,0.96217865,0.017021388,-0.033282038,-0.02856436,0.035576813,0.013892904,1.0517128,1.0157869,9949.209,60.867657,146.94778,85.90644,32.565903,105.17408,0.00027710747,99.13597,8698.327,DOS-TCP_FLOOD
20.611423,6.2167344,63.345528,19430.775,0.014694173,0.0041486113,-0.014158287,-0.005196489,0.033531822,-0.032482255,-0.006720659,0.4872197,0.34012172,-0.0019775145,-0.048733145,0.101669274,0.07137942,-0.005267714,0.036192834,-0.0068762247,0.009219278,-0.040194817,1.0053458,0.005036014,0.0030217925,0.031267717,-0.03716959,-0.026577853,0.9920965,1.0085584,6964.758,59.3016,-13.391922,50.999,-24.92688,98.10345,-7.8877216e-05,99.4477,-930.518,DOS-TCP_FLOOD
21.541004,4.7122664,65.801735,13654.314,0.02589249,0.08961206,-0.027938599,0.015980713,-0.002488249,-0.013593446,0.040732272,0.68806005,2.7001991,0.06871083,0.005954802,0.11337675,0.015749238,0.03385291,0.027801055,-0.0009323843,-0.017887786,-0.023008093,1.0264243,-0.05861741,-0.025504446,-0.012591001,-0.008552302,-0.028584376,1.0059979,0.9864784,3989.2705,59.43274,171.18379,32.351616,26.956306,58.918262,-3.9635997e-05,98.84231,5679.8403,DOS-TCP_FLOOD
20.157303,5.658378,63.33424,19326.09,0.0035954732,0.009409313,-0.00088413944,0.0048627774,-0.0046575684,0.018582555,0.03213235,-0.45355177,0.22602691,-0.03201782,0.015918925,0.09279312,0.028940592,-0.0027076388,-0.012256069,-0.01833763,0.01658849,-0.040181655,1.006302,-0.026527701,-0.027959256,0.022044998,0.028411001,0.010748337,1.0163618,0.96648425,6730.6104,62.003178,78.23657,26.285767,14.455096,56.142365,0.00025408727,99.82079,-1003.1099,DOS-TCP_FLOOD
20.540403,5.826779,65.01784,21786.988,0.023517532,0.005308172,-0.025542684,0.008369858,0.008350028,-0.029462071,0.029091824,1.1657555,0.095661245,-0.025874391,-0.026543682,0.10102907,-0.008275741,0.019016549,0.02633743,0.015329235,0.0013125828,-0.060658917,1.0122939,0.0005629733,-0.02343336,0.01752104,-0.023051731,-0.0027567893,1.0027144,0.98794514,6560.227,59.84974,37.453827,55.369015,-14.51837,47.049484,8.715426e-05,101.643005,-6995.504,DOS-TCP_FLOOD
21.010344,5.709977,64.51528,10513.863,-0.00946978,0.011770496,-0.0047607115,0.008618279,0.019410247,-0.0029957818,0.018943686,7.1635466,0.30388325,-0.08626879,-0.05925806,0.13226394,0.019843636,0.00903197,0.03013667,-0.0015574833,-0.014024565,-0.02342993,1.0567526,-0.013566322,0.028094273,0.01621858,-0.055804156,-0.028480748,1.0030935,0.97463095,5746.091,59.728607,244.4863,64.19408,45.317627,97.07335,0.00014418726,104.07308,6696.5425,DOS-TCP_FLOOD
21.922554,5.0125966,63.916344,19845.285,0.027444141,0.005768928,-0.03626019,0.0032203563,-0.002377578,-0.022338524,0.0049978984,0.73727477,0.39099875,-0.033272363,-0.05284398,0.17900854,-0.001340201,0.015336299,0.035817824,-0.017988946,-0.0116884,-0.03654261,1.0808306,-0.045557987,0.010306732,0.020837266,-0.04630758,-0.022218134,1.0086426,0.9954967,5971.603,59.75609,140.2066,89.470955,22.33204,104.83652,-6.0684906e-05,105.47823,17245.824,DOS-TCP_FLOOD
19.828325,5.368043,63.86483,22190.662,0.007704971,0.0050425124,-0.005122586,-4.277751e-05,-0.0155045595,-0.0061367084,0.02497497,-0.5686377,0.20185746,0.028574187,-0.09207044,0.116106264,-0.0027507248,0.024162026,0.036847793,-0.006544846,-0.02187049,-0.016130412,0.99124086,-0.0026867574,0.0022828043,0.018557405,-0.033002835,-0.056661483,1.0013602,0.9660141,5206.174,59.668472,144.59624,70.21506,35.34056,79.73983,0.00014187797,101.2539,7027.644,DOS-TCP_FLOOD
19.049078,6.3926997,63.54715,19213.068,-0.0026274845,-0.0011114477,0.08743851,0.004053358,0.05757598,0.034458768,0.011802501,0.84682244,0.15812404,-0.04222834,0.95477945,0.10084845,0.07478044,0.03039173,-0.0021223957,0.022142619,0.012051225,-0.022708641,0.94513994,0.012048858,-0.021960128,0.049244553,0.009073013,-0.014576975,0.9919252,0.99891835,6647.1216,59.178585,67.07672,52.73957,20.634638,52.928993,0.00010828694,93.269035,8131.3706,DOS-TCP_FLOOD
18.720875,6.0375886,76.86286,19348.887,0.016943427,0.0063682804,-0.040623937,-0.006193996,-0.045806363,-0.022977663,0.03604175,-0.78048146,0.18466052,0.03135155,-0.0030236319,0.112833336,-0.0037737072,0.008889184,0.019135194,0.010198587,0.002855179,-0.019713327,0.9474903,0.050775923,-0.0049006147,-0.0050828117,-0.021510705,-0.07585327,1.0399562,0.9846678,6953.6724,58.992386,214.15662,110.9171,30.336208,81.29622,0.00037440774,97.56031,9432.37,DOS-TCP_FLOOD
21.530746,5.019888,67.45574,12055.997,-0.014926761,0.010713092,-0.04359394,0.015780572,0.018655162,-0.0050711907,0.02021103,0.6679422,0.6413442,-0.023752626,-0.064325616,0.11170237,0.023600487,0.03360064,0.0002783211,-0.0044632703,-0.0038576429,0.010363393,1.035258,-0.033848125,0.0021258532,0.009307221,-0.02833711,-0.023621598,1.0239898,0.9902734,5808.6147,60.136925,124.61518,57.561966,19.205128,68.06581,2.475374e-05,101.494865,7097.657,DOS-TCP_FLOOD
20.353048,6.0416837,64.43374,18781.273,-0.012118834,0.0068595367,-0.03006582,-0.00204423,0.024993036,0.003075088,-0.00246997,0.61712366,0.2790213,0.0038530491,-0.05490125,0.0919379,-0.0024630826,0.0058726408,0.02929088,-0.004648133,0.0013963645,-0.0014804862,1.0122523,-0.017437786,0.018276013,0.00452445,-0.019858664,-0.047964584,1.0091279,0.9980551,9227.761,59.739326,236.10385,90.0259,29.554874,99.9626,0.000107494416,100.55248,739.39404,DOS-TCP_FLOOD
18.203327,6.4975944,62.749702,10377.254,0.008980724,-0.0006277263,-0.00677604,0.009620504,0.008989958,0.009448769,0.030099094,0.033549428,-0.063704714,0.088994175,0.0041431934,0.12388963,-0.008604302,0.0155699495,0.02382152,-0.010664383,0.011478932,-0.0061189057,0.9158166,0.05951413,-0.0074658035,0.024047758,-0.00807343,-0.022163885,1.0067384,0.9658721,7877.8223,59.00021,142.02084,73.880424,40.56012,86.69885,0.00021068045,94.45483,6526.9683,DOS-TCP_FLOOD
19.41098,6.174451,63.119534,22334.191,-0.007216632,0.0009834579,-0.011793264,-0.011473107,-0.030202756,-0.006015941,0.007751679,-1.3873978,-0.0756046,-0.047183637,0.0070113502,0.10371527,0.019112403,-0.006613224,0.0012682518,-0.007851444,0.000523678,-0.01781188,1.0270642,0.018900862,-0.02256421,0.031075936,0.00021558255,-0.010474482,0.98929274,0.98423845,8846.061,59.689445,119.23459,78.44773,40.810287,101.57487,0.00013647768,100.57788,2484.7695,DOS-TCP_FLOOD
20.594706,5.9826627,64.35033,21140.607,0.0019005779,0.0058297426,-0.029662678,0.0031851574,-0.03856062,-0.008296498,0.032763433,-0.5577221,0.1478871,0.02292185,-0.045474578,0.07301691,0.016102148,0.0016279565,0.009325015,0.00020636246,-0.026123263,-0.008345767,1.0323603,-0.0063553695,-0.016971732,-0.0050775497,0.01178366,-0.00046936795,1.0254849,0.998815,8476.127,60.695816,245.00674,69.112305,35.59726,86.16008,0.00013923502,102.44238,4187.9717,DOS-TCP_FLOOD
19.449425,6.158128,70.019615,15870.625,-0.0073250565,0.010655485,-0.024825394,-0.006552291,0.0065432284,-0.0083048185,0.032995574,0.3481241,0.41795576,0.0042376295,-0.07850059,0.081015706,0.009621416,0.028116789,0.011435499,-0.01619966,-0.0057864957,0.0060681347,0.94624877,0.02281446,0.012828773,-0.017843854,0.002180282,-0.05240895,1.0235773,0.990052,7099.8057,60.54585,297.81848,83.82684,47.91016,90.75024,0.00017137383,98.29533,6663.8774,DOS-TCP_FLOOD
20.339287,6.1866517,64.1547,17195.264,-0.0027380046,0.0025557377,-0.027440386,0.021063793,-0.05955486,0.03499914,0.04405905,-0.5701411,0.35355747,0.08411846,-0.027467256,0.003381283,0.25229454,-0.0054982165,0.02303398,-0.0016055582,-0.017132005,-0.023473095,0.9922062,0.054683108,0.0051388144,-0.004547797,0.0027358113,-0.038968127,1.0454783,0.99135804,6891.128,59.74793,60.111557,59.214806,-5.8441677,88.46824,0.00039598707,101.68875,-1556.7866,DOS-TCP_FLOOD
21.246,4.8994517,63.87318,26891.441,-0.026707381,0.008180915,-0.03712757,0.03861286,-0.018206717,0.0049496493,0.004765892,6.952168,0.47032747,-0.013989199,-0.06563617,0.08574359,0.4048991,0.0076936507,0.0011384254,-0.022836877,-0.0030229986,-0.06964157,1.0553685,0.04775336,0.004439773,0.037478924,-0.07599286,0.05613192,1.0733315,1.0072738,5795.073,59.209938,-2.352005,-3.3529053,15.386275,50.97893,-0.0001560411,104.19397,15586.8955,DOS-TCP_FLOOD
21.63078,5.2418294,64.72191,16876.168,0.023425344,0.007259509,-0.019759446,-0.0024433385,0.0088780355,-0.008449607,0.026559567,-0.44075727,0.1613863,-0.031227825,-0.10069455,0.1632882,-0.0021792604,-0.0068348693,0.023135133,-0.0022387505,-0.008459941,-0.01201555,1.0719682,-0.05491116,0.009565613,-0.010910555,-0.027868673,-0.046127494,1.0427915,1.0001694,7489.005,60.557686,78.248825,118.55125,0.8278675,107.04825,0.00011779481,104.41601,7101.3926,DOS-TCP_FLOOD
21.30534,5.485862,67.272514,15951.322,-0.0071299723,0.010670594,-0.017542386,-0.0006629303,0.04394553,-0.01975706,0.027612876,0.19770294,0.5036614,0.013252271,-0.06827801,0.13486907,0.014930229,0.013570704,0.024740707,-0.0030294433,-0.016004073,-0.009754574,1.0247911,-0.035822824,-0.02249853,-0.006237752,0.0081023425,-0.017324504,1.0202627,0.98941576,7107.2104,60.290665,142.63437,61.831345,29.227654,71.59423,-9.84536e-06,98.999695,6225.8086,DOS-TCP_FLOOD
19.308609,5.5275326,60.886818,11644.429,0.008215698,-0.004606731,-0.0001789257,-0.0016358789,0.0046605193,-0.004890575,0.028429046,-0.006355405,0.102648064,-0.004966026,0.0063678436,0.11855475,-0.0007898751,0.01680148,0.03282853,-0.022994988,0.00082269777,-0.015632397,1.0096027,-0.03130162,-0.011936278,0.040319614,-0.008119861,-0.008847135,1.004815,0.9522685,6948.6543,59.964455,121.70495,64.86087,24.741903,80.60088,2.0749663e-05,98.701904,4481.8496,DOS-TCP_FLOOD
18.826485,6.2932696,66.49648,15253.766,-0.00035051256,0.01430121,-0.01410435,0.0014764703,-0.02078523,0.008180267,0.022387365,-0.09415913,0.44451746,0.039815553,-0.03282922,0.074203216,0.017195838,0.013995964,0.01777448,-0.019046765,-0.018521806,0.020016713,0.9316509,0.04295908,-0.0024996651,-0.012086705,-0.028508224,-0.048442587,1.0383608,0.9809811,5357.47,59.879375,76.9191,62.810078,9.112186,61.47187,6.0025384e-05,96.94238,2210.3042,DOS-TCP_FLOOD
22.85784,5.013468,67.338875,9887.357,0.006358633,0.02293518,-0.03466437,0.02846261,0.09985734,-0.009082869,0.024279894,12.269671,1.7536259,0.20316108,-0.0009736046,0.119835734,0.13165702,0.026538305,-0.014754429,-0.013109434,-0.033301923,-0.02951876,1.0642469,-0.023587115,0.010368083,0.0069886055,-0.035981532,-0.007125437,0.9991477,1.0047646,2967.55,59.86051,329.78427,20.768967,50.401424,50.87531,0.00018769118,103.1798,13949.366,DOS-TCP_FLOOD
20.838842,5.3410764,64.49219,20772.898,-0.01301335,-0.0010477788,-0.007708031,0.008492776,-0.019121379,0.006603703,0.022472842,-0.8871207,0.18308035,-0.016848013,-0.038029656,0.041112397,0.051384695,-0.008534388,0.030741654,-0.011814548,-0.0098233335,-0.01757141,1.0633544,-0.016559348,-0.028214866,0.0012592995,0.0108715,0.005505644,1.0422136,0.97717005,6974.5137,60.60627,112.74456,78.131714,16.929281,97.709984,1.1000782e-05,101.20751,3836.812,DOS-TCP_FLOOD
21.144182,5.037036,64.18098,15322.762,0.0041514914,0.0069786026,-0.00885455,-0.0055393474,-0.0035236888,-0.023024857,0.025498215,-0.5986695,0.27968687,-0.0377588,-0.164411,0.18951647,-0.012578301,0.0027900422,0.017840158,-0.014521617,0.00092471484,-0.016797584,1.0583432,-0.034583632,0.016775956,0.023553418,-0.027851986,-0.04068487,1.0209488,0.9676898,6615.9736,59.664845,44.419968,83.542305,-0.42289162,94.48651,0.0015236606,101.709335,3799.942,DOS-TCP_FLOOD
20.60473,5.492637,66.148544,14561.41,0.050390907,0.0029701085,0.0024316506,-0.031230275,0.011129852,-0.045210816,-0.028948449,0.95173264,0.19422072,0.042494692,0.012358948,0.12572706,-0.014253057,-0.0018454203,0.0063439226,-0.016001403,0.010481853,-0.040561985,1.0452042,0.00054429844,0.010655428,-0.0012692227,-0.06537905,-0.029802432,1.037083,1.0071466,5676.1465,60.478317,-9.455475,73.20583,-23.621174,64.49455,0.00015448386,99.19925,-15615.722,DOS-TCP_FLOOD
19.972225,5.3938484,63.095592,14655.51,0.003949469,0.0037875914,0.0075067133,0.024368912,-0.030305723,0.024272978,0.029685406,-0.748881,0.13085341,-0.025242321,-0.06504474,0.122803435,0.0032698668,-0.008104359,0.006953678,-0.0065171113,-0.0059254747,-0.03127029,1.0106362,-0.021971028,-0.0155457845,0.022807498,0.012241298,-0.011345985,1.0183357,0.96604365,9160.865,59.731674,87.80548,82.78287,13.34335,109.271515,0.00011171117,100.95728,435.14594,DOS-TCP_FLOOD
20.591719,5.189333,64.28891,19308.86,-0.012347297,0.019500203,0.003184434,0.0014432016,-0.013187155,0.002877039,0.022232901,-0.14252734,0.45307142,-0.005019149,-0.07662028,0.12978114,0.001485871,0.022711944,0.033437546,-0.0026902836,-0.020794587,-2.3515895e-05,1.0104986,-0.020280153,-0.008865169,-0.006557433,-0.016406665,-0.044318616,1.035072,0.98459715,5546.527,59.814934,144.88681,48.88387,25.527353,58.41386,0.00010273584,99.33479,1889.4404,DOS-TCP_FLOOD
19.572254,5.674091,64.34464,20480.059,0.029989323,-0.0016884987,-0.018697206,0.011085787,0.0015843427,0.00149575,0.033041913,0.6056941,-0.11019276,0.18804759,-0.077886,0.09699552,0.0014050192,0.020355953,0.014640619,0.013025209,-0.00986986,-0.028850514,0.9686384,-0.0094389655,0.009036108,0.005806257,0.009181778,-0.05651106,0.9881443,0.9817078,8353.187,59.814213,405.6647,100.974396,74.878845,107.60391,0.00045841403,100.969406,15603.483,DOS-TCP_FLOOD
19.141993,6.0935445,62.585888,20484.389,-0.032239154,0.00075324246,0.009433105,-0.0015063098,-0.10250123,0.05178208,-0.0022349064,-0.58890975,-0.0178048,0.011447276,-0.048473626,0.054942004,0.0037365921,0.007986267,0.040005926,-0.004388392,-0.029780198,-0.017789688,0.9580738,0.07154656,-0.0027497765,-0.00048749964,-0.010061799,-0.046301093,1.0221353,0.971062,4192.2812,59.932312,189.48491,64.10867,55.576942,87.29653,0.0002997447,101.24974,4135.044,DOS-TCP_FLOOD
19.858189,5.6261444,63.282555,16042.535,-0.012234001,-0.0037071777,0.011256059,0.0070846216,-0.027134793,0.008837697,0.012044591,-1.0711825,-0.0062910467,0.040149093,-0.030165888,0.15436676,0.0048724986,-0.0068047363,0.025040952,-0.00053478405,-0.0014176895,-0.038037334,1.0363731,0.012401958,0.024841323,0.050059482,-0.05342331,-0.05489941,0.9976281,0.9738158,5723.516,59.584934,114.54978,76.82073,21.130634,87.40715,0.00039890327,100.7315,1825.7236,DOS-TCP_FLOOD
19.706106,5.204756,64.30029,19610.758,0.009126681,0.007498952,-0.021044036,0.01502716,-0.013633603,0.024150513,0.06585153,0.011393011,0.299617,0.047218077,-0.10126029,0.074502364,0.027404642,-0.00014292076,0.013063533,-0.022961717,-0.012155654,0.009503387,0.9727554,-0.006413808,0.0073618926,-0.002144751,0.020546319,-0.0552418,1.0054392,0.97086024,7095.0386,59.35055,249.51843,71.198746,45.562042,93.31839,0.00033020106,99.87558,3144.8167,DOS-TCP_FLOOD
18.387491,6.144369,64.535,21091.068,0.017016806,0.0040205475,-0.01534545,0.014319368,-0.11718967,0.013742712,0.017507607,-1.8104639,0.36111608,0.01843696,-0.030076519,0.017644996,0.16184698,-0.009043626,0.018581191,-0.005646413,-0.011858103,-0.021520417,0.96845365,0.06564116,0.018531725,0.0052638315,-0.02238435,-0.031529743,1.0528685,1.001756,6473.8413,59.962418,121.9198,87.62297,-4.6447163,97.32433,0.00013841529,104.308624,-5404.931,DOS-TCP_FLOOD
19.604563,5.991972,64.06915,17304.543,0.03049007,0.0037998997,-0.017109878,0.010283322,-0.0021393904,0.0074136234,0.040460326,-0.4662968,0.2693724,0.022001853,-0.030329261,0.0945456,0.011771797,-0.0050756056,0.022474108,-0.016919753,0.0023776945,0.0061068498,0.98141503,0.0021278076,-0.002785914,0.022190295,-0.014444746,-0.051906236,1.0114819,0.9720418,6667.8306,59.596375,105.55006,68.96657,17.366966,72.88019,2.2926644e-05,99.03353,3721.9492,DOS-TCP_FLOOD
18.82498,6.2684803,64.32216,11036.956,-0.017295923,0.02446017,-0.0028087315,0.0028211176,-0.04829055,0.01660897,-0.002449192,0.39759624,1.8047864,0.01798689,-0.054788735,0.0695511,0.010873007,0.0213572,0.02602757,-0.003203936,-0.034309976,-0.0060811965,0.9434009,0.038864665,-0.0072650607,-0.009896221,0.023526054,-0.035770535,1.0294914,0.98176074,5131.5273,60.04997,151.09003,63.817135,42.56791,102.28439,0.00024545664,99.395096,3466.8264,DOS-TCP_FLOOD
21.693884,5.1868715,64.08409,13630.5,0.03639446,0.0052636485,-0.024893593,0.002207582,0.07084139,-0.026398167,0.011481036,1.0026768,0.16286492,0.21131054,-0.038975876,0.16278969,0.027215967,0.022989925,0.01831337,-0.016408028,0.0137158185,-0.017267354,1.0312723,-0.039303605,-0.015713142,0.006176899,-3.218185e-05,-0.021878975,1.0087695,1.0056797,5574.9673,59.909573,149.13762,55.66486,24.589365,63.153515,0.00010940923,99.840836,5596.111,DOS-TCP_FLOOD
19.31406,6.2853966,63.434036,10749.947,0.005729161,0.001211401,-0.008077639,0.008627103,-0.007391013,-0.0001738558,0.017266003,0.5124618,0.10717381,0.06897245,-0.03414646,0.11058911,0.002415233,0.016863916,0.018936332,-0.001421445,0.0073659183,-0.021705076,0.9469847,0.024598459,0.0035274052,0.026879285,-0.017159678,-0.03003592,1.0132346,0.9792521,7170.685,59.64987,54.83699,57.16347,9.171093,66.89308,0.00019189819,98.69543,-2908.2095,DOS-TCP_FLOOD
20.547806,5.577111,63.99513,27948.252,-0.022257147,-0.0034925533,-0.009215575,0.0009835212,-0.004409367,0.029717004,0.00219787,-0.101015925,-0.050786108,0.014312787,-0.022286354,0.088511065,0.009259797,0.019235292,0.009859604,-0.034959238,-0.005887735,0.0053380476,1.015962,0.013974531,0.01947792,0.006395447,0.0031293416,-0.048889186,1.024906,0.97371364,7759.1533,60.284622,673.01666,116.27777,165.36212,137.47462,0.00018642498,102.081795,58828.598,DOS-TCP_FLOOD
21.828506,5.392087,72.12244,9046.321,-0.012576905,0.011596609,-0.036138944,-0.006936656,0.03309531,-0.02850259,0.013848644,-0.26650882,0.5893184,-0.08761829,-0.07146472,0.19597971,-0.013048756,0.031771515,-0.0024241675,-0.019627951,0.01198776,-0.011555128,1.0394622,-0.026309187,-0.0013125152,-0.00407645,-0.03101999,-0.04002837,1.0375017,1.0027181,5886.725,65.210045,115.52672,82.47289,23.932686,74.95822,0.00045031568,100.50976,6537.271,DOS-TCP_FLOOD
21.842993,4.9757023,64.238304,19040.166,0.019543542,0.006519254,-0.035843916,0.013644569,0.008012826,-0.0026900154,0.042862874,2.8561957,0.25853103,-0.05843333,-0.06581687,0.120081745,0.0075156465,0.021485925,0.02191404,0.0033310102,-0.0012406614,-0.03039623,1.0552723,-0.023156459,-0.020666549,0.010906143,-0.027991803,-0.028750475,1.0011027,0.9801314,5460.9053,60.03928,157.70758,80.02224,19.87208,76.77402,-3.7816513e-05,106.390785,5050.595,DOS-TCP_FLOOD
19.54356,6.38876,64.47197,16393.783,-0.003611194,0.0020029054,0.019424804,-0.0014795753,0.020870768,0.014152031,0.035519,-0.19688499,0.30899796,0.009774397,-0.07738507,0.09933085,0.005709045,0.014738504,0.022591226,-0.02280569,-0.0037019933,-0.0035798037,0.993363,0.003919154,-0.019227767,0.0115169715,0.0015384844,-0.029386383,1.0295163,0.9754771,6996.6553,61.493633,49.446,74.1177,16.214012,89.55467,0.0001515831,99.21662,1473.2427,DOS-TCP_FLOOD
19.312773,5.640876,64.11198,15996.629,0.029360346,0.009176741,0.011678966,0.008600187,0.00012771972,-0.011573456,0.0022240588,-0.13802826,0.15439166,-0.051401675,0.4031901,0.09722684,0.031474475,0.0028236117,0.021241039,-0.013992425,-0.00095602823,-0.00054750126,1.0150865,-0.019153323,0.013659362,0.011410835,-0.0048860023,-0.015156649,1.009092,0.994368,5864.305,59.42218,204.64696,77.9439,35.377647,80.788704,0.00012512061,100.65813,6526.14,DOS-TCP_FLOOD
18.914383,6.0388308,64.79229,13910.508,-0.039427184,0.011032172,0.0022760662,0.01587682,-0.016654931,0.016572565,0.0072842413,0.13340944,0.16573408,0.11419698,-0.07476491,0.05517034,-0.008463975,0.004701512,0.007368959,0.0020115823,-0.01930038,0.0037530344,0.96497595,0.01570774,-0.0006076414,0.008582136,0.008196257,-0.03858389,1.0136571,0.98827034,8644.881,59.999584,188.9965,120.01288,44.705307,127.50874,0.00022365774,97.5329,2993.1177,DOS-TCP_FLOOD
20.483896,5.0907116,64.40234,21082.97,0.017290268,0.0031214443,-0.0055021117,0.005823268,0.014293427,-0.020319298,0.00011120457,0.30670738,0.2604227,0.030032597,-0.05131945,0.12829575,0.0110894,-0.013303088,0.025285512,-0.02147216,0.0029923487,-0.009693908,1.0427585,-0.022534719,-0.02652661,0.021201437,-0.00724866,-0.007534567,1.0196977,0.98859626,3590.4976,58.99033,117.63711,30.513206,14.192253,45.83282,-0.00014971926,100.33532,5483.7905,DOS-TCP_FLOOD
20.126865,5.942651,66.050705,9434.764,-0.0057404116,0.009652656,0.013098789,0.020045437,0.022733372,-0.03779213,0.0051313615,1.2273724,0.28143463,-0.054908376,0.32575873,0.13416938,0.013706437,0.021438869,0.039613973,0.029269682,-0.008132252,-0.0172395,1.0046749,-0.004033539,-0.01929147,0.0066553126,-0.031516585,-0.017397687,0.9987529,0.98788196,4809.354,59.54317,85.58984,44.015568,15.843562,59.441185,0.00011984665,99.02484,3653.5156,DOS-TCP_FLOOD
20.864933,4.853113,63.066505,11015.459,0.001008613,0.013698398,-0.0051081483,0.002907179,0.03555744,0.026791764,0.02626094,1.9865255,0.5609707,0.04032988,0.046373054,0.08103796,0.06315139,0.021021076,0.018758604,-0.031864878,-0.010725233,-0.013769882,1.0625286,-0.0532601,0.024169467,0.019615887,-0.010728104,-0.008357828,1.0099512,0.95804405,5339.7124,60.751953,336.63272,89.09361,73.21983,114.98381,0.00019428068,101.76391,14798.465,DOS-TCP_FLOOD
19.776205,5.8243237,63.881565,11789.524,0.0039647985,0.007863317,-0.014015488,0.014295936,0.022984833,0.009383965,0.0042846985,0.81049466,0.117156245,0.039147608,-0.0007991493,0.061494395,0.16719519,0.016399274,0.009032389,0.009431424,-0.0114355385,-0.035164326,0.95995605,0.017845936,-0.017122349,0.02254453,0.0042571826,0.021977471,1.0237281,0.99185324,8037.501,60.10546,101.474625,62.0726,25.986126,69.5153,0.000278065,95.61217,4993.2593,DOS-TCP_FLOOD
19.567692,6.3780327,68.25287,11783.539,-0.0055368803,0.006621434,-0.0067457,0.0052586207,0.016934037,-0.020031244,0.012522143,0.56007904,0.08450994,0.009792036,-0.010594632,0.09610669,0.00089081,0.033461843,0.0207106,0.013746537,-0.006046621,-0.022646302,0.9368138,0.037879206,-0.031555336,0.011772159,0.004562917,-0.005440591,1.0034772,0.9901512,7120.877,59.83233,18.84755,69.602325,-8.71517,64.5258,6.1301864e-05,97.2977,-6514.311,DOS-TCP_FLOOD
18.708658,6.326069,65.015816,14045.852,0.019453917,-0.0037481517,-0.03887897,-0.007834128,-0.052197054,0.023216628,0.024324235,-0.102822304,-0.08765184,0.12461334,-0.059752494,0.058276355,0.0016761009,0.015536645,0.013760016,-0.01749346,-0.008276798,0.01657942,0.9430908,0.07848117,0.024453837,-0.008083127,-0.008709034,-0.045109298,1.0375105,0.993958,7839.3765,61.28454,492.25226,92.74124,79.158455,95.40858,0.0003390217,102.07063,18339.39,DOS-TCP_FLOOD
19.300982,5.955366,63.95511,13320.48,-0.020114185,0.0016579177,-0.014194584,-0.011361393,-0.06806909,-0.00088754925,0.026437279,-0.79685605,0.03048531,-0.064727284,-0.092787825,0.103804946,0.0032887373,0.0018994883,0.02096012,-0.04493372,0.03229778,-0.018541884,1.0520625,0.038340785,0.01368368,0.008142646,-0.035826538,-0.028462838,1.0374813,1.0030919,8337.579,59.00855,149.34218,103.072784,40.38692,109.95413,9.1788796e-05,106.03631,14708.075,DOS-TCP_FLOOD
20.991798,5.6872225,64.35405,12296.359,0.035624992,0.0038079687,-0.020767331,0.008469943,0.028574985,-0.015418133,0.006567759,0.7212993,0.2543351,0.023644052,-0.09180318,0.15817834,0.0049962597,0.03221988,0.010666334,0.0023654848,0.0139474105,-0.023338504,1.0341183,-0.021044493,-0.0007396075,0.029888034,-0.022459282,-0.028196191,0.9933682,0.9707632,4245.599,59.451473,150.28677,60.3758,34.72688,74.23604,0.00122439,100.02531,3406.2715,DOS-TCP_FLOOD
19.654991,5.8057294,63.85711,19994.771,-0.00061562285,-0.0006452799,-0.0078882715,0.0013500339,0.008573586,0.016039286,0.008993551,-0.21995485,0.10957833,0.018537039,-0.08769235,0.1078459,-0.010145052,0.0031321542,0.0065903505,-0.01692055,0.0015147543,-0.012094173,0.9805374,0.015396328,0.012457621,0.008384124,-0.003734869,-0.014603723,1.0301056,0.9767137,7359.9375,59.93012,55.732147,72.208984,4.5759993,95.50317,4.400543e-05,97.098656,-2867.233,DOS-TCP_FLOOD
20.825037,5.0723853,63.36496,12540.754,0.016929323,0.005617816,-0.02078722,0.006390462,0.01992506,-0.004227963,0.017501162,-0.05918145,0.33612454,0.015143378,-0.04152087,0.12120464,0.012293916,0.0033710664,0.041237403,-0.030942233,-0.0038998295,-0.00078539364,1.059837,-0.06471111,-0.0012639351,0.012196409,-0.0069341995,-0.013549028,1.0124732,0.9686834,4924.4395,60.252686,152.26764,48.721004,27.855415,80.09007,3.846486e-05,100.858475,7237.931,DOS-TCP_FLOOD
20.434515,6.3985105,64.217285,16201.725,0.015298632,-0.0023444134,-0.0018418254,0.0045648045,0.054171696,-0.020044476,-0.002970032,0.71162826,0.054008406,0.052926786,-0.041276082,0.12101048,0.006466407,0.012187836,0.014108904,0.0079764975,-0.0016480335,-0.042665556,0.9735409,0.015366712,-0.013064563,0.019931959,-0.015829146,-0.020503469,1.0022075,0.9975934,6746.3384,59.845848,-10.659149,68.338,-4.8955956,81.62485,0.00013393657,98.32796,-2337.4539,DOS-TCP_FLOOD
20.813444,5.2417784,64.319305,19493.445,-0.0011198968,-0.0028619599,-0.0038223295,-0.00045377947,-0.014928274,-0.01564641,0.019561296,-0.42474365,0.21155876,-0.020252692,-0.01402566,0.111691475,0.006177548,-0.020271985,0.027066367,-0.03531054,0.01795566,-0.021360992,1.080708,-0.048290722,-0.023379348,0.021882504,-0.009588151,-0.012534493,1.0296566,0.99211574,8030.368,60.149563,158.80952,80.64166,29.53037,88.388,6.5355955e-05,104.65424,12798.223,DOS-TCP_FLOOD
21.05699,5.718077,64.96813,11555.865,0.014741875,0.005344732,-0.0039069843,0.012007468,0.066038616,-0.009814183,0.011677098,1.728766,0.047635637,-0.01106548,-0.03042433,0.14278226,0.004734813,0.018574469,0.014933082,0.0015305029,-0.0054558692,-0.029417906,1.0258001,-0.007789075,-0.029700167,-0.0006223691,-0.005600825,-0.0028703827,1.0094196,0.9986977,7015.636,60.8153,131.87717,67.74739,23.719372,78.83191,6.860211e-05,97.75839,5607.6567,DOS-TCP_FLOOD
19.79596,5.2658305,65.01771,20378.955,0.020291803,0.006667172,-0.035533022,0.014935324,-0.014603524,0.0128479535,0.044055913,-0.2362076,0.48165613,0.11090562,-0.09612226,0.06292413,0.012567778,0.012541175,0.019809129,-0.00810217,-0.012031543,0.0037479633,0.9883598,0.009130557,-0.005816376,0.009901192,-0.022748474,-0.04738553,1.0256529,0.9751102,7754.449,59.041798,13.477524,63.42617,-17.353535,57.53352,2.6294569e-05,100.89631,-16049.558,DOS-TCP_FLOOD
18.934328,6.299581,63.641304,12906.088,0.0033515412,0.024597961,0.0061825314,9.20929e-05,-0.0082724,0.018011969,0.023250714,0.8289361,0.43827936,-0.0063037314,-0.04122501,0.068899915,0.016043229,0.027778419,0.043776795,-0.004805289,-0.009103983,-0.006179358,0.9541391,0.018920476,-0.012003884,0.009129197,0.0014751963,-0.038729306,0.9975476,0.96691144,5531.928,59.759922,109.94574,58.1487,20.043926,69.79591,0.00023193637,98.191605,-613.7604,DOS-TCP_FLOOD
20.741884,5.243417,63.771797,7841.545,0.004446674,0.009623889,-0.014739386,0.004114667,0.033653487,-0.009384582,0.0013846927,2.6842704,0.19020742,-0.032122478,-0.04744882,0.1433641,0.036143478,0.002314914,0.01001466,-0.022388775,0.0154526355,-0.014733264,1.0396435,-0.00638246,0.007931761,0.030188227,-0.024080142,-0.010543996,1.0127746,0.98814386,3596.3877,59.455803,197.03026,43.63852,45.8376,58.31137,0.0003288755,99.98519,6777.6875,DOS-TCP_FLOOD
19.439056,5.3487787,63.494587,24272.203,-0.027106127,-0.003077665,0.057023782,0.0044038002,0.02982608,0.013420919,0.010987482,-0.41953063,0.33602113,0.07898066,0.4135826,0.1007529,0.0074745985,-0.021051055,0.025832502,-0.014366627,0.0072768093,-0.01597905,1.0213335,-0.03105357,-0.009019904,0.028827988,-0.017360132,-0.041964244,1.0273638,0.99011165,5453.8726,59.334763,2.9293976,39.354603,-14.570402,65.03484,-0.00010509383,97.91927,7181.7134,DOS-TCP_FLOOD
20.530071,5.842779,65.43659,16951.588,0.04131137,0.0032213375,0.00038374914,-0.002391354,0.047672056,-0.035635795,0.010599765,0.2742455,-0.014898851,0.13429363,0.0761691,0.1602411,0.0048986743,0.0005602138,0.019050926,-0.015173593,0.009722252,-0.02466856,1.0165886,-0.005623529,-0.017883308,0.008530907,-0.0023470633,-0.039176498,1.0253644,0.9902134,7549.757,59.565712,98.78146,86.519295,25.448437,85.2747,3.1631833e-05,96.74802,6046.5254,DOS-TCP_FLOOD
19.002422,6.605956,63.447636,11357.752,-0.014899874,0.007637594,0.02076445,0.007443215,0.015418768,0.005722733,0.018201238,-0.55429924,0.17627893,0.029002277,0.07909577,0.078823686,-0.0030393803,-0.003376091,0.020822793,-0.003689034,-0.010106903,-0.024422858,0.96710366,0.0011415929,-0.022376077,0.005231246,0.017430574,-0.0062552094,1.0193559,0.97890323,9052.247,61.73536,70.90434,99.137566,8.763044,105.20618,5.5142693e-05,96.652725,-2100.6965,DOS-TCP_FLOOD
21.385414,4.7736073,65.575645,18292.395,-0.0165923,0.010474958,-0.048607808,-0.007216976,-0.0139502045,-0.00013221579,0.0202981,-0.8553078,0.42439973,-0.025112055,-0.09258512,0.14086144,-0.0019599136,0.009954962,0.01277794,-0.02121724,-0.028491575,0.018348936,1.0545114,-0.03491351,0.03348066,0.0017958239,-0.02772585,-0.05301446,1.0253193,0.98427844,5778.7144,60.89874,104.01182,64.61936,-7.899275,74.11523,2.947035e-05,104.767555,-3411.7537,DOS-TCP_FLOOD
20.354904,5.72421,64.479774,19211.613,-0.006046947,0.006394976,-0.018645532,0.0014662797,0.0006794445,-0.00036697253,-0.010572345,-0.51566935,0.25683147,-0.0034543313,-0.06277157,0.11801095,-0.0021714075,0.02327271,0.017625067,-0.009853024,-0.015174077,-0.0092795715,0.99622047,-0.0077544968,0.009333798,0.00071496936,-0.010594385,-0.025116488,1.0236082,0.9914446,7370.0767,60.15172,101.19595,77.41577,16.895014,84.62907,0.00016891446,100.784294,1984.5791,DOS-TCP_FLOOD
20.418753,5.8804874,75.18249,19945.877,-0.015019214,0.0031605486,-0.008605415,0.0024515062,-0.016766515,0.0068279235,0.037212785,-0.7063743,-0.056262203,0.03767728,-0.015529055,0.13292849,0.008124272,-0.01613104,0.042753354,0.03236322,-0.0062495517,-0.026473563,1.0297434,0.011206547,-0.002230485,0.032002866,-0.013834091,-0.06692472,1.0071068,0.9823178,8913.089,59.96128,72.908554,99.03974,-12.275566,107.4679,0.00041540922,101.105934,-7177.054,DOS-TCP_FLOOD
19.786594,5.443391,64.68284,24545.299,-0.017583497,0.0013929083,-0.0035612355,0.050179567,0.03139537,0.030598024,0.043475173,0.7542055,0.13664587,-0.07980676,0.016136725,0.08733073,0.011485197,-0.0012458907,0.01663333,0.015147312,-0.017038176,-0.0004874589,0.97478217,-0.008296525,-0.012731275,-0.005462584,0.030840985,-0.04227033,1.0054128,0.9671006,11034.529,58.68533,696.0302,158.18835,212.5857,179.49713,0.00013644845,96.49703,107453.03,DOS-TCP_FLOOD
20.56434,5.8701696,64.027725,18686.12,-0.0048584584,0.0011310874,-0.015858473,0.010145626,0.024180867,-4.1581225e-05,0.015337268,0.3985728,-0.12877405,0.116344385,-0.038329817,0.12225225,0.00968788,0.0126997,-0.005373643,-0.0039909175,-0.020459209,-0.018876225,1.0026526,0.0024958958,-0.017435962,0.010942848,0.0102278255,-0.0120281605,1.0021495,0.997523,8333.106,60.789993,232.2634,59.84362,35.468018,67.35901,0.00011719371,97.89084,75.5565,DOS-TCP_FLOOD
19.817535,5.9820704,63.48755,24543.338,0.01074301,0.0004570037,-0.00074604526,0.009816348,0.028258266,-0.004130087,-0.027723396,-0.2066859,-0.0100866705,-0.045038052,0.054786984,0.10818332,0.09182304,-0.0035882322,0.040227354,-0.026093017,0.02478853,-0.047434114,1.011813,0.00050520524,-0.015929326,0.028444972,-0.0030085305,-0.014063835,1.0155637,1.0138409,7306.174,59.70508,24.3302,65.4911,-2.562025,93.11374,5.351992e-05,97.81285,2821.572,DOS-TCP_FLOOD
18.858877,6.144776,64.953354,13484.451,0.011888858,0.009607271,0.17563634,0.01653329,0.053987354,-0.017825266,0.012120312,0.3430485,0.6526655,-0.07302529,2.6676247,0.062398273,0.017000906,0.008918251,0.022711705,0.024038304,0.00052500516,-0.030885503,1.01175,0.0015614034,-0.018993214,0.037416544,-0.010828421,0.0018190593,0.99243224,0.99592215,5259.65,59.35766,13.584732,29.032661,-10.280394,35.083176,3.0292154e-05,95.44941,-3138.4495,DOS-TCP_FLOOD
21.492674,5.0638857,64.29457,16931.107,0.039308477,0.007630799,-0.03633266,0.023631884,0.032279193,-0.015724588,0.0037049735,9.763265,0.22026151,0.07959294,-0.0092563955,0.10662085,0.18577886,-0.0001606578,0.015038592,-0.0062533375,5.3308904e-05,-0.049682632,1.028366,0.020692803,-0.027963592,0.029683102,-0.0073142857,0.0011416432,1.033888,0.9894217,5239.9995,59.316307,160.87277,53.880733,38.044426,60.7416,0.00012053412,103.121925,14765.971,DOS-TCP_FLOOD
19.435053,6.2962203,71.68785,5758.1445,0.005548792,0.022820402,-0.030086393,0.027820935,-0.022037992,-0.01593484,0.02844356,3.2710762,1.616875,-0.0695969,-0.07561556,0.07925569,0.024953969,0.017306194,0.02260411,0.0032335287,-0.0061053014,-0.009503908,0.9495404,0.05739891,0.010844226,-0.0017801137,-0.040033717,-0.05617954,1.0098126,0.9790661,4928.6396,58.365707,347.17224,54.981213,52.104168,75.034904,0.0008561926,101.69533,12150.374,DOS-TCP_FLOOD
19.623892,5.757866,63.96545,18094.58,0.021757977,0.0040804762,-0.015298121,0.005390594,-0.00043718703,0.006726934,0.011942364,-0.4900837,0.3529584,0.045804247,-0.09327148,0.094367266,0.055747192,0.0012893183,0.012658393,-0.026512172,0.0028828438,-0.00060390215,0.9908896,0.009495426,0.0128869945,0.01224968,-0.00730297,-0.01800276,1.0378007,0.9963176,7073.6567,59.56772,-9.967667,52.267887,-18.251732,60.75277,-0.0001167209,98.48184,-9355.816,DOS-TCP_FLOOD
18.490204,6.1659493,62.690395,16177.045,-0.001993198,0.002865145,-0.0030444819,0.015465475,-0.055679806,0.02423926,0.03948477,-0.79438627,0.0447998,-0.028232187,-0.034833368,0.114286326,-0.019466097,0.00026685186,0.027261814,-0.0031244056,-0.021405373,-0.004955302,0.9490934,0.024878476,-0.011469878,-0.014589722,0.024421297,-0.022689365,1.0387927,0.9791702,9100.309,59.480045,350.1513,100.877914,75.0682,111.32351,0.00026300343,100.11313,23348.805,DOS-TCP_FLOOD
20.44149,6.1929173,64.45772,12251.148,0.00957841,0.0037719377,-0.028284382,-0.0031773385,-0.0049643777,-0.00074892887,-6.32531e-05,0.5166886,0.30928585,0.03271666,-0.07925936,0.11023475,0.0060689393,0.005786866,0.018263817,-0.028999314,-0.007171586,-0.0020021852,0.98779815,-0.007643554,0.012274751,-0.021373825,-0.0074784546,-0.031057803,1.043664,0.9935878,6781.432,61.19874,72.73782,59.45812,7.8046503,91.7251,4.410697e-05,101.42884,2902.303,DOS-TCP_FLOOD
20.578615,5.306657,64.3713,12528.661,-0.008553172,0.0061924714,-0.0042270147,0.03874377,0.066686265,0.020561527,0.04965757,0.16466928,0.16452003,-0.060679905,-0.06293321,0.1548508,-0.005538215,-0.012103374,0.019864244,-0.020078111,-0.012878915,-0.00033514109,1.0206013,-0.037301,-0.02608078,0.005844175,-0.0024218624,-0.021318339,1.0097164,0.96526545,7531.326,60.961323,151.81244,54.983227,27.467121,75.406555,-0.00028284063,95.62776,6932.475,DOS-TCP_FLOOD
22.179289,4.2744017,64.52552,15488.375,0.015322204,0.00960707,-0.034854297,0.041251313,0.106589876,0.014036084,0.052729715,7.661041,0.2938065,0.03331429,-0.04250665,0.07896333,0.32284757,0.0043069664,0.008277026,-0.02806359,-0.018780377,-0.02639592,1.062109,-0.022434652,0.01374338,0.023261143,-0.021175576,-0.0141825415,1.0186353,0.96359783,5254.812,59.45441,498.9961,32.9392,91.14958,46.247444,0.00027868798,99.60887,17037.506,DOS-TCP_FLOOD
21.07814,4.7122574,63.682392,20603.578,-0.0053390674,0.007409721,-0.024084298,0.018204965,0.014680475,0.005847989,0.029216029,-0.2755711,0.32126066,0.06866566,-0.05375188,0.040524043,0.44511804,0.017074421,0.01125834,-0.030617483,-0.0046284916,-0.012541189,1.0217055,-0.005716669,-0.022358704,0.018847127,-0.012284991,0.0053735077,1.035514,0.97348243,4046.1646,59.363205,68.19583,-8.288582,13.30795,13.741768,2.5968373e-05,98.35657,-2036.7886,DOS-TCP_FLOOD
20.177391,5.5453115,63.66483,17388.875,0.007926746,-0.00152792,0.026294079,0.007313318,0.050050557,-0.010776345,0.026252503,-0.28663874,0.12440045,-0.06031329,0.17844714,0.15150014,0.00962972,-0.0048720883,0.022987526,-0.014606535,0.01313363,-0.00067505985,1.012233,-0.03172531,-0.00912591,0.031882208,-0.025560865,-0.056528766,0.9979843,0.98152006,4930.1543,59.552105,77.94455,58.11421,22.347897,58.3983,8.1079255e-05,98.107086,5366.7905,DOS-TCP_FLOOD
19.092703,5.685514,68.691864,22740.477,0.007072547,0.005868187,-0.03324679,-0.009657388,-0.029395172,0.0030171075,0.015872397,-0.7491671,0.31144565,0.035765264,-0.053812582,0.06557204,0.0055901553,-0.011276243,0.014638675,-0.009504826,-0.0049878936,0.020047298,0.96278113,0.02859858,0.011407495,-0.0037281448,-0.007974686,-0.055655356,1.0493146,0.98786896,7231.081,60.042625,99.541214,87.55022,4.204836,72.51616,9.27801e-05,99.11746,3761.0947,DOS-TCP_FLOOD
20.384373,4.8399935,63.437336,28311.262,0.01349354,0.0059629725,-0.037838083,0.004377496,-0.03848362,0.022229461,0.018904781,-0.68550956,0.30518126,0.04987751,-0.060679633,0.06597217,0.2995298,0.011306008,0.051749222,-0.035316557,-0.011634469,-0.011533754,1.0248243,0.011184173,-0.012881928,0.0071754004,-0.008295187,-0.007626097,1.0366577,0.97362906,4497.9673,59.108246,18.152802,36.039787,10.10873,58.802048,2.7398724e-05,102.35062,-201.664,DOS-TCP_FLOOD
20.880718,6.045059,66.82743,17007.59,-0.01478521,0.0052797454,-0.002687159,-0.0026440083,0.034215134,-0.021120867,0.03485832,0.06547445,0.030026283,0.04033696,-0.013694128,0.101858184,0.008108798,-0.0075392234,0.03585773,-0.0047022803,-0.034126524,-0.02426069,1.0329839,-0.0032789332,-0.05602123,0.03450221,0.005029156,-0.012399805,0.98801625,0.9826851,5576.303,60.37597,-6.6241913,65.50604,3.5565252,65.3164,3.8790866e-05,96.80939,-2805.487,DOS-TCP_FLOOD
20.966007,4.6338634,60.984245,13686.729,0.03514141,-0.019156998,-0.007196577,-0.0042764056,0.039973546,0.030250821,0.021756878,4.268671,-0.20277424,0.18376333,0.0068671443,0.13414279,0.0065069604,0.0042495597,-0.0007144222,-0.026985586,0.020181172,-0.013841321,1.0588987,-0.03674244,-0.008540887,0.047154844,-0.019486908,-0.0106749395,1.0117288,0.95428276,5091.8965,60.256275,181.33664,73.035736,37.473694,63.812737,7.968415e-05,101.41459,3406.375,DOS-TCP_FLOOD
19.61967,5.781675,63.949173,19492.145,-0.010525984,-0.009191669,0.07818916,0.009433157,0.063799255,0.016514262,0.015967658,3.381596,-0.36920998,-0.051043723,1.3099723,0.11065973,0.0022299057,-0.022020318,0.006874716,-0.019298995,-0.018010529,0.0012609223,1.0003927,-0.008709753,-0.023765676,0.021301087,0.013286371,0.007879398,1.0187825,0.975433,7299.207,59.793964,127.22833,83.66665,32.472027,69.31009,-0.0003460085,94.41995,6677.0386,DOS-TCP_FLOOD
21.021626,5.034427,64.798096,15674.955,-0.0055685267,0.0079224035,-0.012196005,0.0067582997,0.03752058,0.007213352,0.009379079,0.55475223,0.34132662,-0.031280633,-0.09884341,0.12980404,0.015226729,0.018036393,0.0062622596,-0.003417083,-8.703675e-05,0.0016687112,1.0136688,-0.054130696,0.031404078,0.017955227,-0.009628068,-0.034927953,1.0046686,0.99171054,5928.792,60.09174,182.5278,42.622223,30.684101,61.1386,0.00010453706,100.87698,2500.8496,DOS-TCP_FLOOD
19.426767,5.6555605,66.114334,18631.42,0.019841243,0.008372708,-0.01882985,0.0073071653,-0.017784297,0.0077771945,0.02435214,-0.36651897,0.32360142,0.040050134,-0.058955137,0.09539619,-0.011753247,0.015813189,0.021855257,-0.02265435,-0.012349841,-0.0014327699,0.97057265,0.015624112,0.0010582176,0.019277573,0.00678658,-0.02916076,1.0308869,0.9956589,7751.3203,59.9563,67.43126,92.068665,-5.98477,98.51945,2.7247966e-05,100.16926,-4119.089,DOS-TCP_FLOOD
20.666111,5.440079,71.78452,7621.6333,0.0016679335,0.017535122,0.016757112,0.01201936,0.06665128,-0.01569209,0.031676687,2.5701315,0.58433187,-0.07366345,0.16001649,0.1158631,0.029231304,0.022123769,0.021820253,-0.026521215,-0.004873688,-0.00048286282,1.0061297,-0.015085248,-0.01153797,-0.0025017117,0.010887821,-0.0115781175,0.99949163,0.9843019,4257.975,59.52447,300.5579,35.651897,56.712475,47.007526,6.8257155e-05,97.60679,16041.52,DOS-TCP_FLOOD
21.328852,4.5944953,64.969604,22247.453,0.048177633,0.010141979,-0.015533321,0.0068554464,0.02183798,0.013572818,0.05122365,0.5448811,0.42421412,0.44191036,-0.070987284,0.12613663,0.007585238,0.025235701,0.047481544,-0.010097324,-0.027801733,-0.021569591,1.041649,-0.044599846,0.005472938,0.017130487,-0.019196434,-0.056428194,1.0054935,0.9777574,1802.2646,59.82602,260.1932,38.127377,37.009888,63.43032,0.00024392651,103.5182,5469.8906,DOS-TCP_FLOOD
18.617027,6.6971827,63.932613,21629.604,0.051949494,0.0035287403,-0.008057693,0.0047588428,-0.024519494,-0.0155177135,0.03104983,-0.43373716,0.22261085,0.5177257,-0.034890328,0.12656759,-0.0023541625,0.013713978,0.017948188,-0.015872477,0.009561986,-0.0092267515,0.91282576,0.062130872,-0.0024654833,0.0039900257,-0.027300842,-0.06380313,1.0260162,0.98918253,7983.4893,58.421238,121.92233,86.993706,14.064705,84.15124,0.00048843166,97.162575,1669.7888,DOS-TCP_FLOOD
20.241833,5.2258306,65.346664,14757.984,0.036616504,0.0019131073,-0.036170833,-0.0052413936,-0.04468572,-0.004484034,0.048611686,-0.66560817,0.3165792,0.061267182,-0.10480192,0.1376092,0.008346279,-0.0038591912,0.028026907,-0.050622836,0.011520022,0.006820271,1.0281774,0.008025992,0.0043655722,0.01220596,-0.0138845965,-0.0730211,1.0356731,0.9559085,5783.6035,59.47249,255.01125,80.145035,42.72278,82.645096,0.0015531784,102.84905,8182.162,DOS-TCP_FLOOD
19.85007,5.6648197,62.025677,13516.363,-0.001180321,0.0051677595,-0.015233695,0.002160675,-0.012935355,0.034912713,0.018467432,0.63971174,0.16168872,-0.027656164,0.025959998,0.03114672,0.16703287,0.0046866247,0.025606733,-0.019591508,0.005437848,-0.009465962,1.0100045,-0.012520925,0.011031941,0.035312656,-0.005971091,-0.018345766,1.0111142,0.94866633,7925.466,59.67481,609.1614,120.269585,166.48767,144.61514,0.00034248026,99.25481,68851.945,DOS-TCP_FLOOD
18.664366,5.9463577,63.846176,19825.014,-0.005372539,0.007254833,0.023908803,0.0066417605,-0.017466966,0.010285907,0.000129994,-0.30909073,0.2344136,0.009660645,-0.035112616,0.07683463,-0.0032961767,0.018301886,0.019273687,-0.015743688,0.007285042,-0.008703176,0.95554066,0.029926164,-0.010231025,-0.014291671,0.0011500483,-0.02354915,1.0410466,0.98489666,7002.18,59.783463,51.17273,61.055183,4.3159285,78.179146,0.00020142856,99.88031,1370.532,DOS-TCP_FLOOD
20.474049,5.560621,64.41272,22080.775,0.024052233,-0.0015314814,0.004301907,0.015409074,0.05513285,0.006322726,0.05122837,1.8515859,-0.11134633,-0.019228807,-0.0584884,0.106213614,0.021640602,-0.014181158,0.015055129,-0.015107153,-0.007968162,-0.014933145,0.99588215,-0.025044145,-0.014663282,0.027841277,-0.0055073993,-0.026320752,1.0034686,0.9580937,6154.882,59.800365,183.9474,61.046078,33.475693,60.524235,6.6718203e-06,96.29563,-1459.7344,DOS-TCP_FLOOD
20.626867,5.9438004,63.815834,17210.418,0.0036832225,-0.003379256,-0.006796913,-0.006577057,0.04209944,-0.03254763,0.013150813,9.049109,-0.19453895,-0.006150594,0.01398051,0.13861434,-0.0073551447,-0.007755798,0.018499868,-0.008541736,-0.018893022,-0.050887674,1.0271876,0.026253005,-0.0057448596,0.017599955,-0.05673464,-0.030272048,1.0159603,0.9911468,4300.7,60.3521,46.62059,78.869865,8.463617,61.83762,-7.0228125e-06,101.69045,-5405.6343,DOS-TCP_FLOOD
19.339403,5.757746,64.17048,23860.615,0.0132956,0.0036151519,-0.017905885,0.0139697855,-0.0032960754,0.011002709,0.021483447,-0.33852077,0.27804488,0.023220042,-0.062149916,0.085148975,0.046258003,0.018823784,0.0459384,-0.012242723,-0.009948168,-0.023031367,0.99211097,0.009392105,-0.0027186633,0.017457146,-0.010230554,-0.023938313,0.9934138,0.98063445,5389.7925,59.434326,14.2365265,48.518837,-2.2908325,77.11993,8.1587496e-05,100.08457,-4819.113,DOS-TCP_FLOOD
19.6423,5.519805,63.711746,17265.35,0.03964234,-0.003805063,-0.003920456,-0.0035840273,0.03350237,0.010156686,0.023224717,0.96252954,0.15303135,0.3095446,-0.08315052,0.11814595,-0.0033935276,-0.0055138487,0.031300426,-0.013629805,-0.0069664745,-0.013142938,0.99095774,-0.0012602806,-0.0049931114,0.024863906,-0.027802609,-0.04345218,1.008756,0.9554269,5492.9624,58.92459,-48.031647,49.210896,-20.884228,52.740788,-7.182018e-05,96.75395,-23774.469,DOS-TCP_FLOOD
20.954632,5.746281,64.291084,8850.641,0.04063558,0.0034402986,-0.001516575,0.012083189,0.052505314,-0.030618684,0.018814847,1.3774801,-0.0932332,0.008485037,-0.03261081,0.19330713,-0.022397308,0.0046873465,0.026080005,0.02173118,-0.0009828992,-0.021802355,1.019701,-0.033428013,-0.027355485,0.012438507,-0.013089452,-0.019085504,1.0274348,0.98868865,7259.3203,60.1986,105.76372,66.08987,23.736565,66.33058,0.00042399866,98.12044,3618.6575,DOS-TCP_FLOOD
19.11465,6.589164,64.77462,26220.064,0.01818777,-0.0002764389,-0.024293864,0.010189459,0.00445811,0.0042795106,0.025578057,0.5211102,-0.020507572,0.24181066,-0.042885236,0.051511113,0.035498958,0.0062906044,0.023138067,-0.0014025671,0.0029819366,1.3643876e-05,0.94372207,0.04249734,-0.018987866,0.014478383,0.009685493,-0.02445205,1.0213895,0.99641,9397.006,59.336555,138.8605,102.42598,30.842674,95.34249,0.00015714175,97.16293,2160.5332,DOS-TCP_FLOOD
18.506958,6.636056,63.630646,12599.842,0.010293013,-0.00092077994,-0.0140617145,0.012645031,-0.036772877,0.024400737,-0.001077326,0.16441715,0.0044403225,0.03468946,-0.08656535,0.09207245,0.05327883,0.0060349097,0.019703805,0.0090613905,0.003480618,-0.026458811,0.9202643,0.07236347,-0.0012852228,0.024465451,-0.00072805677,-0.008796704,1.0313786,0.99731815,8391.9375,60.041824,24.636536,61.311615,-1.1938019,82.67997,0.0005577503,98.265045,-4190.6562,DOS-TCP_FLOOD
19.659204,5.3639536,63.437885,28540.023,0.008819046,0.0041918396,-0.021768734,0.015383809,-0.0025601303,0.02572718,0.031214653,0.406785,0.07301926,0.10696626,-0.016305685,0.062443808,0.06508153,-0.0024175085,0.020966515,0.0011772756,0.0012071757,-0.019311167,0.99243027,-0.022480082,-0.006915375,0.022626758,0.00695399,-0.02623862,1.0005354,0.9604015,7128.449,59.18597,111.747795,36.547474,25.721096,51.28388,0.00019576716,97.93572,-2575.226,DOS-TCP_FLOOD
19.631971,6.0210323,63.62247,14239.377,0.042928413,0.0006354414,-0.011428568,-0.0048080925,0.018770475,-0.0074557336,0.022890925,0.2581572,0.26077133,0.10558949,-0.05521317,0.14746931,-0.011961834,0.015668074,0.013718696,-0.035162512,0.010416609,-0.010089077,0.96244544,0.0014480241,0.003134138,0.013709107,-0.025413122,-0.055193417,1.0170311,0.97335273,5996.0957,59.516926,181.15738,71.83216,34.49503,77.299255,0.00069246115,98.46283,5929.4863,DOS-TCP_FLOOD
18.182877,6.3302493,62.150227,17498.016,-0.013218744,0.0049524503,0.006571559,0.006679009,-0.04746528,0.01239363,0.027645761,-1.0556479,-0.08306983,-0.0024879165,-0.010883286,0.07955985,0.006396597,-0.0036115805,0.021772567,-0.0044043083,-0.015121082,-0.009980182,0.9212276,0.050527014,-0.030022249,0.0035447779,0.026596768,-0.00041407533,1.02046,0.96159995,8238.615,60.09551,105.0675,93.28832,25.637188,93.32598,0.00010386057,96.69129,4423.5,DOS-TCP_FLOOD
22.764627,3.7540395,62.0092,10892.067,0.018294822,0.005905689,-0.011547376,0.08046543,0.05611095,0.021801826,0.0483012,1.7839682,0.16272075,0.096717075,-0.0678031,0.16477603,0.009650103,0.01908128,0.020154359,-0.01269197,0.023661872,-0.014272882,1.1158323,-0.10773046,-0.010479951,0.061361004,-0.022917904,-0.016062591,0.97716695,0.9466094,3364.2937,60.324707,237.66846,29.195648,59.139095,64.85586,0.0003160325,102.06129,4290.4043,DOS-TCP_FLOOD
21.921997,4.9765797,64.897514,21547.59,-0.008853543,0.0071360576,-0.0077816267,0.009732928,-0.028032409,0.019031836,0.04249034,1.1583502,0.26433864,0.004094988,-0.06765318,0.12767458,0.027374635,-0.006187223,0.013551987,-0.017093666,-0.019624975,-0.014229806,1.0919715,-0.031708233,0.000568619,0.013322792,-0.041270055,-0.027508514,1.0095601,0.98134637,4752.455,59.33444,411.43967,70.73017,78.36542,88.673744,0.00015502961,107.05802,21073.613,DOS-TCP_FLOOD
21.660845,4.7944536,64.26989,16807.56,0.014895236,0.004474934,-0.025751924,0.030031824,0.005815314,0.0029867557,0.018718213,0.20190185,0.3668007,0.018952204,-0.036180034,0.10657359,0.3241278,0.03372411,0.02374787,-0.0013769558,-0.007070314,-0.04130825,1.0553824,0.00043984878,-0.014778152,0.025479313,-0.056545496,0.024229383,1.0198572,0.9708657,3576.2627,59.411415,9.381882,21.878532,17.815731,56.09908,-3.7058067e-05,101.979836,1891.9678,DOS-TCP_FLOOD
21.52638,5.0235305,63.748524,20646.205,0.0119866375,-0.0029337683,-0.0016608951,0.00066781975,0.039511986,-0.0041023055,0.04412834,0.03518474,0.06679462,-0.037707224,-0.04773956,0.18661366,0.002307036,-0.0013951911,0.021426154,-0.003530546,-0.0013569836,-0.017752348,1.0403224,-0.0508327,-0.029869903,0.023935156,-0.0005507702,-0.04369657,1.0159274,0.96723604,4612.914,59.635452,116.1408,39.466427,31.881908,32.47567,0.00010252581,100.41465,-2157.417,DOS-TCP_FLOOD
20.278217,5.5702324,64.12661,18048.443,0.0070837415,-0.0061308476,-0.011510575,0.002181518,-0.009823656,0.016119087,0.027853604,-0.7582996,-0.06355258,0.010343342,-0.07844054,0.12950042,-0.007992793,0.0071957423,0.03496721,-0.012225671,-0.017959615,-0.020735443,1.0026801,0.0043184008,-0.012178366,0.020417234,-0.013291931,-0.036715608,1.0079077,0.97391784,7327.5527,59.873478,107.521194,83.95279,17.45839,89.2242,0.00022759581,99.9662,2371.844,DOS-TCP_FLOOD
21.067728,5.8235703,64.83764,10008.098,-4.8121437e-05,0.011658072,-0.0134487245,0.015048492,0.010444365,0.0038346932,0.02165461,-0.42574167,0.46603978,0.008916537,-0.062048215,0.09693982,-0.0018252801,0.014835166,0.01123893,-0.005634986,-0.023831412,-0.0028933259,1.02711,-0.034538314,-0.023003403,-0.020781366,-0.0043308036,0.00645563,1.0307907,1.0011194,5868.66,64.16611,121.18096,51.625027,23.804352,79.583595,-0.00020716568,101.72079,7406.7803,DOS-TCP_FLOOD
19.66482,6.618571,63.601067,16680.27,0.0024093594,0.007868517,-0.021851799,0.010391631,0.029936217,0.0103902435,0.011515183,0.3405316,0.2714306,0.056398213,-0.028889997,0.048648994,0.23213358,0.009861117,0.01991068,-0.0034280214,-0.010579313,-0.012837464,0.9510304,0.023712171,-0.0061180606,-0.0034601172,0.0062793447,-0.0035497267,1.029946,0.9970867,7334.6226,59.451305,44.34868,58.59366,4.7815046,63.46115,3.99657e-05,96.010216,191.5285,DOS-TCP_FLOOD
20.865088,5.5257683,65.96519,15762.596,0.01632081,0.010066652,-0.034051813,0.0032641247,-0.004128022,-0.0030058012,0.020397201,0.2149123,0.3545371,0.0028927997,-0.10559301,0.124801606,0.015541488,0.021522725,0.007007518,-0.00077755656,-0.017714726,-0.0059041986,1.0066211,-0.011512274,0.014092894,0.0075248806,-0.011786976,-0.054308712,1.0236022,0.9891843,6791.38,59.875507,218.00987,75.67041,35.169117,84.018845,0.00011525172,101.58723,10733.393,DOS-TCP_FLOOD
20.593706,5.8122816,72.65208,20135.592,0.04175266,0.005306585,-0.016309526,0.016294615,0.025133967,-0.018137813,0.048008345,7.119924,0.42775598,0.2574759,-0.018432248,0.08935103,0.027919477,0.0072109043,0.020818291,0.010287174,-0.019749604,-0.045137838,0.99988335,0.027086597,-0.020429512,0.03480052,-0.045064166,-0.034707397,1.0164568,0.98501194,3261.5227,58.42053,54.81697,56.994663,0.73345375,51.171055,-1.2899109e-06,100.7671,-7518.685,DOS-TCP_FLOOD
20.594786,5.861359,63.893417,11722.626,0.003640242,0.0019252183,-0.008711667,0.020668019,0.03760328,-0.0059238626,0.01887542,1.1059369,0.16396558,-0.046749294,-0.037296146,0.07120378,0.22398882,0.010281721,0.04625801,-0.0019753492,-0.0053197355,-0.022989606,1.0111438,0.012382132,-0.04353687,0.03614087,-0.008298363,0.018440787,1.0306182,0.98656726,4573.4253,59.436176,-21.929077,26.708199,-15.293659,27.539528,3.699366e-05,97.410324,-9854.819,DOS-TCP_FLOOD
20.555876,4.877267,63.64054,12636.738,0.0331138,0.0029254311,-0.0017922954,0.063016035,0.030863045,0.026346404,0.07967801,0.46992528,0.053225722,0.11010312,0.024320267,0.1109758,0.024284622,-0.01595366,0.009346939,-0.031644076,0.012995794,0.0060758227,1.0294561,-0.059675265,-0.034076877,0.014877128,0.017892025,-0.016989332,1.0142903,0.95470375,9412.631,59.749172,374.8893,91.00564,98.93693,111.58774,-0.00013522252,98.5832,28033.266,DOS-TCP_FLOOD
20.846529,5.2262673,65.000015,27491.578,0.0005854573,0.00657869,-0.013124235,0.021049662,-0.040324554,0.0067051146,0.010146681,-0.5508815,0.13867748,-0.010376581,-0.12202737,0.06315228,0.022502156,-0.010034101,0.026495568,0.010044369,-0.027589174,-0.021893091,1.052184,-0.026986742,0.025400087,0.012840079,-0.042680856,-0.04461494,1.015249,0.98001194,7540.006,60.007545,180.65308,76.7901,33.772163,90.96225,0.00014824094,104.98123,1102.8573,DOS-TCP_FLOOD
22.347923,4.885966,65.19714,18986.068,0.030875199,-0.008194103,-0.010509146,0.01554672,0.13235873,-0.0038716155,0.034745973,8.625139,-0.17674324,0.020386606,-0.13177441,0.13763177,0.07446515,-0.016133042,0.025675584,-0.018266365,-0.0006519677,0.0057536224,1.0834271,-0.03363009,-0.019032218,0.03491388,-0.013153803,-0.011432524,1.0309353,0.97574323,2800.1753,59.98399,80.40103,10.869553,11.140046,21.329994,-0.00015471732,96.83396,-1286.9524,DOS-TCP_FLOOD
19.683096,6.0248837,63.54432,13743.211,0.011477381,-0.0018499562,-0.0099253245,0.0045407354,-0.015906367,0.013328493,0.017226161,0.087138414,0.05918506,0.05733411,-0.051367283,0.08769931,0.0005415827,0.028939355,0.03240898,-0.001686532,-0.008564216,-0.025448715,0.985378,0.012668983,-0.01507192,0.009426536,-0.0041357335,-0.016532341,1.0053264,0.97241807,5581.7734,60.106472,121.59166,60.788303,34.040565,88.69317,0.0003378348,101.06341,4765.877,DOS-TCP_FLOOD
19.044504,5.744551,62.975803,15351.965,0.025119977,0.0013760178,-0.014621094,0.012599661,-0.02770581,0.010017808,0.03288,-0.8363137,0.061946087,0.11148229,0.022608303,0.12141384,-0.00053974055,0.002790545,0.02839609,-0.021774244,0.0012942497,0.00046184752,0.97484434,0.0059639905,-0.013087048,0.00037462218,-0.007051513,-0.023322858,1.0264916,0.9815339,7907.391,59.665806,146.1788,76.65149,32.75981,86.52861,0.00010097277,99.07537,5098.762,DOS-TCP_FLOOD
21.282099,4.9899764,63.98407,9869.167,0.055206098,0.031173496,-0.004557951,0.015049303,0.026018487,0.0032396386,0.030241897,0.27708888,0.8411522,0.34700975,-0.046259508,0.14262524,0.067712374,0.028259203,0.009263874,-0.025399132,-0.024240926,-0.0075362152,1.0080241,-0.03335202,0.0068187434,0.016983563,-0.016046457,-0.033012338,1.0162739,0.99476194,7386.2314,59.785145,-67.0278,58.68935,-38.07657,82.308136,-0.00013643589,98.72479,-17865.152,DOS-TCP_FLOOD
19.823183,5.6441092,72.31659,29061.816,0.03614257,-0.0012858807,-0.02373974,-0.0040651727,-0.026723156,-0.033823814,0.03428816,-0.4695952,0.13055226,0.08804235,0.0176857,0.12432311,-0.015290374,0.010553542,0.0136676105,0.00096377917,-0.029683627,-0.02693359,1.0089742,0.0023218766,-0.029363465,-0.0110535035,-0.0013376819,-0.03924592,1.0394956,0.99796623,8015.4897,59.767193,262.8421,114.15096,35.36042,91.78021,-2.2418753e-05,101.32787,9223.296,DOS-TCP_FLOOD
20.647646,5.2200418,73.08734,17482.686,0.016558154,0.005122006,-0.015849529,-0.011904377,0.03986401,-0.0064788735,0.020475795,3.9688406,0.380081,0.12596877,0.025763117,0.11922106,0.007661376,0.030795224,0.0059125014,-0.019361822,-0.0034410413,-0.03344574,1.0085086,0.017938428,-0.0020370795,0.02183577,-0.038274772,-0.027704276,1.0242738,0.9941841,4096.7627,59.93802,106.400894,85.95575,-3.057579,59.76618,-2.1752508e-05,99.00961,-7628.794,DOS-TCP_FLOOD
21.458271,5.6373167,69.88138,9855.195,-0.015172889,0.013769271,0.016210714,0.006949123,0.06896904,-0.03605158,0.016505972,3.4371057,0.6305816,-0.035866067,0.015645135,0.13914865,0.0017341055,0.032812472,0.0093251085,0.010016564,-0.009132963,-0.05320813,1.030067,-0.017680435,-0.041298565,0.03872268,-0.009775268,0.015987433,0.983182,0.98820454,3115.3472,59.30611,85.74588,20.885345,5.6312428,33.786987,-3.2627155e-05,97.300644,6014.462,DOS-TCP_FLOOD
20.028374,5.997673,63.936977,23669.533,-0.041575633,0.0056346096,-0.0027232221,0.012743448,-0.021290978,0.007222162,-0.015255768,-0.22872102,0.36857513,0.059791885,-0.079547346,0.08471197,0.006073326,0.014362473,0.020536592,0.009125871,-0.01761271,-0.013333343,0.9763231,0.010786581,0.012275368,0.013791445,-0.038742978,-0.058855273,1.0250114,0.9990121,6995.8105,59.955788,-14.047867,68.324356,-4.373459,82.42436,0.00013684575,102.005226,-3214.8772,DOS-TCP_FLOOD
20.856342,5.1833982,64.17438,25199.629,-0.02829507,0.033448365,-0.0037926668,0.0068702693,0.015836392,0.04871001,0.04860802,0.7922627,0.55044985,0.07720926,-0.050563443,0.057548992,0.24092005,0.011737723,0.026971616,-0.014323538,-0.01833371,-0.025813904,1.009816,-0.0031291207,-0.024768451,-0.00011465396,-0.009252712,-0.00566246,1.0192637,0.9667741,3444.5728,59.24291,13.128479,-3.9374542,20.519688,32.100124,0.00013902842,96.09555,-4569.946,DOS-TCP_FLOOD
18.610508,5.997688,62.347088,5371.079,0.0016136654,-0.0019828894,-0.002518387,0.016152749,0.012586724,0.021196697,0.036505055,0.17831469,-0.027604844,0.013622994,-0.016923822,0.10855365,-0.0028359126,0.0062238844,0.010778279,-0.0047280034,0.010196333,0.0052391086,0.9286278,0.037549824,-0.007138247,0.028457334,-0.001031612,-0.0204602,1.0271116,0.9598308,7177.3945,60.161423,46.38034,49.242588,7.348198,63.701122,8.791695e-05,94.973404,-2223.4507,DOS-TCP_FLOOD
21.58805,5.3087897,65.25924,17051.18,0.040697627,0.0146924555,-0.016855752,0.023430873,0.016636916,-0.009523544,0.035591148,0.0712564,0.6328305,0.52485,-0.06874458,0.14081576,0.018337205,0.012442757,0.00032885,-0.002458035,0.005743094,-0.027775057,1.0425385,-0.037701137,-0.010808016,-0.008890395,-0.0059572794,-0.013573,1.0102911,0.99384606,7779.5645,59.693127,61.654556,44.2583,-7.6014767,73.12617,1.2760705e-05,101.861275,-7379.543,DOS-TCP_FLOOD
21.166805,6.650752,65.16709,11328.834,0.0718547,0.0090906,-0.010937839,-0.0034377207,0.045917854,-0.03778568,0.017416101,0.70256174,0.7564127,0.042010654,-0.07018804,0.14415899,0.006619108,0.005599642,0.010717594,0.015405725,0.0032869633,-0.030426063,0.95836616,0.0006894171,0.018036542,-0.019725963,-0.03893316,-0.07002519,1.0074129,1.0067825,7930.725,61.148182,66.05362,144.2717,0.21236038,167.12048,0.004578518,99.59268,1141.2876,DOS-TCP_FLOOD
20.525711,5.721307,64.59004,19261.762,0.037506357,0.009898634,0.001688716,0.013523069,0.0066149402,-0.008303677,0.016140254,-0.21642125,0.27497208,0.21863508,-0.08428843,0.17718984,-0.036852926,0.017337617,0.009659863,-0.0008895993,-0.0014404999,-0.028850507,0.9868251,-0.009827717,-0.008605339,-0.015864238,-0.017592944,-0.03240334,1.0262347,1.0010185,8123.735,59.599445,147.93379,82.8161,22.833693,83.7587,0.0003232396,98.47226,7421.6333,DOS-TCP_FLOOD
21.04385,5.4998293,67.66808,17630.572,0.006627431,0.002867652,0.0001314655,-0.0035583246,0.040347733,-0.024785705,-0.0019266014,3.0324206,-0.051025793,-0.03910573,0.0693193,0.1679957,0.010507015,-0.0063417153,-0.009437771,0.0040583313,0.0006247079,-0.05026566,1.0152853,-0.00032749772,-0.026543831,0.002133993,-0.0070024515,0.00037587248,1.0295324,0.99818814,5012.0737,60.048885,119.4658,56.137833,25.504005,32.834587,-0.0001431378,98.628685,7270.9805,DOS-TCP_FLOOD
18.056583,6.2706227,63.13757,25093.531,0.0011770334,0.0023240587,-0.010745219,0.0116642,-0.08046895,0.019353364,0.021874867,-0.8175554,0.071785145,0.089261994,-0.03958395,0.034106687,-0.0012969578,0.014007499,0.03296818,-0.0027003326,-0.017605864,-0.01103504,0.9385462,0.075937845,-0.009790297,-0.002044182,-0.012761852,-0.034450695,1.0345639,0.9716059,6641.059,59.251503,111.10148,74.274345,31.83314,84.1578,0.00020949024,98.64494,5267.6943,DOS-TCP_FLOOD
19.822643,5.890222,63.497074,15151.434,0.022719406,-0.0010892412,0.0035138242,-0.0013787373,0.046204172,-0.02278412,-0.006755879,0.42046815,0.18384564,0.031231131,-0.03286601,0.12532303,-0.016514288,0.0009883987,0.02363666,-0.021118626,0.009886612,-0.04151979,0.9933492,-0.00024005772,-0.0015997165,0.050306283,-0.023641286,-0.014297327,0.98800856,0.9971133,6726.2505,59.87264,-25.144943,50.926132,-35.004013,81.655365,-3.4528508e-05,97.79103,-11740.811,DOS-TCP_FLOOD
19.360111,5.971799,67.48162,13898.6,0.006980505,0.016048191,-0.01814077,0.0026329516,-0.002296622,-0.0046504796,0.024805918,0.07765907,0.64009935,-0.00047210604,-0.014051663,0.122270055,0.006574155,0.022776552,0.015333873,-0.01866889,-0.025253683,0.013700046,0.9366592,0.0066084354,-0.0028831908,-0.025146564,0.003253296,-0.038239032,1.0338207,0.9880732,6073.073,59.706104,186.14722,60.23583,27.874947,66.326675,-2.8555733e-05,96.047554,7047.4995,DOS-TCP_FLOOD
19.403824,6.146319,63.730194,18571.33,0.01304907,-0.0017174628,0.009816681,-0.0032737337,0.03743536,-0.004005173,0.029953467,-0.08608198,-0.08827404,0.0029169582,-0.023548331,0.10830625,-0.004571227,-0.008155842,0.02875514,-0.025179502,0.009746127,-0.008230413,0.9680071,0.020294804,-0.008307326,0.024811827,-0.0060217874,-0.03875026,0.997355,0.9687743,6729.033,59.65272,41.027374,73.87572,7.085763,73.50618,6.979372e-05,96.55894,-3389.062,DOS-TCP_FLOOD
20.431284,6.0605097,69.87687,18250.305,0.0005866587,0.0007546022,-0.012850476,-0.0015440114,0.030934429,-0.0063824477,-0.015241536,0.5062207,-0.1502851,0.039985947,0.022896416,0.05752164,0.2838223,0.009898831,0.024230806,-0.007907072,-0.004043281,-0.02666249,0.98009616,0.040422216,-0.017097427,0.002236478,0.014758233,0.015075633,1.051266,1.0137322,7665.648,59.741913,151.26178,73.55057,23.761204,66.32205,8.171711e-05,94.18437,10943.913,DOS-TCP_FLOOD
19.935593,5.2752275,61.713192,10641.523,0.013299545,-0.013184554,-0.01705233,0.010342355,-0.018978242,0.019807655,0.042403534,1.8072553,-0.29904383,-0.058571175,-0.0053575635,0.049571075,0.19771247,0.003923732,0.013313957,-0.012670084,0.007024766,-0.017414972,1.0074351,0.036182508,0.019341515,0.040470965,-0.0037018768,-0.0014473032,1.0315182,0.97260904,8716.077,60.127407,806.7792,66.97435,99.01909,50.539375,0.0008773894,102.87069,19687.326,DOS-TCP_FLOOD
19.238544,5.3498054,62.27994,12550.592,-0.012058615,0.00070486957,-0.018143795,0.0030623542,-0.066451505,0.014845165,0.02238721,-0.70442474,0.15674525,0.05695041,-0.07407097,0.074063756,-0.00063865073,0.008695153,0.02261699,-0.0031960756,-0.022617577,-0.0085485345,0.98698354,0.023613757,0.022824556,0.022501498,-0.006370051,-0.055218816,1.0237682,0.9644626,6324.6147,59.84089,214.38576,102.27334,43.083992,107.182915,0.0003510651,103.03132,5315.9565,DOS-TCP_FLOOD
21.497766,5.0822654,63.706577,53893.45,0.0046856888,0.002005934,-0.03340948,0.01571582,0.015870146,0.0059982045,-0.008691735,2.2294257,-0.087012954,0.06966434,0.0620882,0.0703457,0.34020272,0.0035599107,0.016068222,-0.032810017,0.008400524,-0.03652126,1.0488201,0.014597983,-0.0062170913,0.037381534,-0.014674215,0.0022114161,1.0179583,0.9905476,6959.1636,59.445084,303.52856,23.131813,63.52392,60.60262,0.00022945463,100.52467,819.72174,DOS-TCP_FLOOD
20.43517,5.424075,71.09327,15930.809,-0.031930767,0.0053004124,0.00079216436,0.035845324,0.040026456,-0.008513829,0.06689016,2.538957,0.2836811,-0.034070272,-0.021380495,0.08115567,0.046971466,-0.0036563957,0.033309005,0.016981075,-0.018733205,-0.022133935,0.9910843,-0.006962621,-0.016540365,0.0030452386,-0.006277738,-0.05374996,0.99356276,0.96053636,4417.9355,58.67486,313.07513,58.426327,46.020393,82.509415,0.00013320462,96.55766,161.28903,DOS-TCP_FLOOD
21.670597,5.556563,62.353184,9560.326,0.02733438,0.007789617,-0.00545081,0.0070416736,0.095125236,-0.0032695185,0.0022674026,2.0092852,0.20611542,0.22411641,-0.108920336,0.2066072,0.014054093,0.004677791,-0.016570777,-0.016681721,0.02183244,-0.02518083,1.023005,-0.04394133,0.0067527313,0.037097856,-0.0021230849,0.007350379,0.99485564,0.987641,5274.3965,60.34695,4.6062317,23.717148,-1.2275066,56.471706,0.00010941961,97.47895,-7194.887,DOS-TCP_FLOOD
20.786566,5.770946,65.183716,14618.295,0.0038463064,0.007612304,-0.012734717,-0.00681873,0.025740676,-0.008977213,0.011235272,0.26779515,0.14008793,-0.002999846,-0.032006495,0.107337356,0.00899075,0.020249879,0.023025673,0.0022672676,-0.01594607,-0.018573994,1.0172429,-0.019668447,-0.022259241,0.0067382855,-0.0018252805,-0.021138538,1.0096384,0.9856846,7387.7954,60.44091,116.991936,66.44431,23.693333,76.41078,0.00014898258,98.238106,-1781.9016,DOS-TCP_FLOOD
18.548197,5.3181734,63.198948,31897.5,-0.015469991,-0.0033304214,0.15414745,0.0076647396,0.055540733,0.015041644,0.024226608,-1.2184954,0.109339386,-0.01993797,1.8329339,0.068686105,0.055181157,-0.035721954,0.021088121,-0.00825799,0.00069755595,-0.013385087,1.0217838,-0.04234494,-0.017103413,0.04596576,0.0062833214,-0.00783042,1.0147011,0.99186665,6927.435,59.923878,-90.88388,20.463402,-55.609543,42.75736,-0.00011298394,94.81194,-17408.242,DOS-TCP_FLOOD
21.401361,4.676543,63.78814,22037.527,0.027833544,0.007822112,-0.07106744,-0.0050147795,-0.023398476,0.010928553,-0.003724238,-0.15066004,0.5986725,0.20086063,-0.034952186,0.12525536,0.06995715,-0.013795581,0.006448184,-0.034143478,0.008060484,0.01475903,1.0638924,-0.024650905,0.06256371,0.0041398956,-0.02147796,-0.054249033,1.0463408,0.9927465,7062.428,60.011982,213.20084,108.00126,32.36637,166.229,-2.2482898e-05,108.14661,14245.678,DOS-TCP_FLOOD
19.29192,6.5534554,63.935337,21774.623,0.003410885,-0.0041798963,-0.008725747,0.005306371,-0.057507686,0.027397126,-0.0028639869,-0.21644664,0.06116095,-0.04694834,0.0138064455,0.08645893,0.01668884,0.032854475,0.016994797,0.0009690365,0.0019183476,-0.031571,0.983537,0.04099723,-0.014424257,0.032225363,0.00071180984,-0.030567389,1.0042481,0.9877733,8024.427,60.282463,56.370728,87.64329,24.012957,97.47364,0.002701394,99.231186,-2865.8433,DOS-TCP_FLOOD
19.421701,5.849263,64.19917,21924.668,0.034216776,0.00683584,-0.0048932433,0.024137748,-0.050866134,0.0255833,0.054352354,-1.072325,0.37829342,0.16207623,-0.047049433,0.041178424,0.015688939,-0.00575169,0.013638305,-0.011335326,0.00025584828,-0.011382209,0.99361736,0.01394297,-0.035240944,-0.011621489,-0.011791041,-0.030272532,1.0300981,0.9799435,7126.616,58.511715,64.05672,42.20896,-0.5031414,61.961937,-0.00020720578,100.01712,-3366.5945,DOS-TCP_FLOOD
21.153368,4.798697,63.15124,18231.61,0.0025318842,0.001710571,-0.040289853,0.010641927,-0.0036607757,0.048829395,0.01984896,-0.10937476,0.17123766,0.110965446,-0.058220536,0.061040208,0.20172592,0.003428422,0.012101451,-0.019822342,0.004884475,-0.018852796,1.024371,-0.025108138,0.008438306,0.019397452,-0.009634904,-0.006244825,1.0411955,0.9694268,6490.3887,60.065346,26.036697,36.70028,8.387609,61.988895,1.0342046e-05,100.19882,165.53705,DOS-TCP_FLOOD
20.756214,5.823895,70.17403,17198.285,0.001669405,0.012710017,-0.019915488,-0.01296867,-0.010108143,-0.041368823,0.015875513,0.21440476,0.6171646,-0.08389881,-0.11292643,0.1450728,-0.0012112855,0.027676074,0.0066033145,-0.031064853,0.008256923,-0.016870132,1.0168108,-0.004950608,0.029243024,-0.010134521,-0.037851393,-0.051735718,1.0318806,0.99150676,7306.7725,59.86543,216.88464,115.020226,35.582657,109.45382,0.0015757936,102.02266,12978.805,DOS-TCP_FLOOD
19.16492,5.880058,63.58728,14313.531,0.019522015,0.00020316243,-0.0010947604,0.0052457163,-0.0028643059,0.0038720067,0.031522714,0.5831097,0.100121364,0.36194438,-0.022710329,0.15070105,0.0011166482,0.03241904,0.0019927928,-0.0015043747,0.0009817583,-0.023460316,0.96155775,0.022982027,0.023852007,0.018196508,-0.008071399,-0.037437353,1.0102239,0.97361404,6111.7896,59.577198,241.32079,49.718468,48.723648,57.182102,0.00021819804,98.207085,6041.4556,DOS-TCP_FLOOD
18.729628,5.9978623,62.8126,15995.744,0.008669336,0.004127027,0.008882181,0.005570345,-0.057412006,0.030576896,0.03417511,-0.6201862,0.20746052,0.009601767,-0.034669716,0.09203408,0.0024565856,0.021582162,0.029072296,-0.01582908,-0.0087426035,-0.022475703,0.9705449,0.021940786,-0.015897488,0.018458644,-0.004480039,-0.02554148,1.0141581,0.956981,5814.666,59.894016,107.19729,47.119583,28.792892,77.27922,0.00017867837,100.611046,1178.4181,DOS-TCP_FLOOD
21.569923,5.424208,63.094734,11606.891,-0.00027010217,0.07874476,-0.022907104,0.0094368225,-0.021059545,0.0116943,0.019502811,0.99022835,1.639056,0.18831289,-0.043864533,0.07653046,0.20028427,0.024353981,0.0012827897,-0.019815013,-0.009773452,-0.007105255,1.0250249,-0.014051242,-0.010081099,-0.037316587,0.0022722827,0.0051129702,1.0683732,0.99585116,3299.709,61.597668,42.9124,4.989723,13.369395,45.42249,0.00014633103,97.57542,1637.627,DOS-TCP_FLOOD
20.077787,5.3345847,64.23787,15770.309,0.014658075,0.007837259,-0.014445824,0.0016802676,-0.02395459,0.0005579699,0.01662491,-0.5484221,0.19697128,0.07718452,-0.04047027,0.10108343,0.0025151097,0.015128024,0.028328892,-0.008941972,-0.029356422,0.002812352,1.0075636,-0.019563897,-0.0117349615,0.0017610285,0.0017272914,-0.004789522,1.0321085,0.98453015,6947.05,60.067917,142.992,64.76558,23.38752,88.32662,-0.00012703701,100.04491,7725.387,DOS-TCP_FLOOD
18.09244,6.363291,64.39037,17225.178,0.012260535,-0.0020502724,-0.014940044,0.022108493,-0.018779226,0.006329084,0.0605636,0.6467334,-0.13082801,-0.011834026,0.0043672323,0.029905466,0.036428425,-0.0033714343,0.01601339,-0.010106642,-0.0015056645,-0.0024686148,0.8972469,0.06310904,0.0119197965,-0.005370972,0.00973375,-0.05156212,1.0151187,0.99056536,12787.626,58.475254,901.5756,144.78082,180.82275,161.75012,0.0002918195,99.016846,76628.734,DOS-TCP_FLOOD
21.259298,5.087826,61.601254,18179.348,0.021392167,-0.00071436533,-0.015683223,0.027752781,0.073591545,0.023873858,0.042300984,15.982715,0.21579757,0.052878886,-0.067255266,0.118230745,0.16845809,0.0023619132,0.012921467,-0.011484333,-0.012129039,-0.07686044,1.0156816,0.049940106,0.014222601,0.08185502,-0.054369725,-0.018222298,0.9843327,0.9409716,1545.2656,58.51776,121.45406,42.984936,28.95577,42.132885,0.00467556,100.64569,-697.1224,DOS-TCP_FLOOD
19.1483,5.727521,63.879734,17307.92,0.04379922,0.0029307657,-0.01853179,0.010222708,-0.024649391,0.014529636,0.033643056,0.19270039,0.07154018,0.37949547,-0.0040262938,0.08107525,-0.0027379862,0.01896953,0.025621325,-0.008982186,-0.006375271,-0.0055071292,0.9594107,0.010839789,-0.0025323755,0.016244326,-0.000592079,-0.033128474,1.0315782,0.9894213,7446.7725,59.57198,237.2715,60.04495,36.243553,78.90462,0.0002129747,99.91322,5835.275,DOS-TCP_FLOOD
20.013062,6.155896,64.48721,17574.035,0.035583246,0.006884176,-0.0031358656,0.02433423,0.036619492,-0.001748731,0.050449487,2.3652396,0.08856341,0.14217505,-0.046987053,0.1221241,0.004986343,0.00447514,0.025484635,0.008793705,-0.008045662,-0.02509554,0.96996915,0.013257826,-0.036718152,0.009718084,-0.010821776,-0.022424776,0.997526,0.97551554,6957.8984,58.972076,127.82353,67.76912,17.257557,62.552063,-2.3767716e-05,98.229034,-115.14703,DOS-TCP_FLOOD
20.1687,5.898367,65.1855,9889.657,0.012412764,0.0051239133,0.0115223285,-0.004471358,0.07377693,-0.018823024,-0.0029274798,1.853605,0.113421,-0.032318875,0.17555802,0.122002766,0.003953813,0.0011140108,-0.0073756785,-0.008998508,0.017610952,-0.00216112,0.97965974,-0.007533058,-0.018534228,0.022809055,0.008277259,-0.006330153,0.99848866,0.9997325,7896.23,59.63524,64.618286,70.48901,19.084724,71.163445,0.00015692263,94.705666,4862.24,DOS-TCP_FLOOD
21.3168,5.1677294,64.38168,12337.151,0.016381267,0.002051375,-0.0045034057,-0.0031967938,0.003953441,-0.011209692,0.030262437,-0.32681656,0.0030311942,-0.0016174465,-0.067339,0.16111973,0.009881385,0.0008396711,0.025910627,-0.007274141,0.007947622,-0.008793654,1.0544758,-0.0360445,-0.0019241776,0.02395209,-0.021269748,-0.03952826,1.0099266,0.9767959,5719.6074,59.76622,227.52364,55.782066,33.89431,62.77112,9.2849776e-05,101.60656,5429.6113,DOS-TCP_FLOOD
19.142447,6.0545077,63.13346,16424.717,0.010663922,-0.0023302312,-0.013339986,0.0034342431,-0.027424118,0.035053357,0.020342564,-1.0108123,0.08469643,0.059813604,-0.05750154,0.10592007,-0.009493467,0.007758592,0.024843274,-0.01742614,0.007450105,-0.016189987,0.9593971,0.045315318,-0.00039145118,0.011501426,-0.010774475,-0.035072222,1.0159407,0.9767393,6477.1343,59.67329,-9.739426,61.978695,-10.468721,66.114746,8.243817e-05,99.34394,-7824.235,DOS-TCP_FLOOD
20.331629,5.180832,62.61969,18345.605,0.009397072,0.0058939247,0.022868156,0.005440557,0.06652279,0.008290959,0.029215597,2.8420143,0.4017821,-0.02951661,-0.04999251,0.17119965,0.005155861,0.008935653,0.0032008812,-0.034055814,0.023614213,-0.020201392,1.0335039,-0.054811966,0.009166027,0.032789778,-0.02266436,-0.0070830244,0.99257857,0.9556775,3403.2852,59.46682,-6.073517,36.355522,-3.9091778,73.796104,-3.10225e-06,99.24063,-4529.8657,DOS-TCP_FLOOD
20.500656,6.388168,69.49364,9881.368,0.029980581,0.008940626,0.0048297015,-0.014771463,0.019768793,-0.012357947,0.0022146525,2.2101045,0.16616093,-0.025374625,0.003528744,0.14423354,-0.007931192,0.030150257,0.02541228,7.712748e-05,-0.0074750856,-0.027477644,1.0022616,0.040971525,0.016738122,-0.0011500507,-0.06628856,-0.038115866,1.0099931,0.9835801,4029.3823,59.795403,69.90724,106.63501,12.552,96.4677,0.0005876876,99.1912,1849.791,DOS-TCP_FLOOD
20.833988,6.0297604,64.3609,11878.754,0.021263974,0.011716947,-0.004292978,0.016594218,0.066247,-0.0012309069,0.038206503,0.91756296,0.38742292,0.05429994,-0.06994882,0.13597201,-3.653206e-05,0.026731357,0.01589335,0.00047504902,0.002360032,-0.020396732,0.97597164,-0.012989694,-0.014772363,0.020379432,-0.003372389,-0.010132267,0.99984246,0.9904127,7399.8145,60.109016,3.6741638,39.782814,-23.324802,52.973595,-8.474024e-05,97.42685,-12467.517,DOS-TCP_FLOOD
19.840816,6.094957,64.14758,19390.555,0.027807169,-0.0046023834,0.003896847,0.0055306526,0.051633,-0.006977449,0.013914529,2.6754584,-0.09047411,0.084720045,0.020406779,0.1117961,0.00039257482,0.0076842257,0.021058517,-0.014358757,0.0035964744,-0.028836366,0.9775876,0.028839506,-0.016701154,0.030174442,-0.017868433,-0.0060145464,1.0080003,0.9874575,7152.9385,59.65022,108.45659,65.61499,20.453907,64.84601,4.816364e-06,97.223,2057.1814,DOS-TCP_FLOOD
21.103888,5.0406623,64.86432,18189.186,0.01813332,0.009105749,-0.034716934,0.0014206375,-0.00033715554,-0.0048221387,-0.008793784,-0.02656746,0.20873907,0.036209892,-0.075310655,0.1162505,0.0040085707,0.012210262,0.029927295,-0.008864681,0.0070748613,-0.0005810708,1.0528692,-0.03274728,0.0073888055,0.00043463195,-0.012493235,-0.018884292,1.0349072,1.0033971,6995.0205,60.23571,154.57327,71.35625,16.72332,87.27478,9.408599e-05,103.077225,7150.824,DOS-TCP_FLOOD
19.513134,6.17549,63.32717,16505.986,0.0062830932,0.0034097475,-0.013467688,-0.0066137374,0.0062212422,0.02711735,-0.015923388,0.96398866,0.22068344,0.09942781,0.0083483,0.047500834,0.008081302,0.009286547,0.0446013,-0.0016837148,0.002612616,-0.011579719,0.9665717,0.028087007,0.028638048,0.019794226,-0.003948058,-0.038446046,1.0124009,0.9859861,5809.657,60.816235,334.67645,65.675735,66.99751,98.36975,0.00022595028,98.97735,13631.083,DOS-TCP_FLOOD
20.30745,5.808425,63.934994,9461.832,0.007601948,0.013129832,0.00050632283,0.0059994743,-0.005930856,-0.02300531,0.0063943584,1.5756233,0.47464716,-0.011516371,-0.12531519,0.13176407,-0.0026623087,0.030625049,0.013442954,0.014223747,-0.0062177423,-0.04202184,0.99443406,0.004974379,0.01675632,0.030459305,-0.041901875,-0.019847706,0.9911483,0.9949122,5352.375,59.592068,164.60727,83.42507,35.534725,101.07581,0.00050127186,100.409645,7698.288,DOS-TCP_FLOOD
19.246756,6.0412207,63.71325,9920.758,-0.015920863,0.003369641,-0.011614671,0.00031288527,-0.019263929,0.009471537,0.027683359,-0.70517707,0.111437745,-0.008075795,-0.07275178,0.1159188,-0.0023944962,0.0053310767,0.03196401,-0.007850112,-0.014270458,0.0040057674,0.9817023,0.035974666,-0.0032815523,0.014880319,-0.010299328,-0.040177375,1.0250345,0.9683518,6163.352,60.04947,69.60068,88.265465,4.7874947,92.53071,0.00013285634,98.45928,-4051.014,DOS-TCP_FLOOD
20.811796,6.3616676,63.91719,26351.03,-0.04215322,0.0060502924,-0.007818759,0.008258755,0.052761964,0.009204102,-0.029334247,1.4759465,0.15099618,-0.044823706,-0.08381554,0.0017992686,0.34652162,-0.019490121,0.021659685,0.025925525,-0.009344317,-0.01668345,0.9745892,0.0031658334,-0.0038646953,-0.0001085503,-0.0115767205,-0.0154262185,1.0445659,0.9949237,6783.19,61.114857,49.197372,41.30919,14.693686,83.81898,0.00019356955,93.97224,-8871.447,DOS-TCP_FLOOD
20.928194,4.760108,63.37277,23165.234,0.0088318335,0.035624266,-0.00949291,-0.0006522592,-0.011737913,0.019844212,0.03406047,-0.05547738,0.71905226,0.030494235,-0.074730225,0.10294836,0.009071193,0.0051456736,0.03676927,-0.035177797,-0.025579784,-0.007127146,1.0365758,-0.028398605,-0.0014979648,-0.0021097797,-0.008242283,-0.03094067,1.0240254,0.97888845,3336.006,59.630417,3.8000488,40.25183,-16.333199,55.342464,-7.3213596e-06,100.88641,-3151.5247,DOS-TCP_FLOOD
20.336357,5.5286546,64.20237,20054.273,-0.028441986,0.011812692,-0.012314598,0.005651215,0.005856229,-0.0013288175,0.0012661936,-0.2902894,0.2097948,-0.010559269,-0.06989283,0.075940475,0.009991868,-0.0016812189,0.029595405,-0.0037339237,-0.021748254,-0.01534138,1.0331877,-0.01809044,0.0020157848,0.00057141064,-0.016617581,-0.037453663,1.0114938,0.97848773,8128.967,59.70614,222.77077,91.13051,38.263607,103.13545,0.000260656,101.31217,1029.5602,DOS-TCP_FLOOD
18.800323,5.873312,72.80626,9584.734,-0.021764077,0.009129066,-0.0037653698,-0.00086442375,-0.012387738,-0.010694751,0.024281496,-0.40156937,0.08593546,-0.029561713,-0.013735404,0.09545675,0.01583767,-0.0065123616,0.009469445,0.006136298,-0.008805319,0.0148328375,0.98709637,0.009815167,0.009162395,-0.014196282,0.024983749,-0.025580019,1.0359304,0.98242545,12468.496,59.41573,704.98083,182.93292,165.06293,199.2998,0.00038857618,97.57717,71497.63,DOS-TCP_FLOOD
19.731754,5.982144,65.41711,15199.967,0.028794713,0.008383288,-0.011165553,0.014510507,0.035383705,-0.0012107217,0.038218096,0.6432345,0.17451549,0.18828356,-0.04315506,0.10711609,0.012428255,0.023770139,0.020452935,-0.008261161,0.00973483,-0.025090093,0.9382042,0.023753835,-0.022725815,0.037833016,0.006354074,-0.029009541,0.9959756,0.9786352,7709.379,59.495407,72.58647,63.46298,7.907752,59.66558,0.000102646896,95.346085,2636.1733,DOS-TCP_FLOOD
19.887136,6.124338,63.884518,19890.504,-0.0037092809,0.0039122836,0.014120879,0.0024269938,0.047123514,0.005193194,0.03539817,0.07967341,0.1983145,0.014890375,0.013605503,0.13805206,0.010561172,0.007198839,0.011311526,0.00011953991,-0.005765606,-0.014825126,0.959792,-0.0034117808,-0.04109928,0.016613444,0.027403712,-0.013513843,0.9985264,0.9735331,7484.8125,59.558693,47.08777,46.34119,8.148182,40.964417,-4.6809146e-06,94.56558,1967.2683,DOS-TCP_FLOOD
20.258968,5.262389,64.51297,8714.969,0.0333774,0.0090645,0.002349068,0.08814565,0.0671189,-0.010445122,0.049949862,1.3398281,0.3278612,0.17334057,0.028784133,0.13959613,0.010985737,0.026225904,0.037247993,-0.0021856464,-0.00550749,-0.009960317,1.0111829,-0.032525223,-0.009337083,-0.0113087855,0.0054384163,-0.033835065,1.0014665,0.96226144,8289.339,59.884743,687.48376,114.9337,195.96396,139.34521,0.00019285889,96.70235,93094.38,DOS-TCP_FLOOD
20.371618,5.2529855,64.37207,17984.398,0.025436912,0.004827885,-0.025045415,-0.021709116,0.0059511755,0.0011090079,0.0060734176,-0.5300708,0.3121558,0.08924349,-0.068666406,0.12964125,0.009244994,-0.0031667948,0.025843251,-0.044770762,-0.012831972,0.0082681505,1.0236032,-0.00798739,0.005324711,-0.0165703,-5.0682575e-05,-0.028235735,1.0422589,0.9906212,6454.582,60.282764,81.9012,68.51451,16.515673,81.66866,-3.4125856e-05,100.39357,4895.5957,DOS-TCP_FLOOD
18.568758,6.5682845,62.854992,9705.648,0.015241598,-0.003397063,0.004151019,-0.0012011993,0.03796184,-0.0010476029,0.027576234,0.06567359,0.02018906,0.075286984,0.03286979,0.08673911,0.0022624834,0.009536807,0.02805388,-0.016454441,0.006191493,0.0025515864,0.92174554,0.046254482,-0.015376379,0.016404826,-0.0031303102,-0.016398277,1.0048635,0.9630337,8188.814,59.28491,30.350327,70.04788,5.335964,79.578865,4.4122484e-05,92.544655,-3227.1057,DOS-TCP_FLOOD
20.82302,5.350369,64.508675,16761.926,-0.0004538428,0.0036539135,-0.022219552,0.013650811,-0.0043576304,0.0042796372,0.021688752,-0.26447356,0.14573719,0.010160225,-0.07741312,0.10063042,0.0055019516,0.021060465,0.0265948,-0.0025161728,-0.025671557,-0.008463114,1.0163203,-0.022483412,-0.0038576173,0.013168781,-0.017655725,-0.01805875,1.0172204,0.9666077,5155.722,60.203606,105.92635,54.92463,22.202457,69.222244,9.763597e-05,101.97156,-182.89795,DOS-TCP_FLOOD
17.485338,7.3698196,65.89372,9913.953,-0.031161534,0.040991154,-0.0023790984,0.009296254,-0.07393258,0.031985737,-0.007125859,1.0477145,1.4278983,0.053746942,-0.022349292,0.01304522,0.0063429335,0.022302981,0.028028477,0.0086173685,-0.031811997,-0.0073059225,0.87977827,0.09260507,-0.010604839,-0.018851392,-0.00036793295,-0.04406329,1.0255041,0.9854165,6840.7744,60.580875,121.71025,69.512764,28.485226,107.37304,0.00040197858,97.65203,-1554.8179,DOS-TCP_FLOOD
18.917425,5.9600096,64.13797,19254.887,0.015311736,0.0033994694,-0.016471306,0.01912578,-0.0055648396,0.013061031,0.049171593,-0.44585025,0.066086665,0.059562504,-0.049029753,0.07931511,0.017321931,-0.0055653136,0.018796997,-0.009050326,0.006532334,0.0032474753,0.9393467,0.032671094,-0.01713844,0.0123550175,0.013667949,-0.024499295,1.025927,0.9811696,7483.829,58.724033,127.65137,63.132275,21.557701,68.34466,-4.050757e-05,95.97099,1974.0039,DOS-TCP_FLOOD
19.891493,5.438598,64.83015,23510.209,-0.0011168793,0.009993075,-0.0073494464,0.020048518,-0.039464913,0.02213035,-0.0077448604,-0.31041467,0.21346545,-0.0018358231,-0.11369899,0.06873509,0.066922896,0.012921274,0.03546274,0.012001045,-0.0025255326,0.005398984,1.0154034,0.030109143,-0.0052885036,-0.007014016,-0.032783687,-0.04155126,1.0395808,0.9897431,5900.641,59.76965,128.0874,78.22912,30.432804,107.295395,0.00032562582,102.137726,1254.0789,DOS-TCP_FLOOD
19.732016,6.202523,64.17752,22902.158,0.0068362616,0.0063338517,-0.01934374,0.0015118605,0.0036813272,0.008566856,0.008386017,-0.1383059,0.25958276,0.022252789,-0.11023052,0.10249325,0.00018570945,0.025275405,0.013432251,-0.02334378,-0.0055489573,-0.009396457,0.92257243,0.03935909,0.018130694,0.01775931,-0.0142446365,-0.041619144,1.0090921,0.9827823,6499.4414,59.578487,49.55577,57.056572,-9.149048,70.79277,2.3693181e-05,99.92202,-3701.0657,DOS-TCP_FLOOD
19.678328,6.3069444,65.04368,16581.32,-0.003966093,0.004702008,-0.0139056705,-0.0024212885,0.026167987,-0.014307425,-0.007855167,0.46829617,0.29887402,-0.034803286,-0.04241907,0.095491186,0.0018222086,0.011879866,0.017069824,-0.014812684,-0.0071892813,-0.017327426,0.96220136,0.0012012497,0.025946092,0.012765689,-0.023324722,-0.032037925,1.0115863,0.9999848,7982.8955,59.99581,42.781708,86.66074,0.422966,99.62712,8.227845e-05,98.69285,1278.6221,DOS-TCP_FLOOD
20.756773,5.33346,64.36583,23089.75,-0.013340449,0.0043834415,-0.048423357,0.0010851639,0.0016195206,-0.009678215,0.0015793438,-0.108603954,0.2517311,-0.02202007,-0.10731385,0.108184025,0.023537671,0.00859185,0.005537905,-0.008339769,-0.023794046,-0.017234908,1.0216082,-0.017313434,-0.0019385596,-0.002091896,-0.014391838,-0.026555426,1.0185337,0.9949003,6218.5645,59.985394,49.8891,42.630924,9.891262,67.36481,6.738023e-05,102.53818,1821.8533,DOS-TCP_FLOOD
19.049185,6.279426,64.81568,14954.389,0.032514848,0.0058230893,-0.0374213,-0.0025341534,0.0019654585,-0.013064306,0.007961408,-0.2708403,0.15295245,0.10360278,-0.0612995,0.05648739,0.0006180927,0.020004593,0.015393822,-0.011733113,-0.013486089,-0.00466248,0.9279561,0.056604777,-0.00781174,-0.011938751,0.0076517924,-0.020101901,1.0445979,1.0075655,7687.6206,61.4942,144.9546,71.304184,13.286229,76.02992,9.505842e-05,97.26861,2257.5461,DOS-TCP_FLOOD
19.212793,6.101301,63.250538,8491.477,-0.00022546388,0.039571628,0.018697817,0.0055018673,-0.03364736,0.0024415208,0.016111668,0.048874497,1.061794,-0.007913177,0.06079482,0.113949195,0.016636854,0.024109093,0.021599809,0.0038607838,-0.007989953,-0.0069694314,0.96233296,0.018858653,-0.0146899605,0.0033443794,-0.019559206,-0.026698496,1.0223421,0.9815907,6678.4604,59.982777,41.15309,61.86116,14.819063,79.15166,0.00023008054,96.50632,4456.615,DOS-TCP_FLOOD
19.862589,5.0783434,64.330475,13911.311,0.01051288,0.0005570911,-0.0062916917,0.017508002,-0.030461257,-0.003063943,0.03975597,-0.9145318,0.05937952,0.13351966,0.29259676,0.0813511,0.0032373636,-0.010942294,0.02366447,-0.023902861,-0.0011390587,0.004604715,1.0105462,-0.0148259355,-0.032604903,0.022834383,0.02225074,-0.00021299347,1.0388956,0.97854775,8494.333,59.810944,54.994003,64.10852,12.276464,95.06891,-4.3456093e-06,98.97883,4566.897,DOS-TCP_FLOOD
19.01576,6.0537047,64.41133,16723.717,-0.0029670633,0.0027328043,0.07755928,0.009931814,0.032413267,-0.0025990494,-0.002557896,-0.54574215,0.21641842,-0.047337025,1.1737608,0.08854009,-0.00071746105,0.006977045,-0.004056748,-0.0067268033,-0.0129503645,0.022201277,0.99452114,-0.004826679,-0.035040367,-0.0118237045,0.024050985,0.0040648784,1.0143274,0.99802893,8059.2207,59.913002,13.94075,83.081345,13.133691,66.23531,0.00010235804,97.15435,-1412.7737,DOS-TCP_FLOOD
21.781147,4.95178,64.79237,8675.4,0.0072890236,0.012859361,-0.023351459,-0.005343257,0.07137948,-0.009681744,0.0073564188,5.550358,0.5188773,0.0003709644,-0.058052134,0.09265869,0.13564295,0.018661477,0.020274308,-0.016859027,-0.00970191,0.004930878,1.0640047,-0.028253958,0.041789696,0.012623269,-0.050631724,-0.03659612,1.0252821,0.98669744,4177.89,60.165,259.88193,46.713852,48.368423,85.24685,0.00035034042,101.68182,11951.803,DOS-TCP_FLOOD
21.870567,4.6048813,64.68187,19221.146,0.003574565,0.008967354,-0.028366277,0.0071772444,-0.019923087,0.008650544,0.032649502,1.1609228,0.23177439,-0.04657685,-0.069300696,0.067925595,0.19291797,0.0008939812,0.026687622,0.00280282,-0.03626353,-0.018313937,1.0754217,-0.0075001563,-0.0033203023,0.0031798042,-0.03229844,-0.0007584598,1.0308096,0.9694198,4743.821,59.667004,742.3961,43.30464,127.52538,68.39159,0.0003090799,106.0562,41395.523,DOS-TCP_FLOOD
19.923042,5.846021,69.32303,20357.67,-0.00017167069,0.0069293394,-0.011145146,0.0034893272,-0.005134751,-0.021508073,0.044688016,-0.56866395,0.19275472,-0.07600824,-0.015382055,0.14787908,-0.010663563,0.0115109645,0.013198696,-0.00091422815,-0.0050111557,-0.02805922,0.97578233,0.010752752,-0.026032876,0.0123144975,-0.042152848,-0.057086557,1.0152422,0.96500754,7689.621,59.414433,107.19039,78.31386,13.212454,63.77269,5.461104e-05,98.53523,5298.644,DOS-TCP_FLOOD
19.77132,6.163163,66.17886,14980.055,-0.003681928,0.002522307,0.010471112,0.0098264,0.022653993,-0.021863913,0.0039056363,-0.059206486,0.15164682,-0.00749479,0.4692404,0.07490906,0.087161474,0.014640896,0.024770513,-0.0041859224,0.022443846,-0.0052903127,0.9882757,0.009914431,-0.010898303,0.0140052335,0.020377638,-0.0055541005,1.0300447,1.0139778,8111.748,59.863922,18.033203,65.56924,-14.407394,81.24781,0.00017008746,95.982216,2481.142,DOS-TCP_FLOOD
22.304142,5.328905,64.51562,9438.081,0.017056935,0.010237638,-0.0016214116,-0.0055151354,0.094555594,-0.029975751,0.0025739986,6.205963,0.31380534,-0.036235746,0.010036695,0.17100623,0.013535994,0.008211223,-0.0074472553,-0.024325576,0.005881465,-0.017721754,1.0733103,-0.017894384,0.01837723,0.0041237017,-0.025197305,-0.008252206,1.0006984,1.0001767,3835.2012,60.470966,340.23657,41.937317,60.80682,53.700836,0.00039947208,100.44767,8526.424,DOS-TCP_FLOOD
18.619692,6.663204,64.00757,8017.127,-0.005404735,0.005203742,-0.015664224,-0.0019311769,-0.023743091,-0.015793473,-0.007659788,-0.502246,0.4235621,-0.010905246,-0.007120985,0.07635448,0.0010411422,0.019989058,0.008274013,-0.006650472,-0.007888397,-0.0051028747,0.94880843,0.05659174,0.00057101017,-0.013513481,-0.034156658,-0.022440981,1.0345294,1.0002775,8318.853,60.30189,14.683853,84.08369,-10.010637,92.86174,0.00014528041,98.11728,-6950.4834,DOS-TCP_FLOOD
20.612831,5.4551497,64.23593,18204.717,-0.018830927,0.016350595,-0.021575978,0.062843926,0.028168809,0.019231968,0.02660414,0.9551739,0.30929717,-0.0006460212,-0.07117271,0.026833303,0.20215777,0.018771974,0.03178737,0.0045581255,-0.036614876,-0.017736543,0.97030634,-0.005795526,-0.017772958,-0.0020479306,-0.0041847117,-0.017365277,1.0144715,0.97476745,5163.177,59.842957,127.17839,22.686623,28.925323,52.236584,0.00023085302,95.303696,-4889.6284,DOS-TCP_FLOOD
18.437847,5.873831,62.487385,9106.843,-0.002771942,0.001550581,-0.0059581944,0.040924676,-0.009252427,-0.011778472,0.023899784,-0.16460562,0.0071392953,0.040007554,0.13133937,0.10772023,0.0530319,0.032613385,0.016489241,-0.008336822,0.0044763647,-0.01633444,0.93813825,0.025229683,-0.003480448,0.017947363,0.0041452795,-0.0013980083,1.0077161,0.9794263,7042.4946,59.72614,121.29411,47.48366,31.960909,78.21759,0.00023580586,96.029755,6140.579,DOS-TCP_FLOOD
19.819946,5.9684644,64.93572,13505.801,0.028485876,0.007003171,-0.016440218,0.024010537,0.036872193,-0.0054596667,0.038134843,-0.07001448,0.14287955,0.08168063,0.014401505,0.1337015,0.0022114655,0.0059641665,0.018146338,-0.0066826167,-0.0056135072,-0.0027105305,0.9659072,-0.008608041,-0.03043254,-0.0069966516,0.00880578,-0.013617219,1.0294544,0.9961616,8838.474,59.931366,105.5528,59.82365,7.6221523,70.73387,-3.2702534e-05,96.73507,1258.713,DOS-TCP_FLOOD
20.251413,5.5806823,64.53359,14696.93,0.0007957313,0.0019837834,-0.006118724,0.008772423,0.032109134,-0.00342894,0.03349702,-0.11844361,0.23744535,0.010836664,-0.04266321,0.10604159,-0.0024983478,0.014039854,0.02441682,-0.020557998,-0.011533777,-0.004664175,1.007441,-0.025315199,-0.0058052735,0.028801542,-0.016448429,-0.024424287,1.011572,0.97028905,6434.092,60.052658,39.992157,52.612232,-4.6677017,56.84123,-0.00010056958,98.90442,-4733.2583,DOS-TCP_FLOOD
21.347261,5.0562687,69.79282,23506.805,-0.032191854,0.005441995,-0.0012620213,-0.01678057,0.053048775,-0.013320819,0.002303603,5.597164,0.22024044,-0.008508609,-0.0080629615,0.13076115,0.006721352,0.013322879,0.010930769,-0.027258711,-0.013518366,-0.02295684,1.0727203,-0.017536456,0.02498691,0.00076244236,-0.04083693,-0.028229179,1.0276892,1.0052911,7587.3027,60.954746,356.81512,83.08791,47.071247,96.898544,-0.00011028563,101.828995,9138.398,DOS-TCP_FLOOD
19.668344,5.7815676,65.629395,17298.133,-0.015750393,0.009971852,-0.023025023,0.0012651606,-0.015854122,0.009353197,0.0030998443,-0.4928025,0.42186463,0.022673411,-0.07619871,0.07213341,0.004901891,0.009156995,0.01491463,-0.012265573,-0.017527383,0.013544189,0.9873643,0.014942656,-0.0004672096,-0.011016218,-0.01459495,-0.03016895,1.0441824,0.9887638,6658.667,60.576687,124.67153,84.17166,12.751545,89.18398,-5.5165947e-05,99.27446,3569.2437,DOS-TCP_FLOOD
19.90384,5.3382525,63.195984,11410.56,0.046897754,0.0055462536,-0.029062755,0.00306024,-0.0056266934,0.018505406,-0.006315459,0.8254814,0.39201176,0.12143936,-0.020142432,0.119515985,0.008199604,0.030511972,0.023992417,-0.016253164,0.014517184,-0.0030338205,0.99016917,-0.015196079,0.021764297,0.022941465,-0.009052729,-0.01296236,1.0127103,0.99599934,7297.3853,59.890068,219.04414,94.51656,24.10366,102.59134,0.0015888716,101.86594,6957.5825,DOS-TCP_FLOOD
20.010637,5.675714,64.360725,12265.969,0.022520084,0.005378606,-0.005869337,0.019441335,0.02300319,0.0060978467,0.03898727,0.1280843,0.27014536,-0.0054591056,-0.06862425,0.14301048,0.01890145,0.019848293,0.023207555,-0.006365124,0.0014796294,-0.032323595,0.9840725,-0.0022250377,-0.006467302,0.03471305,-0.008668349,-0.03685674,0.9980899,0.9848898,7094.3403,59.930546,0.99108887,70.12586,-8.692411,82.784706,0.00011088179,100.25061,-1987.9868,DOS-TCP_FLOOD
20.657042,5.5796056,64.23863,15891.191,0.01976032,0.0014130137,-0.00696664,-0.0036192758,0.046813443,-0.016452763,0.026559716,0.08566058,0.11319727,0.035756715,-0.06489626,0.13068235,0.0042462917,-0.0018058671,0.019100666,-0.014214737,-0.009281311,0.00083639286,1.0031497,-0.018591516,-0.010094614,0.021168381,0.008243368,-0.028893853,1.0115167,0.9760811,5622.841,60.1211,-4.3615265,58.67908,-10.301304,65.3519,-0.0001036873,97.21734,-9123.398,DOS-TCP_FLOOD
21.520555,5.158159,63.23203,17433.229,0.01776148,-0.0031708677,0.01351312,-0.009596872,0.08084517,0.0058753444,0.01842836,0.40148002,0.034863867,-0.021049932,0.01223497,0.16115859,0.0054126736,0.016327161,0.031617515,-0.015945585,0.017526941,-0.011520734,1.0525023,-0.061235566,0.016364843,0.0026638748,-0.0031505246,-0.034233887,1.0096289,0.9777315,5349.602,60.357315,552.129,95.54082,159.66211,104.288925,0.00037959873,101.6132,68371.92,DOS-TCP_FLOOD
18.494293,6.3802433,63.80718,7194.2236,8.5243955e-05,0.007808236,-0.008366185,0.011512544,-0.00041769445,0.020634152,0.014277564,0.6584315,0.17589985,-0.0128915515,-0.015200615,0.031934142,0.16268884,0.020829475,0.0326266,-0.0065358356,0.00785076,-0.0076454454,0.9347079,0.049705643,-0.017491909,0.0046441182,-0.005451152,-0.019127628,1.026795,0.987698,7507.0654,60.16257,164.08258,66.18755,45.81675,89.563324,0.0004129492,96.3314,9741.871,DOS-TCP_FLOOD
20.828102,5.0259295,64.33384,28586.135,0.006777663,0.0032890148,-0.039888702,0.014704405,0.039940417,0.02532982,0.054160587,0.68726546,0.13131243,0.095285654,-0.024919514,0.024177546,0.18576248,0.0043153903,0.017569417,-0.027815089,-0.025155822,-0.005470584,1.0177089,-0.030568592,0.004709128,0.014979732,0.010906173,-0.020552633,1.0219916,0.97202003,6591.6016,60.249302,288.3779,49.224556,52.11458,65.05793,6.820605e-05,97.908516,6914.3438,DOS-TCP_FLOOD
20.313925,5.905742,63.85294,11239.744,-0.015765937,0.002757175,0.010838736,-0.013176699,0.03808418,-0.0076910057,0.0015294901,-0.5008335,0.14666462,0.06963357,-0.07172442,0.11613743,0.009774001,-0.014564574,0.026149359,-0.021933928,-0.013576772,0.0035525486,1.0119301,-0.017134555,0.02104528,-0.0008847844,-0.032426033,-0.033913985,1.036104,0.9886259,6837.5107,60.21725,5.905609,80.15551,-14.387321,96.32155,3.543675e-05,97.76712,-7613.517,DOS-TCP_FLOOD
21.176815,5.9101486,64.61724,18501.396,-0.003276877,0.009016173,0.004938871,0.0075732926,0.019952975,-0.02349416,-0.012431785,0.97381127,0.70497525,-0.048153456,-0.1679525,0.10998629,0.014366536,0.028565854,0.022659915,0.009088413,-0.0030085095,0.001708623,0.9720233,0.014237117,0.016065422,0.018765531,-0.013937119,-0.048491377,0.98664135,0.97387934,5545.012,59.979797,20.809631,68.70186,10.291128,94.4359,0.0035318737,98.10253,2113.2827,DOS-TCP_FLOOD
20.630613,4.9753976,62.748604,21685.68,-0.017083589,0.0016102564,-0.0033375039,0.0041407137,0.02112322,0.027125351,0.011051596,0.3607924,-0.01843482,-0.010586678,0.059392672,0.10910172,-0.0060068336,0.01137053,0.021974817,-0.043896917,0.00070577953,-0.016093988,1.0273441,-0.040196516,0.0021866942,0.0310552,0.01966418,-0.009879571,1.0117698,0.95616317,6118.747,60.397896,236.06567,55.01164,45.77924,73.803734,0.0001586812,100.21683,-3708.9617,DOS-TCP_FLOOD
21.089558,5.274298,63.816227,9659.114,0.016248014,0.0045774276,-0.01448741,-0.008062233,0.035925858,-0.0019426213,0.009674609,2.4754806,0.2695141,-0.048706807,-0.09268411,0.18141341,0.0032056787,-0.0066334987,0.009753647,-0.023398131,0.0074976957,0.0029276311,1.0475523,-0.024331069,0.02246555,0.005389813,-0.018887704,-0.030128531,1.0373131,0.99025244,5054.487,59.922874,139.44438,83.846466,24.209661,97.70007,0.00012446014,101.31874,7538.325,DOS-TCP_FLOOD
21.17368,5.640519,64.449196,14202.889,0.021608574,0.0007466226,-0.014908406,0.080647305,0.021975927,-0.00052430434,0.015314395,1.161834,0.17781587,0.113654666,-0.13731027,0.11141935,-0.0014095342,0.051355887,0.031907976,0.009721964,-0.010850601,-0.03612817,0.9974196,-0.007556069,-0.011416309,0.02013704,-0.0018696487,-0.008897445,0.9840526,0.9904377,5607.4443,60.36614,169.86923,48.681133,25.914757,86.84718,0.0012207264,99.2845,10714.36,DOS-TCP_FLOOD
21.083456,5.806908,64.40667,25187.969,-0.008832709,0.009174346,-0.019475633,0.015395512,-0.028098932,0.008145025,0.043480884,-0.7291546,0.5493336,0.004451759,-0.12318575,0.095254116,0.10178339,-0.023473242,0.044078376,-0.017457353,-0.020222716,-0.032005914,1.0561074,-0.024090176,-0.0072242664,0.015245376,-0.021355554,-0.019413348,1.0348638,0.9814731,7065.802,59.561935,108.565765,51.61999,7.2619877,81.47312,-0.00018997244,104.030235,13364.17,DOS-TCP_FLOOD
19.610916,5.531318,65.40601,16342.957,0.012637041,0.0018550263,0.009537779,0.022137152,0.019678397,-0.00042665808,0.024003314,-0.42733622,-0.08167703,-0.0937839,0.10377087,0.1373929,-0.005947485,-0.014971804,0.009841294,0.015524245,-0.020786645,-0.020697314,0.9823627,-0.0021007955,-0.032341406,0.009200838,0.0018850062,-0.031953733,1.0234953,0.978493,7733.648,59.713375,23.61731,71.973854,-14.309805,60.702354,-8.606094e-05,96.15456,-9585.081,DOS-TCP_FLOOD
19.27107,5.9456944,62.892536,13374.945,-0.00092284754,0.0035857817,-0.009790065,0.02872761,0.001486606,0.030568762,0.046032388,0.0012145638,0.10444156,-0.012066084,0.007997974,0.09510598,0.00023639947,0.0045427913,0.024996055,-0.015573493,-0.0040745805,-0.01369274,0.9694191,-0.0020611659,-0.015713291,0.03364625,0.02274747,-0.019972308,0.9895148,0.9635544,7137.906,59.71366,153.05457,50.34789,29.12569,69.77109,0.00015432673,98.21939,-2712.045,DOS-TCP_FLOOD
20.690887,5.014675,65.07321,6556.2305,0.020150857,0.014971383,-0.028930217,0.018476767,-0.010908052,-0.0076640137,0.0024153385,-0.23232877,0.7166127,-0.033742893,-0.07333262,0.15049568,0.0076100766,0.02102724,0.012994923,0.0017002178,-0.02008084,-0.0011753663,1.0340068,-0.027069217,-0.006280887,-0.03215635,-0.028529145,-0.017950613,1.0464257,1.0066557,7029.023,60.50299,72.254944,94.907936,-2.7302933,110.34316,-0.00010724056,102.96499,658.75775,DOS-TCP_FLOOD
18.413153,6.47345,64.804535,11594.665,-0.0026338827,0.026778227,-0.006545172,0.001968588,-0.07823422,0.031712145,0.02201296,0.014319539,0.48637226,0.065718465,-0.12732184,0.046354238,0.032967295,0.018573374,0.04737059,-0.0019213418,-0.0083838655,0.016877862,0.92958987,0.07664987,-0.0016805087,-0.018934298,0.012325974,-0.04523776,1.0300573,0.9850028,4487.7656,59.894302,251.68385,50.771656,43.120094,78.87469,0.0003288489,100.21468,7865.8823,DOS-TCP_FLOOD
21.658684,4.9448056,65.005,9145.967,0.01640252,0.00858746,-0.020998668,-0.0019841932,0.11179646,-0.02873703,-0.003045909,10.8649025,0.35370487,-0.023243576,-0.048328433,0.09042098,0.33993027,0.0083547775,0.000686422,-0.028617645,-0.0004592538,-0.017339937,1.021016,0.022638263,0.021546446,0.02516186,-0.026611814,0.0062275026,1.0356652,1.0035911,1579.9209,59.376232,215.79434,7.1457596,30.550728,10.733101,0.00015952135,97.76598,9262.292,DOS-TCP_FLOOD
18.396675,6.397607,63.311234,20646.604,-0.01804939,-0.0014431177,-0.0073399446,-0.003368624,-0.048521563,0.009323131,0.021716692,-1.024333,-0.120785765,0.026559254,-0.07369703,0.07843922,-0.014466814,-0.02394004,0.02670981,-0.014295436,-0.026012953,0.013501376,0.95317715,0.06904981,-0.008815427,0.006942136,-0.023840595,-0.053863917,1.0309085,0.9651392,7189.3438,59.84111,111.16236,104.593025,18.360752,89.243744,0.00018678236,98.26423,2231.8047,DOS-TCP_FLOOD
20.825592,5.6101065,70.97363,15781.916,0.04459937,0.0071270647,-0.04528105,0.005679281,0.00818672,-0.012400617,0.035292193,0.54282683,0.2192652,0.4325587,-0.08006692,0.1273538,0.015264414,0.016272642,0.016111335,-0.006991811,-0.010590754,-0.018311312,0.9711435,0.012994019,0.0011125975,0.0022906566,-0.01347312,-0.06301625,1.0192161,0.99789107,6143.6904,60.3756,234.79486,93.54964,24.28842,75.12076,0.00039960965,99.167595,12147.832,DOS-TCP_FLOOD
19.884886,5.674974,63.696976,19487.715,-0.024615264,0.013104535,0.006072889,0.0007578525,-0.009019807,0.019082407,-0.0076455534,0.06450951,0.6565205,-0.0007702783,-0.042414993,0.06673874,0.01048364,0.022930522,0.015584264,-0.012442743,-0.013771681,0.0021118158,1.0006614,-0.00585896,-0.013528656,-0.008614472,0.01967544,-0.017456297,1.0376569,0.9702658,5190.9463,61.57871,84.44505,76.874695,25.870823,94.725876,0.00025412356,101.22361,-4293.6577,DOS-TCP_FLOOD
19.965649,6.622156,64.52246,28374.316,-0.03594848,0.018120207,0.0075431094,0.022201242,-0.0052388767,0.030534163,0.020816086,0.439973,0.46199977,0.021572625,-0.104416795,0.04831756,0.07710766,-0.00011857599,0.020874739,0.021444488,-0.012864729,0.01463739,0.9991467,0.005094654,0.014980871,-0.0038920948,-0.027225535,-0.050471272,1.0282973,0.9959314,7000.7144,59.560555,-5.1772003,62.86747,-5.084591,106.87925,2.3767338e-05,99.57977,997.3588,DOS-TCP_FLOOD
18.906174,6.8362703,66.194855,4189.2544,0.024084428,0.012995973,-0.025136245,0.01853375,-0.012393072,-0.022842266,0.00476029,0.9122787,0.8193867,0.025769029,-0.09018479,0.15606152,0.011108611,0.05670452,0.020459546,-0.010677165,0.019218888,-0.009944657,0.9007556,0.08340248,0.024529684,0.0045079365,-0.01339731,-0.034855764,0.9892985,0.9798086,6478.4185,59.97846,168.33192,53.276524,46.560986,76.499756,0.0039276364,95.32798,10405.25,DOS-TCP_FLOOD
18.677711,6.5225277,62.56674,12775.605,0.00067048706,-0.0007116645,0.00078433426,-0.0013472288,-0.04546567,0.022650592,0.007545652,-0.47457778,0.044422206,-0.017973982,-0.045028217,0.09436457,0.00096171716,0.009225289,0.0119433915,0.016638331,-0.019195737,-0.01821993,0.947991,0.04986121,-0.02047973,0.0058307964,-0.010914965,-0.019317497,1.0278555,0.9781737,7138.7603,59.613106,55.272964,81.773445,4.7162685,94.33474,0.00022046367,97.72099,440.07495,DOS-TCP_FLOOD
19.611012,6.2816095,63.393547,20497.016,0.010611461,0.004287456,0.0036903727,0.007093036,0.019013654,0.013585499,-0.022672553,-0.3488767,0.1920707,-0.019748483,-0.030318756,0.08552492,0.31419623,-0.0073390217,0.042112567,0.012501743,-0.004676811,-0.04282447,0.9813948,0.041362606,-0.006364472,0.043465786,-0.02292944,-0.0014771149,1.0483828,1.0180459,6981.5,59.684273,-96.09485,69.57983,-26.256435,79.22478,-6.5667366e-05,96.5495,-3539.409,DOS-TCP_FLOOD
19.756603,5.2477665,62.638016,16129.014,0.0011602696,-0.0008374005,0.007011816,0.0044887215,0.03453802,0.0036120652,0.04392155,2.739481,0.25238597,0.0003931485,-0.08044592,0.112972565,-0.003402362,-0.006257738,0.02957779,-0.017846595,-0.018477257,-0.03217312,1.0218925,-0.032138504,0.0066293194,0.04922533,-0.047517255,-0.024479914,0.99771947,0.94821864,4454.9185,59.843975,6.0011444,27.487518,-35.56664,39.090313,-0.00025204895,100.22642,-17265.205,DOS-TCP_FLOOD
19.847977,5.8690233,64.83584,16231.396,-0.019412706,-0.0015115401,-0.010252367,-0.0039964584,0.036043413,0.013587933,0.007943853,0.068636715,0.028452646,0.005041547,-0.09288773,0.13925849,0.0032143437,0.011227414,0.02035055,-0.011790343,-0.02473604,0.0073467935,0.9696974,0.009937073,0.01313464,-0.0040437374,0.006573703,-0.05234128,1.0101207,0.98170835,8844.901,59.759422,610.15063,141.35695,179.62961,145.17543,0.00018484287,98.90813,81039.91,DOS-TCP_FLOOD
18.444178,6.27519,63.813225,12915.672,-0.02928038,0.007131971,-0.020902278,0.0089430995,-0.06989456,0.028886948,0.011740817,-0.2937801,0.10355181,-0.0144780595,-0.009820051,0.044439476,0.012116076,0.005663722,0.008116797,-0.006910516,-0.017115816,0.013520436,0.94400847,0.04680852,0.019143218,-0.019695068,0.014825499,-0.030801013,1.039861,0.999251,8838.791,59.991108,401.6012,106.65209,66.80742,126.02488,0.00036982071,101.01992,14233.081,DOS-TCP_FLOOD
19.314371,5.463789,64.13231,22456.562,-0.008005145,0.017654136,-0.020788034,0.015384868,-0.0053502647,-0.0019452954,0.01707919,0.3656602,0.31133547,0.10056288,0.009372103,0.061955173,0.06120502,0.02308065,-0.0001583714,-0.00691853,-0.0057494757,-0.0038601225,0.96253836,-0.00086919224,-0.014471294,-0.010933211,0.021301603,-0.00950192,1.0281843,0.99224263,6747.497,59.909565,114.38845,43.284733,21.895596,57.007336,8.9782596e-05,97.34334,5717.5586,DOS-TCP_FLOOD
19.391373,6.518525,64.09444,13913.555,0.017216392,0.0032791167,-0.016706912,0.006891689,-0.024643106,0.012728051,0.045013517,-0.56687975,0.07015043,-0.031709496,0.01492081,0.1049007,0.001845836,-0.0015032152,0.01841463,-0.00995404,-0.005906741,-0.008562355,0.9925729,0.020230029,-0.021269586,0.0065667955,0.013104023,-0.040761437,1.0210879,0.9911858,8475.789,60.228622,88.7074,108.29773,7.4801817,108.72304,0.00028566245,100.55577,1752.2749,DOS-TCP_FLOOD
18.015453,6.394321,61.06639,11868.314,-0.009273858,0.0013087912,-0.0011480157,0.006618645,-0.07725029,0.0003503362,0.0135236215,-0.64230657,0.03171801,-0.06576958,0.10610519,0.09022668,0.008115462,0.0048456015,-0.0041200174,-0.00184278,0.0008332869,-0.025360133,0.9292891,0.057145305,-0.011600499,0.02214339,-0.010785515,-0.023959883,1.023325,0.9772209,8165.377,59.255234,114.99411,92.1288,28.915668,100.44528,0.00028716493,98.21819,6133.5405,DOS-TCP_FLOOD
18.969328,6.4127126,65.89485,12711.693,-0.011217295,0.0160808,-0.019777484,0.010540575,-0.061231397,-0.0033198409,0.006033564,-0.2899952,0.73106915,0.035644118,-0.016156655,0.07458824,0.010198972,0.022497155,0.002250811,-0.0146350935,-0.019160952,-0.016266868,0.9700906,0.029356444,0.003568465,-0.014256762,-0.010483343,-0.016508816,1.0279747,1.0071712,9669.199,60.129578,202.22697,124.24898,45.261948,146.1993,8.163533e-05,100.46979,13531.52,DOS-TCP_FLOOD
23.419573,5.1474495,74.442276,18692.844,0.042988226,0.02978352,-0.04047716,-0.02421378,0.09212661,-0.08777554,-0.020694604,12.414296,2.8902469,0.8699448,0.11437125,0.28424594,-0.004566747,0.028179018,-0.046156704,-0.07672409,0.023910517,-0.045065418,1.0721529,-0.009940348,0.05768983,-0.02643542,-0.06905929,-0.04379993,1.0337042,1.0483493,3057.1553,61.15879,312.224,103.44825,59.621887,88.40396,-6.2297986e-05,106.40187,22542.355,DOS-TCP_FLOOD
19.626965,5.7062974,63.153355,15565.846,0.002064472,-0.0053705927,-0.014268914,-0.0008336715,-0.038075827,0.044487063,0.008676987,-0.06518972,-0.015946997,0.06248258,-0.057720624,0.09564085,-0.0052197236,0.018543217,0.038140595,-0.013579151,0.0009307172,-0.011637289,1.0068938,0.024040824,0.009361253,0.032824673,-0.014690699,-0.029937256,1.0362389,0.97062314,5327.161,59.39887,122.64475,62.58256,26.782211,78.65691,0.0003000347,101.02259,2694.2783,DOS-TCP_FLOOD
21.084946,5.2704725,63.764973,24788.738,0.013249608,-0.020556005,-0.002219656,-0.0016351525,0.06603129,-0.014049595,0.019309454,16.135426,-0.62933314,-0.018890709,-0.047900956,0.089037225,0.08010442,-0.01845546,0.014820134,-0.06288397,0.010479418,-0.036989667,1.0571214,0.03576756,-0.015569324,0.0040876595,-0.025882814,-0.010723471,1.0463017,0.99061054,6617.5156,60.080948,433.53223,86.2163,64.44291,65.47808,0.00014798489,104.50595,14769.458,DOS-TCP_FLOOD
19.625994,5.363654,63.90333,11319.099,0.0069948845,0.005178831,0.0024401257,0.007196902,0.02212489,-0.008036576,0.020911379,-0.3194636,0.13975497,-0.010228976,0.18431462,0.11710242,-0.0008230842,0.0016653864,0.00802969,-0.010507404,-0.011814431,-0.011039799,0.9982461,-0.038022567,-0.003789328,0.0065409536,0.010684527,-0.0039974973,1.023548,0.9896413,6537.564,59.948006,45.2666,57.588543,-9.358963,62.306458,-2.674044e-05,98.44215,-3737.7988,DOS-TCP_FLOOD
19.487532,5.506292,62.835724,24234.357,0.028099306,-0.0029853412,-0.017391132,0.014786151,-0.0108177755,0.0067967367,0.034617048,-0.8151107,-0.016080437,0.059405632,-0.068230286,0.0707079,0.00060061924,-0.004363274,0.035529964,-0.004372159,0.002006432,-0.010929526,0.99103975,-0.007929678,-0.017743124,0.029262288,-0.008885184,-0.019633474,0.99701405,0.9571015,7326.507,59.172703,67.74437,60.07846,9.518223,61.084507,9.984094e-05,98.83779,-4081.722,DOS-TCP_FLOOD
18.431217,5.84483,63.31146,8778.55,-0.0022490602,0.015961302,-0.008831545,0.020904928,-0.076646626,0.017933438,0.028405143,0.17221582,0.9727489,0.029615367,-0.028486867,0.012189495,0.12299196,0.018568834,0.012758799,-0.030260254,-0.008285329,-0.008389902,0.96460176,0.043050125,0.002555158,-0.003136465,-0.008207875,-0.017301362,1.0413674,0.9751314,7638.1426,60.04952,239.31104,91.960594,64.37213,132.09769,0.00039705285,101.84698,17881.049,DOS-TCP_FLOOD
19.400717,5.5726256,62.10977,19467.82,0.019047948,0.008168104,-0.015280888,0.00583479,0.014609402,0.007339497,0.035832006,-0.38075376,0.25931853,0.10250416,-0.0569386,0.12309074,-0.007189522,0.011746221,0.017165452,-0.020991776,-0.012867924,-0.017686205,0.94229597,0.014950826,-0.0018681539,0.01917055,0.0016804598,-0.031588193,1.0156077,0.96412873,6875.1387,59.67145,-21.851929,38.093384,-28.298653,39.426586,-2.3440763e-05,95.37891,-16833.941,DOS-TCP_FLOOD
21.10659,5.2453084,64.46455,23277.582,0.030449197,-0.0020346746,-0.01013167,-0.00088683324,0.07704664,-0.0118659865,0.020916622,14.089537,0.058946718,0.10433953,-0.014579089,0.1405345,-0.010943067,0.007797116,0.014908899,-0.0097603295,-0.0071698423,-0.045179073,1.020115,0.019239489,-0.015228767,0.03463071,-0.033845603,-0.029841442,1.0169972,0.9890451,5016.057,60.204468,100.89168,59.704933,14.735789,46.4289,-1.9732994e-05,103.810455,-1146.5698,DOS-TCP_FLOOD
16.835052,7.689217,65.58317,14965.02,-0.030990291,0.0037242097,-0.017422842,0.010109919,-0.04646845,0.023677334,0.008737423,-0.17326605,-0.017450748,-0.0021560676,-0.050760698,0.07765182,0.0006637573,0.012847103,0.0040901685,-0.0027793087,-0.013293093,0.016565008,0.8450911,0.118506886,-0.011818852,-0.022003895,0.04287159,-0.035636306,1.0438952,1.0023366,11705.822,61.97167,483.21783,150.61832,123.737206,160.07782,0.0001918128,95.47365,45335.715,DOS-TCP_FLOOD
18.916843,5.991914,63.71841,11108.126,0.0078041567,-0.0055919555,0.01770642,0.011185444,-0.005765071,0.005753587,0.033008035,-0.7692361,-0.13668379,0.040723886,0.6886118,0.08128353,0.0010154581,0.0017058663,0.022773603,-0.03551029,0.013183372,-0.0009550387,0.96974397,0.009127439,-0.020245265,0.012330701,0.019114925,0.008091157,1.0299344,0.98619115,9473.927,59.632553,116.43647,107.66909,25.522202,105.43177,-1.7249535e-05,97.60279,6292.162,DOS-TCP_FLOOD
20.054113,5.980728,64.93262,16799.926,0.010495576,0.0040746015,-0.018323971,0.019333065,0.0026377114,0.002998978,0.029722748,-0.5431336,0.1996061,-0.025725592,-0.064078726,0.106082454,0.008867762,0.017355274,0.008696759,-0.009475852,-0.014495729,-0.027469246,0.9681505,0.021682326,-0.0030079298,0.015157931,-0.01523465,-0.02646113,1.016841,0.9861399,7398.0054,60.362404,-21.70111,56.613068,-27.640266,63.42942,-4.908594e-06,100.11518,-16349.308,DOS-TCP_FLOOD
20.473688,5.5100985,62.614643,24268.164,0.0081724385,0.0043726084,-0.022943884,-0.0016814858,-0.021537693,0.031126723,0.022589616,-0.048778772,0.15252353,0.016606353,-0.017388254,0.055656828,0.057358813,0.0005895505,0.027437959,-0.013435788,0.0001549581,-0.032674726,1.0027239,0.00053498894,-0.015807522,0.0042591253,0.0034353184,-0.019842658,1.0248892,0.97193307,5333.795,59.96569,77.02255,36.215935,19.607702,65.63654,0.00014146126,100.41046,1895.6157,DOS-TCP_FLOOD
18.714426,6.8052363,63.780697,19069.686,-0.011540157,0.006343142,-0.0012610108,0.012903767,-0.0004183855,0.01026949,-0.005060227,-0.19979703,0.19455227,-0.0029630214,-0.036249287,0.07812307,0.035308123,0.0013574632,0.016910138,0.0049650623,0.00055481214,-0.003841864,0.9250909,0.040391717,0.00078994315,0.029365763,-0.0005613873,-0.025269702,1.0153548,1.0016557,7821.495,59.900055,66.65782,76.92385,12.819094,87.58573,0.00011083562,94.893295,492.9406,DOS-TCP_FLOOD
19.937319,5.591595,65.466545,24342.855,0.00010279007,0.003009224,-0.010175333,0.006168719,-2.4622306e-05,0.011010812,0.04427617,-0.503857,0.20561865,0.006170105,-0.0697585,0.1014214,0.010994959,0.0012200046,0.03718948,-0.0050609745,-0.016915727,-0.004850668,0.99172795,0.012769106,-0.01838416,0.012537973,-0.0098971035,-0.05353838,1.0009497,0.9626544,5997.1436,59.929203,113.01242,56.658096,16.918293,54.122192,0.00017440438,99.189964,-6783.116,DOS-TCP_FLOOD
19.259073,6.3358574,66.053215,9153.1,-0.0015862193,0.009288311,-0.024070889,-0.009924824,-0.022337208,-0.004406664,-0.0036209729,0.005412817,0.4313662,-0.010234424,-0.04439149,0.086363964,0.0009286347,0.008028372,0.0134385545,-0.035896193,-0.0012742099,0.005758656,0.9760523,0.034452192,0.0149660725,-0.03603049,-0.010005314,-0.03679858,1.0540934,1.0058949,8711.932,60.648468,149.70901,117.110214,25.216461,131.1391,0.00039290683,101.52314,8908.447,DOS-TCP_FLOOD
18.27239,5.50514,63.550488,25668.576,0.021133956,-0.008554619,0.20763633,0.009726392,0.014112478,0.00625436,0.0032578618,-1.184658,-0.07877295,-0.065437116,4.366763,0.06588806,-0.010267303,-0.013078077,0.034079414,0.00382605,-0.0049249385,-0.015070261,1.0184183,-0.0008561612,-0.00071653863,0.022255255,-0.026493035,-0.005109366,1.040835,0.9872967,6009.624,60.18332,16.742264,68.322136,8.974716,55.769855,-2.711972e-05,96.10137,-4947.071,DOS-TCP_FLOOD
20.39721,5.5001397,64.48775,15761.658,0.003666589,0.008293611,-0.0071913707,0.015368787,-0.018523723,-0.0027261353,0.00229317,-0.5256281,0.12124717,0.010320897,-0.098277435,0.10661606,0.023976613,-0.005871011,0.0088254865,0.0036445726,-0.015569423,-0.032033607,1.0233871,-0.0133600505,-0.00042402418,0.02058929,-0.03893763,-0.004725214,1.0226021,0.98722917,7296.7124,59.6645,67.26784,70.12249,13.980145,92.72799,8.9439636e-05,100.94121,272.36826,DOS-TCP_FLOOD
19.721973,5.6218753,61.49302,6714.077,0.0053343363,-0.018263401,-0.008676978,0.022452703,0.054128893,-0.000113492715,0.035412513,0.8161266,-0.3229925,0.004723314,-0.05650306,0.1367469,-0.00028285943,-0.0034039747,0.016903017,-0.024441594,0.022974335,0.0005804142,0.9821469,0.0003042966,-0.0050157006,0.04884015,-0.007972619,-0.024740592,0.99749607,0.9464009,7664.016,59.546146,96.2343,55.860973,24.91011,63.89764,0.00015978713,95.72882,2282.4116,DOS-TCP_FLOOD
20.34443,5.345031,64.083145,17428.58,0.039796047,-0.009649135,-0.021212664,-0.005480086,0.012529498,-0.0012301304,0.00060211634,0.11048174,0.04768101,0.2377349,-0.04085457,0.11589185,-0.010434497,0.020386439,0.028705794,-0.006400831,-0.0010349951,-0.012474013,0.99885607,0.009532999,-0.0018842821,0.011703579,-0.005037673,-0.039361004,1.0126395,0.9767928,5407.869,60.380127,96.61365,62.67821,9.611061,60.083027,0.0003205687,99.32563,-1113.0928,DOS-TCP_FLOOD
17.38919,6.413839,64.046875,8238.023,-0.037074067,0.01014259,0.009221299,0.00679276,-0.052764423,0.010898035,0.017265905,-0.18921685,0.37831074,-0.045246236,0.027581714,0.061352883,0.012843895,0.005099424,0.016985545,-0.030963358,-0.0013928907,0.037711166,0.9055673,0.07137285,0.038307127,0.005083424,-0.0047200453,-0.055322655,1.015961,0.9789104,8019.368,59.161385,379.90054,91.58676,71.650604,110.58992,0.00036874774,99.96932,23140.346,DOS-TCP_FLOOD
20.11249,5.6612687,64.05577,9150.545,0.0051818974,0.006416709,-0.014745067,0.033678126,0.027511185,0.009646769,0.03136043,0.48778296,0.11340185,-0.0050598197,-0.052029002,0.110108264,0.023863109,0.026821328,0.024982322,-0.0036156317,0.0021283282,-0.007526469,0.98555404,-0.0045214216,-0.02360202,0.0072566024,0.0074580493,-0.0075439545,1.0110868,0.98254335,5956.5713,60.316273,253.35892,46.41402,44.126076,67.99591,0.00019101729,98.083725,6042.359,DOS-TCP_FLOOD
20.798895,5.2902827,64.13725,20105.805,-0.004861178,0.0017471235,-0.012202919,0.015601138,0.015617813,0.007864097,0.013083404,-0.19292045,0.24762991,0.008705444,-0.12259669,0.104855664,0.3216458,0.0098767355,0.03328011,0.007553361,-0.010549618,-0.03777175,1.0028448,-0.0009410866,-0.0056623924,0.060197826,-0.026819237,0.031426277,1.0287949,0.99756163,6993.9663,60.25603,-90.21332,-1.0876846,-32.419884,32.317135,-7.437049e-05,97.397545,-8112.9653,DOS-TCP_FLOOD
22.306782,5.03216,64.221214,20956.516,-0.011278492,0.0056961807,-0.016501505,0.00803301,0.07056517,-0.01650628,-0.0072173816,15.552841,-0.0649509,-0.10551468,0.027282016,0.20145199,0.0057918406,0.010587633,0.019208353,0.020736994,-0.017003233,-0.044006925,1.0857388,0.0075321416,-0.0023787585,0.0037795457,-0.049414642,-0.03724227,1.023367,0.99473107,2817.6897,59.361706,225.63712,35.058853,41.262623,50.70761,0.00016615484,105.14049,525.2523,DOS-TCP_FLOOD
19.380346,6.1945953,71.22982,12668.852,-0.020822316,0.013088382,-0.026767347,0.014747267,-0.07139263,0.0032792538,0.03619616,-0.4353304,0.29512557,-0.06273772,-0.020151056,0.04750533,0.15641563,0.030954618,0.026973488,0.014002074,-0.015761804,-0.020665193,0.9876484,0.04719455,0.014689907,0.0012789969,-0.028730523,-0.05027574,1.029282,0.991452,6347.8604,59.813873,243.33147,100.6241,23.26659,107.3136,0.0002699953,102.02501,10213.753,DOS-TCP_FLOOD
19.944107,5.196856,62.337147,14147.273,0.032402813,0.019799104,-0.005773036,0.0070255185,0.038042434,0.002789292,0.027002001,0.56800425,0.25977224,0.19777638,-0.050195385,0.11519116,0.0983215,0.01823816,0.021165172,-0.020371301,0.02706495,-0.011409986,0.999737,-0.025393462,-0.006669877,0.0016556855,0.0024273666,-0.02225371,1.0018553,0.9828816,4861.304,59.365475,162.05743,33.453743,38.40724,47.46225,0.0002561186,97.03958,1622.2539,DOS-TCP_FLOOD
20.833035,5.346649,64.211464,18902.53,0.016649418,0.0010704993,-0.018291295,-0.0038945049,0.01948235,-0.025473233,0.022077285,0.87142265,0.242235,0.0039928593,-0.037897035,0.113702804,-0.0057053003,-0.01920685,0.04971592,-0.013088996,-0.010074876,-0.015477481,1.072211,-0.038148757,-0.023699354,0.01185723,-0.032345805,-0.034289885,1.0414184,0.98851055,4687.416,60.161674,68.4617,62.782295,3.9332905,81.74947,-1.8579667e-05,100.30694,1753.8403,DOS-TCP_FLOOD
22.308796,4.7874756,68.26461,7034.7637,0.045179665,0.0032815493,-0.022947792,-0.00114974,0.02465084,-0.014460705,0.01243705,1.6097496,0.30844486,0.2435635,-0.043230906,0.15236777,0.015984578,0.034419205,0.003482704,-0.021536466,0.030638678,0.0048007583,1.0758985,-0.03152332,-0.0067956103,0.004286191,-0.02199585,-0.023054434,1.0377485,0.99415034,5999.0747,61.319023,228.07753,80.556625,35.71403,74.299194,0.0006906095,103.11289,10236.818,DOS-TCP_FLOOD
19.950521,4.7622166,62.90859,30718.764,0.005733222,-0.0023978006,0.050110616,0.03471606,0.06549429,0.027049981,0.042057283,0.61390805,-0.23649246,-0.09041862,0.9126764,0.11324638,0.11368364,-0.01412032,0.02411667,-0.023113623,0.012341844,-0.011893603,1.0061471,-0.03979828,-0.028465286,0.046432212,0.011562932,-0.01148221,1.0136912,0.9516214,7028.714,59.16558,133.6675,42.51929,36.710243,40.688477,-8.776144e-06,94.125725,-966.6209,DOS-TCP_FLOOD
20.718327,5.5035486,63.097313,8762.811,0.019623723,-0.001378335,0.006582106,0.0043923114,0.007277297,-0.0017753814,0.019160293,0.87751997,-0.0798278,-0.048563723,0.5313909,0.10578732,0.21955438,0.009438301,-0.007823882,-0.00029170886,0.0046655396,-0.046442427,1.0130901,0.015417383,-0.015409321,0.047874745,0.0051657576,0.013579678,1.0082958,0.97319055,4312.0884,59.409836,202.78802,71.474976,44.84849,61.103725,0.0015013575,97.222115,5422.4854,DOS-TCP_FLOOD
22.10648,4.655501,63.80118,9953.082,0.042905018,0.0027280583,-0.026805177,0.022369387,0.068306744,0.0019015156,0.015862437,0.9883991,0.33827808,0.4979733,-0.028196052,0.13936776,0.009313707,0.019951787,0.04651926,-0.012654242,0.003787838,-0.007155351,1.0936412,-0.08658223,-0.015468084,0.031229725,-0.023324842,-0.015819972,1.0159254,0.9754244,3976.288,60.588726,86.2872,9.49221,20.286016,44.30098,-9.281408e-05,97.65179,2038.6084,DOS-TCP_FLOOD
20.61043,5.592888,64.232956,16146.418,0.015837394,0.062823296,0.01835791,-0.0032796569,0.0056630373,0.016569931,0.036251836,0.021955192,0.90227044,-0.005593635,-0.032257296,0.11153585,0.009159143,0.025981886,0.023775212,-0.011960579,-0.00409496,-0.01115194,1.0018694,-0.013535199,-0.028423347,-0.010835723,-0.008540665,-0.026040986,1.0089701,0.977613,5004.4536,60.242115,67.568375,36.52898,1.0353107,41.98109,4.788328e-05,99.75024,1468.9568,DOS-TCP_FLOOD
20.361143,5.469739,63.155987,11749.051,-0.0036874413,-0.0025909753,0.015083302,0.0043137493,0.027149396,0.0059334,0.020167634,-0.2247392,0.19725221,0.042375505,-0.118172035,0.14395745,-0.009751392,0.014029473,0.030878346,-0.012096752,0.01800538,-0.019552816,1.0086573,-0.039333563,-0.018038027,0.056039415,-0.0078364825,-0.02288634,0.98644835,0.9826509,5555.4395,59.232227,-10.7925415,40.241467,-1.259201,74.49576,0.000106137086,99.12094,-2091.5298,DOS-TCP_FLOOD
18.41729,7.081943,61.56787,18295.045,-0.012300833,0.0030144618,0.017080856,-0.0009521357,-0.009251123,0.035348937,0.013879372,0.15468293,0.11737559,0.017815787,-0.062429775,0.059003107,0.005815794,-0.0024156878,0.033913758,-0.00870698,0.016966874,-0.019679202,0.9168626,0.056286052,-0.011339356,0.020236865,0.007239389,-0.029278927,0.999478,0.94805974,7087.317,60.22074,51.061035,58.428627,20.323452,85.49205,0.00024441417,95.48147,-2949.1362,DOS-TCP_FLOOD
21.10192,5.436471,64.13148,21142.387,-0.0035370141,0.010800156,0.01634951,0.017541023,0.035026334,0.019868659,0.0268072,0.8022492,0.20113447,-0.008150133,-0.021798508,0.106468424,0.005795227,-0.003494909,0.009248177,-0.024665894,-0.009196158,-0.03713447,1.020351,-0.029814633,-0.03818896,0.003205298,0.0191082,0.018015997,1.0187399,0.9880145,6154.7437,59.9094,103.19333,50.978115,18.902725,60.02252,-0.00037710054,98.614876,7228.4062,DOS-TCP_FLOOD
20.10094,5.5613093,64.05832,23481.945,-0.010225474,0.0074231583,-0.0078748595,0.019896485,0.018163662,0.0025894637,0.034772042,-0.506449,0.2594293,-0.03330612,-0.11468188,0.106040046,0.016260551,0.0036202557,0.016272046,-0.0035915943,-0.0023623114,-0.024789426,0.98378766,-0.00048242885,-0.00797907,0.012548467,-0.008571361,-0.02119939,1.01631,0.9835488,7486.454,59.754246,-26.100403,30.657104,-36.339424,47.521534,-3.5951074e-05,98.73541,-14877.358,DOS-TCP_FLOOD
19.838284,5.3999453,61.41923,21832.637,0.0036259275,0.00597391,-0.03125638,0.007136646,-0.0004998371,0.015488277,0.030105226,-0.07476854,0.12082376,-0.0065040123,-0.0700031,0.06320093,0.068528175,0.007947049,0.03489612,-0.008357441,-0.0134642,-0.0070580556,0.9717617,-0.00045939538,0.012125344,0.039710533,0.004432802,-0.045877133,0.9883455,0.9608594,4456.365,59.63531,145.79964,33.579662,31.547485,53.255013,0.00015174264,98.39241,2644.4937,DOS-TCP_FLOOD
17.695961,6.737758,63.789658,10985.744,0.011455118,0.0006374456,-0.026460048,0.0034503401,-0.11070751,0.036983315,0.016959567,0.042140603,0.09691473,0.27475104,-0.0048393384,0.030256808,0.012539429,0.0041981786,0.0031539844,-0.028334294,0.009577902,0.0052151317,0.9289965,0.08593055,0.014702946,-0.01018389,-0.0019162428,-0.025675971,1.058019,0.9964667,8949.019,59.89394,266.55798,101.927765,54.918194,126.82724,0.00032379033,100.68299,10031.739,DOS-TCP_FLOOD
18.63252,5.497036,61.332634,23441.754,0.018039113,0.0026451743,-0.011066138,0.009075078,-0.07540046,0.013769376,0.03980856,-1.0076759,0.21861976,0.058199562,-0.042428643,0.0588141,0.0027786326,0.009417123,0.02725792,-0.02618542,-0.028080884,-0.023987645,0.9571422,0.025099488,-0.0049653044,0.021258354,-0.0106597915,-0.021250678,1.0162882,0.95261616,6706.293,59.414406,29.95813,52.952034,5.15413,69.52017,-5.131004e-05,99.86946,-7359.037,DOS-TCP_FLOOD
19.348059,5.861245,64.1158,15525.086,0.01813512,0.008601307,-0.026201908,0.005226962,-0.031111391,0.0065760016,0.00013928162,-0.5107982,0.35952294,0.03061622,-0.09009086,0.10191162,0.005230024,0.014085731,0.024413459,3.799796e-05,-0.024658663,-0.02201994,0.9551008,0.01738337,0.0114317555,-0.0077437675,-0.028394226,-0.037706796,1.0226367,0.99234045,7008.737,60.154972,40.67572,90.31948,-10.813192,78.83623,7.210928e-05,101.81765,-8018.137,DOS-TCP_FLOOD
17.998247,7.3061357,63.858124,11847.514,-0.002692733,-0.005705941,-0.015343084,-0.0029858963,-0.017423665,-0.0019372057,0.01878131,-0.2602539,-0.20804039,0.08096735,0.0083976975,0.0776821,0.0030348448,-0.0042957393,0.025199428,-0.020989522,0.0049941055,-0.004623835,0.897189,0.077403575,-0.008515281,-0.016705317,0.01301646,-0.03128637,1.0431596,1.004581,12557.536,61.7517,202.73105,127.58626,43.81101,147.45378,0.0001990835,95.98119,9910.63,DOS-TCP_FLOOD
20.794464,5.585756,64.13933,20014.207,0.03597892,0.0012257172,-0.0054682395,0.014238581,0.061434783,0.0054731085,0.042834044,0.87917423,0.026226487,0.20712443,-0.058295414,0.12626347,0.014378793,0.013875889,0.017708678,-0.018404257,0.005840757,-0.02749621,1.0065082,-0.014063748,-0.014973376,0.052751303,0.002209167,-0.0045473687,0.99543244,0.9732992,4622.2017,59.83312,187.99724,56.38582,26.588453,50.12584,3.2780503e-05,96.13221,2439.7346,DOS-TCP_FLOOD
21.68569,4.512645,63.1766,15877.289,0.0047164876,0.004998182,0.0023886957,0.011336177,0.067048565,0.01583561,0.015692983,4.7975626,0.27541327,-0.04974149,-0.11328606,0.15381518,0.108085446,-0.019640567,0.016057666,-0.021209346,0.0008921884,-0.04011758,1.0718663,-0.061777875,-0.00064104795,0.06066164,-0.004259972,0.03746292,1.0047662,0.96841407,5669.2163,59.626316,-7.086502,-8.066406,-22.348831,34.61395,-0.00013624928,100.450165,-5916.661,DOS-TCP_FLOOD
20.854881,4.975336,64.86013,15806.146,0.020520717,0.019249631,-0.026636755,0.01140288,-0.050780363,-0.0031177723,0.03990693,-0.3118211,0.9744633,-0.03389563,-0.055852387,0.09709705,0.021629842,0.012683565,0.011930602,-0.020805683,-0.02222184,-0.016204722,1.0385635,-0.034594048,-0.0012217485,-0.0039758114,-0.03086962,-0.04301697,1.0449384,0.9842774,5713.6978,60.02584,64.92673,73.51373,-7.4027176,78.29621,1.04775245e-05,105.575165,-6610.0737,DOS-TCP_FLOOD
20.088963,5.4614835,64.11532,15607.945,0.017745163,-0.0028795989,-0.011891116,-0.0031570767,0.00045214407,-0.0029404247,0.01186208,-0.20736575,-0.043656286,0.08225132,-0.03811746,0.14627248,-0.008765571,0.00492753,0.031823583,-0.017944742,0.001204256,0.00080935657,1.0269399,-0.024198547,0.0010443875,-0.001683475,-0.008301301,-0.028119618,1.0443101,0.980464,7883.7915,59.797737,261.20398,81.28442,42.766373,100.24391,0.00010609755,100.46763,6107.3213,DOS-TCP_FLOOD
19.763573,6.126009,64.28609,16421.572,0.011728903,0.002236045,-0.012370152,-0.016605629,0.021851081,-0.012599766,0.01428296,-0.50522065,0.15776388,-0.022005662,-0.032032497,0.122765005,-0.014992587,0.016342426,0.0123801185,-0.021020759,-0.016583076,-0.012746583,0.97158396,0.022260344,0.017772451,0.0012455729,-0.02589374,-0.04269465,1.0266628,0.9864165,7389.627,60.493458,-14.860611,70.782104,-26.725727,63.613556,-3.7581616e-05,98.01818,-14273.535,DOS-TCP_FLOOD
19.48184,6.4404864,63.974285,13456.746,-0.006786417,-0.0068021417,0.11314748,-0.015229783,0.042470656,-0.00040115265,0.003596947,-0.57667875,0.053860735,-0.04401922,1.9132234,0.13843405,0.003923031,0.0041911146,0.012780981,0.010669617,0.008170846,0.008694845,1.0535816,-0.04422749,-0.00956677,0.0052870577,0.0013685925,-0.047755282,1.0363219,0.99651533,7869.727,59.062912,9.564575,77.48943,5.274253,99.07227,0.0005333524,99.57641,5939.2803,DOS-TCP_FLOOD
19.771671,5.917731,64.28977,5690.1206,0.06459714,0.009615049,-0.024437964,0.019808784,0.014385374,-0.013282951,0.006712789,1.4571933,0.387973,0.3563815,-0.10077085,0.15308972,0.055140533,0.036248617,0.009218169,-0.0047200685,0.0018835859,-0.0037590647,0.9466021,0.024644803,0.021197854,0.024813043,-0.024085492,-0.037257545,1.0149802,0.9868617,5194.094,59.775383,65.64249,76.596565,-3.5702724,85.47414,0.002453211,97.48036,-5729.7725,DOS-TCP_FLOOD
21.377657,5.9020357,65.13855,15760.205,-0.019560356,0.003283047,-0.03458024,0.005827569,0.03342679,0.0062068417,-8.6522195e-05,-0.034119964,0.33878282,-0.030430838,-0.039462935,0.0013884157,0.3809725,0.0029806606,0.031717632,-0.0026420783,-0.008263876,0.006823954,1.0283506,-0.010766308,-8.793082e-05,0.008842859,-0.018937973,-0.013533903,1.0443404,0.9970496,6022.959,60.148876,68.48303,45.35093,6.37206,59.514557,0.000132244,97.73184,3111.3652,DOS-TCP_FLOOD
19.599318,5.7379236,63.97486,17465.064,-0.022297455,-0.00030994043,0.020326467,0.0038208223,0.027299287,-0.014145605,0.022603668,-0.2582842,0.1383171,-0.033307333,0.1916992,0.118640915,0.008683086,0.019527048,0.0372845,-0.019778151,-0.010021013,-0.0056947814,1.0012742,-0.007519446,-0.027100004,0.0071461136,-0.010515367,-0.04662277,1.0103441,0.9873061,5028.2305,59.398655,76.62511,72.35806,16.961847,75.09366,5.6452423e-05,98.09631,2470.6135,DOS-TCP_FLOOD
19.31737,6.223739,63.918762,20209.428,0.038319003,0.0022345288,-0.0101010855,-0.007693618,0.010506885,-0.015398162,0.025867037,0.28688753,0.17945407,0.13406509,0.035727724,0.087384045,0.0028990076,-0.0022658845,0.030294385,-0.025337987,-0.006249936,-0.022830423,0.97129476,0.0016763808,0.0032994593,0.004774062,-0.02143586,-0.03443318,1.0450057,0.98771906,8668.935,59.685734,10.967911,74.98346,-15.316254,79.26292,3.915468e-05,98.08652,-8667.269,DOS-TCP_FLOOD
18.640337,6.0909543,62.759033,13229.598,-0.005121762,0.0068251486,0.006188196,0.027683714,0.0090005845,0.03481688,0.049359385,0.22181189,0.13532685,0.3005067,0.030206315,0.11116226,0.008916165,0.02141694,0.015065125,-0.015335275,-0.0014822278,0.005900874,0.936162,0.02195907,-0.008651418,-0.007309962,0.025569279,-0.01637124,1.0030648,0.9638679,8995.695,60.116783,248.57167,86.691986,69.65039,117.05753,-6.822478e-05,94.90911,14542.94,DOS-TCP_FLOOD
19.51139,5.8267927,66.29872,16320.744,0.016023,0.00049412623,-0.024466705,-0.007827315,0.004650623,-0.018655213,0.04046897,-0.10377157,0.075884745,0.04875192,-0.042736895,0.116659865,0.0022495063,0.022739219,0.015935624,-0.021798588,-0.005583558,-0.0017913245,0.9673741,0.028905833,0.004618205,-0.0060714944,-0.0051058084,-0.039871313,1.0155972,0.9749593,8318.708,59.986614,286.9933,91.77389,48.189556,84.62078,0.00019814441,98.814156,5442.514,DOS-TCP_FLOOD
20.44606,5.538521,65.389175,16001.225,0.028756365,0.00863027,-0.024151074,0.013190788,0.0074038226,-0.0010448281,0.037201628,-0.20743906,0.2692448,0.18733564,-0.074247226,0.08985075,0.006894873,0.02725372,0.027977321,-0.012383404,-0.0059478823,-0.005706791,0.9964909,0.000102963306,-0.024492726,0.0066901534,-0.007849139,-0.021644989,1.0160263,0.98376954,6463.35,59.786522,98.222305,60.321365,14.156734,67.03299,3.6602214e-05,98.70284,2522.4084,DOS-TCP_FLOOD
20.84803,5.1419983,64.58261,16281.031,0.0019376632,0.0051095,-0.023438133,0.009795519,-0.03803979,0.03446829,0.013358129,0.35071445,0.31594798,0.0741592,-0.12577814,0.0746617,0.09066267,0.012101088,0.048348717,-0.0056603784,-0.006465451,-0.0063704,1.0133615,0.011299988,0.014133723,0.011904966,-0.0143621005,-0.049682453,1.015357,0.98273355,4844.6953,59.306767,69.064316,72.39342,13.814607,104.01319,0.00045863207,102.64361,2926.2668,DOS-TCP_FLOOD
20.919031,5.456011,64.38548,14151.178,0.017703608,0.0035978032,-0.01621272,-0.013041973,0.02386068,0.000782939,0.004914708,-0.1965816,0.33655947,-0.023307696,-0.054708324,0.12718967,-0.0036521812,0.013888182,0.014322603,-0.028903317,-0.009005614,-0.008337576,1.0097847,-0.017649533,0.005780959,0.012920397,-0.013122169,-0.030862728,1.0399776,0.9949063,7113.0396,60.52431,-24.284729,61.4363,-38.249332,71.43939,-3.346095e-05,100.02414,-12264.877,DOS-TCP_FLOOD
19.138714,6.188735,64.517815,14682.207,0.038844734,0.005329965,-0.025952738,0.016693864,-0.010259531,-0.011631144,0.018683527,0.3896442,0.2582515,0.028185714,-0.13898952,0.10197877,0.021176087,0.026241858,0.0112266755,-0.006674952,0.0052397326,-0.014311657,0.95210946,0.032432567,0.024078105,0.02160796,-0.02543804,-0.047642045,0.99527234,0.9846007,6013.9917,59.638706,99.44235,105.447655,19.689054,96.7439,0.0016584602,98.52547,4864.599,DOS-TCP_FLOOD
22.389315,5.303968,63.842037,15596.051,0.04727514,0.0025434033,-0.03388364,0.0006434545,0.07686899,-0.026792902,0.007777826,8.709363,0.025893297,0.009490344,0.018321682,0.15555485,0.045336463,0.0029829843,0.008666342,-0.034875046,0.01157259,-0.031740215,1.0481906,0.0073159677,-0.02188941,0.029523455,-0.025706647,-0.019087804,1.0212954,1.0067089,2598.3755,59.924664,102.073524,63.44776,17.619858,59.81391,4.376468e-05,101.1625,1858.7803,DOS-TCP_FLOOD
20.572718,5.3882594,64.917145,21649.062,-0.004372811,0.0047858413,-0.0059649674,-0.0028909033,0.0493956,-0.002849237,0.0057906727,1.1534675,0.20193823,0.023547288,-0.014592929,0.1532169,0.0149304,-0.024727333,0.03226116,0.014913335,0.0033052778,-0.011440473,1.046189,-0.01617348,0.017582603,0.023416106,-0.03939662,-0.06675673,1.0206991,0.9930846,3896.223,59.16656,92.88243,65.6177,10.292669,78.08528,-0.00011383968,97.91243,1398.2214,DOS-TCP_FLOOD
20.40832,5.3770657,63.118282,9311.678,0.020941066,0.017887004,0.0033172243,0.024692828,0.056892216,0.0026784795,0.05647471,0.4490465,0.47644642,0.12254774,-0.010385103,0.13832268,0.008023109,0.015150413,0.036860596,-0.009475424,0.0010014744,0.011774198,0.99717635,-0.055682223,-0.016728995,0.03251757,-0.004243627,-0.032442994,0.9803924,0.95592606,4704.998,59.610516,42.21022,19.055397,9.806402,41.02577,-1.5694168e-05,96.22173,-5193.479,DOS-TCP_FLOOD
20.48681,5.649971,64.000824,8147.345,0.055607315,0.015050448,-0.03958054,0.01715224,0.026733663,-0.017069906,0.0031851232,2.0688057,0.77213836,1.0120945,-0.14802225,0.18875602,0.098526716,0.028785806,-0.003458755,-0.01321066,0.0054752873,0.0027844496,0.98339486,-0.0021023266,0.04642024,0.035940602,-0.02736183,-0.044670284,1.0014576,0.974728,4311.33,58.900833,283.78046,34.66537,35.230965,62.644497,0.0032835258,99.284256,5320.242,DOS-TCP_FLOOD
20.555515,5.5293846,63.86979,7972.539,0.036810823,-0.021646924,0.012770238,0.00877744,0.09415913,-0.006166854,0.015951196,3.2078865,-0.688578,-0.056097806,0.30239958,0.112991616,0.08359211,-0.015038561,0.0038836012,-0.044802852,0.029873261,0.008155246,1.010457,-0.007889054,-0.017218508,0.035235725,0.0069819344,0.004471382,1.0364093,0.98350334,6372.8105,59.863552,89.3058,60.913925,21.535233,49.64835,0.00017789306,95.915726,1840.333,DOS-TCP_FLOOD
21.13976,5.3756027,63.857468,7807.666,-0.008431793,0.005755521,-0.013900414,0.005109923,0.037542876,0.007329249,0.010597309,1.0317949,0.4134766,0.012901647,-0.08954963,0.10466929,0.11036109,0.022348957,0.032480653,-0.022941757,0.0051863445,-0.001461138,1.0242546,-0.024803251,0.009978605,0.012813505,-0.014798332,-0.014029702,1.0292634,0.9800713,4853.481,60.32441,42.964203,34.03647,9.5626955,67.49661,0.00018961716,99.01197,636.6195,DOS-TCP_FLOOD
20.748495,4.817707,62.42774,16525.219,0.010222456,-0.008522217,-0.0033879955,0.019168561,-0.021604305,0.037139565,0.024282152,-0.6702292,-0.01593463,-0.030864442,-0.05467135,0.110974774,-0.004994017,-0.003627115,0.021146614,-0.009260763,0.017128848,-0.037291437,1.0955718,-0.04489825,-0.02805147,0.048336253,-0.024907572,0.015404575,1.0132219,0.95520514,6428.403,60.076416,102.712425,59.022564,26.951054,67.88423,5.562982e-05,102.4546,5725.6646,DOS-TCP_FLOOD
19.64866,5.3090653,64.39711,15631.168,0.011308164,0.0110817645,-0.025878552,0.04956605,-0.045881905,0.019833826,0.040960602,0.07938975,0.17136924,0.17445225,-0.06269105,0.036903374,0.110327564,0.03940364,0.020810252,0.010106977,-0.029398326,-0.009473808,0.9771347,0.020355877,0.0131175,0.018599208,-0.00805492,-0.023688858,1.0222353,0.9691484,4902.0083,60.07499,357.69275,41.358433,41.91455,62.513126,0.00014680374,99.27211,3754.2727,DOS-TCP_FLOOD
22.169903,5.242884,64.81956,16192.24,-0.0069384184,0.00567365,0.013232555,-0.0036171803,-0.00019881688,0.00622967,0.034863543,9.248479,0.08453743,0.001059752,-0.06230863,0.14026324,0.009582299,-0.014573747,-0.00032209326,-0.0017950544,-0.010977899,-0.013677085,1.0700634,0.0155754415,0.07259059,0.012108405,-0.07932359,-0.060454793,1.0159277,0.96513194,5431.5347,62.121304,387.0642,80.52219,54.046444,87.240944,0.0030664066,106.68936,-2146.7642,DOS-TCP_FLOOD
22.730598,4.152727,64.34904,18797.543,0.0022486784,0.0063884864,-0.03207166,0.016813288,0.08876786,0.012038074,0.046489082,10.136884,0.30887932,-0.06629045,-0.02699204,0.09471348,0.36729008,-0.0109417215,0.025276728,-0.047559064,-0.019265268,-0.025120012,1.1016057,-0.026514951,0.002751213,0.038236905,-0.04573451,-0.016281433,1.0366989,0.9766999,2760.5242,59.644222,409.43964,23.591759,53.18743,36.062542,9.868592e-05,101.45705,158.36163,DOS-TCP_FLOOD
20.158829,5.963124,63.725323,8968.648,-0.028978594,0.0032045401,0.00560042,-0.0065318043,-0.006244745,0.017773947,0.0137546025,-0.065582514,0.41653755,-0.0016652234,-0.069938205,0.11405708,-0.00021791458,-0.013546145,0.020103091,0.003056787,-0.020988613,-0.0046574045,1.0065379,-0.0066778376,0.020990215,0.0029910915,-0.036623526,-0.047021214,1.0208834,0.9743484,7619.025,60.58302,187.28545,109.261055,47.801796,118.40593,0.00042909972,103.20319,11529.749,DOS-TCP_FLOOD
19.578386,5.665985,63.678642,7569.1914,-0.016920265,0.009822371,0.03972715,0.013130932,0.07187031,-0.0049283844,0.014776316,0.9574645,0.47924143,-0.01847519,0.26819858,0.082773805,0.0908859,0.004869988,0.0015681796,-0.035289094,0.016144473,0.0114436485,0.9976549,-0.024738355,0.016820386,0.03081385,-0.012438278,-0.011785281,1.0019296,0.9781309,5047.679,59.288418,-4.2080536,16.080795,-15.946262,56.45333,6.471724e-05,95.41046,-6269.3604,DOS-TCP_FLOOD
19.9788,5.351533,63.878387,10355.635,0.017324924,0.0031517793,-0.003954135,0.004972224,0.025916839,-0.0149338655,0.025283635,-0.13588226,0.037535567,-0.042903192,0.14789218,0.1525591,0.0072995536,0.012251515,0.009320638,0.00070643146,0.014321672,-0.016279355,1.0134171,-0.016917318,-0.026463676,0.02327941,0.0020941067,-0.007530059,0.99936724,0.98256844,7453.6343,59.91671,97.36577,68.049644,26.53373,66.90542,0.00015647238,98.98871,4806.8896,DOS-TCP_FLOOD
19.406338,6.3792815,64.473724,11778.66,-0.018835193,0.006410097,-0.0058052386,-0.005141169,0.0026797866,0.009670807,0.0030352245,-0.20815814,0.06812342,-0.01138403,-0.04777983,0.09350463,-0.0041841245,0.0036155386,0.032133393,-0.023606095,-0.0056397845,0.00202687,0.9919687,0.0061565842,-0.011746594,-0.011996344,0.009974981,-0.021953164,1.0318257,0.9881869,8936.235,61.022873,162.84604,102.21212,34.555256,106.90767,8.725714e-05,98.52107,6135.116,DOS-TCP_FLOOD
20.833532,5.256387,63.14935,31515.29,0.0061601773,0.19410461,0.013869515,0.005661756,-0.08506803,0.021254193,0.02515873,-0.15211844,3.335627,-0.025946308,-0.0021987967,0.08918419,0.015030602,0.0054934667,0.024226274,-0.006322474,-0.033028647,-0.004673302,1.027753,-0.037907135,-0.005005556,-0.074653044,0.0027450314,-0.05641333,1.060342,0.9811957,4256.496,59.14355,94.11273,42.03393,4.805895,49.97633,0.0001620684,94.11193,183.91348,DOS-TCP_FLOOD
21.381933,5.4117603,65.52039,11034.547,0.07488305,0.013934532,-0.02447444,0.01229287,0.015933253,-0.027514003,0.0120741725,1.1755432,0.6741739,0.86825436,-0.103852615,0.18463714,0.016286287,0.042970642,0.00952646,-0.0011950498,0.010518403,-0.019800393,1.0059915,-0.010330396,0.038458936,0.01129053,-0.032395836,-0.04881617,0.99533653,0.9796074,5072.0356,59.788216,259.55545,65.61442,26.5969,77.21369,0.0037344557,100.4353,6321.059,DOS-TCP_FLOOD
20.341621,4.8837423,64.76344,14317.707,0.054386646,0.0006721169,-0.019312082,0.00675319,-0.018259158,0.029426444,0.04126064,0.39725828,0.36524546,0.25132477,-0.10023074,0.12888733,0.013168106,0.012565305,0.010991557,-0.024596628,0.01965246,-0.0016194629,1.0382117,-0.013256228,0.009769768,0.03283303,-0.02610198,-0.05055618,1.0420582,0.96982044,5990.357,59.871216,78.78081,98.04297,3.0143242,84.40892,0.00035121452,104.50336,-2424.4033,DOS-TCP_FLOOD
21.26074,5.166908,65.06062,14815.801,0.015185337,0.0068765576,-0.037895482,-0.007010293,0.008997064,-0.017960256,0.0018507801,0.4143337,0.56078297,0.02523145,-0.0738908,0.1501645,-0.0097410055,0.03212553,0.032524943,-0.009711542,-0.028935408,-0.0079754265,1.0289054,-0.037676048,0.020946942,-0.007164117,-0.028950188,-0.031263206,1.0268552,0.99095476,6008.602,60.57213,217.81935,78.153656,37.70361,91.6114,9.2897186e-05,102.958405,11607.694,DOS-TCP_FLOOD
19.93261,6.034387,64.16866,17194.338,-0.03243331,-0.0016887035,-0.014866283,-0.0046561593,-0.019755777,0.018208323,0.0026887283,-0.11245012,0.04344998,0.021432852,0.01965618,0.12055458,0.0074322517,-0.010941014,0.04201531,-0.010263071,-0.009178791,-0.022593688,1.0392433,0.010788514,0.01776246,0.0063421996,-0.026514404,-0.04653468,1.0162979,0.9917737,7484.019,59.625477,76.44194,87.28569,16.840403,94.229836,-6.0920007e-05,102.42549,8244.366,DOS-TCP_FLOOD
21.135406,5.119669,64.01993,29558.303,0.013603514,0.0041289567,-0.003522546,0.001351064,-0.04762213,0.0058262628,0.043564197,-0.41922712,-0.17629123,0.11847864,-0.044353306,0.034468316,0.017235605,-0.0006594509,0.054721102,0.0047286693,-0.019660713,0.0172236,1.0580797,0.004993434,0.047881648,0.026142862,-0.035230845,-0.10179901,1.018976,0.9771964,6884.134,59.3931,771.1085,74.72011,124.58065,103.71312,0.00041493046,106.75739,37658.543,DOS-TCP_FLOOD
20.268621,5.801684,63.363342,23368.291,0.04714445,-0.024223048,-0.0013536075,-0.026176123,0.040663503,-0.007912117,-0.017422384,3.0828812,-0.30988774,0.33319357,0.004277546,0.081843734,0.09688877,-0.007357443,0.016911022,-0.047235295,0.023521146,-0.011052232,1.0029758,0.049121868,-0.006481197,0.018915059,-0.012313434,-0.013413427,1.0516356,1.0047605,4970.2656,59.725002,-65.99289,65.26892,-14.7926235,46.620796,2.5985617e-05,98.612755,-12307.067,DOS-TCP_FLOOD
22.256603,5.4250073,64.15094,10493.587,0.00051154755,-0.001957766,0.011142431,0.015748799,0.098063864,-0.03368013,0.024763335,12.0233555,-0.04963798,-0.02061099,0.06683699,0.20102784,0.01954544,-0.019042844,-0.015585782,-0.04384099,0.019766808,-0.023816802,1.0652122,-0.0087709185,-0.0139298905,0.023500808,-0.009845541,0.0022093672,1.0107677,0.9826407,6000.298,61.18406,244.72087,34.96608,58.175903,52.18192,0.00020655362,99.68079,8686.959,DOS-TCP_FLOOD
19.688168,5.4459352,62.99804,14341.145,0.027654149,0.0022182679,-0.01752399,0.0038020045,0.019175814,0.0002546335,0.016164986,0.16319907,0.13337094,0.07191629,-0.026182313,0.12197069,-0.002824584,0.030362979,0.017823488,-0.024960767,0.0129903965,-0.02636629,0.9829499,-0.021258898,-0.00034712953,0.03259426,-0.008933161,-0.03139107,0.99911046,0.9796196,5048.3926,59.44986,177.38907,57.417988,35.497414,77.453156,0.00020564406,98.86575,3219.334,DOS-TCP_FLOOD
19.10907,5.8983417,64.57423,8606.126,0.0038050115,0.025059862,-0.0044757943,0.029222349,0.0009232778,-0.0014257838,0.03859182,0.08253658,1.0489101,-0.007061986,-0.024892673,0.10223845,0.004949774,0.017357688,0.022324797,-0.022066245,0.0026828656,0.001156386,0.942246,0.021444539,-0.01594459,-0.013830477,0.012759025,-0.037947066,1.0196252,0.98035216,7663.7573,59.242165,135.41345,45.336273,31.211796,74.35976,0.00017666176,97.40314,6678.2295,DOS-TCP_FLOOD
20.7893,5.30497,64.08979,21150.049,0.041211303,0.0031893335,0.0072248974,0.020495586,0.05576478,-0.010771718,0.03191192,0.4811861,0.06906175,0.23319663,0.0736222,0.1639888,0.004660764,0.007400405,0.028838117,-0.0007974915,0.008304905,-0.015934037,1.0328419,-0.04261164,-0.0383473,0.014835389,-0.0033465587,-0.0036113895,1.0064353,0.99086076,6668.207,59.508312,87.10588,55.68663,16.496841,61.778946,-0.00018531365,96.250854,2270.3367,DOS-TCP_FLOOD
18.15965,6.4964786,61.810745,4942.3677,0.020927701,0.014319067,-0.007567908,0.0020295468,-0.009211969,-0.011921117,0.026248932,1.0706111,0.9733451,0.004379358,-0.04251261,0.1252795,0.018057918,0.03208879,0.028927684,-0.013992043,-0.0074486267,0.0034825085,0.90264064,0.0424808,0.04333796,0.03219723,-0.03332356,-0.048964914,0.9964007,0.9532651,4749.6035,58.889557,175.43974,80.37895,36.037155,94.30503,0.003059696,95.69511,7122.313,DOS-TCP_FLOOD
21.662071,4.292826,64.034515,25157.727,0.022503216,-0.0029996873,-0.025614759,-0.0009932535,0.017836057,0.0031396984,0.032816354,5.5893946,0.007510707,0.056236498,-0.048936266,0.14062925,0.005958747,-0.0125699155,0.025809782,-0.019925416,0.010088779,-0.0026072795,1.0843313,0.0020884462,0.03116072,0.045408644,-0.06787734,-0.06372116,1.017106,0.98019165,2640.8506,59.5493,273.04285,46.778984,38.705444,53.57828,0.00016703716,106.42461,-217.50784,DOS-TCP_FLOOD
19.913754,5.3715434,63.92634,12763.121,0.028676331,0.0017829273,-0.0033492409,0.0033395782,0.016555466,0.0138757955,0.012914065,-0.18978918,0.16360319,0.1285646,-0.021542972,0.15035032,0.0034543858,0.014123276,0.017465053,-0.0070768497,0.0021278486,-0.009460681,1.0192579,-0.033534005,-0.013620947,0.008759833,0.0039376225,-0.007083583,1.0207589,0.9832336,7123.674,59.720047,118.28031,71.136505,27.31406,92.432,5.2132425e-05,100.048996,6036.3447,DOS-TCP_FLOOD
18.853636,6.2659464,64.14159,14567.057,0.014046438,-0.0037893571,-0.025571711,0.012161776,0.002340003,0.025088685,0.036398783,0.56999683,0.16615959,0.26496178,-0.03763066,0.012333091,0.23987916,-0.007011029,0.021061728,-0.011401422,0.0058919704,0.0011790125,0.9426608,0.07447289,-0.001683,-0.0015561469,-0.004264354,-0.034730557,1.0334036,0.98625165,7702.6875,57.98803,214.78061,85.636635,43.277153,82.34174,0.00017993644,98.090546,4824.378,DOS-TCP_FLOOD
20.07673,6.6213226,62.61399,10746.455,0.010414812,-0.0068648453,0.014494427,-0.012812534,0.061896622,0.004476188,0.016538372,-1.2803714,0.22992067,-0.02060218,-0.13347997,0.16021207,-0.0019342279,0.006727027,-0.016123462,0.010666609,0.025202747,-0.044144414,0.940263,0.021679943,0.022898493,0.03766488,-0.016998118,-0.03584341,0.987096,0.9781985,10692.135,67.97508,-16.2585,97.45508,-10.775164,105.779625,0.0034310801,95.36967,-13460.848,DOS-TCP_FLOOD
19.61935,5.796806,64.0024,12961.834,0.017910888,0.00612897,-0.008167407,-0.010698348,0.03428284,0.0012642489,0.045926042,0.35164046,0.4394734,0.021161262,-0.066738084,0.097291395,0.04226109,0.0049183564,0.023546606,-0.040784147,0.008319448,0.01845208,1.0009019,-0.0143057145,0.0077284332,0.01651591,-0.011908979,-0.03945213,1.0082282,0.9701541,6028.109,59.463398,133.95818,53.659515,26.97108,72.54379,0.000162869,98.5361,7342.9844,DOS-TCP_FLOOD
20.490385,4.7839937,63.297386,10755.807,0.0052154623,0.0040664356,-0.014823422,0.0070490153,-0.027739568,0.011061038,0.044028006,0.17047805,0.13077265,0.05032482,-0.050858166,0.11734517,0.005306332,0.0105736675,0.030749835,-0.017841365,-0.008702156,-0.007612216,1.0516412,-0.031714324,0.017197166,0.018183347,-0.024225395,-0.04310604,1.0199155,0.96635413,5628.9263,60.13164,401.37323,83.60275,66.11557,96.5157,0.00023748823,103.97431,12315.983,DOS-TCP_FLOOD
21.469418,5.009278,62.99101,29356.332,0.012229452,0.064203106,-0.036955804,0.015368822,-0.011021683,-0.009553926,0.008520171,0.025524497,0.88782644,-0.017067526,-0.11321273,0.12397042,0.11353832,-0.0044786977,0.018110422,-0.008440832,0.000916929,-0.02742328,1.0320373,-0.03364023,0.012199533,0.018108128,-0.017142106,0.0016597565,1.0082321,1.028422,8400.799,59.271736,-6.54953,53.160313,-43.59291,99.98421,-0.000117606905,101.31319,5718.0093,DOS-TCP_FLOOD
18.237875,6.954195,63.824726,11651.949,0.036258396,0.00024950504,-0.032436315,0.00023792125,-0.013717832,0.0075977473,0.011454063,0.46955216,0.058074404,0.52975345,-0.06207118,0.09707311,0.0033237084,0.0042318553,0.016563425,-0.020417908,0.007958416,-0.0021326588,0.9067825,0.08777818,0.018411499,0.0036307413,-0.00830389,-0.044273473,1.0420945,0.9971639,7561.2925,59.32984,177.99211,78.16064,27.998444,92.36965,0.0002193999,97.21882,5344.341,DOS-TCP_FLOOD
20.337381,4.978566,63.325603,11563.803,0.053510003,0.000605721,-0.022758715,0.009701599,0.011868315,0.0025174702,0.041159026,1.1942834,0.050512373,0.1983791,0.072280206,0.08253968,0.04355925,0.01677518,0.0070375903,-0.008740289,-0.000751419,-0.0067850715,1.0147195,-0.010923407,0.031624317,0.0312838,-0.006061988,-0.037052076,1.0110538,0.96763,9740.211,59.550438,1088.5068,156.94742,246.84723,151.89386,0.0015301437,100.625824,117195.4,DOS-TCP_FLOOD
20.988623,5.6754,64.61959,16671.453,0.024074178,0.02008759,-0.032092676,-0.0033176474,-0.012968147,-0.018999249,0.012089125,0.15529472,0.96978927,0.059888765,-0.16133031,0.11346125,0.00439274,0.03840133,0.02986023,-0.0202981,-0.017119104,-0.0178167,0.9556269,0.011671864,0.0073869755,0.0029504916,-0.02014065,-0.045335893,1.0023985,0.9707781,5259.5806,59.479084,114.90714,71.937485,21.99155,78.12454,0.0011510311,101.55624,4608.569,DOS-TCP_FLOOD
20.826958,5.901096,63.508774,13961.789,0.04352255,0.00052559376,-0.016192723,-0.008485655,0.012694396,-0.038736954,-0.0069823535,1.1546514,0.19823456,-0.048332505,-0.014461817,0.13424473,0.018485473,-0.013688581,0.013466454,-0.02521275,0.046699155,-0.024862885,1.0408353,0.014405011,-0.0038409769,0.031521518,-0.026424684,-0.029817091,0.999957,0.983873,4612.8,58.96972,65.10785,80.99836,13.7665415,94.0163,0.0009783624,102.128174,2222.9915,DOS-TCP_FLOOD
19.025305,6.0546002,67.47312,8949.15,-0.013459733,0.012500179,-0.0067195226,0.02033032,0.022960424,0.00301834,0.0018456276,1.1839583,0.11011535,-0.04872387,-0.021899277,0.1456258,0.001213258,-0.00065402593,-0.010676267,-0.015652698,0.009990459,0.009091402,0.9741757,0.009653072,0.003320605,-0.017696433,0.031146735,-0.010623717,1.0251143,1.0022187,11824.166,60.251335,415.80984,147.04176,104.813416,153.81076,0.00020864655,98.5591,32249.9,DOS-TCP_FLOOD
19.10074,6.369363,68.588356,11375.314,-0.0025102403,0.00886243,-0.04428961,0.0035216305,-0.011047082,-0.00039291976,0.015541442,0.5353301,0.1932609,-0.005319314,-0.016154941,-0.0029318547,0.18237971,0.0094347205,0.023971273,-0.007826722,-0.014949939,-0.003535035,0.933727,0.046331447,0.0085860975,-0.0095477905,0.01423564,-0.019721428,1.0493585,0.999026,7365.236,60.302135,262.10648,74.35346,36.91204,76.03071,0.00039386016,97.48308,5587.869,DOS-TCP_FLOOD
20.945084,5.118382,67.446625,18257.941,0.007892883,0.007015732,-0.030519798,0.016749464,-0.06717191,0.011583707,0.042178687,-1.1170373,0.32425046,0.07919531,-0.06556361,0.019774523,0.16070034,-0.008771977,0.040795077,-0.017576102,-0.010077189,0.007265433,1.0674353,0.0029712168,-0.028081413,0.014533899,-0.00032545533,-0.015401287,1.0465529,0.9715369,6032.0474,59.89615,212.89236,72.43311,40.024506,93.86975,0.0002621377,103.9222,8089.252,DOS-TCP_FLOOD
19.633665,5.951347,63.800632,11731.229,0.00860935,-0.003329397,0.005631596,-0.0004461985,0.010250313,-0.010127734,0.007191882,-0.32657802,-0.0005991757,0.17970186,0.73893654,0.13742803,5.2155927e-05,-0.0025608856,0.030631166,-4.186295e-05,0.016637515,0.006573568,1.030247,-0.0009938367,-0.02118865,0.0011571951,0.017934494,-0.025412083,1.048463,1.0258789,10008.085,59.64939,100.51407,78.63007,21.258568,95.46905,0.00011330338,100.09451,8894.749,DOS-TCP_FLOOD
19.416391,5.981617,64.2194,14942.467,-0.031949848,0.001273129,-0.0006468035,0.0055435183,-0.028439844,-0.0011818984,-0.0121394545,-0.46865022,0.07370456,0.0019021146,-0.026406126,0.112720355,0.0058612893,0.0078067644,0.030207504,0.008890744,-0.0354218,-0.035154272,1.0199518,0.003008086,-0.0021791272,0.02940797,-0.04873808,-0.056588277,0.9934797,0.97835,6792.978,59.02729,64.59909,54.89491,3.7390118,85.12451,7.8355006e-05,102.08343,-4694.0474,DOS-TCP_FLOOD
19.609991,5.328017,64.360596,14997.096,0.020604793,0.008955725,-0.015749332,0.012191515,-0.0071747303,-0.0022303953,0.045138314,0.2533698,0.29681456,-0.0307342,-0.060866307,0.07438649,0.057553153,0.015672084,0.027298179,-0.026204875,-0.0038606487,0.013086682,0.98645186,-0.009997792,0.01885156,0.01874626,0.00047342852,-0.03864058,1.0038966,0.97514504,6941.6167,59.237537,548.8744,49.283783,74.75065,71.05892,0.00021472186,101.59275,13212.583,DOS-TCP_FLOOD
20.064306,6.020173,69.59788,12675.67,-0.0046853255,0.0048331264,-0.010547503,0.019501261,0.047435343,-0.016784744,0.018905222,1.6027417,0.21903169,-0.03266062,0.01591995,0.12300226,0.0040988326,-0.00085772946,0.014574414,0.018513294,-0.0061207428,-0.029650813,0.9752929,0.01340386,-0.015077475,0.009674654,-0.033348583,-0.037813842,1.0103892,0.9878261,6371.703,59.468685,63.16388,59.7745,-5.9036064,56.470306,4.2003565e-05,95.65429,-5219.199,DOS-TCP_FLOOD
20.280262,5.6985807,63.320232,13955.4,0.02560493,0.0023023328,-0.006519172,-0.004112534,0.04854139,0.007081039,0.0036572502,3.0415788,0.07571904,-0.12363828,-0.016046833,0.07944773,0.20572336,-0.023178294,0.00083065126,-0.022097128,0.011082258,-0.0058617024,1.0181625,0.018429726,0.025304724,0.025211014,-0.013419466,-0.029893458,1.023055,1.0006423,6324.1562,59.439724,332.08148,71.38407,46.679905,71.65307,0.0004220287,97.36637,-3276.5784,DOS-TCP_FLOOD
19.268906,5.969881,64.45972,5379.577,0.0018679909,0.007644072,-0.020246794,0.014809601,-0.018844597,-0.00030842435,0.029955376,0.2259286,0.30359295,-0.01407109,-0.06709683,0.12402431,0.007151915,0.021629538,0.017150555,-0.018086381,0.007698284,0.008910228,0.9698526,0.026098054,0.009666036,-0.0014928496,-0.007861712,-0.030473486,1.0200619,0.98076284,6852.69,60.09386,240.50496,81.24481,44.975296,97.13693,0.00044305925,100.13788,11487.326,DOS-TCP_FLOOD
19.023876,6.241005,61.65044,12730.736,-0.004199855,-0.0011088772,-0.0010882644,0.0014057177,-0.040370323,0.0077107665,0.0081283245,-0.8428681,0.14351232,-0.025461823,-0.071939684,0.08192572,0.0031644714,0.01821882,0.019803803,0.005974723,-0.013954849,-0.027959198,0.95239407,0.046311054,-0.0020389562,0.017231965,-0.02205206,-0.01803663,1.0071709,0.9662357,6312.625,59.810642,-2.157013,58.03193,-11.895027,77.215904,0.00043122808,98.83334,-10193.38,DOS-TCP_FLOOD
19.619427,5.080814,64.00609,17904.492,-0.007891002,0.004466776,0.00023507047,0.018230224,-0.025137683,0.027909428,0.010891863,-0.702423,0.11450587,-0.01994489,-0.027948096,0.090171956,0.0009892079,-0.013302278,0.0025711441,-0.0047983183,0.0034916168,-0.010156984,1.0105642,0.00011426211,-0.0057518925,0.0236767,0.01096018,0.005310783,1.0260693,0.988434,8567.875,59.684734,46.87993,64.250755,16.120573,103.10175,0.00016648401,98.74138,1432.1746,DOS-TCP_FLOOD
20.68956,5.550913,64.453545,11777.044,0.006015701,0.0073379697,-0.010288149,-0.0010989102,0.00082319416,-0.020040272,-0.0010116445,-0.37431335,0.25861552,0.03826675,-0.0285149,0.11775192,0.009305558,0.014216404,0.018987117,-0.004210938,0.0042313244,0.007062908,1.0503479,-0.034650292,-0.016139917,-0.010029651,-0.02055426,-0.0033792295,1.0311453,0.9986778,7655.3403,60.107582,120.54117,70.44551,28.813019,101.81049,-1.5975282e-05,99.48076,10755.691,DOS-TCP_FLOOD
17.037933,7.389659,62.194637,9821.932,0.0059176516,-0.01025503,0.0012959167,-0.0008855778,-0.05244577,0.012820009,0.03958784,-0.8454336,-0.096715726,0.02729511,0.06113935,0.07483519,0.03695348,0.0026304228,0.01826486,-0.023321731,-0.00015210826,-0.00811628,0.85650414,0.13634276,0.006308928,0.008593176,-0.018494217,-0.03989056,1.0179936,0.96590716,6532.4883,58.719696,56.847717,79.53752,4.4805937,85.30017,0.00021124474,95.48247,-8555.138,DOS-TCP_FLOOD
21.421074,4.7324066,66.08741,15436.879,0.028056405,0.011666479,-0.044575702,0.021402858,0.024956515,0.0026720152,0.023855854,-0.023222208,0.4796992,0.111864686,-0.04190277,0.086332574,0.13738026,0.01898107,0.019923627,-0.015610215,-0.02601481,-0.009745489,1.0172807,-0.015083181,-0.0189269,0.0068848813,-0.001515653,-0.016061753,1.0258249,1.0058964,6461.594,59.483,-59.109467,57.084587,-39.679787,82.94298,-0.00014431406,100.10802,-14763.816,DOS-TCP_FLOOD
20.218077,5.448726,64.6634,20543.705,-0.0020363275,0.003995499,-0.010845739,0.04419652,0.015315816,0.0049780966,0.066664174,-0.27818322,0.15257047,-0.014054848,-0.057459913,0.10021371,0.011578026,-0.005676588,0.027947322,-0.017887563,-0.005162563,-0.010584317,0.9970827,-0.024133246,-0.026286524,0.000875846,0.0026532542,-0.024363844,1.0045819,0.969218,7844.0996,59.72974,134.61584,44.625404,21.784294,65.91413,-0.00018230999,100.222305,5844.6265,DOS-TCP_FLOOD
20.325058,6.2044563,63.843502,12909.998,0.0025915913,0.0038594666,0.013040893,0.01612121,0.03230128,0.0052896556,0.023605635,0.46728128,0.056482665,-0.033780694,-0.025442097,0.15334283,0.0016116292,0.005195886,-0.009880824,0.0332098,0.0129576195,-0.060182862,1.0172774,0.009556881,-0.03388587,0.05894937,-0.001655533,0.008976161,0.9719473,0.9815585,5291.7246,59.992813,10.407333,34.88566,18.684027,46.4015,8.959579e-05,97.72013,-684.08014,DOS-TCP_FLOOD
20.147308,5.989126,65.877785,19226.2,0.0133766495,0.008857346,-0.03687603,0.0008036773,-0.0055159843,-0.00014362042,0.012909321,0.20694429,0.24028772,0.08209482,-0.030611955,0.03256746,0.15502754,0.006612106,0.0241847,-0.014968898,-0.010409107,-0.013105663,0.9850016,0.013774338,0.013895589,0.004756439,-0.020639135,-0.0247238,1.0370269,0.9967764,7010.1934,59.50511,157.2248,71.02773,20.329538,72.31588,0.00013132396,98.87296,4041.0864,DOS-TCP_FLOOD
22.076748,5.182089,63.845882,9100.059,0.011723553,-0.000330206,-0.029363625,0.013584706,0.03622092,0.015295822,0.0029640319,1.6694907,0.099062115,-0.06385528,0.043672357,0.101603955,0.0681053,-0.004558009,0.020658096,0.002587312,0.0005161017,-0.02399449,1.0769739,-0.049781468,0.0028834166,0.017477188,-0.01689912,0.003243154,1.0225809,0.9963636,7244.469,61.92353,235.84377,78.17236,48.825996,104.76982,0.00030365508,101.95877,10604.644,DOS-TCP_FLOOD
20.54751,6.218375,64.22578,12319.061,0.008345953,0.09036382,-0.0060352776,0.012556604,-0.013481978,-0.0048496807,0.026262123,0.75527674,1.8182466,0.039008155,-0.049592823,0.061713193,0.007121789,-0.0023804186,0.037467398,-0.009473706,-0.034883976,-0.029664354,0.98604214,-0.0051640226,-0.045998253,-0.0129730115,0.0078690415,-0.0043341797,1.0023144,0.98874676,5616.9316,61.916176,28.469406,22.868973,-11.239227,50.46484,8.367206e-06,98.5303,-5235.05,DOS-TCP_FLOOD
19.767231,6.5317454,63.074238,14336.086,0.010413247,0.00015494227,-0.009306439,0.003036413,0.05384498,0.0044714385,0.004171089,0.9630817,0.103383355,0.05938919,-0.004786905,0.10840811,0.18286294,0.011510881,-0.0043737236,-0.014184473,0.022024404,-0.0433735,0.9324213,0.037424747,0.012914371,0.042043813,-0.013683692,-0.015257258,1.0180666,1.0124854,8333.139,59.75397,10.701187,52.762856,-3.8699799,49.269978,0.0007104741,94.658165,1481.8352,DOS-TCP_FLOOD
18.48993,6.6156254,66.41641,19391.0,0.0014568679,0.006685713,-0.003665944,0.01522342,-0.05362253,0.014599532,0.03820553,-0.387663,0.27693716,-0.009751161,0.00378374,0.057625577,0.02250808,0.025630627,0.015497362,0.001374865,0.0012672739,-0.015243838,0.9265239,0.08073465,-0.0055115228,-0.009774138,-0.0048221927,-0.033778813,1.0292323,0.9921591,7251.966,59.432083,37.224045,61.955143,-21.462967,66.03843,0.00020022423,99.78882,-5104.753,DOS-TCP_FLOOD
19.605644,5.601459,64.59026,23039.635,0.01772645,0.011112102,-0.028760852,0.015404682,-0.08519698,0.034279652,0.050720863,-0.29742408,0.26658773,0.044740885,-0.039728846,-0.004944876,0.014087555,-0.0048652897,0.023698438,-0.009947423,-0.021407373,-0.0054318365,1.0038373,0.022222234,-0.009718977,-0.004236044,0.005394621,-0.034969956,1.0547271,0.98997754,5538.6216,60.85079,242.6522,65.64809,51.574974,87.72016,-7.543179e-05,103.38313,11220.408,DOS-TCP_FLOOD
20.930813,5.774695,65.950554,37544.26,-0.030765679,0.01026507,-0.011733811,0.014876479,-0.024169175,0.026615841,0.014283413,-0.4662304,0.39513505,-0.045937695,-0.084139265,0.047459323,0.26985672,-0.023897078,0.050505012,0.017378945,-0.0073664654,0.010301176,1.044574,0.02372357,-0.004399973,0.0006273214,-0.024885645,-0.059338283,1.0413034,0.984716,6206.2046,59.818512,68.60387,66.08847,7.55287,103.69646,0.00013417547,101.51946,967.7555,DOS-TCP_FLOOD
19.650259,5.2743583,64.17945,16633.74,-0.009473878,-0.00041441992,-0.000851769,0.002944121,0.010533575,0.017280906,0.020392008,0.3097443,0.1965273,-0.0034665503,-0.02442981,0.13063495,0.015006609,0.02045798,0.0134118255,-0.014295654,-0.013268024,0.0180119,0.9930055,-0.021917306,0.01766122,0.0035714346,0.019862356,-0.03725978,1.0100597,0.9659258,6550.6533,59.269146,480.83978,78.98062,122.36928,105.090744,0.00014709274,99.58635,49388.066,DOS-TCP_FLOOD
21.072908,5.010339,63.696033,16854.268,-0.0041305833,0.00080989295,-0.021157261,0.012639579,0.02465217,0.008851261,0.020597504,-0.09084439,0.14259642,-0.0020965934,-0.12994534,0.12808768,0.23304422,0.009391936,0.032916073,-0.0016549835,-0.0035647629,-0.009274659,1.0223738,-0.022758134,-0.014565108,0.02237619,-0.010949903,-0.0057492126,1.0218571,0.98275244,3572.8591,59.247658,25.435303,15.425026,1.5076904,42.891712,-9.26513e-05,98.91751,-1537.688,DOS-TCP_FLOOD
20.00875,5.6343503,64.15267,20418.43,0.014144031,0.005535324,-0.022107728,0.0056750937,-0.031461954,-0.010105072,0.018011155,-0.6720823,0.120214604,0.027410856,-0.013945436,0.11163663,0.008447641,0.012753894,0.024529563,0.004780791,-0.005111897,-0.01226819,0.9951012,2.601743e-05,-0.02412364,0.010055183,0.002104165,-0.021563629,1.0334214,0.9946714,8919.773,59.76975,98.09462,87.987015,16.22322,85.38759,0.00015005555,100.38354,4223.131,DOS-TCP_FLOOD
19.85277,6.158049,66.992096,17368.588,0.012753367,0.0049140914,-0.032210965,0.0006167386,0.006872842,-0.0062240385,0.016268149,-0.03953719,0.32671815,0.16480711,-0.05028712,0.079253495,0.022933567,0.010100574,0.017282462,-0.012948837,0.0038125739,-0.0028906018,0.9767465,0.0043445635,0.0055900216,-0.0089118015,-0.0035106018,-0.029528959,1.0380588,0.99509573,7971.3467,59.84181,111.007744,71.5085,7.2584743,77.98996,8.962648e-05,98.81936,2721.4836,DOS-TCP_FLOOD
19.532948,6.151625,64.079445,17528.982,0.007411958,0.003359512,0.012329031,0.007223067,0.0047603683,0.010470831,0.036724992,0.055137575,0.24456747,0.025333468,-0.07286298,0.0893812,0.005090708,0.014010619,0.038049646,-0.012644361,-0.014654228,-0.03829692,0.9561242,0.03308524,-0.027970228,0.01087075,-0.0008135289,-0.02086131,1.0018835,0.9693433,6607.0884,59.788395,4.56987,50.436626,-19.396477,67.24674,0.00014144096,98.80752,-6975.5635,DOS-TCP_FLOOD
20.771784,5.6560555,63.571335,17597.377,0.043650907,0.0011367424,-0.004364827,0.013181495,0.031851858,-0.001047859,0.022050738,3.204744,0.0988386,0.052986298,-0.037478983,0.11454877,0.054217376,0.012784134,0.021666698,-0.009993947,0.0027180323,-0.050086923,1.0321485,0.016099865,-0.01599912,0.052462377,-0.05227226,-0.0057693105,1.0036392,0.98026407,4507.9805,59.621395,-3.9105835,46.614388,-9.245129,54.08776,-0.00013946534,100.50207,-9768.02,DOS-TCP_FLOOD
19.918112,5.3637114,72.40029,6403.969,-0.03966374,0.009323432,-0.0024972996,0.013018097,0.038422503,-0.016200121,0.019150412,0.807626,0.579387,-0.0727773,0.09417523,0.077516034,0.17568453,0.027058765,0.0078933025,-0.0020645186,-0.021915903,0.010384469,1.0116494,-0.006965169,-0.005401057,0.009267841,0.007963054,0.008297995,1.027284,0.991005,4479.7075,59.607002,77.43147,27.278763,17.30996,44.293373,0.00021192558,97.42671,6667.9146,DOS-TCP_FLOOD
20.046688,5.606224,69.378174,2104.0571,0.03967904,0.0023084497,-0.0050547626,0.0044867434,0.039491266,-0.021221658,0.02337481,2.04255,0.3611946,0.026928859,0.0050589815,0.12782317,0.024152366,0.015327708,0.011356525,-0.032116137,0.017811293,0.011006104,0.9684393,0.03529153,0.02048754,0.013916178,-0.0117074875,-0.031507622,1.0080769,0.9675055,3272.7283,59.565712,182.96428,27.636147,23.873848,29.553513,0.0033830567,96.018745,-2327.9526,DOS-TCP_FLOOD
20.612415,5.5956135,64.161446,9721.338,0.009598545,0.009363505,-0.016858874,0.0042153015,-0.045602858,0.003928642,0.004425717,0.032629073,0.25774443,0.005491413,-0.09503451,0.122082695,0.0038383051,0.013530495,0.042462252,0.0076696505,-0.01621567,-0.025571316,1.0524054,0.011725832,0.028398301,0.022410108,-0.033624068,-0.019817326,1.0071278,0.9931945,5082.3677,59.224697,274.2136,65.13847,33.660164,101.616554,0.00055937836,105.18706,7072.734,DOS-TCP_FLOOD
19.261705,6.406559,65.07603,15792.096,-0.015906027,0.005952061,0.021136628,-0.013883951,-0.00859273,0.016685637,0.0027732574,0.13203347,0.36999092,0.048880573,-0.07717312,0.08404299,0.009461758,0.0064280257,0.048931982,0.010600792,-0.02105769,-0.034617208,0.99701214,0.022123218,-0.03017647,0.01884232,0.013847847,-0.011441958,1.0035521,0.9684253,5044.1,63.30382,-13.720383,28.308495,2.5412388,38.1859,0.0001612553,99.65668,-6513.154,DOS-TCP_FLOOD
20.352276,5.390826,64.61086,13829.754,0.024369678,0.032478347,-0.018615132,0.036685064,0.010425251,-0.012136016,0.053491503,0.19527864,0.7071471,0.14747317,-0.0030210428,0.10703356,0.023611376,0.016440006,0.031783722,-0.017522424,-0.005793476,-0.0121725015,0.9915113,-0.019032244,-0.020314667,0.0005859602,-0.011936509,-0.031059433,0.9913521,0.971549,6283.8706,58.82846,132.0299,34.295086,21.899057,58.708675,-4.7849942e-05,98.47847,-399.1067,DOS-TCP_FLOOD
19.697172,5.8179126,62.73164,12019.986,0.03230825,0.00018254668,0.00905462,0.006867289,0.030102054,0.012911836,0.033730675,0.14827192,0.009807572,0.19896704,-0.024696447,0.17691456,-0.008093064,0.014443228,0.013592308,-0.0016952585,0.008576106,-0.0030695507,0.97087723,0.0039910036,-0.017849637,0.04092551,0.0006645359,-0.029125948,1.0068723,0.9729743,6608.043,59.71821,137.14215,76.528076,33.004803,81.62555,8.38468e-05,96.12519,5617.0576,DOS-TCP_FLOOD
20.310373,5.1210623,62.70651,21250.758,0.08007735,-0.009311885,-0.028538097,0.018008338,0.024949552,-0.02963123,0.015632289,-0.028658152,0.029110234,0.031742427,-0.13413383,0.15603466,0.0026374313,-0.023046449,0.017686702,-0.013540916,0.0011048047,-0.03624517,0.9705292,0.00027148426,0.026113536,0.09056239,-0.012988456,-0.05037721,0.99093735,0.9505757,6545.828,59.03641,-42.706512,141.51181,-30.966072,175.18054,0.0117398305,97.36422,-14517.211,DOS-TCP_FLOOD
19.556425,5.6196012,64.334816,18412.727,0.018641254,0.003983217,-0.022972003,0.0052674,-0.013760129,-0.0041636135,0.02837811,-0.5498074,0.26788983,0.019887604,-0.057412304,0.097360864,0.013044672,0.015897492,0.020128578,-0.0048918137,-0.0011592405,-0.008248257,0.99090743,-0.007859774,0.0017397525,0.02074169,-0.03249184,-0.036841057,1.0217072,0.97365177,6703.7354,59.817818,81.11769,72.9588,9.088046,71.20297,8.3208695e-05,100.20681,-856.8038,DOS-TCP_FLOOD
20.120464,5.402195,64.27145,10471.614,0.0074461843,9.767711e-06,-0.006627869,0.024804452,0.014338423,-0.012379986,0.019448174,-0.29017234,0.062435664,0.009165051,-0.08622047,0.14134008,-0.007439419,0.0011338294,0.028782617,-0.005206694,0.0008985214,-0.03129413,1.0051653,-0.016755784,-0.02256118,0.033583507,-0.016116474,-0.011565358,1.0221232,0.976769,8232.148,60.155567,6.7498627,52.861614,-18.63338,64.5031,6.67492e-06,100.05097,-10020.393,DOS-TCP_FLOOD
21.221718,4.865653,64.03677,22572.906,0.031476866,0.0033998345,0.011173795,0.0025986438,0.018470157,0.013777311,-0.010190694,-0.3846979,0.26291984,0.03685513,-0.11579399,0.15882842,0.0025997446,0.011276416,0.010404386,-0.013980044,0.020418948,-0.022492407,1.0594219,-0.025333067,-0.009653567,0.023960374,-0.013635641,-0.0026131514,1.0096096,1.0154862,6937.9604,58.916286,19.200775,46.214306,18.881235,86.52504,1.6283302e-06,100.87126,12591.836,DOS-TCP_FLOOD
21.284071,4.780586,74.11591,10433.793,-0.02583969,0.0065696747,0.01267611,-0.009154723,0.018349748,-0.018843351,-0.006527938,5.615265,0.4188422,0.016349625,0.05968716,0.13000494,0.009378911,-0.0035906956,0.008113039,-0.008484562,-0.0144225685,0.0022217073,1.0764451,0.008054792,5.1681418e-05,0.017529085,-0.042638958,-0.019931162,1.0356402,0.9986231,1484.6084,60.001595,130.80383,63.458992,4.633953,60.33431,-3.138135e-06,100.48758,-937.25726,DOS-TCP_FLOOD
19.459679,6.4727917,68.880035,9508.578,0.013695557,0.0047767144,-0.00811504,-0.007731647,-0.0062296726,-0.0109913815,0.022684414,0.083244026,0.1852403,0.018731574,0.04552038,0.11334103,0.0012234821,0.014986301,0.021071902,-0.021084787,0.0038775895,-0.01056312,0.9721206,0.04465483,-0.020480158,0.00078064855,-0.024020432,-0.036310215,1.02152,0.9894793,6724.662,59.82277,135.24442,113.776245,18.889153,89.81489,6.676653e-05,98.1102,4779.2173,DOS-TCP_FLOOD
19.940718,5.508188,68.81377,17198.807,-0.010701519,0.009878555,-0.010017264,0.009015112,-0.014579456,-0.0235787,0.026815144,-0.61158395,0.13009584,-0.07278807,-0.027282016,0.17119476,0.0071292794,0.011442144,0.026389949,0.008798511,-0.018162053,-0.026570978,1.0160803,-0.02444808,-0.025547847,0.0012509152,-0.008986126,-0.030334912,1.0232619,0.98236716,7014.2764,59.42264,147.7238,81.03946,32.74375,78.90208,2.0190884e-05,99.52109,4698.721,DOS-TCP_FLOOD
20.426527,6.0483427,64.62673,16068.801,-0.00075146556,0.0030984108,0.004362678,0.00015168078,0.023824172,0.0027694688,0.012135547,-0.084112644,0.040326104,0.05197888,-0.051500704,0.11869931,-0.0036909168,0.009848735,0.009684189,-0.0045039505,0.0006077718,-0.041043863,1.003733,0.000652615,-0.005945463,0.0313371,-0.021120945,-0.016066838,0.99026376,0.9884962,7210.0,60.656593,45.294357,58.71292,6.3436193,36.51244,-3.219927e-05,101.606445,-2046.2673,DOS-TCP_FLOOD
20.421196,5.412914,64.383705,18048.111,0.013527984,0.0024589475,-0.02890542,-0.0016937047,0.03228767,-0.008174413,0.00661751,-0.00857687,0.25086573,0.04057089,-0.071175426,0.1082388,0.0036338212,0.0197718,0.013879016,-0.012847872,-0.0070698205,-0.016450837,0.9870136,-0.0071429317,0.006844655,0.016533196,-0.011147083,-0.021056088,1.0132539,0.9901093,6794.7886,60.34804,42.654037,45.673893,-20.004898,59.26504,6.213656e-05,98.66841,-9276.071,DOS-TCP_FLOOD
19.940886,6.121725,66.32428,16413.729,0.03385998,-0.0028881447,-0.009758324,0.010029455,0.039425567,-0.01259613,0.023220638,7.3752923,-0.15001771,0.4031599,0.045455243,0.12989506,0.0042908634,0.00019715168,0.0015383726,-0.003851694,-0.0027801376,-0.032207366,0.976606,0.0520814,-0.02073791,0.010977559,-0.013961207,-0.014662052,1.0118107,0.9887396,9276.119,59.43764,226.12396,101.03592,46.085377,94.98918,2.7074086e-05,99.64145,8198.968,DOS-TCP_FLOOD
20.636,4.389816,61.513412,23238.555,0.0021837652,0.0073493915,-0.02530488,0.01231971,-0.054705486,0.03998279,0.057371512,-0.054133296,0.29470953,0.09937979,-0.038625754,-0.0073814853,0.3370745,0.011586239,0.02085909,-0.024165886,-0.01565341,-0.021971248,1.0561931,-0.012013074,0.018789198,0.025630806,-0.03215625,-0.030069571,1.0281242,0.9386358,3515.0654,59.31398,250.01831,38.15922,70.04625,51.941753,0.0002238484,103.057884,11263.838,DOS-TCP_FLOOD
18.79087,6.0910172,63.73937,22843.123,0.0021877047,0.0046045366,-0.019747205,0.01493515,-0.021401634,0.00967933,0.022121035,-0.24443662,0.07368422,0.02086091,-0.020954993,0.036957342,0.038800713,-0.010613142,0.015928743,-0.019120196,0.0030242046,0.004686662,0.95697474,0.0066099106,0.0034946203,0.0010430755,0.01946201,-0.014878035,1.0443166,0.9823891,9441.12,59.43994,193.33607,103.2696,40.87558,109.5457,-0.00016988466,96.55572,5302.3413,DOS-TCP_FLOOD
19.80602,5.5020885,66.03754,15151.748,-0.0075870003,0.0063324063,0.0031426037,0.012203827,0.040728748,-0.006731278,0.022738855,0.9455934,0.16990484,-0.0015456602,0.13857518,0.05936642,0.19853085,0.0055714697,0.011249684,-0.035301723,-0.0037754886,-0.0059072208,0.9789051,-0.00519365,0.00038708095,0.009120546,0.014584538,0.0013367459,1.036909,0.9900331,8384.408,58.815502,198.05183,66.92255,32.726044,76.52017,-5.1229857e-05,95.341354,9273.332,DOS-TCP_FLOOD
19.785725,5.9229307,64.78587,8332.879,0.04239826,0.0010134949,-0.011590635,0.0109499805,0.0066624526,0.0051956642,0.034088455,1.0351973,0.28809014,0.1883038,-0.07095845,0.0718419,0.01140333,0.008567464,0.021982566,-0.008328114,0.00408303,-1.9045547e-06,0.9958056,0.014884933,-0.013979889,0.012788959,-0.01930219,-0.031109966,1.0092463,0.977304,7230.5405,59.252937,192.31436,83.39475,37.473007,90.01678,0.00017090901,100.85745,7933.063,DOS-TCP_FLOOD
19.747173,5.5354967,64.10444,16600.738,-0.0055176113,0.062246498,0.029807974,0.0010799112,-0.012410648,0.016971115,0.024712559,-0.059149265,0.9276766,0.0002666004,0.019845936,0.11146104,0.008126261,0.027941464,0.044865664,-0.014758373,-0.017809883,0.0021159695,1.0002418,-0.015241018,-0.03748273,-0.03235201,0.026343923,-0.02783142,1.0189444,0.9660297,6776.643,60.341328,207.97241,73.63637,70.864105,99.915474,0.00017723044,97.72967,22461.492,DOS-TCP_FLOOD
20.071363,5.8099394,68.89722,9769.828,0.0070255436,-0.0011343247,0.04517977,-0.020523638,0.05137305,-0.041663468,0.012407702,-0.13927782,-0.063149504,-0.08873354,0.7353074,0.1614688,-0.0052296775,0.00062900595,0.0008471031,-0.0033430709,0.009189839,-0.0112792235,1.0159882,-0.011427237,-0.008077405,0.0035318849,-0.017759506,-0.03830854,1.0380738,0.9904631,7170.4453,60.06238,31.026733,87.29309,1.958889,75.524055,-3.768959e-05,96.34138,1753.6455,DOS-TCP_FLOOD
20.522041,5.4505424,64.881325,24644.81,-0.0038384087,0.015116914,-0.025864169,0.010693537,-0.009251423,0.00029903196,0.0073516876,-0.14734697,0.3212692,-0.017042994,-0.1196969,0.097869344,0.015584785,0.028796056,-0.0032851566,-0.012471875,0.013251688,-0.0018426683,1.0558648,-0.024353532,0.0020831102,-0.00963251,-0.017533716,-0.032420114,1.007032,1.0035594,8019.467,59.7709,256.01544,115.0374,41.252747,112.06117,0.00017582941,103.37511,14372.817,DOS-TCP_FLOOD
19.449572,5.5953746,63.26787,13647.148,-0.00023007393,0.004762622,0.02043708,0.005175618,0.006196743,0.018172024,0.015668955,-0.11009824,0.2425339,-0.02178547,0.029255839,0.11872154,-0.0016374491,0.0078095584,0.00011506956,-0.023325255,0.01835226,-0.014552463,0.98633575,-0.023194421,-0.0048745656,0.011332138,0.01914063,-0.004917523,1.0254308,0.9769762,7894.083,59.879665,19.019592,54.726543,-3.2389965,65.438515,0.00017051212,99.23087,259.12598,DOS-TCP_FLOOD
20.40183,4.491898,61.504044,22049.473,-0.01760758,0.0050091567,0.005477874,0.0052328105,0.017951056,0.03462817,0.021368748,0.12002456,0.049013995,-0.051567,-0.011772792,0.15813386,0.008739363,0.0038574357,0.0028562266,-0.033227876,8.510426e-05,9.600073e-05,1.0558184,-0.044098523,0.020199653,0.028882634,0.025921915,-0.027426632,0.99937373,0.95918083,6151.9414,59.380226,399.29364,91.28374,90.32577,98.5654,0.00026834584,100.91216,17256.232,DOS-TCP_FLOOD
21.554457,5.566369,63.817234,9751.104,0.011800005,0.0038476095,-0.022306386,0.024240645,0.08146959,-0.010068453,0.012697116,1.9526258,0.12978649,-0.03886457,-0.03274419,0.09657991,0.21501003,0.015730882,0.029182786,-0.0036240695,-0.008409437,-0.027650021,1.0036871,-0.016556844,-0.043248855,0.025896141,0.0054459553,0.023869814,1.0194219,0.98473597,4531.0864,60.236103,67.37805,12.5344925,14.057247,13.27066,9.7707845e-05,95.00372,-449.75696,DOS-TCP_FLOOD
20.16443,5.8205,66.849304,17201.5,-0.026727805,0.037781063,0.0032811216,0.01068134,-0.0065450612,0.024954885,0.019866543,0.4232093,0.7368127,-0.023456596,-0.06078707,0.06453361,0.025604302,0.023623036,0.017024891,0.025697425,-0.020130176,-0.0015056413,0.9700104,0.008526849,-0.035465058,-0.009905634,0.024278767,-0.01977958,1.019221,0.9943251,4445.4844,60.72452,71.87222,25.191353,8.938613,51.131798,8.067762e-05,97.34762,-1851.0007,DOS-TCP_FLOOD
20.479404,5.05455,63.72895,21628.072,-0.0057140924,-0.0073689483,0.004439263,0.010880509,0.031127986,0.008362374,0.016205154,6.5023575,-0.38003546,-0.034906633,-0.0065656006,0.12267276,0.0020901498,-0.0042222673,-0.0151179,-0.038481474,0.008239843,-0.050618723,1.0324876,0.014053723,0.0015591411,0.05177626,-0.016111234,-0.0092327865,1.0169944,0.9756427,6966.1226,59.848484,317.81598,77.84898,60.783623,75.17746,0.00019385618,99.91127,3562.5354,DOS-TCP_FLOOD
18.732428,6.5854135,61.025433,8849.068,0.0028564222,0.004891535,-0.0089711035,0.004156645,-0.08298063,0.0052927034,0.015402414,0.011989653,0.18205294,0.06746729,-0.027311632,0.03394227,0.043065615,0.031639583,0.05442275,-0.0037592603,-0.01763504,-0.031345278,0.92803633,0.08496262,-0.031289972,0.012603714,0.00022893306,0.0059253257,1.0248226,0.97077763,4986.0215,61.466473,18.779526,61.181164,7.870861,66.58423,0.00023094707,99.401855,796.3336,DOS-TCP_FLOOD
19.188347,5.558308,72.53248,5906.89,-0.012598447,0.025274826,-0.020651652,0.013169867,-0.026512327,0.012581925,0.04129633,0.3925587,1.0869868,-0.055448204,-0.012101903,0.05501294,0.11912625,0.029573273,0.00097381417,-0.022685431,0.0035869377,0.016081465,0.9753425,0.02801147,0.017584622,-0.025048556,-0.006856271,-0.058665246,1.0285776,0.99048823,7386.758,59.870598,470.51764,89.40387,84.50701,96.58365,0.0006482286,101.42645,25741.727,DOS-TCP_FLOOD
21.524841,4.3043566,63.998997,18540.559,0.014520556,0.0033761864,-0.031723145,0.0073152753,-0.053222485,0.034525473,0.027641421,0.082592905,0.27087075,0.014408285,-0.094569266,0.1264325,0.011419144,-0.0027750712,0.01722221,-0.04272057,0.010290992,0.00088192057,1.0919657,-0.027524067,0.056414533,0.02304232,-0.04420147,-0.06410993,1.0174263,0.97133386,5683.8164,58.98371,547.72565,44.070946,67.46005,83.61919,0.00039197755,109.83838,7136.0195,DOS-TCP_FLOOD
20.223839,5.637853,63.708942,12215.518,0.011039208,-0.0062271045,-0.0036844797,0.0028001927,-0.019632787,0.0039723264,0.0039416295,-0.38146532,0.085504964,0.030790005,-0.10292618,0.11656404,-0.012333124,0.008564288,0.02945552,-0.0048754737,0.0055503054,-0.021608938,1.0012062,0.022095583,-0.0010054978,0.027633263,-0.008720927,-0.01623077,1.012011,0.9749133,7358.6387,60.015465,45.257156,86.001205,0.27264404,102.08622,0.00093562744,100.98926,-3095.3281,DOS-TCP_FLOOD
19.886137,5.140855,64.083786,23111.0,0.025900718,0.004807273,-0.020946702,0.01854953,-0.03475657,0.02291653,0.060483962,-0.5497136,0.27013516,0.037453093,-0.14011192,0.10282002,0.0033825324,-0.0061977794,0.0333519,-0.004124525,-0.029798897,-0.013513368,0.99746,-0.021174345,-0.00874947,0.024808312,0.0110686375,-0.0380494,1.0224671,0.98138905,8181.5767,59.989872,2.974228,72.00574,-22.369377,75.5039,3.105578e-05,102.226295,-8629.644,DOS-TCP_FLOOD
20.813288,5.2914395,63.561386,17850.535,0.013189765,0.00061646104,-0.027183454,0.0064332485,0.015759684,0.024019293,-0.0097148735,0.56591547,0.21527685,-0.0003252551,-0.08650312,0.11272304,0.07391933,0.030155592,0.015325443,-0.004472905,-0.00055626966,-0.018818041,0.99773973,-0.013955286,0.013499336,0.035182577,-0.014599368,-0.023721026,1.0141482,0.9904446,5519.3237,59.337936,62.105453,42.73815,19.516659,71.22234,0.0004909792,100.19563,2910.3284,DOS-TCP_FLOOD
18.581013,6.8255615,64.757545,10377.389,0.008628526,0.0108425785,-0.008973953,0.0008158739,-0.01866167,0.011128956,0.014422594,0.43509114,0.48924085,-0.003562104,-0.053348042,0.065946385,0.0037849632,0.029659625,0.027933188,-0.018227044,-0.010977682,0.004084017,0.9072516,0.06539174,0.008610647,-0.0074176206,-0.024808645,-0.03758942,1.0259058,0.9788897,6950.9883,59.562126,63.65709,71.942604,1.9581861,85.7042,5.3245793e-05,98.085754,-402.78754,DOS-TCP_FLOOD
19.18632,6.0981402,63.59287,13488.383,-0.015144393,-0.00043308362,-0.0032977061,-0.0074752034,-0.020474508,0.0033303471,0.015271749,-0.32914746,-0.08644597,-0.072157525,-0.055016942,0.13199703,-0.014169163,-0.0053669233,0.0021291338,-0.012738159,-0.00038498547,0.0012711063,0.9794977,0.014058875,-0.009232114,0.005253197,0.00527652,-0.03686616,1.0244777,0.9828838,10270.331,59.81111,206.49213,117.354706,56.890053,120.737495,0.00011742499,99.77098,9132.269,DOS-TCP_FLOOD
18.784046,6.782225,64.41464,18705.547,-0.021474436,0.0006320365,0.014652239,-0.000776112,-0.032714255,0.023613235,-0.0008094683,-0.8181896,0.18043447,-0.009756693,-0.038030155,0.060000528,0.0047608023,0.029839616,0.027122017,0.009435149,-0.02699296,-0.020099336,0.94285315,0.044207517,0.001711736,-0.00043475535,0.014913214,-0.015882716,1.01171,0.99029714,5714.5537,61.18099,157.73297,64.677895,35.166363,93.87988,0.00015890875,99.91769,2676.6467,DOS-TCP_FLOOD
21.839727,5.3744373,67.37702,16913.6,-0.003414629,0.0060470663,-0.044449203,-0.017710058,0.0027348874,-0.02678731,0.018886425,0.18216592,0.3446686,-0.040038045,-0.03793619,0.13890567,0.01602093,0.011269519,0.0116947,-0.015274166,-0.0013727043,0.00067139044,1.0533571,-0.03725459,0.028003283,-0.011108037,-0.04464986,-0.05750169,1.0372125,0.99252623,6538.2095,60.113297,239.1249,63.329002,33.445995,67.36339,6.703264e-05,104.94322,9983.723,DOS-TCP_FLOOD
20.393917,5.6088333,64.24537,33629.633,-0.011907619,0.010328879,-0.052919514,0.011674702,-0.03209179,0.0014230533,-0.03139415,-0.18120849,0.11615437,-0.004883874,-0.012481975,0.031812597,0.17516379,0.005552438,0.017179215,0.026960175,-0.010464945,0.0027560955,1.0083612,0.0063095707,-0.02093786,-0.010402562,0.0089150565,-0.010223863,1.0575964,1.0084049,7846.868,60.10528,98.35312,78.23267,31.094444,103.20537,0.0003355769,100.268486,-4152.3193,DOS-TCP_FLOOD
21.370996,5.4082246,64.5055,26193.477,-0.011834986,0.035421547,-0.03144571,0.0030350944,-0.019098248,0.028969796,0.0045741443,0.7258218,0.5233124,-0.031402383,-0.07497376,0.08705237,0.0045072604,0.008602616,0.016124068,-0.0048827287,0.004855208,0.0014110655,1.0258003,-0.028670017,0.020732822,-0.017433193,-0.012837507,-0.036272638,1.0292199,0.99493796,6037.7925,59.915466,149.1694,39.44476,14.674147,67.46233,6.2195584e-05,103.18045,6134.603,DOS-TCP_FLOOD
