Header_Length,Protocol Type,Time_To_Live,Rate,fin_flag_number,syn_flag_number,rst_flag_number,psh_flag_number,ack_flag_number,ece_flag_number,cwr_flag_number,ack_count,syn_count,fin_count,rst_count,HTTP,HTTPS,DNS,Telnet,SMTP,SSH,IRC,TCP,UDP,DHCP,ARP,ICMP,IGMP,IPv,LLC,Tot sum,Min,Max,AVG,Std,Tot size,IAT,Number,Variance,Label
32.794235,5.2937875,86.87873,568.6387,0.0005620066,0.23774853,-0.045537647,0.30943498,0.8279424,0.010911213,0.03960798,71.33463,21.83446,2.7570686,0.5566618,0.59963554,0.036815073,0.023126189,0.025429782,-0.008722687,0.020594995,0.0126875555,0.96678126,0.062018342,0.0245763,-0.0038931589,-0.014096407,-0.057123616,1.0201343,0.9695725,32026.104,62.919353,1871.3989,290.81223,463.19092,334.47415,0.0015814375,90.47298,249079.47,DOS-HTTP_FLOOD
33.623642,5.578018,65.26754,2915.0098,0.044083968,0.284137,0.0075530233,0.20410924,0.6830228,-0.01151742,0.024107585,66.38007,28.845587,4.233256,3.7767086,0.8576101,-0.02072581,0.02849261,0.052347943,0.061837636,-0.003851226,0.028568286,0.9556403,0.0065826415,-0.058891136,0.014244695,0.036812633,-0.05281415,0.9681145,0.9235756,57002.758,60.07635,2425.257,548.04987,702.68335,584.8659,0.0015377942,101.85305,639699.9,DOS-HTTP_FLOOD
33.20775,5.4986033,80.00249,4409.3687,-0.012852445,0.21701442,0.040639505,0.29052684,0.8347294,0.020782191,0.05699959,85.545616,20.46461,-0.08609255,2.483765,0.48880833,0.11151798,0.055664737,0.042352125,0.0878574,-0.005870713,0.0035364507,0.94207275,0.029568365,-0.078415714,0.014864847,0.0023936294,-0.03475726,0.9809084,0.9661872,62985.684,60.409645,2991.8232,493.9894,710.1964,541.88965,0.0011346707,104.15899,591691.5,DOS-HTTP_FLOOD
28.00496,6.793804,78.86943,-3974.5806,0.030618027,0.15604523,0.1737374,0.18940197,0.5547734,0.059150163,0.0343265,63.98981,15.120689,3.0398107,15.557088,0.6880915,0.015565095,0.034030348,-0.00031912234,0.03519353,-0.05528504,0.034028336,0.87826955,0.13310826,-0.0040956447,0.0679255,-0.023147002,-0.059696212,1.0285515,0.97414005,42062.883,61.600403,3087.8145,335.91034,653.5359,350.08917,0.0045086597,99.082924,398719.1,DOS-HTTP_FLOOD
24.363178,7.624645,65.816185,-3468.3818,-0.034860626,0.08377782,0.26870963,0.13438931,0.44545913,0.044919908,-0.019744795,49.046318,6.9322085,0.6093467,18.50335,0.66209245,-0.026441095,0.017645443,-0.02481391,-0.029821789,-0.03436927,-0.026614074,0.81245345,0.10890404,-0.02561897,0.0041676583,-0.0066473195,-0.054611996,1.0825678,1.0179622,60169.324,60.481853,2362.2131,676.95996,690.2776,680.68964,0.0023455191,96.683464,459913.84,DOS-HTTP_FLOOD
27.607319,5.8106356,61.80721,32599.85,0.002337424,0.16658966,0.5064928,0.09734958,0.705211,0.0042359433,0.09232878,85.927826,14.918522,0.48400152,19.917366,0.34654492,0.14261562,-0.018039653,0.035526324,0.04267622,-0.11304073,0.011371401,0.9296297,0.0024617983,-0.02000476,0.11004372,-0.03422781,-0.087072335,0.98824215,0.9984139,44130.94,59.428047,2246.7837,545.3175,648.092,520.2244,-0.00020252033,114.377975,561857.1,DOS-HTTP_FLOOD
30.781963,6.039454,60.697334,14164.104,-0.057182495,0.21503368,0.075608075,0.07707268,0.6120568,0.04527077,-0.08534204,67.65032,21.207436,-0.28372166,5.471878,0.5560314,0.09434566,0.027413743,0.044412967,0.12093985,-0.025941955,0.053644754,0.91698855,0.036681578,-0.097403295,-0.017305136,0.014853038,0.015869506,1.002731,0.9190315,66650.44,60.86771,2091.7246,622.0065,644.12415,605.4832,8.268752e-05,101.73133,631477.7,DOS-HTTP_FLOOD
25.743654,7.067953,65.9076,768.0786,0.041586325,0.183569,0.34589633,0.045018215,0.5843669,0.011187723,0.051434077,75.2542,19.564598,1.6092687,18.81264,0.21293691,0.1543677,0.03504148,0.04764503,0.028015353,-0.04432001,-0.07604764,0.81533456,0.11897294,0.00023554545,0.07155077,-0.047804534,-0.062510535,0.96879494,0.9723183,18913.197,59.204357,1098.4255,154.9477,244.40503,158.8824,0.004362343,102.31554,107825.11,DOS-HTTP_FLOOD
22.292871,10.94565,63.57976,19472.709,-0.06094122,0.20622407,-0.08438889,-0.013418443,0.48855308,-0.044328082,-0.032390524,63.490536,16.574429,0.3698119,0.5244423,0.15107583,0.24370156,-0.0068095652,-0.05544337,0.114475265,0.009055337,-0.15833123,0.65471417,0.19938287,-0.19696303,-0.10251101,-0.0024403352,0.15074436,1.0891093,1.1406198,60646.945,179.76003,2279.249,700.4682,318.19897,806.9846,0.0005304111,116.41633,291997.12,DOS-HTTP_FLOOD
25.092619,8.244274,52.93566,-1736.0635,-0.094679184,0.18800214,-0.0016397377,0.39848146,0.32166153,0.060761698,-0.020126814,52.9343,16.80553,1.2689768,8.551113,0.56631064,0.030252764,0.049259678,0.020672746,0.061720017,-0.016807428,0.028383672,0.70843357,0.16884102,-0.04434999,0.13753602,-0.001219837,-0.008353283,1.0049368,0.86952806,83620.88,59.474796,3461.8875,749.17706,999.5553,792.54614,0.0045747026,99.17955,986182.06,DOS-HTTP_FLOOD
27.672352,7.77448,66.524506,-199.47803,0.0054234173,0.23145132,0.20702793,0.18085669,0.497843,0.056185357,0.031170204,60.653263,23.515144,2.725203,19.176157,0.48906958,0.23029362,-0.00071872957,-0.014188334,-0.006460175,-0.051949233,-0.0026531843,0.87195814,0.08195138,-0.014931722,0.049696006,0.0047913613,-0.037944987,0.9701863,0.96154404,42646.508,58.46647,2286.9265,404.04117,630.6804,409.39917,0.0035428866,105.97353,470078.75,DOS-HTTP_FLOOD
28.04261,6.6850023,62.781128,6334.5396,-0.02726176,0.15362683,0.21023121,0.03832653,0.5736061,-0.008626959,-0.016858663,54.273426,14.360127,-0.011986959,7.85266,0.5954417,-0.014319739,-0.0038068602,0.073152915,0.020351604,-0.024223737,0.059689876,0.8639026,0.00026491284,-0.045083538,0.025387406,0.026632763,-0.025930028,1.0340443,0.95985997,62673.312,61.14179,1875.3473,500.26678,585.168,560.8761,0.00016633855,96.77011,571485.4,DOS-HTTP_FLOOD
35.510063,5.71035,73.07438,1232.0535,0.052667744,0.20794633,-0.007740382,0.29331145,0.89912266,0.07253918,0.042431258,94.76713,21.205181,2.281066,1.0326754,0.7083583,-0.018419223,0.06875543,0.018317029,0.0745667,-0.009167969,-0.06369607,0.99898016,0.057470936,-0.048887018,0.025413875,-0.049228486,-0.060680397,1.0054822,0.98425376,73981.17,62.003193,3399.3638,684.0649,917.13617,714.7828,0.0013205521,101.8111,927792.1,DOS-HTTP_FLOOD
26.886005,6.603783,67.689705,10947.314,0.056615084,0.16383684,0.24173625,0.17294101,0.6845225,-0.017820816,0.049370434,77.01806,16.344418,1.688322,14.948611,0.556279,-0.022056198,0.04006574,0.052634127,0.0036634086,-0.048736587,-0.030631576,0.883131,0.06777439,-0.01999082,0.053947076,-0.028249986,-0.07750519,0.967431,0.94644034,32135.57,57.09569,1789.0789,259.82812,414.4607,257.44003,0.0037455854,98.24315,243524.58,DOS-HTTP_FLOOD
34.121582,5.903944,71.25334,7437.8076,-0.045714226,0.33670834,-0.06674455,0.15528725,0.61857694,0.0020050984,-0.018391687,59.537384,27.238022,-0.15696703,0.30665118,0.5404964,0.013304112,-0.00487234,0.01439877,0.077402405,-0.028316677,0.012567005,0.85660595,-0.0051266057,-0.03724295,0.033770125,0.07845498,-0.020880468,1.0545297,1.0065414,62995.36,75.65636,1942.332,538.285,575.8691,612.65186,1.1741926e-05,102.4644,446779.88,DOS-HTTP_FLOOD
28.150198,6.83043,66.22199,2625.781,0.021348668,0.108072236,0.086206205,0.1952788,0.75696135,-0.008176862,0.03669832,82.414986,9.204161,3.826232,8.062407,0.6770068,0.068263724,0.018670972,0.01106727,-0.04480333,-0.02708751,-0.06133728,0.8642372,0.020441292,-0.0132322125,0.060778923,0.00086117536,-0.043677617,0.9710057,0.99120843,61926.016,57.890163,2318.972,453.0344,597.4864,459.53104,0.0003629513,107.92025,416310.5,DOS-HTTP_FLOOD
34.23301,6.1598597,68.93808,7609.709,0.012024822,0.36457762,0.043325998,0.0879591,0.6628538,0.057309758,-0.008717798,59.507256,35.17043,2.1704807,7.6598763,0.38757217,0.5887613,0.033599406,0.028857954,-0.015494382,-0.077357076,-0.03624374,0.9575263,-0.013502208,-0.01816582,-0.00969717,-0.012281611,-0.024915408,0.9697398,0.987365,57200.195,62.420654,3029.4055,630.3556,741.94415,626.84393,0.00045951197,102.90467,596652.3,DOS-HTTP_FLOOD
32.92519,5.6179175,86.89432,20606.844,0.0161583,0.19093972,0.22011155,0.11386992,0.8906973,0.017270807,0.057033837,96.97953,22.076164,-0.32928538,5.4769144,0.54548323,0.0023643847,-0.011095483,0.05456325,0.07830531,-0.031803973,-0.017478002,0.97100186,0.07913493,-0.046080694,-0.020356357,-0.020833591,-0.028189458,0.9662514,0.94033605,67334.12,56.122784,4185.422,641.72815,886.37177,611.7333,0.0011179419,98.76719,792109.0,DOS-HTTP_FLOOD
24.860537,9.152661,102.6273,9712.064,-0.008372691,0.24744442,0.1445161,0.12423267,0.32402867,-0.026313998,0.014961397,50.83292,23.149984,-0.06133244,12.582374,0.040162355,0.33217555,0.06906828,0.12745771,0.035120215,-0.05954127,0.021148298,0.65323925,0.1803424,-0.044677876,0.1325941,0.020546598,-0.021581333,0.96277916,0.9019088,45471.81,58.011833,1948.1592,414.91168,499.69067,435.32083,0.006431581,103.62496,372685.53,DOS-HTTP_FLOOD
37.04895,6.4782395,67.780815,63319.543,0.12721574,0.25920144,0.038175486,0.43795878,0.92644376,0.04858052,0.028039915,93.93447,27.118998,10.421598,6.794381,0.76129365,-0.056913067,-0.0045098597,-0.0153042525,0.02399238,-0.02039976,0.023922788,0.9746373,0.010699041,0.043788545,0.056817025,-3.553927e-05,-0.058470227,1.0253472,0.95180655,71256.26,62.833202,2660.6326,774.00433,796.4679,745.5837,-0.0010435613,102.89694,690485.56,DOS-HTTP_FLOOD
28.127914,4.9300056,61.16521,16234.629,0.00090172514,0.15858285,0.45044762,0.1424598,0.5833059,0.08473396,0.04468593,71.983604,15.409197,2.2296622,19.866163,0.52857065,0.08994444,0.017080354,0.027138397,-0.035938874,-0.023309758,-0.04862637,0.95968556,-0.0032040772,-0.009702023,0.009905583,0.012664892,-0.056969035,1.0128075,1.0179675,47688.066,60.632298,2273.9639,580.76855,674.03094,565.5883,-0.00038105383,110.40448,481904.38,DOS-HTTP_FLOOD
27.65665,5.907913,57.662025,1770.6392,-0.009996722,0.15604365,0.054055076,0.28310013,0.40942004,0.06504114,0.009797592,49.54461,14.252652,2.4957218,16.370266,0.83031666,-0.023497848,-0.015819047,0.022056969,0.023274275,0.0021128682,0.059134383,0.81965065,0.05495145,-0.02121371,0.027442347,0.028336141,-0.050598796,1.0393374,0.9235039,83164.15,61.41771,3314.1826,883.12634,956.1018,861.6829,0.0005167352,94.643684,946136.4,DOS-HTTP_FLOOD
25.802906,7.906455,97.13958,7620.1943,0.072241984,0.05098591,0.10838924,0.04371671,0.7511693,0.0032121195,0.050331634,89.82659,6.200006,4.9959393,3.5551958,0.50766844,0.009684302,0.02590879,0.022567015,-0.024623975,-0.06265897,-0.08482128,0.8031469,0.19394872,-0.027959928,0.039729856,-0.0267787,-0.05754942,1.0362623,0.98733574,48817.867,60.250313,2223.6162,520.25323,525.2237,502.40186,0.0009221451,100.54901,310144.44,DOS-HTTP_FLOOD
28.699759,6.655895,73.06002,-2793.3828,0.024934355,0.2161815,-0.014736434,0.194373,0.6019855,0.022617856,0.018966857,69.99585,21.070597,4.9083753,5.575879,0.66592866,0.07728576,0.048679836,-0.053320073,0.10577695,-0.025113601,0.018936865,0.85098207,0.12882681,-0.0032412773,0.047841165,0.00675119,-0.03607988,1.0388557,1.0013329,68916.48,63.66712,3529.8909,672.1494,840.6264,681.064,0.0034917125,104.700356,649632.56,DOS-HTTP_FLOOD
26.071869,6.726806,81.573715,-3198.6777,-0.023854159,0.20677908,0.20777258,0.07088342,0.5446409,0.06494866,0.008387956,69.05998,24.238068,1.1940913,14.016487,0.50039333,0.026845736,0.045774464,-0.020321205,-0.020403482,-0.10790227,-0.06950449,0.7990677,0.17360811,-0.030811433,0.014904087,0.021070812,-0.029384976,1.015819,1.0122042,52073.324,61.338093,3299.975,514.4793,700.1682,482.244,0.0026806423,106.77886,442034.03,DOS-HTTP_FLOOD
29.650608,5.3185706,89.546875,2770.9912,-0.029415328,0.21188311,0.18929346,0.18712772,0.831456,0.03819502,0.11137412,89.381966,18.59404,-0.18245555,6.475449,0.4143494,0.16497679,0.000982089,0.044008188,0.04616976,-0.03154874,-0.023748536,0.93954754,0.036347143,-0.035660606,0.01070866,-0.040478986,-0.07775765,0.9702575,0.9423711,48860.824,55.298985,2923.0776,394.05,651.86084,432.75522,0.002701069,104.620186,466442.1,DOS-HTTP_FLOOD
26.237843,9.604981,67.35911,44875.977,0.010027633,0.2217112,0.2596488,0.23963304,0.4592962,0.041804407,0.09496522,73.37489,24.558641,1.3694155,19.417612,0.49668398,-0.008821492,-0.09088923,0.054073565,0.09205757,-0.057849787,-0.014698729,0.80037576,0.14707989,-0.020086829,0.12744078,-0.10223616,-0.1461354,0.9489352,0.9550482,60285.477,55.311516,2996.0542,573.14075,740.1078,606.1276,0.0024239852,111.55145,622495.2,DOS-HTTP_FLOOD
36.085518,5.125446,80.91907,2820.3164,-0.0022924412,0.19488202,0.004599185,0.5512506,0.89475644,0.015709208,0.0044774334,92.98408,17.665428,3.272304,6.328228,0.7320372,0.15803291,0.0038587255,-0.025099926,0.036580868,-0.017913472,0.015045151,1.0256835,-0.028722249,0.02099837,0.00855327,0.006195451,-0.019498993,0.99985665,0.98284787,104759.375,64.35321,4005.747,1065.4171,1054.8789,1042.9363,0.00078843563,111.19012,1.0878595e+06,DOS-HTTP_FLOOD
25.115837,8.453621,74.650986,8035.7617,-0.017224945,0.08296627,0.046171468,0.053831615,0.6976991,-0.020034557,0.06352115,71.98281,7.06876,0.43082035,2.7826452,0.43314958,0.037490472,-0.0077197743,0.036585428,-0.037323438,-0.06636015,-0.040258236,0.8112946,0.106246985,-0.03920772,-0.012255222,-0.015748251,-0.02956324,0.9938352,0.9990089,64392.594,57.617638,1548.283,582.8205,477.0908,599.4437,-0.00023889287,93.46166,317755.3,DOS-HTTP_FLOOD
31.995985,5.7866035,58.021824,44189.49,-0.032838933,0.1694271,-0.061705224,0.2042162,0.72277457,0.037127517,0.042479105,92.351105,15.22601,4.914626,9.260623,0.63823074,0.5746059,-0.082366854,0.05024685,-0.15015323,0.03819467,0.07415837,0.90965396,-0.09468718,0.03431309,0.20567712,-0.10446912,-0.028034309,0.8250949,0.825497,63769.32,55.504616,3233.1218,521.5703,727.75055,616.09015,0.0085417675,132.51996,616154.06,DOS-HTTP_FLOOD
23.480856,8.497809,62.794563,7505.241,-0.024421707,0.107236736,0.30847082,0.04044167,0.3512058,0.05127822,0.06086884,51.200745,10.053654,0.33430123,18.066227,0.44198626,-0.018494729,0.043729745,0.059037067,-0.050004974,-0.07351451,-0.033718187,0.7612461,0.09091799,-0.02253849,0.048645813,0.00018055551,-0.020474961,1.0198374,0.93950546,37622.773,59.719154,1137.4625,316.43936,343.32895,353.47952,0.0021182774,103.13102,202834.23,DOS-HTTP_FLOOD
28.436356,5.730894,60.750763,25530.395,0.015757235,0.46356526,0.55328584,-0.01125222,0.54474926,0.067324474,0.07266624,58.611565,28.383041,-0.20045249,16.755188,0.019587586,0.035456695,0.04203199,0.03480028,-0.04928498,-0.027543835,0.02849232,0.9889038,0.024391552,-0.0020290236,0.033689808,0.0032165414,0.013820335,0.9647299,0.9596012,5007.55,60.21523,95.39351,92.103386,-17.245945,50.562176,-6.777175e-05,88.55231,9723.109,DOS-HTTP_FLOOD
27.133518,9.200011,109.26785,5909.4404,-0.0409765,0.2257909,-0.0009011943,-0.08779696,0.52799535,-0.02177447,-0.0044320826,74.746445,21.134508,1.6287678,0.95884025,0.41323853,-0.0068337633,0.051354207,0.016652388,0.03203861,-0.046915334,0.06208917,0.7945168,0.17685822,-4.4920016e-05,0.0920925,0.060227517,-0.08889758,1.0530894,0.9858492,49406.07,64.40425,1207.3379,372.16614,329.59848,418.38016,0.0036950936,103.60739,192967.86,DOS-HTTP_FLOOD
29.454807,6.567605,66.10377,4518.2754,-0.026698058,0.13249825,0.16958603,0.13535975,0.57902825,0.017938418,-0.0013244222,54.723076,12.56898,0.11572239,16.309162,0.6453273,-0.009750762,0.0074210945,-0.01044969,-0.023243213,0.00091290567,0.027854998,0.90110415,0.021015167,-0.022191148,-0.037248235,0.01287028,-0.010653128,1.0221598,0.964777,54127.418,69.76787,1659.8555,532.62335,588.2538,532.7417,0.00027563004,97.69049,433125.3,DOS-HTTP_FLOOD
29.32652,9.557125,69.989265,40865.36,-0.007672924,0.46121415,-0.12778202,0.15495725,0.5659191,0.06771563,0.060542792,81.65998,35.95552,0.9684059,0.6190053,0.30386356,0.059823938,-0.045594804,-0.008195335,-0.1333035,0.048326045,0.06178942,0.60783535,0.06761856,0.05165281,0.13309169,0.028840618,-0.084263645,0.9814459,0.9529302,69672.05,55.03244,2272.4397,455.8023,506.8595,603.0921,0.00076069677,123.255585,435798.34,DOS-HTTP_FLOOD
31.393473,5.6547003,67.60372,3385.131,0.037978746,0.16494949,-0.0949245,0.1321891,0.7567161,0.021697942,0.03814185,76.273865,14.66959,4.0598955,0.39292884,0.5753721,0.34846213,0.033277057,0.00079237856,-0.0026887562,-0.016328856,0.04388749,0.88903517,0.04845997,-0.037924856,0.018696353,0.02984947,-0.038987014,1.0046909,0.96650726,49381.41,60.330685,2312.8926,397.35403,566.30566,427.8672,0.0012288296,102.926155,390056.1,DOS-HTTP_FLOOD
27.124447,6.5882983,65.06154,-3946.0767,0.0062282756,0.11879223,0.16628543,0.16879928,0.8577015,0.023983248,0.0683494,87.04308,12.521286,3.02649,6.077303,0.40059835,0.23926397,0.06623565,0.0074249734,0.0025210064,-0.051052086,-0.086970285,0.92674005,0.09485875,-0.03827323,0.019061903,-0.0016416982,-0.07546717,0.95902723,0.9872084,40661.87,57.32642,1373.9646,261.2232,321.336,265.63766,0.000336895,98.27181,157309.86,DOS-HTTP_FLOOD
28.811207,6.426244,67.53013,6539.6084,0.07442795,0.24068932,0.37289426,0.12978028,0.65039456,0.015472263,0.012714741,62.562084,17.44051,0.5126532,14.978521,0.3694265,0.030504236,-0.041201934,0.09244463,-0.039621335,-0.02974407,-0.018416876,0.9312193,-0.0024325845,-0.0780485,0.010410071,-0.049610555,-0.03750213,0.96426296,0.94391984,34738.363,59.166595,1430.9054,203.91428,370.05164,221.7233,0.00023180248,92.94067,262475.75,DOS-HTTP_FLOOD
34.202805,5.522559,64.91511,7204.7314,0.001442749,0.16741884,0.2297273,0.29089522,0.90336436,0.021275505,0.056090757,90.21895,13.3395815,-0.14549491,12.147102,0.69719934,0.029984647,0.023582635,0.03330259,0.010710567,-0.016038321,0.029401269,1.0696324,-0.06387591,-0.051684357,-0.04993561,-0.028663356,0.026735209,1.0006948,0.95258546,55715.34,61.369293,1989.0092,545.8757,641.24274,554.0039,0.00023867616,103.3965,590616.75,DOS-HTTP_FLOOD
39.86873,5.4045596,63.620213,14217.641,-0.017465264,0.54139966,-0.13822132,0.17517999,0.77455485,-0.008154374,0.049382787,80.83291,34.708584,3.743575,0.7624738,0.3894546,0.5098352,0.0734049,0.050704107,0.030448772,-0.021117337,-0.002466864,1.0283183,-0.074105896,0.031554934,0.083088696,-0.035575245,-0.014069684,0.8748803,0.9200505,40507.01,63.82176,1382.8284,294.71338,371.60358,339.56686,0.00052065036,104.12805,343735.34,DOS-HTTP_FLOOD
28.354362,7.7128553,69.33811,-2453.8252,-0.019137276,0.41985556,0.13788028,0.20105973,0.35744932,0.081291035,0.051355742,41.209923,33.81593,2.0560446,9.33343,0.33580768,0.27843896,-0.044942092,-0.008021178,0.0047226716,0.008996193,-0.02208557,0.7891353,0.08558068,-0.08235887,0.06475656,0.034997225,-0.060943455,1.0258024,0.9898019,43492.777,58.77151,1674.6703,311.2898,409.9931,327.79718,0.001004027,103.515434,246669.12,DOS-HTTP_FLOOD
30.88903,4.85346,55.55504,7474.041,-0.012799416,0.6692684,0.19325498,0.025723875,0.21178144,0.011477644,-0.0685267,15.895724,34.749245,0.21961533,14.61524,0.18883958,0.22608633,-0.010158591,0.089780904,-0.09452752,-0.0144370785,-0.007251412,1.0549196,-0.058993492,0.009189559,0.06941334,-0.09609549,0.0034785084,0.97045755,0.968143,20263.371,60.503864,918.5335,155.06737,267.49045,191.8673,0.00047352235,84.57779,229299.11,DOS-HTTP_FLOOD
35.84694,4.948819,59.764122,3634.945,-0.07287586,0.29324248,0.2586519,0.29770714,0.8968477,0.075829156,0.056292955,85.37432,27.044983,0.0040855445,15.459605,0.49598795,0.06758308,0.0060226815,0.05669367,-0.01765985,-0.06486141,-0.00555777,1.0889025,-0.07914885,-0.016277678,0.02357509,-0.0122842975,0.00077252276,0.96663153,0.9616578,41351.168,72.21509,1341.4414,325.6744,397.0392,339.3686,-0.00026884506,100.54683,233586.0,DOS-HTTP_FLOOD
27.096695,7.3916736,84.701,81.745605,0.053244106,0.11737808,0.15165782,0.26189482,0.5584213,0.014775097,0.034871876,68.18446,10.439445,6.264673,14.02372,0.6983164,0.07931848,0.035681095,0.020259192,-0.027046094,-0.057503738,-0.010960865,0.86624503,0.07711711,-0.0057950746,0.08073001,-0.0014275685,-0.0066466816,1.0602762,0.9965531,73481.84,60.601295,3176.9143,728.59686,821.59674,750.04926,0.0022865061,107.55896,604064.8,DOS-HTTP_FLOOD
34.846844,5.7938023,62.233772,8435.354,-0.054112494,0.31779948,-0.00855631,0.14147402,0.76772225,0.0043779127,0.002962253,68.870995,26.585526,-0.20800425,0.13389626,0.49695235,0.027585724,0.100062594,0.03746238,0.09698883,0.043169767,0.0437269,0.9025605,0.025709657,0.027668355,0.014366283,0.006209272,0.0007445272,0.88135374,0.8015916,43406.65,90.70702,1273.3606,489.80817,442.78882,440.29327,0.0029758739,91.50074,305242.5,DOS-HTTP_FLOOD
29.2773,7.45439,67.62643,6022.8813,0.0987129,0.4958429,0.107744426,-0.0038511425,0.24393168,0.008401383,-0.07333176,30.594463,37.005547,1.7071238,12.890289,0.2278673,0.22329791,0.0063035404,0.05562055,0.009612817,-0.03514468,-0.02672012,0.8079467,0.11007094,0.03887453,0.08009851,-0.04087081,-0.03051005,0.9977512,0.9706262,33073.664,60.204937,1501.1433,329.17087,402.84296,350.32315,0.0015560326,98.10431,266026.66,DOS-HTTP_FLOOD
33.356403,5.0542808,68.573105,-639.96387,0.12131386,0.1733569,0.09705093,0.2466692,0.72195995,0.06928527,0.01838816,79.77823,14.511018,7.044264,14.386635,0.89172894,0.05836129,0.019348113,-0.008782292,0.014394933,-0.0010972237,0.0076832664,1.0145319,-0.008564869,0.0117715085,0.06690956,-0.049802415,-0.0131326895,0.9995367,0.96862423,78465.62,59.80686,5480.2856,626.07526,1104.622,597.32385,0.0036481142,112.197334,972849.44,DOS-HTTP_FLOOD
34.17299,4.03131,69.01557,3757.685,0.04304739,0.26927596,0.069371924,0.2837738,0.76638234,0.03555148,0.029820975,65.75168,25.255627,4.695644,11.099939,0.5722425,0.3304703,0.029696941,-0.0014488632,0.005855444,-0.012666309,0.031126745,1.0201746,-0.029952439,0.0025917194,0.04826166,-0.0006455276,0.0009851996,0.9637574,0.9708792,34820.867,61.42965,2247.6687,324.82214,531.5203,288.46768,0.0017952805,94.52961,333123.97,DOS-HTTP_FLOOD
36.510773,6.418688,80.49728,14482.008,0.07843366,0.24674724,0.057094116,0.34681663,0.96732455,0.07808153,0.042758256,105.058075,25.822485,7.229046,6.131212,0.82056415,0.10752889,-0.045384288,-0.098592825,-0.032604568,-0.040461928,-0.087258995,1.0121653,-0.027776077,-0.0072791283,-0.039642747,0.0014249375,0.04851228,0.9598841,1.0110686,87774.086,61.37597,3914.3875,897.0136,1028.3276,933.32526,0.00048966275,121.78519,840967.06,DOS-HTTP_FLOOD
32.785168,4.104988,62.426376,-3092.415,-0.035105575,0.18586427,0.09217961,0.14823829,0.82494205,0.043820195,0.0022182823,87.18306,17.104591,2.6251965,10.836387,0.70529467,0.192587,0.009511699,-0.00974941,0.09957597,-0.046777163,-0.05275082,1.051984,-0.003373537,-0.042364806,-0.0375221,0.0005690148,-0.04508187,1.0160263,0.99697685,91870.484,71.422134,4364.918,1015.79626,1087.4048,1034.0774,0.0021331515,106.68663,1.0502695e+06,DOS-HTTP_FLOOD
31.298971,6.5779896,68.802055,1739.5073,-0.017988995,0.20954667,0.07227632,0.3415318,0.71501845,0.014254015,-0.010274688,73.3858,23.837088,-0.0820467,5.2955112,0.5499994,-0.00489873,0.042916294,0.09890593,0.088792846,-0.038318716,0.02932978,0.89549446,0.12468612,-0.018619685,-0.0023750647,-0.0046881335,-0.0053494982,0.954984,0.9211955,73408.766,61.037098,4151.41,571.62396,877.1754,569.4592,0.0041104695,107.46886,839834.8,DOS-HTTP_FLOOD
31.295036,7.12799,66.03443,3208.8452,0.058695823,0.18692301,0.002132845,0.23547164,0.6801511,0.061073247,-0.044426057,72.00943,16.614126,5.5411005,4.288634,0.72844934,0.04168175,-0.0053445064,0.071327485,0.0036433805,-0.002812366,0.007794704,0.92186666,0.052435394,-0.029158618,-0.009740278,0.015485497,-0.058301765,0.9618234,0.96134764,72517.59,60.611805,2940.0308,648.1033,797.7828,676.8559,0.001614149,107.90195,941085.25,DOS-HTTP_FLOOD
29.4562,5.6309714,67.67709,1407.7009,-0.0017646514,0.24887417,0.31162214,0.18134621,0.6775832,0.03579063,0.012697679,72.037605,24.201727,0.31001282,16.605204,0.4546296,0.021587444,0.0032934593,0.029105045,0.015571454,-0.031367224,0.033946745,0.9323769,0.03206697,0.00038168393,0.03374212,-0.03468767,-0.055276472,0.9868216,0.961402,26894.523,60.26392,1621.1644,170.51642,366.92987,202.46204,0.003673741,97.04872,184469.86,DOS-HTTP_FLOOD
27.293213,6.9152217,92.06517,-1315.5698,-0.029393936,0.38888928,0.07453414,0.13943984,0.40818483,0.004282833,0.019224387,36.807823,31.998644,2.370297,4.856814,0.47907946,0.06536626,0.039247446,0.00034432393,0.03090781,-0.0025038049,-0.03343872,0.8544986,0.15233909,-0.03415477,0.017631384,-0.020700822,-0.070339955,1.0190908,0.9919279,37997.96,60.04186,2033.4926,439.48648,544.31946,445.0043,0.0021420796,87.43412,316760.25,DOS-HTTP_FLOOD
33.437435,3.7315135,60.37802,-2005.5894,0.06817774,0.032633275,0.30622026,0.23167065,0.97320896,0.027964864,-0.021018416,83.261635,1.4277859,4.5697184,12.598003,0.81145877,-0.014588021,0.010803783,0.0028650695,-0.027885325,0.020732906,-0.0017567677,1.0949506,-0.10725015,-0.013660694,0.02776931,-0.07471847,-0.019201556,0.97564894,0.9420897,48177.918,62.400234,1895.5278,406.26364,610.78955,375.89542,0.00085411913,93.47785,467034.34,DOS-HTTP_FLOOD
25.963654,8.061076,71.452156,-1306.4878,0.006304737,0.16564968,0.120125405,0.11958577,0.6268925,0.10639653,0.0067338394,83.169815,15.808524,0.40052062,6.3667803,0.5305096,0.04344556,0.0077407383,0.03857786,0.078821406,-0.06519195,-0.07677892,0.7861455,0.15589498,0.005651512,0.026356949,0.0012541749,-0.023270434,0.97476965,0.9447913,86989.41,58.040817,4163.617,836.50604,993.4446,824.70386,0.0056131976,103.387566,853454.5,DOS-HTTP_FLOOD
28.826622,7.369208,67.044266,3790.442,0.0787483,0.12912333,0.114186116,0.13132308,0.7863308,0.036212005,0.09268757,89.98578,14.294848,1.3509033,4.364024,0.4940474,-0.023479355,-0.021337222,0.02516485,0.006376505,-0.0260081,-0.02525843,0.8461077,0.19116601,-0.0360611,0.0036658114,-0.01701694,-0.07073504,1.0070769,0.94379056,35242.5,61.86344,1808.9136,346.7674,412.7048,358.9687,0.0034093296,95.50259,236918.78,DOS-HTTP_FLOOD
26.62697,8.363222,63.908512,3094.123,0.021890411,0.19765173,-0.09783721,0.081248775,0.5084796,0.010707508,0.0036485982,51.10861,16.28543,4.6539135,0.25194693,0.33344573,0.51876664,0.048471726,9.130221e-05,0.0056933844,-0.015204354,-0.0019410718,0.74631304,0.13483341,-0.04052642,0.072973385,0.011295796,-0.027942983,1.0323232,0.98164904,42853.04,57.964447,1030.8911,322.24414,233.45773,336.83316,0.000799925,93.87048,118594.27,DOS-HTTP_FLOOD
35.366478,5.7640047,95.64387,3113.2314,-0.0063243043,0.23813048,0.110719174,0.044859663,0.81840575,-0.0049088355,-0.042485066,86.45781,25.567379,1.9455485,7.10393,0.35037792,0.33749148,0.051507287,0.048460744,0.05320642,-0.08870558,-0.0053684553,0.98194593,0.06867594,0.016613306,0.029386867,-0.069254875,0.0054977927,0.946879,0.9107115,50384.44,61.877537,3319.5166,397.13107,706.2073,410.78577,0.004957003,100.58187,556267.7,DOS-HTTP_FLOOD
29.864946,5.679751,81.8908,-7596.482,-0.07983733,0.2639542,0.35498485,0.088792145,0.45596525,0.0017110276,0.016351297,49.487473,26.10765,0.088102065,19.846012,0.45673823,0.022631953,-0.02784533,0.0076866704,-0.0046369433,-0.053231303,-0.017825212,0.9274932,0.03325598,0.015320467,0.03159424,-0.009578745,-0.08352892,1.0221504,1.0081601,33515.875,66.47745,2426.0276,461.96524,700.87555,469.2413,0.0026143785,102.81664,437321.5,DOS-HTTP_FLOOD
32.915276,4.946082,57.424335,18193.54,-0.022947788,0.10645552,-0.12007189,0.4398566,0.79882467,0.021985026,0.020550609,76.77177,6.679073,0.8124958,0.6150999,0.78316903,0.038015533,0.03759295,-0.02664401,0.053741854,0.0043230783,0.08148007,0.9370293,-0.092371516,-0.039593667,0.053936373,-0.00069048256,-0.018986626,1.0006144,0.9072463,78087.766,61.492073,2403.753,766.6798,763.88403,723.6729,-0.00059985905,95.4007,649905.6,DOS-HTTP_FLOOD
33.397186,6.7654195,74.01856,24173.688,0.020331146,0.26973236,0.14299387,0.1230438,0.7585922,0.041234456,-0.0004533003,74.39417,23.264883,0.3915393,6.8536706,0.5688914,0.03941776,-0.0013754284,0.08141685,0.025736336,-0.04326874,0.040664528,0.95566994,-0.03926843,-0.06972304,-0.04443466,-0.0036248052,-0.015880732,1.0003934,0.9661785,59529.945,59.88973,2068.7102,488.30408,596.6652,467.6988,-0.000503411,102.303734,577863.94,DOS-HTTP_FLOOD
36.31035,4.850686,76.35403,-5358.861,0.017001651,0.2976954,0.10323501,0.18369661,0.9050397,0.036070004,0.036266975,84.631996,29.108467,1.7208774,5.99623,0.70136577,0.072224714,0.05426839,0.032875866,0.016259693,0.019727444,-0.068429075,1.0278581,-0.03490077,-0.061063185,0.015090022,-0.030116498,-0.0696735,0.96804184,0.9812173,58164.402,60.00756,3303.411,564.5039,876.75397,543.2418,0.0017205309,99.33938,815496.4,DOS-HTTP_FLOOD
32.958603,5.815282,71.65101,4431.983,0.0029872917,0.14565781,0.12841609,0.19621377,0.8821368,0.029147843,0.0058205985,87.689354,13.0856905,0.5560607,8.934093,0.575835,0.24439256,-0.007897596,0.0073866495,0.014467251,-0.044901203,-0.030066987,1.0076584,0.023587842,-0.031953793,-0.074475154,-0.013226515,0.006252164,1.0045375,0.9823404,81329.24,59.565334,3336.4055,854.3833,908.7233,859.545,-0.00013308586,93.75045,821842.9,DOS-HTTP_FLOOD
36.916885,4.7891073,66.03419,6350.3926,-0.009770737,0.19236194,0.023286168,0.10565125,0.91229624,0.069853365,-0.016549854,92.28441,19.207235,6.6318936,5.1138263,0.69417596,0.22659063,0.0077712205,-0.0018447498,0.06859081,-0.03512232,0.075023904,1.029615,0.0010166913,0.0070342445,-0.04079166,0.008443817,-0.005085524,1.010141,0.89456487,60890.645,66.23472,2583.9595,590.43567,724.67224,563.25995,0.00055186957,102.5931,563993.75,DOS-HTTP_FLOOD
30.325863,5.434096,70.292366,-1503.0005,0.041531492,0.11265675,0.014067467,0.42973104,0.8401421,-0.031964485,-0.0065064756,79.20947,8.7717495,5.531223,4.8470883,0.78632414,-0.00014604628,0.055961363,0.009351577,-0.024373446,-0.0008027395,-0.0023558224,0.97118986,-0.03969422,-0.019280273,0.032678597,0.020645654,-0.03995029,0.95592767,0.9749766,55006.44,57.685955,2168.9817,447.8146,562.33887,428.99634,0.0039628665,100.94454,349291.06,DOS-HTTP_FLOOD
28.581482,6.420009,64.060715,127.342285,-0.01633912,0.27853876,-0.011719687,0.2798854,0.5194134,0.013251083,0.02905458,51.24482,22.807524,3.540478,5.4341974,0.5343948,0.2055742,0.026536407,0.03713228,0.020233633,-0.01879899,-0.0024361536,0.85064465,0.056068458,-0.07222543,0.05764936,0.0359455,-0.05281115,0.9836647,0.9364352,64471.715,58.022133,2233.1782,596.51373,710.1283,614.073,0.0010984291,97.16247,743912.06,DOS-HTTP_FLOOD
35.424374,5.599486,118.36882,2855.5737,-0.07290862,0.4276084,0.18522722,0.10903758,0.63777715,-0.022837076,-0.03769037,58.42105,35.217777,0.4906382,7.832803,0.20140487,0.119262055,0.008695935,0.046695877,-0.04151029,-0.08449806,0.068721525,0.97877765,0.06972792,0.05779933,0.057838805,-0.075312994,-0.020330401,1.0016084,0.9074065,34308.195,64.90785,3077.9993,245.77356,604.90326,232.70529,0.0019124369,97.67846,418742.97,DOS-HTTP_FLOOD
31.347418,6.215583,83.20296,3976.0405,-0.090795316,0.20871185,0.11810134,0.24158597,0.70490456,-0.02394664,-0.076643795,62.77572,18.876923,1.8669598,8.804788,0.44868279,0.29400256,0.080984935,0.021551538,0.051695574,-0.036304552,-0.05198931,0.91402626,-0.023618015,-0.017865304,-0.015504533,0.03330535,0.0109086735,0.9936845,1.0083596,68759.06,125.255974,1848.38,675.3208,524.39703,719.6241,0.0001961735,103.10825,324998.88,DOS-HTTP_FLOOD
24.98566,7.8669405,90.92816,-3756.606,-0.09279192,0.20750518,0.13459525,0.13508148,0.5063536,0.06786099,0.010412861,63.436005,21.839203,-0.0656064,6.582061,0.35324955,0.2095943,0.04702674,0.009764618,0.03812499,-0.048377547,-0.044301484,0.77941906,0.2250502,-0.061781712,0.00044181128,0.004617097,-0.041822247,1.0236211,0.99056095,75258.65,58.88235,3736.3706,872.04584,977.2459,901.13745,0.0022611362,95.41405,809917.9,DOS-HTTP_FLOOD
31.743092,5.7914734,71.48102,1097.9551,0.0043768343,0.069210686,0.23706773,0.38770294,0.88559,0.036475398,0.014605697,81.97361,5.016885,-0.04216667,13.07334,0.6554306,0.071231075,0.007424331,0.021476066,-0.02375709,-0.060654104,-0.083678514,1.0368359,-0.037042927,-0.07085304,-0.02555509,0.02290003,0.043647848,1.0220357,1.0291766,75789.664,66.61191,2278.3848,791.21136,740.7969,805.9742,-0.00016159583,102.88009,546181.25,DOS-HTTP_FLOOD
26.700756,6.7185526,67.349625,13978.027,0.03593344,0.11562624,0.2744856,0.11612654,0.65205735,0.0036156974,0.04907082,77.53884,10.387597,0.46906802,17.335459,0.5373917,0.017062932,0.048526205,0.023432963,0.0019970676,-0.059981547,-0.007625175,0.85202086,0.07961341,0.008779628,0.05916083,-0.0024150545,-0.019485451,0.96479607,0.9654952,32637.701,58.2332,2482.1067,291.42377,512.0754,296.5004,0.0045543504,106.27578,308056.16,DOS-HTTP_FLOOD
32.67009,6.310634,75.45631,74118.45,-0.025224868,0.3722351,0.0007171463,0.13465942,0.6957626,0.02344444,-0.038814165,63.63526,28.879633,1.5420805,3.9114175,0.17579672,0.7072029,0.029561166,0.036498427,-0.04123258,-0.028762521,0.01155008,0.952416,0.03224495,0.025731921,0.024947673,-0.07087378,-0.04591864,0.98213893,0.93740636,35481.63,60.092525,1614.8318,243.33765,413.86475,248.37787,0.0004792628,98.7274,229150.44,DOS-HTTP_FLOOD
35.32395,4.93332,74.02823,-2043.1978,0.041654684,0.12119078,0.11907373,0.31855303,0.9797323,0.020217737,0.01621632,90.36698,11.277109,1.8199902,7.048926,0.69141895,0.17650805,0.077555336,0.03285228,0.060849316,0.009562978,-0.07202867,1.062421,-0.088089176,-0.041534536,0.018005926,-0.07312543,-0.04817661,0.9567003,1.0009369,97138.555,61.202393,4069.25,906.15656,1111.1321,913.8796,0.0006051861,102.71554,1.1233828e+06,DOS-HTTP_FLOOD
34.39013,5.969585,60.653893,20134.69,-0.096924275,0.31130385,-0.08116202,0.17485207,0.84008247,0.08335793,-0.037673336,89.38467,28.34546,0.2968015,0.5011742,0.5649255,0.04108174,-0.032095317,0.04310561,0.087902576,-0.01806749,0.16260502,0.88497436,0.049459983,-0.070923805,-0.15620019,-0.043560285,-0.09748294,1.0027685,0.90529287,77732.54,74.98518,3117.446,878.0758,877.8804,811.54486,0.00011315855,103.97487,1.0830908e+06,DOS-HTTP_FLOOD
36.103237,7.064934,88.12207,24510.777,-0.00058850273,0.32649657,0.13842466,0.081172295,0.85007447,-0.07475541,0.026908705,96.759796,32.215466,-0.09057626,2.943087,0.51402676,0.007981383,-0.0019975007,0.095724985,0.01642964,-0.06787486,-0.022506107,0.94221246,0.02200593,0.02602737,-0.026210586,-0.1506707,-0.035373475,1.0051748,0.95148426,61945.01,57.697887,2977.1848,652.9792,772.58,625.4455,0.0008932797,105.28405,865936.0,DOS-HTTP_FLOOD
31.809021,4.0903826,63.883488,10850.693,-0.03212735,0.2590075,0.40467623,0.13203707,0.6047764,-0.037372567,0.024827795,71.56961,22.344822,1.1590497,19.930904,0.558063,0.039149422,-0.09230195,-0.02223903,0.027828444,-0.093856245,0.070347354,1.0284067,-0.09648385,0.060169194,0.0869693,-0.035557143,0.0022652932,1.0267861,1.0135523,34795.914,63.025887,2112.6338,322.5255,628.81885,333.94888,0.006233113,119.11705,546367.56,DOS-HTTP_FLOOD
30.40769,6.5319242,64.641525,-1716.5205,-0.017398927,0.2418304,0.043600645,0.15804082,0.58048314,0.05518457,-0.036818996,61.91619,25.595598,3.4812279,8.660391,0.679405,0.0985698,0.04091626,0.024386909,0.018744681,-0.055834446,-0.031199018,0.877664,0.07983848,-0.064428255,0.041211195,0.023108535,-0.024027906,0.9676491,0.9734227,64918.29,64.10328,3054.7026,649.54065,838.8635,655.26483,0.004417337,99.44521,716286.0,DOS-HTTP_FLOOD
29.415535,8.037696,87.36618,4517.239,-0.021481663,0.27090192,0.022608023,0.2213153,0.6278828,0.089582324,0.009391976,80.49449,28.625893,0.7440635,8.583377,0.2685343,0.7032743,0.00072002877,-0.027241178,0.079273574,-0.1090037,-0.11950373,0.80913913,0.11476039,-0.012397826,-0.0055999006,0.026339062,0.04581787,1.0138056,1.0963577,117421.93,58.650723,5382.8276,1418.0382,1208.3075,1390.557,0.0012747339,117.76657,1.064086e+06,DOS-HTTP_FLOOD
28.281635,5.850538,63.26047,1391.4485,0.036210068,0.06917303,0.3579656,-0.005666872,0.74971306,0.038056333,0.018193409,74.10833,5.2107167,1.6089307,12.669294,0.1788969,0.56938565,0.052003913,0.052595608,-0.02200421,-0.07816906,-0.022206396,0.92323595,0.08897182,-0.03327334,0.0008773396,-0.0149254855,-0.004958436,0.9953068,0.97401637,20417.7,60.340046,507.21024,107.20914,123.96044,49.28058,0.0011112969,93.8762,59887.273,DOS-HTTP_FLOOD
31.816631,5.5270376,64.33408,-335.58984,0.09525347,0.19560865,0.56648576,0.15235291,1.029145,0.028469276,0.12622206,99.468155,18.503424,6.7344995,19.656332,0.5025375,0.14657772,-0.05146613,0.011714898,-0.006037196,-0.06433146,-0.055081435,1.1939789,-0.09704294,-0.060183056,0.121452175,-0.07636498,-0.043801904,0.9241717,1.0342896,27390.145,57.253296,1822.1437,239.25473,401.50717,272.96677,6.0182574e-05,106.08762,282443.66,DOS-HTTP_FLOOD
33.821754,5.6097007,121.2953,6259.2314,-0.10676301,0.2525145,0.14856859,0.3375505,0.80225295,0.045245964,-0.025809903,69.75867,23.388138,0.14190829,6.7385383,0.30271155,0.4705386,0.025838705,-0.009702322,0.04678352,-0.05448576,-0.021435564,0.9758158,0.037670363,-0.009303406,-0.008310212,-0.003565685,-0.060352568,0.99483985,1.0010923,72569.42,81.353195,3830.9368,913.50684,980.72205,934.0252,8.3980936e-05,99.042595,903283.44,DOS-HTTP_FLOOD
26.940826,7.748523,59.734497,4240.5474,-0.03813856,0.15350276,-0.008916668,0.08777094,0.46589956,0.04352089,-0.04087399,56.07807,14.588558,0.41658226,4.103998,0.44835085,0.34143588,-0.011505577,0.04206927,0.028350376,-0.039427467,0.027142715,0.8169823,0.106304765,-0.06491856,0.0011457328,0.018122397,-0.0077486406,1.0361893,0.9520435,76036.586,60.238598,2658.2065,776.30493,776.4414,787.14087,0.00078059395,98.20955,871572.25,DOS-HTTP_FLOOD
40.003174,5.678832,63.139503,6532.3105,-0.11810501,0.26930496,0.0908915,0.24236825,0.9573526,0.08401934,0.016682526,86.935776,23.393513,-0.14721765,5.510195,0.6948309,0.059194364,-0.02060537,0.050926812,0.09676728,-0.03959448,0.066453956,1.0900848,-0.09041833,-0.052451298,-0.11359673,-0.004791934,-0.016528327,0.9805617,0.9195985,66695.58,96.05212,2111.032,679.72797,704.5651,685.97437,-0.00018889738,98.66002,638906.2,DOS-HTTP_FLOOD
30.990952,5.276282,69.03021,16003.504,0.10575578,0.061407354,0.3440818,0.069969825,0.9395363,-0.00076801283,0.029136186,90.934685,4.9517484,5.424704,13.034979,0.64181876,0.038752753,0.026597776,-0.0068146084,-0.055307247,-0.062452264,-0.048240937,1.033333,-0.01957647,-0.05941815,-0.0037398073,-0.00060752034,-0.028661033,0.9676787,1.008455,46838.38,61.46023,1870.014,386.06003,456.3056,346.85745,-0.00053497753,102.56623,307579.1,DOS-HTTP_FLOOD
29.748085,6.327419,65.83583,2002.2693,0.081975356,0.11298771,0.17131658,0.10571479,0.70749617,0.011047669,0.042551987,78.015526,9.886414,2.2209384,10.990536,0.6980579,0.025034431,0.01711518,0.028407719,0.037472982,-0.015991235,-0.025036426,0.9329467,0.06097008,-0.06867654,-0.010846323,-0.04182768,-0.018493779,1.0162947,0.9538608,82237.54,59.237446,3255.4475,806.77264,857.18207,791.69055,0.00093734136,97.66654,798259.5,DOS-HTTP_FLOOD
27.404366,8.220554,63.168907,18384.898,-0.059218876,0.11171136,-0.021191984,0.1777147,0.5754375,0.04642805,-0.014477699,74.17135,11.684489,-0.21572468,9.939802,0.5032305,0.027891863,0.042596906,0.027028505,0.03766677,-0.057451345,0.06854366,0.7867491,0.1052081,-0.03863407,-0.027791357,0.028268173,0.0024427846,1.0216551,0.9229612,79939.21,61.38274,1940.0503,781.0868,624.29565,753.143,0.00039360693,106.907234,656770.94,DOS-HTTP_FLOOD
27.020077,6.8985195,92.04132,258.12354,-0.0070804073,0.10253965,0.11560506,0.10662122,0.67641366,0.02184837,0.06265058,74.0486,8.614415,2.5056765,6.1755285,0.46954876,0.077224135,0.067843206,-0.0010578614,-6.582588e-05,-0.034578845,-0.005066176,0.8189825,0.13419642,-0.029743504,0.047802288,0.0031948276,-0.014700022,0.97875714,0.9337441,41795.047,59.72053,1818.1127,311.86682,437.92697,285.33954,0.007979458,93.41977,260831.47,DOS-HTTP_FLOOD
26.030434,8.3049755,60.599617,-1683.2158,-0.026238713,0.17672515,0.001008308,0.12779473,0.25610673,0.057415407,-0.04141711,43.996414,22.38986,0.26284173,17.535631,0.6206934,-0.0055730124,-0.0017187372,-0.048716236,0.063123144,-0.0570111,-0.04357993,0.6628533,0.20904183,-0.04779809,0.11305438,0.020040955,-0.04446228,0.9471619,0.980445,61436.82,62.316147,2879.3123,711.6697,748.8099,659.3843,0.0076483274,86.67196,613438.8,DOS-HTTP_FLOOD
36.42605,4.9850297,85.741486,8872.943,0.02981649,0.20216893,0.07760613,0.27282903,1.0156732,0.037900552,0.032523327,98.890976,21.731548,2.8103247,2.3192449,0.6713543,-0.008565504,0.0028382428,0.007147467,0.020342663,0.016623909,-0.008905715,1.0746331,-0.018439347,-0.0037632673,-0.0050452375,-0.011406014,-0.035726696,0.98748416,0.9506114,37453.28,61.368618,1656.946,360.2754,488.86285,369.65475,0.000497807,97.50156,321509.2,DOS-HTTP_FLOOD
29.550991,6.001703,64.405045,8954.15,0.023413163,0.07377145,0.04721677,0.36030027,0.79835486,0.008197137,-0.022216134,86.067024,4.678379,1.6056703,5.0882764,0.63941014,0.007125325,0.013208555,0.037961602,0.013129452,0.010963836,0.02707119,0.90970504,0.02006324,-0.0238574,-0.02029523,-0.028506372,-0.019411607,1.0097152,0.92641,86168.8,59.00401,2865.6975,760.5926,789.9919,732.87396,0.00024596608,101.277985,824382.2,DOS-HTTP_FLOOD
30.391478,4.316518,58.55839,-5190.5737,-0.044924214,0.12601136,0.058184136,0.20381053,0.8043757,0.053390257,0.034892347,75.50994,9.745689,4.212444,4.5949836,0.5557906,0.30157137,0.063888766,-0.03397364,0.06293194,-0.009450598,-0.037586667,0.93003607,-0.027127724,-0.035062104,0.10009386,0.009407475,-0.016071988,0.99098974,0.9472245,54794.605,66.10703,2451.2974,506.60138,674.0235,538.9109,0.003184851,98.53578,451152.88,DOS-HTTP_FLOOD
29.858929,4.134261,74.25733,3582.7126,0.07983169,0.25202048,0.23866254,0.056851566,0.6566942,0.056717243,0.07109888,70.851295,22.104301,0.067985654,13.008805,0.1372402,0.23064087,0.0791436,0.07057823,0.02557598,-0.030306049,-0.06335422,0.8791119,0.00022624434,-0.03186333,0.10596757,-0.021163357,0.034669735,0.94309986,0.9115208,17627.008,58.647285,389.76035,58.10913,47.76964,75.37283,0.0119789215,86.57,37739.82,DOS-HTTP_FLOOD
31.250076,5.9185495,91.568245,3215.5088,-0.023639731,0.19173609,0.15899915,0.022208774,0.8651875,0.034334447,0.03448273,91.11226,20.798452,2.8726473,8.970573,0.41041517,0.1859885,0.029358556,0.009625586,0.041408874,-0.06076221,-0.018908408,1.0132452,0.05230656,-0.010200451,-0.007517291,-0.023472868,-0.011537698,0.97702783,0.9521054,44929.85,60.112278,2154.4614,396.25366,531.88153,415.53433,0.0003673722,100.70033,314514.1,DOS-HTTP_FLOOD
28.298302,6.8716693,60.639637,1584.0181,-0.0053667184,0.14147192,0.1170468,0.121499136,0.5852645,0.07086834,0.028917173,76.503426,12.992239,2.6268473,9.569121,0.6864274,0.07641542,0.03544475,0.026785333,0.0048649264,-0.06609203,0.009978422,0.9063207,0.015934017,-0.049172115,0.041224793,0.0023861276,-0.011337948,0.99109256,0.9075626,84429.98,60.50666,2881.0872,812.6685,824.0261,827.517,0.0008785152,111.09304,738901.56,DOS-HTTP_FLOOD
28.604923,8.13885,63.079487,9305.326,-0.041228294,0.3441057,-0.05513212,0.104182795,0.41416836,0.001265725,0.0040503475,52.362934,33.1016,1.2359915,3.2071629,0.64593196,-0.035210285,0.038551554,-0.006835526,0.050282273,-0.029505381,-0.067087755,0.77335835,0.20389485,-0.036783814,0.051210977,0.04307177,-0.08752387,1.0286837,0.9884658,75945.24,65.00706,3309.5322,885.1617,884.30914,910.48254,-0.0002449958,104.65572,699088.9,DOS-HTTP_FLOOD
38.279724,5.4539633,71.8489,9653.581,0.097374685,0.3785412,0.018696174,0.19095993,1.0090777,0.053476848,0.04966744,103.467766,35.22059,3.3438559,-0.13231684,0.6518297,0.06332246,-0.015152397,-0.03642128,-0.019796362,0.041664094,-0.011381753,0.9782225,-0.011108569,0.008175093,0.014116334,-0.008761751,-0.06404193,0.96077025,0.9421916,55565.72,60.76853,3219.1855,507.11765,772.985,536.2631,0.0009510762,112.29806,560921.75,DOS-HTTP_FLOOD
29.683863,5.563734,65.974236,282.00928,0.054790158,0.15896426,0.08234266,0.441318,0.67074937,0.060855523,-0.00044081127,71.65663,13.5624075,2.7094386,14.563444,0.7369077,0.019986171,-0.0014166674,0.03990304,0.006304877,0.004293369,-0.011897696,0.95053214,0.044625796,-0.030654635,0.009099252,-0.043035965,-0.0287469,0.9995219,0.95791197,76747.12,59.920372,2965.6414,702.0629,820.9596,693.78357,0.0012628814,99.88035,755590.25,DOS-HTTP_FLOOD
29.637981,6.345205,62.29224,10132.501,0.039461855,0.15204981,0.20336577,0.09759325,0.58573556,0.07442941,0.060013276,73.258675,13.962444,2.043746,17.19535,0.7007588,0.014088723,0.009468467,0.034386966,-0.0030360138,-0.035769477,-0.04037721,0.9312316,0.033775672,-0.054684486,0.020589657,0.026401348,0.004451135,1.0138955,0.9627845,66584.266,59.93247,2716.7964,710.591,749.60236,676.44916,0.0002848829,101.33044,589975.44,DOS-HTTP_FLOOD
30.82501,6.1545095,62.44277,1903.6873,-0.08568589,0.14425671,-0.046118654,0.32332656,0.64785385,0.03725817,-0.02375046,72.69776,12.765589,0.24901593,1.4242274,0.62118757,0.16920312,0.06652613,-0.024257137,0.08809925,0.0009286124,-0.034867886,0.87625146,0.014662647,-0.041200668,-0.021727141,-0.0039869454,-0.06663899,1.0101181,0.94906473,99056.47,62.605938,4172.8545,1091.5549,1125.5317,1113.3124,0.0014117785,106.28325,1.0767948e+06,DOS-HTTP_FLOOD
29.353268,6.2595744,82.86791,4679.388,-0.021548057,0.13360749,0.10008903,0.18793406,0.74586695,0.021620754,0.018531963,75.27904,13.130742,0.92456067,3.7064254,0.5069066,0.030678898,0.0072569395,0.0141579285,0.041277155,-0.056110546,0.006039203,0.89245826,0.11397537,-0.0581065,0.00082972576,0.02406528,-0.030740093,1.0090053,0.9518705,46454.945,60.934628,2002.9822,431.96606,554.3959,431.8861,0.0013948419,93.727554,361874.3,DOS-HTTP_FLOOD
29.620913,6.5628138,68.096146,148272.16,-0.037896253,0.15856463,0.13975102,0.23623915,0.7809792,0.025454033,0.0016360474,79.70662,9.994644,-0.16835067,4.5118804,0.21092486,0.18173824,0.032333273,0.09386501,-0.019988947,-0.049188286,-0.08952763,0.8742078,0.03729643,-0.04062622,0.00057394616,-0.0421457,-0.08188027,0.99287635,0.953219,40653.74,58.335762,1429.8158,184.60922,319.95413,198.84857,0.00037202044,108.069244,178916.11,DOS-HTTP_FLOOD
25.40872,6.90923,63.449257,15624.73,0.035948165,0.07949628,0.40584055,0.18348742,0.72957677,0.0026819976,0.074136905,73.07411,7.235663,0.9452507,13.02855,0.4391446,-0.0754989,-0.015511495,0.032143783,-0.019443132,-0.060888436,-0.044338968,0.9133632,0.04546903,-0.027638895,0.03556089,-0.020968959,-0.043439552,0.98642725,0.96825504,41495.996,59.521015,834.9473,285.15475,216.42178,268.23938,-0.0004895121,88.72547,124323.89,DOS-HTTP_FLOOD
36.647465,4.6982107,91.498215,1632.262,0.030681426,0.14090934,0.03893025,0.124251485,0.90174985,-0.0072755925,0.019954441,82.33158,12.209381,5.5313735,4.7069035,0.55920416,0.5251765,0.06325302,-0.034191377,0.057286207,-0.097237006,-0.029286223,1.0445658,-0.02506368,0.004301488,-0.009174514,-0.0068310928,-0.024696829,1.0461645,1.0142926,74957.41,72.14792,3543.2617,841.0827,912.35376,849.70123,0.0010294189,102.99735,782862.7,DOS-HTTP_FLOOD
27.852367,9.271032,92.691414,3993.8118,0.018905949,0.24532962,0.12110981,0.09137875,0.6847735,0.0831252,0.04757124,91.850914,26.570545,5.8252835,7.415166,0.64577514,-0.15548794,0.020195853,-0.041560102,-0.09498893,-0.04813037,-0.067682706,0.8554207,0.12823775,-0.036199495,0.09711416,0.03389725,-0.08984436,0.9389529,1.0323347,42670.1,54.51633,2210.068,338.0963,454.0436,357.47983,0.003961514,110.8235,329182.53,DOS-HTTP_FLOOD
32.340927,5.0064416,59.278557,5209.9277,-0.0032731146,0.18830459,0.24598813,0.064606,0.92004293,0.06159913,0.054939166,98.6049,19.559385,0.6694675,8.453044,0.7492936,-0.0056287497,0.010611973,0.024576271,0.022441667,-0.034828756,-0.06908594,1.0383639,-0.043513495,-0.040382475,0.079075836,0.010694628,-0.022939146,0.9654553,0.96314,66885.92,58.7428,2714.855,627.10547,762.5628,645.40765,0.00047533395,105.046555,622572.8,DOS-HTTP_FLOOD
24.52228,8.534086,99.62541,-1818.3384,-0.045128196,0.20427004,0.3146009,0.14378083,0.4964463,0.073723696,0.063609295,58.70112,20.2339,0.16940215,15.482916,0.22096784,0.11790937,0.018914545,0.0032002246,-0.009341076,-0.057774488,-0.032963447,0.7728818,0.22574519,-0.035208963,0.023463298,-0.02758771,-0.07388029,1.0091059,0.9704178,31304.38,60.278442,1875.5317,238.18518,432.86298,260.17462,0.0027353049,88.61927,209438.38,DOS-HTTP_FLOOD
31.05277,6.289834,56.926216,22253.209,-0.057428274,0.15820551,-0.08345011,0.35317975,0.64433146,0.045019496,-0.054715496,68.94246,12.270365,0.50546676,2.384964,0.61018664,0.2155809,-0.00933383,-0.00061603263,0.04406864,-0.0100810975,0.058385175,0.91510653,-0.005647535,-0.04623454,-0.035496533,0.027015118,-0.035658684,1.006777,0.90120685,82180.38,62.912212,2534.2246,927.8799,766.51025,913.2716,-0.0003172687,94.91479,806662.75,DOS-HTTP_FLOOD
26.3943,9.041259,75.57385,8284.967,-0.005824277,0.12445473,-0.047898423,0.074293405,0.32885614,0.000106569496,-0.08122478,51.540863,10.659417,1.9647478,13.20862,0.33401564,0.4996914,0.06469204,0.08136569,0.07239318,-0.073557034,0.009090769,0.72133785,0.20776698,-0.046507306,0.028545335,-0.0011193706,-0.015131177,1.0066862,0.98148143,75915.29,62.01755,2843.9338,658.2238,688.87537,624.1202,0.0013901335,102.91276,627737.56,DOS-HTTP_FLOOD
23.024757,9.273454,75.30553,2927.8066,-0.037412766,0.12158155,0.1451216,0.21897803,0.39854217,0.056178503,0.0339769,55.49563,11.621967,-0.18560046,16.67137,0.42013037,0.02000907,0.032363094,-0.003212667,0.04949085,-0.039857656,-0.009212316,0.68663895,0.2155182,-0.04997294,0.0647626,0.019070454,-0.025178116,0.98627436,0.99171203,54895.023,58.748985,2391.9749,614.26624,676.5831,603.52924,0.0047591357,94.040115,455107.3,DOS-HTTP_FLOOD
34.306057,7.2463923,66.96609,488.1726,-0.084645465,0.47234342,0.07905569,0.16746522,0.56360054,0.073072225,0.023071744,57.998226,35.896915,2.9451334,11.265774,0.32683086,0.5126087,0.0112464735,-0.014457518,-0.046123937,-0.02749855,-0.03881566,0.9089693,-0.008244815,0.0023120479,0.056832027,0.014603214,0.0058931857,0.9477724,1.0123937,54401.367,63.17286,1718.6532,537.8933,547.93414,535.8509,0.0010382867,109.859604,422383.28,DOS-HTTP_FLOOD
31.45285,6.073746,96.514015,2826.436,-0.06285025,0.21774879,0.067089416,0.3509501,0.755052,0.02235252,0.008021143,80.78108,23.177547,2.7669754,4.7068353,0.5268642,0.1504298,0.048170008,0.0101620555,0.088359416,-0.06042344,-0.027331412,0.9098399,0.06474309,-0.002959757,0.0012573204,0.012254751,-0.04239273,0.984024,0.9895807,80623.38,73.7771,3949.83,811.42346,915.7966,844.9671,0.0016802739,105.8717,781810.5,DOS-HTTP_FLOOD
30.179735,7.818009,76.34262,9476.616,-0.074145176,0.08725638,0.00810465,0.19927035,0.5818271,0.0038234754,-0.044044126,66.01657,7.053421,0.029472949,3.1218586,0.6217066,0.007415173,0.037125535,0.050492913,-0.024541168,-0.03867812,0.0738594,0.8473273,0.06582625,-0.06766866,-0.019482972,0.08878088,-0.018924432,1.0816169,0.99469,80923.18,69.656296,2224.3965,849.06976,712.9714,860.7769,0.0005468593,109.93704,672211.3,DOS-HTTP_FLOOD
29.863003,6.6888013,62.222652,7841.959,0.034467675,0.24638395,0.138383,0.36646822,0.46113306,0.05186802,0.00926126,48.60665,23.452202,0.8322177,18.424297,0.64173484,0.033636566,-0.01563131,0.05305693,-0.03540618,-0.045462694,0.0024001393,0.8784091,0.004678699,0.011843104,0.027011875,0.0003829552,-0.03700143,0.94702643,0.9626425,53757.082,60.149498,2086.4639,551.196,629.3139,578.7283,0.00025681395,99.16065,513508.34,DOS-HTTP_FLOOD
29.415848,5.237934,92.23533,237.44336,-0.03311024,0.21048577,0.24006012,0.09654213,0.7460297,0.0013505196,0.027222995,71.88329,21.157303,0.6663741,13.719578,0.34221256,0.28726527,0.021729678,0.0416639,5.8934093e-05,-0.0390682,-0.07708988,0.9631131,0.02964357,-0.0418974,0.026912738,-0.0052285474,-0.028146412,0.981583,0.9752582,41147.832,59.482418,2087.5166,386.61053,556.8855,393.23416,0.0018754287,96.45234,331363.8,DOS-HTTP_FLOOD
35.629158,6.3108664,69.263435,1904.6111,0.019246347,0.21577922,0.11531719,0.26262972,0.7089571,0.039521314,-0.012318754,77.77546,21.495094,1.5932046,12.126015,0.7856155,-0.07007189,0.073982686,0.050873175,0.084356904,-0.06628234,-0.0022824295,0.99287033,0.037095208,-0.0021088822,0.04126491,-0.02451569,-0.0030763447,0.9870326,0.9558232,73178.23,69.42479,3392.682,612.6714,899.4636,627.85376,0.0061181504,110.67764,882811.06,DOS-HTTP_FLOOD
33.253555,4.0097637,63.53796,-897.08594,-0.032552704,0.22050694,0.19434285,0.18659484,0.5331893,-0.0020851968,-0.0092837745,51.92099,19.115803,0.61963385,18.931957,0.56495565,0.040819447,0.048032127,-0.011057736,0.084230945,-0.026909428,-0.04082056,0.8980866,-0.086312495,0.00655117,0.049304977,0.096453644,0.067905515,0.91376185,1.0042115,43627.836,106.295975,1385.0333,475.14014,435.2728,465.50494,0.0066188965,101.09139,309488.7,DOS-HTTP_FLOOD
29.938114,6.460145,77.40736,7710.3906,0.016342068,0.2150621,0.35481274,0.072322704,0.5526177,0.0021353476,0.07638076,66.16807,25.677723,1.6534228,19.844505,0.4581113,0.03014474,-0.017615343,0.04765483,0.017126715,-0.06882038,-0.0031843828,0.970456,0.02604184,-0.0020084856,0.010775499,-0.010347021,-0.052740555,1.0277635,1.0110035,43723.17,59.76327,2249.4229,464.0954,686.0643,450.77478,-8.502175e-06,106.00927,513581.66,DOS-HTTP_FLOOD
24.958366,7.542181,67.969955,684.77124,-0.073068656,0.10914669,0.08206646,0.07458442,0.563595,0.06277475,-0.037588738,63.64738,10.621717,-0.14717582,6.0756245,0.56391066,0.038973857,-0.0096715465,0.04911083,0.02007041,-0.0031032134,0.017347518,0.87597364,0.11541252,-0.05495797,-0.051133092,0.016584216,-0.032803666,1.0197177,1.0208346,91904.85,59.64399,2748.0037,973.4781,807.0815,939.9084,0.0005213961,101.187454,846422.3,DOS-HTTP_FLOOD
35.659233,3.6362343,60.15926,-602.8955,-0.05303947,0.17890161,0.19809493,0.240737,0.80624574,0.0831939,0.018548196,87.62492,15.243169,2.8779795,12.080841,0.8965692,-0.06416738,0.08560735,0.017867813,0.06615463,-0.06885119,-0.049731396,1.0808342,-0.14239486,-0.021373967,0.10400073,-0.002120887,0.04608283,0.9333243,0.90799695,71812.07,81.62538,2543.5027,554.9916,801.5262,652.0046,0.011515263,115.63118,803296.75,DOS-HTTP_FLOOD
26.457296,7.9072795,69.69923,2832.2678,-0.008056917,0.18458371,-0.014903181,0.023334779,0.6478607,0.048991755,0.011857631,75.19882,18.778923,1.2788922,2.0966516,0.4896617,0.02515733,-0.025845086,-0.003084708,0.022544354,-0.044563968,-0.021097578,0.80683243,0.13666722,-0.039370954,-0.007957801,0.0073120925,-0.040480465,1.0699013,1.0276048,64831.855,64.523155,2030.4365,625.70593,556.4932,636.69226,0.00045766062,101.250595,359320.2,DOS-HTTP_FLOOD
33.58772,6.7595844,70.517334,19159.113,0.032289643,0.32214004,0.14884825,0.28408995,0.6509529,0.066732064,-0.0044891634,70.00292,28.69113,1.9739065,16.429699,0.4430241,0.18333876,-0.019189974,0.03422339,0.003559459,-0.040656224,0.03886875,0.8990927,-0.0046895286,0.033482168,0.018024098,-0.009594331,-0.014077237,0.9455134,0.9519419,34801.28,60.496426,1238.4141,258.73035,312.75543,222.10262,0.0005675991,109.0608,185724.73,DOS-HTTP_FLOOD
28.571054,7.3507166,67.33505,-3880.3062,-0.07161367,0.23725453,0.3264514,0.16486208,0.4477305,0.016632598,0.0616341,62.338364,29.113781,0.13751207,19.864643,0.34162,0.047172252,-0.058563765,0.009452602,0.07796112,-0.105136,0.0044833915,0.8698724,0.087405175,0.019581404,0.077456966,-0.001890501,-0.058821894,1.0162771,1.0171248,36425.277,58.324135,3521.0803,342.42035,754.111,342.4759,0.0027017538,109.466805,517108.06,DOS-HTTP_FLOOD
28.96791,4.5568476,58.7157,86080.336,-0.0076115313,0.11203577,0.27298227,0.14286262,0.74435765,0.11118479,0.017437119,82.10347,8.272839,1.5952749,12.156383,0.56166697,0.041598346,0.050525486,0.016680107,-0.031818155,-0.015589748,0.010377666,0.8942416,-0.022418648,0.0041267276,0.088202804,0.054617267,-0.019715235,0.9823076,0.92690945,51940.09,60.53928,1602.1605,474.28598,459.25247,444.66983,-0.000271771,107.91505,318519.47,DOS-HTTP_FLOOD
25.96665,6.7796907,60.08751,10542.418,0.032930702,0.07272652,0.050153613,0.17837675,0.46455494,0.082809925,-0.04666657,63.84963,5.85877,2.2565851,14.819776,0.77841246,-0.01364095,0.07485671,0.0036112778,0.020620868,0.060712084,-0.02064192,0.8146782,0.083230674,-0.10915281,0.004447971,0.012621376,-0.014063975,1.0290756,0.97087276,90665.93,63.834812,2488.8542,1083.0562,760.9926,1022.73694,0.00023956907,99.60742,660850.2,DOS-HTTP_FLOOD
35.666878,5.295671,57.143665,11660.975,-0.09300092,0.2857096,0.28860915,0.13439423,0.93291545,0.0651461,0.100339085,90.62826,28.660498,-0.2876872,14.264407,0.6667959,-0.002729731,0.039964058,0.04704157,0.03560744,-0.026229227,-0.0017618621,1.071667,-0.12995772,-0.016854893,0.062287807,-0.069684975,-0.0030798279,0.92454875,0.91613626,55662.34,59.420258,2243.3105,519.92725,731.8594,521.14636,-0.000832954,101.639366,731798.56,DOS-HTTP_FLOOD
29.971294,6.0147524,68.20939,1546.7119,0.021188755,0.12501329,0.299148,0.08388153,0.779284,0.039717183,0.01430154,73.15873,12.450905,0.8867643,14.770065,0.43632084,0.12144506,0.010399529,0.03281276,-0.033040054,-0.028294642,-0.06923561,0.99575895,0.051693626,-0.059208736,-0.02491357,-0.017285394,0.0015243236,0.9963999,1.0026028,51650.492,61.228207,1787.4097,516.3076,563.53174,512.7875,-0.0001041919,92.71248,366928.66,DOS-HTTP_FLOOD
31.123318,5.0612574,63.923077,-3991.5952,-0.0023533031,0.18035214,0.41603905,0.072701655,0.77707845,0.032333653,0.007775167,74.26166,18.6119,1.3237888,19.0637,0.54604805,0.035898846,0.011139087,-0.0002669217,-0.019305104,-0.01698208,-0.04774622,1.0636288,-0.044598036,0.00978733,-0.0025176373,-0.04710488,-0.033586755,0.99686223,1.011753,35525.53,62.6252,1825.3384,320.49628,550.9104,332.4936,0.0005325863,98.45528,331961.84,DOS-HTTP_FLOOD
29.795364,7.440961,77.366486,-1260.6143,-0.027128395,0.36954105,0.34226537,0.008161626,0.3724087,-0.0059526693,-0.01436906,41.31094,35.245426,0.51908255,19.270756,0.15176608,0.07735627,-0.0023260852,0.061880544,-0.033262223,-0.053478833,-0.032718413,0.89039713,0.045847572,0.014527079,0.0018236623,-0.035907965,-0.03380561,1.0088696,0.99024194,19790.945,61.69042,926.261,100.90191,232.75333,91.980835,0.00073018484,101.11127,86510.09,DOS-HTTP_FLOOD
37.332924,5.4565573,70.94858,3307.3376,0.052377697,0.44536334,-0.0529282,0.19910014,0.72823226,-0.025812022,0.0047729095,69.38139,35.77237,4.499166,2.0764728,0.67994064,0.04565012,0.03728107,0.01964218,0.03259366,-0.011221826,0.02295372,1.0112916,0.0048886156,0.02377739,0.030720182,-0.0848423,-0.010006818,0.9184184,0.9744476,44400.4,59.605247,2856.735,371.53348,676.119,381.14194,0.00271533,98.18507,625112.1,DOS-HTTP_FLOOD
28.40058,7.0814214,56.33814,8719.88,-0.083725855,0.27438518,0.0043479307,0.19444466,0.59713864,0.08084543,-0.020328157,57.100792,26.80708,2.6984036,6.926551,0.66118604,0.07189253,-0.016934725,0.04564395,0.067349665,-0.0041971356,0.077938125,0.9317647,0.029746752,-0.019352356,-0.0058430363,0.007644528,-0.092479095,0.9143959,0.91067,68605.164,58.157715,4662.3945,771.07263,1247.0708,787.8752,0.00021479772,97.87975,1.3800904e+06,DOS-HTTP_FLOOD
29.992409,5.997951,63.459167,5717.4175,-0.05311267,0.16278635,0.017827423,0.29650816,0.78910595,0.0688991,0.035447273,86.09819,19.523531,-0.04216395,8.131235,0.5801611,0.011771547,7.488765e-05,-0.01099565,0.04915203,-0.03387667,0.06722878,0.8785212,0.08154044,0.04424313,0.03593634,0.038056403,-0.014018759,0.97393304,0.9135678,57385.543,59.74792,2884.6113,558.73157,704.27686,528.5731,0.003208578,104.67543,524332.25,DOS-HTTP_FLOOD
25.94548,8.326418,64.358765,-1534.2349,-0.070924014,0.1903099,0.115249746,0.28291088,0.65363246,0.07477935,0.04573547,79.59807,19.730661,1.7970097,7.163897,0.55873895,0.1275631,0.028471416,-0.053860243,0.0007351069,-0.05595937,-0.08189004,0.76407003,0.07153485,-0.04688769,0.07592274,0.00012084842,-0.093857184,1.015212,0.9850729,80720.72,55.6084,3045.7583,739.172,848.58997,826.3175,0.0007930308,110.22905,588001.2,DOS-HTTP_FLOOD
26.816303,6.637902,62.533016,-11147.021,-0.0564201,0.117303066,0.25264555,0.2441022,0.5725861,0.16469908,0.040135965,87.84857,15.262704,1.6303244,15.3708,0.7639216,-0.10683107,0.018316474,0.021420084,-0.04310798,-0.07699207,-0.08521964,0.8711768,0.043916363,0.0010547275,0.08664703,0.018978085,-0.02294952,1.0570592,0.99343216,97256.97,62.598755,3708.031,1156.7502,1078.8562,1208.3658,0.005692257,115.20795,834562.6,DOS-HTTP_FLOOD
28.64717,8.417799,65.59619,2240.232,-0.13806011,0.13370286,0.051314797,-0.0049046404,0.6739476,0.0044567715,-0.07518248,59.79132,10.688646,0.14882448,7.9833527,0.31707418,0.44653416,-0.0020631123,-0.05516429,0.024028096,-0.051950175,-0.034867175,0.867023,-0.00019419195,-0.023960734,-0.13818865,0.067945555,0.10071029,1.0831147,1.0762119,81165.84,179.02827,2931.848,1378.3694,697.19586,1388.9889,-0.00013091798,97.55753,677788.2,DOS-HTTP_FLOOD
32.221348,6.4458675,68.39003,690.499,0.00396139,0.1628048,0.07422519,0.52725416,0.84543973,0.05099327,0.019707128,92.27687,16.080423,1.9272673,13.129118,0.6559733,0.008119305,0.031292602,-0.008972538,0.04726115,0.0039347587,0.011896662,0.97859824,0.044173174,-0.005917221,0.024322037,0.053731687,0.040669724,0.9615245,0.93171597,64738.777,59.615505,2544.0564,647.29675,726.64417,616.4532,0.0040539117,102.83273,614561.56,DOS-HTTP_FLOOD
29.898169,7.3660946,110.08292,274.00293,-0.13767532,0.24423085,0.31105894,0.0019456664,0.85858124,-0.0730665,0.006203456,98.11758,27.816725,0.84014213,17.884073,0.24451816,0.052192044,0.027980357,-0.030976448,0.015255614,-0.079633996,0.043537486,0.91457754,0.02259547,0.10277354,0.002927715,0.07780643,0.02079413,0.9803232,1.0214305,42182.7,95.882904,2021.4174,649.2414,630.14465,663.4314,0.008038389,109.566216,366500.47,DOS-HTTP_FLOOD
28.710451,7.361784,59.93128,149751.58,0.10126483,0.17139731,0.06532745,0.17741778,0.41545895,0.2086288,-0.11351681,69.202446,17.108883,6.7565413,15.86774,0.86323726,0.094476886,-0.0023989333,0.06768552,0.03602085,-0.006333352,0.0724961,0.83527017,0.09831149,0.024559397,0.18894035,-0.024307482,-0.04561273,0.982358,0.8543939,81156.51,57.968094,3982.15,824.88605,905.01245,774.1828,0.002751646,114.930176,941491.75,DOS-HTTP_FLOOD
26.375746,5.9815397,61.813957,-2520.6475,-0.061440736,0.1452564,0.065041244,0.083238676,0.4888437,0.0076951003,-0.031679656,61.154892,15.171351,-0.107536435,10.338946,0.6770832,-0.0009297616,0.013968393,0.023252396,0.07649092,-0.060931947,-0.019430455,0.8915719,0.09107065,-0.054873854,0.025177328,0.012837553,-0.054343365,1.011357,0.9672817,96883.555,59.00495,4211.7554,1157.4862,1075.3046,1132.9631,0.0019255591,102.62325,1.0510136e+06,DOS-HTTP_FLOOD
23.405928,8.411841,89.48692,-2687.7754,0.039537195,0.16387065,0.03569148,0.17976244,0.29738775,0.035384342,-0.045987852,55.273895,16.8398,1.7214823,6.530159,0.5199229,0.046973314,0.113504425,0.037153173,0.10681714,-0.08525155,0.038273506,0.67002493,0.3301791,-0.023419729,0.06951897,0.020952338,0.028058901,0.9950168,0.9361153,75810.96,61.62641,5134.241,581.539,933.9089,583.6611,0.011645647,104.70993,761374.0,DOS-HTTP_FLOOD
28.208239,6.5499544,69.46591,4613.261,-0.040729567,0.20045955,0.13657391,0.23701346,0.3943272,-0.003384598,-0.017373541,43.966263,25.714628,0.07951754,19.312626,0.34595904,0.29668605,-0.018463459,0.028485999,0.057949163,-0.05381081,-0.06071132,0.7756433,0.06710221,-0.010174168,0.07136853,0.02534401,-0.015231637,0.89275753,1.0240171,43013.85,60.165367,2302.2178,646.0719,669.4128,596.7796,0.0058905547,99.02177,512988.75,DOS-HTTP_FLOOD
43.95188,4.103638,62.045345,-1604.3472,-0.02975907,0.46062708,0.17393562,0.44585472,1.0601388,0.09432851,0.10500489,94.99235,32.90978,1.6371781,9.333267,0.65043426,0.19812655,0.030380337,0.00920759,0.040780917,-0.04239443,-0.022743948,1.2502398,-0.20835005,-0.037830293,-0.032850757,-0.052012622,-0.049020924,0.8865284,0.99658567,58130.434,75.52215,2092.7935,506.6707,689.5179,502.7941,4.4909175e-05,107.31664,689080.3,DOS-HTTP_FLOOD
35.104366,4.742502,58.75667,48385.547,0.018918037,0.33392048,-0.020005513,0.17664826,0.6298152,0.10351883,-0.116067596,62.945457,35.90474,5.825779,6.911345,0.4835425,0.2632478,-0.009243879,-0.0028456328,-0.0025181146,0.05971775,0.14902061,0.8547259,0.03517098,0.022609029,0.113380104,-0.029999983,-0.082145095,0.91902745,0.8967511,59286.33,109.98612,2795.6946,715.45874,761.1555,754.8776,0.001292333,112.93189,840370.9,DOS-HTTP_FLOOD
26.093262,7.641301,66.24128,5527.168,-0.12014608,0.19296668,-0.03729063,0.11904545,0.43279347,-0.02570781,-0.039618094,50.00724,19.820122,0.44661546,7.2434955,0.5040776,0.08626635,0.05893894,0.04426963,0.065321185,-0.046987068,-0.017963625,0.77290225,0.13884062,-0.051622905,0.030590449,0.07249266,-0.036150243,0.96202785,0.9883743,81106.875,128.89122,2216.936,926.10925,657.65936,959.11926,0.003781357,100.605484,567842.56,DOS-HTTP_FLOOD
38.413376,4.0785084,80.852646,-870.834,-0.044997588,0.23646457,0.016154718,0.2700154,1.0123167,0.04853427,-0.017616197,102.349495,26.849463,2.0444217,2.647335,0.61233324,0.09096643,0.054574836,0.045217216,0.1039992,-0.0535042,0.0846513,1.0056489,0.053423576,-0.016332526,-0.04918408,-0.03988804,-0.07616917,0.9066987,0.89557296,84016.734,75.09502,5070.346,669.2766,989.78406,648.8581,0.0032442696,108.96503,987921.25,DOS-HTTP_FLOOD
32.000195,5.519418,72.74579,1701.0024,0.039649054,0.10917925,4.121801e-05,0.5050867,0.8897454,0.0196738,-0.0067324727,89.39077,8.202154,3.2557468,5.2964077,0.768122,0.12486012,0.089388974,-0.021049503,0.027267372,-0.005424849,-0.08235565,1.0022265,-0.04161323,0.009489431,0.017991045,-0.0567813,-0.010950425,0.97796404,0.99199605,105198.15,57.40836,5200.8457,977.0463,1247.8044,989.39795,0.0008734063,111.781845,1.1490679e+06,DOS-HTTP_FLOOD
27.167564,8.285744,66.18819,775.9592,0.015261612,0.1442822,0.13223636,0.16229554,0.4117171,0.04751105,-0.0130658485,55.55079,13.221254,2.2644083,17.149483,0.6533554,0.063698895,0.03978498,0.0194444,-0.0066587282,-0.000121276826,-0.021938533,0.81968385,0.0867695,-0.029382989,0.0054079005,0.025745384,-0.01723412,0.9952588,0.94767535,75086.55,60.804844,2500.733,673.9956,726.8067,666.7344,0.00180434,103.33005,616193.7,DOS-HTTP_FLOOD
31.334167,6.782022,75.73828,-2858.329,-0.0012462307,0.22301555,0.32654566,0.06575177,0.67420447,0.014673101,0.028270833,75.657234,23.402826,1.8024888,18.891008,0.46596405,0.105592564,0.054500096,0.00451243,-0.00032449607,-0.031865038,-0.0059497263,0.992234,0.049190637,-0.031226816,0.005935192,-0.063666016,-0.019521447,1.0044276,0.98881555,39396.47,61.71326,2636.0059,338.61084,675.3812,348.99426,0.0010692831,101.64325,475316.1,DOS-HTTP_FLOOD
27.13032,7.1577077,73.69297,-2730.413,0.030135522,0.13643625,0.2771995,0.16641203,0.5012978,-0.0010456535,0.0022482965,52.22213,11.772381,2.7044737,17.803923,0.6588973,-0.009436331,0.003415132,0.007013255,-0.039648548,-0.031963795,-0.015190063,0.8525876,0.04434238,-0.031777296,0.031136291,-0.0037046988,-0.064901456,1.0199203,0.9575957,52501.934,60.419872,2001.1217,381.92175,600.8361,394.4554,0.0029996196,102.88363,443080.97,DOS-HTTP_FLOOD
32.939953,5.6657357,75.29622,-2852.2075,-0.023440521,0.2967057,0.14416301,0.44793412,0.87541497,0.050212663,0.040845666,92.32538,29.154016,2.554048,10.602396,0.59479326,0.03060927,-0.01046033,-0.01139813,0.0053281058,-0.0022074603,-0.016915467,0.9930007,-0.054254513,-0.053029653,0.033663124,0.08797954,-0.030957006,0.9230274,0.9746158,50054.54,55.987347,1751.2837,345.17218,483.53506,377.39676,0.0043669203,113.46109,384803.12,DOS-HTTP_FLOOD
30.076073,8.760614,61.10789,3354.2915,-0.052357346,0.22347002,0.064015,0.16279462,0.34094486,0.07518905,-0.012980979,53.204506,23.188496,1.7111363,17.604181,0.674432,0.09740021,0.0017921114,0.034341402,0.012187384,-0.067645304,0.07763634,0.8541547,0.10434376,-0.017703095,0.069427624,0.022741985,-0.0117666265,0.99475306,0.9386813,78255.64,62.81258,3562.065,751.02356,921.59357,738.86725,0.0009040367,109.11846,1.01039194e+06,DOS-HTTP_FLOOD
30.816874,6.123857,58.364838,-3366.7578,-0.021682689,0.20127895,0.008248695,0.29546982,0.56826174,0.030614838,0.015597107,58.95153,17.673586,4.012976,5.295319,0.8007562,-0.039764512,0.026281038,0.037729718,0.049265232,-0.007381066,0.024353562,0.9198914,0.048275437,-0.053109773,0.038296696,-0.016036855,-0.041152034,0.9987253,0.9204374,76495.625,62.261345,2579.538,724.0192,805.80884,754.5772,0.0018212424,97.41117,758255.4,DOS-HTTP_FLOOD
26.374004,6.8054347,66.51728,-1416.0698,-0.018396541,0.1184505,0.25620884,0.08136785,0.7314317,0.02423951,0.021435311,74.88661,11.812552,0.7836843,9.259604,0.54208016,-0.025494529,0.016639387,0.023500735,-0.024857976,-0.037742935,-0.012713041,0.89727175,0.074680865,-0.025280055,0.017066168,-0.013840625,-0.067801334,0.99272156,0.9818426,45530.7,59.48974,1914.0996,351.86798,510.2754,359.0409,0.0006948815,92.82106,324971.84,DOS-HTTP_FLOOD
32.179302,6.145572,94.687164,2304.306,-0.038091894,0.14767808,-0.045567468,0.19214536,0.8294392,0.02676528,0.019707305,88.88785,13.833788,1.8920826,0.5757915,0.5243697,0.27549055,0.0137715805,-0.005158158,0.020832222,-0.011900166,-0.03024753,0.91799766,0.073220864,-0.01818705,-0.031310808,0.014730029,-0.072628684,0.9948105,0.979347,87516.17,60.2507,3961.4172,875.78845,981.1117,884.5457,0.0011098015,99.67014,945134.7,DOS-HTTP_FLOOD
33.306156,4.942717,79.931656,2880.7466,0.02834886,0.24556375,0.00085871667,0.1683061,0.7141212,0.0013451226,-0.012401232,74.92687,26.571465,2.6536875,12.822025,0.32981122,0.5966482,0.06491032,0.08312599,0.032763038,-0.071676984,0.042044222,0.8846916,0.06877926,0.029661318,0.051175803,0.010265791,0.008036838,0.9381236,0.90088713,28608.035,61.646885,1499.2766,183.84747,303.70065,204.58194,0.00934963,105.46501,154415.55,DOS-HTTP_FLOOD
31.986385,5.9343624,80.75665,2716.3186,0.08212449,0.17950027,0.46359435,0.21396187,0.8974911,0.011691627,0.043537274,87.19087,19.02349,2.5883117,19.009798,0.49794918,-0.0051390566,0.022664089,0.01765214,-0.0155143915,0.006053797,0.026029646,1.0724081,-0.016759047,0.011318544,0.00457264,-0.027509283,-0.047483478,1.0029012,0.99920684,25031.42,59.545704,1727.6967,288.92612,461.04684,270.3109,0.00030649535,94.85547,291046.9,DOS-HTTP_FLOOD
33.910637,5.21733,71.89944,3359.9038,-0.018153895,0.17268282,0.14170037,0.32420516,0.9226354,0.03847058,0.021481533,84.703186,14.902246,0.8453728,8.620309,0.5472795,0.17437373,0.008246111,-0.010604625,0.032880057,-0.020530222,0.003255345,1.0404111,-0.0119677335,-0.020025745,-0.010040243,0.011349259,-0.014185801,0.98730636,0.97661865,48188.4,63.664238,2043.7065,420.217,564.608,428.03024,0.0007904101,100.02938,367450.56,DOS-HTTP_FLOOD
37.57773,5.8414154,89.01632,3864.8586,-0.09318972,0.24722724,0.3321631,0.10459205,0.9230022,-0.0009657175,0.021405987,83.55881,24.892086,0.13475974,15.213869,0.5599243,0.003212358,0.020074017,0.008518886,0.030375458,0.014597869,0.009953826,1.113795,-0.008262082,0.006549356,-0.054536644,-0.048282176,-0.030461702,1.0097717,0.9949548,41079.734,77.50664,2143.4023,413.52734,674.3126,460.88287,0.00050491054,92.92191,442479.25,DOS-HTTP_FLOOD
25.67971,8.67499,76.60518,9265.8125,-0.008567086,0.16130121,0.34109935,0.04361445,0.43550572,0.010253108,0.0135368835,47.171867,16.85183,-0.04129061,18.384245,0.46771848,-0.022720732,0.0021089287,0.056423005,-0.008558784,-0.05475221,0.028002284,0.80461967,0.10624119,-0.041061796,-0.010417745,0.023166314,-0.04228277,1.0608443,0.9767308,38067.64,59.16792,1663.5778,417.79825,533.79626,412.88446,8.505116e-05,97.221794,329938.7,DOS-HTTP_FLOOD
25.324385,6.8479347,70.57608,-3156.0986,0.010614189,0.19354737,0.3102154,0.022244804,0.32326493,0.013275635,0.018194309,41.849976,22.70608,0.17310444,19.327341,0.26755375,0.044503167,-0.016320117,0.015841385,0.03333407,-0.088604316,-0.0629815,0.7731383,0.08654608,0.011875205,0.09138859,-0.008821696,-0.010106237,0.98289984,1.0024945,23379.957,59.116646,1764.4617,191.58734,458.97052,195.78714,0.008692362,93.17644,244665.42,DOS-HTTP_FLOOD
35.99635,5.8801165,61.319477,-1237.2671,-0.06398377,0.3240493,0.013066631,0.41249514,0.7666902,0.07042876,-0.021281624,69.52436,23.771149,1.7434056,5.3251553,0.6284324,0.0030875087,0.035421427,0.070425436,0.07782572,-0.010374725,0.031779982,1.0380521,-0.10128159,-0.036155332,-0.011388747,-0.021078864,-0.0033568963,0.93714327,0.97820765,60517.48,144.0204,2091.1826,516.1643,558.20593,570.67865,0.0013076107,98.49486,502611.38,DOS-HTTP_FLOOD
28.057655,6.6768723,93.9765,2313.3025,0.013869332,0.20706153,0.11006736,0.11200817,0.6267547,0.043136254,0.052041017,77.05272,22.154922,3.2523756,10.709649,0.48292044,0.096906155,0.047746576,0.012326134,0.010815974,-0.06999583,0.0057047233,0.8217219,0.18938117,-0.018344335,0.06254329,0.00029944815,-0.012511107,1.0016836,0.94555175,39911.793,58.475784,2478.6577,390.78406,528.696,390.88287,0.0059946915,102.0169,304780.62,DOS-HTTP_FLOOD
29.87547,6.0008464,68.20782,1965.989,0.015825812,0.16396,0.1437623,0.34474227,0.7163844,-0.0013317826,0.022441953,73.22654,13.629852,1.6296726,12.509405,0.6079049,0.078053296,0.019971754,0.023243058,0.020434473,0.00085059553,0.0068276282,0.92467695,0.026395282,-0.058740646,0.02422903,-0.0048975507,-0.008384147,0.97700524,0.95603,63950.22,59.036266,2547.6418,507.5861,704.6828,505.6727,0.0023278582,100.39094,588025.56,DOS-HTTP_FLOOD
31.914959,5.9220653,102.75756,3129.6257,-0.0074995863,0.25683886,0.20959572,0.1750148,0.81932163,0.048866946,0.064477086,79.87291,25.400248,2.8587046,10.8549,0.4796287,0.30777532,0.029730085,-0.006765141,0.037224226,-0.041414354,-0.07331805,1.0051513,0.047463406,-0.017587671,0.0319343,-0.010506049,-0.074486926,1.0062207,0.98535824,48693.6,57.78613,2900.2693,486.40747,705.27374,481.94574,0.0009789006,101.94368,461549.12,DOS-HTTP_FLOOD
29.407179,7.798819,63.51079,23117.191,-0.0010177027,0.20787397,0.27272978,0.33834925,0.72202504,0.061524365,0.114670396,88.798706,21.96536,0.22678159,18.088663,0.5533374,-0.060857695,0.00019253697,0.031044994,0.0012719631,0.0016330928,0.014150159,0.92102736,0.07666515,-0.0051661627,0.049247887,-0.07168266,-0.044979222,0.97995186,0.9391334,46870.4,57.207645,2414.829,494.19925,587.7125,526.9264,-2.1327796e-05,104.34474,447562.1,DOS-HTTP_FLOOD
31.955622,5.8101625,71.16243,17161.89,0.0013575796,0.38705212,0.0653844,0.11167463,0.75662255,0.08161556,0.05988924,82.51479,31.61762,0.3187844,3.647691,0.39074925,-0.022712862,-0.024307828,0.037454147,0.01960499,0.01098154,0.011319247,0.90000767,0.04685011,-0.008450967,0.050768252,0.0015528454,-0.08860428,0.95811546,0.9155579,20775.037,59.859077,462.5232,20.044495,56.916348,45.244503,0.00020370011,97.55179,20980.127,DOS-HTTP_FLOOD
25.36457,9.102669,64.33046,14145.35,0.06154544,0.15668105,0.1272986,0.17890386,0.70724994,0.08527054,0.08464343,90.60992,17.433327,3.3485591,7.4784784,0.47503623,0.16961432,-0.050065607,-0.0057244487,-0.0118501615,-0.055148397,-0.0677806,0.840748,0.20060647,-0.039156027,0.039720252,-0.067086875,-0.07372901,0.98082757,0.9834774,54354.363,54.160645,2521.6946,548.428,519.12805,553.80884,0.00044459297,104.92472,289751.78,DOS-HTTP_FLOOD
31.382164,5.85758,94.19765,2265.62,-0.035228357,0.20512383,0.20751326,0.09332078,0.805494,0.034234267,0.05252095,84.06601,20.7705,3.327265,14.086163,0.43672967,0.20642903,0.017237244,0.043687005,-0.017138235,-0.062199026,-0.03281886,1.0047729,0.047057196,-0.027021732,0.015506121,-0.014879016,-0.04649426,0.9896573,0.9645665,37440.523,63.763233,1745.1846,368.9088,482.63535,412.55182,0.0018968765,100.06354,264990.28,DOS-HTTP_FLOOD
32.469826,6.120433,66.838875,5586.28,-0.026325995,0.12923181,0.14064822,0.19907866,0.6785192,0.039363287,-0.047267094,69.4504,10.324665,0.2808867,17.650257,0.5352115,0.43808278,0.035384424,0.05608587,0.01860421,-0.05354713,-0.03904151,0.92885655,-0.0031943878,-0.04841537,-0.08284978,-0.022731459,0.049560573,1.0213594,1.000061,75264.76,75.41495,2423.5405,797.6001,781.97266,779.9362,7.1630115e-05,111.27536,705049.25,DOS-HTTP_FLOOD
29.686054,5.2409306,66.66095,15035.496,0.057922922,0.07274263,0.041906964,0.4176975,0.77437943,0.010535912,-0.0013834587,75.25943,4.3713255,2.827652,3.0704596,0.6717313,-0.008662559,0.03719443,0.027257325,0.0063576642,0.020682316,0.02241138,0.9247488,-0.016997527,-0.03822826,0.014339637,0.024274092,-0.0024177507,1.0172824,0.95620155,57204.805,61.549915,1541.2906,491.24844,459.04956,487.75165,0.00028439745,104.444,370729.28,DOS-HTTP_FLOOD
31.014599,6.503141,91.291824,4002.6025,-0.032876346,0.23305343,0.26291546,0.05843686,0.74695504,0.040012445,0.026702473,79.89934,25.042189,0.809981,11.281965,0.31263667,0.08334007,-0.0036684563,0.034759708,0.019894697,0.008492897,-0.065364,0.95211846,0.07147318,-0.031789772,0.05461696,0.04076898,0.0014984328,0.967928,0.9656845,42608.87,60.65786,1884.8236,378.7618,540.9076,380.90643,0.0009348887,101.62898,319476.6,DOS-HTTP_FLOOD
33.539173,6.8746624,75.35151,50256.4,0.06332696,0.2036507,-0.07716091,0.31635448,0.8604328,0.032618515,0.037718978,98.353546,21.790367,3.322188,1.5474627,0.7436762,-0.018700711,0.0031860452,-0.009257276,-0.020346723,-0.07503659,-0.08176244,0.965792,0.07268272,0.017408788,0.031797867,0.012812501,-0.037463766,1.0276178,1.0161226,63725.574,58.79057,2760.2651,654.7611,688.0233,682.0862,-0.0008302165,109.86406,463155.78,DOS-HTTP_FLOOD
30.575533,5.083569,61.93697,-3099.2495,0.015269244,0.18852364,0.32010037,0.2433451,0.7634731,0.054110147,0.055809297,80.48027,18.334654,2.0330353,18.517317,0.6648838,0.0110847615,0.018479785,-0.020975593,-0.013044283,-0.023452045,-0.028782917,1.0235485,-0.0036774871,-0.0063572368,0.0692818,-0.0224793,-0.004883604,0.95734924,0.960854,31044.127,58.44024,2187.8767,304.87912,543.51886,306.65845,0.0055015483,97.60359,327745.38,DOS-HTTP_FLOOD
34.12377,5.9737678,83.82263,8121.1577,0.0057968963,0.2458109,0.022380278,0.3036737,0.9018746,0.014940347,0.050508324,90.798996,25.244705,-0.21217288,1.3904725,0.6429983,-0.042643677,-0.0016928185,0.036634237,0.039239533,-0.013297102,-0.0042728987,0.9867474,0.08559894,-0.034151085,-0.043582186,-0.024976894,-0.063130155,1.0011292,0.96167475,49044.375,58.187805,2532.6858,548.34686,659.126,548.4849,0.0005688668,95.988396,485328.3,DOS-HTTP_FLOOD
30.785198,7.625111,62.125156,11352.668,-0.011810874,0.29134068,0.10823946,0.08177234,0.32394105,0.023001201,-0.056006424,38.1202,30.499468,0.9042959,16.99405,0.49609756,0.024943674,0.008787507,0.10186299,-0.021143325,-0.08782725,-0.0022560079,0.8120417,0.09283147,-0.016468048,0.0151826795,0.0076940977,-0.003471626,1.0088435,0.9440082,60492.195,62.165913,2050.496,670.97894,683.85114,670.27954,0.00019566334,94.4962,628719.9,DOS-HTTP_FLOOD
36.713905,5.2560306,68.237625,857.4192,0.07311404,0.276845,0.02175903,0.37284943,1.0087196,0.0796242,0.046798132,97.8192,27.269588,8.486582,6.4216638,0.82654333,0.09050744,0.0072851074,-0.020030567,-0.034882013,0.045361817,-0.028047541,1.1024433,-0.052241165,-0.008726919,-0.0062616565,-0.039395183,-0.012553901,0.91630006,0.9710878,62684.227,59.06813,3780.763,625.27954,918.7298,644.0789,0.0013137975,107.56723,729016.44,DOS-HTTP_FLOOD
28.878471,5.7949295,66.57061,-2855.7847,-0.012207189,0.20864467,0.44803077,0.09579328,0.51295227,0.013814364,0.025960509,49.91267,18.643892,0.6725717,19.79346,0.4618821,0.008552019,0.004375414,0.011186832,-0.024637414,-0.035180956,-0.05426699,0.97899157,-0.016711148,0.0006849109,-2.5478657e-05,-0.042486176,-0.06928019,1.0355526,1.0184771,28526.258,59.855675,1599.2059,198.38318,516.8601,229.14359,0.0003258537,99.41258,327020.88,DOS-HTTP_FLOOD
28.021736,4.872411,60.690212,-925.9253,-0.08320425,0.17310494,0.23574045,0.15323468,0.61847955,0.06345519,0.09607013,69.9201,21.016703,-0.08937575,18.720047,0.5287939,0.0027719866,0.010258731,-0.015042692,0.07508381,-0.07665695,0.017137798,0.8733825,0.036965627,-0.0012923009,-0.0031080807,0.110929415,0.0013401359,0.98026043,0.9498424,51217.734,71.44954,2386.5303,670.81903,691.40704,661.414,0.0040701926,104.41846,578434.3,DOS-HTTP_FLOOD
26.218216,7.2440405,55.040325,8929.408,-0.10054763,0.03543827,0.212557,0.15151745,0.5621572,0.024368681,-0.0032063248,60.82573,2.1703286,-0.009580999,10.666247,0.7503674,-0.1988972,0.012187622,-0.00882591,-0.0011238176,0.03018042,0.035166595,0.75343776,0.08858051,-0.01098229,0.034610193,0.041119605,-0.039695702,0.98279446,0.97469556,91469.08,172.18625,2766.0847,1443.0686,795.6571,1501.8613,6.0127306e-05,98.27228,757664.56,DOS-HTTP_FLOOD
31.507982,6.0776644,69.05118,3500.0867,0.002390761,0.27122766,0.28531116,0.040095493,0.8415571,0.009307572,0.07483857,78.73692,20.879555,0.5998609,11.112034,0.36593762,0.15784362,0.0023403205,0.049169738,-0.026775042,-0.03024906,-0.0044939667,1.0477629,-0.09122342,-0.026329923,0.024425928,-0.03404588,-0.06898909,0.9508322,0.96793544,34346.547,58.953712,1316.4631,179.21405,327.258,182.3898,0.00061784976,97.20749,232496.6,DOS-HTTP_FLOOD
35.139206,5.2121067,72.31074,9576.484,0.04556211,0.18258192,0.26381895,0.11773183,1.0278866,0.028388744,0.06544967,102.93089,18.179611,2.015528,12.523737,0.69438034,-0.0062173796,-0.01786192,0.032970916,-0.022805076,-0.04128827,-0.026860163,1.1041882,-0.03680382,-0.043869622,-0.019947778,0.04752005,0.021391403,0.99749887,0.9885123,72299.02,60.847046,2562.064,760.95233,801.61304,780.8841,-8.954272e-05,102.34564,651665.56,DOS-HTTP_FLOOD
27.912376,6.8398027,66.6282,-2401.4053,0.04951194,0.17551015,0.31629786,0.08406305,0.4451336,0.00674406,0.011872942,53.786106,15.449243,3.515797,19.251009,0.53042156,0.03073833,0.041031398,0.020534601,-0.00041841995,-0.03912794,-0.074381314,0.8396511,0.04278355,0.0143724885,0.058165357,-0.04049126,-0.06243377,0.98112845,0.9614946,29314.414,59.577118,1585.2915,172.96417,432.4383,179.24341,0.0051437314,99.8866,249948.5,DOS-HTTP_FLOOD
35.5712,6.3558574,65.2634,15941.107,0.0058614556,0.42131305,0.06292164,0.21603933,0.6785624,0.056213632,-0.042843413,65.5531,35.27306,1.8816549,10.014253,0.61216277,0.06798294,-0.025868723,0.014855348,0.007657846,-0.029949524,0.0014959881,1.008571,0.000169795,-0.009673367,-0.05365801,-0.05480639,-0.06331145,0.92936635,0.98045516,63924.957,60.668663,3583.559,644.5413,899.9615,633.1146,-0.0009440957,102.89318,948593.0,DOS-HTTP_FLOOD
41.338272,4.1860256,79.88285,3240.8762,0.050476924,0.24159645,-0.10710556,0.32478482,1.0771334,0.023413029,0.05464731,94.88564,24.490295,6.32664,0.90149534,0.92667854,0.08070857,0.047087032,-0.047544234,-0.014134169,0.022728182,-0.057969444,1.1599935,-0.15165217,0.011007084,0.061850406,-0.042573802,-0.022000754,1.0038909,1.0146601,52664.3,65.4413,2513.7705,458.64355,663.3723,478.37143,0.00096683373,110.39415,437049.72,DOS-HTTP_FLOOD
29.464502,6.425522,62.993385,2226.4795,-0.023806736,0.24250789,0.049285024,0.15159278,0.52232385,0.03918215,0.0010511,64.24017,23.760157,0.9465354,5.9263735,0.64462715,0.032732446,0.010390788,0.03500734,0.06275454,-0.04689053,0.0023914594,0.88886243,0.031823184,-0.089409366,0.012065372,0.03086163,-0.03824791,0.9732653,0.91843706,87876.28,59.36539,2951.0032,951.31934,883.04926,968.25934,0.001044162,104.31858,878050.75,DOS-HTTP_FLOOD
35.992954,3.9451706,83.25986,221.16846,0.046996158,0.17314638,0.09400111,0.2860271,1.0016439,-0.004191884,0.015472063,92.85922,16.481153,5.3069887,5.824891,0.8564675,-0.0022476995,0.03258999,-0.006265496,0.0018223329,-0.0029889587,-0.01945063,1.0813575,-0.030916309,0.01056224,0.003506717,0.007404424,-0.0043799076,0.97222304,0.9886048,67222.45,62.810047,3125.5505,732.87256,852.6345,718.7301,0.0024248487,98.97314,669797.9,DOS-HTTP_FLOOD
27.791332,6.985546,61.63531,20961.47,0.049619175,0.19116382,0.43726462,0.07788224,0.4724528,0.06269879,0.04174781,54.6279,21.369698,1.1475589,19.645817,0.5462724,-0.024621708,0.0032614125,0.057130564,0.0069784746,-0.05213466,-0.0068447087,0.9273967,0.03905121,-0.0397739,0.004805641,-0.02304891,-0.07910943,1.0246801,0.9720958,42251.41,59.226852,2073.9133,422.63483,611.00433,455.2638,-0.00035835692,100.5022,494221.8,DOS-HTTP_FLOOD
31.94574,3.5908425,60.312428,7051.1533,-0.015255824,0.19047266,0.11744243,0.01756007,0.8342702,0.0365847,0.027242994,77.97748,15.959464,0.037279774,5.507846,0.22032546,0.79507273,0.014417831,0.08042616,-0.05807744,-0.081031986,-0.058280896,0.89931655,-0.09611873,-0.024499208,0.13500097,0.06814482,0.06348023,0.92234826,0.96526223,45980.9,60.54072,1029.5922,341.39178,305.60828,442.59677,0.0014192723,99.51262,199622.77,DOS-HTTP_FLOOD
21.415157,9.55483,73.58366,82.89697,0.03838636,0.1434011,0.25270534,0.12367529,0.3217129,0.008534186,0.0126944985,49.537964,14.927288,2.032668,16.798231,0.37209943,-0.0031708993,0.03870205,0.007890481,0.01317763,-0.025054622,-0.036641207,0.65582955,0.27756348,0.018210787,0.060325883,-0.019716032,-0.056701466,1.0112858,0.9754833,21280.023,58.264553,1048.583,127.032875,221.57413,128.41537,0.004039739,89.27484,69117.664,DOS-HTTP_FLOOD
43.597168,3.1000326,62.85576,-2238.6338,-0.056975152,0.36918274,-0.0759017,0.38677707,1.0924448,0.057519235,0.032455433,95.38701,32.544186,1.8927572,0.48126036,0.7318303,0.16629021,0.059016455,-0.024909014,0.06341828,0.0022148062,0.010779681,1.1663313,-0.11804372,0.028173774,-0.05315278,-0.09382741,-0.08374062,0.91852987,0.97560847,50966.258,71.918915,4001.1477,461.87076,874.0935,476.74896,0.0025594172,104.47828,681654.1,DOS-HTTP_FLOOD
26.328897,7.4920754,67.072205,1721.0315,0.01584599,0.18294655,-0.039856307,0.16890945,0.608152,0.015742084,0.062889256,68.784836,18.673727,1.5871143,0.26557967,0.525814,0.009784233,0.06603276,0.029928574,0.025360957,-0.0059252465,-0.020047927,0.7470474,0.17545389,-0.03214579,0.03592584,0.016488044,-0.1025428,0.9754364,0.92346644,33135.062,57.866776,1308.3773,209.4736,319.8577,223.86722,0.005994116,90.64735,172707.08,DOS-HTTP_FLOOD
28.043182,6.660013,70.039474,-3745.8013,0.09657778,0.24383493,-0.043499622,0.21996717,0.48020387,0.04177873,-0.06302827,71.72404,29.876577,3.1086233,7.04444,0.42082763,0.036233645,-0.039143518,-0.05330367,0.118811145,-0.040872715,0.039792918,0.7312357,0.14555544,-0.042176127,0.13411468,0.016914375,0.10738614,1.0054547,0.94856805,79208.125,136.44539,2997.0076,769.04816,758.77625,771.591,0.017778555,113.095566,635426.56,DOS-HTTP_FLOOD
40.099457,4.4771943,63.051838,26903.443,0.056815594,0.2709309,0.08031864,0.4065989,1.1462603,0.057721205,0.0756644,111.32556,22.390022,7.068199,10.686642,1.1001791,0.049267348,-0.013442289,-0.10373844,0.008497153,0.027779778,0.09294674,1.144749,-0.1620769,-0.023511518,0.041372046,-0.0028339447,0.056016255,0.84028393,0.97419924,79272.46,57.788326,3291.6934,863.56134,942.66144,791.2318,0.00087913766,112.686356,1.0610311e+06,DOS-HTTP_FLOOD
29.640408,10.401019,60.930653,8777.193,-0.065453656,0.29738995,-0.07762047,0.15725699,0.2786459,0.0662843,0.013702616,49.789734,30.930927,0.35360116,0.30874875,0.44340047,-0.05141462,-0.0017011911,0.023267549,0.041478805,-0.022209145,0.1041242,0.5332584,0.2504848,-0.02796533,0.12450703,0.010498221,-0.058805346,1.0158058,0.97496283,70466.92,136.02887,3153.4578,737.627,816.18945,832.24774,0.0004965951,107.5701,677063.8,DOS-HTTP_FLOOD
29.619232,4.578434,62.25209,-5185.974,-0.13667838,0.13143392,0.121986434,0.4126205,0.7524386,-0.008184283,-0.00010934891,68.695435,10.821649,0.18121135,15.992748,0.48388875,0.31118,0.073403895,0.017862694,0.015334264,-0.017750898,-0.09031823,0.9772678,-0.054827522,-0.042251676,0.015183017,0.050911948,0.03602633,1.0010743,1.0589705,81795.63,148.40631,2819.5579,1042.254,841.3273,1057.7833,0.0016000373,102.68864,614874.5,DOS-HTTP_FLOOD
26.916912,7.436495,68.20853,-2701.795,-0.024533195,0.13269515,0.22599904,0.109210685,0.4435664,0.06520645,-0.021183334,48.97305,12.8568325,0.42927992,19.231302,0.44743893,0.28462276,0.03645214,-0.008089607,0.044056196,-0.044163108,-0.017648872,0.82201153,0.09969335,-0.021228883,-0.0290454,0.015842175,-0.01000842,1.0109767,1.0481942,42106.0,60.81972,2531.313,395.06754,656.07196,367.47647,0.0014421066,103.02436,410342.44,DOS-HTTP_FLOOD
28.663198,7.0374312,70.336975,1137.5266,-0.045935657,0.25610033,0.23641083,0.19858186,0.4845583,0.023405889,0.013277831,51.92908,26.571398,-0.049500633,18.17084,0.27407047,0.032987006,-0.017925901,0.048014067,0.019348709,-0.03478515,-0.044896435,0.77930605,0.048672847,-0.03794694,0.06270383,0.01745706,0.019115133,0.95398176,0.9208502,33766.086,62.054462,1164.0647,247.50522,395.8392,290.65268,0.0066704527,102.774765,236889.03,DOS-HTTP_FLOOD
34.78122,4.737686,56.599117,6214.385,-0.033397645,0.35411823,0.09718804,0.18340336,0.6034408,0.061619934,-0.033937864,55.54063,34.9175,0.5060372,16.39469,0.63515246,0.024056956,0.015854958,0.045157604,-0.033785842,-0.02207952,0.055941597,0.9638941,-0.03225273,0.01957048,0.07303446,0.023786992,-0.057242904,0.85652643,0.8967424,56512.12,62.13589,2738.8975,743.0292,815.80096,735.9624,0.0005535409,92.6398,785516.2,DOS-HTTP_FLOOD
28.870975,6.4887295,63.01349,2924.1724,-0.006377483,0.2065641,0.09145647,0.1760068,0.7101266,0.024009708,0.05858299,72.66366,20.404432,1.561626,3.5066154,0.5029604,0.022471627,0.0062215608,0.002575228,0.0050494634,-0.005676176,-0.017723534,0.8910016,0.107910775,-0.035985027,0.046641096,0.0042095687,-0.03358753,0.9641225,0.89920807,31572.186,58.646107,1439.3936,298.758,413.28543,293.42212,0.0044444236,91.91202,231539.67,DOS-HTTP_FLOOD
26.2237,5.051202,53.87272,2900.978,-0.045818765,0.2014791,0.3833634,0.034570217,0.60190725,0.05865578,0.073403016,62.04251,16.116444,-0.11240982,16.714096,0.35655302,0.07656488,0.010691452,0.031987898,-0.048805,-0.044795964,-0.03876861,0.9155445,-0.041598037,-0.033362996,0.12614702,-0.05557234,-0.026877124,0.9532161,0.93959016,26170.727,59.1625,1079.0144,209.95868,326.19464,248.5184,0.0022727565,90.754486,207065.55,DOS-HTTP_FLOOD
32.183475,5.28442,59.793655,1205.9436,0.011706342,0.46236798,0.33760753,0.051919073,0.53924894,0.049557425,-0.002045224,50.28968,37.758972,0.7101613,18.549772,0.123998515,0.3593661,-0.0010639755,0.06955222,-0.073952526,-0.050457872,-0.057796277,0.9406312,-0.0042161862,-0.0052793976,0.049262173,-0.026635073,-0.0264995,0.9585362,0.94870406,19545.488,62.12177,547.66785,126.76621,107.64008,117.89836,0.0001457046,94.99811,42964.527,DOS-HTTP_FLOOD
27.185038,5.820782,56.607235,956.73315,-0.11248142,0.16809858,-0.0519757,0.2866352,0.6304082,0.018080266,0.04706859,72.78201,15.837074,-0.24131314,0.1540823,0.64658433,-0.047098473,-0.026229238,-0.03795875,0.054615207,0.022189174,0.057574358,0.8684557,0.092453904,-0.055225566,-0.028572388,0.0421725,-0.05783282,1.0137608,0.92893547,70201.164,59.934807,2799.9932,781.38763,811.1707,771.3353,0.0026167887,98.59472,686668.3,DOS-HTTP_FLOOD
35.659,4.956874,66.50921,4047.9219,-0.061195236,0.22951034,0.07762254,0.10598363,0.8189293,0.029434353,-0.02035465,72.463554,21.794544,0.9413873,9.534704,0.34834546,0.5375208,0.03200174,0.027335148,-0.01272621,-0.079889104,-0.010876929,1.0117545,-0.07035866,-0.045722034,-0.04102802,0.046360448,0.027084306,1.0063592,1.0025575,66201.75,88.901825,2282.894,667.3508,673.7548,657.6266,-5.826504e-05,100.83978,449523.06,DOS-HTTP_FLOOD
30.521713,4.694745,61.151165,4781.544,-0.061269928,0.10290519,0.090420395,0.18569541,0.7441233,0.015003448,0.024699412,69.2062,7.414506,0.18118414,3.8067458,0.61650693,0.02619327,0.07479269,-0.070123404,0.12694126,0.046640817,-0.005573351,0.94570684,-0.03564425,-0.050402567,0.0262663,0.027584955,0.0388086,0.9577855,0.948689,60057.992,89.687126,1550.4349,522.3447,514.6072,513.4553,0.0028498848,93.72244,348901.75,DOS-HTTP_FLOOD
36.763123,5.035888,95.91808,3563.8542,0.013552748,0.25943473,-0.19140296,0.31698447,0.76816267,-0.018889789,-0.018438669,73.76847,21.444414,6.964731,1.9349761,0.5731604,0.4761668,0.07416892,0.00034443103,0.087754354,-0.0011687586,0.063975975,0.93267035,-0.03756938,0.0070455177,0.008300374,-0.01744293,-0.096801154,0.9385294,0.9384273,49378.117,60.022686,3106.0627,339.531,665.9663,341.27106,0.0058337175,112.62372,587283.7,DOS-HTTP_FLOOD
27.294441,7.5414314,71.56553,22464.432,0.014271865,0.11562295,0.11900942,0.1466703,0.6871469,0.045931846,0.022945736,72.31331,11.071137,2.6220412,6.9460096,0.4491099,0.17526789,-0.02126864,-0.0025302637,-0.0038991077,-0.026941726,-0.03713316,0.82934916,0.09798672,-0.035422407,0.017167933,0.011992472,-0.04643349,1.0294598,1.000362,56692.51,58.832745,1620.5452,509.6501,407.4564,483.95007,0.000116305935,99.4747,233223.95,DOS-HTTP_FLOOD
27.625315,5.9405575,77.72763,1102.4272,0.06967357,0.15984432,0.13655879,0.28024325,0.62704664,0.060652696,0.004014245,60.8089,14.009295,3.7841997,8.878838,0.52112556,0.0915731,0.04324419,0.030621752,0.013576385,-0.0034313253,-0.023557013,0.8558728,0.13178162,-0.019379364,0.051447302,0.014293047,-0.039120797,0.9505909,0.9436825,30124.896,57.804855,1961.7328,245.98428,466.53122,226.85272,0.0075953654,84.08324,302791.7,DOS-HTTP_FLOOD
25.076904,7.5471835,78.10456,105.36914,0.022378922,0.14778304,0.19922724,0.12174429,0.5627279,-0.012088758,0.027180847,51.484478,13.019418,2.6294873,10.794005,0.5325356,0.020608736,0.0016684411,0.026169697,-0.02649023,-0.031842884,0.0042299647,0.8024469,0.10686555,-0.06086252,0.032723162,-0.0061178487,-0.03887397,1.0249743,0.99247193,47862.23,58.00659,1807.9513,360.011,487.6934,368.22635,0.00095025706,89.30889,313081.3,DOS-HTTP_FLOOD
29.997086,6.9165316,104.27626,35958.742,0.058522187,0.14768542,0.19987942,0.28255448,0.910963,-0.026629249,0.08711382,100.26149,13.2624035,5.818214,9.101345,0.39377347,0.10693266,0.030066714,0.019693924,-0.012171044,-0.07459549,-0.113559335,0.9487003,0.021532482,-0.026988346,0.0835807,-0.015579933,-0.010996898,1.0278782,0.96173507,41461.47,58.8101,1220.7083,389.84003,273.8418,339.89618,2.3031767e-05,112.98345,141778.97,DOS-HTTP_FLOOD
34.281387,5.759447,82.86721,1578.4822,-0.07808513,0.24053793,0.18731272,0.19470397,0.93322456,0.03420736,0.044917174,94.75255,24.27433,-0.29535466,6.836275,0.4929579,0.017757507,0.0010953564,0.040794365,0.06383599,-0.04510634,0.020232888,1.0210463,0.01642743,-0.03258632,-0.0034893537,-0.052456763,-0.015172517,1.0008718,0.94717836,48621.18,60.41179,2292.9224,425.98386,645.4858,458.37335,0.000857404,101.33481,481804.1,DOS-HTTP_FLOOD
36.90706,7.2729897,67.2496,6700.0527,-0.04224557,0.18920253,-0.07511778,0.36255777,0.8620741,0.041486777,-0.007905745,90.6371,17.010738,2.3415062,0.3083818,0.70507145,0.063850395,0.022463137,-0.021206021,0.04982974,-0.026530532,0.040080942,0.9243707,-0.007635351,-0.018416906,-0.08484806,0.06640491,-0.0013728999,1.0228595,0.95727426,75612.586,90.767914,2149.9526,787.80426,694.9606,825.4112,0.00038213347,112.580124,529928.2,DOS-HTTP_FLOOD
29.33246,6.8002567,72.1809,46844.836,0.010086213,0.20854433,0.24610983,0.15567385,0.70688754,0.08645484,0.03099513,77.947075,20.65446,0.6305599,16.526218,0.5221046,0.13072775,-0.0036151614,-0.0017342903,-0.016338533,-0.055261917,-0.06844273,0.96382624,0.05950761,-0.0076477155,-0.019450873,-0.02823374,-0.019643942,1.031754,1.0384085,73718.18,57.848984,2855.2607,912.5299,783.55725,872.7272,-0.0015644951,102.779724,575998.7,DOS-HTTP_FLOOD
32.881058,7.854842,70.49625,12847.932,-0.034476653,0.18662558,0.08998667,0.22873473,0.70441014,0.030040156,-0.005491243,74.31542,18.343962,0.41827244,15.530958,0.6169071,0.021260697,0.07244514,0.023761842,0.045850493,-0.0131462,0.09822392,0.8545842,0.060263876,0.040253494,-0.053974707,0.012485086,0.033863105,0.9822047,0.92498237,58995.87,86.78984,1941.1184,702.9687,600.46185,658.17816,-0.00036314264,99.44908,471351.8,DOS-HTTP_FLOOD
35.27966,6.1447296,72.34242,3591.7847,-0.051659193,0.20984486,0.09796813,0.38034645,0.8511654,0.018736549,0.011305959,83.82919,19.653069,-0.16919774,10.754963,0.6318075,0.05911965,0.012287031,0.026364008,0.054961793,-0.033033334,0.023781333,1.0399653,-0.013668592,-0.021214083,-0.03743677,-0.008815261,0.0033035409,0.99249583,0.9364297,69694.77,62.253864,2625.6753,683.4581,775.83813,694.24097,0.00029685712,100.737076,702227.7,DOS-HTTP_FLOOD
27.940437,7.816612,62.310764,11777.125,0.00072624534,0.241044,0.09197703,0.15351962,0.66365206,0.049369268,0.15091316,81.20973,23.195526,1.2402774,6.724306,0.40828902,0.088724464,-0.03230633,0.06541793,0.030048033,0.0010331813,0.041917395,0.80732733,0.07475299,-0.061801292,0.09571124,0.0028409623,-0.08679342,0.97966856,0.9473993,37159.54,57.31965,1465.8274,301.10098,342.3278,320.92435,0.00074347557,105.83387,231770.3,DOS-HTTP_FLOOD
34.503983,5.1786957,65.39002,3902.146,0.06970795,0.23395693,0.03756707,0.18383883,0.7457307,0.025384132,0.0195286,74.822754,21.446798,6.7466836,10.888138,0.7616496,0.22461818,0.023897335,0.021387523,0.09232724,0.0063404953,0.017232426,1.0215225,0.0024331321,-0.040308245,0.09963896,-0.08554018,-0.04011236,0.96031463,0.92262393,55687.93,59.180973,3193.14,516.09424,748.82806,477.98743,0.0034356813,99.34948,706829.56,DOS-HTTP_FLOOD
22.523924,8.923847,80.705864,756.95435,-0.010735205,0.14222051,0.07187291,0.22015773,0.31674728,0.0012931187,-0.030284114,58.764874,13.927311,1.4132732,16.42988,0.5800206,0.012614931,0.06568446,-0.03314188,0.08004822,-0.08776147,-0.021133255,0.6695894,0.24384145,0.053270552,0.101263314,-0.029998777,0.027877685,0.99958605,0.9600486,68138.94,57.97109,3765.9822,647.04645,862.7606,630.5217,0.0142757865,97.04272,642137.56,DOS-HTTP_FLOOD
29.164875,6.830477,85.71394,7239.329,0.056313314,0.16271709,0.14698932,0.07969611,0.6778755,0.03048274,0.04461262,79.22671,16.213314,1.8080513,7.1842985,0.572379,0.02344167,0.03121186,0.03907304,0.015211637,-0.05516381,-0.028324982,0.8603654,0.15421048,-0.014036633,-0.007821822,0.027922085,-0.037095506,0.98567015,0.95428073,50965.99,58.92153,2880.1484,521.45856,628.03015,489.90546,0.004546799,105.12542,456807.03,DOS-HTTP_FLOOD
25.034279,7.1323543,64.78398,5883.2695,0.055800676,0.106308356,0.25182545,0.13575368,0.6330803,0.008917311,0.032746553,61.879097,9.484814,4.1618834,11.8256,0.426483,0.10752179,0.001592976,0.03875328,-0.0429416,-0.023251042,-0.025145762,0.85554457,0.10335205,-0.02456398,0.025424885,-0.03260369,-0.047749445,0.99582124,0.9735942,51409.293,57.241962,1425.8635,377.54684,390.8325,376.23065,2.558314e-06,90.707,263679.5,DOS-HTTP_FLOOD
30.19716,8.710581,63.63008,4085.8867,-0.02233862,0.17049323,0.1249868,0.15763655,0.7221579,0.0729144,0.026339356,93.71662,18.03348,0.2643399,8.809269,0.59057003,0.08267402,0.022925036,0.080937475,0.03351628,-0.04765287,-0.058825593,0.8765532,0.057738736,-0.06137013,-0.03889238,-0.035171382,-0.003341129,1.0070572,0.9590199,100924.85,60.386333,4068.936,971.3105,1045.5166,979.78186,-6.157167e-05,116.379524,1.0940894e+06,DOS-HTTP_FLOOD
37.67156,4.9095993,65.86776,5244.2827,-0.003812965,0.78286225,-0.05677124,0.023283483,0.35410982,0.015882174,-0.07774941,18.468689,39.698185,0.16689375,2.3303792,0.086488314,0.42588326,0.01684398,-0.014362868,-0.05400419,-0.05871691,-0.020060107,1.0429165,-0.066636145,0.025592446,-0.046156477,-0.081343114,-0.02824598,1.0045388,1.0089891,21649.637,65.92409,1548.3826,326.2526,467.50574,328.19003,-8.2232626e-05,91.51194,401530.12,DOS-HTTP_FLOOD
31.654163,5.4430885,82.85417,928.6282,0.065101564,0.18277009,0.02038805,0.15812771,0.84549224,0.03125971,0.025989646,87.031265,16.97802,4.646632,3.8302467,0.5883523,0.0993578,0.04621458,0.031044923,0.01832828,-0.025170345,0.041000176,0.9064067,0.11359371,-0.001614017,0.047750216,-0.03883018,-0.05163981,0.96076065,0.92526937,23570.955,57.853344,2314.6345,128.61404,423.3854,129.31126,0.0066271857,94.977036,230368.88,DOS-HTTP_FLOOD
27.025063,9.338259,65.51506,46217.53,-0.054247867,0.13885596,-0.13581562,0.2453163,0.40417323,0.03723226,-0.06735905,64.207565,11.772001,0.65954417,0.61320955,0.545003,0.18550046,-0.0058648596,-0.017923787,0.17391491,-0.013932578,-0.029662888,0.6868893,0.21237524,-0.082070395,-0.005152456,0.046403676,-0.10278509,1.1234069,1.0201284,88319.4,91.89048,1988.1746,813.65784,420.47217,824.3509,0.00071458763,106.49516,505925.34,DOS-HTTP_FLOOD
32.829803,6.457564,82.77086,784.3679,-0.0199541,0.2999021,0.28411043,0.10494945,0.88481575,0.06601421,0.031188104,95.31661,30.64269,-0.06352771,10.604543,0.2821706,0.060269464,-0.037748896,0.027577661,0.06889057,-0.00077438075,-0.0179254,0.9288027,0.011719976,-0.0009732717,0.03710345,-0.07769635,-0.03816696,0.9928626,0.8980475,31854.838,59.351547,1371.9625,244.94034,462.43442,294.937,0.0012104642,103.490036,283867.78,DOS-HTTP_FLOOD
36.287716,4.942544,63.889797,10995.893,-0.055432312,0.50055516,0.04447876,0.17175399,0.53083986,-0.004220185,-0.035538085,43.080006,35.021267,0.35681945,8.72126,0.6204724,-0.049894135,-0.004100916,0.06310086,-0.020350737,-0.010593893,0.11411677,1.0708836,-0.052700765,-0.00059517333,-0.02641045,-0.07516593,-0.02549833,0.99031967,0.9640808,47902.652,66.922005,1857.4049,477.02582,646.2438,461.40503,4.3879612e-05,95.79927,767869.9,DOS-HTTP_FLOOD
30.563572,5.5107756,70.20972,-32.461426,-0.026778199,0.1300272,0.0971926,0.2697685,0.79687595,0.042323083,0.03532675,83.94739,9.504438,0.70609665,8.03429,0.53962576,0.23709801,0.06026748,0.0032937247,0.009405645,-0.01928225,-0.017004851,0.9313974,-0.038650416,-0.059034806,0.02988284,-0.011253584,0.018850327,0.96253383,0.93221414,72678.03,59.20646,3172.7585,598.34814,801.8058,587.49286,0.006406109,110.25995,646497.4,DOS-HTTP_FLOOD
34.12596,5.837402,67.11068,6278.583,-0.05425133,0.20810507,0.0073979325,0.09193332,0.7666704,0.091766104,-0.04339349,82.19916,17.589909,2.5416117,9.273861,0.6110019,0.23015928,-0.025615087,0.0037846016,0.051530838,-0.108855635,0.043685555,0.9683579,0.03578894,-0.030861897,-0.08427915,0.02178574,-0.043393582,1.0299395,0.99526256,97884.52,79.58719,4093.6604,1088.7887,990.52856,1054.5819,2.8243347e-05,102.4365,1.0501785e+06,DOS-HTTP_FLOOD
34.62391,5.07205,66.88116,2279.429,-0.004684059,0.31488094,-0.11110819,0.20624109,0.74319744,0.022519637,-0.0719039,69.090385,27.741919,5.340819,3.7510614,0.3031435,0.730572,0.03354574,0.008254004,0.018691512,-0.11449261,0.034418978,0.9184827,0.012906211,0.02842721,-0.026326133,-0.02970438,-0.1175728,0.92465866,1.009291,75552.17,70.84631,3626.4036,765.6697,917.462,775.65027,0.0018793494,105.91256,1.1288098e+06,DOS-HTTP_FLOOD
30.296513,5.821728,64.11418,-1527.2373,-0.05448435,0.17770864,0.054778494,0.21702214,0.70150673,0.015315855,0.009899373,76.84326,16.406265,-0.032045394,6.843481,0.65489227,0.1742829,0.064472884,0.010091107,0.08268409,-0.07364484,-0.08994996,0.9777701,0.011227468,-0.046937853,-0.0035254983,-0.00620591,-0.012105516,0.99298507,1.039478,109589.31,63.869167,4623.0503,1358.293,1207.496,1368.8236,0.0007096066,109.42357,1.1950402e+06,DOS-HTTP_FLOOD
26.25031,6.790866,59.007294,4564.141,-0.039783508,0.347445,0.02052271,0.08874702,0.3432634,-0.013124159,-0.0034103915,41.812103,24.258615,-0.1272776,3.7370217,0.25228837,0.2553823,0.019994749,0.026870921,0.0028308574,-0.013558008,-0.04817675,0.8024525,0.093188986,-0.027780179,0.11130608,0.026936365,0.003746422,0.95584637,0.9328111,36328.29,61.56085,444.8155,198.67319,77.61989,260.49002,0.0017253413,90.44532,47830.957,DOS-HTTP_FLOOD
36.3948,3.6307817,47.22265,13908.18,-0.02850852,0.31837046,-0.01183648,0.19382158,0.7956837,0.05886123,-0.009616855,71.47674,29.432175,4.4010034,6.3352623,0.6279332,0.44683313,-0.0015860097,0.024517251,0.04416064,-0.037765943,0.054030973,1.0254118,-0.10631935,-0.042052165,0.084360465,-0.016383525,-0.04718417,0.87729096,0.8465963,50553.895,62.681477,2423.6284,518.6743,771.3932,507.0662,-0.000518951,91.992096,807121.6,DOS-HTTP_FLOOD
23.957777,8.32821,61.261612,-2195.9849,0.032561168,0.14645553,0.030578943,0.26159188,0.44090346,0.054538958,-0.032972105,73.76181,13.5771885,2.451659,13.644917,0.6231152,0.006536428,0.053242348,0.058940925,0.048548024,-0.028037969,-0.0125725,0.7369645,0.20611997,0.047512874,0.06726209,-0.0325378,-0.053572364,0.9555515,0.9314831,87869.38,59.16026,5531.12,721.57324,989.88446,708.2071,0.0033610885,112.716446,902079.06,DOS-HTTP_FLOOD
32.1138,5.480143,73.70805,8393.462,0.033267155,0.27394667,0.33926454,0.13399367,0.62476784,0.07187916,0.037344698,56.84745,27.727707,0.846431,19.006565,0.32645422,0.22803605,-0.019870352,0.05588675,0.0067986036,-0.033918664,-0.03434172,0.99341244,-0.015159624,-0.022908738,0.02050346,-0.0035351329,-0.041029684,0.95114326,0.9895796,31444.283,60.813602,1323.0094,258.4407,352.89346,264.29724,-0.00028249162,98.416855,203698.08,DOS-HTTP_FLOOD
35.391754,5.5595503,64.55281,56928.508,-0.10156171,0.19911133,0.10484512,0.034102693,1.0321075,0.058539774,-0.07890464,103.6395,21.014557,-0.0057636853,2.2423074,0.44886306,-0.004149446,-0.030701691,-0.00194313,0.05240873,-0.09814403,0.006571603,0.91920596,0.105564706,0.019581124,-0.13736328,-0.04251394,-0.029976476,1.0475038,0.941812,61788.93,104.40936,3137.947,755.97363,781.61676,743.9462,0.000311695,104.28491,491625.88,DOS-HTTP_FLOOD
41.513573,5.0938263,68.55661,7033.9307,0.014196552,0.36904603,0.13865982,0.12445332,1.1063052,0.026138432,0.07648792,105.006065,30.220642,0.024450894,4.8729386,0.50086427,0.2998119,0.007783677,0.05974993,-0.0007664133,-0.055151884,0.033378985,1.1019149,-0.08063864,-0.06776972,-0.046433814,-0.057300143,0.0028541125,0.94419646,0.9116469,52660.8,61.937126,1907.7697,461.5287,569.55493,490.97275,8.855814e-05,101.96706,552282.75,DOS-HTTP_FLOOD
28.821552,7.1553345,105.235794,2870.0864,-0.07137711,0.30375418,0.16435288,0.10022535,0.58302546,0.030255571,0.0029278314,62.637653,30.057783,0.7803167,11.251896,0.115337044,0.4829373,0.06158965,0.06829887,0.04093058,-0.11307151,-0.041235976,0.8567761,0.08706662,-0.029369306,0.04985728,-0.016449993,-0.04616417,0.9810084,0.9545576,43823.977,60.407475,2588.6714,367.58646,580.70575,389.03485,0.0016212274,101.215096,365333.47,DOS-HTTP_FLOOD
32.95079,6.6121526,67.440346,-754.3247,-0.06370253,0.20395756,0.19555883,0.1315379,0.6913085,0.0035589556,0.014861392,74.2811,18.10827,0.704192,16.872532,0.72198784,-0.022184214,0.045464754,0.022141894,0.024083994,-0.06347901,0.017018259,1.001274,-0.039302755,0.019211916,-0.015934877,0.057718128,0.012026442,1.0268247,1.0397158,75064.19,129.51028,3065.8862,781.3853,836.76764,796.57367,0.0003258756,108.36686,613146.7,DOS-HTTP_FLOOD
30.556087,5.3161445,63.522854,-3301.1255,0.010814899,0.16416542,0.29483712,0.19877525,0.594894,0.021149911,0.04502268,65.16332,16.480278,0.62165993,19.300167,0.7888443,-0.06129375,0.00038699247,-0.005358779,-0.0019204058,-0.018654991,0.010021822,0.96441776,-0.009772967,0.00022464432,0.010839725,-0.061346,-0.048049793,1.0343602,0.9800092,51213.59,63.330208,2855.2185,509.16458,794.5065,524.2316,0.0032853142,105.57269,646106.56,DOS-HTTP_FLOOD
30.723879,6.066827,60.711094,6446.1753,-0.0867288,0.24387553,0.016573608,0.43219087,0.65758276,0.09440586,-0.022156578,67.92266,23.002735,-0.06246118,8.043141,0.64938337,-0.023048578,-0.0384069,0.038313292,0.01218934,-0.028417008,0.0757035,0.95024645,0.03101034,-0.07726414,-0.044376098,0.024531882,-0.042623065,0.9828,0.9602884,87253.21,67.15216,3082.0596,1203.521,965.9486,1144.0424,-2.1459273e-06,101.82585,1.0815221e+06,DOS-HTTP_FLOOD
24.17449,6.910664,83.76668,-1222.123,0.009231287,0.14223431,0.07940319,0.23357378,0.5995878,0.036761757,0.041830152,75.221405,13.837282,3.9311404,10.644136,0.47281086,0.1368811,0.03911179,-0.062541656,0.026209904,-0.05019868,-0.036715284,0.76878303,0.20188159,0.042530965,0.07478644,0.025283579,0.028168488,0.9607627,0.95430493,59540.555,58.49047,3623.7803,573.24176,757.1474,552.0573,0.010239756,97.236465,465984.8,DOS-HTTP_FLOOD
29.010244,6.55449,61.815807,6789.4956,-0.008022635,0.14993253,0.09134637,0.46695015,0.9234253,0.0026706564,0.037974544,103.24771,13.814326,2.0328279,4.897007,0.6546789,0.040952712,0.013997311,0.010745683,-0.015365813,-0.008492826,-0.10067991,1.0087153,0.0005119778,-0.016917953,0.05382803,0.0008614361,-0.028836306,0.98012316,0.9388424,65339.164,53.842438,2526.768,622.8092,691.7255,699.16974,0.00057258684,110.15821,521386.3,DOS-HTTP_FLOOD
27.828438,7.5935106,63.94761,8650.29,-0.11605562,0.1527371,0.06096515,0.09599241,0.5741133,-0.004044892,-0.045355543,61.804375,15.856562,-0.18348561,6.1501813,0.6176021,0.005997094,-0.02244854,0.008585992,0.03173243,-0.048150286,0.0105546545,0.86730695,0.12270824,-0.024065526,-0.021093551,0.016987476,-0.040474467,1.0280561,0.98871565,83410.01,69.370125,2756.2004,982.2057,870.5185,989.8793,-0.00031588343,99.25151,823407.25,DOS-HTTP_FLOOD
29.076916,5.8427553,123.10477,5619.258,-0.009825173,0.2444276,0.023069404,0.16408925,0.77227783,0.12849373,0.016277866,106.61638,26.756886,2.0533922,0.86019135,0.4655656,0.0058442834,-0.024972204,-0.028427228,-0.019667942,-0.08881192,-0.0038608583,0.7906996,0.061741304,0.049667988,0.116181664,0.055003613,-0.023927491,0.9723208,0.92133826,59507.707,55.432655,4210.0996,467.89163,830.77704,467.0678,0.007802185,122.56923,726482.6,DOS-HTTP_FLOOD
32.801132,5.480134,103.16485,-449.37842,0.048720174,0.26848793,0.027959809,0.27834597,0.7538962,0.04956927,0.044017628,98.01836,27.981747,3.5847828,2.2396073,0.66085374,-0.024274023,0.06634437,-0.039589673,-0.0050430093,-0.021302223,-0.044485778,0.85794425,0.12392745,-0.026073158,0.04052015,0.05241001,0.003670333,0.9686923,0.9356374,54553.832,56.9846,3365.174,578.9286,801.3762,577.46204,0.014627155,105.571266,589275.3,DOS-HTTP_FLOOD
27.067974,7.9895954,78.34005,-1103.3496,-0.03843749,0.24260925,0.03125004,0.09987059,0.5555467,-0.03063094,0.041357256,65.13216,23.69999,0.027672593,3.1221664,0.4737239,0.04713277,0.043783788,0.03095607,0.03597586,-0.018021181,-0.029151903,0.7792778,0.12989432,-0.059136827,0.023003738,0.011791144,-0.06841336,1.0051285,0.97309107,69927.28,58.012413,2777.0,640.9129,753.4298,679.00653,0.0015217003,100.71971,666614.44,DOS-HTTP_FLOOD
24.607647,6.3854823,58.2087,4529.573,-0.014710434,0.07762113,0.2739453,0.13251145,0.5965015,0.03491104,0.02827676,56.900665,6.4490423,2.626573,14.828696,0.560828,0.014783305,0.0039127516,-0.020894866,-0.08995191,-0.013159623,-0.015669823,0.88984674,0.04082561,-0.029761255,0.04990197,-0.023537643,-0.028149355,0.9600556,0.9675959,46875.027,60.66006,1625.9415,417.707,484.9346,416.1683,6.608835e-05,87.99787,276612.66,DOS-HTTP_FLOOD
37.667007,3.565119,64.218,4346.1196,0.027379643,0.628293,-0.087753,0.12043893,0.565208,0.013752994,-0.035543747,44.370014,34.88625,2.3817925,0.5995767,0.33446813,0.5285239,0.056072675,0.039176363,-0.026845725,0.012850214,0.013521349,1.0311384,-0.13299078,-0.011643387,0.019232012,0.03600785,-0.0030832645,0.966449,0.9619288,25088.973,62.910633,742.13336,127.0451,145.42783,159.86577,0.0003773708,93.27516,89695.805,DOS-HTTP_FLOOD
26.453295,7.394372,63.091587,29473.05,-0.006379802,0.14399815,0.26667738,0.082120724,0.50495684,0.08182265,-0.024474632,51.95174,13.467574,0.7242465,16.117971,0.4720479,0.017017273,-0.031087806,0.028805833,-0.046382733,-0.053628698,-0.02459979,0.84374315,0.061711635,-0.06498691,0.015858764,0.02690754,-0.016392326,1.01712,0.9956716,50702.785,60.250847,1636.6064,519.0167,525.20996,511.6748,-0.00089365366,91.51906,321835.8,DOS-HTTP_FLOOD
32.984623,4.755442,66.680115,3006.477,0.04510708,0.06696512,0.16039255,0.21196397,1.0126324,0.0429219,0.018306486,99.8182,5.4397206,2.128096,5.041468,0.74544454,-0.07221937,0.03706574,-0.0047660246,-0.005172859,-0.009722535,-0.019240782,1.0582547,-0.02485019,0.0013218005,0.015008346,0.018816296,0.024577223,1.01429,0.9772974,68117.484,64.75141,2112.2769,690.54,704.63904,712.9617,0.001053672,104.352165,569402.2,DOS-HTTP_FLOOD
22.237766,14.04329,68.16882,1035.7009,-0.13742968,0.2848351,6.720889e-05,0.20335157,0.1351858,0.071526036,-0.06556422,59.08069,33.187252,0.53280497,4.1725845,0.3802474,-0.15146804,-0.038459808,-0.013630467,-0.17657802,-0.028670935,0.0767474,0.51357687,0.4624234,-0.028442191,0.104907036,0.076073796,-0.10288455,1.0241809,1.0647008,92136.63,150.21936,4429.655,1332.867,1046.6646,1421.5962,0.0017127595,129.88191,778162.4,DOS-HTTP_FLOOD
29.576466,7.274824,70.58284,4634.1084,-0.01696507,0.2625799,0.047192838,0.10409211,0.57066953,0.027735272,-0.04376031,61.818108,28.601006,-0.048764195,4.2314014,0.49204165,0.040401544,-0.0025204476,0.06056584,0.0008723419,-0.026444813,-0.0396586,0.8550046,0.08271913,-0.037682723,-0.015766496,0.028107092,-0.03235992,1.0068944,0.9761941,71733.52,59.58792,2706.7417,685.3249,686.93414,673.7202,0.0006183609,106.16641,646217.1,DOS-HTTP_FLOOD
28.289757,9.488577,70.312004,8273.832,-0.07206843,0.28579125,0.105468884,0.26838413,0.5219314,0.082735345,0.054431424,60.930756,28.42491,0.47782314,12.227737,0.63232654,0.05996553,-0.022806846,0.043055505,-0.03369065,-0.045558773,-0.06458842,0.8114329,0.03919471,-0.058919568,0.05254047,-0.030360285,-0.06926443,0.97875977,0.9886951,91893.59,56.5288,3683.1494,1011.1821,1149.9728,1032.8125,-0.00036458753,110.588715,1.1716365e+06,DOS-HTTP_FLOOD
29.205917,7.615548,86.71529,2854.4797,-0.007454445,0.16218162,0.19109818,0.31850493,0.64183664,0.018906549,0.053272344,69.1725,15.416345,0.3480304,17.998146,0.5857561,0.024045426,0.016986862,0.030028116,0.027113313,-0.039963916,-0.046332076,0.8956295,0.03842395,-0.009130139,-0.022233032,0.0059310673,-0.021368518,0.98322517,0.97424173,64157.004,59.637886,2377.8591,728.6512,731.24097,711.3689,0.000349075,97.760475,587570.56,DOS-HTTP_FLOOD
33.407047,4.1845455,84.901855,-1806.7393,-0.011746501,0.13010854,0.30431134,0.16967033,0.8504895,-0.035565317,-0.006189046,85.73293,10.884346,1.7763352,18.450335,0.7156764,-0.02072092,0.04601734,-0.05693779,0.077788204,-0.03612044,0.07303328,0.98587954,-0.07638933,0.027247362,-0.011113478,0.013937697,0.06800862,0.99214226,0.9631201,55310.645,72.01144,2660.4966,576.30457,792.4951,531.12305,0.0062258723,105.659546,602844.75,DOS-HTTP_FLOOD
25.767681,7.837895,89.34744,13981.262,0.03949772,0.13042526,-0.018268758,0.10550008,0.6316759,-0.036089156,0.043127917,74.60895,12.278627,1.0174596,1.6319333,0.5725746,-0.022983227,0.024222692,0.01344949,-0.017119698,-0.054879077,-0.04078247,0.7628007,0.15958709,-0.016245568,-0.005884352,-0.008929599,-0.0524888,1.0642668,1.020997,68786.16,56.747704,3065.2974,635.2728,721.1984,637.5668,-0.00032092858,102.54523,589227.56,DOS-HTTP_FLOOD
34.57954,4.433193,69.87269,3198.4785,-0.023859514,0.53196543,-0.014230554,0.07508954,0.54095095,-0.003224071,-0.05846115,38.75023,35.492508,1.9633832,3.6405144,0.28376544,0.50688833,0.052179158,0.024461985,-0.057872698,-0.04269496,0.008097104,1.0514357,-0.0032549498,0.048694223,-0.011872648,-0.079217285,-0.022736266,0.9835389,0.995901,33161.203,63.575058,2346.3413,341.64923,606.21564,370.25778,0.00032858097,93.57221,456609.22,DOS-HTTP_FLOOD
33.85472,5.747009,95.439445,8196.342,0.018724108,0.21728967,-0.038953662,0.112872384,0.7026586,-0.06083334,0.011459953,63.925003,20.034634,3.325468,0.54849106,0.8044335,-0.05713137,0.072870806,0.010633118,0.05817795,-0.03875188,-0.050076973,0.91390985,0.009141722,-0.012070289,0.00584614,-0.0039342884,-0.086104095,1.0245178,0.9973214,59149.598,63.49886,2621.4114,568.8402,734.0214,563.1772,0.00070894486,92.894035,605247.7,DOS-HTTP_FLOOD
30.08332,5.7548246,71.76183,-6533.6753,0.0055672135,0.23403692,0.3406194,0.100527465,0.6624196,0.0015772559,-0.001341172,73.10155,26.524446,2.5917597,19.673368,0.43957216,0.12079932,0.00025912188,-0.03330688,-0.0011655083,-0.026405472,-0.003380715,0.96492755,0.03525491,0.050412994,-0.008625732,-0.023382284,-0.028726924,0.99760705,1.0307765,24700.361,61.11381,2040.4785,228.21863,488.79266,237.73956,0.0024805903,106.42367,260526.94,DOS-HTTP_FLOOD
26.112598,7.770694,63.307636,3351.6929,-0.06689433,0.108406,0.039013732,0.26956668,0.4386973,0.025322057,-0.020796405,52.92924,9.654268,-0.0041910727,17.668566,0.5248128,0.15428013,0.06151437,-0.02059919,0.0140808355,-0.025374271,0.02975248,0.7683744,0.07153362,-0.039444122,0.009508215,0.035451483,0.02306153,0.98172367,0.9811383,65764.98,80.08254,2085.9219,699.52515,630.66284,677.9079,0.0025035057,99.70221,471039.38,DOS-HTTP_FLOOD
33.381416,5.0463123,86.52683,1197.779,-0.036575083,0.06107778,0.28068203,0.26961485,1.0245597,0.04109645,0.01837999,90.42939,5.205454,0.96652335,9.191839,0.48177004,0.067276314,0.018354781,0.0060491683,0.028889116,0.0019021565,-0.0025223987,1.0409366,-0.01054582,-0.017702822,-0.010925057,-0.0069916854,-0.0005938206,0.976844,0.9473879,39769.355,67.18137,1497.0446,328.04712,491.8341,336.6983,0.0033851196,93.17193,301096.62,DOS-HTTP_FLOOD
28.859657,8.164501,69.982635,3170.4219,-0.03214756,0.18997343,0.18931256,0.16439615,0.5844594,-0.0026387367,0.04054092,65.277725,18.384224,-0.08768244,11.783023,0.5856019,0.0045571434,-0.0044066925,0.06053135,0.004827883,-0.019884577,-0.011648679,0.82810104,0.050217394,-0.04768632,0.011512273,0.01604159,-0.014275273,1.0141062,0.9615387,74416.75,59.87928,2654.2188,662.98724,780.9487,707.6925,0.00059320504,105.00614,696229.25,DOS-HTTP_FLOOD
31.091625,6.100714,64.06498,23330.404,0.0873907,0.14335494,0.0575492,0.270517,0.8587987,0.06798007,0.084436305,100.285576,13.027628,6.7351003,5.622334,0.6966955,0.05872775,0.019115357,-0.016158365,0.003770627,-0.018951938,-0.006720978,0.96164894,0.018941654,-0.031866938,0.01845206,0.024652526,-0.00040424988,0.9973335,0.91873014,80025.46,57.56577,2669.7905,864.0152,783.12646,828.5083,0.0001624836,107.382034,628725.0,DOS-HTTP_FLOOD
23.912647,8.64316,65.84727,-2504.4604,0.05442883,0.18673386,-0.07808452,0.09661845,0.505127,-0.0035914285,-0.021973513,66.506065,20.851406,7.768212,0.19168916,0.5351887,0.027671177,0.020333903,0.085879125,0.07807385,-0.052999042,0.030098567,0.71608037,0.26054156,0.009639842,0.006389364,-0.00088757835,-0.04797452,0.9962254,0.86261123,71319.516,59.340004,2492.884,704.01984,686.578,722.0494,0.005641794,97.68283,623766.44,DOS-HTTP_FLOOD
31.210594,5.4533744,68.987175,1258.1858,-0.098286785,0.12168304,0.068173945,0.170101,0.80078167,0.040309347,-0.019823631,83.32904,12.506962,-0.27365586,8.965212,0.51981336,0.29979846,0.009981919,-0.010183234,0.05871709,-0.056114048,0.0093501145,0.9530088,0.06517982,-0.07986159,-0.06709546,0.057305675,0.024707804,1.023651,0.9880897,83485.62,66.68759,3431.2888,921.18,857.8825,884.38367,0.00066355703,99.91546,721187.3,DOS-HTTP_FLOOD
33.891567,4.979475,79.05329,-1979.1987,-0.023887519,0.26835033,0.07789039,0.4467531,0.77157605,0.035214413,-0.010396927,74.54369,26.107384,2.0283847,12.670969,0.5808164,0.30800185,0.05570132,0.021364048,0.06865339,-0.03163258,-0.047404736,1.0216056,0.004382729,-0.0071072434,0.02724155,-0.03696159,-0.05104957,0.97248536,1.0147136,75198.6,63.14499,4031.4324,836.3887,1002.1341,833.5708,0.0038666378,102.0878,895800.8,DOS-HTTP_FLOOD
25.439518,9.53831,62.240444,771.12085,-0.11910078,0.17699383,-0.103252195,-0.0023145014,0.51101404,0.050948612,0.003009222,54.15268,14.788248,0.418993,0.24357495,0.4460186,0.026925916,0.05418414,-0.06582547,0.04525181,0.007402752,0.0069396896,0.6063577,0.14221251,-0.02824583,-0.070074454,0.006808606,0.0341054,1.0776987,1.0335603,60970.04,178.40753,1754.1254,681.3909,400.91992,727.28864,-9.744994e-05,93.2886,246793.73,DOS-HTTP_FLOOD
30.100288,7.7905984,71.16517,1734.812,-0.17218353,0.22677648,0.09647142,0.1254315,0.74326,0.03505126,-0.084056675,71.023766,23.132961,-0.39126867,8.26592,0.41757658,0.005323108,0.0049468875,0.040825162,0.060459632,0.0050245924,0.010472223,0.9289287,0.036735803,-0.012615839,-0.05238525,-0.028964344,0.050771847,1.0106888,0.9620647,70136.26,146.68723,2362.147,773.5211,708.79364,823.64685,-0.00012447244,95.30706,597893.5,DOS-HTTP_FLOOD
35.899242,4.547731,70.99155,595.813,0.03110199,0.2101122,0.03969386,0.20196246,0.8908219,0.024452552,0.028101824,87.74269,20.39109,3.6291165,5.3545685,0.7343019,0.09127896,0.05848419,0.020718817,0.04420121,0.025016315,-0.004316806,1.0197659,-0.019657673,-0.00655545,0.06459479,0.04191309,-0.018649003,0.96695054,0.91568404,53619.17,61.645687,2560.2422,495.93707,706.19464,528.74457,0.0064517404,108.14502,565359.56,DOS-HTTP_FLOOD
32.134964,6.1347356,59.68096,4891.908,-0.019915357,0.11799949,0.029730678,0.33595702,0.61412376,0.0501296,-0.02483798,59.944473,5.6448803,3.5709424,5.4440074,0.7685974,0.099433206,0.040965326,0.012822768,0.09239729,0.06653045,0.12944713,0.8741822,-0.06533648,-0.05520863,0.015130117,0.010811816,-0.011616386,0.9718198,0.9596844,78944.39,67.367966,2000.1888,634.65027,620.019,629.4448,0.00045870442,101.04989,753421.25,DOS-HTTP_FLOOD
26.031145,9.30704,63.641064,17577.56,-0.033127233,0.16347669,0.2693426,0.021440778,0.57048726,0.030623555,0.040382884,75.02967,17.091335,0.93054366,11.927807,0.6286329,-0.13680023,0.023224425,0.058013838,-0.017574191,-0.093799666,-0.036501307,0.8137101,0.05539254,-0.004860589,0.103975974,-0.029378897,-0.042496428,0.9666827,0.95576346,71496.805,58.16556,2473.4548,579.5617,677.4176,599.21387,8.555688e-05,105.55735,630494.7,DOS-HTTP_FLOOD
27.196058,6.2785487,65.04354,310.55273,0.017654091,0.25382873,0.10048256,0.19883728,0.5586612,0.041003354,0.03192514,51.27215,24.853783,3.098016,6.725202,0.48231536,0.22421877,0.013152977,0.019840956,-0.008133733,-0.00984053,-0.028438117,0.8823175,0.07917773,-0.03192059,0.039785895,0.0077415206,-0.040954567,0.9806826,0.96242845,37868.062,57.599346,1544.7195,349.55814,429.3488,370.393,0.0019020181,89.5076,240555.3,DOS-HTTP_FLOOD
26.603794,7.66301,59.312614,9335.812,0.019451518,0.08198223,0.077064194,0.2395039,0.55257964,0.043575324,-0.039486602,67.06328,6.1030235,1.8473183,7.698682,0.6042138,0.009330378,0.0083254175,0.018411737,-0.0048164977,-0.023085603,-0.017396847,0.82494444,0.09564702,-0.00934403,0.033799715,-0.06955083,0.015334642,1.007518,0.9443739,84570.52,61.14736,2842.1902,817.70276,847.5627,808.49615,-0.0004961917,97.3988,925345.2,DOS-HTTP_FLOOD
27.377214,7.801579,82.210846,-1330.3325,-0.075485945,0.21178138,0.021162013,0.30275235,0.5880496,0.061628193,0.035054415,76.32067,19.299772,0.12282291,1.8858665,0.3981158,0.067985296,0.08936096,0.039764676,0.011368528,-0.07600356,-0.079993345,0.78861016,0.13058834,-0.03532616,0.045737706,0.07229322,-0.024776299,0.9490836,0.92635447,60545.21,65.64093,2121.5762,569.43884,596.70764,653.3065,0.00992404,104.83264,367970.97,DOS-HTTP_FLOOD
23.525124,7.711198,63.08024,6142.8105,-0.0021504238,0.036035452,0.14680421,0.20208716,0.6519946,0.043520704,0.015357454,69.20513,3.5759413,1.7312701,6.500104,0.47518867,0.013908689,0.004274319,-0.03025446,0.013300387,-0.041422606,-0.04903998,0.7878145,0.16256142,-0.028930426,0.012951284,0.025011316,-0.034995697,1.0407892,1.0072287,57641.137,61.869766,1568.2471,539.599,360.67245,539.5206,-0.00015772822,93.01947,202293.2,DOS-HTTP_FLOOD
23.833963,8.488675,64.64224,2017.3904,0.018314049,0.15942203,0.02306073,0.14515366,0.42700452,0.03185172,-0.019858025,66.692924,16.816103,2.5988865,8.265836,0.6608223,0.0045712064,0.037101038,0.012758636,0.06746226,-0.035645694,0.02228852,0.72383046,0.22318816,-0.012131074,0.11900845,0.010590464,-0.00039178878,1.0004452,0.87856054,73230.56,57.310703,3867.3323,646.0366,888.2346,643.1034,0.009946887,103.43876,787813.25,DOS-HTTP_FLOOD
27.542397,8.234222,77.57016,3188.4353,-0.022713216,0.13640155,0.25135,0.112760834,0.5636939,0.04289892,-0.022407249,65.15853,13.69947,-0.053699084,15.615502,0.4625103,0.041349366,0.020174135,0.033108894,0.05591063,-0.05613383,-0.022379367,0.8575411,0.10436308,-0.045293413,-0.033079613,0.007341024,0.04328229,1.0452269,0.98507124,58077.473,59.9226,2562.393,520.3545,711.288,523.0651,0.0005538794,100.02651,542866.5,DOS-HTTP_FLOOD
30.769096,6.079135,89.75895,4293.949,-0.0035588257,0.24857786,0.13543366,0.031217054,0.6713261,-0.016264552,-0.0046236324,70.35608,24.360466,2.4072082,7.7787046,0.4075625,0.1569571,0.0407295,0.042703122,0.055833496,-0.063308686,-0.04290089,0.94233084,0.01737586,-0.04043539,0.03197392,-0.018148404,-0.022303369,0.99389845,0.9574677,50348.004,59.76558,2231.663,402.65176,552.46313,402.88663,0.0007997433,100.36587,403363.44,DOS-HTTP_FLOOD
28.326038,6.650632,77.86648,8065.661,-0.0098529635,0.10239538,0.06695801,0.24128833,0.8143619,-0.010627095,0.058061782,75.458176,9.117394,1.1239104,3.6306229,0.49944717,0.08789137,0.030051116,0.019962808,-0.0069819903,-0.012723716,-0.028843964,0.9129932,0.0433664,0.0005577691,0.013893033,-0.03693663,-0.07257798,0.9939536,0.9843211,48181.47,57.0814,1725.9182,384.50143,449.47,392.37787,-3.2308875e-05,92.12286,274405.53,DOS-HTTP_FLOOD
36.214264,5.124231,65.82822,2196.3972,0.058724903,0.34092763,-0.05844134,0.22954361,0.65225124,-0.019951707,0.034628794,60.395046,35.680412,6.3173923,3.0429606,0.7678176,0.032965634,0.04283589,-0.014905537,0.038954414,0.006785081,0.008267275,0.91723937,0.026692487,-0.005244226,0.13244411,-0.011326102,0.017026477,0.9077891,0.9311345,39633.34,62.788803,2828.2173,395.83246,668.7976,400.62878,0.008033382,102.57179,487879.16,DOS-HTTP_FLOOD
29.32006,7.0615344,65.65389,13743.842,-0.035019156,0.19326729,0.51631445,0.14861058,0.6852693,0.03341909,0.06747763,73.70553,21.166893,-0.1977095,19.609152,0.35445958,-0.036272652,-0.022358183,0.021671355,0.030719033,-0.074744046,-0.029896459,1.0059695,0.02238425,-0.024750415,0.0074940184,-0.041461956,-0.00981911,1.0491802,1.0076416,28877.932,60.432373,1409.4897,272.99786,461.14703,273.4435,-0.00065302104,100.88581,286038.94,DOS-HTTP_FLOOD
30.713278,5.777229,85.63424,286.61768,-0.009235469,0.36356387,-0.004808514,0.20181921,0.6481646,0.009088792,0.050918903,72.527985,32.20323,1.0118761,3.1501083,0.34052438,0.20353715,0.031237267,0.028535686,0.01582294,0.004772544,-0.0076395874,0.8897921,0.064164825,-0.028533373,0.031767927,0.004923255,-0.073143385,0.9496526,0.9383384,43633.375,56.855278,2416.1924,326.25403,522.9886,347.32642,0.00256157,105.550674,366191.44,DOS-HTTP_FLOOD
30.106625,7.6661425,79.58894,1859.0276,0.095180064,0.18573998,0.13826108,0.31500098,0.7767877,0.08406736,-0.0026112958,92.418015,18.775623,6.883492,11.749481,0.5558361,0.1272072,-0.0033374084,0.04253328,-0.014567461,-0.013569747,-0.025805607,0.89422065,0.15968832,-0.028994575,-0.01497836,-0.04568243,-0.043263182,0.96452147,0.9713657,72583.734,56.863575,3523.1597,674.9062,855.9616,639.1626,0.0010963761,102.91589,852364.5,DOS-HTTP_FLOOD
25.9263,7.562229,64.246124,37235.598,0.0024357252,0.23445518,0.6765342,0.08665463,0.6906499,0.04364095,0.07795719,69.426,18.010406,-0.44528916,19.637526,0.23855402,-0.013659069,-0.043110676,0.042409673,-0.026034303,-0.09266856,-0.062480226,1.0118053,0.019212097,-0.03480757,-0.022310924,-0.03540376,-0.015681988,1.0157018,1.0115013,25518.225,58.904224,1213.4453,287.62958,369.50494,318.06726,-0.0016327613,97.07868,250810.14,DOS-HTTP_FLOOD
36.322826,9.244514,64.43821,-2350.3936,-0.084016815,0.32999024,-0.022727322,0.17003684,0.89007705,-0.049264073,-0.011714981,93.13726,32.003628,-0.1712634,2.2246032,0.45551148,-0.014845689,-0.023836337,0.046278723,0.106151,-0.04047643,0.017114501,0.94916755,0.03240542,-0.036299933,-0.0048103184,-0.13667068,0.0610094,1.0284811,0.95443916,64528.164,174.78813,2164.2488,609.12823,563.4746,741.9528,0.00035625428,104.32684,583705.2,DOS-HTTP_FLOOD
31.967365,5.544304,101.65004,74387.07,-0.022174008,0.18844593,0.17463027,0.1166076,0.77236325,0.024947572,-0.015412776,89.16783,21.313326,1.0474064,6.8016634,0.27780667,0.25065663,0.1419098,0.08713427,0.09159435,-0.059198596,-0.030603597,0.90830684,0.088890105,0.007507151,0.022735482,-0.0053324504,-0.032503784,0.9921909,0.9255056,83478.08,60.711445,3945.789,670.2411,768.229,632.8082,0.0008305023,113.74135,706675.94,DOS-HTTP_FLOOD
35.210903,6.112937,66.355934,6655.8823,0.0875714,0.24134754,-0.11774221,0.41614065,0.81354225,0.04754734,-0.0080467425,84.162315,21.281685,7.400919,3.6174293,0.5815983,0.5775211,0.06513657,0.0020418968,-0.006396193,0.0016930094,0.02367384,0.9785603,-0.030884055,-0.027780704,0.05137454,-0.055477016,-0.035369415,0.93610436,0.9515131,71557.05,56.96988,3574.5461,673.62244,927.7873,705.38745,0.0009835227,113.48073,874301.7,DOS-HTTP_FLOOD
29.167652,6.882911,71.387596,14444.539,-0.05679794,0.23714712,0.17663181,0.074408,0.6792324,0.056466706,-0.020652844,75.91751,26.134933,-0.1462376,8.227562,0.54978365,-0.06322608,-0.030734455,0.04492539,0.043143515,-0.059438564,-0.04889002,0.9270194,0.061622214,-0.030083181,-0.029643467,0.045446012,-0.017032962,1.0385835,1.0025641,77902.05,59.555428,2800.4521,1034.9688,828.0833,1017.0256,-0.0001884738,99.05112,641731.94,DOS-HTTP_FLOOD
29.441153,5.9095945,58.97594,4846.179,-0.13688467,0.2279764,0.16409755,0.15763743,0.69604796,0.0645101,-0.031161968,83.00778,20.338392,1.4184849,12.047541,0.52319217,0.051209357,-0.070641086,-0.0063204113,0.037014317,-0.051653996,-0.05411701,0.84586215,-0.04060359,-0.031573255,0.09149392,0.058287658,0.0065869186,1.0144193,0.98396903,79042.414,148.52641,2540.523,769.55615,726.48315,835.8715,0.00038088777,115.60192,628439.94,DOS-HTTP_FLOOD
31.350372,5.0250783,57.899605,1356.5884,-0.112407275,0.21714047,-0.057510156,0.41946226,0.6248809,0.03767837,0.0030134525,65.50131,18.970451,1.5819138,4.0974097,0.52515596,0.30514362,0.06699623,-0.008603962,0.074337,-0.005146598,0.006252262,0.90052176,0.031239754,-0.042778905,0.032148506,0.039438564,-0.028104903,1.0047424,0.96000373,82960.336,75.00487,2607.2156,916.7393,808.5488,957.65656,0.00071130425,103.86563,724138.2,DOS-HTTP_FLOOD
30.186792,6.901935,70.303,8354.317,-0.06256504,0.29304484,-0.00027257716,0.3163062,0.6380221,0.0733772,-0.012217578,60.88498,24.783138,0.5302845,4.8711066,0.57142824,0.033558276,-0.054075565,0.020580245,0.0013970444,-0.056164086,0.13810122,0.9292823,0.032375257,-0.032976635,-0.0836717,0.05931744,-0.08113664,0.93921626,1.0535476,81740.39,62.220146,3197.4106,867.7262,982.89874,841.4372,-0.00016544918,98.84629,1.4081018e+06,DOS-HTTP_FLOOD
29.287998,7.7227683,63.522285,10206.68,-0.03934424,0.17106421,0.32612827,0.13687764,0.6414558,0.08468155,0.036070406,76.91565,15.650147,0.021103315,18.896568,0.5330252,0.025552213,-0.07508083,0.03618078,0.00020409934,-0.07256633,-0.016071254,0.9104522,0.04123997,-0.040620506,0.0046147453,-0.020627806,-0.012284013,1.0225863,0.9565086,70972.36,60.590954,2135.85,782.3115,741.37225,768.90955,-0.00025629264,105.720406,725355.56,DOS-HTTP_FLOOD
37.719055,6.794137,65.46856,5253.418,0.11586413,0.28149676,-0.0959994,0.1944664,0.8484849,-0.015774688,0.052617546,91.57494,28.770887,7.3196507,0.69342405,0.93883705,-0.009562544,-0.036325887,0.017940765,0.020925522,-0.003213368,0.049684137,0.9475534,-0.03361677,0.01165574,0.04106209,-0.010843523,-0.13532346,0.91290766,0.9440549,86941.664,61.666946,4767.643,885.1645,1148.9935,883.02856,0.002716281,119.58072,1.210648e+06,DOS-HTTP_FLOOD
33.342224,4.836889,81.875275,-7840.8013,0.040333338,0.30659124,0.4564872,0.16888507,0.7815496,0.010505746,0.012583736,76.02737,26.23828,2.4990728,19.45521,0.4292246,0.06785629,0.019105975,-0.005108267,-0.02063227,-0.009035703,-0.03133294,1.1485645,-0.095217966,-0.022252463,0.016504541,-0.057077225,-0.037567757,0.9458614,1.0019213,16954.277,60.08445,1047.8228,49.220455,284.1154,51.32105,0.003069219,101.46969,163811.52,DOS-HTTP_FLOOD
32.299713,6.4222765,65.3151,8213.547,-0.04805686,0.315572,0.054552473,0.3074637,0.5914365,-0.00061170314,0.0082777385,54.938133,26.6605,0.1159183,5.098877,0.560109,-0.025513023,0.036762882,0.07240601,0.055104572,-0.026853278,-0.00200246,0.9027513,0.0411991,-0.055452477,-0.014829733,-0.0373173,-0.04195105,0.9929212,0.99417186,67588.914,66.42119,2405.9082,664.86707,788.54156,710.0885,-0.00028417836,99.62209,898472.25,DOS-HTTP_FLOOD
29.144066,7.6920376,81.27468,4545.388,0.002342863,0.17137808,0.12837368,0.09239546,0.5412659,0.059339497,-0.018650627,69.17248,16.510199,2.4725144,16.233528,0.58349484,0.06462573,-0.0008203229,0.05623361,0.027573701,-0.07679784,0.06926086,0.89369494,0.101925835,-0.017748684,-0.034988783,0.014396032,-0.054299176,1.0176091,0.9674708,78624.23,60.10934,3786.7698,749.74506,876.0117,683.36786,0.0004985961,106.71287,934941.94,DOS-HTTP_FLOOD
23.236595,9.933106,70.293724,12710.02,0.073742725,0.14852954,0.1435013,0.03944308,0.554227,-0.008277832,0.050156124,72.56933,13.791908,2.2898452,6.6161394,0.4809526,-0.014910516,0.010533774,0.034627855,-0.019243265,-0.046123587,-0.043835323,0.7597117,0.18848474,-0.027902527,-0.0037345034,0.0024233852,-0.07100314,0.9846369,0.9642383,63867.83,56.53401,1995.2721,630.9365,555.5542,625.218,0.0013585234,98.969734,445969.16,DOS-HTTP_FLOOD
30.516922,4.906281,62.317837,2685.8782,0.027891109,0.1576643,0.05762188,0.24357413,0.76183116,0.013708249,0.0053210417,75.54378,11.703471,6.103899,10.826768,0.65330577,0.3627324,0.023784151,0.028863754,0.017595142,-0.012101555,0.00985213,1.0486128,-0.04739533,-0.04462367,0.03604324,-0.0077259955,0.0060507935,0.9250772,0.96225625,88767.7,58.12408,3630.8186,934.01227,1058.0806,889.489,0.0019466198,103.23218,1.3230149e+06,DOS-HTTP_FLOOD
24.32308,9.073233,89.09053,1173.8613,-0.043140203,0.14276217,0.11588988,0.15130539,0.49776736,0.02032962,0.036050912,63.720398,13.617874,0.18834783,5.897805,0.39439338,0.05458907,0.0111858025,0.015482293,0.044836815,-0.049285624,-0.04924547,0.71695584,0.22132027,-0.024521893,0.0004417752,-0.007870941,-0.019158324,1.0497556,0.99605125,65788.52,57.5733,2758.1501,628.4284,719.24725,649.615,0.0013877626,94.42796,575492.56,DOS-HTTP_FLOOD
31.548622,6.5383625,67.67899,2727.0063,0.0005048234,0.16998711,-0.020234955,0.33803794,0.8511963,0.053124074,0.026535384,85.32925,16.895868,1.8062601,2.2919192,0.67103136,0.006240348,0.02434694,0.0043494534,0.003656773,-0.025433468,-0.06533344,0.9384414,0.03867437,-0.040145125,-0.014003697,0.020293409,-0.044571564,1.0191338,0.98578537,85454.1,70.56054,2801.1807,891.4369,851.5157,910.2647,-0.0003225475,99.01653,703835.94,DOS-HTTP_FLOOD
29.956036,7.8754225,74.3681,-8234.75,0.009555695,0.1747616,0.14951226,0.06472278,0.54567903,0.0016981264,-0.0027883565,75.83734,20.160618,1.9074426,18.552794,0.6646197,0.022149095,0.011441385,0.04316795,0.048626184,-0.06561906,0.020636057,0.8925341,0.10826907,0.006738121,-0.01610206,0.031137282,-0.022639837,0.95285356,0.95479167,89072.29,60.66755,5072.2437,921.1195,1132.0735,900.17523,0.0031979631,107.09876,1.0170229e+06,DOS-HTTP_FLOOD
28.93393,7.5245295,84.80258,3641.9526,0.02860928,0.2802809,0.0771986,0.11890985,0.49378088,0.040404107,0.010280054,58.200138,27.516827,2.8032336,7.2811775,0.38112867,0.18564506,0.018065829,0.037040632,0.03151845,-0.046554163,0.012338528,0.7696394,0.13557328,-0.031204734,0.06145221,0.011482978,-0.04203893,1.0253255,0.9494881,45299.42,59.01824,2445.34,357.84506,508.5099,368.78693,0.00296891,102.344635,329624.78,DOS-HTTP_FLOOD
26.272116,6.9289527,59.80333,95742.9,0.008668321,0.22978425,0.22880183,0.13847835,0.43908507,0.028636869,0.080150954,55.803215,28.193344,0.032445483,17.772955,0.16693836,0.1225042,0.055263728,0.0126733715,0.0693733,-0.03481657,-0.03362812,0.7575868,0.13764967,-0.014580412,0.15432727,-0.03443232,0.024793379,0.93725336,0.95737004,12704.9795,58.994987,247.37317,187.91257,37.361977,142.5196,0.003470726,103.74151,21965.459,DOS-HTTP_FLOOD
34.210777,5.0406866,57.83612,15682.818,0.0062301103,0.2762508,0.23276162,0.20916437,0.8450521,0.04993828,0.048296228,92.675705,25.702728,-0.30439463,10.308247,0.7940506,-0.09994175,-0.010640788,0.057059344,0.056488603,-0.0014527282,0.00010276213,1.0716048,-0.03465217,-0.03562544,0.011811401,-0.082343966,-0.02474401,0.98047876,0.88959277,63802.703,58.804028,2401.6768,680.8795,796.68396,697.73535,0.00024616052,97.51352,786713.2,DOS-HTTP_FLOOD
33.330116,6.349235,64.94295,506.26172,-0.021474091,0.2266378,-0.04986447,0.038769126,0.7585775,0.0476868,-0.022001643,75.829834,23.447556,3.0433393,0.23161167,0.6823859,0.16486786,0.04984496,0.003866735,0.019365966,-0.0353268,-0.058948215,0.96160483,0.03248147,-0.038212996,-0.021339037,0.059493713,-0.02512541,0.974069,0.9766139,73801.47,66.40242,2549.0598,790.7652,771.30347,796.9098,0.001418711,104.67575,657330.06,DOS-HTTP_FLOOD
36.079178,4.81112,67.41476,2644.8035,0.0051163416,0.2539996,0.14107855,0.1946692,0.8579419,0.030092478,0.0075052697,73.944496,22.336697,0.99934614,10.098701,0.5499517,0.2822096,0.026045077,0.066462,-0.012622475,-0.04092955,-0.013102295,1.0959045,-0.080522574,-0.060840435,0.0014905853,-0.0074543753,0.012619285,0.9565716,0.97587496,59847.2,61.891735,2100.8638,526.67175,676.79504,560.0948,0.0003397037,96.52158,632419.56,DOS-HTTP_FLOOD
29.238438,4.6203194,54.83646,-2367.9048,-0.06763142,0.14564072,0.09854261,0.32549128,0.71580684,0.05018789,0.03716724,79.290504,12.547634,3.8023548,12.234991,0.6798738,0.17948955,0.04721981,-0.0048725447,0.054080658,-0.030519515,-0.0027366867,0.9593791,-0.022892576,-0.065558165,0.116431184,-0.006133197,-0.020690842,0.98965687,0.8785341,62911.875,60.272926,2551.7395,568.0886,748.9852,561.6622,0.0021994116,102.60377,574556.56,DOS-HTTP_FLOOD
37.71867,7.029619,64.38152,20394.273,0.02570589,0.2863155,0.08697546,0.23591009,0.7966663,0.035487466,0.0060174684,79.08165,28.168173,3.015739,8.105814,0.8166431,-0.0077403584,-0.0010970794,-0.023111207,0.035798695,-0.027084034,-0.060911704,0.9735023,-0.017907213,-0.018968899,-0.033749573,-0.026871365,-0.04519869,0.930144,0.9535947,74300.7,65.27153,3078.3044,696.7672,894.5527,710.1225,-0.0009306968,103.13983,782069.4,DOS-HTTP_FLOOD
30.861607,8.697762,75.650444,3342.79,0.032544248,0.23853527,0.0059977546,0.25448206,0.64652604,-0.017107306,-0.0461947,80.267456,26.841179,2.0854232,3.2320247,0.5312218,-0.04052083,0.036483087,0.004511457,0.06851564,-0.035542965,0.021653706,0.8267041,0.12689824,0.01057047,0.053171016,-0.071579844,-0.012814634,0.9178979,0.9357033,84252.13,130.47095,2780.7913,810.55145,774.30164,866.70856,0.0018874326,106.66848,734723.75,DOS-HTTP_FLOOD
31.081997,6.2186,63.963066,4981.6353,-0.012406343,0.22502132,0.056975912,0.026419401,0.782272,0.02843533,0.08970904,86.78441,21.609392,0.6697972,2.7832558,0.5455191,0.068643324,0.020321298,0.02518844,-0.015628865,-0.033112846,-0.009658946,0.87779474,-0.027824335,-0.021592364,0.056203634,0.02088261,-0.05393682,0.9817392,0.9383027,57286.39,60.40384,1599.2117,371.89365,429.3679,428.6782,0.000613083,108.91026,358372.75,DOS-HTTP_FLOOD
34.23608,5.065234,91.38901,3186.7346,-0.014442166,0.34003174,0.10694503,0.11185004,0.7061688,-0.018303467,0.020464918,67.36316,29.59848,0.6256848,4.3202853,0.56673276,0.02222903,0.06017161,0.08424057,0.07458297,-0.0020577363,-0.0034533022,0.99207723,0.03436182,-0.051636253,0.0135422945,-0.023487456,-0.051015437,0.97719735,0.95102173,42371.188,59.52233,2368.3452,325.41925,620.61523,337.9887,0.004233665,93.8864,557157.4,DOS-HTTP_FLOOD
28.783882,6.6720915,66.13405,3035.232,0.019261952,0.18689716,0.11945932,0.08725666,0.550284,-0.011555585,-0.037914723,57.736294,16.429764,1.5890175,9.612406,0.6452578,0.022500057,-0.004405384,0.06777766,0.043635592,-0.019306576,0.03137498,0.89834464,0.051360272,-0.042669695,0.01850962,0.014464546,-0.03985424,0.9825512,0.94073987,68434.2,59.77697,2655.0366,591.7252,708.43884,586.30096,0.0041459394,99.66589,761263.3,DOS-HTTP_FLOOD
38.68718,5.279442,65.49065,2495.4915,-0.010942192,0.20299022,0.009437052,0.248008,0.8932857,0.056367513,-0.09017354,95.16106,15.85476,1.9886433,7.262714,0.7494098,0.38775194,0.032719437,-0.04657132,-0.007069427,-0.08812345,-0.08086,0.9540744,-0.053906973,-0.06573291,-0.027186811,0.054097585,0.0633742,1.0043766,1.0786561,101385.8,149.07695,3980.8835,957.65735,980.13574,1000.78436,0.0006044908,127.79056,944679.75,DOS-HTTP_FLOOD
31.26979,6.5711155,65.92391,10646.127,0.008672587,0.14428456,0.032285146,0.30799696,0.78723407,0.05320292,0.03681557,80.9238,12.446275,0.64473695,2.8958516,0.59056145,0.03901847,0.013740847,0.04897148,0.029959846,-0.029963655,0.032439843,0.94337773,0.026290188,-0.045872856,-0.026469078,-0.0065060332,-0.043615565,1.0038034,0.9253908,58644.586,59.779247,2298.2625,504.41315,580.01227,488.56543,0.0003121452,99.86437,526076.56,DOS-HTTP_FLOOD
34.171455,6.059,61.594353,5099.7476,-0.06348814,0.22023089,0.06110845,0.012593947,0.7353454,0.054354407,-0.024383197,87.34732,24.202738,0.13708173,8.91907,0.59101593,0.039180454,0.026145745,0.048554387,0.0904105,-0.07906229,0.06528401,0.97782475,0.06260474,-0.053074602,-0.027450934,0.071450815,0.037169535,0.9911709,0.94828457,77549.41,72.2745,2716.4434,786.72076,666.0091,745.3879,0.00060182915,104.63543,556147.25,DOS-HTTP_FLOOD
32.151848,7.10693,68.5808,2899.3533,-0.070978165,0.34990022,0.01582096,0.07791479,0.7083271,-0.025429241,-0.1230496,64.813446,35.96794,-0.22432789,3.8131402,0.48905656,0.027953198,0.014243333,0.107613295,-0.00023481436,-0.062976696,0.005336432,0.84804237,0.087283045,0.049227215,-0.046422213,-0.1150106,-0.05447281,0.98607904,0.98084545,66813.23,64.45859,4805.6294,494.36594,888.2266,527.1714,0.0005997534,116.7393,679818.25,DOS-HTTP_FLOOD
24.575325,9.743603,70.47221,26367.363,-0.054056935,0.13529281,0.19757785,0.0774871,0.54991496,0.028683957,0.045865744,89.049515,12.282406,-0.24289969,14.397381,0.34681553,0.07457812,0.009107975,0.012689439,0.09670754,-0.10770123,-0.047358975,0.7949807,0.18500273,0.012097457,0.010515679,-0.03106307,-0.032781556,1.0134014,0.9850504,96506.484,57.247368,4372.0776,965.0279,974.61383,907.49554,0.0022020862,115.210236,909615.5,DOS-HTTP_FLOOD
28.128284,5.6009564,60.138134,685.2871,-0.060628176,0.16959552,0.06276361,0.19891368,0.59187347,0.03364886,0.0056380965,62.655575,15.607129,1.2945597,8.656051,0.66241825,0.013757959,0.022917803,-0.0056987535,0.05512292,-0.015232753,-0.038746286,0.92133075,0.05496986,-0.06015464,0.05137328,-0.030914888,-0.05268465,1.0180031,0.9445458,86456.59,64.8028,2858.8503,915.9418,883.19507,939.0947,0.00068360905,96.79137,820518.4,DOS-HTTP_FLOOD
24.832445,8.10382,85.82451,552.7258,-0.05284649,0.1578712,0.17960848,0.14831422,0.5712439,-0.02510041,0.024535226,69.6102,16.38325,0.2860359,13.284666,0.55764264,-0.029854853,0.012820374,-0.002975231,-0.0047732983,-0.06639066,-0.04074275,0.7679119,0.17874017,-0.027655661,0.049856983,0.07270982,-0.04427447,1.0608851,1.0192691,76642.445,72.976,2834.3733,858.4635,795.59326,892.41174,0.0010043163,103.916306,529611.56,DOS-HTTP_FLOOD
29.849346,5.582498,59.542603,-2409.393,-0.14963272,0.18394083,0.03247172,0.19193383,0.6399879,0.06806866,-0.042900003,63.755363,15.657766,1.1981628,8.837353,0.44735852,0.4613205,0.05302576,0.010626865,0.065541945,-0.078136615,8.412637e-05,0.9575322,-0.009815983,-0.06547572,0.025448151,0.028032977,-0.050274093,0.97249866,0.9605827,86268.34,105.51081,4131.405,1072.2433,1066.4508,1091.6425,0.0016805925,107.887886,1.1972932e+06,DOS-HTTP_FLOOD
25.772148,7.8783035,102.38664,21450.154,-0.06400751,0.1947817,0.25774035,0.038608212,0.6081763,-0.01835596,-0.012223784,65.96222,17.764118,0.09658039,7.2965503,0.35584974,-0.06354242,-0.03436606,0.069133766,-0.034912035,-0.083172806,-0.008433633,0.78223604,0.14612405,-0.030027693,0.024959195,0.040482923,-0.05586168,1.0775185,0.9732013,56757.758,60.385258,1470.0703,602.20374,488.06464,583.83685,-0.00021295717,97.90878,347475.9,DOS-HTTP_FLOOD
31.378931,4.433022,64.81027,-2040.9482,0.035330288,0.17420065,0.12182915,0.17204154,0.6903988,0.022500856,0.015469674,66.37662,15.920354,4.801761,15.191869,0.7147076,0.22661725,0.0126471175,0.009789284,0.005110083,-0.010230598,-0.025117245,0.9923639,0.0133679295,-0.056315925,0.04772973,-0.037004367,-0.026137702,1.0209018,0.9730093,62319.223,61.325558,3237.0505,589.76276,863.6441,585.4193,0.0012453442,100.00662,700080.4,DOS-HTTP_FLOOD
21.76445,8.583918,56.524868,6404.302,-0.011081881,0.09214929,0.32416925,0.035444528,0.43944958,0.0798297,0.050723832,67.33193,7.68491,0.0015720539,15.719609,0.36442503,-0.00026854314,0.016457323,0.038458873,-0.022856882,-0.055051986,0.014231399,0.73401004,0.12749298,-0.037697043,0.074465916,-0.005856636,-0.045818597,1.0069127,0.9785056,44487.176,61.184563,1437.9669,366.86514,329.1751,370.60583,0.0011376444,108.87112,190387.42,DOS-HTTP_FLOOD
26.935232,7.7776847,64.91973,14230.488,-0.09821669,0.14946783,0.4599224,0.17974341,0.64195,0.057252653,0.11455398,82.98144,13.277189,-0.31083506,19.683697,0.6482645,-0.0052697295,-0.016887125,-0.025470927,0.027393641,-0.08319068,0.015974283,0.9292686,-0.031829342,0.058930963,0.12527058,-0.047829974,-0.00814042,1.0031453,0.9761906,67058.78,56.19653,3672.5125,715.32245,977.5717,771.021,0.0024637785,115.7644,850617.94,DOS-HTTP_FLOOD
33.71525,4.7340965,62.57419,1111.6311,-0.03144151,0.1912064,0.033210322,0.31167495,0.8205311,0.070525706,0.053735133,85.807175,17.235573,0.36463636,5.5012517,0.6650015,0.17062552,0.014617013,0.025470758,0.092713006,-0.044931807,0.059826676,1.0115507,-0.020309653,-0.059541024,-0.006043797,0.037287317,0.0038690586,0.9420212,0.9349455,73727.375,62.964787,3272.3457,670.25684,795.1996,623.3672,0.0030417736,104.335365,825489.56,DOS-HTTP_FLOOD
26.187609,5.947218,123.642914,-5268.515,-0.088179715,0.2530336,0.32272857,0.03193379,0.6740968,0.07186086,0.08316302,70.21794,24.861267,0.44111174,10.089979,0.18304543,0.06083644,0.06370976,0.03484805,0.058331642,-0.059204046,0.006863852,0.8995843,0.15071154,-0.028612368,-0.00030915136,0.009490935,-0.06972055,0.9913163,0.9668185,20684.934,60.327168,1314.5472,107.60807,252.60666,121.92611,0.003483657,86.41715,107080.914,DOS-HTTP_FLOOD
29.297863,6.505642,64.1407,3381.9287,-0.04822693,0.13130537,0.20380291,0.06539053,0.65780556,0.057204995,0.0113245435,68.00528,12.606288,1.5630685,15.6883,0.59298813,0.05535364,0.05261077,-0.038086433,0.0019625481,-0.0034061563,0.015183004,0.9221618,0.011466118,-0.048990227,-0.037575085,0.0380567,0.023799662,1.0113232,0.9800902,57804.875,93.253265,1627.4377,584.10486,542.7138,571.11755,0.0003618199,102.37052,350190.7,DOS-HTTP_FLOOD
28.090355,6.525425,64.104836,1899.8647,-0.033318035,0.19152342,0.16869277,0.5269851,0.6808194,0.05949317,0.085010216,82.44115,18.255985,1.081414,15.606516,0.55478334,0.044707563,-0.0012823706,0.021140631,-0.0026420783,-0.020458605,-0.010549937,0.8771155,0.057536516,-0.010279012,0.049870256,0.026544549,0.009000189,0.99148077,0.9558696,68200.61,59.098736,1931.4153,610.6766,588.7977,632.0899,0.0007735963,106.394,416381.22,DOS-HTTP_FLOOD
30.747051,6.288243,64.3325,17821.986,0.054537073,0.20503092,0.15692425,0.123061754,0.74424076,0.018948905,0.06507565,73.75872,17.096992,0.1462938,6.921241,0.41362825,0.0363766,0.020068811,0.07223432,0.0039952807,-0.009674944,0.02251307,0.9396408,0.018054677,-0.016815385,0.040435236,-0.029083371,-0.0053678825,0.9337931,0.930906,43774.914,58.14663,1898.7018,368.15222,453.65292,356.50525,0.0013025336,98.42533,318170.62,DOS-HTTP_FLOOD
34.372116,5.5582075,111.6736,2826.987,0.007229503,0.13021731,0.0018637185,0.2944899,1.0126635,0.055804007,0.020982388,99.06148,13.546342,2.853918,2.3197796,0.63208276,0.18903328,0.034507696,0.0064583635,0.039968975,-0.045729145,-0.11222614,0.981645,-0.011620601,0.00024520792,-0.029645521,0.031913277,-0.06640249,1.0054221,1.0065845,88466.29,63.14072,4644.51,869.92334,1078.451,862.6865,0.00089621416,113.247055,899308.7,DOS-HTTP_FLOOD
26.940666,7.651224,65.464935,6657.088,0.009060035,0.22610234,0.09790389,0.06396829,0.5981429,0.023976762,0.026948016,70.47156,23.728088,0.9960395,7.26842,0.6445284,-0.010398175,0.019240899,0.015911361,0.017628968,-0.08914142,-0.055752862,0.80919045,0.090416856,-0.021760367,0.04420157,-0.0101439925,-0.039747585,0.9925776,0.9892517,74100.61,59.345333,3126.6628,668.3711,798.7374,662.3884,3.25913e-05,104.227936,617608.7,DOS-HTTP_FLOOD
29.807337,6.2832193,83.03215,3592.4185,0.019858459,0.23395334,0.1407011,0.35664323,0.6915577,0.016041027,0.010317584,68.84256,21.33313,3.2530203,11.743977,0.5009278,0.12096329,0.032965325,0.006973697,0.0383272,-0.053022392,-0.035325184,0.9285723,0.016783623,-0.012678161,0.037282787,0.038618676,-0.02514917,0.98353505,0.9711237,46052.227,57.68424,1737.8165,343.28745,416.46295,336.33392,0.0014647009,104.54072,271938.2,DOS-HTTP_FLOOD
24.512148,7.5786138,61.911606,-240.22168,0.038870737,0.120844506,0.20658718,0.19002293,0.5683579,0.02531306,0.033778902,61.43106,10.343184,5.7160444,10.690975,0.5656599,-0.008800129,0.025554884,0.027188595,-0.007649273,-0.016549138,-0.020625569,0.8002554,0.13867114,-0.003225326,0.11398088,-0.03957462,-0.05469469,0.9534304,0.9070891,24112.748,57.915222,604.43396,83.58152,148.04068,86.76419,0.004445436,90.38666,44795.363,DOS-HTTP_FLOOD
28.19482,6.179333,62.62174,5867.6636,-0.098967135,0.14947735,0.054997824,0.08837777,0.6282593,0.04218363,-0.025817093,69.31771,14.555914,1.036271,7.780022,0.6643229,0.015558595,0.020640882,-0.022445858,0.09124161,-0.040968604,0.015976863,0.9347855,0.047124475,-0.09089202,-0.017219402,0.050646294,-0.0021256693,1.0208714,0.9584676,76460.68,78.5396,2124.7422,705.70013,664.91986,699.5515,0.00025276138,101.63589,527158.25,DOS-HTTP_FLOOD
34.40984,6.6175985,83.904,84.56348,0.117574565,0.17669263,0.18316537,-0.00015793927,0.8127783,0.00817886,0.031753637,85.03208,17.399612,7.9279222,14.10233,0.7802004,0.058738,0.023332395,0.0008302508,0.012908356,-0.032426734,-0.033570483,1.0624777,-0.00221356,-0.010361293,0.06671281,-0.038408555,0.00067497604,1.0316334,1.0063289,59038.35,64.77223,2903.6653,635.72797,773.84064,623.7842,0.0037854882,107.9764,584935.06,DOS-HTTP_FLOOD
29.846039,6.665661,66.8715,1373.2478,-0.007629599,0.076693825,-0.037350714,0.15313087,0.6989345,0.04283131,-0.018625937,68.23059,5.0071263,1.9489965,0.26681387,0.7000119,0.085182205,0.062238086,-0.04371099,0.06374137,-0.027243588,-0.019446729,0.83497006,0.09944475,-0.039843846,-0.020868367,0.026279654,-0.0048553105,0.9810974,0.9634018,86581.52,74.867165,3040.6777,946.5982,875.9668,933.3074,0.0073667085,93.84357,726833.44,DOS-HTTP_FLOOD
27.363512,6.4664755,63.243652,-1947.977,-0.03686747,0.11318328,0.32076353,0.1828667,0.814856,0.04536231,0.057361666,82.92184,10.36768,0.13283113,12.214475,0.45395342,0.04391628,0.019087525,0.015929857,-0.002516089,-0.00030501746,-0.06797985,0.9688442,0.05938412,-0.023129772,0.052242473,-0.025017502,-0.049431257,0.9723207,0.9568818,42448.656,57.900723,1841.979,383.8493,530.41815,391.30005,0.0010328249,92.58098,320671.4,DOS-HTTP_FLOOD
27.009554,4.7611184,59.040764,131268.75,-0.059916407,0.28201506,0.5233603,0.019767264,0.33133134,0.037870012,0.03640452,41.839504,29.82227,0.82410425,19.715895,0.10569118,0.27247116,-0.017269282,0.0929543,0.07334269,-0.08029142,-0.055760376,0.92444503,0.012337598,-0.059975132,0.14918475,-0.042323194,-0.02566716,0.9280897,0.9858328,17535.79,59.052677,899.41846,60.873627,164.0831,13.315598,0.00029052855,107.09777,55505.105,DOS-HTTP_FLOOD
26.89562,7.2680254,71.80935,6716.6753,0.08104111,0.058886122,0.3236751,0.06313162,0.78965217,-0.023838433,0.06932159,79.75078,4.60984,4.371517,15.209686,0.25494805,0.43569905,-0.0021312572,0.055305578,-0.05569164,-0.04351434,-0.06039117,0.9401723,0.073734775,-0.01863848,0.038712196,-0.030976169,-0.019410899,1.0109304,1.0143346,29056.666,58.906555,814.0477,210.55826,182.37555,153.664,0.0005556507,105.33672,60141.68,DOS-HTTP_FLOOD
22.748922,8.734311,64.455635,36752.426,0.05630206,0.06925848,0.21262266,0.16063398,0.4831738,0.06649334,0.011978786,71.21785,7.73614,0.8563798,17.505228,0.5789299,-0.04558886,0.02858851,0.0008668797,0.025553023,-0.04433081,-0.01163504,0.7084918,0.17782706,0.012196092,0.06583224,-0.028726628,-0.06405233,1.0102303,0.9805381,60573.348,58.816875,2985.786,722.75104,715.855,679.3179,0.0023167566,105.62532,481599.06,DOS-HTTP_FLOOD
39.855736,3.119265,68.545906,2709.0737,-0.0061958376,0.20463602,-0.007783848,0.78077424,1.0693113,0.06479518,0.06097333,92.194885,17.414473,2.5094304,4.817614,0.6762609,0.07765734,0.03903329,-0.020073831,0.05331955,0.015865551,0.06863941,1.1927184,-0.08700481,0.0027528475,-0.042527758,0.0061709667,-0.000898242,0.9689619,0.9608415,57518.047,71.24204,2613.4707,554.79645,676.87897,524.0479,0.00092904415,98.59908,528071.3,DOS-HTTP_FLOOD
26.011673,7.6437826,64.58062,8278.979,-0.003947895,0.17418335,0.21641894,0.23776336,0.45475006,0.0068605393,0.023468856,52.55235,14.158472,0.7354477,18.321884,0.5265724,0.15266,0.014941126,0.02554453,0.02670353,-0.04265759,-0.016409153,0.8580518,0.07661245,-0.04609268,0.06342496,-0.04104389,-0.07392219,0.99391615,1.0031013,50286.613,57.709522,2502.4211,418.15567,639.3594,442.45172,0.0005243659,99.362274,511689.6,DOS-HTTP_FLOOD
31.998238,6.008617,74.43528,2808.9617,0.012847783,0.26610062,0.16452917,0.06540578,0.601195,0.02477365,-0.044076487,54.097805,21.743732,2.9344358,11.021963,0.45791477,0.26426342,-0.007321373,0.09323626,-0.028209733,-0.051980257,0.020462543,0.9870392,0.05751914,-0.03994085,-0.0021871587,0.0026621483,-0.060485296,1.0039755,0.9507857,39916.02,60.666252,2213.476,299.36215,588.64044,346.9969,0.00084487005,94.98622,423917.53,DOS-HTTP_FLOOD
35.0101,5.6238866,101.74509,-1795.2148,-0.047715385,0.34970266,0.034735065,0.19280277,0.73488045,-0.0070792558,0.009326068,71.18457,33.006382,0.8337964,2.8471792,0.58338773,0.04060131,0.07077103,0.013721408,0.05573036,-0.015107103,-0.052092478,0.90135217,0.024652224,-0.036114473,-0.0020912476,0.014054945,-0.06925709,1.0121886,0.98444474,45148.406,60.89468,2662.0405,422.80234,639.68567,399.24872,0.0014317277,99.319534,484828.34,DOS-HTTP_FLOOD
38.40016,4.306883,88.5771,2069.65,-0.12955649,0.19878596,0.0053339684,0.28417325,1.0555191,0.025582206,0.04114595,104.05555,24.537987,-0.32764304,1.7247086,0.5236632,0.13213778,0.023889478,-0.025508422,0.07222328,-0.03635951,0.028136332,1.0190457,0.07553239,0.045272987,-0.050030656,-0.033354793,-0.045582928,0.9847269,0.9360151,67285.62,73.52183,4189.8867,630.4426,871.2837,639.8037,0.00072871445,102.83793,681596.0,DOS-HTTP_FLOOD
27.777807,8.316489,78.80613,7511.0195,0.00698762,0.20071338,-0.030488905,0.1056597,0.5339324,0.039101843,-0.024520647,65.07847,20.825771,1.2048901,0.3659225,0.4705596,0.052420467,-0.035015874,0.01634308,0.081417695,-0.031952634,0.03755504,0.7696922,0.16705607,-0.05200472,-0.010118267,0.06863706,-0.02262297,1.0307732,0.9948447,67038.37,62.27155,2746.72,631.70197,658.647,648.30853,0.00093104626,102.25275,567030.7,DOS-HTTP_FLOOD
35.01727,4.5136156,58.61146,4060.143,-0.047981285,0.24457751,0.23900723,0.37776378,0.9969542,0.050637774,0.047779847,96.974144,19.255215,-0.2523795,14.0899,0.6861884,-0.008330014,0.011279903,0.010594552,0.06733354,-0.017383631,0.04426571,1.1191432,-0.06712154,-0.037372787,0.0025814516,-0.02520525,0.0040601287,0.9587561,0.8985399,48464.36,66.38254,2224.5464,508.15668,658.7421,522.62604,-2.7814138e-05,95.26627,564381.56,DOS-HTTP_FLOOD
29.684183,5.671396,77.23749,1639.6267,-0.020859038,0.103203826,0.28882977,0.056301273,0.75854766,-0.021808732,-0.0081960615,67.51148,8.831332,0.64089453,11.964739,0.5665966,0.033511408,0.00018638559,0.00024452806,-0.026474047,-0.008712981,-0.013702653,1.0005851,-0.014095899,-0.006305353,-0.005952609,-0.0061678095,-0.03444778,1.000134,1.005185,46029.074,63.251575,1575.9822,338.2677,465.87396,376.30835,0.0006264368,95.89574,283832.28,DOS-HTTP_FLOOD
34.915848,5.0383244,63.291634,2202.8857,0.044222493,0.2215722,0.031576224,0.3901819,0.7376862,0.043432757,0.04132125,75.83588,19.755846,5.33711,10.919893,0.9244952,0.016933722,0.05706735,0.02406535,0.10585955,-0.0011786516,0.025596842,1.0225916,-0.026785245,-0.053239014,0.053981226,0.00562062,-0.036563534,0.9821891,0.9326438,77449.43,62.120277,3464.8123,738.68536,897.0633,714.487,0.0014011395,102.70164,871358.5,DOS-HTTP_FLOOD
29.482344,8.091761,65.82654,8536.04,-0.004101284,0.37435338,-0.004927565,0.16113047,0.50399375,-0.029177705,-0.045693405,62.58381,33.169785,0.978896,3.663023,0.44553596,-0.008806747,-0.029290544,0.08379382,0.048950806,-0.012727474,0.041306242,0.81245995,0.10202145,-0.028171394,0.0086991945,-0.04902055,-0.10097487,0.9977613,0.93842685,63201.375,59.244396,2044.5193,499.26837,615.4905,573.1202,0.0009522922,107.69163,752592.75,DOS-HTTP_FLOOD
34.00646,5.0534816,66.116714,741.00195,-0.05630143,0.15988533,0.22644362,0.12634496,0.91942376,-0.0037103228,0.09824723,94.28878,13.197596,-0.035466533,12.366284,0.64200515,0.055306073,0.014770141,0.031765908,0.079954825,-0.019848995,0.045280725,1.0604713,-0.064871415,-0.058509156,-0.013027471,-0.029248733,0.0032021757,1.000479,0.9366544,67564.87,60.367504,2659.473,539.15936,751.5761,549.3669,0.0019025508,102.55966,774408.3,DOS-HTTP_FLOOD
30.688179,6.534434,70.02503,9671.266,-0.028453935,0.21755789,0.26048708,0.1213417,0.8290374,0.06432191,0.0353241,86.801575,20.888233,-0.27335662,8.715618,0.42867833,0.027689857,-0.056280173,0.07512243,0.0521864,-0.07244979,0.015003422,0.9821955,0.032147065,-0.087605566,-0.023473054,-0.010385661,0.0010615587,1.0283741,0.93941385,59622.188,58.274208,1879.0581,547.29156,618.32947,571.70233,-0.0005545829,97.377625,555221.06,DOS-HTTP_FLOOD
35.584106,4.4637833,74.43187,-1592.7358,-0.01635621,0.3512592,0.29749268,0.08474735,1.0964234,0.055026155,0.059293084,107.06783,34.722263,1.2026321,13.141174,0.08514669,0.6575175,-0.012455195,0.040105056,-0.052186765,-0.04777241,-0.061964907,1.1015351,-0.03618594,-0.01944131,0.03329427,-0.019934282,-0.0410878,0.8847964,0.9397683,26793.531,58.58191,1183.6035,169.13754,265.84045,108.17368,0.0007607167,110.982254,146948.3,DOS-HTTP_FLOOD
29.026352,6.512523,71.28836,1312.2783,-0.016312623,0.24798022,0.12920696,0.22525524,0.74800485,0.049750242,0.03224462,76.967606,25.352882,1.2364857,6.5085,0.4064035,0.06274457,-0.0047682784,0.025827378,-0.01687038,-0.018672759,-0.009239059,0.89862984,0.11079771,-0.024064155,0.048864897,0.008797775,-0.04497569,0.9869043,0.9226059,37842.477,58.13138,1615.6766,314.11206,446.9865,346.66702,0.0017403666,93.58672,241161.8,DOS-HTTP_FLOOD
28.2365,8.589807,68.08903,2949.8042,0.13236761,0.18838601,-0.11925936,0.14737241,0.5648051,0.057670385,-0.0142893,75.2116,15.34246,6.3203244,0.9078804,0.6839725,0.10840511,0.0017076638,0.014239647,-0.0197351,0.015079303,0.099365,0.7775932,0.0973802,-0.025906134,-0.041961525,0.026800653,-0.030968703,0.93200785,0.9799708,98461.516,58.597786,4138.617,999.42236,1116.4147,950.79285,0.00308536,118.32514,1.33392e+06,DOS-HTTP_FLOOD
31.542261,5.7249947,62.712055,9927.976,0.10680704,0.08507163,0.29233837,0.27990434,0.700731,0.036358308,0.015329314,73.06702,5.9525967,2.4739504,18.584503,0.89019096,-0.04021715,0.04057487,0.00013662502,0.011745602,-0.009794264,-0.023196107,1.004144,-0.021750597,-0.02055808,-0.0109916795,-0.010464214,-0.0026463438,1.013579,1.0005584,68274.72,60.27727,2937.5447,709.353,808.90656,701.18445,-9.0456844e-05,98.943535,656057.6,DOS-HTTP_FLOOD
36.62123,6.184059,65.44484,152611.19,0.06401917,0.16771269,-0.04877103,0.19453788,1.0946501,0.034533978,0.009907341,112.468155,18.992374,3.8269434,1.2737494,0.41215593,0.18662949,0.07616086,0.036883473,0.030814297,0.011659576,0.04064334,0.86710817,0.08819604,0.016632808,0.06362184,-0.07404375,-0.07215033,0.92922586,0.95521826,59884.82,58.026394,3343.2957,433.88,597.3766,409.2259,0.0006689905,113.49042,497292.9,DOS-HTTP_FLOOD
31.064014,4.2315664,74.02711,-860.93506,0.032480367,0.21106422,0.0061536115,0.21095507,0.6412567,0.0033250004,-0.028558638,70.6395,27.040194,2.8144624,9.278076,0.5442505,0.083274454,0.008214595,-0.01732369,0.08327468,-0.056644358,-0.029867588,0.8973903,0.1153282,0.025060317,0.07998918,0.01804747,0.054856397,0.9448526,0.90660757,54740.25,60.71158,3434.7495,490.43036,773.70123,489.2529,0.013463472,95.968285,564512.2,DOS-HTTP_FLOOD
33.187214,5.4797153,66.118965,4628.317,0.009855562,0.39643586,0.22239965,0.18821095,0.5647157,0.045906793,0.004149601,50.47182,30.467384,-0.2092643,16.932854,0.37617996,0.0956049,0.02860144,0.10958906,-0.0340169,-0.011407937,-3.5134144e-05,0.98269755,-0.04426059,-0.0339746,0.02759073,-0.068914734,0.015562583,0.9584863,0.96802884,35742.14,60.07961,2006.1234,335.60373,543.18994,358.6166,0.00071419874,94.83137,432640.62,DOS-HTTP_FLOOD
29.73204,4.164596,61.810406,-1237.9058,-0.030591186,0.17794895,0.24645841,0.11191012,0.6297034,0.031014979,0.026025381,67.45393,17.247442,1.969615,18.172514,0.7070687,0.029957084,0.020816753,-0.022177957,0.04599996,-0.035885938,-0.052066665,0.98171043,-0.049310118,-0.004921984,0.13976547,-0.029118154,0.02886609,0.9480226,0.9426336,41908.68,60.004723,2470.0105,396.0987,680.5255,403.67047,0.009322483,98.672775,461206.0,DOS-HTTP_FLOOD
37.652973,5.4680724,62.52815,7386.373,0.027243754,0.51092476,0.0048412615,0.18489634,0.75180334,-0.012820633,0.025038902,61.399464,34.8507,3.3174098,5.1422925,0.58126795,0.09971162,-0.0005053915,0.031978257,0.011224452,-0.039425384,-0.01948811,1.1196017,-0.110070676,-0.010123037,-0.07560863,-0.105214715,-0.07022039,0.9161088,1.011104,49718.1,63.185448,1968.8887,456.1505,639.1624,432.3485,-0.001272268,90.45914,852847.2,DOS-HTTP_FLOOD
31.805445,5.420486,64.76921,73176.37,-0.0007043779,0.14735661,0.209534,0.07107833,0.8963392,0.07691509,0.02411578,92.42542,13.884457,0.7720017,8.614381,0.40398902,0.11417141,0.049687356,0.045189403,-0.007058065,-0.037227422,-0.020773716,0.9596774,0.015107019,-0.030256331,-0.022841582,-0.030007541,0.017601684,0.99857414,0.9541631,42945.79,59.92501,1538.5859,395.9496,464.05292,369.41458,0.00022377266,104.27505,323774.1,DOS-HTTP_FLOOD
32.981842,4.721073,58.04412,10451.12,0.030771857,0.18415068,-0.059866443,0.12597318,0.85157704,0.12712227,-0.012117874,89.315025,14.376772,6.380067,0.2262841,0.6162354,0.38822496,0.017777141,-0.014015373,0.00081726816,0.014058564,0.08281869,0.9279258,-0.045242354,-0.05800506,0.014033741,0.028932447,-0.05164742,0.9393448,0.8971919,62919.168,63.887074,2019.0349,557.523,667.9823,554.8406,0.0011944545,100.77274,955593.2,DOS-HTTP_FLOOD
39.509933,6.3600388,69.53291,22942.37,-0.014968196,0.15196098,0.02064985,0.294167,0.85486645,0.11262398,-0.06694735,83.633545,10.831813,7.74335,7.3944416,0.6814469,0.2415422,0.07800057,0.02656323,0.08381351,-0.0656108,0.038161356,0.973072,-0.066554055,-0.016945234,-0.05733637,0.011491067,0.016599284,1.0287628,0.9484434,57691.17,123.77138,1457.1559,465.3346,458.53296,463.6754,0.00015447538,107.68459,297585.12,DOS-HTTP_FLOOD
31.158043,6.2855124,75.77969,7042.7773,-0.032074384,0.51191974,-0.036345117,0.1260059,0.47962222,-0.016044056,-0.0117440075,44.520348,35.111786,1.4924662,0.4304339,0.23063499,0.3069123,0.042732358,0.024092715,-0.010430588,-0.009982927,-0.05817681,0.89344937,0.04341411,0.052229915,0.030509012,-0.026836887,-0.062530644,1.03369,0.96518576,38655.812,63.01952,1119.3081,353.69794,290.18344,399.4628,0.0004457522,96.97495,166192.45,DOS-HTTP_FLOOD
34.438473,9.079379,65.6586,-908.6636,-0.034084037,0.26472342,0.11258936,-0.011426532,0.80068046,-0.006191422,-0.08011156,75.408585,29.958307,0.17566973,9.327408,0.30965856,0.16453339,0.06328878,0.016058594,0.14414635,-0.0065883086,0.013727451,0.9162404,0.0019138233,-0.010553386,-0.033928085,-0.0075801224,0.07283934,0.97869974,0.97000635,55936.07,168.86703,1523.1519,621.99554,465.66537,669.52545,0.00063016097,94.42939,419802.44,DOS-HTTP_FLOOD
25.876064,7.2218947,70.59178,-3047.412,-0.016030377,0.069805376,0.24624437,0.09717309,0.67133844,0.051263906,0.0017506536,76.48166,7.4862385,0.55181813,11.519718,0.56414515,-0.003758059,0.01641912,0.01589081,-0.033695307,-0.039556302,-0.02380364,0.85680073,0.11771465,-0.008813225,0.037254527,0.028928302,-0.02785788,0.99309206,0.9752275,61103.332,59.76756,2917.473,604.4915,742.4149,600.6466,0.0036087772,101.20217,498102.0,DOS-HTTP_FLOOD
34.27318,7.2130013,91.11139,21814.297,0.030227983,0.4403348,-0.042023085,0.18336387,0.72547853,-0.059620645,0.03526766,85.56567,35.73442,0.26004577,2.9352875,0.4687149,0.103808954,-0.043000918,0.036260813,-0.014689324,0.020360678,0.03126972,0.86740947,0.0071559404,0.023565853,0.08878909,-0.040506814,-0.06553,0.9475865,0.9399737,55486.93,54.683617,3188.4707,418.78952,639.5592,450.8769,0.0040308903,116.403725,530186.4,DOS-HTTP_FLOOD
33.015343,6.7479067,66.43757,5824.966,-0.03430067,0.23684199,-0.101714544,0.095781304,0.64753026,0.022964552,-0.081995755,68.73517,21.559029,4.9724474,1.7852886,0.53437316,0.4303131,0.0027698325,-0.028384417,0.06462616,-0.07270193,-0.0017583743,0.90158755,0.06661366,-0.05104859,-0.021954495,0.034860272,-0.030668467,1.0464532,0.9616759,65746.336,73.84755,2305.2637,677.65485,655.31665,710.9777,0.0008537707,102.8692,479147.28,DOS-HTTP_FLOOD
37.290565,5.037441,72.995026,1576.585,0.100902855,0.2019556,-0.043387208,0.39120984,0.995616,0.0590399,0.019307215,100.571236,21.997683,6.148714,0.6779568,0.8873116,-0.029415542,0.046531595,-0.011865798,0.016999459,0.016519299,-0.045427375,1.0640415,0.025420364,0.0077243843,0.01636113,-0.0061876746,-0.035103973,0.98479956,0.9878583,65677.9,61.48792,4223.6084,686.4163,981.4963,707.5891,0.003881771,104.572586,786450.06,DOS-HTTP_FLOOD
30.166271,6.632373,64.13276,208.89844,-0.10800499,0.23077121,-0.03825798,0.13648693,0.54356796,0.052281763,0.013425162,55.49641,21.51427,1.1436659,3.075079,0.4282774,0.38352153,0.06251254,-0.0008104788,0.022435881,-0.0366633,0.028473627,0.79624254,0.03856151,-0.039326467,0.059477642,0.06009456,-0.08884423,1.028757,0.95777965,76977.305,66.117836,2874.2087,794.32416,812.77765,826.55707,0.0015699654,99.641045,688127.6,DOS-HTTP_FLOOD
30.429514,6.8121767,59.31667,20917.996,0.23145543,0.21983293,-0.1414808,0.19501089,0.5233468,-0.094574906,-0.024569634,61.03431,33.829613,5.5516963,3.7250507,0.51596886,0.15218373,-0.15839434,-0.002915389,0.076740675,-0.085660025,0.037222374,0.78916126,0.10395261,-0.046144333,0.24390505,-0.14868152,0.06818737,0.90398103,0.7822219,57274.875,59.812477,3416.9585,501.11435,710.9696,506.96793,0.015507668,96.385666,812020.06,DOS-HTTP_FLOOD
30.405766,8.215162,90.45549,2745.0938,-0.01851193,0.59604067,-0.055892408,0.1720647,0.39505345,-0.06337567,-0.0009418046,49.93238,39.409447,2.0903146,0.97005916,0.19438061,0.03388809,0.023670655,0.018404845,-0.0014771288,0.019281026,-0.08622422,0.762633,0.16720845,0.049211346,0.14680842,-0.09104784,-0.061339863,1.0236888,0.95501816,33562.773,58.223034,1876.4541,373.95673,461.60483,420.49396,0.004913381,100.50487,270618.66,DOS-HTTP_FLOOD
32.81379,7.279782,82.39226,8876.879,-0.0649028,0.20413272,-0.0050120405,0.1385614,0.5965409,0.0048472504,-0.080051705,61.3554,27.443207,1.3737708,8.9389,0.6677135,0.02358814,0.022038367,0.0766045,0.07218155,-0.048475802,0.08277304,0.8501571,0.14816692,0.057362825,-0.0237257,0.027478227,-0.05489357,0.9830411,0.90933055,74922.46,76.58273,3724.0337,756.77295,815.12634,712.4803,0.0016174868,101.25836,722058.5,DOS-HTTP_FLOOD
31.494026,5.0262356,70.06141,7695.579,-0.022835135,0.23507896,0.058040217,0.17781375,0.71655643,0.058093384,-0.04486759,64.250824,22.671461,2.3932033,6.197083,0.39997056,0.51436895,0.0014871638,0.015159247,-0.012703877,-0.057806183,-0.009926254,0.9309989,0.032064043,-0.052634943,-0.013561899,0.03365612,-0.009374618,1.0189662,0.9877892,54960.71,61.806046,1838.0454,563.68427,551.0152,572.49304,0.00036658745,99.265755,356090.4,DOS-HTTP_FLOOD
24.360352,11.029053,56.922386,-4251.4595,-0.14805028,0.11116266,-0.09513265,0.28210938,0.5071522,0.05595583,-0.05505886,69.54021,11.800638,2.4336026,1.196352,0.49124894,0.040139604,0.017569881,0.117590345,-0.18227431,0.028267419,-0.0028212834,0.57150096,0.13149849,-0.005606436,0.051133443,-0.11164237,-0.027277043,1.0556629,0.83906436,89633.836,58.92448,3691.7832,918.48474,1035.3462,1050.9072,0.006475965,112.620766,893639.0,DOS-HTTP_FLOOD
31.09071,8.466678,65.61508,5579.5195,-0.09594348,0.26293328,0.11849447,0.122666195,0.57388675,-0.0012322067,-0.03750453,65.48249,31.140545,-0.11889216,14.626073,0.33541265,0.25823155,-0.024718849,0.078194745,-0.072051674,-0.017984511,-0.024216842,0.7635838,0.031842664,-0.024677712,0.036441248,-0.012571522,-0.009825694,0.9830548,0.958159,51006.645,64.92433,1703.8071,440.16833,500.20322,519.5266,0.0006221227,112.07385,314575.75,DOS-HTTP_FLOOD
34.034,5.482933,81.31146,782.6045,0.015401962,0.31055164,0.16880624,0.26132518,0.77398473,0.045355566,0.033330113,77.7158,31.192408,0.8802685,8.630997,0.4323864,0.0961752,0.00832823,0.035929304,0.058334485,-0.040385034,0.024054686,1.0058831,0.053213667,-0.0068472363,0.041359387,-0.06912722,-0.017068818,0.9638953,0.91534066,37735.54,59.257164,2505.7153,328.37518,652.0293,333.84894,0.0049968176,91.46443,549864.06,DOS-HTTP_FLOOD
28.796312,6.12783,63.421585,3026.5671,0.054941878,0.17543639,0.0026607537,0.06872052,0.7244064,0.028887425,0.015129222,75.62793,17.975794,5.077051,0.12882748,0.7433725,-0.045446284,0.04228983,0.028280333,0.07891435,-0.0005663093,0.01182652,0.89002585,0.12409467,-0.015939198,0.04199998,-0.02226767,-0.101013914,0.9854512,0.9248433,44023.81,59.499588,1947.0258,400.56,556.25745,430.1205,0.002366863,92.393814,420631.84,DOS-HTTP_FLOOD
34.151302,4.8037157,79.05328,1466.3181,0.042655837,0.14501761,0.11865881,0.40272194,0.94746333,0.0045972625,0.046266913,93.97917,15.364512,0.48062766,5.0597467,0.68196106,-0.042170323,0.032651633,0.023705121,0.07366346,0.0058783544,-0.00492082,1.0169172,0.06407035,-0.03315167,-0.021365348,-0.025706474,-0.03046244,0.9946061,0.9287138,49654.973,59.032127,2918.836,483.10745,704.691,474.12186,0.0050938735,92.774704,575726.7,DOS-HTTP_FLOOD
25.30133,8.647928,81.38212,-464.0547,0.024480812,0.2701331,0.06765272,0.24285877,0.5110074,0.044109046,0.0024173805,63.580402,27.725801,6.931293,8.670264,0.39160204,0.057903178,0.04423791,0.017100105,0.02816495,0.015819712,-0.0141311735,0.76314294,0.19876687,-0.03564126,0.06876686,0.030797604,-0.06895582,0.90354335,0.9404214,17896.629,53.748135,788.6876,28.616882,118.51038,56.639347,0.005549751,97.778984,9496.9795,DOS-HTTP_FLOOD
25.039648,8.715377,73.773346,-5397.7036,-0.065961614,0.23056702,0.15815414,0.24346057,0.55455023,0.018077398,-0.0060837506,61.087143,26.697367,2.328014,8.222489,0.48431176,0.124071635,0.054687828,-0.04924751,0.024292722,-0.02479602,-0.12865967,0.7663601,0.16018671,-0.05934548,-0.011791013,0.019385632,-0.09548955,1.0135521,0.99860936,65517.863,55.56099,2813.9075,665.3636,768.86804,690.1224,0.0011663403,96.97154,507056.6,DOS-HTTP_FLOOD
31.640142,5.4602895,69.06299,6878.04,0.035294466,0.25742385,0.1997254,0.1911434,0.94779974,-0.029962562,0.07142621,102.13643,26.4003,1.5844471,9.79855,0.49350235,-0.062062502,0.008971811,0.05496684,0.030027134,0.0037539005,0.010710693,0.97238326,0.026148066,-0.008687458,0.07753851,-0.040135764,-0.06392607,0.9444043,0.9029142,14888.406,57.661137,782.0238,80.24515,146.75192,86.16301,0.0054727257,102.80399,87998.3,DOS-HTTP_FLOOD
37.263367,4.8156323,80.4117,6565.738,0.076112375,0.12478538,0.05425726,0.46958247,1.1232748,0.009735741,0.05658888,110.4688,10.898862,2.052433,4.3524175,0.6641648,0.10824221,0.004910403,0.0060929824,0.04109722,-0.008973332,-0.005562152,1.0696621,0.021832773,-0.035639923,-0.01756564,0.026717756,-0.004345253,0.9810144,0.963597,65912.09,59.712795,2958.833,660.6986,740.45544,629.14453,0.00050629704,105.124344,647442.25,DOS-HTTP_FLOOD
26.134357,6.4987736,87.4053,-4423.686,0.010629212,0.15130866,-0.015989106,0.1690029,0.6019829,0.07765142,0.049435724,66.79272,13.885631,1.7318934,3.0316577,0.1817918,0.4898846,0.08606396,0.037784234,0.020421676,-0.05372828,-0.004238668,0.716887,0.2193121,-0.011232263,0.06817869,0.019775268,-0.06310416,0.9379284,0.8929745,25538.062,58.108288,1181.3005,95.416306,203.0765,92.96061,0.010439957,89.990906,80668.98,DOS-HTTP_FLOOD
39.811222,3.7560284,63.41458,3258.1396,0.03218613,0.17371868,0.017822301,0.053610362,1.1939421,-0.004903622,0.079160154,108.12407,15.277916,2.607421,3.5309958,0.5554448,0.49121743,0.02209637,0.026014134,-0.040016934,-0.0017721206,-0.006426312,1.1734631,-0.09953156,-0.04095523,-0.010227942,-0.025862334,-0.005404381,0.9446855,0.9549483,56475.88,61.825607,2250.1133,560.8377,676.67865,589.0476,0.00047627772,99.88233,568132.44,DOS-HTTP_FLOOD
32.18747,5.32224,88.034805,-5577.9204,-0.03165291,0.27411506,0.008696063,0.668487,0.8120334,0.0914264,-0.012979053,71.33006,27.44171,5.3594904,6.0216784,0.55492723,0.042299874,0.02286736,0.01128811,-0.011468696,-0.032918442,-0.014139237,0.9456652,-0.006061366,0.00620991,-0.035213947,0.04224451,-0.059779465,0.9499795,0.9516285,32413.223,58.007248,1963.5652,210.4668,438.09857,217.26761,0.006170295,95.629364,227502.81,DOS-HTTP_FLOOD
28.124262,6.8922744,121.11937,2017.8821,-0.053487957,0.25343955,0.47875407,0.080546044,0.685383,0.027730677,0.11714599,74.86464,30.05805,1.0701094,19.18399,0.10745379,0.030425534,0.04093977,0.09261437,-0.027251273,-0.07158364,0.03454127,0.9616653,0.07027061,0.020550543,0.024858842,-0.040576197,-0.093141794,1.0129836,0.93950176,15671.738,59.258263,868.47974,170.24083,214.71088,139.1055,0.00060031674,93.724365,82175.44,DOS-HTTP_FLOOD
30.67516,6.6202188,64.14765,14446.137,0.014495125,0.21081448,0.084786385,0.14031194,0.7828734,0.06545757,-0.0054020993,90.884346,20.601988,3.3698633,10.821299,0.5376069,0.18175751,0.023896491,0.062788025,-0.008510108,-0.067884654,0.050206613,0.94765866,0.08253904,-0.052403875,-0.05197164,0.054703183,-0.025896247,0.9819944,0.9190356,67251.53,58.726505,2232.2036,658.1863,642.5646,630.2512,0.0003863323,100.7831,754273.25,DOS-HTTP_FLOOD
32.987507,5.8936405,64.21019,3654.201,-0.13213632,0.27617016,0.07930969,0.09213733,0.79598457,0.039525386,-0.05775232,72.89328,30.806913,-0.41534638,7.4331613,0.5000727,0.06306038,-0.029154133,0.14528278,0.08355817,-0.12214772,0.17630784,0.93092996,0.034728028,-0.020192878,-0.09573306,-0.023930324,-0.050797503,0.8970372,0.9394728,67719.97,62.381924,4818.739,684.1205,1046.0906,649.58826,0.00063631294,108.68975,1.3128912e+06,DOS-HTTP_FLOOD
33.383564,6.6787786,86.99306,4188.074,0.02849481,0.093080044,0.27882016,0.057446975,0.94839746,0.02129003,0.07107742,104.19972,8.527611,2.976062,14.657137,0.6340357,0.06046192,0.027995478,-0.0047041103,0.002098917,-0.023044363,-0.023903627,1.0064772,-0.0039129737,0.04914634,-0.06208183,-0.024003785,-0.017917115,0.9898295,0.96001846,71163.97,61.002144,3265.9753,708.5576,843.6504,678.2048,0.0009951785,109.53403,690868.44,DOS-HTTP_FLOOD
27.02574,7.975378,63.615437,5732.81,-0.05695116,0.15951554,-0.090322204,0.17329967,0.5629516,0.008385066,0.0262557,66.24916,15.251673,1.2255285,1.0949359,0.50209504,0.3463194,0.034206904,-0.037158497,0.0071795,-0.001995191,-0.011543519,0.7773419,0.15933198,-0.037353344,0.032450367,-0.016981553,-0.0568784,1.0238171,0.9760328,68763.83,58.12547,2619.147,657.2485,739.93994,683.9999,0.0008009533,98.158585,533005.25,DOS-HTTP_FLOOD
29.590961,4.899805,56.45201,-7938.345,-0.04130252,0.09935023,0.04274959,0.22059564,0.82442135,0.03285925,0.022056345,86.40009,8.658488,3.0353878,4.2688203,0.554521,0.3311765,0.069441006,-0.021198846,0.026573947,-0.00021747313,0.01080166,0.8956971,-0.03273645,-0.04295372,0.11379038,0.03702356,-0.040685292,0.9467304,0.8935283,70642.734,58.41606,2720.8777,619.7225,786.0574,633.66,0.006151305,105.5129,601963.7,DOS-HTTP_FLOOD
31.418467,5.3834143,66.57612,1470.7649,-0.044918068,0.279821,-0.039015017,0.09986601,0.63527465,0.016534992,-0.019207329,66.32419,27.738886,0.29871145,0.034985434,0.49514735,0.11612195,0.005676681,-0.021791443,0.08141622,-0.034108892,-0.018980572,0.9053874,0.10071978,-0.041806675,-0.010520561,0.048753213,-0.02457937,1.0065643,0.93812495,63333.176,66.78455,2611.589,581.1604,670.2243,575.8279,0.0036286507,101.55977,448691.2,DOS-HTTP_FLOOD
29.39027,7.0078745,57.840134,6791.5137,0.048294183,0.14225219,0.087433234,0.12015059,0.6316758,0.06606866,0.07430331,79.806915,14.803099,6.120086,8.685156,0.9002775,-0.041703966,0.041894954,0.047306675,0.018262109,-0.025059486,-0.05680667,0.9081175,0.054781646,-0.051288426,0.10672755,0.00095651485,-0.008619352,0.99733746,0.92533815,86676.82,59.83665,3340.8096,886.71857,916.5344,870.89923,0.000532313,108.71747,797624.3,DOS-HTTP_FLOOD
26.196873,6.786515,63.41077,4266.6206,-0.07072548,0.14770916,0.026367318,0.2507179,0.6586995,-0.006615132,0.06571746,72.09013,14.813835,-0.18609993,2.5889292,0.49533454,-0.001138348,-0.015040778,0.010451161,-0.008736126,0.008976603,0.009936983,0.8222067,0.09809124,-0.045383334,0.040815827,-0.0084969625,-0.054676443,1.0021057,0.96069586,48688.312,58.607803,1869.7738,453.83948,496.43314,494.16733,0.0007982638,97.21558,287313.28,DOS-HTTP_FLOOD
32.97573,7.5053263,71.10701,76797.12,-0.0020714384,0.29201522,0.052331857,0.040716678,0.8105854,0.0077386247,0.08687008,90.69044,29.923162,0.5782902,0.45821074,0.21161811,0.082488306,0.029981436,0.07537654,-0.017438186,-0.055245537,0.032241516,0.83772266,0.12956499,-0.0566737,0.019971631,0.0031127734,-0.030170254,1.0264415,0.92610407,42018.992,63.722736,1045.0526,354.1506,340.30957,354.1203,0.0007071829,104.219215,244581.53,DOS-HTTP_FLOOD
31.938438,6.436445,92.03555,5934.019,-0.06813406,0.14454067,0.042284694,0.17358351,0.88439447,0.024603678,0.024907608,85.2495,14.956699,0.4803669,2.608912,0.32504344,0.41809398,0.060307387,-0.014472019,0.03061954,-0.028165601,0.004631998,0.91870564,0.115631625,-0.03319573,-0.05363348,0.0044721086,-0.032985777,0.99729276,0.93560135,65378.676,89.6873,2372.0813,773.6951,717.55225,820.5365,0.00062678003,95.07591,523727.44,DOS-HTTP_FLOOD
26.165497,6.750952,65.66306,695.54785,0.0178799,0.12941273,0.20123059,0.2957567,0.7539694,0.024618598,0.034274872,75.66619,11.747876,1.5319108,9.549378,0.49997655,0.0354825,0.008397036,0.040782396,-0.008231158,-0.025031706,-0.013075873,0.9092735,0.08082476,-0.033321105,0.01928542,-0.029622193,-0.055561256,0.96849954,0.9547814,52797.31,56.813393,2225.235,456.98993,605.51715,455.9316,0.00045972154,90.04435,401761.44,DOS-HTTP_FLOOD
25.4408,7.931739,66.02066,-1316.9482,0.00018166378,0.124739006,0.2164214,0.3008163,0.57783294,0.058444664,0.017891336,66.3872,13.058486,2.0962658,15.792374,0.57736075,0.037752256,0.0038560992,-0.011730943,-0.0007517403,-0.037473965,-0.09069131,0.85416555,0.13725638,-0.03761871,0.019142188,-0.009220041,-0.044575118,1.0194529,0.9868955,78090.75,58.35655,2523.3013,780.7458,761.2029,786.8209,0.0003918711,97.14807,541403.6,DOS-HTTP_FLOOD
25.428074,6.8176327,51.035133,-1003.0156,-0.09641306,0.17310601,-0.02256957,0.20844315,0.51572156,0.029556952,0.009642159,66.42894,18.105387,-0.09476067,2.9190216,0.55531716,0.04901385,0.049129806,-0.007987711,0.061879814,-0.048175603,-0.020808075,0.72341895,0.09214244,-0.056782793,0.10905154,0.050374806,-0.06137216,0.98753244,0.88669777,84276.164,60.154003,2787.3667,825.3058,863.9624,875.03534,1.0415344e-05,98.97804,747866.44,DOS-HTTP_FLOOD
27.493923,5.943604,63.127712,-5012.4526,-0.0256159,0.12830883,-0.0035802368,0.40101537,0.72092485,0.021201063,0.0071159746,70.21187,12.143813,1.9654335,4.7051926,0.54153866,0.08075612,0.061461344,0.010058399,-0.0069834385,0.0022189692,-0.0018743798,0.8370086,0.07036518,-0.017361514,0.0064818896,-0.007774797,-0.041993655,0.9893805,0.96035093,56214.42,61.768387,2413.6692,449.58627,629.7447,434.7832,0.0006868355,94.65279,389072.1,DOS-HTTP_FLOOD
35.826385,5.741629,66.47482,5552.9805,0.042481665,0.19723432,0.033949822,0.33618304,0.9932865,0.09580317,-0.01431635,98.21709,19.102161,3.4857483,6.017339,0.7928857,0.084723614,0.01184211,-0.00906459,-0.0096355975,-0.04170884,-0.050468143,1.092839,-0.0598978,-0.071793616,-0.014530104,0.009988569,-0.008559841,0.981683,0.99788654,95841.74,69.37398,3068.987,1129.1708,916.21735,1129.7521,-0.0003482845,110.80743,731104.25,DOS-HTTP_FLOOD
26.659798,7.421726,58.26328,3831.904,-0.12529977,0.15770264,0.017717987,0.33497813,0.6298079,0.08078209,-0.009182078,80.70614,16.881485,-0.26862484,9.313458,0.6042943,0.09805021,-0.046876665,0.020833274,0.06514494,-0.04286539,0.02709151,0.8785902,0.083728895,-0.10732926,-0.06866889,0.065197706,-0.07476112,1.0279751,0.9591879,92884.46,65.074646,2388.678,1280.3633,730.00635,1244.744,0.00047529145,100.55598,798657.75,DOS-HTTP_FLOOD
36.957153,5.1664243,69.09,-4754.8647,0.08589478,0.29728514,0.0011478597,0.22544089,0.8752679,0.049442813,0.048398755,80.98486,27.84398,6.523938,3.2624838,0.87273645,-0.020140855,0.06406495,0.028220743,0.04391877,0.012745717,-0.031783096,1.0439978,-0.029298712,-0.0804343,0.034684125,-0.024974607,-0.05465545,0.96432185,0.9537277,57983.19,62.284283,2568.722,574.91974,769.38245,574.2739,0.0018387497,97.66474,665572.4,DOS-HTTP_FLOOD
33.681107,6.9946566,66.779564,-2809.1895,-0.062092807,0.17088895,0.032612238,0.115287475,0.8630693,0.043552734,-0.05865998,88.156876,14.551975,0.46409935,5.9411774,0.5449269,0.18029453,0.0019728858,-0.03153687,0.06453557,-0.0467088,-0.047001116,0.93074626,-0.02169398,-0.001811292,-0.025289396,0.030834634,0.002194345,1.0396291,1.0655421,104736.58,167.18864,3586.2947,1278.1553,934.2411,1340.1943,0.00023730674,109.39871,925311.56,DOS-HTTP_FLOOD
31.97702,5.535826,72.650406,698.3545,-0.08486859,0.275913,-0.057346147,0.42822275,0.69403964,0.053215384,0.02085576,72.16342,24.924809,1.1762664,0.2334562,0.4501509,0.021217154,0.010219565,0.00896051,-0.022073109,-0.0022210972,0.032447368,0.8386886,-0.0055356203,-0.051065847,0.07957196,0.15064104,-0.04244864,0.9655237,0.96870124,52709.0,69.28773,1032.1733,322.95566,282.24783,402.26013,0.0045771496,109.00365,147388.08,DOS-HTTP_FLOOD
30.826897,6.4932537,73.16347,1328.8113,-0.045944244,0.18369523,-0.015446647,0.2637571,0.6924517,0.06676538,-0.052898295,81.60573,20.026997,0.51783746,4.183168,0.7691287,-0.13921832,-0.0069614267,0.06672704,-0.04694184,-0.0635283,0.07613623,0.8000585,-0.0036248153,-0.0029760995,0.21277907,0.073167324,-0.10632174,1.0089923,0.9784074,76536.09,62.2339,3654.4736,589.5591,843.2352,706.9406,0.0079581365,120.055756,677299.75,DOS-HTTP_FLOOD
23.695349,8.626357,67.18535,42185.016,-0.09267506,0.16307192,0.53159297,0.0122971535,0.36286515,0.009597874,0.026798163,50.83705,19.277256,-0.23649779,19.877783,0.27662116,0.04943871,-0.053477988,0.010321209,0.107293904,-0.11090387,-0.005304292,0.8578356,0.07911636,-0.04749568,0.03970085,-0.04512003,-0.0711645,1.0483707,1.0263171,33561.79,58.20653,2167.5205,382.7241,623.81714,396.99902,-0.00012852815,107.642845,405569.56,DOS-HTTP_FLOOD
35.221172,5.9107018,70.28399,8181.218,-0.001418097,0.22344509,0.016655993,0.25869665,0.79746324,-0.025968507,0.05012154,85.55628,20.447588,0.021459842,1.6843874,0.5707131,0.03718285,0.036576107,0.10001324,0.067722954,0.019655881,0.002905652,0.91938984,0.038132556,-0.07316761,-0.031885326,-0.011856574,0.0031923596,0.9717139,0.9525171,62133.004,61.614902,2342.1367,427.87326,572.7603,439.4153,0.0009810474,111.940765,549413.1,DOS-HTTP_FLOOD
29.219475,7.068452,64.26973,3061.435,-0.004805429,0.2305461,-0.09182874,0.1674369,0.58440864,0.008705952,0.014024695,69.236115,23.765535,0.763288,0.8830806,0.5904834,0.030885179,0.04415002,0.044126347,0.0384664,-0.01687209,0.03042073,0.8489556,0.14025329,-0.037970647,0.011972312,0.030596327,-0.050048735,1.0005529,0.91617876,70734.84,58.797054,3156.749,638.4843,739.7197,636.46375,0.001125374,105.7732,656607.4,DOS-HTTP_FLOOD
33.275173,4.512207,59.617393,1287.7053,-0.011484585,0.18554497,0.09604429,0.17157066,0.844703,0.07717186,0.03876143,91.04539,16.463726,3.5003994,8.776643,0.9185344,0.008301732,0.037915997,-0.006583794,0.014270937,0.007926066,0.016629394,1.0359092,-0.09167055,-0.041097,0.118346125,0.017747093,0.005644113,0.9685704,0.8956591,74920.81,58.83655,3088.6062,795.16504,897.5388,774.375,0.0039048302,106.972824,739703.9,DOS-HTTP_FLOOD
23.376194,7.4318423,59.38287,2687.645,-0.04553378,0.1779549,0.24033652,0.07782362,0.4241019,0.033386737,0.055143245,48.600018,17.31239,0.82556224,13.696567,0.30147785,0.22705184,-0.01787167,0.0037865527,-0.0114271315,-0.028310183,-0.03688972,0.78460085,0.11967213,-0.030460835,0.102812044,-0.031097028,-0.058569916,1.0027496,0.9909563,37044.89,57.723797,1546.1765,285.83792,383.95728,292.61386,0.00090993015,91.87389,193984.67,DOS-HTTP_FLOOD
32.70058,5.336995,68.5296,6328.6787,0.07173649,0.2132244,0.12023723,0.08087158,0.8318121,0.014630573,0.059036132,75.829735,18.46202,1.3963872,8.532268,0.49577355,0.38432983,0.02352556,0.04812302,0.015810851,-0.016411781,0.0037516328,1.0273125,-0.025850413,-0.045843903,0.037258893,-0.013548208,-0.020916976,0.9758641,1.000854,54490.824,57.25997,2346.9248,487.59247,618.6811,465.09262,0.00044855542,95.97523,554607.8,DOS-HTTP_FLOOD
32.4881,4.8819666,71.63109,1905.9006,-0.024036037,0.29064974,0.094468005,0.16284859,0.7266084,-0.0034136157,-0.015069367,70.473915,30.495646,2.4194598,11.1899395,0.5179768,0.28760937,0.02191877,0.017518587,-0.0058351364,-0.0065660104,-0.0060371635,1.0055319,0.011666824,-0.005181241,0.023709938,-0.017286908,-0.002956232,0.9698433,0.95807964,52420.77,58.638714,2739.1272,507.0734,739.17645,538.37744,0.0032856467,100.80391,635833.2,DOS-HTTP_FLOOD
32.655846,5.4655895,68.066765,254.0874,-0.009408136,0.52952784,-0.09718914,0.411091,0.4328752,0.00803811,0.006117276,42.879456,36.625,0.38200265,0.64153194,0.33648786,-0.05745564,0.035352606,0.021001656,0.0019707251,0.045829237,0.023252185,0.85896856,0.058252793,0.008791231,0.051596653,0.022556428,-0.010779648,0.99519515,0.98478985,30341.986,66.56524,671.07263,206.2789,105.24404,267.9531,0.0037390017,97.457375,53281.676,DOS-HTTP_FLOOD
30.949442,3.4267955,69.90337,-1946.0332,0.064922184,0.14961825,0.011139527,0.2371997,0.6560779,0.047364675,0.04146389,62.067158,11.973747,3.1346354,8.775874,0.38530973,0.6143641,0.100320786,0.0059437007,0.03274036,-0.04867481,-0.016622521,0.8921668,0.08056311,-0.029946148,0.07865904,0.016141344,-0.0028620008,0.97136545,0.925233,51474.188,61.24491,2889.8342,466.19098,679.197,420.30606,0.01119376,98.66281,546395.2,DOS-HTTP_FLOOD
30.15835,7.6121454,67.24353,3124.7583,0.08633642,0.3402382,-0.08847056,0.06762951,0.47842517,-0.0036437921,-0.04314535,52.182117,29.147549,4.057292,0.059049413,0.542553,0.14779477,-0.049123652,0.05110816,0.028720614,0.0039698975,0.015014017,0.8535476,0.037542067,-0.014244477,0.019134663,-0.010684332,-0.07912755,0.95434475,0.9692665,56160.586,58.882645,2543.8757,545.6482,628.54047,564.62396,0.0013553632,101.656784,564241.4,DOS-HTTP_FLOOD
27.902098,7.179991,61.061466,-1338.8179,-0.10437131,0.12076657,0.304014,0.093110986,0.6410794,0.052067682,0.033551414,73.55316,12.753532,-0.2572556,17.393478,0.5839974,0.0002882108,0.024693038,-0.0008689612,0.027827345,-0.03136843,0.012158583,0.9287824,0.031995937,-0.034176145,-0.01228013,0.021089643,-0.0027179997,1.0033826,0.96505773,59073.98,62.01484,2195.17,664.8564,714.3941,698.5049,0.0018044631,103.43204,605347.56,DOS-HTTP_FLOOD
27.03198,6.228331,66.86071,1071.2273,0.09348416,0.090082966,0.28099048,0.29188868,0.7182353,-0.011548613,0.05012154,77.04924,7.1786857,7.774797,17.543179,0.7274068,-0.04691517,0.04483987,-0.012488481,-0.020132234,-0.012183819,-0.013355801,0.91108376,0.032133978,0.010611951,0.073816784,-0.0051529473,-0.010025742,0.9695995,0.9761115,39830.438,57.896248,2162.5088,362.23798,505.35977,353.67975,0.0056158425,98.68732,312053.03,DOS-HTTP_FLOOD
31.071442,6.3094525,64.12083,4179.475,-0.06323138,0.23906039,0.113222316,0.2155578,0.647712,0.035058763,-0.05532545,65.47749,24.601679,0.010100788,15.754167,0.6686566,-0.006904413,-0.025653522,0.030222552,-0.03593894,-0.029591525,0.040133636,0.9230376,0.054508083,-0.004558426,-0.026456956,-0.0066537503,-0.034799494,1.0120645,0.9848754,76535.99,67.785255,3186.0117,906.75964,905.4515,896.0965,0.0002736048,97.60237,813246.2,DOS-HTTP_FLOOD
26.927906,5.9047394,59.241726,19160.727,-0.0023486186,0.11921401,0.34856695,0.30036876,0.7420576,0.06994146,0.10452807,70.840195,9.789497,-0.095373616,16.357315,0.45235616,0.0004718341,0.06974231,-0.02301273,-0.024556398,0.026556712,0.008892057,0.90845025,0.023903588,-0.0048569147,0.028032083,0.00021700747,0.0069185626,0.9738592,0.95176554,29530.33,59.434135,1168.3105,371.75003,389.29907,363.25696,-0.000324286,88.51883,237445.22,DOS-HTTP_FLOOD
30.888147,5.0674686,60.879288,2738.2854,0.023143068,0.13857341,0.12291132,0.016244799,0.7356688,-0.012160579,0.026353763,62.17809,12.383892,3.138153,8.821293,0.6453366,0.110538326,0.03368665,0.01602283,-0.03309032,-0.01219804,-0.034616653,0.9655293,-0.09406494,-0.052374907,0.03375121,-0.003306237,-0.026367169,0.95431405,0.9478603,70942.55,62.741882,2046.2115,685.73065,676.8007,706.6779,0.00025458698,92.418686,555687.6,DOS-HTTP_FLOOD
27.801624,6.44527,124.15549,14930.656,-0.006527547,0.19984424,0.29595155,0.088796,0.78371394,0.0033189235,0.057933353,90.53113,23.26305,0.35849035,8.703356,0.33572432,-0.05443672,0.07193401,0.07234142,0.06778871,-0.059987463,-0.03707049,0.8343022,0.16719994,-0.014594584,0.06550689,0.012885554,-0.025937274,1.0146253,0.94562846,58208.246,57.46178,3889.8728,612.7438,800.3749,561.861,0.0010529587,102.53145,672063.7,DOS-HTTP_FLOOD
25.570044,7.8441963,69.82268,-3418.913,-0.010248701,0.2043551,0.59226435,0.008341464,0.48395672,-0.0007031078,0.035355058,54.004616,23.83336,0.7567202,19.738176,0.1824516,0.038607594,-0.017040968,0.044733264,0.04334376,-0.08363951,-0.079698324,0.8859955,0.06167292,-0.017630402,0.012214682,0.022941763,-0.037147816,1.0315243,0.99550503,13496.547,60.017616,395.71368,52.07817,100.81905,78.27545,0.0019372043,101.89279,29298.623,DOS-HTTP_FLOOD
34.990818,6.79573,65.27853,4433.7183,-0.005838312,0.16155417,0.10763122,0.5838162,0.904766,0.034786932,0.008791726,89.12786,12.274419,0.15658987,6.0674725,0.6700069,-0.028141951,0.051010713,-0.0034158584,0.104098685,0.057665747,0.08464755,1.0491278,-0.034073234,-0.024864487,-0.06585638,-0.025708769,0.082810976,0.98211104,0.94768846,67076.234,67.804855,1885.0667,546.6192,605.64886,502.20706,0.0031486363,102.35224,697919.94,DOS-HTTP_FLOOD
22.148222,9.004723,65.999115,3334.9043,-0.002913056,0.034268353,0.28801116,0.15025459,0.52738655,0.044838145,0.04528445,55.615105,2.588087,0.2159681,14.858562,0.4024949,0.049142655,-0.004863944,-0.0053157844,-0.052960865,-0.008810216,0.009995265,0.7831878,0.16467485,-0.04846715,-0.018014079,-0.031483226,-0.022319965,1.0260242,1.0172527,52680.688,58.102768,1708.629,522.45575,451.43387,498.6338,0.00039252598,89.31027,275982.3,DOS-HTTP_FLOOD
30.637917,5.436328,65.02425,4110.7124,-0.0045391545,0.12416559,0.17367986,0.19726048,0.76810956,0.024523202,0.007934267,77.62681,10.027171,0.71680576,13.474975,0.5275522,0.22067153,0.0003422564,0.036165778,-0.0074043726,-0.018113358,-0.023123432,0.91707885,-0.011374073,-0.034307465,0.038055584,-0.021442376,0.023557197,0.99508595,0.96985173,59861.562,60.676838,2343.6335,491.62817,647.6611,491.2918,0.00042043283,102.61607,496513.6,DOS-HTTP_FLOOD
30.00384,5.455353,60.206,4165.2773,0.04256227,0.18740521,0.025377948,0.15422729,0.5551299,0.04701002,0.00331664,72.6676,16.788511,5.4066176,8.348709,0.6172899,0.18003522,0.07675904,0.042736564,0.07020769,0.015499597,0.0059026945,0.8016477,0.058024544,-0.033152845,0.15733922,0.045494508,0.014817061,0.9510352,0.8642053,70261.68,59.963837,2370.0044,587.6457,639.1359,548.4068,0.0066488576,110.025826,712347.06,DOS-HTTP_FLOOD
36.246384,4.9548016,64.80078,4046.4563,0.014494073,0.20524958,-0.031179033,0.5194403,0.8401006,0.046229057,-0.01030507,68.816895,17.081787,5.487624,6.4081135,0.84011906,0.009650733,0.03954753,0.04101928,0.043549314,-0.016533503,0.04626608,1.0088822,-0.078276366,-0.018980566,-0.026871646,0.0035003852,-0.050023943,0.9706489,0.9534844,80976.14,74.15755,2652.708,855.0305,849.39557,856.0024,7.084875e-05,96.02302,813507.06,DOS-HTTP_FLOOD
29.781929,5.2970853,65.192665,1704.8494,-0.032250583,0.19567333,0.08112961,0.108238034,0.5882939,0.020876845,0.008836644,60.206818,17.724072,1.0450628,13.724695,0.61333424,0.07826298,0.010126893,0.011976441,0.08770467,-0.02210392,-0.0058123283,0.9582128,0.019562723,-0.026071101,-0.008339816,0.046466496,-0.010263248,0.9603931,0.98661864,77913.87,98.02333,2958.726,846.42993,869.951,832.1309,0.0021177453,104.17567,848498.56,DOS-HTTP_FLOOD
36.226173,6.3260636,70.96522,8336.537,0.004716739,0.27598962,0.19177833,0.12835316,0.8412945,0.013842606,-0.025536936,86.58467,32.62033,0.39646667,13.816288,0.6254569,0.069788106,-0.029058998,0.032018263,0.05197522,-0.09030558,0.0119259525,1.0047,0.0143618835,0.0025230483,-0.027318265,-0.043453075,-0.009715687,0.968024,0.94823486,70315.27,60.706085,4382.358,595.3315,934.605,584.34766,0.00030689163,108.85416,768041.94,DOS-HTTP_FLOOD
28.372082,6.8484945,62.961025,-802.9004,0.0079500945,0.16296826,0.22519007,0.319942,0.5080511,0.04739692,0.009336366,62.012283,15.50335,0.659011,19.33564,0.6574536,-0.0050278627,-0.0007093977,-0.0066160085,0.029166417,-0.057274893,-0.016794266,0.8977352,0.08517309,0.0073250774,0.032943763,-0.046788026,-0.011248271,1.0349793,0.975857,46939.383,58.6648,3134.4236,431.86917,772.2476,430.11426,0.005414037,102.04001,663673.3,DOS-HTTP_FLOOD
32.38459,8.7045,66.3567,14982.576,0.028705029,0.42355204,0.043716647,0.09581166,0.5549146,0.025658391,-0.13230008,55.62685,37.264362,2.7930293,8.813619,0.50123554,0.018572835,-0.07598996,0.033313934,-0.019776987,-0.08509374,0.07650658,0.9289582,0.10694536,-0.011713536,0.017496109,-0.1388992,-0.10117318,0.98294,0.9891218,60842.883,59.748127,2828.0146,612.0694,737.14984,574.78925,-0.00015275773,98.121315,796917.94,DOS-HTTP_FLOOD
36.664276,4.5559363,100.25313,618.68164,-0.10363446,0.2437837,0.012575629,0.24435897,0.94378847,0.08064541,-0.0018208241,79.015274,25.805399,0.33719617,1.8005774,0.50835204,0.24558833,0.03219539,0.03870483,0.017401893,-0.047622416,-0.011888732,1.0008487,0.031278133,-0.03457135,-0.07262626,0.010583963,-0.12407518,0.98330003,1.0331017,72298.72,77.09692,4518.07,883.7962,1087.5365,912.98553,0.00061020325,98.29976,1.0310328e+06,DOS-HTTP_FLOOD
34.336613,5.0825443,65.70145,184.01416,-0.038421966,0.36308387,-0.0109836785,0.14158963,0.6963932,0.015190126,-0.013224809,61.88715,31.757908,2.8990207,3.4025738,0.38430297,0.6208312,0.042576917,-0.025420655,-0.026383528,-0.04776795,-0.024785545,0.9626254,-0.015289207,-0.017533561,0.023394229,0.019617297,-0.03216097,0.99876666,0.94843745,50910.945,62.859493,2515.1184,550.7393,682.2092,587.07904,0.0013841877,100.44391,447111.16,DOS-HTTP_FLOOD
27.589272,7.8932447,68.16753,2172.0657,0.028902164,0.2606479,-0.06272037,0.1941338,0.480266,0.028105952,-0.008571985,65.14566,27.73092,0.4882306,0.6280139,0.586817,-0.008282232,0.013729127,0.044947226,0.09532069,0.018502546,0.009460472,0.7541485,0.18880711,-0.050403293,0.0042168414,0.025407203,-0.053456962,0.982896,0.9727533,78553.516,58.360504,3353.196,792.8344,872.95605,821.9215,0.0025881722,106.5621,813882.56,DOS-HTTP_FLOOD
28.017756,7.2858586,75.887566,1670.9395,0.03224434,0.13735552,0.10543893,0.26163307,0.7052832,0.034625784,0.0334369,80.30882,14.434537,3.3871439,11.786867,0.56353843,0.059063442,0.031129505,-0.019136569,0.03683351,-0.03923629,-0.013307568,0.8461863,0.1380269,-0.024388785,0.05110633,-0.021796562,-0.011571319,0.968026,0.9101865,43687.52,57.660236,2431.5625,412.51663,583.68677,373.72617,0.0060973805,96.862816,358515.78,DOS-HTTP_FLOOD
35.75665,4.502319,71.02639,2982.5864,0.020680662,0.24885514,-0.08106108,0.19191742,0.8760496,0.019780377,0.029248439,79.63129,20.783142,1.4576497,1.1597072,0.56516665,0.4309381,0.051410094,0.028393105,-0.04357085,-0.031731207,0.02302067,0.9797666,-0.13640231,-0.032766692,-0.0042688125,0.07066044,-0.06804301,0.9531364,0.9654708,60534.09,59.076656,2434.382,534.9035,663.1245,568.1681,0.0008058798,106.97767,554044.75,DOS-HTTP_FLOOD
33.339016,5.7034726,70.019684,3964.7961,0.02072233,0.19856179,0.12407783,0.2286899,0.6862202,0.013406554,0.0086988155,65.20938,17.514652,1.2853446,14.727683,0.8020053,0.020608155,-0.01739731,0.057951406,0.019952765,-0.06166918,-0.033685807,0.9985078,-0.014925848,-0.04346186,0.003792831,-0.000551939,-0.024151912,1.0143193,0.9868955,82015.32,64.81871,2963.2495,844.4945,914.4312,863.4288,0.00036667363,97.32227,887230.75,DOS-HTTP_FLOOD
27.909899,7.9348216,67.584946,7691.6895,-0.043152645,0.14169733,0.3344177,0.03255111,0.62647945,0.067791395,-0.0009538233,71.55078,13.788036,0.09731555,17.772522,0.386862,0.008327857,0.009005548,0.043217964,-0.005382644,-0.089095496,-0.024174845,0.9137684,0.06850411,-0.06644248,-0.058470026,0.016044203,0.020749921,1.0252603,0.9953992,53171.316,61.42377,1849.3954,628.8196,608.94775,581.40546,-0.0004239059,97.724915,426056.4,DOS-HTTP_FLOOD
31.927414,6.85368,63.115086,24829.9,-0.0136451125,0.4585885,0.2200585,0.14650427,0.18389136,0.09400438,-0.016377883,25.994312,35.539093,5.209896,19.568218,0.32737818,0.4551358,-0.019245649,0.013766399,-0.07770092,-0.037972078,-0.039065838,0.8757601,0.071580134,0.020553729,0.031619005,0.01422845,-0.05807405,0.9776181,0.9974226,37469.668,61.793797,1689.2205,516.5799,516.4501,543.8598,0.00020042056,104.205185,304500.16,DOS-HTTP_FLOOD
43.64715,5.7126665,72.2838,12475.831,-0.060039308,0.36503485,0.13039789,0.07962777,0.8720487,-0.057430338,0.015488217,80.203545,32.05975,-0.10246988,3.9647806,0.623607,0.03245912,0.038738474,0.06470007,0.076339066,-0.05865866,0.01179146,1.0482734,-0.06019507,0.014011607,-0.025827765,0.011151772,0.03077986,0.9867677,0.9289791,63420.566,99.10379,1736.0868,547.0929,620.7058,629.6398,-0.00030028902,98.57017,607006.1,DOS-HTTP_FLOOD
27.950798,6.310444,62.48542,110152.17,-0.0010378566,0.27007878,0.18944857,0.16452305,0.7310632,0.14330378,-0.057635568,87.857704,33.219772,0.3672469,13.459366,0.2627571,0.062013336,0.075074226,0.023201719,-0.0066198595,0.011712256,0.06772128,0.67540336,0.15864167,0.0640054,0.14909579,0.026554532,-0.015541544,0.9741423,0.8902506,60526.035,69.904144,2606.0933,579.6126,566.713,498.32788,0.002041668,121.92429,478989.47,DOS-HTTP_FLOOD
29.163063,7.1522207,65.93639,3738.959,-0.03507758,0.24061933,0.025494937,0.1450086,0.65323,0.0035015396,-0.015193878,65.771706,20.919952,-0.17435044,2.991718,0.4507697,0.14291959,0.0032357592,0.03629796,0.028964283,-0.019876055,-0.0056159357,0.8838543,0.046744473,-0.03266516,-0.031269066,-0.0063053984,-0.06590164,1.0052108,0.9665146,65704.266,59.07488,2659.3254,587.55743,721.78253,623.9201,0.00051485805,98.726616,681894.56,DOS-HTTP_FLOOD
27.738605,5.652666,59.536663,3418.7253,-0.027612727,0.06926284,0.22609808,0.17311536,0.6108993,0.038014606,-0.009111261,57.517593,4.4455028,0.106563926,14.413662,0.47984403,0.28186914,0.01989724,0.046758182,-0.01633544,-0.050379638,-0.03799798,0.9041744,-0.015327753,-0.06361391,0.07016547,-0.022649335,0.038125016,1.0088984,0.94318753,60606.586,60.787666,1964.5822,551.6992,648.2662,537.8247,8.432688e-05,94.39742,542758.9,DOS-HTTP_FLOOD
30.13049,4.519706,63.508896,-272.97363,-0.0071339025,0.19104315,0.12208636,0.45596844,0.7741448,0.03479783,0.011861496,63.22731,16.919205,1.8854415,9.681028,0.60178566,0.1595347,0.005534431,0.027746081,-0.003991965,-0.009975104,-0.0005317526,1.002035,-0.072545014,-0.037986193,0.037203763,-0.015366269,-0.04129194,0.96426773,0.96409446,52640.7,59.596527,2184.2097,434.98862,637.6212,426.4709,0.0006737122,92.66907,451155.3,DOS-HTTP_FLOOD
30.407299,5.421541,57.321327,10197.008,-0.14426571,0.1658681,-0.06583436,0.2570118,0.64460206,0.060569536,-0.00604891,67.00044,13.326429,0.29191044,1.2232412,0.6818637,-0.003545303,-0.020086074,0.006739176,0.08410503,0.03991089,0.15971126,0.9114686,0.01788256,-0.068577126,0.0073533733,0.05321111,-0.07939019,0.9940931,0.90600383,80515.88,83.46349,2503.5122,866.1344,810.4991,883.0099,0.000435626,99.346436,996829.75,DOS-HTTP_FLOOD
29.046112,6.4679594,59.483364,8056.808,0.035094164,0.17848475,0.106596835,0.52108485,0.7020633,0.06427841,0.04478414,72.091866,17.109123,9.408656,10.752384,0.748034,-0.024230214,0.0016618427,-0.008787358,0.032557998,-0.027827099,-0.016038142,0.9675435,0.027280796,-0.00082754064,0.044250708,-0.04570061,-0.025026888,0.9797141,0.9220793,60368.617,57.197456,2020.3563,572.9487,617.8738,589.49457,-1.6039368e-05,88.02538,414451.72,DOS-HTTP_FLOOD
33.32021,8.012071,74.9657,5115.497,-0.024138277,0.54286844,-0.04750481,0.13953744,0.39175412,0.0076285694,-0.029667076,44.783997,37.54063,-0.017967302,0.15727937,0.3745073,-0.003556965,-0.009971437,0.04001946,-0.04557464,-0.05028581,0.007964274,0.78418523,0.07516626,0.01478886,0.07252145,0.001554857,-0.054991737,0.98892707,1.0229297,66502.36,67.20822,2767.6057,713.3464,786.13226,751.55804,0.0005928907,108.88618,947216.25,DOS-HTTP_FLOOD
31.595102,6.1139474,96.90077,3316.6143,-0.033887807,0.11305179,0.22850631,0.05952242,0.96675086,-0.005772706,0.055165626,97.934425,11.437507,1.7776916,9.572093,0.40956232,0.15731156,0.011697774,0.026249105,0.024083622,-0.064091206,-0.052639022,1.0058417,0.038697965,0.007214157,-0.011120121,-0.029765254,-0.026912263,1.0203528,0.9880891,52706.465,60.16048,2441.8254,497.0926,638.9627,500.82108,0.0005044222,100.74949,456987.1,DOS-HTTP_FLOOD
34.036003,7.1648912,68.57791,31126.707,0.08551775,0.32394272,-0.029819857,0.09382733,0.7342915,0.04950806,-0.0015167566,77.88212,32.002064,1.9413711,0.4513589,0.6632323,0.03258444,0.031392604,0.049227793,0.029100265,0.02390527,0.030361498,0.9203139,0.054137286,-0.043339435,-0.045734238,0.018092502,-0.054204784,0.97273153,0.9695749,61477.74,60.336628,2476.241,607.7721,691.9081,597.028,0.00064140285,104.80467,668060.3,DOS-HTTP_FLOOD
23.785398,8.072788,77.580086,8139.2256,0.011115604,0.11037206,0.29020572,0.09936426,0.58100873,-0.018642286,0.041746847,62.093895,10.557913,0.7121274,9.553047,0.540807,-0.057871528,0.020224022,0.006060796,0.037536133,-0.0624632,-0.01726059,0.80772454,0.087040536,-0.065501764,0.0535727,0.026469903,-0.05379434,1.0406308,0.9981167,67813.04,57.96019,1854.5746,593.43195,581.3621,572.43427,0.00040726276,90.03393,461091.53,DOS-HTTP_FLOOD
27.15372,6.833507,65.03383,-6190.107,-0.018012397,0.29456654,-0.09110659,0.24042359,0.5257464,0.043589607,0.07738841,69.0161,30.16045,3.2612505,1.5281981,0.5480481,0.07940637,0.034904085,0.03269707,-0.030845718,0.0010271277,0.030936485,0.706064,0.14605345,-0.0547165,0.07001987,0.018876217,-0.13397214,0.95694077,0.87854725,42580.71,57.00748,2167.3066,289.42166,493.02054,331.5497,0.0042959284,104.89198,299018.5,DOS-HTTP_FLOOD
37.732574,6.0738063,63.816727,2631.8218,0.09880509,0.18674712,0.061911304,0.24410632,0.8618475,0.02284596,0.03525766,88.91309,15.394878,11.8521805,12.618542,0.9222027,0.09733758,0.018624816,-0.036988325,0.06252882,-0.025662925,0.09830293,1.0635539,-0.12281092,0.008211329,0.037043024,-0.026641242,0.08216281,0.96682924,0.9733336,62535.26,65.29834,3154.5913,597.3571,767.2913,548.78827,0.0019470319,115.8212,612918.7,DOS-HTTP_FLOOD
31.440376,5.5715165,55.143867,-1772.6855,-0.059263945,0.06618445,0.025333013,0.14977874,0.6532424,0.19073479,-0.024589404,71.57289,3.6793938,0.2376522,0.22604758,0.57506007,0.2356539,0.08088215,-0.065537,0.067542106,0.012715411,0.09816059,0.8628562,-0.031972513,-0.04447002,-0.04203426,0.03853211,-0.068394884,0.94744575,0.84541273,102720.36,73.72371,5357.074,1280.473,1451.9819,1209.0905,0.00021477745,108.59172,1.6512675e+06,DOS-HTTP_FLOOD
30.057318,5.4034233,57.256897,6304.805,-0.071514264,0.36971387,0.26140666,0.055647142,0.44635305,0.050924342,0.023749687,39.27855,28.512373,-0.030588597,15.772089,0.363649,0.13024524,0.015911127,0.03541819,-0.06267549,-0.037978865,0.01374474,0.9682713,-0.056099,-0.052562602,0.11214968,-0.0049654767,-0.002564527,0.9619385,0.9467346,34880.977,59.246567,1328.9016,330.95956,458.28888,379.90155,0.00084934605,90.78935,312986.9,DOS-HTTP_FLOOD
33.49918,4.444656,60.5607,4361.645,0.01511663,0.17274034,-0.056626916,0.16441797,0.7802634,0.043297566,0.04411556,77.13341,16.4286,4.6466713,0.23767339,0.86780256,-0.024791902,0.040985927,0.02407574,0.068385065,0.049285956,0.022848519,0.9818909,-0.026206056,-0.04708098,0.009291497,0.01953371,-0.043783322,0.9879259,0.90704113,81014.3,67.20912,2257.671,831.773,767.99274,840.5229,0.0008582657,100.97648,732480.3,DOS-HTTP_FLOOD
29.223236,10.057436,66.56122,3035.5718,-0.09459323,0.18569009,0.021985587,0.39826396,0.73888826,0.022234973,-0.03489554,65.59085,14.521725,0.047620837,8.103513,0.38764483,0.12795703,0.01118197,-0.035599735,0.048696615,0.02012132,-0.1068703,0.8654379,0.022047013,-0.040389936,-0.12296789,-0.040236298,0.1164092,1.0315254,1.059126,80130.26,178.22453,2321.324,1052.7993,625.2175,1093.7576,-0.0005865728,97.88512,671595.3,DOS-HTTP_FLOOD
28.643757,6.6325555,66.87217,9588.094,-0.0026479177,0.10670489,0.15600234,0.29216012,0.73471683,0.014310705,0.039487142,70.04262,10.693237,0.12236755,7.286179,0.5125093,0.011540018,0.011466308,-0.011925538,-0.027849175,0.0005900115,-0.011630705,0.9115411,0.06660553,0.005322115,0.016247675,-0.016814966,-0.036605593,0.99393356,0.95003676,38596.008,58.45829,1880.0988,385.02985,536.45654,366.5006,0.0028024074,92.34909,331090.75,DOS-HTTP_FLOOD
32.55371,6.412861,76.29569,4120.0825,-0.106243744,0.24235156,0.01662836,0.102246165,0.6033445,-0.03186419,-0.098780856,54.517822,22.824593,0.16958955,13.82328,0.3272352,0.6213167,0.046186626,0.07797836,0.064125344,-0.09050733,-0.006942819,0.9331585,0.012672112,0.011206242,0.009718293,0.022152662,-0.010880492,0.9586784,0.9940366,67544.14,106.53629,2785.832,856.56915,771.1051,881.98486,0.0033685497,99.45901,773389.75,DOS-HTTP_FLOOD
30.764603,7.8841925,51.51342,-2175.8853,-0.006343443,0.27628067,-0.074195735,0.21689203,0.470411,0.03709656,0.07021019,54.998325,26.906261,4.074947,2.8958473,0.756199,0.055571564,0.057225414,0.007439367,0.036702372,-0.008026668,0.02408174,0.7931544,0.0770531,-0.04774206,0.07242567,-0.0014939904,-0.09573638,0.94054997,0.8654225,72015.64,60.50287,3773.1558,778.0892,1111.9369,817.2705,0.00062412024,95.485886,1.1830399e+06,DOS-HTTP_FLOOD
34.80256,3.5244012,61.032303,75849.234,-0.0871005,0.3147165,0.2250565,0.050880622,1.0017129,0.032248206,-0.025847357,97.62167,28.77636,-0.24348423,12.540714,0.085053004,0.51735574,0.0012847502,0.046215635,0.08181284,-0.067877114,-0.0021222513,1.0181786,-0.027909761,0.042806707,0.044124655,-0.11527245,0.04499986,0.9994995,0.95409733,25535.12,63.46481,1918.1254,342.8603,469.27667,319.62836,0.0003817032,103.199356,288166.12,DOS-HTTP_FLOOD
37.532433,4.052289,62.80153,5389.616,-0.015545437,0.24153359,-0.05068241,0.10604109,0.78157324,0.05546516,-0.0011578226,65.746445,21.852974,3.3031178,1.6987544,0.6242239,0.350401,0.10567869,0.011268287,0.12553549,-0.023931999,0.012020123,1.0277933,-0.047459338,-0.021380518,0.018389067,0.0076446305,-0.028720936,0.91874707,0.9236642,56764.54,86.21358,2375.433,584.1382,706.7492,595.8088,0.0051783193,97.46427,661142.1,DOS-HTTP_FLOOD
27.602789,7.473717,110.047676,6162.6265,-0.056221746,0.2129339,0.22950727,0.16223732,0.64467806,0.005577972,-0.0037968438,68.67889,21.021133,0.1377863,8.804817,0.42736572,-0.005361924,0.01190782,0.05256601,0.02444625,-0.08437126,-0.040732045,0.84640473,0.059595425,-0.057395823,0.032632038,0.026257712,-0.03611843,1.006262,0.933964,65856.51,57.191406,2738.64,620.78534,761.3303,613.3313,0.00037632592,94.49824,613585.75,DOS-HTTP_FLOOD
24.48447,9.19342,97.71744,3085.1514,-0.05756717,0.23763144,0.103533074,0.060125835,0.36925608,-0.02518693,-0.023920981,57.93111,27.7029,0.06854922,8.233121,0.26486275,0.05733461,0.08138902,0.01368898,0.062153693,-0.08374461,0.013692735,0.7207292,0.23405361,-0.044241853,0.11429632,0.02916186,0.011425795,0.99289316,0.9734747,57422.31,62.59597,2389.3967,695.02423,631.1822,641.82495,0.003988087,98.80826,427690.1,DOS-HTTP_FLOOD
33.6819,4.9304237,65.70099,-2263.3682,-0.04184878,0.25248325,0.07256794,0.5021004,0.84498763,0.061515827,0.007954521,83.415726,26.739746,0.04696813,6.1440268,0.61826915,0.09121909,0.026929861,-0.0140642915,0.06949539,-0.017630316,-0.03197541,1.0353876,0.0053775264,-0.00942031,-0.033978082,0.012799457,-0.014043933,0.9424819,0.97403705,68718.29,66.196655,3332.609,720.84937,884.61633,720.6155,0.0038941866,99.990074,680331.56,DOS-HTTP_FLOOD
29.43982,6.6600037,64.2425,71470.85,0.05345378,0.19771351,0.38128063,0.08379523,0.6908915,0.04107608,-0.013030953,76.86235,20.955395,0.94588494,19.081284,0.55011743,-0.02578929,0.0052876305,0.008459407,-0.029828325,-0.035794243,0.03883498,0.92514086,0.038340136,0.03212747,0.043534048,-0.020719666,-0.0106162755,1.0199176,0.96840465,42194.53,58.73245,2242.0532,528.33527,667.25165,498.0352,-0.00016436483,103.86945,474520.06,DOS-HTTP_FLOOD
34.251167,5.5416284,84.085396,5742.373,0.07920701,0.18854316,0.11829643,0.31181708,0.944574,0.0492941,0.06893269,99.17659,18.321785,5.5074863,6.1221886,0.7062702,0.05525964,0.007940879,0.007478897,0.018754926,0.012312228,-0.036120776,1.0388975,0.007589105,-0.047392357,0.0024374854,0.010743969,-0.018854313,0.98166686,0.97157913,69445.83,58.193523,2653.6277,679.2119,748.47736,662.9403,0.00058021577,101.97224,702336.06,DOS-HTTP_FLOOD
31.110641,7.3096676,68.40824,8887.414,-0.011101187,0.2817019,0.24452105,0.13464497,0.57689804,0.06991827,0.020333065,67.60123,30.740194,1.049099,19.34436,0.47774538,0.17375316,-0.0032894965,0.036156703,-0.00935763,-0.08250414,0.022990145,0.8810213,0.014610668,-0.005670673,0.036504567,0.02379678,-0.07520379,0.91981137,0.96629655,57625.664,58.84766,3216.7913,553.51984,823.3504,548.01447,0.00055418105,114.05883,695163.5,DOS-HTTP_FLOOD
29.469685,5.9978185,66.96561,2877.448,-0.03532756,0.25009066,0.19341081,0.15357235,0.6110222,0.03115614,0.016010828,53.865055,23.398758,0.359004,14.021258,0.36307123,0.5227263,0.0057970313,0.057909045,-0.01065446,-0.037061393,-0.07901228,0.9580418,-0.015033672,-0.05479251,0.04983157,-0.027892387,-0.0513871,0.98016214,0.98299074,60727.15,57.53909,2778.3003,636.24677,766.64166,658.69165,0.00078733295,96.96308,665695.94,DOS-HTTP_FLOOD
23.773268,9.480383,70.410255,-1817.4541,0.002910234,0.21501318,0.011836713,0.12211037,0.39206156,0.024272883,0.0071790484,57.87198,20.69448,4.6739106,6.0792036,0.58869547,0.056753714,0.023756113,-0.036041535,0.08343596,-0.041699637,-0.021283276,0.7307257,0.23780337,-0.039896928,0.07317994,0.04788013,-0.059580673,1.0258465,0.97767013,81741.12,60.036537,2754.85,816.3799,758.6685,869.22766,0.0016334691,103.92693,616654.3,DOS-HTTP_FLOOD
33.423954,6.35203,63.035484,-1318.0815,0.018667014,0.23776479,0.2751534,0.1578857,0.630744,0.059957698,0.02262538,67.15704,24.878601,1.0478865,19.449932,0.7899687,-0.045983583,-0.011305254,0.016725373,-0.028567147,0.0050683785,0.081528574,1.0287522,-0.018763019,0.020172715,-0.035440892,0.005314923,-0.060948696,0.998898,0.9934628,61608.145,67.555435,3070.8933,739.7882,887.9184,760.3285,0.00020233491,103.80865,763160.1,DOS-HTTP_FLOOD
25.422338,8.455515,63.061234,4321.832,-0.007898639,0.23104659,-0.10387185,0.1761391,0.41353026,0.0062381853,0.045472015,60.232597,22.437206,1.5591091,0.66429824,0.5309768,0.0519987,0.020053621,0.0401222,0.0017428678,-0.012934862,0.05109565,0.685696,0.21199761,-0.05248584,0.0441334,0.014569333,-0.06303774,1.0154028,0.8972523,70121.69,57.279556,2861.522,653.0321,782.2236,729.58295,0.0012059616,99.206055,684767.44,DOS-HTTP_FLOOD
33.56753,5.568292,65.70486,-372.59424,0.023401493,0.19767733,0.10032052,0.18009213,0.80481213,0.015534474,0.011627391,85.99936,21.487066,1.4367114,10.41849,0.7000989,0.033357278,0.007983622,0.03125466,0.09437564,-0.022779316,0.025891708,0.9935521,0.064329386,-0.038672112,-0.010785601,-0.0033207238,-0.03892983,0.96929234,0.91156685,75052.68,59.766117,4266.2305,626.11957,933.8809,630.2268,0.0018562081,102.47141,839352.06,DOS-HTTP_FLOOD
27.622223,10.42483,114.48103,10184.298,0.0022089295,0.29303718,0.37756008,-0.012424803,0.6742242,0.036629554,0.05296497,96.092865,31.721745,2.441244,14.896636,0.41510877,0.035039622,0.046824537,-0.037786435,-0.081180066,-0.08604202,-0.18137918,0.8557307,0.15954806,0.028726086,0.112724744,-0.025069173,0.0076629682,0.988759,1.0100172,69579.414,56.47889,3996.4795,716.53876,867.9836,681.0122,0.0020537116,121.55198,684633.25,DOS-HTTP_FLOOD
33.74424,6.966534,103.66928,-744.6035,-0.02504716,0.17368422,0.20979759,0.1504813,0.9257845,-0.023793876,0.0369643,103.04818,21.48893,1.3054549,10.522652,0.53552634,0.023199635,0.033321757,0.0125570465,0.068351105,-0.056761544,0.024753807,0.9614019,0.089663416,0.048323147,-0.014007676,-0.059355065,-0.023423376,0.98259944,0.9427482,67869.664,59.68448,3713.7075,590.07306,898.831,595.51746,0.0046968097,98.9055,882959.06,DOS-HTTP_FLOOD
27.729538,6.643367,69.50806,1572.3086,0.0370194,0.1109911,-0.0030150777,0.3439484,0.6683788,0.018963449,0.04682398,75.7351,8.508784,3.5750756,3.8871012,0.5222516,0.077879004,0.04533282,0.03185427,-0.024850748,0.009853494,0.013599627,0.7995993,0.124175206,-0.0071848133,0.042392723,0.01739318,-0.040112454,0.9713816,0.93505,44925.63,59.709286,2128.8813,300.75674,455.20605,342.41925,0.0048432187,106.619125,263803.4,DOS-HTTP_FLOOD
35.884766,4.818119,68.730415,-12198.301,0.029075064,0.15091029,0.11595392,0.13903572,0.9586806,0.11478376,-0.0003193156,88.93237,14.853249,1.1639268,3.8083382,0.98947555,-0.033151973,0.12802625,0.044172186,-0.046620682,-0.050853185,-0.13073379,0.9485625,-0.156449,-0.062681615,0.15506712,-0.021706438,-0.123735145,0.96780014,0.9848596,89301.945,65.58202,3985.9163,918.35535,1119.9927,967.18115,0.0067392294,112.14068,979881.06,DOS-HTTP_FLOOD
36.02304,5.975343,69.01089,1939.844,-0.048469268,0.28600523,0.038301144,0.28387815,0.7858116,0.07022622,0.012021609,88.483795,29.408596,0.05883353,5.004053,0.6089442,0.06249103,0.025252353,0.050980017,0.08951759,-0.09040948,0.05834974,0.93207043,0.016680995,-0.03057345,-0.005358497,-0.06415523,-0.048530772,0.97139674,0.9326476,79676.11,60.60583,4343.211,584.8202,970.197,607.98157,0.004178784,114.37624,999231.1,DOS-HTTP_FLOOD
27.54749,7.448702,65.616516,3051.2568,-0.06682546,0.18447609,0.18161467,0.11215698,0.50109804,0.018668387,0.01129107,53.899334,18.704632,-0.10855271,12.3922615,0.6615328,-0.093591385,0.007598055,0.015538797,0.017208867,-0.06047912,0.00514728,0.8757049,0.07531647,-0.032608654,0.02700302,0.00012996141,-0.036454357,1.0493348,0.95490247,69055.93,59.42193,2085.7407,724.3158,727.90936,754.3164,0.0006247024,96.76922,605610.5,DOS-HTTP_FLOOD
30.670013,4.951877,79.23394,-1411.6333,-0.0072188578,0.15381037,0.20992307,0.40337893,0.8351658,0.040587317,0.030113729,81.93918,12.9484005,0.68277895,10.053677,0.5368637,0.019256128,0.025013844,0.04268562,0.010726912,-0.00335617,-0.03338855,0.96801496,0.039249606,-0.011982052,0.011690514,-0.012489445,-0.054777987,0.94113094,0.9535988,40429.676,58.289795,2310.5527,313.68472,572.901,294.66772,0.006257396,91.86772,370063.8,DOS-HTTP_FLOOD
27.304785,6.837735,65.15655,265.34912,0.018242896,0.1413833,0.1369302,0.22067635,0.6892592,-0.010940876,0.026017334,68.674194,12.971344,3.617231,9.109587,0.5198006,0.18138146,0.03656375,-0.0073596598,0.02634079,-0.048427377,-0.048515707,0.8845262,0.051361244,-0.04753483,0.09084678,-0.019137,-0.056127615,0.9850337,0.95067495,64831.914,58.1237,2328.0786,523.0665,623.6667,534.8689,0.00072261476,100.48917,476672.28,DOS-HTTP_FLOOD
29.462406,6.143438,76.95005,3212.6982,0.015474303,0.13638046,0.21483251,0.21027246,0.62442786,0.08760304,-0.006423681,67.05284,13.361549,1.294617,17.84475,0.5855631,0.14539392,-0.008077974,-0.00255669,-0.033426866,-0.03605017,-0.022547536,0.9059398,0.036559947,-0.041667685,-0.048849262,0.04043731,0.00680808,1.034296,1.0318649,67200.72,64.902,2448.8987,756.37256,726.8768,718.1789,-3.7335718e-05,104.56167,493426.84,DOS-HTTP_FLOOD
26.259756,5.755048,51.75794,46990.94,-0.009863469,0.23439653,0.39508188,0.13901559,0.47562286,0.08038451,0.01841954,54.18788,22.356953,0.45624346,18.727879,0.49877816,-0.008349363,-0.04457345,0.042061426,-0.035666447,-0.04818495,-0.005610897,0.91862106,0.009165526,-0.018062683,0.10863356,-0.039835326,-0.082965225,0.97384864,0.95433587,39396.418,58.85287,1763.6256,456.47345,544.38043,477.46707,-0.0004894376,94.2829,324261.5,DOS-HTTP_FLOOD
32.308308,6.890236,65.597206,2681.4949,-0.03257218,0.29687163,0.25624758,0.122384004,0.6467535,-0.006261943,-0.03999922,60.934155,29.68391,-0.19066302,15.586919,0.5634189,-0.03200155,0.01030215,0.0718407,0.0058721984,-0.021813553,0.018719172,0.9770149,0.027425824,0.019398503,0.006803075,-0.07194626,-0.02515361,0.9941509,0.98148024,45631.39,59.892902,2805.3345,402.70395,717.57623,425.96744,0.00041881477,94.295784,623372.6,DOS-HTTP_FLOOD
35.995262,5.9612575,70.00646,5010.4717,-0.03471591,0.29792443,0.094934136,0.21059437,0.84873515,0.07658837,-0.05360975,80.64154,26.236225,2.594515,5.155644,0.5470423,0.1305168,-0.013721062,0.055794567,0.029629787,-0.03268617,0.03911934,1.0272162,-0.011178339,-0.027604807,-0.07425504,0.0018921774,-0.051375262,0.97855556,0.9342873,59976.086,65.00864,1949.6875,442.34677,602.95667,498.82587,0.00026903587,100.157005,635121.94,DOS-HTTP_FLOOD
25.621376,7.2568645,60.867165,822.04834,-0.028077634,0.089437835,-0.026462112,0.18938196,0.48100308,0.019608133,-0.01821563,56.98632,5.493874,2.4638553,6.3598204,0.6893842,0.11834492,-0.0025925739,-0.02227778,0.037015796,-0.012159535,0.0340504,0.8054314,0.13823052,-0.04913804,0.024501745,0.012561268,-0.015517339,1.0302464,0.9790434,78335.47,60.07443,3195.8108,771.29333,779.46466,746.66064,0.0017690727,93.924866,661645.6,DOS-HTTP_FLOOD
29.275679,6.699237,67.07463,170.52881,0.027163176,0.16485138,0.35427138,0.12080318,0.59663504,0.069775626,0.103274256,70.23419,15.717645,3.2957563,19.362709,0.583884,0.051797308,-0.00728616,-0.018276284,-0.029356824,-0.068839654,-0.04747458,0.9497177,-0.010723393,-0.031226657,0.07255724,-0.046448402,-0.06691887,1.0130986,1.0002984,49716.04,60.22393,2092.3013,411.84485,588.66223,421.55844,0.00039938698,110.1234,427953.4,DOS-HTTP_FLOOD
36.680843,5.747926,85.16485,109040.21,0.09523253,0.2529223,-0.07377237,0.07100891,1.0439156,-0.00060929684,0.06623416,107.118645,24.911362,3.951663,0.8576095,0.36483592,0.41595182,0.038349308,0.06691207,-0.05738624,-0.0233233,-0.05685104,0.98032063,0.0019394608,-0.019292455,0.036568873,-0.051971752,-0.027748225,1.0293705,0.970118,54565.023,58.062798,1908.831,445.3422,489.2053,451.5883,0.00019940545,111.84325,355043.97,DOS-HTTP_FLOOD
23.831537,7.145071,78.62503,-987.96484,0.038679108,0.12793303,0.0446952,0.28714618,0.5711249,0.06347151,8.461764e-05,75.39634,12.521256,2.1378143,6.259405,0.4478374,0.07730985,0.056004863,-0.034107324,0.07594437,-0.05311709,-0.058258012,0.7280994,0.23482653,-0.029134313,0.068040706,0.07228316,0.023888348,0.9907817,0.94521785,61762.742,58.20196,2670.5388,553.5804,654.7865,544.69336,0.011200604,103.57094,403273.25,DOS-HTTP_FLOOD
25.971352,8.184562,66.85013,1780.2798,0.028620172,0.0898138,0.020102214,0.1304231,0.4339421,0.040981207,-0.0747628,65.06745,6.582017,2.1967611,13.996019,0.6644035,0.0513859,0.059781145,-0.035349246,0.021708779,-0.07624732,-0.014192346,0.71686226,0.11351526,-0.04082512,-0.0057270355,0.122208685,0.031014958,1.0612652,0.9916071,107463.88,84.47172,2683.818,1197.8359,773.2606,1159.0717,0.0006402836,117.784515,623869.7,DOS-HTTP_FLOOD
39.45807,3.998822,67.695854,5513.8174,-0.036489133,0.36565635,0.17975695,0.01170505,0.9850857,-0.0041604466,-0.019937709,90.07306,25.301083,-0.038023423,3.658047,0.36905098,0.13057306,0.018147444,0.07219614,0.016223846,-0.032151975,0.02539956,1.1027758,-0.07807434,0.0018732436,-0.08285903,-0.02814987,-0.007812613,0.97736794,0.91808337,30271.361,82.62161,1053.936,164.03601,327.22437,257.12085,0.0006590747,92.29281,196962.89,DOS-HTTP_FLOOD
30.429321,4.9334064,62.34915,1701.9814,0.001784442,0.11692794,0.13510178,0.17574416,0.7657326,0.051756352,0.015780633,77.217896,9.236865,0.747261,8.66017,0.73110867,0.027471606,-0.009621814,0.02330237,0.028147358,-0.0059619825,0.009504658,0.9824343,-0.0058820713,-0.063719496,-0.028355585,0.019044228,-0.006337967,1.0058901,0.9707817,73156.31,60.82792,2808.647,695.3807,757.24585,684.14246,0.00059382874,97.442856,651033.7,DOS-HTTP_FLOOD
26.739964,8.1555605,68.05283,4465.37,0.006112298,0.32769957,0.060825102,0.09339768,0.27170363,-0.026334498,-0.016386228,38.585396,31.321638,0.3517479,14.327841,0.12746447,0.17174926,0.033030808,0.069151595,-0.024861721,-0.03315642,0.088254005,0.66501254,0.07887111,-0.039532863,0.120459095,0.10124734,0.016404634,0.9286307,1.0012438,48271.523,91.42893,1758.8275,415.08417,426.4311,463.69128,0.0051755174,107.0507,304571.88,DOS-HTTP_FLOOD
30.135147,7.700271,72.682526,4646.1963,-0.076140895,0.15825109,0.16635755,0.31385514,0.70990855,0.032900315,0.035669826,72.54248,17.17606,-0.23207745,15.5224,0.43521333,0.06471186,-0.0002540741,0.008693146,0.037074517,-0.029557504,-0.009463801,0.90947133,0.046398513,-0.035000112,-0.025303409,-0.021913476,0.02254094,0.98436296,0.9769423,50610.344,63.19413,2029.3591,508.08044,648.29895,533.672,0.0008047403,96.34227,439618.72,DOS-HTTP_FLOOD
27.678568,6.777303,72.71784,4333.9385,-0.054947726,0.11007521,0.15653345,0.09166492,0.597991,0.0042931777,-0.010052902,60.9537,10.725668,0.06894669,12.752907,0.6608122,-0.004460294,0.0058808457,0.013908876,-0.003967057,-0.077740386,-0.026991826,0.9001071,0.040630344,-0.054901764,-0.024747662,0.07591333,-0.012016547,1.0545797,0.99165595,72238.805,61.3154,2080.8413,753.3173,704.83203,752.40643,0.00019771156,97.44624,533919.2,DOS-HTTP_FLOOD
29.147839,5.2129,59.62455,-4043.7134,-0.048731122,0.1327511,0.23720947,0.16427341,0.7587011,0.059843402,0.021772996,74.97347,12.507328,1.1607717,15.273043,0.552596,0.15774892,0.013879437,-0.002989946,-0.037404314,-0.05642169,-0.033042233,0.97504383,0.0017006547,-0.041932832,0.036291897,-0.008053937,0.0020963699,0.9901157,0.9714906,52357.785,61.489887,2316.732,468.62607,660.8434,471.01315,0.0005675068,96.053055,419051.4,DOS-HTTP_FLOOD
24.436306,9.12421,82.14669,6619.677,-0.058997203,0.36361766,-0.02372591,0.26255026,0.4114977,0.042903952,0.026174262,56.21892,32.465973,1.8395638,2.5867507,0.17267552,0.17183171,-0.04847538,0.00074354466,-0.016689595,-0.0017409632,0.011190897,0.6940851,0.1914828,-0.02083331,0.07623699,-0.012844967,-0.059496537,1.0201368,0.94058216,37782.92,56.294228,1227.7568,227.87717,220.59378,312.3798,0.00224876,107.94693,84936.664,DOS-HTTP_FLOOD
27.268097,8.126567,64.65077,-138.97217,0.00458654,0.17072372,0.1170616,0.10057705,0.6683049,0.08886694,0.027091589,87.09126,19.490139,-0.026703581,7.784855,0.50306267,0.010449049,-0.0011587655,0.062076934,0.14570247,-0.06414619,0.10220109,0.84297186,0.1287524,-0.03012659,-0.025110899,-0.0052197184,-0.056362346,0.9842472,0.97532314,87358.05,58.69288,4341.5,762.0339,926.53894,754.21204,0.0015678973,111.34266,1.1199834e+06,DOS-HTTP_FLOOD
30.25402,6.0545835,61.647003,5820.2944,-0.019768395,0.21334305,0.19368245,0.33220622,0.6236385,0.031798754,0.020238932,65.8861,20.127808,2.3499265,13.834649,0.66861796,0.06391507,0.03184128,0.037376985,0.071287155,-0.033084348,-0.050916806,0.955174,-0.027591076,-0.028407957,0.07287818,-0.046714503,-0.043588135,0.98641026,0.9481088,77186.016,58.239902,2842.5327,622.1075,854.62756,654.64606,0.000257692,103.569336,899935.1,DOS-HTTP_FLOOD
30.063265,5.100839,62.0057,2679.738,-0.04904782,0.23409958,-0.013335699,0.22004889,0.67594343,0.09786691,-0.011314618,71.0118,25.402143,1.7727354,4.922818,0.74625635,-0.045979027,0.037702225,0.101123855,0.07565256,-0.030395284,0.018225066,0.8966619,0.014068944,-0.037048336,0.08667427,-0.013448166,-0.08448848,0.89276046,0.89822483,71863.22,57.401478,3880.7668,675.3289,1036.75,683.1323,0.008253309,107.42921,1.2028515e+06,DOS-HTTP_FLOOD
29.311007,5.8083014,71.9099,2042.6643,0.1219576,0.13366044,0.16932695,0.2300084,0.7100821,0.054365262,0.00033776741,80.57712,10.000144,11.481831,14.015463,0.45096135,0.31594595,-0.02152963,0.011128393,0.028609563,-0.009164688,0.006562299,0.8941903,0.074220836,-0.018664615,0.101857945,0.07472352,-0.014584528,0.96287775,0.95949775,31058.361,58.00073,1036.4929,192.88705,176.95917,190.87404,0.0064429403,114.53976,75942.68,DOS-HTTP_FLOOD
25.019445,8.010361,114.05617,1162.3477,-0.095526636,0.15194063,0.18292682,0.005886774,0.7359694,-0.00022080028,0.08615133,86.8511,14.421263,0.12688594,5.352921,0.19726044,0.21550368,0.028006647,0.0104376525,0.057227764,-0.107072376,-0.108387366,0.84692776,0.08570247,-0.040688097,0.08353169,-0.042824484,-0.021871896,1.0331156,1.0129162,53659.906,58.01908,1633.081,470.73325,383.51846,487.8411,0.0015600804,102.150116,234242.9,DOS-HTTP_FLOOD
33.088932,5.344518,67.013794,3198.5166,-0.014140828,0.2125558,0.070160046,0.06813146,0.89387035,0.01709804,0.020679979,89.0149,21.854239,0.35639906,3.4215531,0.66790456,-0.005718022,0.006062207,0.045598313,0.014310164,0.0014461344,-0.03251397,0.9929782,0.01976021,-0.023491446,-0.037798155,0.009920661,-0.045665637,0.98133713,0.98730654,51616.97,60.860996,2368.9832,459.3929,634.85223,500.7672,0.0010785105,100.489784,420853.44,DOS-HTTP_FLOOD
32.53094,5.0696836,56.78402,-2418.4248,-0.09481399,0.3379108,0.1870924,0.14772971,0.41713914,0.06860344,0.022807442,39.319946,28.648159,0.88038445,17.948673,0.53443575,0.093026176,0.027261302,0.005448833,-0.034460273,-0.046978477,-0.0087949205,0.9315511,-0.07146214,-0.006277891,0.118121475,-0.0181294,-0.019695444,0.94238114,0.94611657,38769.65,76.20389,2310.2024,357.902,622.63165,370.5389,0.008633632,96.81083,392640.9,DOS-HTTP_FLOOD
33.296856,4.5352798,75.12239,3152.3052,0.039492816,0.25932276,0.010080925,0.12993573,0.7165022,0.009679911,0.01569776,65.263374,23.154716,1.4825557,3.9569464,0.43718204,0.39286116,0.07743473,0.05903913,0.004367754,-0.022184951,0.027132861,0.9518089,0.0012117885,-0.065895945,0.0054645166,0.04781803,-0.07374184,0.9418993,0.93666816,34751.15,59.27345,1990.3523,267.14636,463.58542,277.28366,0.0068185357,96.34534,310709.75,DOS-HTTP_FLOOD
25.682434,8.06271,74.975655,-8438.006,-0.038790252,0.21018505,-0.010198114,0.3003052,0.66411376,0.05898923,0.054738805,78.14629,23.596394,2.3737233,1.99773,0.523795,0.06248116,0.07232262,-0.016470283,-0.00862115,0.0013363268,-0.07495812,0.7568067,0.22807023,-0.056396306,0.003912271,0.0023103924,-0.10633828,1.0100484,0.96561325,52993.883,55.148727,3009.6763,451.1328,702.4884,471.186,0.0027553611,98.32352,426304.88,DOS-HTTP_FLOOD
28.831371,6.8906074,62.2269,10.544922,-0.08732326,0.27408224,0.08689328,0.16006075,0.4981579,0.041854423,-0.046065994,53.97303,27.160282,-0.05319238,7.152255,0.46495956,0.2393062,0.037155762,0.040024336,0.03241992,-0.04024208,-0.047915503,0.8453565,0.089562505,-0.035733905,0.044248592,-0.042690217,-0.040240854,1.00592,0.94208777,73528.61,59.211727,3602.1187,775.4353,961.02344,822.5082,0.0017821642,94.65031,843274.94,DOS-HTTP_FLOOD
29.45985,7.5140533,63.106136,17371.342,0.030253744,0.18576609,-0.06218099,0.30513713,0.6331145,0.0052921874,-0.068017766,77.83655,18.077457,0.9522524,10.519713,0.5456459,0.016815474,0.0669439,0.08774701,0.09350478,-0.025423478,0.026939444,0.7613306,0.050874136,-0.035007916,0.03401936,0.001974441,-0.03845861,0.9575978,0.9179288,75541.625,107.54097,2475.8813,694.16003,623.1324,668.4487,0.0007986735,115.9567,571535.3,DOS-HTTP_FLOOD
30.35669,7.201537,67.27022,6235.4097,-0.009685996,0.23495916,-0.11678963,0.37614462,0.6140478,-0.021462664,-0.02620674,53.12713,19.532623,0.20428768,1.4333792,0.1601817,0.7330727,0.061500773,0.027151328,0.023674576,-0.053406224,-0.085750215,0.84600353,0.058812477,-0.03252446,0.052787423,0.004691044,0.031014645,0.985914,0.9662884,55462.33,61.667187,2147.9604,529.77563,572.58563,591.6342,0.0036858586,91.57005,412665.94,DOS-HTTP_FLOOD
31.961723,5.1980243,69.321106,532.13086,0.051535785,0.16149159,0.094238415,0.18448709,0.75557613,0.03739939,0.057154052,68.54487,14.378371,4.82532,8.931826,0.40408677,0.6066048,0.03503909,0.010119801,0.07396883,-0.013837421,-0.04440209,0.9916241,-0.0077662985,-0.017700074,0.0756935,-0.031289387,-0.026818516,1.0236158,0.97896206,68932.98,61.0389,3022.378,687.2722,815.61993,680.4104,0.0008548922,96.70204,787228.6,DOS-HTTP_FLOOD
26.84134,6.71201,75.58677,2876.433,0.0052937865,0.15076898,0.27678108,0.28548476,0.5402916,0.052205626,0.048350435,60.403683,13.288673,0.08785303,17.813251,0.5489183,-0.03620507,-0.0022700476,0.02769614,-0.021671727,-0.016908873,0.006886241,0.8619948,0.037507772,-0.035472658,-0.022006448,0.014038634,-0.0376887,1.0282148,0.9702392,38780.234,60.74505,1283.0077,293.26346,380.28946,319.70352,0.0015436921,103.38599,218820.39,DOS-HTTP_FLOOD
30.53927,8.878236,66.62324,26175.824,-0.07247767,0.2698759,-0.028800724,0.11125288,0.4145504,0.019249927,-0.10118425,51.1453,33.522003,-0.10491498,14.102826,0.5217826,0.039126765,0.06948078,0.02411694,-0.043327525,-0.024514936,0.044306166,0.7724204,0.12794982,0.022808578,-0.047384318,0.105685785,-0.12535849,0.9891554,1.0251988,78227.34,61.860622,2406.1714,1150.2113,654.80273,1057.0911,0.0011990941,108.88637,548552.3,DOS-HTTP_FLOOD
30.955242,8.576135,66.721466,1440.8538,-0.068220995,0.3293984,0.11070304,0.12198391,0.56479955,0.021927807,-0.06994325,60.121037,34.070095,0.013328919,16.079445,0.46810275,-0.0025818818,-0.0063464465,0.08402078,-0.023115281,-0.088983074,0.046771396,0.8791892,0.101835065,-0.017625222,-0.0051218458,-0.051100288,-0.052721314,0.9659188,0.991228,64667.656,60.685608,2926.6145,703.31177,815.70746,658.98254,0.00044874218,103.82279,989827.9,DOS-HTTP_FLOOD
31.04262,6.109094,67.217155,96.26074,-0.00048255548,0.17987634,0.2376647,0.25939664,0.8221026,0.07674829,0.07114126,88.21208,17.595785,0.6313218,14.319372,0.5673141,0.0971114,-0.017257323,0.014870504,0.017546406,-0.062009044,-0.020135514,0.9823104,0.03293693,-0.054493763,0.03626655,-0.019495845,-0.050091043,0.9865891,0.9553668,54019.258,59.67384,3026.3833,474.15173,728.4995,486.87518,0.0009864875,106.17674,485683.78,DOS-HTTP_FLOOD
26.095009,7.7306886,63.187523,-3208.6445,0.06866679,0.12511566,0.16347885,0.21167584,0.6509439,0.023926761,0.016942943,64.65127,12.258005,5.4554534,8.171791,0.39261475,0.2678822,0.016258528,0.03648652,0.00085552223,-0.032180578,-0.025719672,0.80386037,0.124115095,-0.02351064,0.060082987,-0.009806104,-0.027287772,0.95439667,0.91392493,26485.588,58.054222,688.7595,107.35346,142.25113,132.13422,0.002800178,94.85792,56025.82,DOS-HTTP_FLOOD
31.468372,5.2204723,78.24616,-65.34375,-0.024464305,0.21998397,0.14205587,0.09403189,0.8099359,0.02974356,0.027741883,75.984314,22.51812,0.48770428,6.0966578,0.5699839,0.06578651,0.013717638,-0.001908862,0.018505406,-0.0076404256,-0.014061352,0.9797969,0.022188697,-0.022184886,-0.036903404,-0.002015056,-0.030401781,0.9891972,1.0105262,51801.863,61.43315,2544.7812,456.29288,643.6995,475.4777,0.00069084903,95.345245,430825.56,DOS-HTTP_FLOOD
26.91131,6.4612594,61.452503,-234.46387,-0.0019592047,0.16992746,0.0036231987,0.33897692,0.5539434,0.05422681,0.0028208573,68.68901,14.638349,3.0449486,9.164401,0.7491738,0.034188718,0.03469276,0.0134732295,0.028534908,-0.01562179,0.0036389707,0.8784679,0.10290567,-0.043358557,0.06138528,-0.02021103,-0.029080387,0.9651289,0.90277535,88577.96,57.564262,3837.5022,899.8859,988.9581,892.3837,0.0043970346,97.756355,966476.56,DOS-HTTP_FLOOD
31.253883,6.164387,73.23845,3806.9775,0.001445394,0.17976014,-0.027214821,0.20045352,0.8098735,0.100694664,0.041083626,91.46281,19.830473,1.3775073,0.10159901,0.6002543,0.05515746,0.04007005,-0.010292687,0.06393659,-0.013137821,0.02615326,0.89054763,0.11835664,0.0068267877,0.032710623,-0.011132591,-0.047919583,0.9853048,0.9206309,57332.973,58.45418,3220.0469,614.3202,784.5955,610.3476,0.0050994037,100.75454,598608.4,DOS-HTTP_FLOOD
33.867027,4.1002088,55.801765,27612.115,-0.020532703,0.20235522,0.26749668,0.25626966,0.70935893,0.11316529,0.007994663,79.45625,18.151571,3.2979894,19.036749,0.8274832,0.20190886,-0.01697395,-0.0036451733,-0.019315442,-0.03582809,-0.008363117,1.0231996,-0.115260616,-0.0035926467,0.08102517,-0.00673234,0.0008421298,0.91732687,0.9057629,82493.06,59.97169,2906.8655,796.8165,909.4864,796.02966,-6.5523927e-06,118.22206,832786.2,DOS-HTTP_FLOOD
35.81683,4.021296,74.78,838.26953,-0.0231558,0.22676615,0.18504813,0.3390115,0.81483126,0.032933053,0.029204337,71.72599,22.829815,0.82360554,16.114067,0.6894204,0.025130738,0.009829517,-0.018599218,0.04580058,0.015873203,0.0052659214,1.043763,-0.06967968,-0.015509883,0.04143381,0.032319315,0.016077995,0.97275656,1.0012466,42381.805,65.68042,2012.5577,391.314,592.7208,370.51666,0.0052101924,101.79516,395275.7,DOS-HTTP_FLOOD
37.28671,6.286654,108.305275,2748.6973,-0.16451472,0.32032973,0.26030725,0.14433993,0.8302971,0.0262981,-0.015730035,72.90592,33.621063,-0.26665854,8.685313,0.64282095,-0.10336939,0.030728787,0.057384804,0.04285702,-0.10751382,-0.050078154,1.0043826,0.009901567,-0.0054914528,0.048470255,-0.050383214,-0.1794689,0.9993403,1.0391011,72262.27,90.02443,3647.573,849.65314,1023.5397,878.7264,0.0004344046,102.639114,960593.25,DOS-HTTP_FLOOD
29.054901,4.9760966,79.701546,1254.5686,-0.023985373,0.15294643,0.25750142,0.12120109,0.89611024,0.02200976,0.047710106,96.0486,19.25713,0.2784598,18.656015,0.23173206,0.076089375,0.041966993,0.009309486,0.10748041,-0.033164926,0.07020316,0.8124541,0.021893032,0.047895722,0.15930684,0.028624358,-0.009722467,1.0326751,0.9567804,29886.93,61.66544,2066.755,384.1293,483.15076,391.0301,0.013792029,96.32122,310084.84,DOS-HTTP_FLOOD
30.05783,5.530793,86.760086,-1867.1245,-0.028551929,0.18588057,0.22547999,0.111225,0.6655519,-0.019971484,0.011809751,73.50448,24.580687,0.49444583,18.52462,0.40288854,0.027629232,0.00066485256,-0.01291888,0.050326753,-0.040230937,-0.013683803,0.83650583,0.058734193,0.044408847,0.055142038,-0.014105776,-0.006765928,1.0011417,0.98368996,28644.426,64.21849,2134.5889,312.5865,549.81195,310.4955,0.009107041,95.53662,278380.22,DOS-HTTP_FLOOD
26.534998,7.320777,64.22538,37636.24,0.07821993,0.14333753,0.080501854,0.07821541,0.6046728,0.06187266,0.0067780376,83.67416,16.173212,2.4660485,9.165317,0.60010916,0.03960164,0.055412114,0.0046829367,0.060482506,-0.06364008,-0.014873648,0.8522817,0.16181256,-0.037262816,0.03053534,-0.012152408,-0.010993778,0.9810587,0.94970906,76598.83,58.875183,3679.961,705.4973,804.26526,651.3191,0.00087459286,105.427025,644815.1,DOS-HTTP_FLOOD
28.896566,6.645761,60.668514,19427.787,-0.04669236,0.1736981,0.3100153,0.29031667,0.75042254,-0.017497817,0.07878054,74.63285,15.836643,-0.38098451,15.908132,0.5833857,-0.048460726,0.047869794,0.062288158,0.0062032836,-0.009087466,0.028393954,0.96522254,-0.038777586,-0.026089698,0.06470624,-0.048781488,-0.0111356,0.98781127,0.92893153,30188.672,58.42495,1449.5571,298.62128,432.20157,370.96805,0.00011001979,100.35945,311549.06,DOS-HTTP_FLOOD
35.6625,6.0245166,70.66304,-885.9214,0.06115222,0.25651094,0.25258946,0.17364113,0.77144575,0.010929661,0.00075412914,77.24016,27.78856,1.8429338,18.41431,0.8010397,-0.049529176,0.011714244,0.005265237,0.0059439335,-0.013107159,0.0006844383,1.0612898,-0.036403075,0.0019099424,0.016992,-0.06488517,-0.022506239,1.0064349,1.0234221,47452.727,62.130714,2948.5464,471.17307,793.3377,469.7454,0.0011381557,100.956665,610399.94,DOS-HTTP_FLOOD
31.722443,6.608479,64.69977,21524.027,-0.011935429,0.29950503,0.24328768,0.087096624,0.6516392,0.06637574,0.0016063219,68.68102,31.47305,0.41478586,15.647667,0.53153926,0.029874308,-0.063283265,0.07158871,0.012515312,-0.059528045,0.041672334,0.9235571,0.029776983,0.0011234125,0.004744647,0.0004455913,-0.05573291,0.9746828,0.9370543,65454.812,60.289112,2380.4988,661.6506,719.1056,657.8904,-0.00013958332,102.11968,712338.9,DOS-HTTP_FLOOD
27.946342,5.7548966,61.71931,2743.205,-0.046652686,0.1486773,0.07364264,0.10170704,0.65154,0.034384985,0.03208205,65.21758,12.967421,1.359341,6.8419666,0.4791009,0.30261514,0.00035227276,0.008756783,-0.02759106,-0.021818375,-0.0166297,0.89857996,0.01790822,-0.029398112,0.026374748,0.02295753,0.0026946329,0.97834915,0.94898576,48644.242,60.537144,1506.5239,414.8216,460.17908,411.45215,0.00080819096,96.61119,274904.28,DOS-HTTP_FLOOD
34.373077,4.856228,103.97293,-1764.002,-0.0085646,0.24450958,0.18914275,0.4766533,0.9369663,0.0051893345,0.02591244,90.51624,23.925991,1.1489724,10.511431,0.506211,0.05834352,0.054014046,0.079710476,0.080642,-0.0350102,0.024663469,1.0360205,0.017242724,-0.019741694,0.008424528,-0.034398384,-0.062641144,0.9633698,0.9284407,40630.42,61.575718,2305.1384,295.08957,558.7332,304.77255,0.0055060936,98.433876,415873.75,DOS-HTTP_FLOOD
30.691568,5.856005,80.81836,3073.52,0.03382588,0.08772858,0.087895684,0.20125468,0.84698284,0.020176485,0.04104415,85.57163,6.26391,2.0775175,3.1100156,0.591155,0.048351172,0.03545404,0.016777828,-0.0126997,-0.033829864,0.021565948,0.9215306,0.041906565,-0.068107896,-0.025716236,0.0013213186,-0.035844862,1.0078673,0.9654543,54153.84,59.90816,1971.4902,445.00177,531.7691,447.95874,0.0017438697,102.757324,420028.34,DOS-HTTP_FLOOD
31.206379,7.0400887,66.86357,6252.142,-0.07903157,0.25972632,-0.080100685,0.08277764,0.67738634,0.077754125,-0.08235976,70.497055,30.018843,0.5354152,2.206075,0.706537,-0.025631664,0.036453262,0.10207251,0.040613305,-0.050909653,-0.020933747,0.86754584,0.0725795,-0.012494731,-0.044233833,0.023252517,-0.06782062,0.9790527,1.0024437,96795.33,62.556458,4958.33,1042.9723,1170.7875,1066.3623,0.00028284712,113.419235,1.0926778e+06,DOS-HTTP_FLOOD
28.866978,6.3088436,65.4728,2063.031,-0.060228087,0.19829261,0.23389506,0.07095181,0.5098648,0.031160586,0.07089375,58.88939,25.622288,-0.11574707,17.286469,0.58562106,-0.078743376,-0.015005648,0.04013157,0.062153675,-0.017841095,0.10088658,0.831908,0.040617794,0.0027916883,0.014253863,0.07157396,-0.069101214,0.9945533,0.94083405,69580.99,63.59191,3769.2517,811.82294,943.85443,820.6067,0.0026377055,110.0548,869069.5,DOS-HTTP_FLOOD
29.236526,7.4335184,66.22423,1788.8518,-0.047297426,0.18793909,0.08638356,0.2583346,0.5646314,0.025498487,-0.003519617,62.512543,14.932516,1.0223653,13.442021,0.7792881,0.079432376,0.0362377,0.021248998,0.051587503,-0.029013399,0.038032863,0.87953466,-0.032055527,-0.05587243,0.053722344,0.018264443,-0.03134179,0.96264154,0.9736825,101819.09,59.494843,3650.6274,926.22797,1058.5776,920.7759,0.0019135294,115.50409,1.1951318e+06,DOS-HTTP_FLOOD
32.68957,6.2954807,62.02829,4175.3174,0.00097624026,0.2685599,-0.060695056,0.05151956,0.8185648,0.01929816,0.085236594,83.78197,25.577108,1.5180559,0.21233709,0.6518235,0.041057933,0.053156413,0.035769664,0.025850683,0.016726848,-0.012984911,0.93965787,-0.033999745,-0.06672296,0.06748865,-0.020950155,-0.067715906,0.9262686,0.95831275,49978.344,59.690315,1621.3259,411.48685,442.3965,434.00266,0.0007497962,103.13881,315037.94,DOS-HTTP_FLOOD
25.41318,7.7055616,62.732414,12204.862,-0.01812495,0.07704564,0.38170382,-0.0009858961,0.57756394,0.048122153,-0.0085997,68.37342,6.2059984,0.16986088,16.387238,0.11630644,0.43151742,0.022973735,0.04932341,-0.0017796131,-0.06428202,-0.0836329,0.81775576,0.12495215,0.0041608256,0.019529222,-0.054696385,0.032966055,1.0456653,1.0141217,27822.125,61.289394,698.036,216.12888,149.79721,172.28955,0.00024763515,104.13411,58905.69,DOS-HTTP_FLOOD
34.644638,4.7104497,70.405495,4509.171,0.049743947,0.23486951,-0.067300215,0.17728558,0.73072356,0.05130004,-0.030074012,68.29444,21.055336,5.773822,1.2976656,0.68613327,0.292688,0.01655282,0.041311182,0.02276342,-0.0074195135,0.076215304,1.0237969,0.009897131,-0.022604736,-0.028485421,0.0321851,-0.0714974,0.95299095,0.9837964,58641.348,61.79638,2922.246,538.0383,724.7391,541.23975,0.0015023329,100.03323,752708.2,DOS-HTTP_FLOOD
30.854765,6.2214303,59.867424,-690.56494,-0.0521471,0.16627014,0.08682902,0.15010262,0.53698486,0.0862291,-0.0449782,70.397285,14.463736,4.833333,15.66359,0.6346675,0.17145737,0.00404906,0.018587843,0.09952775,-0.0264138,0.050526254,0.8161419,0.05134038,0.07239623,0.069733836,0.059914023,-0.0009489339,0.95860523,0.9168109,68546.86,133.9267,2433.1902,805.1197,595.4554,773.52014,0.007172267,105.8435,594638.0,DOS-HTTP_FLOOD
32.253117,6.3062735,68.59159,-4682.8794,-0.06267477,0.38389564,0.2625936,0.16333699,0.7103115,0.035602484,0.07156321,68.85736,35.88364,0.89555687,11.427818,0.21129605,0.18889605,-0.0072772424,0.018298473,-0.032652147,-0.07070702,-0.07368442,0.858623,0.0018950478,0.0072123175,0.12676705,0.03466786,-0.042052228,0.9252511,0.9693739,36217.312,60.626343,668.6101,181.38815,138.08838,230.81064,0.00055766356,109.08169,91902.86,DOS-HTTP_FLOOD
31.685356,4.6436586,65.55987,-1272.9434,0.089253336,0.17370033,-0.010218168,0.32290122,0.7315547,0.03876601,0.08736283,72.59266,14.669376,6.4994383,3.9095829,0.7838572,0.044280555,0.0636905,0.05952081,0.06763229,0.032938354,0.031504545,0.9098934,0.03523323,-0.06346502,0.029277151,-0.0629329,-0.064564385,0.98829204,0.9324552,58278.9,60.7635,2996.8066,520.3051,773.1783,516.4314,0.0022317779,97.84165,711430.44,DOS-HTTP_FLOOD
30.280762,5.879646,64.40588,12243.09,-0.061847307,0.23778355,0.03139046,0.2699826,0.66363466,0.05283411,-0.06261249,75.23858,22.765392,0.060850885,8.908593,0.38808408,0.3901783,-0.010381121,0.06476737,0.080710135,-0.049512804,-0.025641982,0.94506705,0.060364973,-0.083613284,-0.030375801,-0.06477901,-0.04761673,1.0328141,0.98156,85182.01,59.344242,3203.399,977.2174,901.8079,948.46173,0.00047175944,101.70669,992139.5,DOS-HTTP_FLOOD
35.12112,6.519162,73.311516,4799.822,-0.020726744,0.31928408,0.21219993,0.07713934,0.81987876,0.019424757,0.022631284,87.9967,31.938942,0.0014372356,8.577017,0.41450047,0.05336777,0.0012034737,0.08093468,0.062991016,-0.104424655,0.018048547,1.0272658,0.05241645,-0.029258493,-0.0020193402,-0.120665684,-0.0082743345,0.97663224,0.94806755,62911.48,58.976242,3440.6113,490.36078,759.78784,507.15967,0.00036427967,96.31532,800408.25,DOS-HTTP_FLOOD
28.813667,7.018751,90.15042,7234.894,0.05942799,0.17703718,0.13393793,0.20446579,0.4664382,0.008139126,0.021551792,57.924583,15.320307,1.9929988,14.242311,0.6171639,0.065009885,0.010464726,0.058518276,0.07470656,-0.08833705,0.024546439,0.84479576,0.10440851,-0.041625082,0.052446567,0.0151971085,-0.05640501,1.0153,0.97147787,60895.723,59.105927,3520.571,493.94565,701.0749,471.58963,0.00091762777,104.503555,571060.94,DOS-HTTP_FLOOD
27.533998,6.005166,72.4561,5963.947,0.01292642,0.14875884,0.004764991,0.372056,0.66832423,0.05714509,0.0030969898,71.7941,13.369998,2.8002632,6.304631,0.43086284,0.42487153,0.04268555,-0.022912674,0.042662606,-0.035211008,-0.030491853,0.87457067,0.11402953,-0.052266724,0.0018951006,0.012603122,-0.010330173,1.0539743,1.0112559,71105.31,61.3911,2404.828,804.896,659.3124,807.92456,0.00073042937,97.45577,480289.38,DOS-HTTP_FLOOD
28.502815,6.1328435,53.951603,96045.88,-0.13899116,0.27224874,0.13245645,0.18233898,0.6891176,0.121836506,-0.032264534,81.14066,25.558796,0.12952119,7.315576,0.62546074,-0.062085595,-0.0324633,0.05415831,0.052437313,-0.06681171,0.14147384,0.92513335,0.038854543,-0.07941707,0.022805393,-0.00824903,-0.04640975,0.97226065,0.8996956,74701.625,60.614048,2512.9956,636.04816,773.80023,616.84326,0.00048079377,106.41906,1.1410118e+06,DOS-HTTP_FLOOD
28.648565,7.3748507,58.730473,-3781.8345,-0.10570751,0.27952144,0.2808029,0.0017076113,0.9390368,-0.117976725,0.03699236,89.77992,31.133114,0.7198216,13.408867,0.083914116,0.009288452,-0.14027315,0.047465865,0.17923829,-0.076343074,-0.051631898,0.94492596,-0.008580258,0.036656626,-0.13022867,-0.119244695,-0.012345108,1.0996381,0.9931077,36103.156,175.15816,1210.1986,378.97305,207.45807,477.63513,0.00091896555,106.8456,118704.89,DOS-HTTP_FLOOD
31.124172,4.379243,61.73609,1995.5266,-0.008958596,0.1767149,0.2092042,0.18416612,0.83382964,0.011071646,0.033883013,79.258064,14.908849,2.2905154,11.166415,0.6080414,0.14565901,0.010333731,-0.005811313,0.014909824,-0.007945252,-0.038716003,1.034111,-0.07193584,-0.038507976,0.071804,0.00100384,-0.028778154,0.9481788,0.9604787,43798.69,59.99129,1426.8492,308.91498,402.1117,323.8569,0.001016633,101.166695,255743.7,DOS-HTTP_FLOOD
28.28939,7.50902,66.85061,-3909.4497,-0.06516711,0.2005455,0.20511724,0.2713046,0.5263234,0.08699313,0.03866469,72.35902,18.628834,0.48397508,19.233845,0.7383713,0.06275169,-0.054761216,-0.050277468,0.037327435,-0.057148106,-0.06802295,0.9493311,0.045486577,0.0064890203,0.08362202,-0.025490953,-0.014084231,0.9810364,0.9728048,90578.33,56.485558,4629.6323,1069.338,1178.7914,1064.1798,0.005677741,109.3325,998476.3,DOS-HTTP_FLOOD
27.2322,7.6987953,79.95853,801.9763,0.01393142,0.19700837,0.30256364,0.16786315,0.6689434,0.04476986,0.033975378,73.550606,22.95073,0.9081651,16.960295,0.4392976,0.050257992,-0.0033837836,0.02173702,0.01074769,-0.036618277,-0.0010392535,0.8847758,0.1447243,-0.024072967,0.029495096,-0.03724464,-0.044986103,0.99750066,0.9620581,32078.695,57.126255,2332.996,284.676,599.0907,289.9673,0.00166917,93.331055,357023.78,DOS-HTTP_FLOOD
33.40963,6.068193,72.65055,3719.6912,-0.01891876,0.15959762,0.35858932,0.16636498,0.8365944,0.023381116,0.02380452,80.08893,16.482576,0.26007065,18.426893,0.6318638,-0.029763866,0.02621101,-0.0019875308,-0.032292932,-0.057006277,-0.066984564,1.0602269,-0.030583713,-0.005088693,-0.097831644,-0.023035428,-0.0018154364,1.0366488,1.0608561,43295.99,69.77558,1725.6141,408.66034,496.628,440.50528,-0.0007420737,99.407745,294559.62,DOS-HTTP_FLOOD
29.621376,5.7142315,57.8139,13126.936,-0.05394847,0.2789893,-0.0036547845,0.035118368,0.54741216,-0.005812508,-0.013592154,46.640217,21.65948,0.36575526,3.8771825,0.37211823,0.47032428,-0.012862293,0.005580983,-0.008152792,-0.04199706,0.015846083,0.9421474,0.00099862,-0.058053736,-0.0042728474,0.0157539,0.0380281,1.0150799,0.95700336,41256.42,60.69759,1411.3729,464.05338,485.46124,456.68732,-0.0008535039,84.94399,295748.44,DOS-HTTP_FLOOD
37.884495,5.454676,81.6104,-557.8501,0.088181645,0.13164951,-0.021617342,0.20286523,0.99860424,0.11234649,0.060296975,112.27821,13.2317295,5.3917556,1.7884092,0.778507,0.06082536,0.052707314,-0.040223714,0.033923797,-0.08457391,-0.014557899,0.9876433,0.064605445,-0.045833945,-0.018902685,-0.014172772,0.016997341,0.99065924,1.0040826,102199.47,74.924675,5187.4614,969.71185,1138.4946,928.0367,0.0032875182,119.46472,1.0816592e+06,DOS-HTTP_FLOOD
30.432255,6.122209,61.98439,10441.422,-0.11964702,0.18458214,0.17480038,0.13755284,0.72553694,0.10204669,-0.03014814,74.53729,16.671875,-0.17116657,9.261592,0.6376816,0.004178555,-0.069058046,0.037071213,0.028363053,-0.07064292,0.09761605,0.98222977,-0.014855585,-0.08270283,-0.07424495,0.051573183,-0.031592485,0.9990267,0.9204731,78081.07,64.78714,2184.4087,846.7334,756.8076,809.7134,-0.00026888982,100.3972,812088.56,DOS-HTTP_FLOOD
34.26314,4.5573616,63.233948,3610.0312,-0.051556468,0.3768538,0.010819322,0.16539001,0.64861375,0.017366719,0.047964744,62.271122,33.37043,0.62874234,0.18160862,0.58036226,-0.017177258,0.02619975,0.043136835,0.06667347,0.0064927666,0.0036387518,0.92755586,-0.05956287,-0.022213075,0.07257998,0.015744507,-0.031992327,0.9850304,0.93935907,57003.82,62.27607,2125.4219,461.45932,647.1539,505.71292,0.0036880893,102.60042,575445.44,DOS-HTTP_FLOOD
23.836721,8.300304,64.979485,-2811.6128,-0.033358425,0.15782432,-0.07471113,0.08866399,0.6821989,-0.09546712,-0.11362007,69.69853,17.51456,0.32850412,8.122149,0.19351088,0.45015135,0.0027873414,-0.047282197,-0.003249026,-0.0725057,-0.12124343,0.84316367,0.06652856,-0.08370582,-0.04574603,0.047290117,0.12980951,0.98244166,1.1452816,77650.63,176.97113,4150.6675,1372.8615,737.4212,1407.3367,0.0013722044,108.31151,517990.2,DOS-HTTP_FLOOD
28.332968,8.454825,68.440346,3808.1533,-0.03714627,0.36783883,0.11141136,0.10095723,0.33669198,0.06989957,0.08593495,49.220154,36.18176,0.2106351,12.725506,0.27056384,0.02522522,-0.045170538,0.06583373,-0.089158155,0.009659332,0.043317445,0.6075774,0.037335467,0.058254123,0.20007178,-0.026706615,-0.017351642,0.9314316,0.8709736,40965.336,58.721718,2003.5709,248.4667,468.60294,331.66916,0.008357677,110.70173,362442.3,DOS-HTTP_FLOOD
33.981697,6.193583,67.22809,7262.812,-0.0027194712,0.21977285,0.27169633,0.13305424,0.83477914,0.02824628,0.039902657,91.88007,23.16434,0.3555642,13.19386,0.57013535,0.0039378987,0.015782971,0.031294774,0.0230547,-0.021695666,-0.006135078,1.0362203,0.019209862,-0.07142988,-0.037876364,-0.027559675,-0.0028056372,0.9807763,0.9224632,48214.273,59.055317,2362.9514,441.19263,671.64044,432.63425,0.00077729474,101.602234,543122.0,DOS-HTTP_FLOOD
29.877182,7.3885117,63.521362,7980.288,0.06260736,0.19544561,0.12381756,0.20661779,0.5545837,0.061036453,0.03777988,66.24284,18.918169,4.53368,15.834145,0.6938332,0.19553053,-0.00894674,0.01611191,0.027449884,-0.011116782,-0.025805786,0.92799556,0.074471205,-0.050817795,0.019859241,-0.011962744,-0.03177155,0.99412704,0.9465983,73012.73,57.982937,3112.0212,753.2574,875.3945,740.3337,0.00047949573,98.04584,805208.1,DOS-HTTP_FLOOD
28.556599,6.57082,70.15898,1489.0608,-0.029619213,0.4072766,0.2840945,0.088483386,0.39796075,0.026614957,0.037262112,35.784714,32.96559,0.52707857,16.759724,0.299674,0.16125013,-0.00614387,0.021145094,0.0063479086,-0.049386486,-0.014037482,0.86980087,0.035485167,-0.048341695,0.080330156,-0.0024891598,-0.06243345,0.98447365,0.9928297,42354.004,58.50445,1997.9803,370.5305,574.1121,373.31064,0.0006333251,93.80541,444908.12,DOS-HTTP_FLOOD
31.081387,6.406087,72.03532,-1433.1436,-0.0026157778,0.2699578,0.41101825,0.0036870798,0.62425804,0.023025516,-0.02734166,60.920124,27.748766,0.059614845,19.231733,0.42196348,0.008511152,-0.017591389,0.0091761295,-0.03199581,-0.009584752,0.0013824413,0.9859859,0.026140176,0.019881211,-0.0159423,-0.060313992,-0.043957666,1.0558926,1.0352021,27355.232,64.21209,1658.4635,327.81793,485.4372,341.97217,0.0011955855,97.653534,292117.22,DOS-HTTP_FLOOD
27.361439,6.035834,68.33356,1739.7605,0.030048542,0.1747055,0.086729154,0.14735667,0.54340637,0.04185004,-0.011479059,66.47601,14.964019,2.195449,13.587034,0.3522198,0.3793419,0.025334269,0.017297458,-0.016945206,-0.08096096,-0.03338172,0.7824897,0.082902,-0.009158362,0.083262555,0.0036334852,-0.007250774,0.9641272,0.93229485,30946.69,60.34318,1501.9388,188.64389,303.04416,160.94768,0.011157139,102.57081,147190.62,DOS-HTTP_FLOOD
25.548954,8.670468,65.36368,25340.822,-0.0135193,0.2635742,-0.060691267,0.011634625,0.3786195,0.00078952697,-0.0055990624,43.35439,22.12465,0.10143745,0.4183541,0.17472811,0.38706347,0.016799022,0.1163255,0.0069404626,-0.011415417,-0.00096873846,0.7041642,0.18648076,-0.062121894,0.031125888,-0.009355898,-0.08569731,1.0352631,1.0029805,35046.96,60.621414,598.5326,285.1877,107.734436,299.40054,0.0010693639,95.32428,87026.84,DOS-HTTP_FLOOD
37.83477,5.286683,52.536922,75092.766,0.067454025,0.31469098,-0.020013044,0.15087086,0.87438273,0.06197242,0.056095265,92.9559,30.978008,5.3161864,3.1143956,0.91062176,0.031058744,0.0577591,0.0059702434,-0.0027093524,0.06455859,-0.00049949624,0.9580242,-0.048424337,-0.017232096,0.12708946,0.048960704,-0.035990547,0.9478115,0.88699436,73066.9,59.732475,3113.1423,847.8252,895.7309,863.88885,0.0001653513,107.98354,788453.56,DOS-HTTP_FLOOD
30.573528,4.1721296,58.519367,1707.3992,-0.11503272,0.21052673,-0.031903908,0.38290283,0.7155077,0.057078548,-0.031433955,70.1766,19.999012,1.4041394,5.969991,0.49474937,0.2520318,0.049297545,0.005611959,0.12728664,-0.05129056,0.09621598,0.93214214,0.020672653,-0.010528379,0.05709141,0.060549684,0.08427671,0.89952004,0.865603,54455.08,71.92732,1530.9716,527.79694,508.05527,472.86087,0.007989274,91.881355,424902.56,DOS-HTTP_FLOOD
26.379862,7.947139,101.51075,6515.0107,-3.9618462e-05,0.22008054,0.20478731,0.043438643,0.6507042,-0.020428935,0.010622722,77.493904,26.158506,0.72909606,6.4141445,0.4265383,-0.045742124,0.016547369,0.048945803,0.043742873,-0.03251559,-0.031827554,0.83603734,0.109488316,-0.017462658,0.059358288,0.00035947654,-0.07550148,0.98637587,0.9411285,63321.7,59.34152,2261.4165,747.8204,700.71783,752.7325,0.0010570013,98.73256,528107.9,DOS-HTTP_FLOOD
27.674301,7.6404395,63.627453,8792.928,0.01423437,0.18039416,-0.14344588,0.27430606,0.54808587,0.046940386,0.024464216,60.548004,16.823605,2.7263567,0.41905227,0.59235287,0.23412192,0.044597134,-0.0017282646,0.0074791345,0.01833634,0.03371302,0.78987354,0.1594034,-0.02666374,-0.006699336,0.027630953,-0.05262769,1.0124199,0.97296256,66684.17,59.15819,2821.3896,718.9368,769.43494,744.16785,0.0005409393,92.83621,638184.25,DOS-HTTP_FLOOD
30.665138,5.7461467,60.262714,76597.86,0.08504492,0.10055863,0.3361814,0.5448331,0.7945428,0.090888694,0.019065686,81.99851,6.667629,2.2992249,18.287996,0.64979386,-0.010672768,0.034337375,-0.017503124,-0.034768008,-0.000634538,0.053463362,0.9857342,-0.014768315,0.04345041,0.009357287,-0.007901219,0.014687309,0.97616714,0.9398131,46221.28,60.527225,1789.5417,441.987,519.1719,367.31613,-0.00041564828,101.24713,360719.75,DOS-HTTP_FLOOD
28.926258,6.6029043,90.619095,8578.422,0.0200788,0.12736554,0.17372194,0.10502758,0.61532015,0.0007794815,-0.00077795936,67.01133,13.732563,0.8485111,14.332678,0.3510275,0.053073175,0.13894737,0.05882638,-0.02447529,-0.045191847,0.017605092,0.8230605,0.1860287,0.021195516,0.045619886,0.039540254,0.035779715,0.93231297,0.9534489,37379.062,61.29617,3154.6062,370.26196,707.59625,356.19876,0.0054703965,95.320244,425649.78,DOS-HTTP_FLOOD
33.35079,5.999834,60.427517,2390.4011,-0.0807286,0.32884026,0.17697316,0.09110009,0.55106395,0.055440146,-0.050097838,48.44394,26.69767,0.6183554,15.076359,0.49917608,0.09469648,-0.01938124,0.0787022,0.026061805,-0.10230872,0.063482724,1.0280585,-0.05115014,-0.04281699,-0.009740546,0.032667525,-0.029790921,0.9563721,0.9578114,56434.305,104.64311,2381.7793,544.3087,680.3318,537.3187,0.0008159664,97.09982,823174.06,DOS-HTTP_FLOOD
37.71144,5.5554028,60.99665,31177.37,-0.051790163,0.2946854,-0.026792446,0.10435565,0.8688837,0.099959075,-0.021451155,81.514725,24.329655,1.9538383,0.12986465,0.70437694,0.040766746,0.018795472,0.032482512,0.031560797,0.0060798554,0.085584186,0.99172163,-0.021101244,-0.014675236,-0.048209623,0.046970934,0.0026550982,0.95753026,0.89567006,59406.047,76.079285,1722.2386,575.8035,626.0786,568.64215,-0.00048014265,95.552,592227.25,DOS-HTTP_FLOOD
48.48288,5.703806,64.957886,5614.5864,-0.02263735,0.21207081,0.07296203,0.273168,1.2540697,0.11374571,-0.008976769,113.44005,19.146502,2.29982,6.402153,0.8774802,0.044313613,0.0029938668,0.054287404,-0.06301925,-0.09179002,-0.10197024,1.253122,-0.27132457,0.0072564273,-0.068573356,-0.05922079,-0.007038126,1.0311818,1.073444,99450.35,152.61595,4144.695,1073.1532,1215.1298,1063.5334,-0.0023833185,121.14504,1.2384136e+06,DOS-HTTP_FLOOD
32.213425,7.0085654,64.6723,10932.439,0.026648546,0.32590064,0.060278736,0.2064675,0.6370828,-0.006387377,-0.010631535,59.57257,28.764496,2.144015,5.9173183,0.75724316,-0.055285342,0.020457542,0.085901976,0.022882666,-0.02096668,-0.005075196,0.96409905,-0.034285735,-0.057002153,-0.03827897,0.0012857141,-0.008372263,0.96329457,0.93472284,62414.09,58.7369,2251.7456,539.72345,691.75195,531.9368,-4.0354804e-05,95.83852,792080.7,DOS-HTTP_FLOOD
31.677742,5.4871492,68.914536,-2040.1133,0.06641504,0.16923852,-0.021502329,0.11994739,0.81406754,0.03295664,0.05184621,84.76641,16.134521,5.9533663,1.7974193,0.7166362,0.06608555,0.07233286,0.023597047,0.05124453,-0.004205315,-0.019056296,0.9281867,0.047425218,-0.032602753,0.059756096,0.022232253,0.008715311,0.96869254,0.9189987,72057.38,62.078674,2723.4607,738.1041,803.01587,741.71277,0.00679664,98.2167,687708.8,DOS-HTTP_FLOOD
28.841492,7.541792,100.57286,4239.9,-0.026573783,0.21000662,0.25808355,0.08100211,0.5648518,-0.0023211853,0.026619395,56.378094,20.948032,0.9619519,15.601015,0.62968314,-0.026295824,0.019731821,0.032238692,-0.008603771,-0.039888106,0.0030195573,0.9227995,0.040274996,-0.012667304,-0.00564883,0.022715982,-0.0397771,1.0293262,0.99187475,58069.418,60.376747,2203.8604,654.6034,708.54254,634.2305,0.0004646371,94.64866,522898.16,DOS-HTTP_FLOOD
32.72179,6.5670853,69.614624,6694.789,0.006516408,0.12718509,0.070889495,0.20070446,0.8080571,0.039346166,-0.012534057,79.859535,13.595398,7.5313945,5.7945294,0.8397115,-0.041685168,-0.014354924,-0.041914016,-0.021329083,-0.029434191,0.058217578,0.95611084,0.050339546,0.04016262,-0.09104387,0.041018955,0.014964871,1.0605887,0.9536102,70976.68,82.45146,2464.3298,869.0457,784.46594,819.77954,0.00027476792,96.65133,571506.8,DOS-HTTP_FLOOD
32.350967,7.851012,66.40954,3231.936,-0.060327496,0.2916882,0.1818587,0.09944212,0.76547647,0.01955727,-0.011681197,83.227554,32.79384,-0.092457026,11.516399,0.2959746,0.17559695,0.0235164,0.053666957,0.012378361,-0.07506721,0.01590626,0.9034436,0.046685446,-0.025134107,-0.003250693,-0.04525352,-0.014143724,0.98348254,0.9696313,56568.848,59.400665,2221.7656,550.77637,658.06665,536.58984,0.0002519203,101.889885,535488.7,DOS-HTTP_FLOOD
27.464418,6.628231,62.914833,5429.0957,-0.08047949,0.21574822,0.08870752,0.09812654,0.509289,0.043494128,-0.0326815,63.661903,21.932468,0.29156405,13.698039,0.51596767,0.21841918,-0.0014762115,-0.0044113304,-0.013892537,-0.057319585,-0.017485868,0.89401925,0.0735801,-0.078263216,0.009330698,0.043614075,0.0025824737,0.9961197,0.9932657,79128.06,67.90458,2979.26,1058.0304,870.7827,1050.7295,0.00055341393,103.46508,643576.0,DOS-HTTP_FLOOD
26.904198,6.9022245,97.60952,-274.40283,-0.011306739,0.10594409,0.07357065,0.30425394,0.72364604,-0.012159171,0.0398478,72.670006,8.96587,1.7227167,3.6456447,0.53139293,0.034961656,0.01149164,0.02709886,0.021776143,-0.02795529,-0.040037356,0.8403209,0.1195939,-0.05646395,-0.0128379725,0.028612772,-0.050311968,1.025978,0.9698319,59334.074,58.825764,2022.22,588.4186,570.4693,595.1705,0.0015150363,91.93681,402926.03,DOS-HTTP_FLOOD
37.72999,4.6119456,73.52613,1464.6626,0.019861793,0.2662181,0.11924295,0.32990718,0.87254226,0.0078747375,0.013395527,81.23524,29.560251,0.68181,12.364069,0.79707396,-0.03401322,-0.008280775,0.062120207,0.03360658,-0.03625051,0.017937496,1.0682023,-0.016275885,0.0136509165,0.019925302,-0.018437874,-0.013513787,0.96220833,0.9742742,53201.33,61.215755,4068.3533,457.1183,847.35504,479.231,0.0057047796,104.45356,686959.75,DOS-HTTP_FLOOD
27.19039,5.582598,65.02082,38313.61,-0.049669527,0.1670662,0.46421194,0.049261395,0.73842317,0.04784815,0.037274968,83.48581,15.830456,0.36481953,19.615246,0.19195212,0.42947522,0.046460964,0.06406178,0.12175388,-0.07612474,0.02059945,0.888091,0.030351954,-0.030476749,0.0378575,-0.02398532,-0.028786825,0.9751218,0.9862197,36398.83,60.60311,1591.8843,425.3258,513.00995,366.30563,0.0020726891,115.17147,425370.97,DOS-HTTP_FLOOD
31.303268,4.835217,74.89646,1591.9216,0.1311721,0.11622776,0.011012493,0.12093991,0.76429826,0.003964514,0.08259527,78.97749,11.138044,5.371843,4.8077855,0.37638053,0.54155964,0.09642314,0.04913147,-0.017410005,-0.03862838,-0.006165905,0.90767235,0.11641549,0.016565003,0.09053797,-0.06424109,-0.016060766,0.9515888,0.9204491,42886.63,59.091175,2918.51,345.0525,569.87067,312.9862,0.004843065,97.068184,385526.47,DOS-HTTP_FLOOD
33.481907,4.5980678,65.98376,-4088.8784,0.06577383,0.1635228,0.115584746,0.26665622,0.89859974,0.047091972,0.08456781,92.577156,14.823944,8.168829,14.666718,0.7118373,0.093276575,0.044467844,-0.053524543,0.11884248,-0.012647464,-0.024988815,1.0601648,-0.055763423,-0.029276313,0.012075947,0.039250363,0.044892326,0.98593974,1.0104076,101928.95,81.09034,3709.1965,1185.999,1030.884,1180.5127,0.0029733465,108.69382,927018.6,DOS-HTTP_FLOOD
32.39148,5.4542503,73.38132,3896.1846,-0.026029773,0.12336355,0.06360711,0.30101067,0.82285243,-0.023601063,0.04624419,87.40185,10.319968,-0.12425232,2.3859885,0.61886466,0.0016386245,0.038041778,0.05509209,0.054752678,-0.008377669,0.009273127,0.9489483,-0.0034337526,-0.08402729,-0.043330308,-0.004338813,-0.003516646,0.9953173,0.93660766,69729.92,60.21594,2393.1409,549.67346,691.0046,563.5374,0.0038515036,106.366974,699577.5,DOS-HTTP_FLOOD
22.734432,9.99148,71.959175,139.54053,-0.02654968,0.20022169,0.13967218,0.02475161,0.32680556,0.02411579,-0.040902365,38.17114,19.2636,1.0885094,7.877772,0.374641,-0.020248137,0.0091449395,0.039992973,0.006230157,-0.047785122,-0.0057939067,0.6523956,0.29714835,-0.050547406,-0.020019412,0.04124874,-0.07034692,1.0598011,1.0029645,51570.28,62.398064,1733.309,468.18307,511.1522,493.25903,0.00082682865,87.04213,329031.7,DOS-HTTP_FLOOD
29.025597,6.972422,66.25033,3324.7168,0.006364314,0.13097887,0.07758279,0.19052023,0.44941613,-0.03233154,-0.03789145,64.40431,9.996416,1.1804407,17.37029,0.63374674,0.059367996,0.06502672,0.046436295,0.02895686,-0.068252936,0.031487063,0.79196054,0.092438124,-0.0015846873,-0.025262266,0.076902345,-0.028717779,0.9949841,0.96809345,97183.47,96.233795,4772.757,1006.6003,949.3658,979.71045,0.00040618674,112.15477,887845.0,DOS-HTTP_FLOOD
28.411104,8.78496,85.03961,8802.326,0.0037138443,0.6820901,-0.013699983,0.036270693,0.17890964,0.018510692,0.010419003,24.523613,38.982773,1.3167679,0.80971456,0.16147009,0.022637952,-0.018334165,-0.046816986,0.0056843227,-0.0031579984,0.034630977,0.7660681,0.22022603,0.053980857,0.038010027,-0.042699106,-0.04552918,1.0591663,0.9594074,19375.055,60.486004,313.4646,245.17899,45.94136,229.83936,0.0006093514,90.83316,22486.326,DOS-HTTP_FLOOD
36.70991,4.6206465,89.89128,4684.824,-0.113561444,0.27611282,0.080896124,0.23865269,0.81631,-0.033708744,-0.06097904,68.87723,32.751076,0.096917555,4.7408147,0.26798832,0.49460307,0.062067393,0.035851147,0.0635299,-0.06537682,-0.0059330696,0.9808777,0.057899244,0.02458359,0.007891523,-0.103914455,-0.053804144,0.92361736,0.9927864,59675.73,69.943985,3851.9155,723.1353,946.9412,690.4109,0.005588943,93.51446,933936.9,DOS-HTTP_FLOOD
27.382698,7.1015053,84.442665,2702.3242,0.008402252,0.19969498,0.15850273,0.14446954,0.6390634,0.0020472454,0.022516739,74.801956,18.301733,1.852299,9.016308,0.42353338,0.06328714,0.023913205,0.015769847,0.0657048,-0.05013752,-0.036642365,0.853282,0.09258389,-0.05086209,0.079660684,0.015226147,-0.037465863,0.9779892,0.9277444,44484.934,58.918774,1463.4518,313.55338,392.43417,341.0982,0.0019729568,103.888916,217395.64,DOS-HTTP_FLOOD
32.049614,5.1589303,62.271164,8364.225,0.024573782,0.22498874,0.16668683,0.36329773,0.83682233,0.039866634,0.006306665,82.942,18.810394,1.380306,6.5069175,0.60377467,-0.018474946,-0.016317863,0.03054056,0.00849578,-0.03333386,0.00174521,0.9941913,-0.043463364,-0.048351135,0.023061365,0.018310793,-0.03399829,0.9851602,0.9340751,36074.34,60.62881,1037.9124,202.34827,265.0424,229.56079,0.00041382838,99.154144,134912.69,DOS-HTTP_FLOOD
36.210464,4.705474,87.79152,3071.571,-0.044539154,0.28546247,-0.066844776,0.19043261,0.8577839,0.02290379,0.022705156,86.18768,26.972843,0.35549802,0.34261808,0.6085629,0.018497743,0.007592863,0.033784658,-0.0057612592,0.009803468,0.020042153,0.9251074,-0.008610165,0.0063534267,0.050465897,-0.024397172,-0.0825179,1.0024477,0.9645877,40340.12,64.34662,1949.4653,217.23924,459.15463,287.2123,0.0014602215,103.07339,258927.23,DOS-HTTP_FLOOD
24.354136,7.305516,64.895935,6125.7676,0.019277953,0.13285674,0.12647454,0.10761189,0.5293667,0.04003867,0.0115284035,60.12701,12.959412,3.4226546,10.736896,0.41890925,0.26567194,0.025461884,-0.008898744,-0.03265272,-0.02978325,-0.045315813,0.82586557,0.1455932,-0.01908736,0.023641223,-0.015838576,-0.00848622,1.0064868,0.997577,62227.082,60.216885,1761.4683,610.5403,513.433,617.8753,0.0002814213,97.54735,310607.84,DOS-HTTP_FLOOD
27.871525,5.5910363,64.77976,-2478.0303,-0.027984874,0.21132138,0.11332406,0.12959157,0.5133055,0.024498023,0.0074524684,52.476578,19.119823,1.5420196,14.074457,0.6031199,0.13533832,0.026604494,0.00018931925,0.0016173674,-0.021593552,-0.022408154,0.8627929,0.08648085,-0.04493393,0.04441461,0.005689324,-0.027966099,1.0081129,0.97518176,56531.004,63.098465,2749.4119,555.36206,739.88,550.2691,0.0037425742,97.82555,536864.75,DOS-HTTP_FLOOD
36.00811,5.1995583,60.80778,-3221.4429,-0.05265311,0.22248662,-0.04206656,0.37337047,0.84880674,0.049530752,-0.0006835512,69.040405,19.745111,0.28073108,1.7352842,0.7074594,0.06801045,0.10342735,0.04107589,0.10339684,-0.005658157,-0.02995025,1.0606735,-0.10124495,-0.043598905,-0.00949111,-0.0752247,-0.08480736,0.94146436,0.97374,68726.72,69.267204,3645.07,629.21906,997.68475,642.0273,2.1899876e-05,98.60474,1.0854218e+06,DOS-HTTP_FLOOD
31.273895,5.773843,61.85084,16154.789,0.0080808895,0.55706865,0.1919283,0.15775575,0.32643974,0.09097797,-0.050323527,40.307648,38.97061,3.2540197,10.581407,0.07815768,0.47415867,-0.0702487,-0.10387404,-0.20053747,0.07195898,-0.06765802,0.6676224,0.124294534,0.06598562,0.20726807,-0.025704496,0.0105484845,0.92084765,0.99597067,39537.62,57.693592,1339.6382,176.14685,250.2869,256.96408,0.00032242772,120.83263,141874.42,DOS-HTTP_FLOOD
29.79441,8.127832,70.74629,2595.3298,-0.02490414,0.26283523,0.17042094,0.12506826,0.46793932,0.041499097,0.04520671,58.682854,26.068707,2.0160577,17.49537,0.6923496,-0.014518631,0.020255202,-0.013815796,0.025524283,-0.1454061,-0.05216021,0.8890678,0.093909286,-0.022900421,0.06919445,-0.03670563,-0.055232354,1.0400385,1.01505,72933.625,60.640305,2760.2756,762.09863,835.232,796.6332,0.00076977833,101.559105,690441.0,DOS-HTTP_FLOOD
31.569082,6.5414143,60.68348,-194.80664,-0.10477982,0.24879937,0.16675232,0.042416062,0.5014801,0.03747407,-0.041773967,56.980667,25.54953,-0.10368474,18.491573,0.48055476,0.12908174,0.030814203,0.06283787,0.06543876,-0.07634306,0.026019588,0.91575336,-0.011163666,-0.04985611,0.035810225,0.013835335,-0.005361559,0.98973083,0.99320775,64711.992,72.824326,2468.0874,756.99963,708.06964,767.9101,0.0005596518,104.19313,613783.94,DOS-HTTP_FLOOD
28.62247,6.5465407,64.86418,1390.1865,0.0034868997,0.113915615,0.018863467,0.6072433,0.7445596,0.072017826,0.029718077,90.26869,9.438187,0.11682355,13.4599285,0.6763142,0.014712917,0.042460606,-0.035544407,0.03831411,-0.010368257,0.009452588,0.8779425,0.08685981,0.01614011,-0.011838678,0.0626778,0.02285361,0.9965244,0.99222744,97781.93,59.206764,3767.642,1079.4839,866.80444,1049.8159,0.00062469556,102.03719,831449.8,DOS-HTTP_FLOOD
30.301071,6.452832,64.65914,3960.9487,-0.022190725,0.19189528,0.057356447,0.15252365,0.590157,0.037969347,0.0059481966,66.41015,17.327738,1.5626464,15.1722355,0.5472783,0.28157774,0.02873726,0.045474354,0.010788687,-0.06037205,0.027960934,0.89945346,0.04492787,-0.0359193,0.04707836,0.03520935,-0.016567424,1.0001692,0.9524697,61194.793,60.529827,2330.9985,556.2163,643.3762,536.01807,0.0010050059,104.24315,578995.1,DOS-HTTP_FLOOD
26.444958,9.626813,63.377483,281.3208,-0.1034291,0.25425464,-0.08677454,0.085518494,0.5402799,-0.005139245,0.023783863,55.179123,18.952417,0.12269604,0.5656297,0.36315972,0.061086982,0.008169123,-0.075657986,0.04366991,0.0009403331,-0.06674201,0.69566256,0.07736599,-0.09894329,-0.026621293,-0.013284052,0.07468266,1.0401381,1.0422926,63881.613,179.2653,2381.9775,803.85016,487.72934,928.17303,0.0005669418,103.35705,365501.06,DOS-HTTP_FLOOD
29.806442,5.3424587,59.53051,5352.9854,0.005318327,0.15112539,0.38842186,0.07578185,0.591368,0.058828846,0.03924651,62.173927,13.60569,1.7235934,19.14586,0.5245359,0.023190131,0.019033313,0.006488338,-0.031437784,-0.06254592,-0.01934688,0.95370865,-0.02442071,-0.022640415,0.027966484,-0.022335658,-0.012160436,0.99783117,0.98125166,35276.57,64.0471,1331.5477,302.66058,416.09888,290.81717,-0.0001021354,100.04083,241589.12,DOS-HTTP_FLOOD
34.355247,5.825749,67.32958,222.12793,0.027353184,0.19286624,0.15929049,0.20769636,0.8145246,0.038356263,0.046916377,83.83664,17.518288,4.010619,16.23478,0.68426657,0.24178496,-0.006333962,0.006574313,0.03894471,-0.021179618,0.029660558,1.0533837,-0.009577288,-0.017276557,0.052987166,-0.017970096,-0.0053279568,0.9797018,0.94494194,63057.62,59.75991,3329.8354,583.8148,833.09546,554.8864,0.0023233555,101.80328,764422.56,DOS-HTTP_FLOOD
26.614536,5.275855,54.253204,4391.49,-0.11868015,0.089562185,0.22534284,0.046869256,0.72653097,0.053056397,0.01828086,73.815445,5.957697,0.6017611,10.790974,0.4511764,0.04212563,-0.018679926,-0.028938625,-0.00568192,-0.03427816,0.0074545895,0.91327655,0.0014858098,-0.037743367,-0.015257275,0.013105448,-0.010459683,0.9814226,0.96770066,58983.83,119.52133,1713.1022,705.9366,509.8749,683.28406,-0.00028053694,94.142296,334252.3,DOS-HTTP_FLOOD
29.814098,6.477761,112.68512,625.3408,0.09590908,0.10788739,0.14824943,0.36033782,0.76646525,-0.034333173,0.029333245,74.42472,9.807934,7.618368,7.4335985,0.6350538,-0.024841202,0.087060444,0.016572442,-0.022299876,-0.04843935,0.040665943,0.9070398,0.05130186,0.029826203,0.04944407,0.0060629332,-0.028361874,0.97242385,0.9066527,41148.27,62.886436,1919.6792,418.02567,520.0675,367.0703,0.005195812,93.79853,319064.72,DOS-HTTP_FLOOD
23.202961,9.102466,70.978195,12381.693,0.09441678,0.15936354,-0.017796982,-0.009488813,0.4685596,0.08109071,0.0040350994,85.98426,16.559494,2.5456243,3.13527,0.38313088,0.09906713,0.028064596,0.027330343,0.09539809,-0.11995975,-0.012442934,0.68259954,0.30578178,0.03217791,0.015805963,-0.027179196,-0.022567809,0.97521573,0.9436423,98203.2,58.451626,3992.897,913.6579,864.5704,855.8647,0.004114887,114.482605,816262.94,DOS-HTTP_FLOOD
29.08561,6.6450653,64.45861,5494.8896,0.0248457,0.21365188,-0.001004606,0.18300271,0.7000847,0.15763623,0.05152188,85.1111,18.31347,4.4546638,0.30097947,0.4541984,0.22398587,0.023725463,0.010022688,-0.06371145,-0.07564908,0.091278255,0.76553583,-0.001857564,-0.032946948,-0.07511254,0.048772287,-0.110935755,0.9056061,0.9567889,92965.2,72.58551,3211.5474,855.16235,898.4441,884.41187,0.00085376657,115.42435,1.3163519e+06,DOS-HTTP_FLOOD
28.796274,5.3219314,69.2087,-848.1489,0.030939009,0.15404987,0.10571653,0.14540236,0.54867154,0.013625133,0.009574026,65.53803,13.096667,1.5186583,9.371408,0.7457231,0.027902437,0.090240985,0.040250726,0.08326709,-0.030744849,-0.035730295,0.87214094,0.08076044,-0.035462104,0.05641019,0.02582271,-0.010690269,1.0362248,0.96734905,86649.445,61.057407,4233.9336,818.5415,1002.1376,804.2125,0.007388065,103.36029,1.00558294e+06,DOS-HTTP_FLOOD
25.57083,7.895792,68.09865,98.532715,0.04075788,0.09970153,0.08630339,0.3602506,0.54683155,0.028373105,-0.0034342846,64.12192,9.825715,3.4528449,9.622345,0.74362934,-0.04733127,0.0479542,0.018174555,0.018596824,-0.037317745,-0.047986988,0.79639864,0.18354395,-0.015288214,0.013817476,-0.040756956,-0.04384616,1.0455141,0.98375636,79138.234,58.953228,4093.935,745.5855,991.431,757.32587,0.0012729996,97.59071,819542.8,DOS-HTTP_FLOOD
25.14316,8.054778,70.97205,7164.0415,0.008618654,0.18380056,0.18981075,0.084632844,0.5512831,0.047223814,0.028369967,76.94091,15.045376,4.2134194,18.386856,0.4727858,0.13392912,0.0312946,0.015906781,0.0051473593,-0.10246551,0.03108126,0.82158965,0.0033614447,-0.0022377237,0.111016944,0.017794374,0.027731001,0.92243,0.92471784,54072.605,58.516766,2001.8898,446.6645,543.47845,399.2942,0.0062810373,120.33244,402246.5,DOS-HTTP_FLOOD
28.454098,6.599592,78.121704,4875.132,0.052477404,0.24594525,0.033160813,0.1998979,0.7257399,0.024680696,0.057393543,81.281204,26.09828,5.613954,3.7568662,0.63550645,-0.004368656,0.041379217,0.015147985,0.03155208,0.0042617507,-0.04113177,0.88484204,0.14448218,-0.028775448,0.03528962,0.007499577,-0.0764839,0.96803445,0.9475413,27348.232,55.575356,1490.3245,219.62843,319.19662,230.45187,0.0015218118,95.138954,162286.81,DOS-HTTP_FLOOD
31.291336,4.8372436,59.236343,779.44336,-0.015019037,0.21324806,-0.06583702,0.41500482,0.79707223,0.023929553,0.06734923,86.01707,19.291046,3.850089,1.6527976,0.67396295,0.122923784,0.072455525,-0.008870563,0.05004927,0.013919769,0.0073075197,0.9551215,-0.001198981,-0.051288083,0.07242732,0.06851752,-0.045173906,0.9507879,0.90750223,53207.812,58.55087,1877.6818,443.8642,525.618,487.00198,0.0018075639,105.801,340855.4,DOS-HTTP_FLOOD
27.28079,9.143494,65.87727,241.3872,-0.01936776,0.22511406,0.23149239,0.15419008,0.3723168,0.069199346,0.053209566,60.947136,26.639763,3.109195,19.330519,0.70907444,-0.033220347,0.013941668,0.003025015,0.018052915,-0.03695768,0.004719668,0.8943421,0.1403521,0.011002627,0.05188257,-0.037987906,-0.07902026,1.0256631,0.97691196,68944.516,58.75715,3308.4368,733.1781,970.22174,756.077,0.0011486533,107.64148,773976.94,DOS-HTTP_FLOOD
33.77752,5.0207057,75.845215,1275.532,0.05431266,0.23195802,0.07779321,0.17003404,0.70979494,0.0016888772,0.06482919,82.04485,19.636454,4.3508577,13.633392,0.67558634,0.15394579,0.056317557,0.036324125,0.061853364,-0.074476756,0.04590161,0.96862346,0.0062137824,-0.02803619,0.07739259,-0.028042328,0.044724062,0.9432806,0.92006725,60085.55,59.308365,3427.6714,407.15787,730.5452,353.74072,0.008819087,112.613495,769001.44,DOS-HTTP_FLOOD
24.163706,8.003155,89.86062,4957.2036,-0.064147554,0.08302034,0.34271628,0.2603223,0.74060905,0.008881764,0.024373231,74.51807,7.9975696,0.57086676,14.38045,0.3208397,0.24517162,0.009243874,-0.022440214,0.009899115,-0.07154013,-0.07986122,0.8879631,0.09380951,-0.041728843,0.027202943,-0.0040978566,-0.06544546,1.0124465,1.0107203,63417.3,57.61897,2160.8252,596.67,575.8996,608.6337,-0.00020271364,105.26925,349813.72,DOS-HTTP_FLOOD
36.923836,5.3565006,67.906425,2635.2285,-0.03638962,0.19688585,0.13160256,0.19829835,0.87981534,0.024332032,-0.019142807,87.82517,16.423492,2.9054012,11.640776,0.7419438,0.024609724,0.019309152,0.044342093,0.10345823,-0.012574018,0.08280917,1.0650911,-0.013451413,-0.0371018,-0.09523437,-0.0076287095,-0.030822702,0.9544211,0.9483819,72560.88,75.00934,3282.9192,596.0254,884.3425,624.0742,0.0042800154,103.91695,966910.75,DOS-HTTP_FLOOD
30.848835,5.8810596,77.258286,2509.539,-0.005724579,0.27819374,0.11798664,0.13329914,0.5227223,0.042533334,-0.023967242,55.42978,26.677994,2.0257335,12.032943,0.5513811,0.14879034,0.022114426,0.03448438,0.06360564,-0.052829087,-0.05116981,0.9224913,0.03200441,-0.058562823,0.05244776,-0.0010341499,-0.042227697,1.013969,0.9801664,60233.926,63.141716,2718.193,581.99286,738.11945,621.2887,0.0029266074,101.835236,542775.6,DOS-HTTP_FLOOD
34.600327,5.7079706,67.30669,25521.117,0.13763292,0.13359497,0.010375903,0.14062677,0.96162957,0.017445592,-0.0026656105,101.87104,11.870223,6.137847,-0.046987183,0.69023323,0.0063572074,0.041011427,0.0658467,0.059860047,-0.012545191,-0.017388899,0.9505305,0.019261092,-0.054677412,0.017418092,-0.030535778,-0.050526053,0.98771095,0.9349284,64936.477,62.23144,2280.9087,548.44806,650.66187,545.69244,0.002032296,112.101715,636556.8,DOS-HTTP_FLOOD
33.97689,4.62733,68.555855,7111.883,0.12975723,0.20225258,-0.052027896,0.16645432,0.6296449,-0.0064885393,-0.058906496,61.05114,16.586672,8.795518,7.7853513,0.55227315,0.52357763,0.047073305,0.011204313,0.01885549,-0.025379319,-0.02696039,0.9038092,0.048893042,-0.059771977,0.053502504,0.0227148,0.036317572,0.97138166,0.9337711,41687.676,62.41861,1747.292,368.6864,462.48956,352.1858,0.004836732,103.206055,312719.22,DOS-HTTP_FLOOD
22.244446,6.749414,58.801773,-2069.912,-0.059780926,0.029278094,0.10495347,0.3186381,0.58546907,0.014610888,0.0047308463,60.011517,2.2884724,0.61338115,8.075447,0.5107474,0.033222448,0.022703847,-0.039143942,0.0042304117,-0.016271869,0.0009482354,0.7798597,0.1615679,-0.05155817,0.018882716,0.015001621,-0.019839613,1.0277565,0.97429895,69388.984,61.601055,2239.6606,745.75397,652.026,737.4506,0.0008059788,89.04637,431302.97,DOS-HTTP_FLOOD
31.329365,5.761909,68.70726,857.68066,-0.046613608,0.39510304,0.4422599,0.056267332,0.80110246,0.08811292,0.10130724,79.90022,34.13002,-0.29221144,15.882936,0.1871815,0.03965157,0.0012713764,0.045021955,0.021238605,0.019027026,-0.026995147,1.0044394,-0.06171224,-0.015264289,0.056800857,-0.018921815,-0.026533643,0.94412345,0.9764067,13548.514,59.470665,686.08453,65.32093,107.43001,79.942856,0.000903795,95.43341,53695.28,DOS-HTTP_FLOOD
33.055832,6.9462237,94.031425,5166.593,0.13537025,0.1421194,0.14538923,0.121098,0.69537234,0.036324605,0.034645278,80.59633,11.856209,8.215369,11.588013,0.82301927,0.061826337,0.04072584,0.019525489,0.01677423,-0.040799484,-0.0054613734,0.9659501,0.07103115,-0.021359904,-0.0055781426,-0.033672635,-0.0042076223,1.0306557,0.9797183,85220.14,61.63416,4079.9238,829.4539,952.6926,773.26,0.00090478774,110.25821,925917.3,DOS-HTTP_FLOOD
27.730793,10.301147,75.80707,2021.8489,-0.06436786,0.2066093,-0.15461238,0.11057104,0.44166946,-0.009277068,-0.1034443,54.609863,21.45731,0.7242253,0.48119816,0.4032017,0.07117293,0.04169433,0.012478955,0.07562991,-0.017025964,-0.009820973,0.6807551,0.15651837,-0.082596205,-0.005824922,-0.0014232611,-0.014681749,1.0137719,1.0201299,63474.51,175.31522,2456.1877,717.3628,501.4193,811.8466,0.006202542,109.0126,324114.97,DOS-HTTP_FLOOD
27.08844,6.751129,76.876114,3632.612,0.0017446559,0.1105019,0.099884786,0.1125868,0.7065522,0.05481758,0.058014993,74.087204,9.715274,2.7650545,6.3290067,0.587239,0.031258043,0.0038160617,0.008168764,-0.0036186213,-0.04721385,-0.027837556,0.8747223,0.0968382,-0.028646234,0.0051528113,0.0033433782,-0.022817375,1.0176059,0.9777863,62620.21,60.03204,2162.313,660.9366,618.0103,672.51996,0.00018944971,95.277725,409863.44,DOS-HTTP_FLOOD
26.616426,8.099535,64.31527,3091.129,-0.031361435,0.20278302,0.44982272,0.042101517,0.7336487,0.059209656,0.020296851,88.30768,20.885677,0.511142,18.755802,0.27553767,0.040943995,0.018123165,0.043018445,-0.013420351,-0.040605262,0.035699658,0.7973419,0.048085798,0.02968983,0.027336964,0.021954244,-0.044103082,1.0286852,0.95538205,33797.742,64.829216,852.7134,295.18964,310.67105,312.6253,0.0007123368,111.984474,191729.0,DOS-HTTP_FLOOD
28.185474,4.7551756,52.01077,49002.242,0.019797321,0.14162771,0.30769062,0.12614809,0.49460402,0.119883746,-0.050350346,61.217136,11.0477495,1.2731601,17.29422,0.5465265,0.020569308,0.055263232,0.098047346,-0.005018972,-0.054414436,0.028570987,0.7206029,-0.016768726,-0.0108765755,0.10493827,0.07858026,0.027995411,0.9361977,0.90150446,54726.34,62.66143,1580.1857,365.03217,406.066,460.37677,0.00013946072,99.892456,486486.78,DOS-HTTP_FLOOD
25.623156,10.253298,66.843864,21194.992,0.031608928,0.1318949,-0.06620125,0.44868097,0.29935136,0.024449661,-0.04273382,58.95751,10.109955,6.922521,12.816086,0.6480608,0.047339708,0.038487796,-0.00880421,0.014863221,-0.03982931,0.052980576,0.69066125,0.18666895,-0.012938479,0.1068119,-0.037744552,-0.020551646,1.0317605,0.9537686,79791.016,57.008514,2653.7236,717.96814,694.29456,736.4192,0.0010473616,108.644424,607919.94,DOS-HTTP_FLOOD
19.594847,11.173595,64.2836,7696.993,-0.11888798,0.090634815,0.0357903,-0.028324727,0.25745863,-0.009311798,-0.06999722,40.241585,7.9416585,0.5895937,5.6225543,0.32418203,-0.042079236,0.05355309,0.014028225,0.013094518,0.000277753,0.01432867,0.51358235,0.35339785,-0.014421301,-0.0054004975,0.06070772,-0.022708941,1.0552204,1.0237011,60982.117,159.01448,1264.7247,747.3925,313.62698,780.09546,0.00019342997,90.74578,178455.22,DOS-HTTP_FLOOD
25.018105,8.184854,61.310764,49052.47,-0.035291184,0.092757344,0.32775295,0.046272486,0.56748843,0.09596623,0.0048598787,66.55357,8.755494,0.11933509,16.72674,0.4249117,0.049272392,0.0066837156,0.012881327,0.008454857,-0.05028751,-0.00013055746,0.8351117,0.04214116,-0.031099861,0.050038293,-0.00069384,-0.081860505,1.0006166,1.0251662,52733.633,60.08304,1821.8777,528.64294,532.5006,485.09933,-0.00023038573,102.32171,341663.66,DOS-HTTP_FLOOD
31.616867,5.8027596,54.39054,12812.557,-0.016332423,0.25130257,0.028753692,0.34705257,0.70207214,0.062500454,-0.004112448,80.67755,23.62622,2.5597417,8.75456,0.8275001,-0.024992898,-0.0040857354,-0.00043417793,0.0493073,0.008147144,0.010208845,1.0269555,0.01645625,-0.010434491,0.06350514,-0.048478253,-0.047478344,0.98500884,0.9123418,80401.02,58.223106,3409.4414,848.2399,944.06354,857.6155,-0.00013237233,102.14123,924134.7,DOS-HTTP_FLOOD
31.80297,6.015044,64.24331,497.41406,-0.016214173,0.21380225,0.090486296,0.36471012,0.58162755,0.03487329,0.025342982,61.752296,19.26242,2.2656724,17.207558,0.6951152,0.08974269,0.038076226,0.00465787,0.020930076,-0.011256238,0.015492659,0.94355166,0.010788302,-0.025651492,0.046279207,-0.018521704,-0.0030135922,0.96192944,0.93784237,51584.453,62.55453,2619.1477,446.38477,706.1578,441.87274,0.0019625656,98.90222,528251.94,DOS-HTTP_FLOOD
28.614246,5.2094426,60.351852,19885.453,0.0042971782,0.11243798,0.036154512,0.10604141,0.6145044,0.054876246,0.010051225,73.165535,7.902412,2.3540142,12.85005,0.65644145,0.27529332,0.036229774,0.04640638,0.077224754,-0.03208012,-0.0183184,0.9605299,-0.016879644,-0.057986096,0.06637955,-0.002442454,-0.040858407,0.94817543,0.90277326,109637.89,58.44419,3944.6182,1309.8042,1028.5703,1232.2664,0.003706161,100.443405,1.2151581e+06,DOS-HTTP_FLOOD
21.203611,10.214418,95.10247,30635.799,-0.0005272683,0.20267692,0.322942,0.031229634,0.3860493,-0.026128627,0.06539753,64.247345,27.981571,1.093156,17.14394,0.14106232,0.007577959,0.054941274,0.041453905,0.07039636,-0.054013956,-0.08103508,0.6395976,0.25893217,0.009868621,0.07727354,-0.047442384,-0.08405802,1.0057921,0.94716305,18329.012,55.42351,794.0127,196.38245,143.01718,147.85509,0.004737943,98.474724,48584.004,DOS-HTTP_FLOOD
28.552593,4.669789,64.48594,906.18115,-0.043809988,0.0692949,0.10073331,0.31920514,0.7935454,0.02664619,0.023579568,76.56932,4.6766224,0.91736686,8.283894,0.5367584,0.23829618,0.0106880665,0.01750706,-0.021978458,-0.06191958,0.008546397,0.95147115,-0.015767017,-0.050791636,0.027758457,-0.0010183873,0.023247428,0.96558344,0.9451423,65181.617,60.94393,2082.4136,562.285,627.6714,548.13916,0.0019232591,100.783165,436084.62,DOS-HTTP_FLOOD
25.899937,7.327957,83.56632,1012.3589,-0.030081779,0.23554428,0.12455047,0.096477225,0.48194778,0.031958293,0.025645435,62.660065,23.756577,-0.0661052,7.7263455,0.4771101,0.013945977,0.070924066,0.0496188,0.104266375,-0.090569764,-0.06892732,0.77299577,0.12082644,-0.02711173,0.08755554,0.031117603,-0.006391965,0.9661323,0.91177505,63252.477,57.1198,3202.5776,567.02313,835.37317,586.9703,0.009559218,94.726814,713355.5,DOS-HTTP_FLOOD
37.62024,4.6274943,94.02528,8687.135,0.09160959,0.24111056,0.12012024,0.25600532,0.7474049,-0.003589905,-0.041295163,68.727936,21.590466,8.678833,11.750402,0.8839011,0.046935797,-0.0076380274,0.07096953,0.072589606,-0.02102657,0.05507817,1.0384245,-0.0852113,-0.0033378275,0.011199627,-0.023844741,-0.074896574,1.0134382,0.9857038,50809.56,61.963806,3075.8398,379.01468,681.46265,373.30835,0.00085553224,104.93025,631605.3,DOS-HTTP_FLOOD
38.211597,7.319179,73.88534,1813.6902,-0.025371317,0.4937918,0.19283551,0.044503357,0.5616976,-0.04254643,-0.026471056,61.814453,39.055,-0.15639736,18.476412,0.25723177,0.012836284,0.010978285,0.06517145,-0.07869199,-0.12213473,0.028600268,0.9802475,0.014796388,0.018325811,0.01059848,-0.037074305,0.017059822,0.97433716,0.9606618,43445.703,66.9862,2604.2585,518.7097,701.0773,507.3511,0.00024462087,105.59192,659638.44,DOS-HTTP_FLOOD
27.480423,7.4445915,76.13941,46.256348,-0.030419394,0.14880942,0.0421774,0.26763323,0.74355614,0.038547065,0.019348966,87.00635,14.736494,-0.18958452,3.068787,0.5308727,0.1007453,0.04963687,-0.013135003,0.021517728,-0.07420642,-0.102173656,0.85844994,0.118424505,-0.038494013,0.014941171,0.005567237,-0.022598933,1.0110159,0.9985384,87745.58,58.543945,3351.497,968.8459,935.6607,1019.45825,0.0006116432,107.65699,753825.2,DOS-HTTP_FLOOD
27.006348,9.439119,65.69114,5033.9004,-0.0043005124,0.47731885,-0.021715865,-0.015700717,0.17345996,-0.035361104,-0.016193964,25.528069,32.673588,0.5349529,2.6325715,0.19317073,0.010713992,0.060020372,0.046076305,0.01077996,0.0012961635,0.058262616,0.72776026,0.22345038,-0.01466817,0.015163651,-0.033709776,-0.016324004,1.0014851,0.95095086,29765.09,78.65354,416.9487,220.25851,87.81882,221.43536,0.00298773,92.60795,30577.729,DOS-HTTP_FLOOD
28.742699,6.239713,90.0752,1553.7786,-0.03021713,0.21128714,0.32435685,0.17099038,0.7792176,0.018278435,0.028952185,76.14543,20.830082,0.8295233,13.028092,0.3762344,0.027722934,0.005796002,0.045293704,0.043268964,-0.062273014,-0.016276577,0.9864284,0.025987316,-0.034064654,0.039732534,-0.01732508,-0.029067358,0.98366135,0.9376218,28361.639,60.10623,894.7054,137.40973,248.67404,168.51328,0.0008487239,94.03295,112855.234,DOS-HTTP_FLOOD
32.439384,6.7522907,65.00459,4378.0205,0.010998341,0.25094846,0.041470498,0.26590726,0.80760217,0.061102774,0.05381992,88.59359,23.275372,1.5244888,7.723394,0.54306185,0.17588936,-0.00023854431,0.021664474,0.03454698,-0.023216274,0.007168138,0.91442204,0.042172585,-0.028507153,0.061821535,-0.012878122,-0.030407686,0.9260043,0.89468354,58790.99,56.766464,2268.5178,510.84232,635.1169,492.3847,0.0036637867,105.58991,578364.0,DOS-HTTP_FLOOD
30.314344,5.5806293,77.85076,4362.566,0.011252741,0.18019591,0.22346577,0.38205072,0.82389355,-0.002472211,0.06772184,79.89962,16.433794,1.3536352,12.955969,0.62838066,0.042911097,0.009458665,0.0072224946,0.03014639,-0.0046442263,-0.051779307,1.0572579,-0.025945393,-0.014846085,0.020054923,0.007743793,-0.016275855,0.9434321,0.979172,51269.73,56.735725,2135.5771,436.83868,615.0144,425.81464,0.0011356906,96.2499,487984.4,DOS-HTTP_FLOOD
32.883232,5.320592,73.203896,1701.23,0.019468458,0.20636474,-0.042712547,0.35973227,0.83905786,0.0364058,0.038228054,84.53606,21.348848,1.891808,2.4814131,0.6965805,0.04480776,0.036348864,-0.0021454971,0.032420695,0.0112078,0.01223707,0.97202945,0.10138977,-0.003565317,-0.017306589,0.026619045,-0.059169944,0.98029876,0.958419,62676.44,59.85475,3652.1746,614.80975,832.44867,627.95404,0.0012925557,99.16085,625302.94,DOS-HTTP_FLOOD
30.707363,5.5893345,64.703636,144.54248,-0.0010754261,0.23287736,0.110270545,0.22542332,0.6710285,0.05252572,-0.0037082355,71.90524,23.57233,3.2999835,11.654944,0.76300275,0.0028470755,0.014920358,0.044306275,0.07189598,-0.002994733,0.05516863,0.9606348,0.0706581,-0.03585083,-0.009570785,-0.038279355,-0.0589891,1.0156182,0.9448564,65897.67,59.190643,4489.0444,545.9281,959.7262,550.08356,0.001633817,101.15463,862339.94,DOS-HTTP_FLOOD
31.5946,4.632029,79.54031,-312.30176,-0.005090274,0.14529379,0.11204731,0.23332031,0.73376745,0.019887054,0.0017063832,69.910706,12.084435,1.9661193,9.597561,0.6986591,0.14125405,0.057078265,0.022507071,0.04566217,-0.016742444,-0.048114397,0.9635366,0.0049883043,-0.03065066,0.00481286,-0.0191442,-0.030023087,1.0199468,0.98955095,80967.164,65.99489,3652.1765,804.1618,945.7387,779.8957,0.0039609955,100.87361,875286.1,DOS-HTTP_FLOOD
29.020367,6.645126,83.741684,1362.7661,-0.028452352,0.13587926,-0.056302357,0.37447014,0.69502825,0.03616031,0.020244911,78.15984,14.370736,1.1686966,0.96446073,0.41079402,0.11637502,0.044559307,0.009381318,0.053711735,-0.013111988,0.019529065,0.8218927,0.20272602,-0.0077566686,0.023675637,0.024873406,-0.025026198,0.9682179,0.91019917,59718.496,61.648224,2522.1973,508.3562,617.3359,521.5728,0.0055702454,96.69151,521522.7,DOS-HTTP_FLOOD
30.620266,7.2381706,65.32915,3034.8806,-0.025083613,0.33511055,0.09503744,0.2435865,0.6532935,0.041950256,-0.026429025,79.61028,33.40258,-0.089773804,8.816005,0.37442324,0.14104153,-0.040395144,0.051116608,0.036674358,-0.06724029,0.049340196,0.8427328,0.09221274,0.008243405,0.058680356,-0.071642935,-0.0458111,0.96905077,0.9197006,68280.97,57.865593,3479.161,576.7767,814.6543,597.6723,0.0010896472,112.56053,743420.94,DOS-HTTP_FLOOD
33.776646,5.6481843,63.463814,11640.011,-0.051432643,0.10154549,0.0564451,0.08144719,0.72327346,0.03153556,0.023955043,84.86418,8.068975,1.5614157,4.5945706,0.6918695,0.06635442,0.081338465,0.017749814,0.03662709,-0.030926552,0.039183825,0.9617057,-0.012109621,-0.055584904,-0.013152707,0.06815036,0.005092146,1.0166394,0.91860574,72432.625,65.35326,1883.7864,581.4189,557.3526,582.54346,0.00077430677,110.65184,533513.4,DOS-HTTP_FLOOD
23.715773,7.573779,63.56343,17281.955,0.026196629,0.13690253,-0.17100838,0.4640904,0.47295195,-0.00036069017,0.012567205,57.339443,9.127517,4.3001404,0.5346159,0.42346805,0.26662767,0.07827721,-0.020864608,0.031078959,0.04186904,-0.01858631,0.69755924,0.17346995,-0.009695127,0.10278619,-0.012124888,-0.05026398,0.9610188,0.9783215,46743.445,57.98194,1199.3115,368.26807,218.16925,377.76276,0.006546867,96.42984,128982.64,DOS-HTTP_FLOOD
37.912,4.1593575,60.08413,-677.71094,-0.011068842,0.28029534,0.16593608,0.23449503,0.850849,0.08075704,-0.009450357,72.81415,26.376171,2.9430056,10.925279,0.9450334,0.02099022,0.035650257,0.017634172,0.08258125,-0.02237345,-0.027651962,1.1399364,-0.14369883,-0.0403275,0.06865888,-0.08157488,-0.051262975,0.9415609,0.92825264,66192.336,64.246574,3230.314,671.40405,932.27106,676.2208,0.0023343586,97.90819,849268.5,DOS-HTTP_FLOOD
38.731903,4.3755207,81.629364,1535.8354,0.009624277,0.20887093,0.27020013,0.09355572,0.96070665,0.008081793,0.024529833,86.10204,15.266767,2.0938435,12.177336,0.6356548,0.10499542,0.02314834,0.0048079947,0.0079581365,0.0021589454,0.022522323,1.1591908,-0.08971339,-0.0066967923,-0.0118490085,-0.020479344,0.006623445,0.98082715,0.95780194,42303.605,65.74682,2255.145,304.10962,626.9429,313.45465,0.0010343905,97.59384,457256.2,DOS-HTTP_FLOOD
30.702858,7.622624,81.403564,54495.434,0.058615025,0.16416673,0.52334356,0.17502727,0.9313616,-0.031008262,0.028772306,97.21368,17.576815,1.6078204,19.31402,0.3972194,0.024520779,0.0005311845,0.041078493,0.05607378,-0.07479066,0.03176184,0.98534423,0.0049376665,0.048759803,0.031002287,-0.04105555,-0.049426854,1.0044523,1.0170926,37731.785,59.1563,2423.3003,434.01535,584.0338,383.02435,-0.00018096554,110.26576,470505.1,DOS-HTTP_FLOOD
38.105522,3.736985,71.1664,-2126.9233,0.030831635,0.36538187,0.18699756,0.18131755,0.9360102,0.056101266,0.028180055,81.56305,28.567982,3.4388256,10.300335,0.5257609,0.31371984,0.01883997,0.04246073,0.022329804,0.009596095,0.030549988,1.1357683,-0.10621578,-0.02005336,0.011099718,-0.046227336,-0.06877971,0.9637181,0.9562071,29239.053,62.34449,1632.0801,190.9627,385.91766,197.11778,0.0017267149,95.857574,278986.16,DOS-HTTP_FLOOD
21.70699,9.67472,67.91511,11683.359,0.030508969,0.15434442,-0.021030173,0.2883998,0.3414571,0.008155852,0.004772085,49.801723,15.752234,0.5847286,9.230948,0.3789193,-0.0030868773,0.0055106822,0.046538614,-0.007889307,-0.016927537,0.05048252,0.6031217,0.2804118,-0.035238992,0.06191306,0.03161779,-0.052644033,1.0201964,1.0052676,52319.105,58.689423,1703.9712,509.20688,435.89896,490.83923,0.004937365,95.10823,278799.22,DOS-HTTP_FLOOD
27.596079,6.594184,63.1397,2998.6377,-0.005776398,0.1630281,-0.060855877,0.2643214,0.68290883,0.026099473,0.070520855,79.81973,15.450192,2.4860642,2.115651,0.6240128,0.07325754,0.02251675,-0.012244977,0.03161795,0.005184994,0.01701056,0.82597804,0.117773764,-0.037137434,0.07235232,0.050262544,-0.050871037,0.9718236,0.93770176,51330.066,56.754425,2203.2588,479.43723,582.4383,473.11404,0.0057039876,97.27666,379106.0,DOS-HTTP_FLOOD
28.35981,6.0979295,67.43025,-1027.1211,-0.018903738,0.2159734,0.28336045,0.13589387,0.5392327,0.029098885,0.04565328,57.746452,20.625843,0.80767787,18.748787,0.50943685,0.06644674,0.006842497,0.013641322,-0.020892464,-0.03986784,-0.057439055,0.91806865,0.025251845,-0.015893232,0.058630556,-0.022700544,-0.053434983,0.9758004,0.98587036,38053.742,58.26794,2347.338,319.12598,605.7254,340.20734,0.0045993156,100.80467,402218.34,DOS-HTTP_FLOOD
32.279438,5.5082297,61.17473,12993.965,-0.01523323,0.19714959,-0.041574918,0.20756164,0.69750047,0.08083342,-0.06694633,72.94391,16.778208,1.3999611,7.364889,0.59791625,0.48408785,0.045547016,0.018178,0.033198364,-0.0042377994,-0.020249559,0.9601367,-0.056377057,-0.033635452,0.018063901,0.025321092,-0.011669592,0.9740809,0.95402795,97087.75,59.78111,3916.619,1206.2443,1049.5961,1226.3065,0.00046616042,107.48533,1.0851054e+06,DOS-HTTP_FLOOD
33.822273,5.407474,71.22074,-1699.1504,-0.038481772,0.16139828,0.14320014,0.0828966,0.83305806,-0.012422569,0.021063674,94.051056,15.248193,0.8762082,11.907814,0.43061826,0.028517572,0.09940355,0.05166808,0.13596268,-0.04875015,0.020024369,0.90076655,0.09594374,0.028802015,-0.011416526,-0.011609554,0.05373019,0.9781568,0.8521972,51113.87,117.94611,2226.1812,495.55954,613.31494,518.2113,0.008559091,91.59716,564240.1,DOS-HTTP_FLOOD
37.391495,4.349902,65.12506,9889.955,-0.018245295,0.44696411,0.040120773,0.05452744,0.5125219,0.08428526,-0.10069073,37.032696,32.733788,0.0581714,6.0961895,0.44561577,0.20272382,-0.0019513629,0.042430516,-0.008931355,-0.07065917,-0.027933367,0.97993225,-0.064990334,-0.061136544,-0.03932783,0.049052056,0.007154373,1.0240239,1.0272506,56637.77,74.02942,1857.9132,745.67346,594.3441,782.9093,-0.00014562775,89.49218,488899.9,DOS-HTTP_FLOOD
36.757694,5.4602213,64.72089,11582.426,0.005863756,0.30198947,-0.1184829,0.5159936,0.7966151,0.06323205,-0.006440133,80.35259,23.385635,3.630497,0.5846469,0.7554921,-0.008767366,0.026965152,0.02866448,0.002298816,-0.0002546562,0.13928384,1.0431873,-0.04648942,-0.05145153,-0.02801236,0.017296761,0.004128143,0.89923036,1.0047172,76034.21,64.797905,2424.4539,655.4332,754.0621,669.7863,0.00051823165,105.42007,1.1400421e+06,DOS-HTTP_FLOOD
28.404797,6.0444756,61.459824,1332.6431,-0.06146621,0.19034117,0.17538099,0.08956386,0.5865169,0.037130848,0.004684103,63.90905,18.241493,0.1457285,13.656893,0.5743842,0.13288899,0.012309024,0.014877543,0.022373773,-0.06506749,-0.016475802,0.92971194,0.028426388,-0.04911674,0.018776359,-0.05018236,-0.02565658,1.0084041,0.98333794,71482.984,59.221485,3123.4744,722.242,862.56244,722.5363,0.0007938761,100.34209,728872.4,DOS-HTTP_FLOOD
28.528666,7.223981,70.78196,24363.592,-0.058220435,0.28243467,0.59692585,0.064943366,0.5346385,0.013517365,0.046479624,54.165764,26.742428,-0.32316047,19.768272,0.2955342,-0.050193537,-0.03494148,0.03961798,0.010274638,-0.10444198,0.015983723,0.9986223,0.0036971008,-0.027904527,0.009684872,-0.018538287,-0.055640325,1.028588,0.992882,24309.676,59.032578,1349.6987,256.433,448.75046,259.00705,-0.0009237453,93.88503,265997.22,DOS-HTTP_FLOOD
34.66082,5.6903205,86.75292,734.9507,0.07759639,0.26248738,-0.058701456,0.03380021,0.6917112,0.03662265,0.03773888,65.080795,25.018593,8.953143,0.14209092,0.6553442,0.19785075,0.03231572,-0.0068114093,-0.041059982,-0.029306252,0.08327076,0.93603224,0.05726193,0.023716724,-0.013411106,0.038371652,-0.031538952,0.98997796,0.93892765,33870.777,70.72203,2575.9492,337.4269,522.34314,338.49362,0.0028289708,97.29689,272872.47,DOS-HTTP_FLOOD
35.00738,5.7782784,72.97445,2301.1582,-0.06354686,0.22023945,-0.018272128,0.25275695,0.76764566,-0.0086158905,-0.08499413,69.169785,21.361092,2.776237,5.5936613,0.44052345,0.42974088,0.019939609,0.06290918,0.0904368,-0.024382148,0.012327031,0.94066197,-0.040673926,-0.039178807,-0.013509506,0.02822198,-0.002787048,1.0217988,1.0166268,55930.676,151.26775,2144.7886,586.3899,467.6788,676.92596,0.0033194658,104.83488,273050.4,DOS-HTTP_FLOOD
30.058895,6.7688694,63.34026,2416.0046,-0.09955256,0.24790786,0.036989175,0.1377226,0.5174378,0.038990684,-0.040785864,57.681602,23.541908,1.4343998,10.424292,0.5923901,0.110196844,0.0207272,0.014452169,0.049287334,-0.022543548,-0.020565754,0.89901304,0.02383119,-0.089158,0.017821198,0.058606975,-0.016378114,0.9834933,0.98151416,81195.18,119.10255,2963.9644,1055.2568,828.6742,1112.9491,0.0010335344,108.11014,671662.94,DOS-HTTP_FLOOD
33.033886,5.56499,80.74973,-2025.1865,-0.045402966,0.14831258,0.19847983,0.049970664,0.5743212,-0.047151037,-0.030912904,61.996384,12.368011,3.507041,18.141327,0.70721495,0.008910667,0.07481802,-0.028487813,-0.011873365,-0.009055186,-0.0142092025,0.92238474,0.016023245,0.036829807,-0.021605669,-0.033384528,-0.0045500323,1.0273751,0.9894672,50822.777,90.191734,2524.6055,471.52197,706.0036,474.45624,0.005072712,100.75071,458738.0,DOS-HTTP_FLOOD
37.227196,6.040015,82.219086,3087.57,0.0030264258,0.24126537,0.2436269,0.15299302,1.0205243,0.03397311,0.039007872,100.42127,27.959171,-0.03977057,9.361122,0.6178792,0.0040224325,-0.010540675,0.02388158,0.0401061,-0.0054640463,0.012108198,1.0438616,0.027610822,0.038263112,-0.013236292,-0.07494179,0.00589964,0.9878868,0.94970167,51096.207,61.970757,2636.1995,597.8633,779.17346,611.96875,0.0025250053,98.65751,622263.8,DOS-HTTP_FLOOD
29.288338,8.1474085,67.87331,3674.7146,-0.000532642,0.18874739,0.10921042,0.058252133,0.52618283,0.06584574,-0.025825534,69.5455,20.546722,0.36938298,16.94195,0.65075123,0.012201161,0.009014689,0.053039026,0.060354277,-0.049966276,-0.0012364192,0.8427048,0.08240137,-0.01502076,-0.013268406,0.03667845,-0.026241481,1.0193721,0.9903513,86073.6,64.41531,3094.768,988.7639,841.9329,961.8184,0.0004236814,104.85475,765888.8,DOS-HTTP_FLOOD
31.088188,6.7808504,68.26773,7471.9365,0.034831833,0.23780797,0.0693231,0.1516699,0.46584737,0.04501541,-0.027537443,58.450905,24.164776,5.340084,18.08732,0.7381892,0.14888982,-0.009036622,0.028735565,0.014275296,-0.049565107,0.019153276,0.9055488,0.055931043,0.006397858,0.02508108,-0.008410634,-0.04357113,0.9797201,0.97915506,69852.17,59.483185,3962.288,650.20557,941.7845,629.793,0.0009838192,106.592766,844118.1,DOS-HTTP_FLOOD
31.215069,6.442735,69.058395,60761.383,-0.0011019222,0.21907654,-0.06989512,0.16103502,0.7172777,0.0668064,0.0036735274,76.19728,20.04755,2.0254562,0.3850535,0.54296446,0.10692841,0.024306577,0.04524708,-0.0014299201,-0.012956308,0.031105902,0.89484155,0.06904929,-0.025179632,-0.06619141,0.010378486,-0.0618867,1.0250432,0.9724724,71726.09,60.66974,2014.5786,654.9951,585.66565,659.3342,0.00012025931,103.1337,534096.9,DOS-HTTP_FLOOD
35.195084,5.980473,96.815506,21561.16,-0.059187483,0.43990955,0.26247862,0.33727324,0.76581216,0.056132533,0.030357717,75.12128,37.46164,1.4015908,15.486308,0.5299951,0.014652125,0.007913549,0.0026996387,0.033239856,-0.05163001,-0.069046915,1.0618165,-0.05247043,0.057209082,0.0728848,-0.024646131,-0.060975257,0.959611,0.98158896,46513.227,56.788315,3187.988,487.04514,781.32635,505.4499,-0.00043863046,107.59671,576128.7,DOS-HTTP_FLOOD
30.80238,6.5575414,67.43515,98741.805,0.113462806,0.09159166,0.20300119,0.1396705,0.6304925,0.013830527,-0.043220557,72.64007,7.7705817,2.9975417,14.288094,0.882944,-0.0752772,0.061288573,0.009802993,0.013013819,0.011933026,0.0038677827,0.89551854,0.038792398,0.010815501,-0.08121618,0.033807676,-0.03410442,1.0512391,0.96749717,87492.45,63.920364,2918.1465,862.0898,784.7597,827.24506,0.00018232322,112.028366,665015.4,DOS-HTTP_FLOOD
30.209892,8.213175,65.48234,22444.53,-0.06938357,0.24670473,0.199882,0.004933696,0.49891558,-0.04290259,-0.076893516,48.383373,25.956688,-0.010651656,11.782515,0.3869565,-0.017408552,0.0295339,0.068213396,0.038678333,-0.0043580006,0.025934009,0.86023855,0.07312123,-0.05421676,-0.011320013,-0.015258059,-0.01887604,1.021769,0.9361618,44948.895,149.18011,1340.5277,542.3826,425.3712,547.3885,-5.434845e-05,95.32071,278349.62,DOS-HTTP_FLOOD
28.93817,7.4841733,63.41849,11696.184,-0.115954764,0.24046052,0.307916,0.109015726,0.48174635,0.0001681986,0.045023553,65.49494,29.63007,-0.26544374,19.86511,0.46641636,0.0026918764,-0.100000285,0.04299449,0.10246186,-0.14741434,0.1266154,0.9302352,0.03883485,-0.06003181,0.061661527,0.04917094,-0.048755888,1.0527838,0.9791627,50378.465,61.001556,3310.9868,648.954,870.30164,626.90063,8.137035e-05,105.95855,890767.8,DOS-HTTP_FLOOD
33.44261,5.691576,61.660843,6303.8843,0.0075962204,0.19223262,-0.026067289,0.28448343,0.927694,0.01604456,0.07415594,90.56859,18.389402,4.155606,3.5646822,0.6524235,0.16289188,0.03673516,0.006084889,0.023194566,0.006855475,-0.020661939,1.0196669,-0.034559123,-0.021896124,0.0152699165,-0.0138489455,-0.060072582,0.96573347,0.91841495,62829.906,59.035065,2277.4585,581.0301,696.1331,577.79193,-0.0004013111,96.66268,558341.6,DOS-HTTP_FLOOD
36.624977,6.0375695,80.41789,28881.867,0.036990386,0.20537937,0.11846316,0.18354438,0.96909326,-0.0033564714,0.032112792,103.874275,22.325989,2.0638573,8.215754,0.59855175,0.046960924,0.046634488,0.012988437,0.029612623,-0.039028175,0.006858683,1.0051427,0.015393791,0.0030260137,0.044429295,-0.064871,0.008829277,0.9754282,0.9149259,57375.676,61.521194,2596.2954,548.13885,674.0604,525.9049,0.00072338193,108.27167,600861.6,DOS-HTTP_FLOOD
28.877167,6.1561146,66.60033,5557.4624,-0.001145713,0.16226445,0.38883,0.13460511,0.7018131,0.026033219,0.025728602,74.578514,16.804966,0.09418548,19.53684,0.50631034,0.0059373803,0.0019190134,-0.004036771,0.016511336,-0.0019555748,0.015110999,0.91801625,0.021557974,0.010768106,-0.04156105,0.010469057,-0.026395751,1.0267444,1.0439559,36432.39,59.98568,1863.064,476.86478,572.9407,479.69922,-7.429968e-05,101.07189,353740.6,DOS-HTTP_FLOOD
26.185076,7.097747,65.07111,1801.5232,0.01722076,0.1797153,0.0242725,0.2662904,0.6222312,0.02280323,0.009589921,62.48228,18.040308,3.534102,4.85429,0.49473977,0.19550501,0.017165998,-0.015755381,-0.022069901,-0.0037837797,-0.023947375,0.7999121,0.1617106,-0.018468514,0.009043409,-0.021766756,-0.032903578,1.0293074,0.99916023,43000.11,58.20162,2289.6785,435.2644,554.7411,470.89395,0.0011660752,88.25563,302941.53,DOS-HTTP_FLOOD
38.385277,5.7888007,74.077415,12926.895,-0.025656153,0.4094084,0.082864046,0.048698425,0.6357473,-0.09074267,-0.121349365,59.092613,35.899635,-0.31374055,11.97085,0.330644,0.040779795,0.11906998,0.102251604,-0.002104002,-0.04345983,0.03695907,0.9757954,0.023102948,0.009125577,0.002285638,-0.004070839,0.04678143,0.9338245,0.86893463,40862.23,89.26425,1793.4781,616.62683,561.73456,493.32327,0.00036483904,101.012146,417247.72,DOS-HTTP_FLOOD
26.13432,4.7588,52.064133,5536.5063,-0.09099479,0.07902182,0.10854481,0.109406345,0.6367492,0.012453097,0.019407853,71.88816,6.0689635,0.2441095,5.010518,0.75587577,-0.062529914,-0.0022933027,-0.016904838,0.035298806,0.014946062,0.048368197,0.90720356,-0.0038016287,-0.04491838,0.051352985,0.0026869122,-0.07102491,0.97534883,0.8678619,84060.734,57.987972,2526.07,864.06055,793.29285,852.90424,0.00083534996,99.11732,795961.2,DOS-HTTP_FLOOD
27.32849,8.165241,69.90027,4846.698,0.08840896,0.09557027,0.14357118,0.15542157,0.64096135,0.029448833,0.003999977,71.210945,9.63121,5.3306055,10.074195,0.7238636,0.013514044,-0.010547018,0.011987201,0.014718363,-0.034281306,0.02627585,0.8512666,0.12783203,-0.036282767,-0.04222086,0.009000328,-0.021209253,1.0454701,0.9759424,68302.586,57.861122,3130.9106,653.9255,794.75446,626.27997,0.00051231694,96.320206,648387.4,DOS-HTTP_FLOOD
25.752861,8.518097,65.42501,10931.841,0.020336945,0.22246008,0.3438939,0.11822261,0.6403394,0.06478153,0.061064675,73.053856,28.194618,0.27293804,16.304802,0.25193846,0.026775528,-0.022570077,0.03456784,0.029045448,-0.0418112,-0.01752252,0.80198455,0.14190213,0.008173896,0.06449556,-0.05673532,-0.074245945,0.9904105,0.9728282,21229.283,57.09492,1209.39,172.09352,271.29965,178.78415,0.0003867394,91.82107,105099.484,DOS-HTTP_FLOOD
29.35706,5.3163667,62.36007,-2529.2637,-0.030096356,0.20923832,0.04664537,0.16506147,0.6533915,0.039218478,0.02139994,56.971573,19.428776,1.775394,6.2392907,0.22255045,0.7054396,0.06778524,0.019428007,0.025916426,-0.032742415,-0.04808756,0.8827608,0.025657097,-0.014333399,0.06927978,0.022574356,0.03449082,0.95687926,0.916451,35692.008,62.148254,1324.8317,255.68713,368.27808,250.5409,0.00815544,92.93785,192320.1,DOS-HTTP_FLOOD
29.513752,5.477734,56.76283,1745.1091,-0.13649917,0.21300273,-0.025376035,0.3066419,0.7565781,0.106003374,-0.034012318,94.90611,24.061302,0.9234253,9.781362,0.6170087,0.089156106,-0.025956584,-0.048400886,0.13492145,-0.05225643,0.065500565,0.84419495,0.09065472,0.049967587,0.051602717,0.032901585,-0.009074685,0.94661516,0.8587713,91739.06,58.603413,4548.7593,883.7429,1037.8965,822.8691,0.0077925664,109.52935,1.03047725e+06,DOS-HTTP_FLOOD
38.98058,3.4814591,65.321465,618.78564,0.016341425,0.35359916,0.068958074,0.38337085,0.9335346,0.047992162,-0.011469348,81.85901,31.535242,3.5426235,10.8011055,0.72342944,0.16989313,0.024900664,-0.026089694,0.01827511,0.058238946,0.08864431,1.1311682,-0.0967126,0.037102282,0.020977305,0.005450994,0.048396714,0.90329015,0.9686457,40201.902,61.039677,2539.2468,369.98694,646.7381,344.5307,0.0052680257,99.167564,562250.7,DOS-HTTP_FLOOD
29.650341,6.640424,66.43783,-2091.1997,-0.029898953,0.17015284,0.059865028,0.2243227,0.79451716,0.16369352,-0.035808012,96.87492,14.62602,0.33979896,3.3293066,0.77520156,0.027155047,-0.02053431,-0.027477855,0.06511752,-0.043703746,0.09197999,0.9118611,0.02177049,-0.036864173,-0.045624714,0.0033659255,-0.04615347,0.88330096,0.9460627,124155.125,59.47255,5353.5903,1215.8745,1362.3494,1151.7144,0.0032208266,120.938416,1.6144058e+06,DOS-HTTP_FLOOD
27.672207,7.581629,83.07107,1237.168,0.0052665174,0.14833312,-0.018394945,0.13133048,0.6527761,-0.029563287,0.0010359427,62.126686,13.689939,2.933122,2.4225035,0.5731613,0.048751537,0.020299118,0.018448263,-0.01177763,-0.04837478,0.00648601,0.77790505,0.11843881,-0.038119517,-0.007367818,0.045132197,-0.07044727,1.0051738,0.97284526,47521.19,59.89257,1469.4005,351.17474,368.81845,387.48813,0.00077752833,94.5924,201836.2,DOS-HTTP_FLOOD
31.252138,9.411686,82.314026,16384.203,0.114493825,0.25788203,0.02598973,0.085404314,0.89201105,-0.001231521,0.04643308,105.209,27.06748,5.3260155,4.5913606,0.68046635,0.17726701,-0.07205173,-0.010966229,-0.12153748,-0.07117076,-0.1250648,0.906172,0.009295501,-0.058114998,0.068036236,-0.036172792,-0.005900329,0.9227826,1.0260097,75291.516,54.796844,2585.03,687.76434,686.04333,747.50775,0.0017095493,130.00891,533626.5,DOS-HTTP_FLOOD
25.439125,7.5735755,60.873783,14981.525,-0.013056321,0.147601,0.10444861,0.13893853,0.44925717,0.05256238,-0.025938435,58.218624,13.545252,1.1344637,10.269832,0.7257153,-0.023915915,0.012727034,0.025587726,0.070523486,0.0014739344,-0.006626807,0.8177967,0.11564382,-0.045250464,0.024827981,0.021069592,-0.046406716,1.0118138,0.970993,97223.7,59.25238,3518.1826,1085.5175,1038.2383,1070.3263,-2.9703675e-05,102.988106,1.1775456e+06,DOS-HTTP_FLOOD
30.540497,7.4648113,71.520615,1786.6733,-0.026875224,0.34369722,0.045483053,0.13892502,0.6236241,0.019706057,-0.03805892,68.970375,34.724922,0.33517554,6.321225,0.21091643,0.511282,0.047691967,0.053855795,0.026694385,-0.039675478,-0.047674403,0.8677319,0.12508687,-0.041511334,0.040474467,-0.024213552,-0.04736233,0.9749097,0.9772249,64998.36,58.4883,2842.1843,704.2774,809.239,724.39496,0.0018462635,105.78295,755457.5,DOS-HTTP_FLOOD
31.042482,6.849131,97.20748,1444.7952,-0.03192989,0.16858192,0.15597263,0.012198425,0.71225256,-0.014263822,0.029669821,78.78223,18.462524,0.5543832,10.632444,0.21839343,0.33999598,0.105662756,0.048448518,0.051929243,-0.100121215,0.015000895,0.90809,0.13993523,-0.0023183553,0.005709969,-0.030971738,0.004458977,0.9633365,0.92782974,35948.08,59.95638,2275.3892,301.07025,535.63794,279.47693,0.0047610374,96.042244,354481.62,DOS-HTTP_FLOOD
34.76989,5.520516,81.66104,2187.7568,-0.035024744,0.18870069,-0.10700664,0.5581631,0.8592015,0.025866609,-0.03708446,80.5604,15.095547,0.51098055,1.0923036,0.47955737,0.4252381,0.05194958,0.065772265,0.023892943,0.0069096545,0.037560906,0.9651303,-0.015459114,-0.04912713,-0.03939426,0.017176945,-0.07553744,0.98038703,1.0185277,88762.19,63.656044,3254.2966,894.9726,945.23926,918.5789,0.0019884189,110.58667,1.1260281e+06,DOS-HTTP_FLOOD
28.880074,6.627799,63.47133,4213.3105,-0.036532056,0.17359939,0.16729507,0.08847476,0.56957614,0.075888425,-0.026853811,64.226074,17.67237,0.47885713,17.883385,0.6920804,0.0060086115,-0.028391056,-0.006702603,-0.007447642,-0.04146953,-0.007431707,0.9157005,0.02353032,-0.043008666,-0.037541516,0.03330129,-0.02076234,1.0121429,1.0026398,63648.066,63.18496,2333.9062,813.42303,712.6458,800.4227,-9.195965e-05,97.17925,503556.3,DOS-HTTP_FLOOD
25.954475,6.404554,61.9758,222.83936,-0.03787243,0.18427116,0.08165163,0.2830938,0.56596833,0.034151234,0.022934517,61.950928,17.015173,0.94898105,7.47112,0.515329,0.050457634,0.022666166,0.01862068,0.009403419,-0.012689085,-0.007924055,0.81455004,0.091182046,-0.033715814,0.07990458,0.019362973,-0.020500675,0.94302094,0.9225427,45318.656,57.911003,2012.4674,355.0445,524.32086,347.703,0.008534958,92.174515,341049.03,DOS-HTTP_FLOOD
31.790012,5.3753304,65.90248,2294.1533,-0.07051206,0.27267882,0.13906287,0.089375496,0.6505333,0.007689437,-0.025774933,62.691357,27.226934,-0.29270643,11.780251,0.6677691,0.002198712,-0.03055131,0.017213484,0.052452706,-0.048517235,-0.027879212,1.0061024,-0.008804468,-0.0713095,-0.032870937,0.009639574,-0.017492004,1.0290582,1.0029132,75591.79,60.375896,2432.7424,1033.4313,767.03125,1059.2771,0.00038184057,94.60104,640682.5,DOS-HTTP_FLOOD
35.576836,7.5473795,72.18048,46948.285,0.07393313,0.33033162,-0.03895077,0.1410163,0.8378088,-0.01555624,0.07551612,90.781975,31.750164,2.497315,3.396546,0.7480317,0.0040092003,-0.021846429,0.0143193845,0.044256613,-0.019926058,-0.13582131,0.9878739,-0.01870969,-0.037958696,0.008706985,-0.12360751,-0.058287546,0.9398792,1.0391856,68766.91,57.150787,2864.5247,627.6244,761.9767,589.3388,-0.0011968852,103.69342,697490.25,DOS-HTTP_FLOOD
35.468887,3.274866,68.89654,2277.8157,-0.013679711,0.2555388,-0.05019976,0.4026444,0.7070319,0.020457534,0.0419375,78.19145,22.442894,2.4910946,4.815304,0.62284344,0.0425576,0.110609464,0.08446792,0.09389259,0.01930341,0.08069527,0.9205261,0.10435138,-0.063702814,0.0074489624,0.02649327,0.021426171,0.89911735,0.9067807,54402.914,64.91817,3172.8801,418.30026,634.2649,375.77737,0.010779958,103.59491,776400.3,DOS-HTTP_FLOOD
35.628216,4.784875,63.74954,20604.432,0.09566169,0.25355422,0.08930039,0.10152652,1.0167884,-0.0076484396,0.06783367,104.94507,27.518156,1.2962716,0.02790168,0.5918232,-0.09086179,0.031751037,-0.0014147162,0.00455393,0.066785395,-0.07072269,0.9893012,0.04326601,0.026726566,0.037345964,-0.09811665,-0.044379078,0.96641535,0.90492284,32488.549,61.247814,1867.3949,335.04843,511.94418,343.23163,0.004018814,101.11042,344877.78,DOS-HTTP_FLOOD
32.18576,6.364853,63.343395,-896.31934,-0.030541722,0.23937845,0.0073151914,0.26853096,0.7355494,0.06099727,-0.00541738,76.51061,24.403343,2.006518,4.5478163,0.7954389,0.048373695,0.039483663,0.018705973,0.042164803,-0.018365039,-0.0005320832,0.9574647,0.0345185,0.0076071797,0.017759716,-0.0049481913,-0.052902296,0.9389897,0.93576515,76334.34,60.507885,4061.1611,741.1818,1001.0876,751.2833,0.0034675621,102.95797,906501.4,DOS-HTTP_FLOOD
31.394531,4.083454,52.83913,8.444336,-0.14522856,0.2270162,-0.028361082,0.21892641,0.612292,0.12805699,-0.021023603,63.590595,18.75828,2.7457433,13.421216,0.57044995,0.34625527,0.011672768,0.005839877,0.12898868,-0.09654793,0.0509847,0.9388329,-0.003544863,-0.06414715,0.121203326,0.035325058,0.008359634,0.89379,0.8375954,57357.14,71.31097,2270.6338,590.2121,700.0912,590.75726,0.00698126,90.20411,796474.75,DOS-HTTP_FLOOD
31.063862,5.8133526,55.23378,-2272.1675,0.012675812,0.18342955,0.085692465,0.14489692,0.54044527,0.13823804,-0.025807906,64.2082,16.80136,8.543033,9.906542,0.7060194,0.001887956,0.030724423,0.03625113,0.113929324,-0.0019440427,0.07953678,0.848571,0.028191578,-0.04953581,0.04531292,0.044666298,-0.060749892,0.93921864,0.90357876,75820.06,72.41581,2820.8545,749.17255,851.9597,775.8121,0.0012879238,103.01523,1.1149086e+06,DOS-HTTP_FLOOD
31.568504,5.954219,96.03869,-193.94922,0.028821371,0.19191504,0.13744769,0.18885736,0.8026735,-0.028945807,0.036113236,86.280846,19.973705,5.507276,14.5499115,0.61663383,0.082876205,0.051853735,-0.0107153915,-0.019827366,-0.05369038,-0.012879705,0.91994715,0.07552772,0.01304106,0.030870557,0.0003215624,0.016718075,0.9692374,0.9173668,37011.74,59.9555,2711.1794,392.01465,656.10706,363.12094,0.007978212,100.86674,422361.8,DOS-HTTP_FLOOD
27.346992,8.654099,61.238033,5702.6855,-0.09731367,0.07143258,-0.0023574848,0.006989134,0.524071,0.07186715,-0.020311093,51.26458,4.730683,0.26196492,0.3881998,0.5128067,0.049282584,0.03707088,-0.08682556,0.06813465,-0.007528709,-0.09034131,0.63816077,0.07052437,-0.041707873,-0.022247523,0.04792031,0.061280612,1.0531409,1.0051827,78552.37,178.81392,2150.331,1144.4252,530.1994,1199.9209,-5.7917685e-05,93.47612,461745.72,DOS-HTTP_FLOOD
29.600132,6.1947193,60.3093,5803.795,-0.029192891,0.26059943,0.24214564,0.1039665,0.45430297,0.043079354,0.010508547,49.87712,21.204786,0.15749066,17.127249,0.53540623,0.027606372,-0.0048928754,0.07565302,-0.030472772,-0.06963457,0.020293117,0.8946066,0.006381264,-0.07708082,0.039410237,0.02087666,-0.012490823,1.0166756,0.9426399,54984.492,59.993553,2075.0469,484.3424,613.4429,521.5583,0.0003662204,96.77198,619429.44,DOS-HTTP_FLOOD
30.747066,6.313811,83.07868,7450.9033,0.029006612,0.27515852,0.3274032,0.15443903,0.6892472,0.04513109,0.06502372,75.8114,26.592083,0.7567668,18.558231,0.47326016,0.042899866,-0.0099810995,0.036105003,0.02400731,-0.032963537,0.00097258016,0.9493392,-0.0035469641,-0.033909835,0.029033594,0.025301095,-0.049367927,0.97849756,0.96088874,38088.164,58.96161,1533.0286,316.60287,453.3873,300.85132,0.00056124467,106.15031,297877.3,DOS-HTTP_FLOOD
27.680061,6.978128,70.33214,-10186.18,0.008877869,0.22267869,0.1910927,0.19216664,0.5559292,0.07929936,0.096929714,57.49215,20.555077,7.3084536,14.905918,0.60400474,0.079670556,0.013627399,-0.011519868,0.018433714,-0.044315234,0.0017290516,0.8194013,0.053975787,-0.039434973,0.1604824,0.02494397,-0.083705075,0.98625475,0.97536814,46945.125,59.99538,1901.6157,325.0092,500.36777,318.6812,0.00557516,102.67434,335238.75,DOS-HTTP_FLOOD
31.520195,5.740826,65.5073,5743.709,-0.075195596,0.22160998,0.0555283,0.22969964,0.6491328,0.038473133,-0.047670785,59.33925,19.690285,0.6670094,9.468573,0.46220732,0.3221543,-0.029825747,0.025435235,0.0044950517,-0.07255394,0.0024370523,0.9668013,0.0019108952,-0.06325848,-0.029143482,0.03789336,-0.0072680316,1.0193006,0.9574514,61532.477,67.42177,1752.9717,617.42426,612.44995,629.6365,0.0003653998,95.04056,451838.66,DOS-HTTP_FLOOD
29.92635,5.825179,81.66312,-41.986816,-0.017429084,0.21996091,0.06475221,0.3028514,0.69638324,0.05549886,0.047221076,67.51995,21.394295,1.4680552,4.970624,0.46080753,0.0941793,0.04099007,0.008112573,0.017858809,-0.022762844,-0.0030809455,0.90785027,0.07081218,-0.0034659333,0.036259383,-0.00668664,-0.045534674,0.9533879,0.9346184,33327.754,58.58022,1797.9,214.54265,371.34677,213.64136,0.009620751,90.46429,211164.02,DOS-HTTP_FLOOD
27.661495,5.8959045,89.12349,-3027.9375,0.054343402,0.076480344,0.056260783,0.32677686,0.70493054,0.04806168,0.035569318,74.10963,5.9293356,3.427986,5.555158,0.41419023,0.16358998,0.0961038,-0.024517218,-0.02092488,-0.02528343,-0.023587933,0.80058,0.18108663,-0.04025364,0.058964934,0.002419767,0.043881208,0.9205041,0.9412655,47812.105,61.202007,2607.5542,411.9833,614.86316,372.56082,0.013623348,91.166855,400242.72,DOS-HTTP_FLOOD
35.43598,5.5614214,100.53895,-1460.416,-0.073910356,0.23556243,-0.11178848,0.065294184,0.95351195,-0.010406489,-0.024063397,93.06899,23.397055,4.257881,0.5529474,0.24108215,0.7722002,0.095746145,-0.024373626,0.06049693,-0.08508631,-0.023949565,1.0371028,-0.046356995,0.05244658,0.017395863,0.01820656,-0.016184166,0.9597708,1.016517,76188.305,148.03061,3276.2668,978.9013,741.3318,1098.4778,0.0021428233,112.59821,560219.9,DOS-HTTP_FLOOD
30.463516,7.825607,63.96528,2867.3828,-0.09140538,0.17277212,0.13491067,0.11975276,0.48098665,0.0606206,-0.034135263,57.0381,18.155228,0.48173553,17.959251,0.6189231,0.1693317,-0.0052813813,-0.0033195084,-0.0007139426,-0.10604397,-0.0017433101,0.8723357,0.03099133,-0.02764432,-0.03378024,0.016249657,0.023820808,1.0110813,0.9751754,73930.49,65.90926,2440.177,794.4682,771.8085,816.37506,0.00057435484,100.11544,631406.7,DOS-HTTP_FLOOD
29.01981,6.3636036,60.44751,35430.758,-0.11211038,0.21143405,0.11937283,0.055783834,0.7176721,0.12705503,-0.077369206,76.515495,20.418533,1.673073,5.817039,0.41599706,0.26444313,-0.02875902,0.013243632,0.054577384,-0.05702246,0.04815526,0.87564766,0.010800819,-0.029605418,-0.014436252,0.078926116,0.018470984,1.033069,0.9533108,53504.26,123.07073,1323.766,596.40533,400.87186,548.83276,-0.0003489576,96.7615,259522.03,DOS-HTTP_FLOOD
36.59043,4.2958784,63.88668,-1447.7427,-0.032249,0.42223436,0.1069642,0.31153193,0.6841864,0.031382576,0.030586034,66.0261,35.530403,3.6650083,16.145836,0.39595318,0.32101047,-0.017917622,0.004801159,0.0011868495,0.0050560245,-0.006535952,0.99258524,-0.11265127,0.002896816,0.054380193,0.03410675,-0.007653208,0.9355049,1.0007746,39095.8,93.63614,1445.8839,255.43753,338.29297,277.83533,0.0021337555,116.93645,201005.4,DOS-HTTP_FLOOD
30.57819,5.8181415,64.313675,683.0454,0.019349739,0.17485817,-0.052016098,0.18428959,0.6409379,0.05899284,-0.042047147,76.78253,16.727985,2.4724934,3.8997672,0.75494075,0.058147956,0.07631707,0.058346264,0.06995568,-0.031620707,0.03701114,0.862415,0.056262378,-0.03266813,0.04614463,0.050736874,-0.023971925,0.98525286,0.9385605,95995.27,60.32642,5254.4155,777.8286,1040.0508,827.1872,0.0020948816,120.37907,1.0129121e+06,DOS-HTTP_FLOOD
33.406857,4.646175,67.70718,260.25146,-0.0075265574,0.25067973,0.22473034,0.21304849,0.87611717,0.04938286,0.009790944,79.941025,20.100801,0.3398888,10.228219,0.5495975,0.035209846,0.0075655053,0.037307642,0.040902194,-0.004686478,0.015437171,1.050407,-0.045186613,-0.0067454064,0.0017683546,-0.06181582,-0.024011878,0.9630728,0.93411034,33978.914,60.63523,1582.9767,205.90543,467.46808,238.03494,0.0059292484,93.304634,319797.4,DOS-HTTP_FLOOD
33.584766,6.0995584,70.147736,5033.107,-0.017801322,0.19559431,0.20578055,0.20157745,0.78487384,0.0330577,0.04230727,81.48848,19.238714,-0.12236065,13.817849,0.5956044,0.021379473,0.013429869,0.0652148,0.05980924,-0.031970255,0.014458632,0.98214614,0.00045591968,-0.0642112,0.008429778,-0.018918373,0.008694612,1.0209683,0.93928653,52425.5,60.103302,2512.2434,419.41534,666.07715,429.91296,0.00057584984,103.40091,547874.3,DOS-HTTP_FLOOD
30.638248,8.341365,67.672295,-3495.7124,-0.06343384,0.33173332,0.0963193,0.20864283,0.45205095,0.10033581,0.08881808,58.740654,29.9684,3.440238,8.407284,0.28419572,0.4898201,-0.051479597,-0.053038374,-0.030273575,0.0036508776,0.04493112,0.82873446,0.06503435,-0.04727585,0.1041571,0.039542656,-0.03539225,1.0233591,0.9786413,47957.41,62.848488,1316.069,340.69046,288.9559,415.8962,0.0021554283,107.45675,160612.03,DOS-HTTP_FLOOD
32.7611,8.297188,78.51598,11031.354,-0.03749114,0.26981026,0.08912257,0.13366152,0.69903755,0.007984046,-0.039073583,86.63637,30.77929,0.2500738,8.090794,0.41248336,0.053122293,-0.04831701,0.06552882,0.035364147,-0.10090804,0.032004345,0.8083861,0.14615202,-0.00911695,0.01368857,-0.053408686,-0.021139357,1.0518738,0.97740346,78728.44,60.43083,3189.23,657.5497,732.436,631.8729,0.00040616843,110.51782,770282.2,DOS-HTTP_FLOOD
33.72102,6.0750475,73.64467,4860.8013,-0.083377644,0.14953165,0.011828047,0.083146945,0.77672094,0.11578785,0.0053990865,83.68612,13.147337,2.2391753,0.25116202,0.5461682,0.32473695,0.07898886,0.023519631,0.08635167,-0.09432048,0.07337956,0.9597995,0.0031062549,-0.043679647,-0.088248566,0.07889333,0.0092009725,1.0240201,0.9513323,77825.266,101.165115,2164.8994,734.7311,663.7569,731.12494,0.0001819444,108.27506,476611.16,DOS-HTTP_FLOOD
19.24212,9.276547,61.621223,-4047.483,0.03863934,0.048963793,0.10881278,0.09185494,0.24363135,0.010835043,-0.0062907743,52.490353,4.6958747,2.804823,15.272822,0.614197,-0.03369598,0.036312893,0.0013852539,0.09270352,-0.074016444,-0.049781524,0.5972388,0.30069417,0.036538195,0.15395185,-0.0027750293,0.004665684,1.0186859,0.90896606,84528.414,58.16034,4267.0464,816.14526,999.6048,817.2927,0.011965891,97.53121,843081.56,DOS-HTTP_FLOOD
38.000763,4.40847,64.43682,1462.2109,0.04923698,0.120994546,-0.0507367,0.2919138,1.0380632,0.075043984,0.05394873,97.21903,9.775822,5.8248477,0.36873913,0.75413644,0.33995295,0.061676722,-0.027762983,0.06918143,-0.019198803,0.015729928,1.1135923,-0.060705952,-0.05479366,-0.017637433,-0.014686223,-0.022219447,0.9904698,0.9693831,73535.6,68.089935,2923.482,741.76013,841.79175,760.4358,0.0006385795,106.823975,714031.4,DOS-HTTP_FLOOD
28.837517,8.667984,76.727905,-4820.3384,0.034137823,0.28136778,0.0698106,0.16085057,0.6501435,0.10957992,0.06307525,79.96919,29.486292,6.7541523,7.284517,0.68363637,0.071182966,0.04239818,-0.015947806,-0.029480329,-0.06481581,-0.07915908,0.8375169,0.12245656,-0.05196074,0.06792963,0.039178733,-0.08675218,0.9492504,0.9474938,45264.344,55.20309,2462.604,369.6846,587.98096,422.46896,0.0066697192,103.08088,374675.34,DOS-HTTP_FLOOD
30.506336,4.395342,55.492756,126337.88,0.01805212,0.061876178,0.06427419,0.08781502,0.962798,0.060977716,-0.052611344,107.04484,3.3980408,1.8279102,0.7466722,0.48785582,0.06320161,0.06832554,-0.03873127,-0.01652388,0.023488475,-0.044403575,0.8631914,0.06446692,-0.0044075376,0.08786349,-0.015419066,-0.023329508,1.0155629,0.96327686,46964.22,59.697395,1878.1,439.4753,471.47278,416.24042,0.00036376802,112.21735,291844.53,DOS-HTTP_FLOOD
27.579874,7.636894,64.627365,5392.6313,-0.021253388,0.15000604,0.021981578,0.21808742,0.5687106,0.052009966,-0.04107168,69.916695,13.945675,0.6806118,5.150449,0.49389243,0.17593434,-0.025301678,0.040965393,0.045210868,-0.03624568,0.022226712,0.7931582,0.13950677,-0.05623706,0.0049273274,0.023449713,-0.021985322,1.0607085,0.9874782,79862.48,61.139034,2814.6765,665.7839,680.1881,673.0718,0.00046867007,103.357285,638882.94,DOS-HTTP_FLOOD
29.98988,7.5346346,71.688095,74093.12,-0.039512865,0.14159766,0.009212824,0.09612756,0.7227778,0.012542611,0.047748968,83.02078,16.663523,-0.2893848,0.4637977,0.42967722,0.022880523,0.042574126,0.026014827,0.059907768,-0.06956385,-0.028712522,0.8402941,0.112840794,-0.02819447,-0.029822905,-0.008907918,-0.04652029,1.0152503,0.91642964,65779.44,60.69214,2234.0562,582.7802,633.10846,608.79443,0.0006182393,110.31359,505756.62,DOS-HTTP_FLOOD
30.267551,7.2994165,72.57321,-717.2554,0.032302678,0.37472472,-0.009202292,0.120776534,0.6991868,0.06081883,0.071010254,96.52792,35.98595,2.403053,1.2216088,0.5216049,-0.034937635,-0.02980306,-0.018911347,0.0039214175,0.0331568,0.0399113,0.7745728,0.1300701,0.0041955174,0.09092809,-0.010377913,-0.044434786,0.9968896,0.9261836,36624.0,57.98667,1798.4292,272.04364,393.11697,386.28757,0.0031983885,118.97334,246536.31,DOS-HTTP_FLOOD
32.191597,8.816468,68.95891,3249.4756,-0.02419426,0.33727798,0.11989498,0.05473062,0.42682433,-0.0580314,-0.11612929,49.925076,37.47755,0.1667068,18.336905,0.1677908,0.07361609,-0.05603917,0.073519245,0.010938248,-0.044223428,0.054047894,0.7948886,0.07696097,0.030170064,0.024331208,-0.001854999,-0.0075515728,0.98251396,1.0227363,44230.324,135.37543,2223.418,564.96515,545.4508,607.0977,0.0008071289,114.99085,360850.38,DOS-HTTP_FLOOD
29.044283,7.0547643,64.64788,351.8208,-0.091827,0.40462217,-0.030602887,0.1692558,0.36747646,-0.035205502,-0.007770613,37.071926,31.102852,-0.28009245,2.4739833,0.3914337,0.013200677,0.041215554,0.049343143,0.03725778,-0.017455148,0.02630322,0.8343371,0.11125095,0.008435624,-0.01628305,-0.030475106,-0.03949799,0.98302084,0.9582402,57582.336,64.6415,2741.4517,545.71643,744.0527,610.6092,0.0027771946,99.92151,683219.7,DOS-HTTP_FLOOD
34.792324,5.001333,87.60567,12120.804,0.062423795,0.14760087,0.007689385,0.29181263,0.93750244,0.013219416,0.024880143,93.69419,11.882558,3.3393714,3.8141038,0.5521623,0.34217468,0.027161151,0.03500134,0.04650965,-0.0065759174,0.0872491,1.0213411,0.0266602,-0.054883216,-0.02717468,-0.019211348,-0.053097665,1.0115017,0.97031605,67624.22,57.968597,2881.0269,604.13666,720.0642,569.557,0.00039056415,103.37741,868296.44,DOS-HTTP_FLOOD
35.77968,5.8541718,63.92039,8309.958,-0.09859979,0.19030277,-0.053088438,0.17798062,0.8838989,0.021921692,0.07632233,93.60747,21.272781,-0.08796596,5.207323,0.5667669,0.06917403,-0.03466562,0.10496187,-0.13505948,-0.00259022,0.10444461,0.8961978,-0.041138165,-0.0058314893,0.035239853,-0.06347607,-0.0588847,0.9489937,0.947067,64142.242,89.3307,1968.44,552.8898,613.09015,648.3342,0.0014777662,126.56262,515707.53,DOS-HTTP_FLOOD
35.210686,4.421361,68.845924,6012.8643,0.019381817,0.30355904,0.13855305,0.16083072,0.82091105,0.07195432,0.00263992,75.53855,27.159384,2.8968809,6.6745906,0.45491576,0.1860833,0.010595758,0.04743502,0.030777343,-0.042502694,0.012681362,0.99926656,-0.0005498305,-0.047049522,0.0047425437,-0.014813131,-0.038915247,0.99932015,0.9535003,28231.986,67.174515,1002.7144,150.02028,199.82413,182.181,0.00055724586,97.0643,89977.195,DOS-HTTP_FLOOD
24.570168,8.074768,111.27589,-354.8545,-0.076992296,0.32043716,0.10907367,0.11830838,0.42077574,0.03329377,0.035318118,48.761665,28.92065,0.010315309,4.684262,0.15994711,0.06631576,0.02465232,0.060292803,0.022609547,-0.07006909,0.028256658,0.73402476,0.24194409,-0.036739506,0.0541798,0.019638913,-0.0507479,0.9614658,0.8908062,22385.836,60.35109,1099.974,150.63249,238.77338,166.95534,0.00905889,82.89366,87613.875,DOS-HTTP_FLOOD
31.260368,5.097265,60.82865,-2920.831,-0.056167886,0.28307584,0.3913009,0.066549264,0.74845845,0.06533261,0.03994433,73.59299,25.065765,0.18998271,18.761257,0.521578,0.029610727,0.0034845062,-0.0008793641,-0.051582262,-0.004006743,-0.0037634978,1.0474977,-0.08192523,0.021323144,0.043349374,-0.08934252,-0.044858772,1.0032399,0.97348076,35061.926,60.353695,2223.337,334.02628,647.3923,356.05478,0.0014595755,102.724045,479915.7,DOS-HTTP_FLOOD
30.568027,4.7407002,62.853386,-11587.121,0.0073059737,0.11080215,0.41761014,0.072018676,0.78182524,-0.033532903,0.060394112,92.395935,6.583439,2.462598,19.91577,0.44521993,0.23626633,0.039440066,0.0130724395,0.019229434,-0.16196923,-0.05983766,1.0001074,-0.04811858,0.002874846,-0.018816411,-0.018180069,-0.006951485,0.9998157,1.0068389,58081.305,78.34688,2532.0032,489.95667,624.4766,479.93777,0.0003401023,115.510666,673064.5,DOS-HTTP_FLOOD
28.471577,6.118671,57.408733,10631.809,-0.013521079,0.1658076,0.09585544,0.088131465,0.61079204,0.050521266,0.031989705,73.47568,16.444653,1.3136861,9.689905,0.6303866,0.037038784,0.008557065,-0.026244158,0.07040946,-0.04993537,-0.038099866,0.91267097,0.03639705,-0.046762608,0.052609354,0.030362573,0.011095408,1.0277389,0.9749492,79930.05,59.591106,3238.8433,850.3362,864.82654,839.6097,-0.00019554938,100.91797,700336.7,DOS-HTTP_FLOOD
28.498844,6.975768,63.446926,4534.7783,0.0045636017,0.23402432,0.028488576,0.09266647,0.5037806,0.05329153,-0.019791797,53.516144,23.206898,3.8957171,5.7700677,0.58420265,0.2577314,0.011091148,0.023555677,0.056592323,-0.026772771,0.006382484,0.8475143,0.13683146,-0.049456377,0.04797144,0.0020750798,-0.04468675,1.0050874,0.98196805,58988.87,61.78728,2821.7283,578.73645,721.7659,609.9412,0.000743657,91.45285,703348.3,DOS-HTTP_FLOOD
31.470743,4.106655,59.09967,-3320.5103,0.043329876,0.2403262,0.060422912,0.16505852,0.6226229,0.049839444,0.021128964,61.241943,23.450472,5.2386866,7.792372,0.7663319,0.032108426,0.09417727,0.031224454,0.11797729,0.01568629,-0.027347151,0.9481277,0.015430392,0.0012112386,0.10286695,-0.026862964,-0.013335988,0.941109,0.92766905,61224.81,63.054993,3899.1118,589.5624,980.61255,587.5222,0.009030328,98.214386,1.0171018e+06,DOS-HTTP_FLOOD
26.869219,7.369044,68.01225,6087.609,0.0050381944,0.260244,0.3484373,0.10756653,0.7100025,0.054486264,0.0821568,81.19805,26.248627,0.383375,17.438505,0.19011654,0.11939084,0.021947622,0.05372323,0.025993539,-0.04500247,-0.028645797,0.9111347,0.06354827,0.004773105,0.060429793,-0.04394725,-0.043520328,0.96068263,0.95642686,11510.332,57.664764,396.30334,60.11797,62.419674,56.096283,0.0024468258,100.239525,2711.3826,DOS-HTTP_FLOOD
27.798716,5.7542114,61.982906,3822.813,-0.058559284,0.19289868,0.039635118,0.11336016,0.5205871,-0.0076741534,-0.01868745,45.24698,13.691774,1.3875078,6.751235,0.4829693,0.33324337,0.0027896883,-0.010568415,-0.0026202202,-0.02426382,0.01834155,0.8659916,0.049502455,-0.038226753,0.042432565,0.02468623,-0.030651394,1.0084736,0.98143154,54839.043,59.80748,2151.4478,519.93463,634.4237,545.7724,0.0006436922,89.16332,458455.4,DOS-HTTP_FLOOD
31.117687,5.486838,69.94125,1002.94824,0.03445827,0.19008797,0.23921141,-0.010917037,0.6088693,0.019538056,-0.042156283,60.03533,19.487219,1.0696236,14.02113,0.45002466,0.09097486,0.022995528,0.030216428,-0.017822376,-0.03056804,-0.004686597,0.9657952,0.023009943,-0.012877367,0.013860825,0.008655259,-0.01024207,0.986286,0.97893053,45072.727,60.049618,2346.651,374.23007,582.00745,364.13702,0.0020989564,93.041016,391420.4,DOS-HTTP_FLOOD
34.561764,5.396365,70.90121,13120.725,0.06762064,0.20969604,0.12934707,0.14394557,0.78529376,0.021109583,-0.014601556,77.76698,16.437462,4.3415604,13.736072,0.58485395,0.40710354,0.0336766,0.023632858,0.022515502,-0.03331053,0.03635605,1.0253004,-0.04680742,2.913177e-05,0.03609801,-0.055006612,0.003428366,0.9951521,0.9635084,47045.484,59.7814,2697.5605,386.17462,616.40027,332.62762,0.0018512587,102.5054,503026.44,DOS-HTTP_FLOOD
27.30962,6.815528,67.03869,-1072.3633,-0.0048356596,0.15654282,0.35222378,0.038573798,0.47280383,0.052622803,0.01899022,57.346428,16.659304,0.74714065,19.206459,0.39597338,0.042678934,0.02707458,0.013646018,0.032052774,-0.04923861,-0.026900647,0.864307,0.06333323,-0.039404906,0.030241676,0.01739036,-0.016431358,0.98636395,0.9992174,28202.531,61.907032,1377.9131,199.6435,364.22137,184.14832,0.002243884,102.6785,193141.08,DOS-HTTP_FLOOD
30.488514,4.2944455,70.805626,-8879.402,-0.017512556,0.11696432,0.4860403,0.087097794,0.84754294,0.031819154,0.05941445,89.81452,8.481383,3.005127,19.78111,0.4327872,0.19663398,0.023973713,-0.034413688,0.016059728,-0.023439143,-0.009959698,1.0684,-0.09334262,0.05355196,0.04328666,-0.058756154,-0.009944391,1.0164961,1.0338604,40120.848,61.303032,2207.066,354.59787,582.07684,342.71854,0.0042161625,115.88513,409411.4,DOS-HTTP_FLOOD
28.444134,6.3260274,78.56392,-370.13184,-0.029267248,0.2370644,0.22971427,0.2002478,0.721473,0.038322225,0.033017576,69.96396,23.615452,0.97222626,10.440811,0.45780033,0.067471355,-0.005019894,0.04622363,-0.009136707,-0.041758787,-0.050473824,0.92641413,0.047151808,-0.06071131,0.03752802,0.024855405,-0.044390094,0.9857295,0.99279106,37542.74,60.564014,1402.4309,255.49081,337.03354,304.06946,0.0011365854,101.77783,161346.44,DOS-HTTP_FLOOD
35.74041,6.375446,63.66787,1019.75903,-0.011512944,0.33700907,0.03656018,0.11913442,0.7296684,0.025026597,-0.013033799,70.76362,31.705173,2.7552152,5.843311,0.5053817,0.3769469,0.07367183,0.060169622,0.028599553,-0.030611975,-0.00079849735,0.89407796,-0.029744115,-0.048242748,0.061566673,-0.003987006,-0.06450661,0.9840513,0.96743834,57909.395,61.96859,2730.4724,533.891,728.7215,519.97815,0.0010697963,105.193954,677584.25,DOS-HTTP_FLOOD
30.227957,5.8923593,68.10005,-1532.2275,0.008555296,0.16941431,0.24367847,0.2194436,0.7402969,0.024105918,0.032598883,76.43695,15.810148,1.22491,17.154633,0.57315993,0.043903228,0.04003858,0.014685813,0.025935434,-0.01157212,-0.039925653,0.94692653,0.024674764,-0.0057275463,0.093466036,-0.0073178713,-0.010449578,0.96019757,0.9666374,35029.02,59.812813,2008.8126,301.273,543.26196,278.65378,0.0050552934,100.323654,348711.97,DOS-HTTP_FLOOD
31.295399,7.228986,65.94343,21491.586,0.090556666,0.1908379,0.066204734,0.16390091,0.5597185,0.08916431,0.0073829126,71.4654,18.351824,7.171774,14.035606,0.8595644,0.05800114,-0.0017725024,0.019248815,0.07559569,-0.0746518,0.029502988,0.9071323,0.051446475,-0.019389296,0.043876708,0.041453015,-0.019983297,1.0137599,0.9223906,79623.805,60.296722,3611.3142,785.1413,863.9813,754.542,0.0003886163,107.5442,769192.5,DOS-HTTP_FLOOD
28.357195,7.1313925,75.97264,5087.8613,0.14342922,0.16163683,0.035057947,0.1971787,0.74982655,-0.0004701683,0.034753613,89.080605,18.124367,7.909231,3.4678328,0.7174551,-0.037161138,0.04818605,-0.0053673843,0.019023482,-0.01664313,-0.034290906,0.8332382,0.18757185,-0.011380509,0.03220394,-0.0032144133,-0.009371311,0.97612345,0.9128594,40942.74,55.35148,2862.473,458.08145,666.1743,442.99344,0.007739705,93.847115,470597.38,DOS-HTTP_FLOOD
28.755135,6.9862056,65.42834,9045.09,-0.042547174,0.30555776,0.03793655,0.22358839,0.51486695,0.042268466,-0.014142634,47.42758,26.06136,1.1835308,6.777109,0.43200618,0.3204966,-0.01350073,0.010537728,-0.0041959994,-0.031084998,-1.411885e-05,0.88465154,0.05712075,-0.03666632,-0.0068098423,0.016370235,-0.04715756,1.0275905,0.9700107,60506.98,58.38503,2336.8481,642.2075,712.4237,641.68695,-8.304087e-05,91.348465,637959.6,DOS-HTTP_FLOOD
30.186031,5.451631,62.580032,4079.936,0.05490639,0.2879493,0.09988964,0.080010794,0.55277574,0.009468235,-0.007432965,51.991524,22.541058,2.0510595,7.4667077,0.46401706,0.31237054,0.028497823,0.072503544,-0.0019196747,-0.041620113,-0.012873167,0.9349882,-0.0013868362,-0.02120015,0.076994106,-0.011687287,-0.026977781,0.9556145,0.9556939,33080.625,59.133926,1572.7432,252.11603,337.05908,265.11252,0.0040072277,91.39512,213606.39,DOS-HTTP_FLOOD
35.61647,4.37782,62.83951,3023.6482,-0.11470604,0.39157602,-0.012896339,0.34349692,0.59726286,-0.010984737,-0.050694797,43.706577,31.219578,-0.027998062,7.314298,0.45329896,0.33827922,0.02756149,0.030602675,-0.0053688465,-0.014760066,-0.016955234,1.0190592,-0.07155654,-0.009648751,0.014788704,-0.028272217,0.025407644,0.95804894,0.9696012,44260.688,66.999176,2091.0867,454.69864,640.05914,471.7301,0.004007613,89.79727,479723.66,DOS-HTTP_FLOOD
37.05822,6.513852,71.32514,13647.848,0.04759651,0.32629988,-0.08347997,0.15476136,0.7529768,0.09950651,-0.061628014,66.90786,27.394676,2.9646854,0.21049106,0.71061516,0.029127583,-0.029408691,0.04884528,-0.013292229,-0.0194574,0.12724115,0.9974605,-0.015637457,-0.052191276,-0.09069695,0.06421714,-0.09180241,0.9520062,1.0316281,68888.09,64.06553,2711.526,640.7619,819.4797,623.3091,-1.7291037e-05,97.60092,1.1519438e+06,DOS-HTTP_FLOOD
30.737232,5.2406816,62.133255,863.5383,-0.013334908,0.20146266,-0.027733603,0.073500164,0.71521014,0.05918231,0.012080426,85.492004,22.286388,2.020495,3.6874924,0.73406106,0.03149375,0.030580398,-0.0012608804,0.12985179,-0.030639134,0.0035351608,0.93448174,0.08168794,-0.064883254,-0.0038453774,0.041017737,-0.03754237,0.9945388,0.91908294,82997.59,64.95135,3246.395,905.8814,814.1007,875.9247,0.0015244187,109.336845,679824.1,DOS-HTTP_FLOOD
34.62632,6.5145745,79.36685,13696.514,-0.032017883,0.18599397,0.42327636,0.121001296,0.9520656,0.011517526,0.055910587,91.0333,20.282455,0.39811727,17.200657,0.4066946,0.017620409,0.08345494,-0.018061478,0.022840943,0.006353245,0.022519296,1.0242985,0.0012624152,0.06572403,-0.084907144,-0.07987543,-0.0065493863,0.9947128,0.9206381,20053.219,73.93143,1076.0085,294.24045,435.50348,298.11017,-2.6957554e-05,98.07506,231464.3,DOS-HTTP_FLOOD
31.407389,8.252386,63.3247,1907.6658,-0.117499486,0.22654617,-0.0041276123,0.16864644,0.63288146,0.07097659,-0.07699321,69.10294,22.079649,0.4615091,5.782327,0.7123889,-0.07180471,-0.011907638,0.0093914,0.012802092,-0.035222046,0.0036349054,0.7738309,0.08379958,-0.027189177,0.019369515,0.050021477,-0.04109203,1.0039077,1.0292977,106281.945,175.17694,4261.0796,1729.7589,1055.9144,1817.072,-0.0005534599,104.54677,972362.5,DOS-HTTP_FLOOD
37.24697,5.1338534,70.61746,5807.867,-0.04781411,0.29369527,0.0848863,0.0629072,0.8177804,-0.012513954,-0.017288249,74.633804,26.566235,1.1758507,3.405261,0.67805207,-0.015599819,-0.008944398,0.03992839,0.031224739,-0.060139358,0.025407113,1.0567424,-0.039112974,-0.032020885,-0.062121056,-0.017778374,-0.028150193,1.0054435,0.9223398,55644.62,84.93964,1738.7788,487.59094,561.149,566.4089,0.00048808078,98.84374,349494.78,DOS-HTTP_FLOOD
32.908302,5.8796835,74.88444,2420.207,-0.050348867,0.18887638,0.20211278,0.18093975,0.87758917,-0.008301044,0.117099896,93.65971,18.308178,-0.35835817,16.76859,0.6519317,0.012741948,0.00022252556,0.021582952,0.035684925,-0.014743617,0.041442532,0.96014917,0.020260595,-0.010244435,-0.050472118,0.0042000227,-0.027988255,1.018543,0.9923245,76642.06,58.029434,3481.4702,1066.8651,884.96124,1042.6454,0.00012311034,97.48821,808665.75,DOS-HTTP_FLOOD
26.305042,7.0972934,64.756584,-315.8999,0.019681089,0.11416216,0.23118284,0.16445462,0.57903385,0.03286652,0.03572581,68.70443,10.574993,1.276818,17.712885,0.6126555,0.0029163116,0.031943835,-0.0128725935,-0.0020743161,-0.01765365,-0.010600494,0.86626804,0.07393251,-0.0102473125,0.023884099,0.048785195,-0.025546424,1.0470136,1.001299,57637.39,70.09812,1924.4989,654.4907,551.20465,645.0754,0.00042460323,106.73836,327192.2,DOS-HTTP_FLOOD
32.329094,8.753855,60.413876,3933.1304,-0.09449466,0.3035855,-0.04539614,0.19019535,0.6935124,-0.07112509,-0.09301314,67.43371,30.769981,-0.18881498,3.5172057,0.155509,0.58133954,-0.028324682,0.03182,-0.014808347,-0.07020526,-0.0049977098,0.83899254,0.033882838,-0.030247865,0.027197529,-0.016336313,0.06255909,1.0157148,1.0193324,63681.906,172.26382,2205.2192,867.4072,609.647,978.9872,0.0003586975,102.59906,594504.7,DOS-HTTP_FLOOD
24.67411,8.816954,63.311848,-2512.0063,-0.0077765523,0.114532076,0.052462254,0.04455236,0.40868077,0.026156234,0.0015129824,58.426033,12.876388,2.2293608,14.331766,0.6855443,-0.013138513,0.021244835,-0.030614855,0.03729369,-0.036655664,0.02148109,0.78472656,0.21948662,-0.050005026,-0.0532381,0.073383324,-0.056767058,1.0464251,1.0002705,73986.09,63.12766,3254.6838,836.83875,781.48157,778.792,0.0011253313,98.9684,596530.6,DOS-HTTP_FLOOD
31.98132,5.481718,57.499966,106.61133,-0.06907352,0.13523029,-0.012781821,0.06341238,0.59484816,-0.0032598153,-0.040821545,56.333923,12.138186,1.5809501,12.989788,0.5143162,0.6279115,0.014271464,0.036532324,0.03875936,-0.027689151,-0.032628335,0.9896506,-0.021833075,-0.08497395,0.009616233,-0.01738769,-0.008695348,1.0004632,0.9520507,83717.37,67.07413,2787.3428,1102.4878,877.5537,1085.3907,0.0011418833,93.405334,895373.7,DOS-HTTP_FLOOD
26.304718,7.2694697,58.597847,16570.53,-0.031622596,0.18235262,0.15540466,0.25672632,0.58927244,0.04579617,0.0130570885,72.38874,17.454012,0.8410409,12.250847,0.64929545,-0.012834655,-0.038556032,0.050603144,0.014216911,-0.03296712,0.009142281,0.90130484,0.04881098,-0.045722187,0.023143897,-0.06363346,-0.027658697,1.0166932,0.91937685,72216.92,57.391224,2572.5796,689.17676,783.32684,689.81024,-7.783422e-05,97.001945,718923.3,DOS-HTTP_FLOOD
34.895733,6.1120133,67.464355,358.26855,-0.029366676,0.2990296,0.25611642,0.14038046,0.88121384,0.041032076,0.031579897,82.109184,29.669205,-0.11472072,10.866783,0.61985856,-0.02494631,-0.00635603,0.071106665,0.014926942,-0.0022116979,-0.0068962295,1.0662745,-0.04625351,-0.06650923,-0.039174125,-0.019388612,-0.055952813,0.95924795,0.9574994,57338.176,60.1151,2450.2769,535.40326,726.24927,539.1905,0.0003929619,95.12796,679260.44,DOS-HTTP_FLOOD
30.355686,5.2219687,62.892555,8685.354,0.062948234,0.15640084,0.35385695,0.13977145,0.69455135,0.030643811,0.045065057,75.820724,16.197945,3.3187509,19.11894,0.79724795,-0.07422353,-0.007878103,-0.0032558013,-0.0024782214,0.014920311,0.002673394,1.0295773,-0.036586042,0.0041789585,0.0017457211,0.018245649,-0.05707815,0.98962456,0.97844625,52749.94,60.25144,2792.6387,670.8257,780.058,668.96686,0.00024051071,102.15941,554157.6,DOS-HTTP_FLOOD
26.839546,7.6112576,74.35013,5599.7397,-0.04936477,0.1647542,0.25863472,0.12145276,0.5648642,0.04670439,0.030615885,61.05856,17.160463,-0.046500035,16.600111,0.5080323,0.04624896,0.0028786715,0.00028348528,0.00022321474,-0.060127176,-0.05237235,0.9037187,0.05131384,-0.030108849,0.014982851,-0.029179785,0.00072905794,1.0088011,1.0087707,64589.117,60.165157,2083.0586,629.2168,663.5047,659.73285,-0.0002302009,99.34674,489277.1,DOS-HTTP_FLOOD
28.972147,5.637688,64.68475,26633.91,-0.026568977,0.42060253,0.40972874,0.037967958,0.49002165,0.0502221,0.02731763,55.2313,36.44458,-0.042400964,19.43746,-0.019671863,0.14451598,0.06772961,0.057536617,-0.068924546,-0.051333427,-0.052414276,0.95148146,-0.009030779,-0.00465899,0.09584008,0.007579177,0.06747865,0.96322936,0.941072,15835.313,60.551334,-47.26474,176.29062,19.888962,87.63741,0.00044717148,105.23963,-2976.5894,DOS-HTTP_FLOOD
28.805132,7.4830136,66.56494,5457.07,-0.053121183,0.17914236,0.19356506,0.05394798,0.5783457,0.06089972,-0.016014397,61.628532,19.961893,-0.29248834,15.46803,0.45870227,0.018383373,0.01449989,0.046181485,0.054320984,-0.042273015,0.0052259443,0.8706068,0.002312746,-0.055137504,0.035759408,0.030928358,-0.03494789,1.0022826,0.99720174,54318.66,62.72774,1781.3867,593.2889,591.3127,614.18787,8.982487e-05,105.07314,406007.03,DOS-HTTP_FLOOD
32.769234,6.3347287,67.08026,426.4265,-0.015303144,0.20575209,0.3531557,0.15735824,0.7232108,0.04963411,0.024022024,73.55232,20.84284,-0.09382494,18.906435,0.49204576,0.0539471,0.0011176988,0.044571426,-0.018779285,-0.05453018,0.0026808819,1.0045892,-0.0022041947,-0.022766437,-0.027657228,-0.035228565,-0.010539749,1.0053407,0.9563518,45683.188,62.363644,2575.1482,450.3475,726.9711,473.85553,0.00023186977,99.68498,576739.8,DOS-HTTP_FLOOD
32.781445,6.015628,71.8744,10151.379,0.02305313,0.21336511,-0.04100249,0.2765731,0.8232364,0.038437594,0.056444537,86.846924,21.43988,0.88747454,1.3996989,0.5510725,0.06765913,0.034100052,0.05718367,-0.0026739156,0.0011719484,-0.017541956,0.9363974,0.044105507,-0.051863812,-0.008774022,0.011933277,-0.050888713,0.97198814,0.9369964,62874.543,58.728317,2118.1897,564.35626,609.79266,583.68085,0.0004430241,105.49631,487358.38,DOS-HTTP_FLOOD
32.990513,6.0755067,66.90948,954.9729,-0.002173204,0.25814492,-0.076701164,0.1481651,0.6609583,0.0028793798,0.017786566,64.128006,23.644062,0.94991416,0.7991928,0.57588035,0.18290015,0.0761109,0.0372253,0.036881156,-0.019840725,0.03120559,0.8712574,0.026076239,-0.038251948,0.0030315411,0.029220784,-0.055154778,0.9871911,0.9388961,62151.85,61.428646,3172.9653,526.04047,767.4583,567.3921,0.0030115177,103.34742,642701.06,DOS-HTTP_FLOOD
29.213963,4.813569,66.93444,1508.5569,0.034504585,0.15508907,0.0343544,0.11821742,0.6873897,0.017597212,0.011661501,68.95031,13.051685,0.7935112,6.689189,0.4976937,0.36352322,0.03787716,-0.022664383,0.018545555,-0.02421255,0.0045909826,0.8905869,0.07290669,-0.04121415,-0.006451586,0.058724023,0.031659625,0.98147947,0.98110163,63041.613,60.3227,3188.1855,641.04254,755.4862,612.68085,0.0051041376,97.27624,542050.5,DOS-HTTP_FLOOD
27.323454,7.352861,69.36913,36593.9,0.013466401,0.20743082,0.11500718,0.39076254,0.74396753,0.004299109,0.007019276,90.082436,19.765013,1.2511884,8.989962,0.5373288,-0.0047496357,-0.0116145415,0.016305173,0.037400775,-0.0041847117,0.025954824,0.8556433,0.05433269,-0.033581857,0.06578778,0.0141072385,-0.056018647,0.99743426,0.96153486,64161.305,54.491417,2195.956,529.19165,570.1457,546.77014,0.0004936612,116.44213,451342.78,DOS-HTTP_FLOOD
33.93733,5.971234,86.462494,17641.652,-0.036988497,0.19831876,0.11025989,0.13230126,0.8391829,0.036181606,0.026331276,75.40951,16.144754,0.38368386,4.2086787,0.5760426,0.039938945,-0.015863545,0.054397866,-0.0006412016,-0.06598774,0.032019507,0.9903612,-0.06336792,-0.036182735,-0.027913664,0.028058402,-0.0077004633,1.0231615,0.95947874,61962.23,62.020607,1893.391,520.48315,617.21924,529.0834,-0.0011896803,96.2235,538509.6,DOS-HTTP_FLOOD
29.558678,7.6630445,65.45621,2654.7097,-0.053653985,0.23130551,0.10097927,0.15965724,0.57053804,0.056467745,-0.059017636,64.35516,23.718426,0.113235265,7.6226482,0.4524316,0.17351149,0.023912655,0.053463783,0.01737766,-0.049639683,0.0003693113,0.8104497,0.062174685,-0.06767131,-0.030397998,0.052580703,0.012740669,0.9904723,0.961176,77239.97,61.877125,2952.9365,659.1023,774.63806,704.9348,0.00084492314,107.6818,747539.8,DOS-HTTP_FLOOD
33.27587,5.834152,57.923496,6650.3066,-0.019065592,0.27815744,0.17996104,0.42781982,0.86355054,0.06875841,0.07389553,93.4387,26.334038,2.8360043,13.489046,0.6083307,0.10769595,-0.0021447241,-0.009397319,0.020741474,-0.014735859,-0.0007438287,1.038567,-0.06915034,0.001377326,0.08176419,-0.0038303714,-0.023816207,0.9297798,0.9055207,51795.09,58.238735,2199.008,463.9456,646.08704,499.7216,-9.279804e-05,109.05592,499404.88,DOS-HTTP_FLOOD
28.96641,5.2566104,65.81354,-1321.686,0.023111306,0.3144937,0.07755212,0.35543048,0.622717,0.029755635,0.036176212,65.02042,31.37449,2.9319623,8.0537,0.5285162,0.076659806,0.0016639987,-0.005428097,0.04866842,0.01067093,-0.01604932,0.90355515,0.05314875,-0.0070712976,0.09430214,0.013714481,-0.02659362,0.937726,0.9229222,32677.738,58.24544,1455.2566,248.7714,340.38712,225.08978,0.0052770916,94.354195,184464.03,DOS-HTTP_FLOOD
28.388231,6.956701,81.59838,883.2317,-0.06835169,0.15493603,0.2590923,0.08459235,0.76015276,0.031568404,0.045582406,77.42284,15.954598,0.03842172,10.5402,0.48911464,0.036451437,0.0065216795,0.016551547,0.01634747,-0.0772778,-0.06292956,0.9534193,0.06995748,-0.036617264,0.013636861,-0.025760673,-0.020800402,1.0079211,0.9708207,53274.24,58.261063,2232.6077,508.3471,645.0133,548.63617,0.0006612736,94.88953,440602.84,DOS-HTTP_FLOOD
31.143013,4.338556,66.87021,-1299.7808,0.062770724,0.11494019,0.11765104,0.3730618,0.78785497,0.0067285663,-0.04723111,77.40787,7.8170013,3.1677053,11.290589,0.5973064,0.21699814,0.06271459,0.031881128,0.049291607,-0.0204031,-0.01167871,0.9648372,0.009059255,-0.008543978,0.03824041,-0.040343665,0.014667839,0.9511784,0.9418217,58214.887,59.384895,2949.0503,455.08173,733.8321,414.0017,0.008339327,100.57468,680604.1,DOS-HTTP_FLOOD
32.806583,6.0771003,65.02956,1701.394,-0.007951156,0.17782548,0.20241304,0.27460024,0.8383082,0.036404733,0.020409262,84.06605,16.659004,0.19605817,11.242229,0.7879921,-0.020657225,0.010935277,0.013274152,0.033544376,-0.019269839,-0.0066132518,1.0782444,-0.050622366,-0.012713671,-0.0023235253,-0.041736156,0.003898954,1.0031276,0.9743065,66188.58,58.81949,3432.4421,640.00146,873.2893,624.491,0.0005368758,98.83948,720303.1,DOS-HTTP_FLOOD
26.81638,6.0524893,66.11741,569.0886,0.008934745,0.17400093,0.28762752,0.21716033,0.6305457,0.034070674,0.044037916,70.80914,17.526833,2.1365268,18.33115,0.5486082,0.047279872,-0.00036288518,-0.013438763,-0.025696367,0.011392249,-0.0774077,0.9246102,0.058600057,-0.03257116,0.032599777,0.018274508,-0.03842444,0.99552935,1.0028756,37292.496,59.005863,1667.4559,348.10028,439.53284,356.08325,0.0025464017,101.52356,219596.05,DOS-HTTP_FLOOD
35.228737,6.199931,65.4217,-6288.983,0.0068569276,0.26378742,0.16775513,0.12479277,0.758884,0.06546012,0.019411383,84.92202,25.957985,4.876608,19.55975,0.5626473,0.42365527,0.03303081,0.0169583,-0.043414537,-0.078462526,0.06306811,0.9871053,-0.034591366,-0.0012505031,-0.034701884,0.0796456,-0.047354266,0.9150593,1.0074935,66499.04,71.98775,3162.844,796.854,875.9746,769.3177,0.00040218013,120.45796,844681.75,DOS-HTTP_FLOOD
35.019073,4.7907624,67.08258,-492.27002,-0.06656141,0.21561685,0.06307179,0.43702695,0.8670639,0.06870999,-0.005102309,90.43204,19.326399,0.57828915,8.392913,0.58601934,0.093345605,0.043551106,0.041244946,0.114328355,-0.081722654,0.061343107,0.99213105,-0.00077182805,-0.010668876,-0.054734178,0.026715372,-0.0024440512,0.93344176,0.96201813,79830.9,80.107925,3486.5828,666.6089,913.5697,648.7833,0.0071635884,107.11046,980724.2,DOS-HTTP_FLOOD
26.968754,7.7511797,74.45783,-3951.4292,-0.075038224,0.18680182,-0.052287944,0.06713185,0.60663235,0.028215997,0.02094183,75.331,15.737822,0.71937394,0.25064066,0.38079196,0.056672253,0.06878867,-0.047474336,0.03635052,0.010472721,-0.062577285,0.71695805,0.07800591,-0.033000372,0.0020754815,0.07030122,0.021612523,1.0226736,1.0167307,63549.984,176.17047,1533.2979,657.9194,255.12848,725.84424,0.0029036752,103.42916,135072.45,DOS-HTTP_FLOOD
27.747837,5.934843,86.85277,6498.1997,0.01303518,0.14409171,0.17382044,0.3359915,0.6374123,0.006111495,-0.009122159,59.456013,11.045283,3.0670288,10.754892,0.61817616,0.016256465,0.026941545,0.022184784,0.039844185,-0.004259036,-0.013461646,0.8944801,0.025937436,-0.013950708,0.02300893,0.009713619,-0.050023675,1.030663,0.975833,57350.008,60.075226,1929.3008,512.8766,551.7807,497.21976,0.00017293131,93.63465,401701.28,DOS-HTTP_FLOOD
26.041384,7.1728754,83.296814,-265.54102,-0.109964915,0.16884416,0.014195723,0.12206403,0.5812014,-0.060638383,-0.056920484,71.311035,15.337292,5.255289,7.903833,0.5476836,0.21843044,0.040053792,-0.061256792,0.072296456,-0.06294159,-0.018833645,0.81188,0.12226589,0.029891305,-0.031150486,0.046110086,0.006042784,1.0436405,0.9888665,71554.92,82.733444,3195.2073,675.47473,728.765,696.6089,0.0030780816,108.861496,452588.88,DOS-HTTP_FLOOD
28.755213,5.9202633,72.121666,3576.58,-0.027717669,0.120622836,0.16789125,0.1157845,0.7772412,0.02227908,0.033220228,74.23372,11.381265,0.016484164,5.6382093,0.47473904,0.030009164,0.02894837,0.01183855,0.0106988605,-0.010128812,0.021050267,0.9273253,0.0730964,-0.024892896,-0.024745207,0.010485322,-0.0016551744,0.9882896,0.9736564,45501.95,59.621845,2100.1152,389.96298,557.7647,396.67294,0.0008843613,92.97169,375295.53,DOS-HTTP_FLOOD
30.791088,5.9997597,71.846565,3063.4492,0.03697073,0.16981399,0.08405208,0.36686397,0.7825668,0.041486654,0.031527277,83.91089,15.410358,3.3210235,10.466974,0.7396867,0.048348058,0.02065004,-0.010342248,0.048403922,-0.035850752,-0.04124723,1.0058076,0.020871606,-0.01465444,-0.004008331,-0.015736327,-0.010975421,0.99345195,0.9636446,83857.64,57.25962,3434.674,794.1488,908.7243,786.45337,0.000770432,103.37564,786283.3,DOS-HTTP_FLOOD
31.713573,5.8258395,87.88702,4986.0923,-0.044289447,0.24302879,0.42472482,0.20300074,0.88620144,0.0581977,0.033664174,81.8513,24.809313,-0.22782242,16.02022,0.44386208,0.0375337,-0.009560044,0.032671537,4.3818727e-05,-0.002819174,-0.041598905,1.0853219,-0.017426744,-0.019851902,0.0021366577,-0.014187397,-0.021407641,0.9660128,0.96894133,46815.746,57.482048,2363.7969,475.09113,715.9917,479.90164,-0.0004113777,91.21205,518010.94,DOS-HTTP_FLOOD
26.607996,7.562849,64.85457,11681.695,0.012824627,0.18981393,0.48510906,0.082803,0.8033122,-0.02215201,0.104034685,95.39109,21.457859,-0.16111521,18.838614,0.32688606,-0.051137276,0.024933387,0.014361488,0.03575957,-0.024921587,-0.02565569,0.8984092,0.06966723,-0.010458728,0.07235816,-0.048470687,-0.074766584,1.0286256,0.96191996,19957.244,57.205235,1621.3425,325.3466,409.487,328.19177,0.0031494647,105.162964,301230.7,DOS-HTTP_FLOOD
34.34202,5.725822,90.150055,-445.19434,0.019575033,0.43738517,0.10953875,0.09878714,0.60611725,0.015199763,-0.027055819,60.45825,36.77085,2.428494,6.146329,0.39685893,0.18094794,0.0047322502,0.017342186,0.036797095,-0.031013977,-0.036036335,0.97276753,0.006326301,0.008845999,0.08701433,-0.028250486,-0.011472934,0.9788644,0.9684796,42828.098,61.314823,2755.0732,432.67883,644.875,430.4239,0.0029838004,102.48073,499365.6,DOS-HTTP_FLOOD
33.484917,7.06304,121.89275,7047.958,-0.079677284,0.21667574,0.38288093,-0.012374047,0.93540657,-0.013571446,0.06520343,96.22915,23.062836,2.0752392,8.717765,0.32776225,-0.07140668,0.07187347,-0.053358197,-0.028179217,0.014588216,0.0058036996,0.9842089,0.07356363,0.052347638,0.00700174,-0.052847136,-0.037012935,1.0336788,0.95216256,24478.717,78.49158,899.3671,279.38254,251.08841,242.97607,0.00068094156,86.66632,115277.77,DOS-HTTP_FLOOD
26.326859,8.534821,70.4442,7320.802,0.0029157102,0.2575623,0.048560753,0.14107294,0.5706368,0.055214867,0.06444545,73.2514,27.104435,1.4016002,6.1620083,0.28262365,0.119270615,-0.015683567,0.04602011,0.026670842,-0.030420145,-0.019776614,0.74938834,0.18066183,-0.034541845,0.08290136,-0.021866392,-0.06787394,1.0033903,0.93817174,34283.97,58.09158,902.2624,233.85327,163.43869,267.77487,0.0020404654,103.24569,81711.41,DOS-HTTP_FLOOD
30.372334,5.3872814,60.68995,2250.6968,0.025431696,0.10122086,0.06536855,0.040389344,0.80275345,0.0031067878,0.024039086,75.167725,9.760445,2.3042967,4.9206524,0.72909355,0.053841062,0.04604297,0.029583845,-0.019988108,-0.02713778,-0.062024254,0.9699539,-0.03416579,-0.04004089,0.015912373,-0.03352855,-0.0188363,0.96495074,0.95779175,74080.31,61.058067,2436.53,728.7946,748.7845,746.8182,-0.00011401503,95.11611,634344.06,DOS-HTTP_FLOOD
28.933468,7.2758565,63.08901,9525.947,0.10266684,0.31377968,0.07195881,0.23290816,0.66483057,0.026252065,0.032390054,71.20021,31.007542,12.107434,8.29666,0.79468036,0.028373424,0.0074690343,-0.010925959,0.046212807,-0.019828165,-0.04068237,0.95488393,0.020776253,-0.015245447,0.10383184,-0.0118906135,-0.064784445,0.9416805,0.9620803,48332.312,54.955147,2149.3318,444.26672,607.37445,478.67966,0.00034275,98.82716,427475.38,DOS-HTTP_FLOOD
32.173523,5.6913576,56.163055,4996.461,-0.07660441,0.24961482,0.1255636,0.12175508,0.58582884,0.08941786,-0.009797638,69.9696,25.42551,1.7719542,17.97276,0.72422874,0.29541096,0.018784305,-0.012964878,-0.00686103,-0.050388254,-0.029796146,1.0003235,-0.045166295,-0.07636515,0.09553839,0.01090974,0.0056416076,0.9518744,0.9886423,81439.555,68.16766,3364.5542,1046.4346,969.5006,1051.9036,0.0007606587,107.609436,755351.2,DOS-HTTP_FLOOD
37.57604,4.4632897,97.70929,5892.495,-0.039474167,0.31616485,0.19777152,0.13501841,0.7834946,0.004870549,0.0078512,69.11694,24.6156,2.484711,10.762424,0.5002581,0.13242196,0.027527677,0.048523914,0.009277439,-0.020469178,0.002133064,1.0846647,-0.055701446,-0.05461465,-0.005470803,0.008990042,-0.021362223,0.9753497,0.9432707,42250.277,70.89907,1859.3779,338.57397,570.06433,372.44113,0.0011020125,95.46957,389439.62,DOS-HTTP_FLOOD
24.88503,9.565338,70.09067,3693.4243,0.12658046,0.25434163,-0.14117493,0.1358485,0.50162226,0.013755772,0.031719483,75.65366,26.88935,8.360836,1.2670088,0.75735265,-0.031383038,-0.0034821685,0.013888753,-0.021857088,-0.03804323,-0.060787268,0.629001,0.20162193,-0.034508523,0.04740352,0.014737489,-0.07694687,0.9936819,0.96081764,56592.773,54.30937,3043.8362,491.14322,703.99005,537.247,0.0042375973,117.385666,503339.1,DOS-HTTP_FLOOD
29.296879,6.117631,60.86245,5666.869,0.0701053,0.16954684,0.01913417,0.18239665,0.56776285,0.10840099,-0.05324574,75.19569,14.1615925,5.001149,13.171177,0.832512,0.041322436,-0.0010829186,-0.0071122446,-0.0044487137,-0.01719724,0.07834234,0.8482918,0.030931933,-0.008995396,0.041902956,0.022675954,-0.0018338859,0.956212,0.9359704,96692.33,59.83258,4053.8755,916.84064,996.46124,864.841,0.0010132816,119.62233,1.111134e+06,DOS-HTTP_FLOOD
28.840214,4.821054,55.399742,-4757.069,-0.0076780836,0.12681742,0.43738055,0.057428207,0.62008727,0.043916285,0.036619015,58.189465,12.592285,1.3817265,18.687128,0.6895412,-0.067604795,0.03264392,-0.010326047,0.00053148717,0.0020390376,-0.03486145,1.0129716,-0.08648347,0.0072173933,0.07014716,0.0012137787,-0.06300441,0.99963313,0.975148,44991.11,66.568405,1774.8517,376.62015,545.4526,448.25378,0.0008029113,97.617935,389233.78,DOS-HTTP_FLOOD
29.835968,8.350292,66.818634,3629.9595,-0.15109067,0.22187431,-0.088028565,0.2115495,0.69517815,0.057198487,0.009776038,73.36548,20.244703,0.10480341,2.632233,0.62458116,-0.030595664,-0.01907096,-0.07174471,-0.0007956056,-0.037948783,-0.04098697,0.803195,0.035921972,-0.020742968,-0.060079243,-0.01944851,0.012394892,1.0014553,1.0253484,98978.914,174.8077,3052.4646,1475.2614,800.1814,1485.6888,-0.00022446092,111.55755,822640.75,DOS-HTTP_FLOOD
30.520374,7.6777353,81.53701,939.8274,0.008488082,0.18747725,0.0116019705,0.1360551,0.6878228,0.058048874,-0.026407178,88.277176,23.169426,1.9965829,0.26615465,0.64924544,-0.02018225,0.00982202,0.0074525313,0.046377,-0.05815618,-0.030605074,0.842092,0.16323188,-0.031597916,0.004636226,0.020601556,-0.014784949,1.0184188,0.9596617,70771.7,60.974167,3125.347,693.05945,842.55396,680.4915,0.0042800074,113.1558,719263.7,DOS-HTTP_FLOOD
31.911943,4.8583617,63.36327,3149.9077,-0.023189979,0.17708315,0.365422,0.13400894,0.8633613,0.047956314,0.056346916,79.622826,17.16429,0.7108035,15.379437,0.5249338,0.030693132,0.0044584693,0.0038906513,0.009466739,-0.003947653,-0.027922744,1.0533655,-0.06494783,-0.04387927,0.009818374,0.0030747196,0.016887534,0.986655,1.0067095,32135.893,62.6607,813.9627,192.0032,226.54556,211.98175,0.0002269747,95.76852,113412.766,DOS-HTTP_FLOOD
23.95087,9.125706,74.03509,39466.39,0.098087184,0.14563914,0.3454851,0.053992387,0.50580555,0.03610994,0.040882446,72.94468,14.924166,3.6859913,18.573166,0.45824414,0.049201634,0.016146159,0.024867948,0.0052832114,-0.09164466,-0.05062426,0.82594895,0.1774134,-0.02616368,0.025279693,-0.04970982,-0.05185341,1.0242357,1.0007911,41765.2,59.202385,2122.893,412.62793,436.06595,367.35193,0.00041465193,110.68646,231599.34,DOS-HTTP_FLOOD
28.235218,6.2874312,67.88227,8.486328,0.017512873,0.1810042,0.1027508,0.20841376,0.58560455,0.0320393,-0.0065120566,67.0387,16.07946,3.3313057,7.514407,0.65686023,0.035312857,0.08305314,0.02303222,0.059107922,-0.028700775,-0.028495759,0.85507137,0.066246316,-0.050217506,0.08911005,0.0006229663,0.014841735,0.9644608,0.90115297,60482.438,58.925938,2778.0713,507.07138,757.48895,489.02103,0.010288461,98.33871,686806.25,DOS-HTTP_FLOOD
23.265726,8.792431,62.67782,738.5244,-0.057673734,0.069287814,0.23449688,0.016556878,0.61908066,0.0054413923,-0.011820606,72.69803,5.1756473,1.7451403,10.751427,0.34007418,-0.006044699,0.021619424,0.001645186,-0.028066495,0.016762868,-0.09800194,0.808255,0.08155877,-0.045721285,-0.028384829,0.08092873,0.047933996,1.0389073,1.0585248,71678.77,171.29503,1306.6759,870.89417,257.8221,852.8279,-0.00012457192,102.098564,149980.52,DOS-HTTP_FLOOD
35.228786,6.4576483,67.7275,-1895.6938,0.06231232,0.26031384,0.04074222,0.23803268,0.8552498,-0.02123402,-0.019785892,89.537735,30.525421,1.4167285,8.345481,0.5046814,0.08594777,-0.1306198,0.0012716558,0.11097148,-0.037866734,0.040614862,0.9021017,0.03353871,-0.025859086,0.09570155,-0.048499744,0.07180165,1.0093188,0.9619873,65020.957,152.6861,3258.472,536.4738,697.0025,623.8327,0.009991217,106.084816,517879.97,DOS-HTTP_FLOOD
27.904947,6.6931305,72.89301,11565.112,0.054065395,0.15209539,0.3091151,0.13002923,0.60189956,0.1023058,0.016424,63.119164,11.6130295,2.4200459,18.700708,0.5300372,0.061085295,0.04478438,0.030188823,-0.07032826,-0.048273075,0.01674642,0.8996947,0.023617255,-0.0013761083,-0.028753411,0.015511081,-0.0436585,1.0006831,0.9695973,33051.12,60.167892,1585.7052,331.47128,480.38525,307.22626,0.00034712008,103.6995,282514.3,DOS-HTTP_FLOOD
22.205643,7.487358,64.041084,-4007.145,0.011305836,0.06907616,0.5341443,0.06161211,0.27566707,-0.017231915,0.0039325887,43.781162,7.124049,1.0289143,19.955173,0.3788179,0.033367064,-0.0041683763,-0.048197076,0.03065398,-0.04966993,-0.04124256,0.83790344,0.14505963,0.028729286,0.010067738,-0.045529347,-0.050295494,1.0857351,1.0462972,20082.316,59.501778,1618.065,198.79126,413.6828,190.46744,0.0025792515,108.41343,200607.9,DOS-HTTP_FLOOD
35.81197,6.5322113,76.48395,6455.617,-0.0007334817,0.26670468,0.14317459,0.23697105,0.75372976,0.06264102,0.031471223,81.47667,24.62428,0.32301143,12.665057,0.51255935,0.10181675,-0.048042744,0.07891698,0.019642243,-0.0053139986,0.080753855,0.8449236,0.06816289,-0.01594634,0.023530925,-0.004363889,-0.005719783,0.98767203,0.95031434,59025.2,65.08412,2711.9727,480.67108,655.0275,502.79587,0.0010450264,109.515396,583548.25,DOS-HTTP_FLOOD
32.200207,6.523356,83.86478,1174.0303,0.014006451,0.31001616,0.16170965,0.16786733,0.51901454,0.03307301,-0.006215009,46.490948,29.602581,4.539,15.4514265,0.41430548,0.4739499,0.027788132,0.015029579,0.02536878,-0.07241734,-0.10764061,0.9144533,0.025172507,-0.050056126,0.017320447,0.036926378,-0.042465683,1.0050926,1.0226351,61524.344,60.74072,3057.045,647.2985,838.9912,652.49634,0.0010622457,101.27316,723020.8,DOS-HTTP_FLOOD
35.133385,5.560625,71.351974,2837.763,-0.03862934,0.28037378,0.12802655,0.03659795,0.8371977,0.0076129884,-0.0024661445,83.882454,27.680836,0.67161447,6.0452986,0.477679,0.06974844,0.038748883,0.044641625,0.046325415,-0.05855918,0.0027489522,1.0107436,0.027087478,-0.004268496,0.026779596,0.0034874724,-0.01569145,0.9815109,0.94982153,47805.39,62.42789,1921.8666,354.32803,514.91345,393.4172,0.0011667127,100.45931,360586.72,DOS-HTTP_FLOOD
31.885807,6.196536,80.42705,7305.2915,-0.019384747,0.35491678,0.074094616,0.1404583,0.57882833,0.031119082,-0.07971789,53.991333,32.047516,1.470337,10.824825,0.27495208,0.41557524,0.013115628,0.07053854,-0.060901493,-0.06050436,0.008113439,0.8901691,0.07763443,0.028696703,0.014360225,-0.035246097,-0.03281404,1.0253597,0.9809161,46356.266,59.577503,2408.2903,431.33725,631.1239,433.30682,0.0004925489,100.18996,460006.25,DOS-HTTP_FLOOD
32.415997,7.4018173,70.609535,573.7883,0.054004468,0.25045994,0.15754786,0.4137001,0.8521111,0.05658231,0.03879753,96.403946,25.96075,3.7522345,12.6045685,0.6897548,0.0215555,-0.0024650479,-0.005218098,0.06277696,-0.019030211,-0.00029045623,1.0214455,0.04997431,-0.043775357,0.009350982,-0.030196965,0.0005070027,0.9725331,0.95941764,69114.91,57.53314,3181.2688,627.76044,850.4062,645.15765,0.0014571317,104.204926,802031.0,DOS-HTTP_FLOOD
32.093697,5.3186913,66.69324,1402.8303,-0.018043522,0.21767898,0.07550959,0.35263997,0.7553363,0.009679636,0.024854152,75.04537,19.854746,1.2285999,10.529126,0.62901044,0.041364342,0.02235326,0.019276373,0.023482649,-0.025064498,0.009172404,0.98567533,0.02226811,-0.030696513,0.04317981,0.03140014,0.0035772007,0.9529731,0.9275822,46296.867,60.27137,2021.7437,398.8815,555.0091,392.42728,0.0054997425,97.79344,412356.44,DOS-HTTP_FLOOD
29.957535,6.5736804,71.01394,812.8738,-0.008034696,0.1370013,0.14799504,0.37261942,0.72658604,0.035101272,0.030000256,76.725945,11.756704,1.7141132,13.071871,0.68397135,0.17536965,0.00485783,0.0017508026,0.008336831,-0.0452644,-0.04161362,0.95049226,-0.0038566696,-0.065342374,0.021858273,0.014704715,0.009581269,1.0004609,0.9886305,94984.125,57.933,3199.517,937.52,958.62036,942.2385,0.0006555751,108.50481,832765.7,DOS-HTTP_FLOOD
33.315582,7.4967484,66.9234,7363.7764,0.02026425,0.2796824,-0.019040003,0.1456063,0.58295614,0.056420937,-0.07168495,65.41677,29.205246,7.453625,12.382099,0.6662265,0.11886916,-0.042358372,-0.010882159,0.034911796,-0.06460043,0.13735281,0.8771882,0.084676646,-0.002129327,0.011085613,-0.04494696,-0.040454186,1.0191677,0.95971596,65129.23,64.26578,2729.7908,650.31683,741.462,604.9418,0.00046433852,100.44055,760282.3,DOS-HTTP_FLOOD
26.194237,8.54888,66.57466,72436.04,-0.0009135157,0.13933635,0.10332278,0.12619065,0.4575381,0.0037507801,-0.014521612,65.78074,12.170555,0.76488525,14.455914,0.28152302,0.44544163,0.015801305,0.09346432,0.051240694,-0.06373562,0.017588869,0.722894,0.0803094,-0.030887544,0.05107288,-0.057287175,-0.05335353,1.0311308,0.98579514,69225.86,60.08801,1975.2272,514.70355,500.6081,509.38153,0.0007702714,119.31153,500406.56,DOS-HTTP_FLOOD
30.310001,6.4722147,71.62286,159.1875,0.09497552,0.2043875,0.05728491,0.2891228,0.62293625,0.085172646,-0.030894194,71.69407,16.439728,6.1078267,10.283104,0.7463155,0.23140155,0.067043565,-0.00043891836,-0.009170351,-0.031955045,-0.0015090778,0.91833836,0.0011928454,-0.0046836934,0.032594495,-0.0068821386,0.08135608,0.93643326,0.94401914,87044.15,58.93887,4600.142,742.2482,1046.1437,687.3779,0.0059427405,118.43945,1.1162349e+06,DOS-HTTP_FLOOD
31.89393,5.3298883,69.64808,-2019.4321,0.0505288,0.19094978,-0.029752163,0.09204861,0.8427929,0.07640236,0.067369804,87.63075,18.530125,4.722289,1.4827223,0.44808382,0.47381026,0.07435135,0.012998192,0.01904927,-0.0194815,0.017870706,0.9014479,0.07360913,-0.0116999075,0.014986211,0.012776259,-0.0058432855,0.9746409,0.97475064,56057.508,61.121384,3115.778,548.40405,743.597,526.0191,0.0051728464,98.600395,606272.44,DOS-HTTP_FLOOD
23.97652,9.46163,75.04619,2249.8289,0.029652359,0.13850129,0.18386094,0.0964263,0.50284547,0.021512413,0.0074563194,55.201035,12.81967,2.6519144,8.146481,0.3305256,0.05670588,0.029993346,0.009214463,0.02290513,-0.036571614,-0.037452362,0.73462427,0.21665679,-0.036843665,0.0650782,-0.045663375,-0.058129296,0.9658892,0.9484515,22521.111,57.39565,549.97144,86.133286,89.00643,81.24599,0.004832694,88.79554,24626.215,DOS-HTTP_FLOOD
31.435284,6.302169,85.12307,-2416.7598,0.029749803,0.29796025,0.17618091,0.112498954,0.7830921,0.09961426,0.022364765,87.693405,31.426622,1.4189197,8.989161,0.51859987,0.17349839,0.005129422,0.020511514,-0.04994928,-0.071716376,-0.050917383,0.89959866,0.06467474,-0.065985754,-0.008124227,0.03989642,0.007211137,0.9404749,0.9749387,57394.65,59.20023,3511.0935,630.4759,790.6906,618.8836,0.0020900455,112.09641,542624.4,DOS-HTTP_FLOOD
27.961056,6.3390603,56.90494,6050.7583,-0.09958275,0.18659197,0.025568701,0.15247782,0.52719784,0.050806444,0.00073128846,58.50806,16.68588,0.69172555,6.380826,0.4414478,0.42587373,0.031855687,0.014385145,0.03310985,-0.036795255,-0.025463065,0.8339675,-0.0013548061,-0.051340535,0.062458757,0.00020690262,0.0049150456,0.9930592,0.9240457,77445.07,58.658993,2481.3132,777.5798,803.6802,835.6443,0.00028411098,100.673615,774915.5,DOS-HTTP_FLOOD
23.67301,8.798258,62.694546,8397.189,0.06290162,0.18883027,0.28936002,0.21092036,0.44079614,-0.03245475,0.048971977,56.959747,23.89001,1.842937,15.608262,0.4658738,-0.11080034,-0.00022341497,-0.01953832,0.03527533,0.024550699,-0.013982914,0.7380435,0.1878763,0.03244459,0.04321094,-0.022547044,-0.07653503,1.0302011,0.9361028,21081.287,58.28687,852.7971,169.15155,196.24435,197.17798,0.0051792883,89.49264,71104.03,DOS-HTTP_FLOOD
36.948135,5.281163,63.97409,-1790.3242,-0.07624502,0.29522192,0.28012505,0.069083266,0.7455299,0.0060987663,-0.009884523,70.3298,27.733269,0.16508879,15.923416,0.66588724,-0.010553681,0.013766725,0.04719388,0.0841936,-0.04724942,-0.011356155,1.0301478,-0.039140835,0.021538073,-0.006415178,-0.036024485,-0.052905973,0.9883268,0.96800673,54320.574,107.979965,2476.6897,439.76642,705.7258,510.3556,0.0006029135,106.04607,638404.6,DOS-HTTP_FLOOD
28.433723,7.5649433,63.781162,9783.066,-0.035927106,0.36891577,0.16268829,0.11351239,0.52240646,0.014174823,0.0018975046,53.840702,31.958723,1.1246829,11.490035,0.29404855,0.36357757,0.016954245,0.03704074,-0.010829367,-0.053386085,-0.05234021,0.8916325,0.029336886,-0.009494837,0.061171014,-0.042771354,-0.021362223,0.9750798,0.96303266,38662.484,59.059208,1219.6215,291.43747,344.96838,310.6497,0.0004255734,96.9645,202213.61,DOS-HTTP_FLOOD
33.376938,6.1352005,77.7934,7862.437,-0.031152574,0.40558502,-0.006400349,0.17320798,0.68237954,0.02773045,-0.001027137,59.43028,34.30658,4.205825,4.1483335,0.38493598,0.4258558,0.042019017,0.004597972,-0.036930934,-0.068750486,-0.0043576397,0.94257104,0.0366021,0.0020665163,-0.024370505,-0.0095207095,-0.06526951,0.9997403,0.98875576,44114.465,63.06928,2270.538,493.9754,626.72534,499.55698,-0.00039174024,97.47942,404849.9,DOS-HTTP_FLOOD
30.519562,5.2736616,66.27384,267129.84,0.06899047,0.13120866,0.3995921,0.07064729,0.7974306,0.0785173,-0.050567534,81.61831,12.995416,4.0105944,17.275913,0.40900502,0.11659365,0.041640908,0.015455432,-0.006630537,-0.008089956,-0.11502853,0.96480167,-0.0074043465,0.03244746,0.0632484,-0.039538622,-0.007746843,0.9820921,1.0095667,51293.414,61.21035,1898.5145,401.33804,449.79306,324.58118,-0.00016700647,112.92259,285882.47,DOS-HTTP_FLOOD
27.565645,7.854511,76.76465,4007.7087,-0.016443772,0.16026442,0.17564847,0.27019772,0.6964716,0.09242518,0.042058334,87.422134,14.463314,1.1063422,12.105421,0.7453463,0.04970777,-0.004881136,-0.02126443,0.067149706,-0.06247989,0.013263991,0.9960059,0.030962018,-0.021314101,0.040345185,0.013316365,-0.032593347,0.94957954,0.97445273,116218.28,55.859882,5486.3965,1143.5704,1437.1211,1105.2052,0.0010668148,117.25524,1.5724932e+06,DOS-HTTP_FLOOD
31.600468,4.2500896,69.534096,-3510.3252,0.042970624,0.22941731,0.20941094,0.17657012,0.7681802,0.046614133,0.043695625,68.015564,20.050732,4.372656,13.408211,0.56451136,0.22016552,0.014748143,0.012836615,0.034673817,-0.055216715,-0.01681563,0.9895947,-0.033774454,-0.07707119,0.043496653,0.013771996,-0.05939593,0.9736637,0.98079497,42826.75,60.671894,2043.827,332.27145,509.94507,352.29977,0.0012423884,100.211685,337215.5,DOS-HTTP_FLOOD
26.621693,7.818473,65.85665,186592.88,0.08846235,0.05954183,0.26757845,0.2966179,0.78915185,0.012714541,-0.046115845,91.2468,4.858361,1.2147133,13.760492,0.25826773,0.030761039,0.13372996,0.043927077,0.07370605,-0.012441891,-0.01634898,0.69853485,0.18347287,0.06321184,0.036496237,-0.072636016,-0.10149438,0.955106,0.9170754,26404.336,59.604183,1439.8351,206.15967,179.0777,148.4802,0.0014078923,113.14836,69219.63,DOS-HTTP_FLOOD
35.667046,4.782305,62.038292,425.96948,-0.011271042,0.23724726,0.20943566,0.08589236,0.812331,0.009406294,0.025438756,72.48015,22.335337,2.7595546,14.498405,0.875254,-0.05636231,0.04322978,0.0043678703,0.040206086,-0.05585305,-0.0022406504,1.0557711,-0.11122207,0.009686083,0.080185294,0.051374715,-0.035901345,0.983708,0.978671,62952.996,72.52051,2593.7778,571.049,755.4067,615.48486,0.0008127209,108.36023,602248.2,DOS-HTTP_FLOOD
23.63027,8.518679,67.450325,-1275.3994,-0.0784522,0.093553215,0.17698468,0.099759705,0.5514015,0.061616234,0.007583829,74.71405,7.758682,-0.15669735,10.34072,0.35926566,0.2792878,0.04995908,-0.025486723,0.033616133,-0.0575215,-0.0828378,0.8219961,0.1544498,-0.046722658,0.028845368,-0.020376684,0.009030089,1.0181059,1.0070603,90143.96,58.212208,3580.0146,971.9902,939.87665,970.3029,0.001252333,103.564415,770123.0,DOS-HTTP_FLOOD
27.996136,7.4490366,64.48575,4093.1863,-0.08238523,0.28927585,0.098760486,0.116512634,0.37298673,0.033230804,-0.011027111,42.934273,25.995857,-0.107727386,14.370666,0.4871437,0.04107937,-0.009827981,0.047862697,-0.036752477,-0.06376987,0.014871202,0.83137023,0.07233082,-0.054039985,0.038332943,-0.010061938,-0.027384648,0.9806841,0.9592182,58653.566,65.46207,2467.4036,664.4241,753.0793,686.99084,0.0011704226,98.72397,537289.8,DOS-HTTP_FLOOD
27.451618,8.163566,66.27463,1738.6138,-0.039446265,0.40574008,-0.059153765,0.10922618,0.2980574,-0.01693143,-0.044238135,40.67517,33.27276,0.035483856,2.3983269,0.30413562,0.1584123,0.014322104,0.0027283793,-0.0068112975,-0.040064212,0.00554319,0.7136192,0.21682017,0.006096887,0.05214431,-0.041461788,-0.036479827,1.0292498,0.98388135,54756.227,60.557087,2790.3855,532.1936,667.7846,581.643,0.0014794423,101.38925,475316.1,DOS-HTTP_FLOOD
27.86549,5.666504,59.560123,5032.165,-0.016841484,0.25265393,0.47265664,0.07840579,0.41493282,0.05784612,0.03704992,45.18151,26.314678,1.4546213,19.814915,0.41960832,-0.009433706,-0.025437046,0.042330105,-0.05096797,-0.051164966,-0.0012309337,0.938311,0.025038412,-0.0068568215,0.05566928,0.025829993,-0.105391994,1.011227,0.9960916,29255.74,60.16038,1584.305,328.3206,494.51324,325.11487,-8.219278e-05,100.42784,288859.03,DOS-HTTP_FLOOD
34.609608,6.348879,63.538242,-738.4839,-0.03691794,0.31706244,0.13264497,0.24165224,0.7476262,0.109127246,0.026705742,77.486664,33.38442,0.76097834,11.688864,0.67124254,0.23425193,0.043997176,0.004027048,0.049182717,-0.07868006,-0.09004974,0.9852997,-0.033408947,-0.039772473,0.046368074,-0.0667712,-0.030448776,0.9462778,0.9929912,90816.29,60.941372,4257.6973,1023.8935,1185.4156,1025.8264,-9.390016e-06,112.40526,1.1115662e+06,DOS-HTTP_FLOOD
32.83962,4.688184,67.09892,14917.217,0.01889426,0.16364424,-0.055045318,0.39120212,0.8033049,0.036829438,-0.028428592,81.0738,16.196907,0.54222167,0.26080236,0.7149352,-0.17271729,0.02030898,0.053263236,-0.012143873,-0.07273377,0.023866856,0.9370993,0.018034628,-0.0029385416,-0.01091048,0.06379029,-0.028051957,1.0175924,0.9720955,64554.805,71.35621,1962.7515,706.92163,637.15155,733.37384,0.00024429677,104.27049,456678.34,DOS-HTTP_FLOOD
26.343529,6.5333257,72.5269,-515.7329,-0.018416248,0.15403067,0.1047131,0.14281632,0.5327871,0.042368155,-0.0035187649,62.746834,14.667959,2.595049,11.947697,0.599025,0.05846299,0.020812025,-0.0029970845,0.013726011,-0.050066523,-0.035262693,0.8455515,0.101037614,-0.06005146,0.006260314,0.04950743,0.027647689,0.99165434,0.95338094,67515.55,60.214806,2270.1458,633.2631,669.2514,620.8376,0.0059721484,98.5806,484767.84,DOS-HTTP_FLOOD
26.626297,8.168414,83.41469,8174.2803,0.00655178,0.140942,0.08038141,0.10347199,0.4083735,0.013738686,-0.0061935512,51.316147,12.122305,1.4119563,12.338606,0.56395245,0.04727535,0.0545735,0.025823243,0.05097208,-0.07080387,0.016440835,0.76216286,0.16105282,-0.039968446,0.045498054,0.029085565,-0.039792288,1.0264295,0.96256095,52946.312,59.89409,2649.7727,472.21304,603.19086,432.87527,0.0031450433,98.48946,421359.4,DOS-HTTP_FLOOD
29.566692,5.2416244,64.3327,3610.8884,-0.012083649,0.3132238,0.51006806,0.138971,0.47976282,0.009697047,0.07245152,49.090694,29.210255,0.747398,19.783895,0.34571868,0.047084168,-0.009619532,0.059502292,-0.016502293,-0.056488633,-0.029068083,0.9851756,-0.050904624,0.024625242,0.04713278,-0.010823127,-0.04611546,1.0153478,0.961631,19479.633,59.68333,824.47943,105.979805,245.37521,126.9351,0.00043626403,102.30869,124042.38,DOS-HTTP_FLOOD
32.25528,5.208263,61.071026,7526.924,-0.050421614,0.17890894,0.13577314,0.40729743,0.8432307,0.08229497,0.0855995,83.36773,18.369867,0.38202256,16.138441,0.61388254,-0.0013054832,0.109540015,-0.023263412,0.07478987,0.019007407,0.06587439,0.9769047,-0.033127572,0.014548676,0.044309244,0.040293925,0.00532018,0.9203829,0.9249285,36164.867,80.0516,1940.9261,479.34778,548.3007,469.23337,0.0021697064,99.95171,340088.3,DOS-HTTP_FLOOD
29.49374,6.971975,68.00095,3211.5771,0.009355246,0.27180794,0.104605965,0.08822321,0.5156145,-0.006174464,-0.0049287966,56.894318,29.046532,1.3542008,8.535189,0.63941115,0.016228551,0.05038269,0.06290774,0.050080676,-0.052051958,-0.003379439,0.8739285,0.06693987,-0.041617624,0.023745678,-0.023741279,-0.04902475,0.9812094,0.96784127,65868.16,58.929916,3085.9216,583.3668,739.16016,578.969,0.0011664124,99.543686,687253.25,DOS-HTTP_FLOOD
29.374609,7.7541704,97.33096,2760.517,-0.03148465,0.19197117,0.067591816,0.08881304,0.6447847,0.0061809104,0.059083667,81.65761,16.450651,0.48231345,3.7782214,0.5173499,0.07529744,0.0037205545,0.04530759,0.040840846,-0.07812769,0.058339532,0.81969434,0.08543908,-0.03126432,-0.0044410094,0.04250532,-0.011940793,1.0152106,0.9979322,87323.26,59.541927,3529.8528,744.349,876.0814,708.99817,0.0014944166,106.24902,1.2355069e+06,DOS-HTTP_FLOOD
29.502125,6.6462727,60.076553,15103.49,-0.033898294,0.27326664,0.013087403,0.090800814,0.5411324,0.027500466,0.012602367,65.3636,24.550953,1.0487007,2.6280174,0.41704223,0.2697299,-0.0148262475,0.04168853,-0.004554689,-0.034640502,-0.04366743,0.8144539,0.043237444,-0.052481774,0.100920156,0.036892813,0.0058127847,1.0120239,0.95540816,49292.465,60.16395,825.4304,350.7995,198.00208,435.50125,0.0005270648,102.4396,111235.56,DOS-HTTP_FLOOD
34.80602,4.870596,64.07985,2593.7275,-0.020624466,0.24030232,0.09003519,0.13179325,0.86998755,0.017439907,0.05752176,88.974014,21.690578,1.12732,6.6884375,0.67500955,0.06571054,0.035716567,0.021962745,0.006935601,0.0055048754,0.006873361,1.0493097,-0.06683462,-0.052247565,0.052598342,0.00074306503,0.0018424448,0.9249172,0.8967846,58969.336,59.167717,2246.8003,548.85565,691.0228,566.3479,0.0034649393,102.53125,555359.6,DOS-HTTP_FLOOD
31.860579,4.9519067,64.99334,10453.033,0.050222926,0.4337239,-0.005909344,0.2507511,0.43748382,-0.03980477,0.031149134,59.22771,36.064034,1.243924,10.199253,0.4666248,0.02590089,-0.060472324,0.06642894,0.005939584,0.063475676,0.03520571,0.83718956,-0.024371883,0.0074743405,0.18811214,-0.01670182,-0.006217072,0.8938047,0.90330946,30943.707,55.992413,1907.6882,100.58724,316.022,199.35587,0.012451455,104.939316,227445.48,DOS-HTTP_FLOOD
26.992485,4.7368593,61.398678,9669.803,0.0801032,0.077649154,0.15866998,0.14675473,0.67581594,0.06167437,0.055903163,74.86553,5.0093594,3.4707599,10.917387,0.7097885,0.024376268,0.026930718,-0.006942451,0.039866604,-0.009623891,-0.007407432,0.88416666,0.017645633,-0.03988722,0.09972122,-0.0008669868,-0.010298816,0.95952654,0.93250567,56162.203,57.555202,2450.3713,547.7658,629.9556,495.72916,0.008179522,93.69948,497201.28,DOS-HTTP_FLOOD
29.566216,5.555227,58.84526,21747.773,0.019286018,0.13974695,0.18910968,0.18115881,0.6560188,0.049765404,0.0076875994,76.51643,12.253632,1.176164,12.958174,0.8370567,-0.039435156,0.013447555,0.019288447,0.0126835555,-0.033187997,0.015323778,0.9744958,-0.0063868295,-0.043281462,0.062259775,0.0059651583,-0.029030347,1.0098486,0.9281715,70327.31,59.275723,2682.289,703.1504,787.1027,693.0354,8.124205e-05,103.641624,654249.94,DOS-HTTP_FLOOD
32.161663,5.770975,65.19742,4569.218,-0.017116457,0.11628609,0.06542965,0.13783948,0.7861255,0.065082796,0.008688391,86.98938,9.740577,1.3100626,4.92307,0.6134411,0.07062035,0.012209857,0.011470244,0.07658115,-0.01821882,-0.02426102,0.95451856,0.037448127,-0.04908733,-0.035327494,0.0025748415,-0.00624842,1.0419836,0.96420467,73797.33,62.453712,2457.5278,612.6888,658.7369,631.2942,0.00048011052,108.11494,565177.1,DOS-HTTP_FLOOD
26.932,7.936452,75.24202,-3926.519,-0.032768127,0.21976887,0.31239694,0.16712047,0.34607452,-0.0036210432,0.024312988,50.79755,23.824902,2.0045946,19.732153,0.43701357,0.08219518,0.008661504,0.016289799,0.004782472,-0.097245835,-0.05676489,0.84900016,0.09868186,-0.022601355,0.068980485,0.033960998,-0.051556002,0.9789135,0.9746948,32745.172,59.063225,1773.8009,252.75534,472.83282,311.06393,0.0063391225,107.43117,246326.36,DOS-HTTP_FLOOD
30.70243,6.954856,65.1141,1635.3406,-0.005202284,0.21399723,0.16840188,0.4101214,0.7840303,0.09369663,0.011398978,87.17117,20.790234,1.0645916,10.733896,0.66073227,0.11994501,0.01366115,0.018825203,0.03398095,-0.017456414,-0.0559758,0.979661,0.013616323,-0.039145917,-0.004188742,-0.061105542,-0.056722328,0.9884012,0.9430351,88214.88,58.217434,3870.6062,904.1763,1033.5616,889.9519,0.00062166795,101.41513,913060.7,DOS-HTTP_FLOOD
30.01343,6.219489,63.54617,4151.633,-0.0141834915,0.2393742,0.017139394,0.08723098,0.67689115,0.022451945,-0.011492576,72.16745,23.605661,1.0069079,3.3583384,0.62669826,0.06376061,-0.012268768,0.028707456,0.03610316,-0.023045935,0.0011447957,0.94442487,0.08135947,-0.08209024,-0.0414513,0.023598278,-0.05793473,0.9973835,0.93803954,66194.17,60.04028,2326.84,687.6455,699.5438,692.64325,0.00082407723,95.94932,594847.06,DOS-HTTP_FLOOD
31.91211,5.564258,71.125656,16732.902,0.099880725,0.19268025,-0.061666705,0.06986079,0.7734089,0.04009724,0.016780762,79.24844,18.347286,8.348387,1.3005637,0.56805354,0.3177577,0.046874113,0.040053893,-0.026795065,0.006942763,-0.0025534676,0.9490351,0.05153216,0.007585496,0.03233082,0.041777384,-0.068388626,0.9526936,0.9337417,45379.94,58.76559,2166.513,437.7031,504.4598,425.31412,0.0012624835,100.316574,409796.56,DOS-HTTP_FLOOD
26.854322,8.147085,65.342186,5714.2275,-0.06559501,0.14906302,0.16124976,0.23269148,0.5329714,0.03355444,0.008083893,73.286064,14.296328,0.20722184,15.225452,0.7292705,-0.08642146,0.019740926,0.03942123,-0.006531342,-0.057700187,0.036986947,0.8642397,0.06492792,-0.021237392,0.03702429,0.02938356,-0.013677523,1.0352613,0.9803055,90704.43,60.27954,2623.0757,991.06604,840.30237,1026.7676,0.00036228576,110.3174,800872.2,DOS-HTTP_FLOOD
29.340849,7.0101748,67.883675,7729.8667,-0.049739685,0.2124943,0.13785225,0.3918228,0.4528499,0.041526772,0.04773684,45.69223,17.779325,0.36064112,18.549809,0.6089145,0.07229995,-0.0054261135,0.0047275517,0.02183016,-0.019954167,-0.008826995,0.865324,-0.0055189235,-0.04567832,0.039014474,0.009849327,0.041794844,0.9974555,0.9718419,64008.72,60.479618,1643.7772,559.6438,582.90424,596.93164,0.0002711767,105.40403,447194.88,DOS-HTTP_FLOOD
32.452404,3.2244008,61.315247,40200.418,-0.042977266,0.44302198,-0.07464636,0.18054064,0.7599202,0.1586792,0.14718282,84.455635,37.124966,0.63431907,0.20428441,0.2921884,0.28315088,-0.13728288,0.009984266,-0.11276413,0.03894345,-0.041066132,0.64915115,-0.026559431,0.084865384,0.15711798,0.07880062,-0.06823364,0.91219914,0.8860508,50077.1,56.969097,1372.011,286.52728,253.93634,300.644,-0.00048067136,120.981445,171794.06,DOS-HTTP_FLOOD
25.358166,8.636072,80.549515,6106.617,0.008581019,0.21901856,0.10039068,0.20057426,0.5438383,0.036875293,0.011248226,67.76825,26.347513,2.6607225,12.424944,0.43568164,0.034780968,0.030627266,0.0042188773,0.042294715,-0.0054394384,-0.046231046,0.72075886,0.19785337,0.009119433,0.089909405,-0.011895023,-0.020593854,0.95909524,0.9077537,42700.176,55.94361,1951.848,444.3896,511.00854,436.1104,0.007335607,91.649826,322708.62,DOS-HTTP_FLOOD
28.825802,6.3841558,63.51851,11178.196,0.005986728,0.08480858,0.2854839,0.06498958,0.85778743,0.0043110764,0.004888312,83.739204,7.594039,0.6638694,9.197598,0.61394334,-0.052165158,-0.0091111185,0.031092634,-0.047120877,-0.02138882,-0.018601239,0.97568625,0.006270701,-0.014265873,0.0045204246,-0.017463546,-0.04799638,0.9987453,0.9758477,46076.375,59.190002,1757.0886,410.58774,535.76874,426.55423,-6.124815e-05,95.48275,345034.03,DOS-HTTP_FLOOD
35.21783,5.2011757,56.99764,7061.282,-0.03423694,0.24596944,0.21406949,0.31044543,0.8875454,0.08940418,0.031768117,86.26789,23.465101,0.16363047,14.409347,0.7976547,-0.052999582,0.01119431,0.028337527,0.03813637,-0.00023474451,0.095803134,1.0947742,-0.05378295,-0.016786039,-0.032348566,-0.02803773,-0.03160194,0.94785863,0.91666263,66748.17,65.94668,2747.0728,740.9152,839.473,759.6637,-0.00012078007,100.78201,836653.56,DOS-HTTP_FLOOD
30.417303,3.9102242,58.077747,-3916.5151,-0.008191484,0.1926261,0.34719497,0.029458467,0.6180235,0.043324385,-0.007222882,49.52606,15.966683,2.9882593,17.96991,0.44595805,0.28309903,0.0039933715,0.007292786,-0.047976106,-0.017726617,-0.044086196,0.9933741,-0.068110205,-0.04262623,0.10355063,-0.023127208,-0.024813114,0.9869269,0.9520278,27330.627,63.587536,1193.1005,171.45294,334.66086,184.24442,0.0019130701,94.37338,188445.14,DOS-HTTP_FLOOD
31.049519,5.669875,70.964386,212.73877,0.027478494,0.10963227,0.32069564,0.35343042,0.72482073,0.017429972,0.04886363,64.59063,9.530931,0.599279,18.945257,0.7336444,-0.009761847,0.017943718,0.0032724207,-0.004983456,-0.0273198,-0.012124431,1.0384728,-0.02439105,-0.017879618,-0.019616997,-0.018869068,-0.005552396,1.032267,1.0120616,46369.633,61.944187,2061.5928,513.55237,669.7799,501.84265,0.00030554077,96.94403,444552.06,DOS-HTTP_FLOOD
27.339798,8.994024,68.45939,3358.603,-0.13922738,0.24648224,0.12211408,-0.010403761,0.51535684,0.030368615,-0.09099238,53.919495,24.270004,0.28768724,12.4554615,0.3221673,0.036868315,-0.0012299418,-0.0032479176,-0.018297449,-0.011353731,0.02679075,0.8033243,0.09136654,-0.026779868,0.01919987,0.021507582,0.007197223,1.0461088,1.0347455,58191.617,172.3089,1956.8612,729.12946,540.91315,769.40753,0.00013734182,99.26607,373792.7,DOS-HTTP_FLOOD
28.87671,6.214338,63.570812,41162.477,-0.010460745,0.15221678,0.18770991,0.06525871,0.6184007,0.076350406,0.031224333,72.70983,13.734955,1.0350776,17.516024,0.39323258,0.3649461,0.060117435,0.083706394,0.03634482,-0.07221499,0.018600779,0.8840987,0.011976104,-0.01765846,0.068362795,-0.00080574304,-0.031309113,0.9621334,0.9695653,49130.15,60.46236,1848.9066,467.34985,489.23804,409.15405,0.0012115279,115.079475,368024.16,DOS-HTTP_FLOOD
27.176544,7.3732705,62.73689,13709.471,-0.0044745486,0.23051381,0.29935843,0.11754695,0.4522939,0.017143939,0.02172571,44.92662,20.020924,0.19955099,17.705387,0.52265143,-0.003827165,-0.00038640574,0.01928624,-0.050939053,-0.037063353,-0.001786123,0.85498065,0.032619186,-0.037182666,0.06652204,-0.02431038,-0.037009023,1.0236518,0.97534496,36448.418,58.851254,1469.1898,353.9951,497.30396,361.58752,0.00014145033,90.48205,316974.9,DOS-HTTP_FLOOD
28.5746,7.000905,69.711105,3335.7144,0.018906815,0.1578083,0.20593902,0.17272566,0.75904655,0.017034056,0.043917116,87.23486,14.229852,1.5636283,13.222149,0.5932061,0.058945715,-0.0077602263,0.032272443,0.00484901,-0.018140431,-0.055012554,0.91219366,0.052277222,-0.010888153,0.018691879,-0.03805514,-0.0350621,0.969992,0.9365168,62290.074,56.30332,3412.744,518.79565,773.77686,517.7098,0.0029008412,104.27164,622198.4,DOS-HTTP_FLOOD
33.920986,5.93161,65.15781,6015.065,0.0010633655,0.3023502,0.05115272,0.03944469,0.6297647,-0.005448551,-0.06397622,58.839172,32.776535,0.0739401,1.9588493,0.44916314,0.035554983,0.014294999,0.11509843,0.0648143,-0.02997218,0.049949832,0.8911069,0.045228206,-0.06951134,-0.07807957,-0.017082551,-0.021682512,0.9913289,0.9494651,57162.81,69.661766,2427.2595,582.3289,633.3071,583.16425,0.00080195046,103.18262,599305.1,DOS-HTTP_FLOOD
26.605648,8.455508,67.31635,4890.697,0.06907399,0.12215395,0.05369771,0.2384959,0.4821367,0.039643366,-0.037807908,68.30804,10.346006,4.453944,14.367455,0.75247085,0.09470295,-0.011110142,-0.003168825,0.0016458984,-0.025406573,-0.050198473,0.8432388,0.13320507,-0.016660158,0.035686675,-0.060939755,-0.009260335,1.0186981,1.0310785,123877.41,62.206852,5102.972,1442.0176,1346.5142,1407.7153,0.00021628458,109.938034,1.3040024e+06,DOS-HTTP_FLOOD
29.51009,6.710053,88.78413,15450.572,0.008862586,0.13093837,0.31961885,-0.006872311,0.7134792,0.024004264,0.08251023,74.61466,12.392179,2.4131155,13.374599,0.38841963,0.057641532,0.09602026,0.01434823,0.021984264,-0.061704237,-0.02417079,0.94928664,0.047000967,-0.005333398,0.03280476,-0.0029898528,-0.04714221,0.9788754,0.96064746,34785.438,59.886826,1861.2229,327.03574,467.75433,277.24487,0.00062224246,91.77244,298231.88,DOS-HTTP_FLOOD
33.309494,6.327914,96.846725,-1954.6821,0.009597064,0.2738311,0.16468695,0.14043151,0.81834906,0.054347325,-0.010456411,89.73046,29.194561,1.0936238,9.654728,0.64951587,0.03900066,0.017781664,0.0075570676,0.052765407,-0.08805125,-0.06435689,0.947507,0.04586088,0.011443865,0.014561741,-0.06375018,-0.054266755,0.9474902,1.0181041,86977.914,61.55037,4912.571,866.2076,1157.1161,897.7258,0.0037745,107.44989,1.0628002e+06,DOS-HTTP_FLOOD
27.941788,7.784178,76.6712,50803.805,0.11017816,0.07092216,0.07525837,0.12053942,0.8356858,0.008522317,0.033003964,102.39689,7.109485,3.9005578,-0.1856088,0.49749908,-0.029156774,0.056060683,0.021167647,-0.026007261,-0.024910104,-0.06673917,0.7726222,0.23246635,0.016512975,0.049008884,-0.017155096,-0.05846843,0.99670976,0.9281124,42791.484,57.263958,2172.4077,434.50803,506.48804,415.73398,0.0052020326,103.0302,307485.94,DOS-HTTP_FLOOD
31.93591,5.047216,64.66549,3187.7212,-0.0850084,0.19027102,-0.008707193,0.26634023,0.74935585,0.035975814,0.010527651,82.31167,18.837246,1.6791875,3.8278513,0.5095848,0.30295816,0.040878575,-0.007145288,0.050837915,-0.061438162,-0.010728006,0.94146144,0.02332035,-0.032260645,0.015655853,0.052287783,-0.016684053,1.0174522,0.96204525,67530.16,66.607376,2614.7114,575.00085,670.4667,623.20087,0.0010864983,113.51993,466299.72,DOS-HTTP_FLOOD
38.356575,4.799358,64.79479,4230.5005,-0.048237957,0.31718156,-0.03278434,0.11889203,0.8105005,0.06614931,0.019876098,75.474106,30.895458,2.1081848,0.088106476,0.5079769,0.22743452,0.063721955,-0.014846234,0.072534785,-0.057140406,0.03506706,0.9740561,-0.022850145,-0.030521918,-0.034397747,0.055416964,-0.023400567,1.0008712,0.97241133,53060.832,112.161316,1604.1428,591.09216,498.0848,604.8408,0.00030266348,103.41803,316740.3,DOS-HTTP_FLOOD
35.57087,6.0155864,59.937325,8845.383,0.075721234,0.28343192,-0.12634166,0.5751848,0.86009806,-0.030398285,-0.027573204,92.26265,28.579021,7.470631,1.4342153,1.0604289,-0.064239345,0.023738129,-0.036981087,-0.0245134,0.015124559,-0.07633976,1.0325427,-0.06775616,-0.026886845,0.09060111,-0.07303758,-0.008722878,0.9319247,0.9198789,73363.18,55.20199,2952.359,747.2134,907.12634,762.89484,0.0049402956,114.13819,819157.94,DOS-HTTP_FLOOD
34.805305,6.5753474,63.602512,4541.4307,-0.0005287491,0.2685848,0.1452004,0.15309358,0.86826897,0.08271474,0.059875716,99.85062,26.395496,-0.16724886,5.711119,0.6868115,0.1130135,0.012241326,0.033225916,0.049245805,-0.080813274,-0.030450203,0.9872004,-0.05018842,-0.06719486,0.02083175,-0.07794739,-0.01192985,0.975205,0.9475154,80464.36,60.745285,3045.827,848.29205,867.112,873.24646,0.0006954599,111.750275,803736.94,DOS-HTTP_FLOOD
31.61576,7.3377066,59.56329,39233.066,-0.09111844,0.15820192,0.17515647,0.043389726,0.56371933,0.056832246,-0.09960182,60.232624,15.313405,0.47489744,11.228675,0.4836732,0.054000318,-0.013751693,0.034968607,0.03324008,-0.049224332,-0.023313675,0.84806824,-0.0018014276,-0.04126391,0.035004772,0.07871155,0.059810285,0.97493273,0.9886193,61606.14,124.09512,1576.9584,643.3276,475.63876,682.0127,-0.001251743,95.455,365603.3,DOS-HTTP_FLOOD
31.781437,6.797248,62.251534,27085.273,-0.05541782,0.26145807,-0.086304024,0.09126229,0.49341208,-0.01299926,-0.05554752,57.31952,22.115437,-0.17649385,1.1525513,0.34842238,0.4438122,0.019549344,0.06617374,0.038493477,-0.07074575,0.0065305224,0.8773942,0.036214918,-0.0777172,-0.004352813,-0.013112614,0.033256836,1.0586115,0.94845474,66387.05,60.549095,1920.3604,658.0813,592.34985,676.0658,6.699881e-05,97.798775,591217.0,DOS-HTTP_FLOOD
35.040817,5.9456406,69.37183,6713.3804,-0.07408965,0.43466908,0.056600537,0.03523688,0.7203872,-0.0155169275,-0.112673946,69.75811,35.335854,0.10067311,6.384509,0.23466784,0.4361057,0.024672972,0.05465966,0.010039065,-0.10505362,0.031373423,1.0064573,0.04623755,0.028175838,-0.029051835,-0.09244409,0.0056699757,0.97117245,0.9289357,43378.887,61.244923,2342.9597,354.51242,602.1384,330.72455,0.00029682342,98.63245,430157.44,DOS-HTTP_FLOOD
32.273766,8.253527,69.40075,-1492.8809,-0.008583478,0.2971625,0.139715,0.14237387,0.79864985,0.082895145,0.029311243,96.394135,33.525185,0.96675205,7.2053175,0.4885894,0.30578563,0.058246955,0.03620903,0.07676804,-0.09392732,-0.050708808,0.88069075,0.09096434,-0.008165367,0.04265193,-0.09741668,-0.07501919,0.92710835,0.9104905,68251.33,55.59609,4991.638,571.54175,1065.9972,598.7353,0.0035826166,113.49827,954277.25,DOS-HTTP_FLOOD
43.356476,5.799897,73.453926,11810.76,-0.022351705,0.5307226,-0.04518994,0.2231503,0.877295,0.018502682,-0.02807102,78.22474,38.7699,0.3410526,0.32907718,0.38606656,0.21191433,0.003708452,-0.00015590806,-0.06851896,-0.03525578,0.0033823028,0.9845822,-0.035031926,0.0607439,-0.044823766,-0.07504363,-0.08536735,0.96109116,1.0132891,64036.043,72.277794,3324.132,813.404,895.8912,768.3059,0.00016965147,109.31141,810391.2,DOS-HTTP_FLOOD
34.36711,5.488124,62.691177,8813.934,-0.0193241,0.2397656,0.23535779,0.2021956,0.9433306,0.026369633,-0.0021768315,85.30749,23.522522,0.35407212,6.8197637,0.7279904,-0.094141446,-0.007952078,0.06023092,0.016504565,0.014694735,-0.009009046,1.1045566,-0.05661745,-0.0055110827,-0.02573178,-0.05820354,-0.045300838,0.98509294,0.9369798,58419.188,60.72137,1897.4344,482.41034,653.3231,516.0814,-0.00037883443,93.27571,614077.9,DOS-HTTP_FLOOD
27.776407,8.04687,68.501625,3580.9468,-0.030902365,0.27242836,0.08435467,0.2189151,0.44370466,0.045766853,-0.021661598,46.742966,24.74677,1.0282003,5.9961915,0.4846412,0.02624246,8.217059e-05,0.06747192,0.024921587,-0.042895045,0.026144274,0.77672935,0.13648902,-0.07028385,-0.018117215,0.009465841,-0.051420797,1.0198009,1.0015928,73544.41,73.89633,2572.7935,734.6773,775.9016,763.9798,0.0008336255,96.84906,817077.8,DOS-HTTP_FLOOD
34.660336,5.069635,60.93893,5725.2188,-0.007719956,0.3623545,-0.06948469,0.021333395,0.6083899,-0.037658956,0.02876113,56.61108,27.177944,-0.0041138474,0.21771961,0.35167903,0.33449265,0.0818425,0.09789406,0.029277943,-0.0017439178,0.021015184,0.9469983,-0.057100054,0.0030557928,0.028537814,-0.056506507,0.03184303,0.95208377,0.94785607,48744.652,68.07739,1479.7947,391.4731,432.7672,413.29297,0.0025503535,93.36524,352831.3,DOS-HTTP_FLOOD
33.15156,5.804787,60.6509,1626.0005,-0.088340804,0.21976152,0.22655937,0.1720566,0.7325544,0.035959598,0.035278555,68.70391,16.939957,0.06497878,14.254019,0.5454019,0.10482377,0.034645543,0.05247146,-0.017795842,-0.072632395,0.054892287,1.0299574,-0.091619894,-0.06616418,-0.037382957,0.0077556954,-0.011346069,0.98242694,0.94210947,54812.582,79.19014,2502.694,451.2508,651.21857,455.42328,0.0005865007,100.94793,552837.7,DOS-HTTP_FLOOD
29.051445,5.5474577,62.489365,3573.6501,-0.021247521,0.24597111,0.10643384,0.2268087,0.63657856,0.024525262,0.029537903,61.173344,22.601204,0.9482932,7.7458277,0.48752922,0.21758309,-0.001270473,0.003025229,-0.009099421,0.0037296675,0.010736281,0.9307709,0.040030155,-0.041661747,0.038132664,-0.0044702925,-0.036198895,0.98573184,0.97481865,38339.305,59.71928,1741.6235,334.4318,481.91983,345.51666,0.0011033891,91.66182,267276.66,DOS-HTTP_FLOOD
33.20346,5.2042165,63.589428,-3021.1748,-0.031058408,0.30159146,0.2243091,0.27605748,0.6148861,0.07892887,0.06695402,59.91877,28.2365,0.5939063,18.95519,0.55793965,0.05296084,0.0015130453,-0.00026205555,-0.018962778,-0.032041863,0.03716329,0.9684237,-0.048462484,-0.024234327,0.040808916,0.032861862,-0.019455547,0.9245683,0.9835856,38535.92,66.53579,2221.3542,416.13547,626.2237,410.27008,0.0035573354,98.98767,416168.56,DOS-HTTP_FLOOD
29.082092,6.2528834,62.370857,-3769.974,-0.06699559,0.17602159,0.41583472,0.052970957,0.36070102,-0.010126624,0.029838542,39.62698,20.58342,-0.026423523,19.90988,0.53013414,0.0021707984,-0.04000794,-0.0069113495,-0.032887578,-0.05746343,0.011439681,0.9453416,0.0008249805,-0.03483018,-0.021811735,-0.057328712,-0.10366611,1.062768,1.0118939,39738.91,67.50727,2287.9294,616.12177,756.2619,616.31665,-0.00029934454,100.86718,570506.2,DOS-HTTP_FLOOD
29.101122,4.792812,66.21206,-8684.301,-0.024862733,0.14801815,0.5256533,0.16150063,0.5453639,-0.009954967,-0.0027662283,47.453926,14.7246065,0.31648114,19.844746,0.47373718,-0.0195037,-0.0004557427,-0.0648417,-0.034532066,0.01253188,-0.022508565,1.0328034,-0.0412319,-0.018128099,-0.04165498,-0.047890227,-0.048511513,1.1040215,1.07639,19921.855,67.62218,773.7238,182.02695,265.36227,180.84207,0.0015344016,95.37653,108980.9,DOS-HTTP_FLOOD
32.168808,6.1800866,89.819595,6666.777,-0.025176588,0.13569024,0.3101656,0.18919747,0.9844069,0.009266237,0.09885427,96.462265,10.505728,0.07419418,10.09316,0.4888961,0.04152404,-0.008003739,0.035059545,0.013257984,-0.041049276,-0.04224241,1.032265,-0.045186345,-0.052473426,0.030292723,-0.023644762,-0.012450394,0.99791867,0.94311965,53160.074,59.35931,1919.9902,447.51392,546.7802,446.42654,0.00045117474,101.65471,438660.56,DOS-HTTP_FLOOD
27.352634,7.005206,64.134514,5543.984,0.0023086276,0.19878201,0.30974165,0.049430646,0.31471995,0.05536949,0.012340615,44.07418,21.599495,1.7590036,19.680134,0.5775885,-0.0016676277,0.0041202456,0.04848789,0.04140184,-0.062186565,0.037485432,0.8626168,0.046306234,-0.009472174,0.058173683,-0.0019352045,-0.08824031,1.0282203,0.97868377,40471.59,60.567863,2149.5562,451.2403,629.7957,463.85526,0.000119569704,105.43113,456948.5,DOS-HTTP_FLOOD
32.444668,4.685422,68.70744,-2339.2505,-0.044580728,0.27260843,0.023973145,0.4659817,0.73336643,0.04641099,0.05914861,73.39055,25.342722,0.6374321,6.6578836,0.53640467,0.15503086,0.044515915,-0.0007081544,0.0833641,-0.02354455,0.0030411268,0.95169574,-0.026198199,-0.0725533,0.037395123,0.058767665,0.008268262,0.968781,0.94796395,61956.273,62.85565,2320.0422,577.345,669.2237,578.92834,0.006522026,107.653015,518700.2,DOS-HTTP_FLOOD
28.8004,8.245789,64.87515,11400.183,0.011551016,0.1973452,0.4892109,0.045675732,0.8745248,0.047833405,0.12015284,100.98158,21.273937,0.14252444,18.38868,0.18896087,0.06919828,0.015156215,0.04335378,0.061428815,-0.08845098,-0.03900439,0.9397625,0.03493051,-0.00029607443,0.052863613,-0.06153275,-0.012280102,0.98757863,1.0016111,27506.672,58.137665,1279.7916,330.32285,390.37027,302.6851,0.00026425687,103.91157,291042.53,DOS-HTTP_FLOOD
33.83214,5.6197004,58.195305,11608.719,-0.0367861,0.54883367,0.03535092,0.11933054,0.42827362,0.030055445,-0.111500874,33.46952,36.83452,0.66236234,10.488308,0.3572647,0.40287185,0.016075347,0.07275277,-0.08208379,-0.04045833,0.040117163,0.9330739,-0.01566638,0.015771562,0.053938955,-0.033161104,0.00096694566,0.9381691,0.9559284,37960.17,61.582867,2106.3838,389.2583,581.59314,363.83777,0.00019470578,96.35616,492334.56,DOS-HTTP_FLOOD
30.68617,6.732236,85.4886,15954.416,0.015178305,0.10218596,0.1016387,0.17504454,0.71825725,-0.022841517,0.044135056,73.311386,9.350813,0.47972107,3.6313128,0.44875056,0.046946123,0.07539333,0.011813679,0.045227118,0.011159344,-0.02139922,0.89930546,0.060764756,-0.07051734,-0.043550976,0.017481003,0.018533677,1.0099813,0.9535276,56890.348,65.15301,1674.2139,469.96207,509.11414,504.6366,0.001642128,105.641235,347814.34,DOS-HTTP_FLOOD
32.62427,4.429649,76.71529,-173.47314,0.04214044,0.18477619,0.121284015,0.33425194,0.91153836,0.045311186,0.041442942,94.45034,17.954489,2.988474,6.467415,0.6423254,0.013828374,0.031456247,0.040025614,0.03682378,0.021137942,-0.0033628754,0.9932653,0.025524352,-0.055576753,0.011172233,0.009328331,-0.015931731,0.96065086,0.9260393,37557.363,57.33808,2156.7107,318.21182,533.74994,295.68494,0.0076512084,99.33133,375647.25,DOS-HTTP_FLOOD
27.376003,7.559511,89.96922,-1303.2837,-0.0657879,0.18898287,0.06617246,0.36141384,0.37535995,0.046998855,-0.046194773,52.783028,14.787006,1.2855114,16.429993,0.71258307,0.028085316,0.10088304,-0.0462791,0.022369247,-0.07321763,-0.050229054,0.7876,0.11456082,-0.037579108,0.04948018,0.07725665,0.044382814,0.9734813,1.0424545,104949.22,98.8593,4220.2905,1407.1447,1132.1267,1372.355,0.008798847,110.200676,908568.5,DOS-HTTP_FLOOD
30.675985,6.7443852,78.469925,27998.783,0.009673172,0.18003084,0.24376434,0.03312319,0.66758144,0.045033414,-0.0116219325,69.68455,17.90769,0.3087204,13.895859,0.1521136,0.3959813,0.08068515,0.15217601,0.081283435,-0.10993008,-0.06854248,0.8762256,0.047427285,-0.028892674,-0.0031048886,-0.040817976,-0.0074375323,1.0164385,0.94029456,27749.059,59.822624,1267.737,234.72986,296.10504,205.95491,0.0005852805,103.723,168480.48,DOS-HTTP_FLOOD
26.155605,6.2424483,69.96584,1763.2761,-0.018500885,0.12659092,0.38102448,0.3823589,0.81719595,0.0032219389,0.05331703,82.9849,13.832098,0.78135014,12.462814,0.5116496,-0.16384025,0.009387125,0.036250487,0.0059702946,-0.015998691,-0.047324706,1.001218,0.04363542,0.007828822,0.009058329,-0.027618527,-0.059660308,0.9874627,0.97629243,37139.758,58.440495,849.7906,225.87506,238.45071,284.78455,0.0007518517,92.86777,126715.4,DOS-HTTP_FLOOD
39.07463,5.4061346,72.44535,-2178.0332,0.059437186,0.35784888,0.099225,0.23984082,1.0286216,0.04594861,0.0067739235,99.48197,34.800716,3.35667,4.6070867,0.75671107,0.059686262,0.020256044,-0.043728955,0.00023212284,0.016792716,-0.044269376,1.0995451,0.008696521,0.006560625,-0.03780259,-0.14729233,-0.05557366,0.895274,1.0095121,66713.445,58.341965,5341.7217,561.63806,1088.0679,600.98645,0.0016316306,110.673416,1.0113042e+06,DOS-HTTP_FLOOD
35.82597,6.255317,76.01829,2122.9614,-0.017931242,0.19706137,0.019433502,0.29619864,0.8952838,0.048373263,-0.010708412,81.499794,17.748661,1.1170233,4.269285,0.55776775,0.37215367,0.02382964,0.01461013,-0.0046535535,-0.05486825,-0.055843946,0.97720313,-0.041886237,-0.045956686,-0.040024895,0.032536395,-0.064649045,0.9718948,0.9945525,97663.74,71.24711,3726.337,1165.2599,1059.7734,1176.6753,0.00053606514,102.14378,1.044354e+06,DOS-HTTP_FLOOD
28.150509,6.959269,77.74582,-2019.5054,-0.00097524375,0.2150462,0.064360715,0.13949548,0.45284507,-0.014996586,0.002207805,55.801132,22.089256,2.3176928,15.507165,0.4393658,0.20085211,0.047817636,0.010388292,0.011115413,-0.07167869,-0.005328441,0.8147776,0.12412192,0.0032951636,0.051014815,-0.021722395,0.017430484,0.9562407,0.94175935,49882.07,64.96411,2756.2102,407.26132,631.36194,399.30643,0.009253793,102.11,380368.56,DOS-HTTP_FLOOD
29.64181,6.2224855,64.478485,3899.5378,-0.004770672,0.25335407,0.07254837,0.21939225,0.63114923,0.03246835,0.024034718,67.97074,24.445753,0.33014488,6.794488,0.59633684,0.089732595,0.010533891,0.039202772,0.06446655,-0.031212147,-0.015842287,0.8857581,0.03932459,-0.05147709,0.06287106,-0.016805032,-0.06425421,0.95343924,0.93134254,55498.016,57.83185,2758.1123,469.39832,714.8819,487.38638,0.0032499768,99.92866,554474.06,DOS-HTTP_FLOOD
33.70662,4.410896,69.044174,545.9512,-0.021139571,0.18570383,-0.016131066,0.3521782,0.8244859,0.040241607,0.013787059,81.48274,16.214119,2.4719932,4.163471,0.5463697,0.39109522,0.0938601,-0.01613674,0.09680233,-0.066588685,-0.03171979,0.97575015,-0.028597329,-0.023798384,0.02790193,0.0142711885,-0.016396498,0.9668562,0.94354963,81147.85,64.013565,3604.4402,765.1024,900.7826,750.8363,0.0059907623,105.57464,835238.4,DOS-HTTP_FLOOD
33.1023,7.0735207,73.12286,610.37476,0.08983544,0.2503777,0.14625238,0.2693959,0.98702985,0.035341136,0.030200966,104.97153,24.562492,6.6495414,15.754908,0.71813893,0.24147041,-0.110866964,-0.07983573,-0.006481982,-0.042628866,0.07127297,1.005756,0.00063275546,-0.049022675,0.10021053,-0.01395222,0.021265859,0.8942197,0.9826751,66480.11,56.625587,3665.7747,703.0764,863.36115,711.29877,0.0048048645,118.37424,813157.4,DOS-HTTP_FLOOD
26.757307,6.3956804,72.74994,-586.2407,0.006341161,0.1801462,-0.005791709,0.42302972,0.5323166,0.011803167,0.011449378,58.897263,15.283659,2.7233038,5.2571745,0.6066676,-0.021753429,0.09906758,0.009821848,0.020987334,-0.04196862,-0.01762433,0.7909467,0.12585935,-0.017481633,0.10168601,0.035457768,-0.02060705,0.958782,0.9180717,52404.055,57.980373,2508.9521,442.13113,677.37695,424.23785,0.01528885,89.04056,540818.56,DOS-HTTP_FLOOD
32.90927,8.45624,65.236465,4319.165,-0.0058465824,0.19714975,0.12696637,0.08176884,0.56959003,-0.13189429,-0.049544863,63.208473,26.390495,0.13661337,15.847077,0.38823378,0.029607529,-0.0026754895,0.1387995,0.09554282,-0.08920207,0.07584379,0.85709774,0.103215374,0.012898706,0.0074764458,-0.034043748,0.0071648224,0.9621672,0.9638926,60350.117,122.73662,3622.6978,489.4413,775.7491,547.7678,0.00025624564,111.12145,753789.2,DOS-HTTP_FLOOD
32.901386,5.8196497,71.06128,3922.0776,0.056657683,0.24534737,0.25692838,0.26510605,0.6864851,0.018338405,0.016283339,62.312164,20.156628,1.5415897,15.94676,0.57715034,0.05227303,0.0062103383,0.083570175,0.047315788,-0.042833127,-0.013637913,1.0218016,-0.018702235,-0.07635993,0.0029176543,-0.04093703,-0.063106805,0.99029046,0.95956707,53641.105,60.100697,2106.2568,369.40344,576.7791,379.2685,0.0003967286,95.957794,594710.94,DOS-HTTP_FLOOD
36.432518,5.216263,74.82583,-425.51123,-0.05131218,0.19145735,0.35115972,0.066552065,1.0159613,0.0028246474,0.018048123,97.7831,17.03548,-0.3017922,11.863281,0.4344903,0.061393317,0.032751843,0.04501971,0.09639911,0.0010316866,0.03427147,1.083095,0.028345153,-0.035118252,-0.025682079,-0.072727375,-0.022274042,0.96105605,0.89184487,43494.645,63.32504,2599.85,324.62372,706.31055,365.92126,0.0041787922,94.4094,723226.4,DOS-HTTP_FLOOD
26.588388,6.6953845,57.4049,3679.5784,-0.060572196,0.054855,0.20334539,0.21367316,0.50054777,0.07484589,0.023349172,49.08153,3.658461,0.39720342,15.303688,0.6323898,0.009633071,0.015494098,-0.012346896,-0.0470298,-0.0108158225,0.05826762,0.83145636,0.06193647,-0.03554393,0.003429813,0.016933952,0.013160676,1.015386,0.92978036,61199.69,70.230255,1534.959,563.44257,544.80597,553.54926,0.000342683,93.74917,386395.0,DOS-HTTP_FLOOD
27.212906,8.665165,67.84563,-1338.6992,-0.046384502,0.15847518,0.24184994,0.103299476,0.46967918,-0.070433855,-0.0004140567,55.625317,19.76212,0.09322317,18.384472,0.40607613,0.028802982,-0.005369601,0.073925935,0.05524999,-0.063200936,0.037293535,0.8310391,0.0937326,-0.026328888,-0.064702064,0.07118194,0.007591303,0.98232615,1.0021138,58168.918,132.62607,3420.6362,701.06287,808.57745,705.21246,0.0003629444,111.08018,648905.06,DOS-HTTP_FLOOD
34.18015,5.6925926,88.021515,4897.1543,-0.07040036,0.100027286,0.08264837,0.48258302,0.8969717,0.029276164,0.0068208273,89.648384,8.23532,1.4460845,13.036072,0.64839625,0.1452436,0.09213031,-0.031247882,0.04179676,0.00083839055,0.0065995287,0.9103953,-0.004711724,0.0053437636,-0.041634716,0.0101958765,0.032037273,1.0122305,0.94054794,81967.74,83.21208,2147.3933,908.27295,687.8996,875.33936,9.500451e-06,105.79496,529534.5,DOS-HTTP_FLOOD
35.80686,6.709415,94.98541,4665.6597,-0.07197073,0.26848516,0.20774277,0.1610389,0.7730596,-0.0034229476,0.013635617,76.24364,25.112595,1.4338343,14.0321865,0.65564156,0.05235265,0.014842337,0.029336423,0.06522032,-0.05848372,0.002399329,1.0583339,-0.030316563,-0.002852641,0.018165594,-0.028130278,-0.08166674,0.9724031,1.003132,79808.04,71.66768,3091.158,766.0514,908.64435,791.5527,0.00033118145,103.31797,979243.56,DOS-HTTP_FLOOD
29.676727,6.41002,117.288635,2266.8157,0.07452621,0.20194164,0.2503508,0.35319576,0.8091787,0.0068889647,0.06415525,66.18768,18.69474,10.137978,12.977605,0.45428532,0.11054482,0.00012831297,0.013082745,-0.0040073693,-0.065998085,-0.07039259,1.021638,-0.022661855,-0.028267393,0.0040875506,-0.028179742,-0.070445634,0.90250015,0.95986843,32908.156,56.85839,678.92096,140.75388,144.01227,152.98257,0.0007072214,92.76409,57086.336,DOS-HTTP_FLOOD
33.089596,5.5884876,77.86682,-3086.521,-0.012118676,0.27919832,0.14334969,0.13571575,0.78356415,0.014273906,-0.02588758,85.05,25.021065,5.236211,13.302054,0.44518712,0.058828484,-0.015444682,-0.027895808,0.03146864,-0.07500123,-0.002213898,0.98561764,-0.08046311,0.0026920391,0.08662364,0.12501031,0.04548186,0.9480088,1.008215,54460.062,158.35269,2040.6824,569.59283,493.84497,587.0831,0.0053374665,116.87431,322276.62,DOS-HTTP_FLOOD
30.543024,5.48707,59.6761,-2191.228,-0.08124775,0.12528233,0.32893026,0.08274867,0.50978875,0.0066831587,0.0077228104,50.804157,11.915117,-0.057079647,19.614786,0.55926824,0.14830315,0.043888174,0.002712477,0.0062347017,-0.038784925,-0.004528044,0.96112895,-0.06722788,-0.038720474,-0.04477047,0.0061848434,-0.012976516,0.98750925,0.9924996,54557.336,91.74867,2094.8105,821.1095,702.0407,838.6942,-0.00017943849,103.09404,557591.06,DOS-HTTP_FLOOD
31.176365,6.9529853,60.837383,11248.03,-0.09493842,0.103276424,0.013233881,0.08334992,0.6275893,0.050738383,0.007974945,54.020813,9.387421,0.017171573,1.5858045,0.74241173,-0.04655327,0.00025497284,0.019863406,0.073324054,-0.022791969,0.07018408,0.89226216,0.05282646,-0.066909105,-0.059332266,-0.0037196092,-0.04615228,1.0268787,0.9118163,68058.03,88.83317,1924.3265,732.0226,711.5114,730.9898,-0.00087027083,90.665375,735100.06,DOS-HTTP_FLOOD
30.820705,6.188881,63.781807,2185.763,-0.047746893,0.1804059,0.28739727,0.12820469,0.63648283,0.063053265,0.06199105,73.55325,18.336927,0.5136423,19.249302,0.62158465,0.10932004,-0.02912067,-0.004883781,-0.021262692,-0.11529702,-0.09551294,1.016462,-0.038064398,-0.008340788,0.04822502,-0.036907114,0.010158069,1.0225624,1.0115035,70769.61,61.677475,2843.885,894.46545,865.471,895.36743,-7.835381e-05,105.389854,695528.0,DOS-HTTP_FLOOD
30.043922,5.1630836,76.90638,2085.0352,0.008728876,0.22872542,0.092097074,0.263298,0.6377288,0.014615143,-0.011393363,61.69796,22.206535,3.2346976,11.878953,0.5450292,0.23136011,0.028676525,0.021843262,0.03850128,-0.00951335,-0.028508201,0.9095804,0.07505802,-0.032763366,0.03957299,-0.0019391719,-0.042496927,0.9931692,0.978121,50702.473,60.08963,2547.8423,452.5222,647.2883,459.01492,0.0029190234,96.02388,421565.47,DOS-HTTP_FLOOD
32.061165,6.086845,86.79396,-1217.4722,0.09178735,0.14865679,0.41952354,0.29295936,0.85855705,-0.027499523,0.018795578,85.3634,13.976334,7.1969657,19.51249,0.5661684,0.037715655,0.02711958,0.0035033142,-0.0016438728,-0.04881122,-0.009782025,1.0314425,-0.023926867,0.013555316,-0.0038159708,-0.0059648603,-0.00938001,0.9875274,1.024977,25169.838,60.58792,1415.7324,192.2432,331.94238,170.06985,0.0015577569,109.222694,178379.33,DOS-HTTP_FLOOD
33.146263,4.4996552,63.4356,407.7085,-0.008708126,0.17584012,0.08714561,0.14911298,0.8323142,0.0014177529,0.036294706,80.399376,16.734774,1.1668228,5.693816,0.75541943,0.051178373,0.029686954,0.007427772,0.069171056,-0.04439095,-0.036771014,1.0378684,-0.04854869,-0.060100798,0.05446189,-0.0032863813,-0.006970698,0.98664045,0.9685402,71891.016,60.866646,2850.017,640.8417,779.4099,671.9036,0.0011632673,101.02277,627662.8,DOS-HTTP_FLOOD
25.291649,7.2168517,90.55977,2784.9116,-0.023435464,0.17255694,0.3599197,0.094972275,0.5730649,0.020970356,-0.0031119608,56.012775,19.054272,1.7741773,15.262643,0.36982465,-0.0020540108,-0.0016247528,0.030542001,-0.030862194,-0.03574799,-0.04666723,0.84453666,0.12958114,-0.029970344,0.009548698,-0.022597808,-0.053992607,1.0392438,1.0042596,34860.812,61.215363,1150.8105,235.0438,296.64233,233.62915,0.000104819395,85.54573,131153.81,DOS-HTTP_FLOOD
26.813313,7.21336,88.612755,479.5918,0.029959917,0.116571784,0.2681536,0.20042811,0.59035474,0.02483512,0.06782885,65.54653,10.698885,1.6927737,17.87738,0.5132334,0.1507058,0.04766854,0.0016887439,-0.001970036,-0.017420989,-0.03290731,0.86247283,0.148709,-0.0132744005,0.022884255,-0.043088466,-0.040339734,0.9957207,0.99568677,52609.81,57.50454,3356.6926,463.55948,777.2348,460.85852,0.002133944,94.44899,570237.06,DOS-HTTP_FLOOD
33.514748,4.97976,81.15213,-1474.8306,0.0056576636,0.32231423,0.07842653,0.17991403,0.7266956,0.047766697,0.016400127,71.53006,29.56438,1.2676507,5.8776526,0.43511283,0.26285425,0.054614846,-0.0009881565,0.040555637,-0.01630651,0.0017293403,0.9362074,0.034199897,-0.02192476,0.02456823,-0.005047773,-0.054135554,0.97829455,0.98048973,48018.668,61.90975,3141.7925,367.97913,676.5893,383.09406,0.002325427,105.48622,482870.1,DOS-HTTP_FLOOD
33.53745,6.508737,88.61682,3169.393,-0.03082652,0.22597185,-0.026573483,0.21980356,0.4601412,-0.026242312,0.008200811,58.653507,23.088802,0.31308448,1.100602,0.5124548,0.018972939,0.14582758,0.0653934,0.11366013,-0.07433593,0.0619784,0.79190606,0.09999238,-0.023548495,0.031098343,0.059407447,0.022336021,0.9445261,0.962069,82713.664,78.40732,4108.951,664.9129,959.6953,691.18726,0.012464344,110.91667,1.01460294e+06,DOS-HTTP_FLOOD
27.934313,7.5523086,71.31347,7988.786,0.034359094,0.18428557,0.3812835,0.116943456,0.750179,0.045247383,0.006058512,82.16779,20.627106,2.2605658,18.282589,0.35378203,-0.001411775,0.027822237,0.00615424,-0.01055329,-0.0050993054,0.018065395,0.8480755,0.05020417,0.04130307,0.035450794,0.0034889719,-0.05301559,1.0229785,0.92930037,25044.861,60.22833,989.4297,248.62628,324.28394,248.9241,0.00076533214,107.10646,179271.72,DOS-HTTP_FLOOD
27.858084,5.6817284,61.952442,4552.2305,-0.030489903,0.18119611,0.20805895,0.4082903,0.7237974,0.007975912,0.061775193,70.52978,16.655603,0.33483043,11.737643,0.46305034,0.011373785,-0.013299316,0.0393251,-0.044596042,-0.006334884,-0.02875736,0.9444331,0.013369706,-0.027568307,0.021486197,-0.043685235,-0.00780479,0.9537789,0.94611067,40655.168,60.297688,1448.8058,276.5751,406.5781,320.5418,0.0004800739,92.19889,224913.31,DOS-HTTP_FLOOD
35.81395,7.2476482,70.67138,2708.2258,-0.024689239,0.28459823,0.10926691,0.20027767,0.68705463,0.029554065,-0.0252745,75.944534,27.152905,0.29069743,8.14967,0.71154463,-0.0044566523,0.06276983,0.08128342,0.048843548,-0.07982042,-0.071339935,0.98626167,0.007750384,-0.030843612,0.06533831,-0.049629517,-0.049096555,0.9517547,1.0123664,92235.26,68.14234,3694.353,870.63434,984.63617,917.5946,0.0018760357,113.11979,1.0604754e+06,DOS-HTTP_FLOOD
28.083511,6.728541,66.30791,43414.83,0.04926023,0.18660001,0.14928052,0.09462625,0.49317068,0.03694541,0.008515145,70.79955,22.25716,1.7923301,18.817375,0.66291773,0.01458127,0.053357452,0.02903401,0.061253265,-0.058180995,0.03225189,0.8207181,0.0704235,0.0059405854,0.10707476,0.009928978,-0.055998567,0.9307085,0.91664225,62727.39,59.10831,3167.8865,669.52985,788.54126,611.2599,0.0028169928,109.584435,714114.3,DOS-HTTP_FLOOD
33.997234,5.4185295,65.11057,5664.1953,0.08372642,0.19103242,0.20517929,0.2373298,0.77815384,0.038943287,0.023576308,71.98517,17.255602,9.14901,15.207292,0.87023866,0.07798296,0.031560168,0.015081067,0.047643177,-0.0010669185,-0.019691389,1.0934428,-0.12104731,-0.009579526,0.060450427,-0.03814825,0.005341014,0.9785882,0.99874806,77473.48,60.093502,2918.1858,699.71326,878.161,685.8329,0.0002506005,106.49136,898395.4,DOS-HTTP_FLOOD
27.15796,6.3949556,60.83847,-329.8623,-0.045345094,0.10912547,0.15122661,0.072566405,0.6342103,-0.00013653189,-0.013394626,68.48817,8.938726,0.30561435,12.153507,0.39110082,0.38115707,0.05361613,0.024048695,0.015055697,-0.048759725,-0.036335558,0.8949991,0.02214424,-0.027567262,0.05375316,-0.00675336,0.014723742,0.99282354,0.9514349,61009.652,59.042908,2549.7063,555.89594,703.96155,536.98157,0.0017909167,100.04295,585401.1,DOS-HTTP_FLOOD
28.492401,5.924054,60.00195,4315.4375,0.028043758,0.15295358,0.28581622,0.15066257,0.5226991,0.04241281,0.020712277,51.053288,10.197991,4.001272,17.905981,0.7150236,0.011831268,0.015994418,0.05019222,-0.015369631,-0.024718454,0.014744865,0.9495622,-0.032170188,-0.055097435,0.06992412,-0.039085593,-0.038424786,0.99324703,0.9342922,45550.6,59.92288,1790.085,363.42078,559.29517,378.91846,0.00047679228,96.38271,488192.28,DOS-HTTP_FLOOD
25.92262,7.9174614,75.84273,1732.1301,0.013635375,0.16886641,0.3434348,0.11255492,0.6479086,0.04336258,0.06964032,74.648315,17.072142,0.78269446,16.680496,0.2984465,0.048709754,0.036337882,0.013220303,0.0010294421,-0.028956028,-0.074188754,0.88078237,0.121080875,-0.03559105,0.036729068,-0.040061865,-0.054161754,0.9870364,0.9698023,32315.863,57.9875,1287.1017,299.13422,365.5131,280.56747,0.0013920633,96.52359,192085.4,DOS-HTTP_FLOOD
25.592901,7.9284897,66.596886,4729.7827,-0.03243088,0.10729998,0.30772194,0.09798331,0.5161779,0.010254075,0.031410523,63.796886,9.334272,1.1968594,17.631052,0.48898917,0.05312967,0.022552595,0.0148959905,-0.033912428,-0.09222514,-0.06431799,0.86006385,0.049948912,-0.029851533,0.057041053,0.013738366,-0.016733982,1.0185406,0.98163,76354.74,60.313393,1989.6746,673.99023,612.9837,697.92633,0.00045105402,107.79406,484416.66,DOS-HTTP_FLOOD
28.8232,7.327302,62.561157,4021.8887,-0.005741492,0.22705789,-0.0011912594,0.2208546,0.56791776,0.029966554,0.028105717,78.33463,22.731682,2.3148289,4.73058,0.5834434,0.112148486,-0.017148862,0.019535948,0.031687446,-0.07752859,0.020536028,0.8724176,0.0341719,-0.018868547,0.12794411,-0.021347135,-0.011751465,0.9607577,0.9027131,79459.09,56.36006,3291.9482,656.44226,831.19165,739.489,0.0019986571,115.83536,720620.2,DOS-HTTP_FLOOD
31.818062,5.6566114,65.07891,13719.137,-0.039165825,0.33945176,0.16652294,0.08874871,0.8137303,0.047653012,0.037714332,87.0762,28.723087,0.4737658,13.404784,0.19503343,0.45770445,-0.01763084,0.0375238,0.0021333527,-0.0738233,0.030677859,0.9774633,-0.018987006,-0.016686887,0.015046997,-0.007728566,0.022328138,0.94241977,0.9646131,36505.727,58.149605,1402.1825,256.9479,381.10345,255.28177,0.0015316309,110.27301,252922.95,DOS-HTTP_FLOOD
27.757412,6.6377907,55.92456,-8345.43,-0.07850417,0.12572156,0.10673701,0.03432658,0.4950523,0.017618403,-0.005014136,74.41066,10.49694,0.311408,16.710482,0.7053116,0.08388846,0.082340404,-0.0008144928,0.058193132,-0.035335984,-0.08037437,0.87623936,0.08623842,-0.047310315,0.08949338,0.0041702623,-0.037960503,1.0240693,0.972423,116096.66,78.73331,4816.8506,1572.4796,1263.158,1541.2495,0.0016481061,119.18976,1.1742472e+06,DOS-HTTP_FLOOD
32.954296,5.017824,62.38849,-965.02637,-0.055646174,0.19459704,0.18742396,0.09606735,0.77257854,0.03962867,0.02827948,82.86134,20.524597,-0.079428494,18.068481,0.52251625,0.27193424,0.00965591,0.009208875,0.05519386,-0.047367044,0.012855578,0.9861047,0.0070621637,-0.02780203,-0.04275772,-0.04031064,-0.012529035,0.97994673,0.9512973,55377.15,64.41179,2373.1572,813.00323,722.5913,791.67474,0.00064366433,99.4864,631525.8,DOS-HTTP_FLOOD
26.90667,8.599638,73.59041,1244.053,-0.049244143,0.17041367,0.036802016,0.066621356,0.49866065,-0.017313927,-0.077130795,65.78789,15.687864,3.4953163,7.4002724,0.62307394,-0.03114074,0.011811456,-0.01193582,0.0652282,-0.062173493,-0.007291678,0.8032242,0.15957475,-0.029241012,-0.02366843,0.05370517,-0.0063180923,1.0853311,1.0042231,86968.45,140.04318,3120.6492,997.43854,717.6943,1012.04297,0.0007807083,108.51447,553789.9,DOS-HTTP_FLOOD
30.008678,5.8899565,61.673862,2477.171,0.070699394,0.34132585,0.042805675,0.061798867,0.5187373,0.020909151,0.034006104,60.45883,32.55238,4.930314,10.952006,0.29174712,0.72015244,0.001773485,0.031423617,-0.021353474,-0.07501182,-0.0026210397,0.83834225,0.036996715,-0.003538765,0.16907924,-0.044728775,0.024068987,0.9603805,0.8991804,33722.29,59.215885,1722.5339,278.6105,396.53952,269.3424,0.0045505995,105.54627,265698.78,DOS-HTTP_FLOOD
35.803368,7.7964907,65.79853,-1353.2798,-0.049386434,0.30278593,0.08823187,0.22037645,0.8837027,0.04752081,-0.031360507,85.49472,30.624306,2.6332033,8.065065,0.36830533,0.0390399,-0.021813385,0.0017541507,0.093331255,-0.02795902,0.06350627,0.9335303,0.03934816,0.003186441,-0.009341011,0.009875865,0.016159175,1.0060875,0.9884892,42193.51,166.82103,1273.424,351.9563,310.2061,365.36407,0.0002702796,92.92216,205462.55,DOS-HTTP_FLOOD
34.554653,3.743737,60.56798,-2707.4644,-0.029590724,0.1617888,0.32834965,0.21922977,0.90028924,0.07144376,0.036983915,74.600586,13.742104,1.3002558,16.920246,0.623933,0.13715778,0.0075307623,0.0014255196,-0.033374336,-0.01379441,0.017105378,1.1224334,-0.16235398,-0.029836908,0.036136758,-0.017018532,-0.019633884,0.95860416,0.98281735,48738.617,69.65918,2081.1587,404.36813,637.60095,420.26645,0.00021728282,98.83203,447465.66,DOS-HTTP_FLOOD
44.776985,3.946417,69.87195,-2687.749,-0.02905105,0.2159616,0.0812774,0.15580478,1.2839003,0.103234686,0.000637481,116.637215,16.902403,-0.22227839,3.2186155,0.68236226,0.12090065,0.016658308,0.023893593,0.10003012,-0.060519874,-0.05119624,1.211166,-0.14086188,-0.002392307,-0.111702755,-0.07914555,-0.018308744,0.9833283,1.0220758,78634.79,134.20859,3176.098,863.3377,879.25714,892.1116,0.0021372912,105.18241,810392.44,DOS-HTTP_FLOOD
30.13321,6.4936895,71.52783,3229.5876,0.019619374,0.1598035,0.009073977,0.34894297,0.59872204,0.0041073076,0.016219962,63.224846,14.6180525,0.61013764,12.17957,0.6069874,0.03452313,0.01610111,0.03873424,0.018635,-0.027466144,0.054066185,0.84114015,0.085836254,-0.04506059,0.013522074,0.036016867,-0.014743812,1.0143809,0.96293634,63151.316,61.40573,2598.2327,519.52325,636.5173,503.44254,0.0019501883,102.834694,527604.75,DOS-HTTP_FLOOD
32.022568,4.982952,87.00023,-1067.3809,-0.03081286,0.292533,0.14204063,0.31435993,0.68777645,0.030184424,0.032131538,67.51694,23.17286,0.5258188,9.916133,0.3823622,0.17628442,0.08328642,0.012552947,0.077122055,-0.08719414,-0.017174743,0.9344858,-0.003194779,-0.06683557,0.015242471,0.042673796,-0.032045104,0.9319699,0.95658636,48174.863,80.289955,2687.1682,382.24524,623.0639,394.6533,0.009890157,97.960526,410413.34,DOS-HTTP_FLOOD
27.61037,6.2689414,98.58153,4632.9727,-0.0899271,0.11169441,0.1911842,0.06618153,0.7237259,-0.024428023,-0.0005123671,69.24693,10.351276,0.629859,6.5649962,0.51815474,0.032057274,-0.004159538,-0.014003061,0.034302145,-0.07164794,-0.06443198,0.92687446,0.040045712,-0.053060785,0.024627334,0.042667046,-0.021927096,1.0473639,1.0331554,68892.22,69.65001,1986.2295,769.6898,593.74225,791.2927,-0.00025044882,94.03076,384722.4,DOS-HTTP_FLOOD
34.82004,5.5635347,67.80784,-137.29248,0.08585678,0.17186378,0.04650678,0.18202494,0.8908519,0.06540689,-0.025725586,100.07939,16.105877,3.5431921,4.8429613,0.81254447,0.062457036,0.04177665,0.015696347,0.033370446,-0.06305346,-0.10038094,0.93689984,-0.03326588,-0.05264975,0.05269847,-0.037677847,-0.020757552,0.96564186,0.9772943,103820.21,62.49284,4374.62,1004.47723,1146.2013,1018.1545,0.0015819683,123.45295,1.1475499e+06,DOS-HTTP_FLOOD
22.846996,8.807996,66.50535,3062.9297,-0.03804501,0.25240096,-0.10597813,0.103854716,0.4577609,0.08293223,-0.012491834,48.40564,24.974552,2.749456,2.1324322,0.28043336,0.3552478,-0.04203155,0.015009966,-0.0322081,-0.015348391,0.060157895,0.6910063,0.24278294,0.012379681,-0.091098666,0.042500637,-0.110974476,0.94974244,1.0539434,71273.05,62.58243,4010.349,1059.1656,1145.0717,1059.8762,0.0008018251,96.422005,1.378124e+06,DOS-HTTP_FLOOD
27.014347,6.54455,60.46841,27736.451,0.1121004,0.45959052,-0.011018204,0.01945292,0.31698635,0.0052622734,0.023477769,40.703205,29.972385,0.3723284,0.16483805,0.23655915,0.04387392,0.050714567,0.11543573,-0.01530266,0.008525126,0.07810966,0.71655893,0.07091339,-0.046380386,0.043719128,-0.011817067,-0.060322493,0.99784696,0.9582731,39710.51,61.86346,846.66626,275.95572,153.02158,322.16083,0.00042994192,93.27825,149750.75,DOS-HTTP_FLOOD
33.86785,5.936313,71.004845,6015.5166,-0.028437665,0.18571034,-0.0058744242,0.36757833,0.8333301,0.020312399,0.0021850155,89.64638,18.290882,1.0809307,0.12862754,0.67203593,-0.02258449,0.0066544022,-0.010683708,-0.006629899,-0.022181088,0.028967375,0.9273941,0.020772956,0.004736241,0.03852932,0.052981038,-0.03916984,1.0127072,0.9594952,83889.555,62.451817,2903.8472,873.1052,832.9217,921.6426,0.004249561,112.74477,715884.94,DOS-HTTP_FLOOD
32.030987,4.8229933,59.622005,515.5051,-0.011151348,0.094793096,-0.029652242,0.13859418,0.8136948,0.032718662,0.040112045,82.36048,8.932354,5.42224,0.9044267,0.91632694,-0.030869825,0.016810998,-0.06316357,0.045949668,-0.027004926,-0.0061023654,0.9823189,0.015406274,-0.020299785,0.030004188,0.043588117,-0.034663085,1.0177722,0.94664425,83204.35,73.006386,2374.4531,1142.0706,736.4717,1179.3473,0.00077166746,102.471,543190.0,DOS-HTTP_FLOOD
29.152924,8.324451,65.642235,4788.256,0.12847936,0.1738342,0.09698257,0.14519592,0.744923,0.04950289,0.067900896,93.44386,20.073774,9.727629,8.900357,0.85801506,-0.070817985,-0.012634237,-0.013212303,0.071468264,-0.024236161,-0.0006206287,0.92761093,0.1353659,-0.018076496,0.020801073,-0.028418366,-0.03400523,1.0434313,0.96439034,76122.65,56.693066,4102.912,832.87805,1015.2732,844.537,0.0011645391,105.973495,853276.44,DOS-HTTP_FLOOD
33.379898,5.6038136,77.70566,42439.254,0.078678176,0.12585963,0.11164424,0.3536457,0.7539826,-0.017776877,-0.0125319315,81.24188,13.484018,2.7533329,12.246172,0.8874666,-0.07345606,0.047296345,-0.0010478869,0.062034458,-0.062483605,0.036547896,0.9545288,-0.014957598,-0.00012610806,-0.02800524,0.013096638,0.024339652,1.0658386,0.9456026,69711.15,63.27187,3033.0,690.8607,791.3654,654.46606,0.0010396045,114.90437,639158.94,DOS-HTTP_FLOOD
26.696472,7.6360817,70.123184,-1993.9761,0.075051926,0.16554542,-0.069728546,0.18832912,0.58372813,0.011593582,-0.0050541386,66.81444,17.022913,6.2055664,0.59919494,0.68087375,0.009163501,0.08932689,0.07871224,0.05541095,-0.015712578,-0.009314408,0.8092713,0.1878145,0.025468199,0.040286317,-0.05098354,-0.045930628,0.9279296,0.9240614,76091.38,60.07221,4905.902,677.55096,1109.1918,720.9386,0.00914686,99.614395,1.1022514e+06,DOS-HTTP_FLOOD
36.7297,7.5307083,90.94391,3979.6306,-0.042908024,0.27681476,0.13028859,0.43439385,1.0584356,-0.011909744,-0.0083817225,109.011154,33.751648,1.5876759,4.8549266,0.4903328,0.059469666,-0.015842386,-0.006195926,-0.020955957,-0.012864154,-0.0296802,0.9832703,0.03246511,0.039929193,0.0018870679,-0.03331062,-0.013863228,0.93076336,0.95921314,50896.953,60.305725,1936.0924,504.28427,639.96954,528.32495,0.0009351068,104.59756,547123.5,DOS-HTTP_FLOOD
26.598974,7.3649607,64.24905,14409.381,0.027224079,0.16314249,0.2817232,0.11490488,0.4570678,0.06532199,0.023740029,48.404495,13.578787,0.8280849,18.133265,0.5147566,0.124224655,-0.007364484,0.02796123,-0.030213462,-0.041059032,-0.026089344,0.8710957,0.047485467,-0.04774887,0.03103503,-0.02005405,-0.074089296,0.9996668,1.0114963,49011.43,58.780476,1956.1378,460.62195,598.35333,449.9746,0.0002702051,95.78586,458652.4,DOS-HTTP_FLOOD
23.35477,7.41224,64.138275,1610.7407,-0.07471482,0.11853768,-0.026222505,0.029752681,0.45017043,0.02425062,-0.042175468,58.50162,11.213976,-0.009752548,4.793878,0.3849982,0.26311982,0.013364347,-0.045521464,0.038897417,-0.035403926,-0.019949697,0.74841535,0.19583967,-0.04114995,-0.025443722,0.016474558,-0.011709043,1.0512487,1.0052971,75817.53,65.05594,2643.5278,792.388,695.47833,787.1894,0.0008486776,99.73333,518321.72,DOS-HTTP_FLOOD
31.838785,8.607329,61.500195,165946.84,-0.05390914,0.21833332,0.075851575,0.007462737,0.6722772,-0.049243383,-0.21353991,78.67814,21.209518,0.7632748,0.19850412,0.100061856,0.13593777,0.06312728,0.054768432,0.03621166,-0.028775884,-0.10290164,0.6857262,0.2002965,-0.020212345,-0.06502115,-0.05353795,0.00832186,1.0939964,0.9966177,43873.54,172.91998,1336.9847,255.60364,140.82704,332.86642,0.0006577586,106.62735,86693.98,DOS-HTTP_FLOOD
29.771328,5.3032107,65.09807,-1337.0029,-0.015115894,0.15477361,0.051459134,0.074020624,0.59373075,0.029346716,-0.012280098,61.10963,14.564087,1.8389344,5.3719945,0.7493842,0.010343854,0.012884203,-0.004907213,0.1535429,-0.025814436,0.0004944438,0.9167639,0.04844613,-0.040423494,0.014939074,0.06001456,-0.071431525,1.0450912,0.9869185,94471.95,69.24286,3251.5854,1029.7417,939.534,1033.4373,0.0022593895,102.533966,952870.0,DOS-HTTP_FLOOD
29.17176,8.673984,70.318054,6537.843,0.024492273,0.3215851,0.123797506,0.07281136,0.38539183,0.006849955,-0.03130355,46.772022,32.436317,1.273951,9.481612,0.5102128,0.030056575,0.01959183,0.020434313,0.017732894,-0.065093316,-0.034153055,0.78962415,0.1092513,-0.035127766,0.0332442,0.0117910225,-0.01679827,0.9915165,0.9688071,62979.777,59.991707,2623.9812,577.53326,720.0913,643.22174,0.0007736829,104.50782,590194.0,DOS-HTTP_FLOOD
27.013403,6.827324,63.323055,6043.2217,0.009280368,0.18301621,0.1789981,0.12173863,0.6772291,0.028218456,0.035047088,73.49337,16.56798,1.6052594,9.882222,0.4276964,0.19742137,-0.0014297152,0.06257731,-0.031599373,-0.056849703,-0.0070068566,0.8855753,0.055244472,-0.028231395,0.051759187,-0.001328676,-0.076332726,0.95953584,0.9525473,37818.727,57.23802,1522.7754,283.78983,370.2992,305.2337,0.0012434153,101.48131,235951.72,DOS-HTTP_FLOOD
29.475933,6.4732447,64.32667,6100.459,0.05216194,0.13451399,0.057146046,0.3620548,0.73222905,0.07201586,-0.0012179441,79.68895,12.857057,2.904635,5.565155,0.6746944,-0.009579801,0.0011680834,0.023002224,0.029299382,0.029408231,-0.0011323486,0.9268014,0.063854404,-0.058456954,-0.03148981,-0.0035141455,-0.0037187338,1.0242016,0.9682129,92868.67,60.282566,2371.5518,903.3165,764.0306,895.9749,0.00018654183,96.2146,820864.0,DOS-HTTP_FLOOD
29.179977,5.206919,58.281902,-8302.627,0.0116142435,0.11633227,0.27691272,0.27869174,0.5911671,0.04600008,0.038628865,61.87233,10.458498,5.3802443,19.128868,0.78070164,0.19199318,0.032475345,0.011746018,0.006317403,-0.016509503,-0.053472552,1.0224018,-0.033636015,-0.011345871,0.09430176,-0.07253144,-0.044276435,0.98528945,0.96078324,73697.78,59.113205,3486.9766,745.9855,981.7326,790.8907,0.0024434484,104.1397,909367.44,DOS-HTTP_FLOOD
31.352766,5.5616283,63.177658,82931.11,0.0047071837,0.20599376,0.04029272,-0.012188874,0.8089171,-0.0023867388,0.019946003,90.6989,25.874573,0.3850615,2.4591615,0.2061692,0.046267003,0.12039514,0.046201892,0.13332939,0.033384275,0.0019392045,0.82278967,0.075341895,0.038847394,0.04390268,-0.0785152,6.805174e-05,0.9716637,0.85100865,33537.92,84.611984,1777.6783,225.67291,258.8148,209.74446,0.003494014,104.82856,117919.07,DOS-HTTP_FLOOD
31.716452,6.2817893,75.33633,4219.1147,-0.011226664,0.120750286,0.23941344,0.183827,0.7482185,0.05348608,0.055275977,69.621704,10.121064,0.4982648,14.925404,0.58496326,0.024142884,0.02380506,0.035320487,0.0054167677,-0.03725599,0.0140505545,0.9814664,-0.0021445937,-0.050572935,0.0034875923,-0.009790621,-0.009347134,0.99478257,0.9462484,42099.332,62.843643,1732.7112,355.93066,528.98785,362.50748,0.00043216988,94.536896,351700.53,DOS-HTTP_FLOOD
27.836952,6.810195,59.469612,25621.34,-0.042457364,0.11115128,0.09844125,0.24365535,0.5405424,0.10265499,0.0005129399,70.615875,10.464569,0.5675584,17.511076,0.56009805,0.22761516,0.09078362,0.058943164,0.12103102,-0.0615687,0.0069341343,0.7550928,0.07245302,-0.02082709,0.034058347,0.012740906,0.0100152325,0.90564054,0.8812166,67661.45,66.38323,2116.1694,580.51935,568.8794,528.07697,0.0009362453,109.5224,540558.8,DOS-HTTP_FLOOD
26.087463,8.569347,65.85396,-6198.8394,0.0711941,0.2045639,0.052904043,0.16127497,0.5510457,0.048736736,0.027824663,64.20704,20.50601,8.078726,8.675722,0.5841373,0.2741299,0.07527187,-0.018265735,-0.044335667,-0.026809799,-0.048218735,0.80313694,0.1457891,-0.033774093,0.08487336,-0.018231723,-0.042429857,0.96786094,0.92615163,63433.72,57.266014,3799.1675,666.236,936.88324,658.8235,0.0040014237,97.12442,690364.2,DOS-HTTP_FLOOD
34.32611,6.4291964,67.48564,8235.842,0.0026618596,0.2988975,0.10530552,0.09494856,0.740383,0.012589461,0.013006551,73.74027,28.948875,0.119300336,5.6397743,0.73810494,-0.0479708,0.022980165,0.0024643354,0.07568705,-0.05684636,0.002145539,0.9422238,-0.007862579,-0.05210501,0.026986187,0.0090805385,-0.04525576,1.0349118,0.9810214,63772.957,62.95898,2697.281,611.28546,731.51685,603.1791,0.00035131467,102.067474,550452.6,DOS-HTTP_FLOOD
29.543568,5.474848,66.969955,5075.136,-0.027600303,0.19794784,0.12038538,0.32641718,0.6434712,0.030532435,0.014509715,61.68667,16.005774,0.8105236,9.889954,0.45178956,0.23280993,0.006509335,0.028998762,0.034651734,-0.03270921,-0.049367156,0.925748,0.027601903,-0.067862324,0.035102196,-0.012024053,0.0013493001,1.0240625,1.0145371,66745.94,63.849476,1957.1625,593.4232,606.02734,627.4918,0.00042160338,100.125755,448505.22,DOS-HTTP_FLOOD
28.146286,5.554515,62.295887,1480.1646,-0.027247958,0.1708596,0.2301419,0.15942736,0.66090614,0.04031627,0.03656126,64.512314,15.661569,0.56984925,15.142353,0.5726478,0.053362466,0.008136727,0.018453553,-0.03825563,-0.038634587,-0.033472598,0.96377695,0.011632883,-0.02568335,0.03059242,-0.048585292,-0.05261588,0.98622507,0.9628961,51822.6,59.29613,2416.7776,503.27487,684.9379,519.23627,0.0005523086,93.39546,480174.12,DOS-HTTP_FLOOD
32.8796,7.264287,65.43291,99.25391,0.044598535,0.13312937,-0.09083812,0.10964652,0.74240583,0.07468056,0.0011238246,78.08371,10.752505,6.8862176,0.92105865,0.6045019,0.061567016,0.019244699,-0.004746234,-0.010299016,-0.07741822,-0.005286825,0.8309727,-0.0070907515,-0.06785122,0.070516214,-0.044313412,0.044413317,1.0325813,1.0110215,86746.47,173.57419,3058.9873,1002.8546,801.15234,1050.0328,0.00031973314,106.24208,690984.9,DOS-HTTP_FLOOD
30.364613,7.6893053,85.64109,4399.4,-0.11724995,0.2669942,-0.03317118,0.17268638,0.6547519,0.039177455,-0.18190971,64.18368,30.420742,7.633008,6.8368773,0.47258365,0.12843968,-0.022715028,0.0043157022,-0.015166353,-0.1146597,0.19971353,0.76121604,0.13033853,0.12342218,-0.07497829,-0.12571421,-0.24407253,0.9563234,1.0515091,73219.22,87.71479,5209.7666,681.0623,960.44684,708.72675,0.0017933588,107.638725,1.1864459e+06,DOS-HTTP_FLOOD
28.068317,6.0770574,79.02571,2828.0361,0.010787108,0.1879608,0.103859544,0.19380598,0.6242634,0.033200573,0.026412036,66.88559,19.31149,1.0843048,6.842251,0.4725833,0.06339974,0.035447806,0.005668495,0.020461053,-0.027056655,-0.0064940797,0.85025096,0.14954124,-0.024608197,0.020390421,0.049303792,0.0043136254,0.9564011,0.9533467,45954.008,63.5234,2356.1892,379.64175,558.5605,364.2937,0.0074817534,95.83804,326570.0,DOS-HTTP_FLOOD
25.78886,7.6665,98.52278,2999.7942,0.09443475,0.14675601,-0.073658146,0.42225018,0.6068325,0.033050157,0.04091496,79.72101,13.87937,6.063875,3.5415795,0.32341063,0.37163806,0.064120755,-0.0006781146,0.021872189,-0.046898235,0.04012549,0.7617004,0.2627542,-0.0032731588,0.041661937,-0.04081588,-0.07584608,0.97972244,0.9294485,41975.996,57.971127,2882.599,298.89444,444.78625,288.2175,0.0049337316,109.36097,223303.94,DOS-HTTP_FLOOD
35.507126,4.426015,72.883125,1579.665,-0.005656248,0.32320598,0.02800175,0.21077977,0.84458935,0.017893113,0.0106078815,77.62845,30.856592,2.1260042,3.8046753,0.4965739,0.28076583,0.0581724,0.022005353,0.009862454,0.018725865,0.015816042,1.0367992,-0.020670988,-0.0031875027,0.003609528,-0.012506176,-0.009186863,0.9413229,0.95885783,40045.285,60.86984,1895.193,368.41266,540.7234,366.80664,0.00213241,97.99658,389524.38,DOS-HTTP_FLOOD
27.209898,5.141283,52.121117,-3316.3638,-0.063790515,0.10623884,0.15134814,0.14576775,0.57328427,0.024033733,0.02790859,62.792797,8.963834,1.4239454,13.641884,0.66360736,0.029648114,0.05473852,-0.009422096,0.0033392524,-0.041529495,0.028924935,0.8890951,0.04929277,-0.036795057,0.06462566,0.029551068,0.030400787,0.98269206,0.9169999,54690.152,66.142494,2238.5151,467.3078,659.4402,471.8448,0.003732932,97.74098,485005.78,DOS-HTTP_FLOOD
32.968674,4.4414873,71.14318,-3900.5562,0.0021571852,0.19509307,0.11784503,0.17753558,0.6539532,0.056263,0.0032509794,58.050106,16.490257,1.7915425,17.494705,0.5312764,0.4436302,0.05642319,-0.021456726,0.015351065,-0.03974116,-0.011890967,0.96800655,-0.06335226,-0.004100804,0.060254034,0.014845718,-0.013880281,0.97252375,0.9977888,57418.215,68.528496,2735.7183,541.91876,737.4188,535.31464,0.0071534235,109.32474,538509.6,DOS-HTTP_FLOOD
26.642118,4.9086103,53.84744,4484.502,-0.06801948,0.07873445,0.17646748,0.22383638,0.7553169,0.017632663,0.053472728,74.88472,5.086155,-0.05392968,6.5966134,0.6665707,-0.02107571,0.0031825341,-0.003464804,0.005563558,-0.008336291,0.031931918,0.96163917,-0.026314663,-0.043485664,0.05028173,0.0029235892,-0.015679194,0.968811,0.9195633,59603.824,59.14747,1756.0914,557.1781,570.7712,549.4464,0.00013158169,93.19369,422168.62,DOS-HTTP_FLOOD
29.995731,5.967416,56.699116,6239.636,-0.045172155,0.21941188,0.25428015,0.21666443,0.7175271,0.043423347,0.0652562,81.27629,17.48828,0.53926575,16.067244,0.59690785,0.05798587,0.02089762,0.041374914,0.0062802713,-0.017300064,-0.016692387,1.0068804,-0.024395833,-0.0648375,0.05373869,-0.07382176,-0.002004644,0.97632974,0.9233316,58675.836,58.954315,2114.852,519.11975,649.9858,516.78204,0.00017668806,102.27822,707378.94,DOS-HTTP_FLOOD
30.13681,5.0420327,78.81217,-5771.809,-0.00983674,0.18979828,0.4253648,0.0805471,0.84491277,-0.03245462,0.06944083,95.30857,17.377161,2.1038623,19.668629,0.33473787,0.09659601,-0.033835042,-0.047353126,0.05906863,-0.035517983,0.027150733,1.0013647,0.006341802,0.06521269,0.071753375,-0.029412879,0.033548743,1.0228473,1.0023443,16703.145,59.19197,1716.7191,122.30385,380.0208,81.60622,0.0083919,106.06669,208935.7,DOS-HTTP_FLOOD
33.45613,5.779779,62.9542,16242.66,-0.04988501,0.18595941,0.10313146,0.1211703,0.64008385,0.09096868,-0.04620411,65.51408,16.127178,3.1334362,9.507817,0.6779491,0.037654504,0.039950352,0.081849635,0.09223819,-0.094587296,0.10131582,0.9056875,-0.030030755,-0.02859193,-0.01790055,0.05945272,0.0014680345,0.9440538,0.88679355,71595.24,110.421104,1547.4854,618.9787,575.94904,591.75586,-0.00020508842,100.03682,605676.56,DOS-HTTP_FLOOD
28.942753,7.597174,64.57073,61840.598,0.09836462,0.21218315,0.09747573,0.35409686,0.71419615,0.04495936,0.03475568,88.404144,26.779781,4.9061003,16.730453,0.54966676,0.029100541,0.08260888,-0.030207746,-0.047974333,0.0272099,0.072024554,0.73620534,0.15891843,0.05423397,0.10054164,-0.018385056,-0.054862853,0.94065976,0.9317363,48700.508,58.66106,2640.8237,615.1655,575.4076,555.1922,0.0063333875,110.83212,593611.5,DOS-HTTP_FLOOD
40.5814,5.06026,112.44873,4278.475,-0.06472728,0.18490215,0.06309171,0.15233786,1.0917552,-0.015140554,0.07063598,106.64283,17.192461,0.77891743,1.1326985,0.61670464,0.11044605,0.06686036,-0.034463737,0.058773182,-0.019542696,-0.0035934057,1.0090494,-0.0017327183,-0.0055433577,-0.08612089,0.001335158,-0.041180793,0.98892665,0.9548189,72104.664,82.07165,2832.6204,815.83057,811.47455,825.941,0.001384178,100.813065,652490.5,DOS-HTTP_FLOOD
33.422726,5.879787,63.959076,10360.277,0.0025137514,0.19360688,0.17099047,0.27139217,0.83652425,0.085249014,0.024601493,86.248245,17.801737,-0.050214767,14.620872,0.7414659,0.004447583,-0.035462122,0.021564156,0.031564113,-0.024595365,0.028002203,1.0103785,-0.010700662,-0.03368951,-0.053552467,0.0017809169,0.012320717,1.0083535,0.9394758,72658.59,60.328575,2680.538,843.62933,836.3265,807.14777,-0.00040839723,97.880554,768834.4,DOS-HTTP_FLOOD
36.528732,5.501138,76.825485,2906.2488,0.019137155,0.20973341,0.15512201,0.28062493,1.1110423,0.05122893,0.028761283,107.5983,20.03731,0.950594,7.197131,0.6565302,0.0503453,-0.001444607,-0.0020382274,0.032923263,-0.009715351,-0.041035805,1.0715895,-0.07711031,-0.044183575,-0.004587928,-0.03451155,-0.03821453,0.95978016,0.9715644,54035.65,59.88536,3024.4258,386.27536,700.8975,401.23315,0.0007928728,106.71096,535421.8,DOS-HTTP_FLOOD
24.144268,6.8657894,56.683773,43340.195,-0.020913772,0.19861168,0.34977126,0.063102715,0.48805645,0.043622226,0.10528393,47.11618,20.803116,-0.34886122,17.280546,0.4188202,-0.036876485,0.0010680407,0.0294827,-0.015710417,0.013979731,0.09163302,0.8258848,0.010566015,-0.054619085,0.079967074,0.020421848,-0.047288552,1.0022868,0.96364075,32725.99,58.47451,1400.8911,427.21857,473.56213,472.5337,0.00035078154,96.14839,314660.1,DOS-HTTP_FLOOD
38.52546,4.7532864,110.125916,11383.936,0.044138003,0.28346875,0.265716,0.34493923,1.2195463,0.015295282,0.060390834,109.62981,30.247202,3.0696967,7.119323,0.48747864,0.047341216,0.019535974,0.057150662,-0.07317356,-0.034594566,-0.0017100386,1.1062548,0.035743836,-0.012131869,0.03455571,-0.0663985,-0.10847781,1.0014179,0.9529833,46504.71,61.903194,3186.3271,481.3437,647.811,513.6935,-0.0005311547,101.32399,560721.7,DOS-HTTP_FLOOD
28.552748,6.8233895,70.80402,-1667.3613,-0.0007802248,0.17954853,-0.019379862,0.16250375,0.5512226,0.015188214,0.021291824,59.871674,16.355545,1.8875387,2.3940196,0.5851958,0.036622997,0.08666439,0.055262614,0.07345454,-0.023572909,0.045740016,0.7586858,0.14188592,-0.036580563,0.037431102,0.0032831635,-0.045518264,0.98475146,0.89660656,52341.94,62.55971,2661.5344,393.78818,669.2362,406.34314,0.008554402,93.272156,525942.4,DOS-HTTP_FLOOD
36.940453,4.314075,97.94255,4640.4785,-0.011488906,0.19667931,0.19110894,0.2562898,1.0717117,0.044677258,0.018990997,96.23529,19.838741,2.921072,8.437063,0.6446171,0.06999582,0.017256826,0.026198635,0.011782352,-0.02844396,-0.0071065356,1.1301322,-0.019677376,0.0014241296,-0.021462046,-0.034032732,-0.042261053,0.9897048,0.95528835,52113.477,63.28797,2785.784,500.08878,746.9473,527.45013,3.9036837e-05,94.09184,563576.9,DOS-HTTP_FLOOD
26.296282,6.614034,66.531525,-1376.7607,-0.004135603,0.118578434,0.4676117,0.05853824,0.68449974,0.04835996,0.05405671,72.5409,11.06429,-0.0015837327,18.651371,0.28828907,0.047403272,0.038370878,0.021396233,-0.0392101,-0.05089833,-0.030643009,0.9327056,0.08824635,-0.050340224,-0.0125748655,-0.02813859,-0.0037736725,1.0159096,0.9843221,18890.645,60.196766,1019.48865,170.83168,266.9617,163.68633,0.0008459697,99.03237,129955.69,DOS-HTTP_FLOOD
29.449276,4.7109966,61.762623,-1641.2754,0.033993978,0.30062732,0.10297369,0.087604396,0.6447271,0.036993545,0.021061359,62.314007,27.36638,4.553756,8.745491,0.5138426,0.31771502,0.055554174,0.014347898,0.013615258,-0.014246756,-0.0026931195,0.9207042,0.061456975,-0.03737177,0.0986273,-0.0022856984,-0.014404429,0.9431466,0.87981415,23814.31,58.72247,1930.5526,206.20618,457.47095,193.26616,0.0072914744,90.291115,282647.22,DOS-HTTP_FLOOD
29.18944,5.6190386,68.5266,-742.3042,-0.026674757,0.19306193,0.09560827,0.18629958,0.5899087,0.041219015,0.016016835,65.7495,17.248556,0.7702502,11.90618,0.6121051,0.14113158,0.048762597,0.0062991865,0.052986175,-0.017099297,0.008039134,0.88136566,0.054718144,-0.035313617,0.051671475,0.043911137,0.012254551,0.9921592,0.97786933,79570.78,62.036,3279.6956,721.62415,870.0172,712.86816,0.006065728,104.74785,803209.25,DOS-HTTP_FLOOD
25.096165,7.5413013,61.695152,31712.682,0.031729426,0.14585151,0.29684848,0.112401955,0.4344547,0.09477539,0.03533806,61.703762,16.315598,0.34698874,18.79227,0.50456536,0.012009089,0.04075975,0.04944081,0.0012723915,-0.03729697,-0.015168909,0.7550565,0.04242069,-0.0035743183,0.07285331,0.02636797,-0.09005967,0.9743232,0.9647814,41725.426,58.984417,1902.7661,418.2083,501.8709,453.4492,0.00083645654,107.71599,328805.2,DOS-HTTP_FLOOD
28.293602,7.3104963,79.72665,2563.1558,0.026602644,0.14900921,0.12282053,0.27164155,0.7381331,0.062469352,0.079565376,92.44188,14.53974,0.5918967,8.629923,0.44046268,0.048479266,0.031468697,0.0078996355,0.027122542,-0.046626844,-0.017039672,0.8349182,0.10527927,-0.044651534,0.10076559,0.012305927,0.051924698,0.9559373,0.884627,50055.74,58.053143,2722.7507,397.8547,607.20355,433.25095,0.011640396,104.75862,416577.72,DOS-HTTP_FLOOD
32.362545,5.744019,73.18439,4371.3843,-0.026814139,0.27594554,0.48004836,-0.009877142,1.0293931,-0.007491377,0.08839309,98.803375,26.973541,-0.25441402,13.243109,0.17643146,0.0009696632,0.07611235,0.017523944,0.020770168,0.017510764,0.03345118,0.9721551,0.09325661,0.055150554,0.02966365,-0.10847177,-0.06524709,1.0072498,0.90917206,7804.6914,67.058395,1004.4164,96.43245,261.304,127.549126,0.0004539515,89.77198,120955.54,DOS-HTTP_FLOOD
35.41728,4.6825004,72.80758,3315.1514,-0.005593458,0.2228704,-0.071317755,0.26357624,0.83295417,0.009420756,-0.011794899,87.42228,25.050076,0.8046428,2.6052423,0.68878835,0.038879115,0.047660977,0.037792087,0.014844092,-0.029959925,0.0032229582,0.9432477,0.08184981,0.033860374,-0.04214941,0.030778233,-0.036192246,0.9616001,0.9320613,68312.516,61.303394,4818.34,490.86902,865.49365,527.09314,0.0044337246,116.861084,706121.06,DOS-HTTP_FLOOD
37.25419,2.9642134,57.29102,3914.6907,-0.023926513,0.29592308,-0.018529002,0.09142734,0.880554,-0.013651788,0.059579574,80.46599,23.830963,2.092229,3.3064663,0.42616603,0.66158193,0.03906291,0.0390881,0.003396594,-0.031410284,0.006043166,1.0572282,-0.11894133,-0.013365536,0.09858875,0.019044228,-0.013501791,0.9379628,0.8803814,29961.486,63.42762,1458.4124,192.73279,416.667,225.4104,0.00092066475,97.00136,253547.5,DOS-HTTP_FLOOD
31.180721,6.49726,70.666664,36459.82,0.012037814,0.09044692,0.3003298,0.24987924,0.88575506,0.04068431,0.043320473,85.32828,9.426978,0.10638921,13.949199,0.4126117,0.026594538,0.07265539,-0.026481163,0.015252513,-0.027805898,0.029398186,0.95573616,0.056827657,0.015888914,-0.022839962,-0.035561524,0.04304885,0.98118573,0.92941725,28418.355,62.67627,1659.8774,302.9232,501.4471,281.8061,-0.00028790184,95.04758,290250.38,DOS-HTTP_FLOOD
30.105871,7.2144666,83.86179,4705.438,-0.012004412,0.18811083,0.18376343,0.24254094,0.5874473,0.009813608,-0.014761528,69.85209,19.406199,1.0864525,13.849057,0.64455837,-0.08211269,0.0026570586,0.06627553,0.038345385,-0.013047229,0.0053579872,0.8665332,0.10273077,-0.05115805,0.0048067523,-0.047988445,-0.073594585,1.0337473,0.9658015,74780.2,60.10687,2725.4285,629.9801,794.18304,655.5704,0.00070640614,106.41771,812066.8,DOS-HTTP_FLOOD
27.872486,7.664893,67.019035,5878.8213,0.038680885,0.2389872,0.11990668,0.13383065,0.4246687,0.06274716,-0.06005218,50.937378,26.594418,1.2196413,17.773796,0.6148006,-0.0035600401,-0.04443405,0.08325618,-0.029569108,-0.040983863,0.056386214,0.7984841,0.10164536,-0.012708395,0.031019565,0.004779608,-0.058199406,0.9852144,0.955313,64240.215,58.770824,2688.766,605.28644,771.5005,596.1197,0.0010098512,98.89385,751695.94,DOS-HTTP_FLOOD
31.869305,7.20174,68.79189,5182.2354,-0.07131921,0.34854242,0.078171685,0.16644888,0.44591522,0.100359574,-0.041841794,44.95446,34.259018,0.4367507,15.289144,0.31346345,0.3347732,0.018352367,0.017401895,-0.06163724,-0.008040203,0.013515504,0.7870683,0.08792017,-0.022814235,0.032428533,0.018285815,-0.056113496,1.0060747,1.0544996,59989.38,67.95204,2598.2844,693.2034,657.556,747.61816,0.00052729395,108.90673,426321.9,DOS-HTTP_FLOOD
29.055584,6.8595915,71.62877,1435.4492,0.023730116,0.22739644,0.029186403,0.23359187,0.5180696,0.027346099,0.018433202,66.008896,22.92147,1.1962812,4.5092516,0.6680703,-0.07862755,0.056677893,0.07821798,0.074933656,-0.015112853,-0.029067295,0.828435,0.15833986,-0.056391172,0.042157724,0.015559495,-0.06508066,0.9955009,0.9338656,68961.77,57.39753,3131.0676,626.8078,825.2365,652.01495,0.0053841495,97.47036,839764.9,DOS-HTTP_FLOOD
36.416153,6.5014997,74.85711,24934.633,0.103107765,0.08544519,-0.02915588,0.17771803,1.0099646,0.016834361,0.035549905,96.595085,7.163482,7.9276667,0.50242233,0.7180896,0.096216746,0.007323371,-0.02758022,-0.064267196,-0.07388986,-0.01175688,0.9926256,0.01825364,-0.021054221,-0.04525149,0.051681403,0.033724643,1.0306035,0.978761,48832.49,69.687965,1385.7356,521.7975,469.5885,507.3905,-0.0005682837,104.42756,269093.88,DOS-HTTP_FLOOD
31.33022,6.7699676,63.671524,4278.83,0.034340978,0.18745588,0.033655964,0.31723437,0.68791765,0.05963855,0.025007669,82.25434,18.018318,2.3845105,5.4912815,0.8669918,0.039729342,0.046563208,-0.0010727579,0.0658512,-0.013615638,-0.012404312,0.9490279,0.023622664,-0.038540967,0.025820369,-0.026757862,-0.013196504,0.99918216,0.96161824,90882.7,58.431824,4009.2598,902.8858,1035.5957,908.8549,0.0009891387,110.83789,1.0068797e+06,DOS-HTTP_FLOOD
31.628891,5.956276,80.079666,3706.088,-0.018661771,0.21821551,0.05593082,0.03993273,0.78196764,-0.007221644,0.016251035,70.29822,22.092466,0.39511177,5.1071353,0.13656883,0.8354587,0.016702726,0.039007396,-0.00017140526,-0.05726375,-0.04583504,0.9546818,-0.03772881,-0.046041258,-0.02173724,0.017648634,-0.019303145,0.9792376,0.9524338,48832.496,58.85052,2210.42,442.7094,555.1798,433.93784,0.0010190582,100.14644,356895.8,DOS-HTTP_FLOOD
33.86668,5.71995,94.97967,1240.3325,0.017049918,0.24352446,0.12744749,0.1163577,0.8291152,0.03015482,0.060473002,93.49789,27.946049,2.4373813,5.078304,0.7128347,-0.058123447,0.048435085,-0.0071028383,0.056181423,-0.040899538,-0.06113907,0.98669654,0.12227736,-0.016149893,0.060862906,-0.028691163,-0.05937655,1.0219445,0.9850165,47670.938,59.15756,3183.369,528.3138,747.8664,535.54803,0.003467912,100.99601,561042.7,DOS-HTTP_FLOOD
35.950825,5.30972,67.38225,-993.0591,0.058667593,0.16444983,0.007816234,0.282248,0.95171064,0.04697977,0.03353642,94.34629,15.994224,3.8346052,3.4491096,0.84087825,0.042561088,0.06187868,0.0144806225,0.05983992,0.01884911,-0.05767049,1.0688052,-0.02045448,-0.042925365,0.005417983,-0.0188587,-0.01368773,0.98393697,1.0265144,92315.08,64.47627,3974.108,978.0533,1071.5233,993.748,0.00066124054,103.306595,973459.56,DOS-HTTP_FLOOD
27.509802,8.684078,63.715508,14953.334,-0.09228966,0.12764992,0.20964739,0.10464634,0.46223626,0.051203515,0.0057051354,72.18133,13.462746,-0.029460274,17.292313,0.7738519,-0.04173211,0.039129317,0.018274467,-0.02806732,-0.08673625,-0.019068936,0.8783988,0.08970706,0.020387072,0.0734165,0.006863284,-0.009993072,1.0355963,0.973324,99514.67,60.19474,4698.617,1261.5154,1153.9532,1280.3535,0.0005765367,115.15045,966325.6,DOS-HTTP_FLOOD
28.99305,5.848628,59.527355,-1875.7324,-0.03709953,0.15220371,0.080893606,0.11168393,0.6913853,0.040850338,0.0064229756,68.32371,15.230908,1.1324905,7.066966,0.3874658,0.59963685,0.034744773,0.015665552,0.015218389,-0.07500895,-0.06287099,0.8956039,-0.009972389,-0.051511083,0.059052933,0.003971234,0.038661834,0.9882588,0.9752864,74590.94,60.536003,2664.4612,734.00916,787.59595,793.2172,0.000738951,98.09702,589481.9,DOS-HTTP_FLOOD
32.67075,6.057358,65.92483,4836.7197,-0.04725277,0.1693302,0.024256239,0.107436076,0.6632151,0.06704085,0.009798998,63.55618,15.994604,4.2241426,6.035137,0.6299081,0.2734513,0.04801347,-0.0127555095,0.098382376,-0.01860596,0.07297167,0.9367244,0.022997761,-0.0066360217,-0.027415976,0.020120593,-0.035155147,0.99368906,0.9452804,72543.28,99.8004,2452.8167,714.893,684.2995,709.48145,8.6948756e-05,97.24142,611847.56,DOS-HTTP_FLOOD
30.053616,5.42195,63.617275,26526.387,0.033127103,0.15998147,0.3310369,0.026130727,0.67837816,0.092136934,-0.012195235,71.024506,13.07353,2.218865,15.614462,0.31746522,0.30800283,0.010746712,0.090911604,-0.009847268,-0.07347443,-0.0095534315,0.90646106,-0.010694124,-0.028733043,0.057430193,0.006684358,0.047505345,0.9846731,0.97097266,25415.682,62.933475,345.86105,113.69114,56.769325,79.16549,-7.881866e-05,105.80029,49622.7,DOS-HTTP_FLOOD
33.189247,5.9761477,89.419365,999.1802,-0.032181647,0.2173121,0.16975851,0.2134472,0.92961884,0.02266919,0.03199121,97.78559,28.375025,1.0512265,8.664637,0.39997113,0.060333032,-0.028315395,0.0020798994,0.048738327,-0.035894062,-0.032044765,0.91014194,0.08461193,0.024418447,-0.017422691,-0.04479532,-0.043382417,0.9707763,0.8986268,27442.94,62.994545,1968.0626,222.72032,483.3495,237.53287,0.006962869,94.83388,251110.84,DOS-HTTP_FLOOD
26.151344,7.9746847,62.01105,4893.6025,0.009574321,0.23210314,-0.13317758,0.21899274,0.54227895,0.053756554,0.050535817,75.06446,24.01503,5.469103,0.52987796,0.6663765,0.01810559,0.008775493,0.0029037427,0.028772458,0.014463903,0.0073054056,0.738833,0.1868348,-0.023941852,0.05599458,0.034418594,-0.07509725,1.026971,0.9238992,71237.77,58.05168,3013.435,744.9092,812.69794,778.169,0.00064120966,103.30054,671137.25,DOS-HTTP_FLOOD
31.370626,5.76508,62.080093,6722.306,-0.04903139,0.22767667,0.3421819,0.09606337,0.6804441,0.04107342,0.016788874,61.572155,23.6548,0.73599565,17.181543,0.6595527,-0.101227716,0.015228517,-0.008378233,0.009318119,0.010585109,-0.008644526,1.019132,-0.0033313928,0.0124815535,0.023841914,-0.038161952,-0.05835467,1.0160338,0.9911153,54887.492,73.30693,2007.0314,589.89636,662.5545,631.3231,-0.00020935854,98.802635,482195.06,DOS-HTTP_FLOOD
27.007908,6.672779,108.547714,10143.682,-0.023549402,0.24700654,0.20430478,0.1079412,0.5716642,0.004679735,0.06337561,66.69507,17.653912,0.11335749,7.7016926,0.3469604,0.040568557,0.021881433,0.07306968,0.020080961,-0.029977407,-0.05083622,0.7653364,-0.01831961,-0.027689246,0.09360458,0.0807568,0.00403028,0.96805024,0.92776895,61942.54,56.880836,2066.892,569.1272,570.78955,573.7647,0.0032559857,105.61126,447274.38,DOS-HTTP_FLOOD
31.79597,5.161627,82.516525,8063.078,-0.00928996,0.3097951,0.20596075,0.13645624,0.69302714,0.020489223,-0.0032708095,61.42957,24.045109,3.1273117,9.718572,0.3065257,0.30297354,-0.0098636085,0.02191804,0.00034807716,-0.04998168,-0.02457897,0.9688342,-0.036269184,-0.03675295,0.0020753464,0.0018459,-0.016627736,1.022052,0.9713717,30364.95,61.486546,716.84863,108.116974,158.36652,110.02208,0.00012901926,97.691444,66446.625,DOS-HTTP_FLOOD
29.191072,6.622967,78.67144,2227.0479,-0.035250045,0.24341881,0.08318897,0.13651004,0.53398067,0.012289476,-0.0018885336,50.05994,24.128365,0.3301796,5.9778805,0.63325053,-0.0034091552,0.01444035,0.04051462,0.039451495,-0.02148591,-0.025479728,0.8490956,0.09933388,-0.06206034,-0.002837038,0.029096648,-0.043686762,1.0346022,1.0072557,70242.875,61.471497,3115.049,722.2424,842.9189,731.8075,0.0011147992,93.86648,697204.0,DOS-HTTP_FLOOD
20.724058,9.452391,81.015656,10391.5625,-0.039893925,0.06938028,0.11511255,0.089502305,0.45903578,-0.029977974,0.0011423952,68.58015,5.9244413,-0.01840891,3.8286757,0.4276636,-0.09118241,-0.014752924,0.0003696559,-0.029818453,-0.053326435,-0.050115764,0.66463757,0.25222498,-0.031498525,0.004450734,0.061526865,-0.043104544,1.0847615,1.0001585,63852.688,58.436096,1707.7026,716.29706,483.96216,778.78796,0.00082647934,103.51838,302042.88,DOS-HTTP_FLOOD
30.858084,6.0673685,82.847305,-504.6411,-0.00024249777,0.13808824,0.11524585,0.14551938,0.70398605,0.01714496,0.020540113,80.92162,12.867716,2.1229866,15.947522,0.587113,0.14637762,0.07994294,0.004794346,0.043636084,-0.067661785,0.0029703882,0.8730537,0.081973165,0.028873904,0.014618611,0.031723216,0.008605978,0.9731177,0.95090985,56346.42,60.27422,3214.4758,552.9992,746.1098,535.84235,0.0064026727,105.52732,525746.25,DOS-HTTP_FLOOD
41.516884,1.2213063,50.81919,354.73926,-0.08090637,0.62266105,0.08381131,0.14817607,0.6509121,0.028550081,-0.02144881,50.51988,37.79653,-0.36893472,5.444866,0.1863241,0.39965037,0.050002642,0.05829551,-0.0473814,-0.05023735,0.019418545,1.068546,-0.263612,-0.032923173,0.05344743,0.035363343,0.053238947,0.8558548,0.9376641,36354.4,86.16756,2227.859,473.4847,659.86755,497.25964,0.008793479,92.60564,768093.4,DOS-HTTP_FLOOD
19.51777,13.624319,61.52776,6659.8833,-0.023922388,0.19200812,-0.13831896,0.13835132,0.050532587,-0.0077727055,0.05064949,41.09647,21.516363,1.5703584,0.9937144,0.34693813,-0.04264716,0.040079612,0.029236037,-0.0040814234,-0.025688041,0.030448316,0.3759909,0.46310508,0.00637501,0.15213814,0.031421896,-0.03647683,0.98697186,0.90719163,62267.29,57.41913,2192.81,560.61566,620.8976,645.7267,0.007085623,93.17328,436951.25,DOS-HTTP_FLOOD
23.101353,8.927594,82.105286,-3568.983,-0.04359068,0.15253961,-0.05304847,0.16324295,0.4687557,0.0037766057,0.0047335797,59.246586,15.655149,1.6838233,2.758288,0.52894914,0.012121848,0.05084329,-0.0232149,0.04675373,-0.04242886,0.0020902231,0.6179417,0.29145008,-0.02836952,0.004637096,0.033620097,-0.09112317,1.0752041,1.0076996,68918.06,64.5108,3031.2678,642.42676,760.2329,674.4251,0.0015209039,97.308655,509994.8,DOS-HTTP_FLOOD
33.920464,4.1532593,80.05724,-12583.48,-0.08408443,0.23311947,-0.07693048,0.5649972,0.89952475,0.054693714,0.0017407793,86.10708,24.513235,2.532342,1.2444258,0.73182696,0.03675799,0.08618797,-0.018530427,-0.059056137,-0.02291542,-0.07066804,0.9616416,-0.11200215,-0.11062446,0.04756331,0.12678948,-0.18298271,0.9745503,1.0430312,66631.74,61.41249,2855.902,540.6483,686.69354,534.33124,0.0028003182,121.85574,448630.03,DOS-HTTP_FLOOD
25.100784,6.7815595,65.62355,58406.555,-0.05561503,0.19690768,-0.0017275475,0.36864376,0.50941825,0.094002716,0.025514048,62.917805,18.089293,0.9320731,5.837335,0.38793865,-0.047737032,-0.075715214,-0.04838266,-0.037896387,0.116541535,0.15503098,0.68006504,0.089355335,-0.011980563,0.15126112,-0.021132866,-0.08531405,0.95734656,0.98270404,48670.01,54.754257,742.07043,127.15799,107.37349,178.77362,0.0010757546,115.319,80043.56,DOS-HTTP_FLOOD
26.640617,6.9185524,77.24992,-3242.6445,-0.01769964,0.24944735,0.42102608,0.047234505,0.5448411,0.05669303,0.03161252,58.650078,26.973295,0.8578079,19.250843,0.2775934,0.10649802,0.008793272,-0.008924682,0.010222829,-0.051412154,-0.047621094,0.92398083,0.09279347,-0.025487736,-0.0011860207,-0.011105923,-0.044607874,0.9961012,1.0258584,31907.76,60.360317,1801.8606,268.57614,448.9061,267.7332,0.00069209444,100.015434,235383.05,DOS-HTTP_FLOOD
36.899418,6.789027,65.32339,1642.6218,-0.029117538,0.40142527,0.10238095,0.1288719,0.76261467,-0.009635568,-0.06344911,72.14107,36.275364,0.4062217,9.3749485,0.5630665,0.011376246,0.011976584,0.059648067,0.00032478478,-0.046846718,0.033369105,0.98852223,0.040134873,0.07061003,0.03943248,-0.13331658,-0.026479505,0.9436408,0.9713368,49251.71,63.201416,3442.6968,357.26248,760.7613,354.50266,0.0013633114,104.53699,695325.1,DOS-HTTP_FLOOD
21.745007,8.418575,77.95496,-6292.1,0.0034612138,0.037340075,0.23312144,0.1584562,0.5578895,0.00036134792,0.054652147,59.14948,3.7980092,1.2783186,9.463992,0.28296864,0.11443714,-0.02368793,-0.01659955,0.026141219,-0.055522762,-0.032977343,0.71871674,0.20910697,-0.0368987,0.02725768,0.04466501,-0.060204897,1.0257779,1.0116551,57745.547,58.95962,1300.9243,507.0258,318.93393,525.2159,0.001496948,92.03038,165963.25,DOS-HTTP_FLOOD
31.35318,6.8558707,111.4763,-497.95947,0.018594328,0.15127201,0.37644807,0.15329085,0.9576579,0.023324711,0.06928719,101.36601,20.51254,5.0446467,16.037613,0.43087664,0.021935705,-0.010301144,0.031185705,-0.027825572,-0.056136914,-0.010310564,1.0528065,0.10334843,-0.037204098,0.059973426,-0.04654443,-0.027718442,1.0406697,1.0231789,34068.625,60.95124,2141.3076,429.29495,538.3642,386.0298,0.0016152173,102.02899,316172.12,DOS-HTTP_FLOOD
30.771906,7.746698,72.13451,52790.4,0.05245105,0.28989884,0.06089497,0.24278347,0.7640115,0.066764034,-0.047956586,90.235596,34.765923,5.3934436,7.904236,0.5312511,0.102775864,-0.047133565,0.00764647,-0.05685193,-0.03527136,0.024610648,0.8426415,0.109073624,0.08442202,0.03911113,-0.038345184,-0.076887175,0.8711141,0.9944662,86109.625,57.116043,5492.4146,609.2607,912.3117,581.04364,0.0014730663,131.67538,967712.4,DOS-HTTP_FLOOD
30.582426,8.176945,89.27,-3021.6323,-0.13178554,0.19532345,0.18763302,0.16473424,0.80960613,0.025441898,0.00681991,97.566444,22.40379,-0.05093852,16.609533,0.46451455,0.024124116,0.009477873,0.04120566,0.05204863,-0.15008225,0.09008478,0.91776925,0.11638891,0.016936876,-0.026297491,-0.003640228,-0.007956269,0.9615401,1.0186323,85786.54,61.613674,4140.1797,819.42773,1041.7324,805.9177,0.0018815375,110.28171,1.2575868e+06,DOS-HTTP_FLOOD
30.703545,5.9293423,67.356255,13403.336,0.06773326,0.15215087,0.07309318,0.14125721,0.6729714,0.058467593,-0.038639925,69.60154,13.5525465,6.460369,11.640455,0.64015913,0.30780688,0.016338678,0.018579032,-0.044829458,-0.04279626,-0.005063927,0.92358214,0.023575481,-0.0057647154,-0.009159867,0.047332436,0.017262194,1.0137593,0.9685867,67278.94,59.696125,2128.537,625.8616,644.11993,598.37115,0.0003796702,103.164085,505771.1,DOS-HTTP_FLOOD
32.565804,6.2979035,84.429855,-6823.9497,-0.013923364,0.2779479,0.1278224,0.2788417,0.8515559,0.10418029,0.1008656,93.4271,28.83642,5.537681,9.920677,0.65141314,0.074901275,-0.01271929,-0.053156912,0.040413454,-0.054569162,0.010629505,0.9729053,-0.0039174664,-0.054631267,0.09285028,0.0590484,-0.082676716,0.98238677,1.0013496,42721.86,58.54366,2318.5088,294.14328,504.42566,337.94388,0.0027421068,115.12894,309726.34,DOS-HTTP_FLOOD
33.218246,4.764924,64.96315,738.47266,0.0018486753,0.13334678,0.0635887,0.28209478,0.8391606,0.006156624,0.022264048,72.42762,12.648507,1.528803,6.5797763,0.5181027,0.39460412,0.01854855,0.032386515,0.015317547,-0.05615025,-0.03952743,1.0165408,-0.05059295,-0.04151319,0.02788039,0.027424462,-0.0028564222,0.99777734,0.98029137,77454.22,64.41228,2096.983,740.6795,660.0033,777.947,-0.00011503593,98.72758,604527.8,DOS-HTTP_FLOOD
31.491596,3.9255266,64.749954,-3600.5767,0.01865818,0.22166768,0.15146686,0.26505706,0.757058,0.03637463,0.040294908,72.206085,20.347,3.0489616,11.361811,0.6885288,0.10346132,0.04810182,0.010746484,0.042873003,0.0065651024,-0.04241675,0.9914447,-0.017776681,-0.02878648,0.08058413,-0.024681095,-0.036827907,0.9531301,0.927596,41859.33,58.51489,3090.545,321.64957,722.47205,293.82465,0.00585316,95.86003,509337.38,DOS-HTTP_FLOOD
27.772766,7.439668,80.00981,17256.035,0.0028604083,0.14153211,0.27925095,0.15286198,0.7025567,0.023098417,0.010789692,70.77083,12.916766,0.65060085,12.189253,0.54581165,0.0456821,-0.0094708605,0.03415357,0.0009819958,-0.083764486,-0.010477723,0.91018784,0.017819695,-0.061154008,-0.011105713,0.008407528,-0.03314004,1.0113139,0.97173727,67157.64,59.557972,2242.1152,647.3252,669.8334,612.1099,-0.00097262993,100.42043,509234.97,DOS-HTTP_FLOOD
29.804043,6.110912,67.46753,-2037.9717,-0.0026198942,0.2572395,-0.06645867,0.31607437,0.70837915,0.06589675,0.052627206,74.394356,25.851763,5.298588,3.5921688,0.548278,0.24526608,0.025019934,-0.0076580276,0.0012650806,-0.007695432,0.0025626551,0.853891,0.08490603,-0.01994511,0.07329356,0.01643602,-0.04743178,0.93733406,0.9002844,47873.58,58.746532,2308.445,430.64355,565.55896,432.56668,0.0063313427,102.996605,357103.6,DOS-HTTP_FLOOD
32.358532,4.1835055,57.779938,5981.6943,-0.040953055,0.11544742,-0.014036265,0.22568665,0.7938846,0.06645052,0.0057336385,77.94137,8.499104,1.1229923,3.3380904,0.78162915,0.05123165,0.0031105801,-0.014215296,-0.0027958164,0.0077985083,0.06646208,0.99575627,-0.055802267,-0.03942803,0.02913569,0.012967011,-0.0017349701,0.97971255,0.94494885,68332.67,63.481205,1976.0115,629.4944,646.7206,629.33563,0.00016255188,99.77322,499988.06,DOS-HTTP_FLOOD
30.547703,5.4023294,65.94952,1601.3569,-0.019065015,0.070950925,0.1824784,0.16561241,0.859053,0.02802832,0.04154148,92.23691,5.4357786,0.21499513,12.393139,0.45641068,0.08706438,0.10436733,0.009717414,0.024771217,-0.017323788,-0.019171106,0.9213693,0.04309589,-0.035765346,0.021758724,0.0376837,0.047478728,0.94431484,0.89484763,42522.133,63.002056,1929.2739,444.04724,591.41064,399.78714,0.00719541,102.9007,396490.75,DOS-HTTP_FLOOD
30.054443,7.227068,73.0749,4166.2275,-0.056916658,0.19874118,0.0869552,0.19426934,0.5924045,-0.020740626,-0.036805924,57.986046,20.356537,0.8295811,12.879592,0.71011806,-0.019754497,-0.013501953,-0.0010197563,-0.012198127,-0.046033602,0.047957752,0.86321795,0.07833791,0.02416672,-0.060178,0.018248517,-0.019123074,1.0237749,0.97910017,72299.38,81.739876,2383.951,785.78845,735.85504,784.0588,0.00018835778,99.73649,542791.7,DOS-HTTP_FLOOD
37.236015,4.7672668,79.00884,-1648.0151,0.043490253,0.25466394,-0.06355445,0.13856973,0.90171504,0.032919753,0.08973402,81.6799,25.748447,4.0013223,0.3217207,0.7074123,0.15301768,0.017095506,-0.0013968954,-0.0034257025,-0.022329055,-0.07067486,1.010958,-0.07148297,-0.040966045,-0.006507188,-0.0058725756,-0.041805547,1.0039382,1.0208281,54916.203,68.54995,2421.8625,493.1042,610.5233,538.09094,0.0011352443,108.713234,407866.94,DOS-HTTP_FLOOD
31.06707,4.9490333,60.86072,-3119.2656,0.0063210446,0.19722657,0.052238997,0.4772854,0.8457691,0.046606813,0.050274275,87.18103,17.979185,3.6194882,5.2449284,0.7156959,0.029949063,0.028916333,0.021188444,0.06308713,0.0025158795,0.010410919,1.0110953,0.010479571,-0.05096615,0.04515037,-0.015626695,-0.07180017,0.95640564,0.9084612,49385.297,57.77637,2511.926,425.31735,639.3346,433.97498,0.002657298,98.64508,488484.16,DOS-HTTP_FLOOD
32.69126,4.498438,62.695248,1411.825,-0.03663097,0.3018178,-0.027331373,0.33843118,0.69915336,0.016179955,0.08098543,64.15895,28.214874,0.123613134,1.5357151,0.5346343,0.057566214,0.062862515,0.0380397,0.01852597,0.019694382,-0.036496077,0.95147324,-0.020207833,-0.01978727,0.093106955,-0.013293458,-0.021062467,0.9045992,0.90045434,43849.21,58.497025,2328.6926,407.09982,643.84393,453.83392,0.0088709975,89.63071,514818.9,DOS-HTTP_FLOOD
28.335594,5.701906,76.04113,-3111.292,-0.032353736,0.05528626,0.13575462,0.23629995,0.87679553,-0.023496041,0.02259875,82.40743,4.493032,0.03142479,4.1126413,0.60616326,-0.052190553,0.02964189,0.0420453,0.020267896,-0.044948682,-0.03250172,0.9183115,0.06167751,-0.035325028,-0.00070550595,-0.028081045,-0.07283473,0.9912799,0.9676432,58832.883,59.48059,2328.0408,462.9236,650.84766,502.93497,0.0010407272,93.02983,476139.16,DOS-HTTP_FLOOD
24.800186,7.7200365,74.24249,2611.4595,-0.0069581717,0.21421002,-0.11201881,0.27762815,0.49115902,0.037962195,0.015269598,61.04145,20.964916,3.6803331,0.35834417,0.44771057,0.046763644,0.056528825,0.007940786,-0.004234314,-0.015226024,0.021583373,0.6715185,0.20017685,-0.04229095,0.030676775,0.07826332,-0.03764187,0.95093954,0.93881553,38627.984,57.090622,1080.6519,234.25015,216.02493,271.39285,0.010853402,96.909485,90687.6,DOS-HTTP_FLOOD
28.872646,6.168091,82.79873,2385.1475,-0.00020636246,0.23101516,-0.11683215,0.4319701,0.66690564,0.0217943,0.05159887,71.16426,22.500378,2.8222892,1.550923,0.34903038,0.28904113,0.0649492,-0.0013391394,0.04815487,-0.021381414,-0.029424524,0.8359198,0.14270814,-0.010924963,0.051654946,0.0021563098,-0.06245006,0.98521173,0.9465346,42092.188,59.30206,2159.207,325.82138,444.81287,376.47678,0.0045008925,101.10195,252587.95,DOS-HTTP_FLOOD
31.487747,6.415999,65.91222,7001.8403,-0.021789232,0.19955535,0.2579615,0.1094503,0.7731492,0.034020938,0.0107412515,74.186325,18.986996,0.63045275,15.213367,0.5934622,0.030764287,-0.011555775,0.016277324,0.012184562,-0.012328838,-0.014227543,1.0222453,-0.02421588,-0.026138501,-0.018821344,-0.036799826,0.0071364637,0.991408,0.99011415,67159.89,61.231117,2527.689,556.6721,770.32117,576.32227,-0.00021456521,96.87961,704901.44,DOS-HTTP_FLOOD
28.463469,7.4760737,95.815384,1458.1912,-0.030581824,0.2021123,0.09190067,0.17161821,0.5371437,-0.03305544,0.020240664,59.760197,20.419346,3.6155024,7.175893,0.71485424,-0.049365666,0.046408884,-0.012657618,0.035307877,-0.05771435,0.0038281037,0.8390044,0.16930655,0.021457607,-0.020223584,-0.013389669,-0.06295508,1.05259,0.97520244,58483.582,68.63611,2999.147,629.9238,763.3451,636.70746,0.0035684432,97.526535,546279.5,DOS-HTTP_FLOOD
32.37741,5.223051,68.96099,2308.3965,0.023541048,0.2232338,0.15928563,0.5230579,0.8712792,0.058597554,0.029303998,83.69972,22.192924,1.0366724,11.924719,0.61742365,0.050538015,0.012674652,0.024754833,0.017955462,-0.0018602074,-0.026604783,1.035162,0.028148506,-0.008510762,-0.0036993832,-0.010853884,-0.030483674,0.973197,0.96295846,69967.03,59.268875,3364.1082,689.5286,908.81616,692.57886,0.0005720649,94.87237,750111.06,DOS-HTTP_FLOOD
34.11231,5.85222,77.39739,1553.0476,-0.008706682,0.11837973,0.12799829,0.17102863,0.96217173,0.049372382,0.02333652,94.69081,10.853727,0.93446785,4.100888,0.625751,0.060300615,0.0128532,0.023768045,0.046976313,-0.021272374,-0.00670217,1.0195352,0.033615652,-0.05185854,-0.052060153,-0.003927648,-0.022768416,0.9918432,0.9583564,62153.223,63.236534,2518.8303,542.31915,731.1761,567.0309,0.0013432235,94.91452,576098.75,DOS-HTTP_FLOOD
32.506443,5.3566823,91.984474,5777.048,-0.015562136,0.24637268,0.30035865,0.08870838,0.9215532,0.057135895,0.039828885,87.8599,24.222355,0.52980924,9.342872,0.42948312,0.01979774,0.0036854902,0.033567924,0.022027303,-0.019020226,-0.020950757,1.0552864,-0.023829738,-0.025048114,0.0131598115,-0.022681464,-0.01585432,0.9851604,0.9497901,32765.166,60.107067,1355.3427,288.93573,418.96567,283.9303,0.00026601297,94.42627,267357.0,DOS-HTTP_FLOOD
30.731058,8.078278,61.54023,-2188.1382,-0.11929836,0.29355898,-0.012569843,0.19438434,0.53490275,0.020142121,-0.07107763,48.32729,32.032948,0.3457955,3.8273823,0.17078665,0.42879215,-0.011285603,-0.022604562,-0.05263935,0.028235946,0.02027006,0.749516,0.041689128,-0.09330203,0.06981039,0.12122689,0.044337194,0.9676086,1.0402855,58970.188,177.4492,2643.0676,1021.46686,677.4917,1182.8107,0.0038415226,107.60723,532215.56,DOS-HTTP_FLOOD
31.276676,5.8480973,63.904922,5255.787,0.026592322,0.32752863,-0.019312019,0.1471556,0.72282994,0.06354951,0.09413971,80.823944,27.351952,2.4826,1.1898955,0.5165733,0.09782439,0.02159053,0.030009855,0.044463422,0.016643839,0.041960843,0.8890148,0.065698,-0.029847093,0.07457006,-0.0021491433,-0.099528655,0.9513365,0.9250074,28870.805,58.86475,969.5055,168.72656,202.84991,202.18045,0.00113276,97.09984,110858.99,DOS-HTTP_FLOOD
37.72811,5.1949286,91.68454,-500.37402,-0.004053451,0.37233788,0.19213842,0.34902728,1.0744648,0.015283319,0.103720196,107.2293,36.141884,2.0498397,7.6442504,0.558625,0.10306165,-0.034739997,-0.03319372,0.015414442,0.0033001788,-0.012839764,1.1376251,-0.038636982,0.0031783083,0.047232196,-0.049037986,-0.016720831,0.9270506,0.9529724,39243.35,57.82618,2809.1145,370.49176,590.9749,381.78625,0.0017390689,108.41123,393785.84,DOS-HTTP_FLOOD
30.308826,7.5513515,84.790115,16161.984,0.078692704,0.19599257,0.0770227,0.14784877,0.54200125,0.043175004,-0.013333299,66.15557,18.31935,9.828715,15.188414,0.6869414,0.064446986,0.07274705,0.01071039,-0.012816044,-0.025764763,0.012805618,0.8644127,0.08885233,0.017573237,0.016139999,0.036614448,0.0052009895,1.0539289,0.9809278,64402.2,65.736664,2222.754,743.9026,657.195,709.03815,0.00046991932,109.54406,457795.4,DOS-HTTP_FLOOD
31.021141,6.7310734,69.29092,4096.371,0.02830027,0.36859366,0.06358242,0.17067412,0.5462352,0.0383986,0.0051131425,54.636967,28.553432,4.2788224,5.5724773,0.37051952,0.20725945,0.028154405,0.025490692,-0.03897927,0.0064621074,-0.0016646134,0.8963225,0.091515966,0.011201614,0.06110719,-0.03992459,-0.0032297615,1.0036721,0.9621664,28310.121,62.172962,711.9947,171.55533,141.72751,196.27426,0.00081775995,93.03485,56579.168,DOS-HTTP_FLOOD
24.336449,7.739716,85.54826,-3247.5513,0.009562288,0.19773136,0.27506334,0.16250174,0.5539248,0.029944416,-0.0072859223,60.10755,18.665993,2.4966285,15.130999,0.35766557,0.07658032,0.031223232,-0.002731788,-0.0028534373,-0.036326267,-0.05082406,0.78738964,0.12681004,-0.08188802,0.0422742,-0.027478017,-0.07791738,0.9692295,0.9570725,30633.26,55.206535,1759.0737,118.50589,380.50705,136.26566,0.0067816298,97.001465,237838.11,DOS-HTTP_FLOOD
36.709995,3.8026884,62.376255,1390.6987,0.0027019624,0.20965455,-0.0075779953,0.110107675,0.8856521,0.030168936,-0.012440009,80.623085,17.900772,2.1209195,5.6289935,0.5216413,0.5526019,0.05471587,0.026134834,0.044940297,-0.05401121,-0.020271597,1.122834,-0.10057002,-0.03892896,0.0009877398,-0.010314378,0.005167825,0.93759876,1.0076181,82955.14,70.11929,3151.4243,967.18964,900.56396,985.8019,0.0018663479,98.3163,964597.94,DOS-HTTP_FLOOD
29.053814,6.451392,69.49039,-7313.6187,-0.11031721,0.14085656,0.20032445,0.077856876,0.6380533,-0.022135742,0.036085222,78.54863,15.924513,-0.2867107,17.16029,0.49945113,0.04140757,0.054452162,-0.022339147,0.15216725,-0.076854125,0.06558532,0.83183193,0.102954276,0.002320062,-0.06515337,0.092283174,-0.04270669,0.9292362,0.92718124,76957.86,92.0989,3598.6455,933.27893,814.95544,866.1385,0.0020447948,100.84732,790996.9,DOS-HTTP_FLOOD
26.42628,10.613918,64.495224,12155.147,0.046117775,0.14758347,0.24233124,0.07476827,0.77403265,0.08887347,0.07199097,103.728226,13.843544,0.9672283,15.964894,0.23479643,0.16342188,0.037493367,0.02648927,0.06296533,-0.099851444,0.00046451576,0.7049696,0.19654156,0.006531549,0.017614465,0.041573722,-0.04778932,1.029894,1.0081505,56625.184,58.008713,2289.7083,679.832,592.68494,606.42413,0.001405534,116.04913,460079.3,DOS-HTTP_FLOOD
29.563076,5.539263,66.23644,915.176,0.020634208,0.07920957,0.07058908,0.27830848,0.78633916,0.016036414,0.02133175,81.59501,5.6895065,1.3090008,6.072342,0.5688996,0.15695511,0.026344983,0.013808627,0.03983137,-0.013586564,-0.009224749,0.9241094,0.04654344,-0.042467825,-0.013472408,-0.020121232,-0.006959606,1.0006148,0.9545453,77742.15,60.19661,3225.0708,681.89996,811.14185,659.38855,0.0013124641,100.68909,741704.44,DOS-HTTP_FLOOD
26.114052,5.7144284,59.28817,1627.1758,0.025199182,0.057018764,0.22337525,0.15167195,0.5006033,0.031587888,0.0022583012,62.229725,2.9602695,4.540426,17.614845,0.729081,0.044099543,0.0313272,0.0030094665,-0.010427068,0.008179302,0.035245627,0.8281526,0.040143277,-0.015547568,0.10399804,0.02176568,0.00010211021,1.0128684,0.9550123,52041.19,60.58226,2029.8182,428.52316,527.37506,438.88724,0.004066698,109.68735,350468.47,DOS-HTTP_FLOOD
33.556007,6.2565937,66.693344,408.33032,-0.0571882,0.37758294,-0.02180843,0.21599856,0.8325587,-0.015310135,0.047226183,88.5444,34.836834,-0.18439823,0.7249613,0.34854478,0.051827736,-0.01688204,0.05938173,0.037688415,0.014004249,0.008582234,0.90936804,0.11285015,0.06121354,0.008633575,-0.14065233,-0.071821354,0.9532874,0.92263293,46596.836,58.128807,3192.02,395.494,678.73505,429.3634,0.0020825092,103.048805,534745.94,DOS-HTTP_FLOOD
29.899189,5.205621,63.418564,-1909.852,-0.018614125,0.33400962,0.12751743,0.15740259,0.4557541,0.030457016,-0.0021360652,41.878574,27.985506,3.7280223,10.75239,0.5590986,0.11282964,0.03425456,0.027404346,0.050310865,-0.01685098,0.0013968162,0.86181784,0.03338203,-0.020733682,0.08073589,-0.04278099,-0.037557915,0.9692028,0.919525,31153.94,61.866077,2540.9207,205.76904,593.76843,233.9473,0.010167811,91.74029,386278.34,DOS-HTTP_FLOOD
29.353027,7.5471215,59.273594,15946.5625,-0.056483887,0.10521666,0.11192609,0.09368294,0.55178845,0.09398106,0.012167114,69.42976,9.854078,0.045428514,9.455631,0.5006988,0.27957615,-0.010734041,0.062226694,0.026386779,-0.03634201,0.01636216,0.80932736,0.072267525,-0.06594338,0.026844453,-0.023615686,0.029326461,1.0387088,0.92011654,81449.02,61.97976,1921.9036,744.82043,619.0107,693.9463,-0.0004904168,104.01263,652528.7,DOS-HTTP_FLOOD
29.784904,5.9404106,66.29827,1863.3889,0.008850628,0.14854003,0.14629772,0.30594426,0.73198086,0.036081295,0.039158143,74.69737,13.35762,1.2987769,8.874074,0.68541384,0.05412156,0.03358694,0.01629137,0.057290174,-0.023301963,-0.030503476,0.94998044,0.01751958,-0.053451717,0.021295717,-0.029622642,-0.051611435,1.0049139,0.95228887,71561.016,58.02367,2984.6423,657.79675,835.5443,661.4246,0.0006355646,98.000435,719474.56,DOS-HTTP_FLOOD
34.0567,7.9799113,75.01243,6613.216,0.013298394,0.34815133,0.20197105,0.078814246,0.70770824,0.003289611,0.04157115,77.38177,36.416985,0.07969274,15.66471,0.41996926,0.05305285,0.01689768,0.03623609,0.006345208,-0.053647105,0.049373113,0.909819,0.016369315,0.00027668197,0.026068129,-0.060852915,0.018602874,0.9715602,0.96788734,52867.797,60.5461,2317.479,564.59143,680.2514,508.01965,0.00040971814,108.608765,676073.8,DOS-HTTP_FLOOD
32.277016,6.5231047,76.34845,3691.978,-0.008579445,0.18098558,0.1473266,0.34437284,0.7851019,0.011712286,-0.008917403,83.55212,17.72947,1.3518649,15.15356,0.6060466,0.06933804,0.041061558,0.017522216,0.039508015,-0.07240148,-0.010993275,0.9404659,0.017816322,-0.0076774536,0.013078282,0.062447608,0.0047312398,1.0075576,1.0158211,68143.2,71.85132,2196.534,572.9785,645.49036,594.7023,0.00078094273,107.68568,466395.28,DOS-HTTP_FLOOD
28.772545,5.6945977,49.305878,4571.9976,-0.1375399,0.30113575,-0.05412573,0.21557365,0.5669282,0.031531624,0.04260967,64.686325,23.436768,0.080872916,0.2899341,0.53521776,0.022475738,0.030698001,-0.012048654,0.11238742,-0.011806079,0.09775184,0.80161643,0.037340563,-0.08941281,0.040972475,0.09611739,-0.07823796,0.92615545,0.82006407,59307.582,93.062775,1913.0199,548.24963,639.5239,600.4412,0.0019209861,91.704994,471154.28,DOS-HTTP_FLOOD
29.275549,5.3314524,63.006542,-580.70654,-0.095499694,0.13105881,0.17950162,0.46789867,0.6980996,0.032846317,0.027287502,66.36942,11.560564,0.20362619,14.896093,0.69557256,0.03350104,0.011925734,-0.004436616,-0.0396918,-0.024442969,-0.026541557,0.9989227,-0.06340621,-0.060715258,0.047868647,-0.006228513,0.015924783,1.0134863,0.96473706,80169.3,60.053833,2209.1995,927.67444,745.31396,959.1211,0.0006771179,95.20163,590926.8,DOS-HTTP_FLOOD
29.86697,8.132033,71.541336,-859.2207,-0.012853144,0.40300104,0.18544033,0.20920625,0.5846662,0.10031177,0.06511313,75.38387,36.49398,0.6975288,9.573501,0.5045009,0.04660147,-0.0093155205,0.04291149,0.044363063,-0.04136236,-0.002395697,0.8241179,0.03795323,-0.05699081,0.07946707,-0.054100595,-0.07609835,0.9319967,0.91477954,52946.246,53.55302,2939.262,441.06613,759.5363,479.68262,0.0051842085,108.383026,692882.3,DOS-HTTP_FLOOD
31.20725,6.039255,63.333145,6807.7793,-0.039398637,0.26889,0.17589295,0.08277818,0.56931037,0.03598502,-0.013834044,52.679096,27.708864,0.76390743,14.082947,0.6999694,0.009678959,0.0153329,0.023971014,0.009905439,-0.016586136,-0.029327676,0.9657987,0.006031761,-0.058787428,0.038024113,-0.015334432,-0.03332027,0.9899134,0.96617043,61123.348,60.963337,2555.519,649.0508,784.06006,637.114,0.00032002933,94.45741,629000.44,DOS-HTTP_FLOOD
30.544714,7.182829,62.05463,-1492.4429,-0.079203285,0.26214463,0.18392847,0.22500752,0.49831328,0.023263516,0.027032157,51.237194,25.926998,1.9648706,17.33807,0.45774046,0.09845174,0.0036088517,-0.005589854,-0.051679417,-0.11060917,-0.00817852,0.8352616,0.058351588,-0.0501362,0.06773061,0.0528715,-0.05207205,1.0004672,0.978349,67348.84,75.12601,2078.8535,634.6579,626.9492,649.0534,0.00046719052,106.71103,487827.53,DOS-HTTP_FLOOD
27.040005,5.2577615,51.030025,2691.5996,-0.040410254,0.20776401,0.258428,0.24599972,0.5046629,0.039785877,0.025877804,51.631275,17.288267,0.9359027,15.645357,0.7209123,-0.04794553,0.016466226,0.023658203,0.010160887,-0.010391287,0.012861814,0.9120118,-0.029515004,-0.026938848,0.114756,0.014077516,-0.039178707,0.96032274,0.9346138,57240.746,59.30713,2216.21,521.3876,699.0288,564.2548,0.00036665107,92.936584,572226.25,DOS-HTTP_FLOOD
29.683575,6.2899117,64.11749,19849.938,0.031117525,0.2452365,0.012261247,0.5118471,0.6319097,0.06930503,-0.052605603,73.779335,25.452457,1.232605,11.2276945,0.6010612,0.041473057,0.018675117,0.015003355,0.023558803,0.006193421,0.0436629,0.859909,0.089427106,0.027858494,0.056887496,0.00934678,-0.018073939,0.9651011,0.9223979,72492.8,59.434532,3042.2725,762.16223,788.1615,717.6115,0.00026925665,101.58872,741492.9,DOS-HTTP_FLOOD
31.126858,4.5136924,67.95717,3707.7812,0.03477819,0.12163248,0.021695048,0.2848847,0.8024545,-0.027290137,0.014235273,84.831406,10.328579,1.6902592,2.130773,0.7725947,-0.023458993,0.03362508,-0.0065512815,0.05870082,0.040578492,-0.020918844,0.97714937,0.008516712,-0.040002882,-0.04147084,0.023219744,-0.03704403,1.0156479,0.95742846,84730.164,59.959435,2566.523,822.50085,774.5418,812.1831,0.002551245,104.186264,708627.8,DOS-HTTP_FLOOD
34.108624,3.8887398,62.65083,12070.812,-0.06538801,0.2307382,0.11848661,0.08840586,0.888282,0.054521605,-0.010384053,87.089676,22.765846,0.4418121,8.085326,0.2854041,0.65440464,-0.029380947,0.051814854,0.011837011,-0.05235823,-0.05644066,0.99307823,-0.059731808,-0.057268795,0.026659517,0.020352595,0.017595716,0.98828363,0.92305535,33558.984,62.967186,751.2703,240.83942,159.19754,257.7865,0.0006776085,104.424545,61699.473,DOS-HTTP_FLOOD
25.756577,7.700067,65.68378,8794.005,-0.032206744,0.16987143,0.2156722,0.030648632,0.4338186,0.057788786,-0.007964357,46.018436,15.563769,0.5707357,12.552733,0.25047407,0.20073967,-0.0067092804,0.020535402,-0.014702722,-0.053981952,0.019346893,0.82542205,0.11913746,-0.04912159,0.027975282,0.02345816,0.0057307445,1.0375562,0.9952042,39442.684,62.42612,785.7693,265.7439,207.62582,266.6977,0.00024335168,94.39173,108981.43,DOS-HTTP_FLOOD
29.157234,9.012131,72.186874,43772.316,0.07576466,0.33530793,-0.034075543,0.100460365,0.57449305,-0.047135644,-0.06812358,56.536655,32.25556,5.4465475,0.12325211,0.4805898,0.037645515,0.01645595,0.1006193,-0.054412983,0.037597097,-0.002760035,0.79292655,0.1829301,0.06164977,0.02813573,-0.092274934,-0.12594078,0.9699486,0.9374375,46300.195,58.424477,3249.4749,360.64938,586.8621,414.15848,0.0018071944,99.00867,506989.16,DOS-HTTP_FLOOD
29.93927,5.446227,66.33846,-3388.273,0.03777005,0.2384262,0.038749564,0.36226138,0.6222543,0.056579255,0.011138363,55.470703,21.57381,5.8758183,8.558952,0.620007,0.19280265,0.03480063,-0.011556003,0.023668969,0.007876539,0.01890031,0.90215236,0.04433791,-0.0496134,0.026018431,0.05171129,-0.03887057,0.9907827,0.9594057,46316.01,58.490532,2604.01,451.97375,705.9985,464.60803,0.0021285147,91.99297,471630.5,DOS-HTTP_FLOOD
29.710735,7.427336,66.587906,10233.242,0.03309215,0.15853018,0.061274916,0.19078092,0.6780675,0.06780263,0.07076653,90.268715,15.989813,0.24679416,4.5873065,0.54317766,0.06036047,-0.03787195,0.037869994,0.06378683,-0.046629716,0.0038433587,0.85110074,0.10013116,-0.08017216,-0.05366701,0.014251664,-0.014766732,1.0134524,0.9444008,68058.41,59.28352,2429.4307,649.1934,672.5783,637.11316,0.0016961287,112.7213,611040.44,DOS-HTTP_FLOOD
28.47314,6.6523337,62.43415,2308.7532,-0.040613703,0.17708187,0.21097705,0.15662873,0.49038273,0.034717098,0.006463707,50.35696,17.375013,1.1868477,17.966654,0.642224,-0.009259946,-0.007060682,-0.00793951,-0.04847587,-0.012786869,0.041920237,0.9243867,0.052111667,-0.062307138,0.0049182903,-0.009435074,-0.0013957452,1.0316428,0.9698734,52565.836,63.766335,1824.0314,498.04877,635.4684,520.75397,0.00034551535,97.368546,485283.53,DOS-HTTP_FLOOD
33.67244,5.6402097,90.28207,4507.511,-0.052678157,0.23158605,0.14405286,0.12552297,0.9675827,-0.029725337,0.08512806,98.7749,21.770447,-0.13491842,3.3673975,0.35705608,0.049252905,0.023989735,0.017999139,0.041485943,0.02172377,-0.019873034,0.9523235,0.018894782,0.017772969,0.032677718,-0.041193597,-0.011617354,0.97178775,0.8812992,34261.945,60.75715,1185.9136,227.61996,417.8456,296.72232,0.0011034468,101.703964,239157.84,DOS-HTTP_FLOOD
27.38515,8.171492,65.44027,3932.247,-0.07665084,0.21894303,-0.048530586,0.10473471,0.5457315,0.08080219,-0.0788659,61.94133,20.228119,0.43147457,2.6613498,0.4250227,0.1381216,-0.012464331,0.034010224,0.06270998,-0.06725928,0.024394568,0.7670943,0.13723026,-0.062151656,-0.059704974,0.04538,-0.07958089,1.0104204,1.0150526,88340.02,111.18414,2668.2988,1025.2299,703.28265,1033.4353,0.00046374614,103.03923,788797.8,DOS-HTTP_FLOOD
31.496883,6.345206,66.81737,2864.5127,0.0041017868,0.18216938,0.31536993,0.15061127,0.7941616,0.06703503,0.05418444,83.49778,15.94737,1.4048206,17.774565,0.5658481,0.12967756,0.0116806235,0.0148105435,-0.02537067,-0.055413716,-0.037285373,1.0181773,-0.05433504,-0.03974928,0.015261978,-0.03636581,-0.017904859,0.98235047,0.98472387,56434.754,59.90051,2283.076,524.17786,666.7755,505.86954,0.00025450095,108.297295,510510.47,DOS-HTTP_FLOOD
29.273983,7.872814,65.494705,7790.3604,-0.015888844,0.21306828,0.019970702,0.14725381,0.46085736,0.010886406,-0.032870047,51.65462,20.239166,1.1810548,6.5797567,0.6304547,0.029588917,0.020207578,0.05262425,0.024919007,-0.01975537,0.0038209697,0.84698665,0.09993918,-0.050489284,-0.004088995,0.06445817,-0.033486307,0.99665684,0.93911743,72618.52,59.28949,2354.5225,683.61456,671.84467,674.65155,0.001264961,100.482635,693315.2,DOS-HTTP_FLOOD
33.670803,6.16176,63.099113,12504.609,-0.062822364,0.2965972,0.22843115,0.057659954,0.6966485,0.0188426,-0.05452095,65.2214,29.050125,-0.079528496,10.965909,0.5749721,-0.013673322,-0.017224094,0.09617859,0.018707987,-0.038713165,0.05052507,1.032409,-0.020829473,-0.02658398,-0.049863823,-0.035507385,-0.011748373,0.99006385,0.9364061,60155.625,62.068058,2111.317,591.7754,667.2278,582.9078,-0.00025199854,96.44221,695783.94,DOS-HTTP_FLOOD
27.880669,6.844065,67.75863,2500.0518,-0.067822,0.23841822,0.1737963,0.047267515,0.63375515,0.022120679,0.035347637,67.042854,23.953054,-0.097328335,7.740882,0.54438454,0.010092468,0.030023772,0.02554372,0.033740148,-0.06916147,-0.021380093,0.9054219,0.006164385,-0.056352675,0.01194497,-0.023035558,-0.022416748,1.0096375,0.94693244,69465.445,59.513554,2430.84,625.8577,714.2547,639.9298,0.0004193489,97.99514,587344.4,DOS-HTTP_FLOOD
24.712948,7.4487295,55.366245,33291.695,0.016089624,0.17645824,0.15636149,0.057824504,0.5258434,0.071752205,0.054057136,73.58248,16.181662,1.8979318,10.434805,0.48138076,0.065730505,-0.011948872,0.03513708,0.0029985094,-0.07700106,-0.047138672,0.8386241,0.09655631,-0.04413547,0.06523448,0.007085427,-0.014021618,1.0106771,0.942826,73368.96,59.4305,1892.8729,766.6934,611.58673,715.7802,-0.00031088968,97.4728,470181.62,DOS-HTTP_FLOOD
25.6925,7.193657,63.214935,5742.782,0.026439533,0.14792208,0.35520062,0.18357824,0.53052765,0.043684695,0.05172336,58.16626,13.14522,1.4390315,18.625069,0.57146007,-0.001264369,-0.00484196,0.004506223,-0.027215753,-0.0041547744,-0.03703035,0.88726676,0.04740736,-0.0092528965,0.042340532,-0.033606797,-0.06858591,0.99687815,0.9954881,43190.59,58.417343,1835.6859,401.05447,523.14,399.163,0.0003328026,96.342186,311522.0,DOS-HTTP_FLOOD
27.386093,8.776875,69.76257,1439.5769,0.038913146,0.09485576,0.03980162,0.09708234,0.5883687,-0.011036024,-0.029434951,75.74951,10.779716,1.8208491,3.2115216,0.6887778,-0.0077941245,0.062934905,0.0112881735,0.03171413,-0.06677581,-0.10035404,0.81818867,0.17464487,-0.011604243,0.033304956,-0.053211145,-0.059473384,1.0424868,1.0070133,104709.984,64.63774,4395.141,1026.7722,1119.0155,1053.0399,0.0008642429,110.66316,1.0717592e+06,DOS-HTTP_FLOOD
26.571527,6.775158,80.463326,2368.024,-0.026254967,0.17473651,0.19388466,0.19944027,0.6712125,0.04343724,0.012592509,65.5724,18.182642,0.3290358,9.028168,0.35234895,0.17047195,-0.014878457,0.0236007,-0.014623703,-0.04576136,-0.034921996,0.8578428,0.14196554,-0.048756026,0.004299511,0.005271891,-0.020832244,1.0109297,0.97789586,49194.492,59.34015,1865.0868,496.86792,594.32983,506.45868,0.00079114415,89.33921,368638.25,DOS-HTTP_FLOOD
29.844955,5.9056225,70.53483,6179.313,-0.016473714,0.3074588,0.52953994,0.16055764,0.65102065,0.019726675,0.09305605,63.506622,28.322342,-0.5070367,19.75475,0.303459,0.006244551,-0.018258924,0.017949464,0.005296585,-0.049194824,-0.0012889411,1.0177773,-0.042650063,-0.02376153,0.0464169,-0.014431665,-0.030220147,0.99499506,0.9907936,18699.537,59.346943,943.6243,209.45749,307.9448,210.13943,-0.00029092008,96.420166,176159.48,DOS-HTTP_FLOOD
34.88076,5.563164,86.11191,4346.5347,0.005342299,0.22507654,0.15523224,0.31714466,0.94044936,-0.0013631821,0.034954112,89.28675,21.697483,1.0304887,7.0164766,0.71034265,-0.013372496,0.0016738055,0.024877194,0.029085113,-0.0056117726,-0.003529098,1.0916656,0.0059472155,-0.012459197,-0.02700292,-0.043580603,-0.03278471,1.008124,0.96849954,57445.44,58.126923,3182.19,538.4144,787.5281,546.34186,0.00078881765,93.267685,652292.8,DOS-HTTP_FLOOD
27.51384,7.625511,80.08498,21300.205,0.014292246,0.182102,-0.025086574,0.20978518,0.6112746,0.081604235,-0.014556466,73.62085,16.72413,0.34295207,1.4620007,0.56048054,0.06447513,-0.029976275,-0.021933686,0.01324638,-0.056204043,0.056992553,0.7835313,0.12687372,-0.037152626,-0.046930015,0.102207355,-0.017702099,0.9974783,1.0573782,101989.125,59.62376,3250.8528,1166.2793,943.4974,1141.132,-0.00057025807,109.45949,1.2163919e+06,DOS-HTTP_FLOOD
24.996708,8.426521,65.62922,267.9541,0.038062256,0.10398133,0.13623363,0.27696726,0.5649109,0.07463549,0.0096865995,77.871346,9.542793,2.29964,15.547474,0.58098364,0.010005161,0.01602025,-0.010530068,0.020630302,-0.032531776,-0.009255157,0.75569916,0.20871063,0.03426689,0.025886463,0.0131828785,-0.014711328,1.001933,0.9501393,66974.87,57.70168,3169.412,673.91876,784.5467,631.04504,0.0042107855,101.70494,622943.06,DOS-HTTP_FLOOD
32.369038,6.4823513,66.72059,-1338.5142,-0.04609905,0.38333398,0.13423005,0.45111823,0.6035784,0.124799915,0.036579236,72.09139,32.556854,1.0455714,12.379336,0.49268264,0.16254382,0.0012739841,0.013168887,0.06974524,-0.043110304,-0.0022601103,0.9162427,-0.0013950951,-0.017350124,0.042051576,-0.008868253,-0.02460094,0.9072788,0.9081318,58863.105,57.868515,3379.1294,454.14813,804.17316,488.5394,0.005441778,106.61562,638572.44,DOS-HTTP_FLOOD
35.584747,5.3100557,82.33058,3869.6177,0.019787766,0.22244798,0.06780749,0.22453311,0.92257994,0.02727422,0.080810525,98.97303,23.102768,0.5627287,3.9897826,0.5413332,0.14376514,0.0057755597,0.054559242,0.061466858,-0.04522165,-0.03591579,0.99253905,-0.0020266324,-0.050776523,-0.026216486,-0.010999016,0.010748132,1.0014349,0.9620302,72455.92,62.10659,2801.8157,694.4931,773.1782,729.101,0.0012565232,112.32819,681265.06,DOS-HTTP_FLOOD
29.920988,7.395501,66.00995,6129.651,-0.068261765,0.24525848,0.22219542,0.09199852,0.4927562,0.04961025,-0.016476084,40.150528,14.866877,-0.20689398,14.331469,0.5064644,0.012779737,0.018554216,0.013728514,0.0194942,-0.034895994,0.05989555,0.93604493,-0.0040044594,-0.06033424,-0.007261901,0.037835747,-0.0017675199,1.0012245,0.9943665,52824.246,74.06372,1886.4683,508.19678,623.94415,491.4945,-0.0003022038,86.28805,449241.25,DOS-HTTP_FLOOD
23.530823,9.182022,68.318565,92702.91,0.09603952,0.05118502,0.5671711,0.019864408,0.5264569,0.07637304,0.035366103,66.02887,3.9971173,3.3194587,19.150917,0.36408424,-0.017340867,0.03517698,0.03482917,0.028265096,-0.055865016,-0.06386389,0.8470948,0.102096625,-0.019192467,-0.007384049,-0.049820878,-0.06545507,1.0474042,1.0340508,42157.285,59.1572,1345.2112,390.5648,313.51968,343.86356,-8.267701e-05,101.84823,171061.66,DOS-HTTP_FLOOD
30.453568,4.1167536,61.922554,-1798.2578,-0.011169649,0.13816673,0.13997245,0.18580928,0.6123844,0.029433839,-0.0078013195,64.871284,10.340477,3.1062868,17.823233,0.6482201,0.30204344,0.051644113,-0.008906768,0.029992694,-0.011291359,0.002162666,0.9387006,-0.023312304,-0.03619249,0.08824899,-0.0055083074,0.017470056,0.944616,0.93894243,53509.133,60.103863,2674.7349,472.6503,683.5446,428.87286,0.004235822,100.217354,538194.25,DOS-HTTP_FLOOD
29.637836,4.977462,66.40874,1695.7476,-0.025507644,0.21860352,0.32635117,0.09018451,0.78325564,0.023972467,0.116509035,86.33778,20.586712,1.5188648,18.92465,0.3783635,0.29846704,-0.012238197,0.014750888,0.026495008,-0.028437931,0.030547557,1.010055,-0.05181635,0.008539347,0.090360776,-0.07639506,-0.02538443,0.96518856,1.0009705,31719.768,56.77916,2221.04,267.8384,532.7324,280.24023,0.0060518556,108.42795,420496.28,DOS-HTTP_FLOOD
32.213097,6.353219,66.26363,-902.709,-0.040910274,0.16031712,0.11542674,0.13155547,0.8213672,0.043183126,0.015892332,89.30882,14.788904,2.7976003,14.248046,0.64237124,0.10892047,0.011446028,-0.0109009715,0.04123902,-0.021477774,0.038039345,0.97069216,0.0014132224,0.017731395,0.00037865713,0.015476841,0.014179993,0.9581697,0.91412586,58189.31,61.220375,2325.3118,505.70227,676.0488,501.21057,0.001701896,106.40367,545750.25,DOS-HTTP_FLOOD
35.65288,5.6476283,62.3947,3033.401,0.0155847715,0.2268263,0.27026692,0.14699522,0.9298146,0.068256095,0.030012643,93.19011,22.224236,2.773867,17.982256,0.8191149,0.0015198305,0.0039865263,-0.072623014,-0.01238428,0.034305487,0.063515835,1.0738358,-0.06620445,0.009343798,-0.0017413055,-0.004348499,0.005968567,0.9508166,0.96100503,63762.637,71.177895,2736.4128,711.0615,868.84174,689.2094,0.0004570441,105.71112,756505.44,DOS-HTTP_FLOOD
36.912613,5.2601285,60.888638,29650.375,-0.028232662,0.378126,0.1322815,0.0762034,0.8730536,0.07329025,-0.017550763,81.38674,32.51439,-0.16658446,2.8647704,0.6991052,-0.0800416,0.019935256,0.03742685,0.018960059,0.040224843,0.055521056,1.0708752,-0.026185716,0.00090657035,-0.06496032,-0.054123517,-0.03161789,0.976937,0.9144846,48401.516,66.77704,2019.336,513.01575,659.4001,510.25278,-0.00042920583,98.89916,580203.56,DOS-HTTP_FLOOD
28.200603,7.200839,65.73206,-1921.0498,-0.058634773,0.19267505,-0.08862823,0.26709938,0.6528116,0.048611104,0.0053556287,80.45557,21.858196,3.4770784,0.7885479,0.69207436,0.03667211,0.031251226,-0.05435265,0.03323399,-0.05280924,-0.009435801,0.81147116,0.18259966,0.008802858,0.065170735,0.039479475,-0.03654939,1.0384504,0.9756002,76896.77,69.28329,4057.6624,788.21387,922.35474,826.4284,0.0031616038,110.57633,639131.0,DOS-HTTP_FLOOD
32.09495,5.9585958,87.66589,1893.2805,0.01178156,0.42256108,0.1578091,0.057670094,0.64656085,0.023146983,0.062437505,69.94926,36.2084,-0.052894585,6.525398,0.36606663,0.081131525,-0.01504698,0.037637863,0.061736148,-0.06574541,-0.01652532,0.8724541,0.020527625,-0.0046995957,0.07791155,-0.008320281,-0.03422568,0.9478814,0.8966415,35639.434,57.720573,2362.376,225.91785,449.25638,238.53384,0.0060223616,101.732414,279268.0,DOS-HTTP_FLOOD
29.014893,7.1536646,65.50731,32000.184,0.030648656,0.18773113,0.2345609,0.16553102,0.51461035,0.077469505,0.046463735,74.26439,20.498108,1.8533355,19.538092,0.5213031,0.058224034,0.01410857,0.035092916,0.07685616,-0.06001176,0.023985712,0.8506074,0.059360735,-0.014022308,0.026731875,0.034172326,-0.08607906,0.9987863,0.9791141,57067.04,59.623295,3214.7434,639.03845,759.2575,582.26715,0.00015159452,111.79439,623794.6,DOS-HTTP_FLOOD
34.9635,5.5723095,61.727913,-1449.8945,-0.058574136,0.18744826,0.102763,0.09438258,0.95083916,0.04884944,0.017214254,102.834145,16.270092,0.21833602,6.8784213,0.56214935,0.06069557,0.06930253,-0.002444624,0.094496235,-0.030744761,-0.015594604,0.9799073,-0.013685021,0.004258617,-0.002267221,0.05867783,0.039021842,0.95310366,0.9451543,89454.03,135.04367,3098.8352,1117.5344,863.36743,1120.0056,0.004377621,105.99292,884324.0,DOS-HTTP_FLOOD
31.73398,5.3326983,74.69849,2362.4297,-0.032779086,0.16059178,0.30139795,0.20235537,0.92795205,0.0402499,0.024331931,80.339584,15.417491,0.023593351,9.162401,0.5399942,-0.0064939535,-0.015136294,0.018754952,-0.009132106,-0.00445348,0.028311614,1.0605228,-0.013848914,-0.0021596905,-0.014793314,0.0001439685,-0.025393791,0.985444,0.96077424,34682.17,61.226498,1479.0411,285.401,457.843,306.94577,0.00071618496,88.43592,262717.75,DOS-HTTP_FLOOD
39.395485,3.3387687,87.78609,99.37256,-0.047479007,0.23594046,0.27031538,0.39847317,1.2010276,0.042867925,0.052869804,102.651695,24.713326,-0.1968313,10.461354,0.6373825,0.054299485,0.00010472722,-0.00966248,0.029126696,0.019872814,0.011605582,1.2088974,-0.11643722,0.0063269795,0.0014829868,-0.042009875,0.008069169,0.97299904,0.99226344,41195.992,63.09339,2742.3562,407.68036,720.00934,409.83752,0.0029882486,95.72093,481939.53,DOS-HTTP_FLOOD
38.53708,5.293931,63.612053,5077.2495,0.034980882,0.24731894,-0.061034925,0.29072514,1.021803,0.07088417,0.056770988,103.506775,25.368286,4.670072,2.8492203,0.9064949,0.12891074,0.037818443,-0.01472722,0.048499838,0.03266545,0.034229364,1.0735221,-0.054105442,-0.034195267,-0.04462193,-0.038793065,-0.039108474,0.93918425,0.9633478,74080.07,60.795567,3631.498,771.79486,965.2899,777.46606,0.00075991254,112.80597,910446.44,DOS-HTTP_FLOOD
33.721237,6.1428785,66.55231,11408.828,-0.022736313,0.29681444,0.117065,0.19018383,0.7702582,0.012185712,0.05739959,74.349266,28.724983,-0.100515865,4.8388333,0.80145067,-0.068255976,0.01934369,0.03179916,0.009322771,-0.0419709,-0.09479247,0.953622,-0.020308614,-0.02092168,0.06417176,-0.024228469,-0.06029613,0.982885,0.9755813,72428.73,59.122562,2670.3745,746.3256,806.56476,816.85913,-0.00063102157,106.05875,683646.8,DOS-HTTP_FLOOD
30.04425,6.0047083,59.749306,38775.363,-0.07483082,0.15570417,-0.036813423,0.35635793,0.5506249,0.05262862,-0.05949597,61.638523,12.731127,1.0570934,13.633007,0.5437452,0.39089277,0.02953704,0.02064565,0.02246397,-0.01760386,0.044852156,0.8685067,0.017902955,-0.033856146,0.058598295,-0.005967873,0.007929885,0.99790466,0.9033477,70496.28,62.41287,2036.8502,778.8146,676.5155,746.45526,0.00034157085,97.97841,592857.06,DOS-HTTP_FLOOD
31.197392,5.3547587,63.028355,5807.115,0.020988517,0.4402125,-0.045977574,0.25739634,0.62445766,0.07133952,0.034223273,63.21541,32.278843,1.7652745,0.33061904,0.4769236,0.041022222,-0.023509638,0.065156356,0.0050213793,0.024479834,0.10923117,0.9253292,0.0037800928,-0.023193542,-0.0047125714,0.008630915,-0.056826085,0.93631256,0.9714832,52200.84,59.98479,1888.7988,502.41788,543.4394,504.18692,0.00064023666,96.68403,805813.25,DOS-HTTP_FLOOD
36.72406,5.0654473,65.24168,112374.46,0.019228937,0.23967066,0.035298236,0.16782275,0.72645164,0.011430887,-0.13616969,93.16882,20.868036,5.559416,12.674632,0.5711522,0.08621427,0.013022639,-0.008915299,0.056544937,-0.0340517,0.05341784,0.89638686,0.04202887,-0.0032439316,-0.0075300243,-0.059253443,0.039146088,0.96780115,1.0230714,84470.62,148.76372,3305.0322,689.3948,763.8795,619.4638,0.0013098822,132.33148,895201.3,DOS-HTTP_FLOOD
30.010689,5.709943,82.25215,4401.451,0.0679774,0.35413185,0.046610948,0.20416807,0.6982008,0.066231884,0.017657842,87.76102,32.442116,4.632749,7.315444,0.4613273,0.088221945,-0.030540619,0.025470667,0.028190598,-0.050111674,-0.006115786,0.88268685,0.069439195,-0.020156575,0.14763287,-0.078007855,-0.041245982,0.8693298,0.8982913,22933.26,54.68031,1446.3824,3.4031677,225.48862,41.639244,0.011503612,108.97954,102926.71,DOS-HTTP_FLOOD
25.715654,9.530498,85.3741,133048.4,0.08987306,0.28829214,0.00970158,0.23628096,0.46568668,0.13790888,-0.06831488,81.219406,29.42699,7.036089,9.594327,0.5296448,-0.05572589,-0.08448433,-0.052371748,-0.1581373,0.069348864,0.18488058,0.59299076,0.12129105,0.13253057,0.11561255,0.06611252,-0.026310302,0.9318475,0.9988467,101521.125,54.719894,3714.576,882.236,971.90155,791.37665,0.0012522542,132.13054,1.2286514e+06,DOS-HTTP_FLOOD
31.42389,7.7887154,67.93718,-1238.0034,0.02450207,0.17425969,0.055142775,0.19162796,0.89312524,-0.0014802458,0.06621037,101.296036,21.22595,2.5880492,2.5336766,0.7471171,0.021410674,0.03849598,0.009921234,-0.011686742,-0.03454251,-0.11893376,0.9493791,0.002612192,-0.11513346,0.07806785,-0.02768962,-0.14798597,0.9759671,1.0107565,73831.164,55.051502,2658.3215,663.32587,738.75714,715.0455,0.0008702453,106.637764,525579.4,DOS-HTTP_FLOOD
33.42179,5.711009,61.7835,7468.078,-0.013309408,0.28082696,0.06272282,0.15256622,0.71493244,0.042598847,-0.039068963,70.12532,25.351494,0.9862082,4.684915,0.60590035,0.04352109,0.01904677,0.09291493,0.08072264,-0.022906745,0.1093429,0.94753754,0.005280788,-0.079962626,-0.029537607,-0.043080293,-0.10461621,0.94232285,0.90953296,58515.383,64.65218,2335.4602,466.8695,664.2966,488.65805,0.001187207,101.80873,819690.6,DOS-HTTP_FLOOD
29.434143,7.9136868,71.931755,-3938.4995,0.046077926,0.17604235,0.039690506,0.04867455,0.31937346,0.07234493,-0.031000262,49.789906,16.035255,2.047227,17.79239,0.58641034,0.07272964,0.03812399,-0.0076558157,0.015080256,-0.07886003,0.07260474,0.7643027,0.12162094,-0.016099911,0.03610169,0.107219845,0.043087866,0.956192,0.97128934,58063.613,68.162476,2480.6404,550.97925,622.66425,493.5287,0.006724386,105.89181,405101.7,DOS-HTTP_FLOOD
30.278946,5.825328,70.628456,2811.3086,0.033412945,0.20984958,0.12952286,0.16969188,0.7424323,0.017991733,0.029301148,63.92248,18.72038,4.184496,9.136115,0.46580368,0.44288656,-0.0038836524,0.036486104,-0.022560708,0.0054158084,-0.022385031,0.9768891,-0.0123001365,-0.029674523,0.039027575,-0.0137965735,-0.049229335,0.9588913,0.9701277,50606.03,57.209213,2027.6235,449.134,587.76587,464.43002,0.0007955803,93.57372,420753.25,DOS-HTTP_FLOOD
31.803547,5.6725483,65.072495,117.8833,-0.10063906,0.39585128,0.073124796,0.19688068,0.7349641,0.073129244,-0.100748725,68.33152,37.31183,0.51235765,7.646336,0.3105876,0.41351038,0.013139293,0.033900555,-0.046807658,-0.054740697,-0.052619956,0.8863559,0.090550385,-0.018119777,0.0029195042,-0.017785396,-0.10991006,0.95993876,0.9574536,64938.78,59.69132,4097.586,815.43414,968.87213,842.4986,0.00092652,106.93151,765158.75,DOS-HTTP_FLOOD
33.249397,4.584238,56.924473,-6861.8276,-0.025455128,0.06789732,0.17362687,0.122416794,0.8047249,0.03381723,0.050665423,76.14269,5.4063244,3.8999822,16.668568,0.60635436,0.3823513,0.07917851,-0.03277476,0.02671765,-0.040213324,-0.0752208,1.0291766,-0.07734488,-0.048970446,0.056046873,-0.04679626,-0.016295552,1.0114647,1.0087351,89287.375,77.19457,3058.6873,920.76825,937.78973,870.47125,0.00031744762,109.75873,855892.94,DOS-HTTP_FLOOD
30.851572,6.4820323,81.977036,2197.2612,-0.008312696,0.33823878,0.44814113,0.13244484,0.80218524,0.024506023,0.060505383,81.9082,32.654167,0.8242876,18.098196,0.34933048,0.0057898643,-0.01759653,0.043082047,0.016209578,-0.023995118,-0.059027556,1.0370519,-0.051703956,-0.013274148,0.02874238,-0.05868264,-0.06478926,0.9375806,0.9738861,19383.531,57.316803,702.3602,44.69952,180.96536,50.112717,0.00092196005,101.839325,77003.195,DOS-HTTP_FLOOD
27.302073,8.946879,97.27735,7858.6523,0.053164855,0.1919554,0.102401935,0.123256914,0.5974001,0.0302661,0.06950003,69.982,21.15139,5.5379457,6.2447696,0.43173075,0.056559373,-0.018483026,0.013526741,-0.004061791,-0.07754201,-0.01386987,0.7539289,0.2104144,-0.050381586,0.054379575,-0.019294819,-0.020199252,1.0424284,0.94752383,28974.613,60.165947,1133.416,280.56927,286.52905,248.40555,0.00097310817,91.20425,119523.21,DOS-HTTP_FLOOD
32.03962,7.571654,82.99373,2687.3975,-0.03375512,0.27549455,0.12713861,0.14580949,0.6659302,0.055398032,-0.07835472,72.49488,28.684963,0.5939493,13.729438,0.47678822,0.19603546,0.0010059681,0.059831347,0.026821362,-0.10096464,0.017289784,0.91151565,0.07938081,-0.035257634,-0.020913782,-0.021893792,-0.036480825,0.9673297,1.0062444,81041.51,64.8632,3401.0435,871.6944,940.9137,857.445,0.0005894167,107.05543,1.0326065e+06,DOS-HTTP_FLOOD
34.95896,4.9198384,65.53045,3112.8237,-0.013959918,0.2086818,-0.032378744,0.18422352,0.89778525,0.016164254,0.0886321,88.21447,18.407495,1.3213453,1.1807814,0.5630279,0.21663307,0.06910526,0.03519497,0.0028678775,-0.015610372,-9.014271e-05,1.0160373,-0.061921384,-0.06470043,-0.0037931302,0.017821599,0.006491011,0.95958287,0.94619745,58419.09,61.124935,1800.3759,532.3104,578.0695,552.26337,0.00086702744,102.03419,461003.22,DOS-HTTP_FLOOD
24.363888,8.49291,53.70365,2986.9233,-0.013488948,0.15453337,-0.036137886,0.2418715,0.4625453,0.06456026,0.0644036,70.38115,13.062234,6.818257,4.1563106,0.47009948,0.1965351,0.040834676,-0.020313172,0.010947682,-0.047361746,0.019541068,0.6748009,0.1965734,0.008726741,0.15982875,0.0019032368,-0.0034687389,0.96377414,0.85340273,35944.46,58.506523,970.0387,146.83524,165.73102,194.9066,0.006297354,107.0869,64789.453,DOS-HTTP_FLOOD
37.37278,5.8099303,81.35802,-699.3213,-0.030513857,0.43427143,0.15066071,0.07977738,0.9461045,-0.026035616,0.04230885,100.38536,37.713104,0.2765537,7.105194,0.29589707,0.115678266,-0.006445665,0.015565966,-0.037065845,-0.01681662,0.01560696,0.92391944,0.088951275,0.047131814,0.07164464,-0.11581723,-0.019530294,0.99434656,0.9733435,34708.75,61.15162,2136.0073,303.93353,506.7356,304.22278,0.001030901,103.780235,385467.28,DOS-HTTP_FLOOD
34.76851,4.434766,58.05948,2459.9204,-0.01681944,0.6301586,0.3675862,0.047630396,0.4812447,0.08886553,0.0029694545,43.16722,39.017624,0.16448246,16.88455,0.122498214,0.04369839,-0.041791536,-0.0076370914,-0.046809584,0.058772765,0.031674277,0.92335546,-0.08398959,0.11117681,0.084384866,-0.017311,-0.0064753275,0.89945793,0.983568,17655.496,68.72674,294.0902,58.735664,86.05852,78.25867,0.0005048054,98.390755,55176.76,DOS-HTTP_FLOOD
31.530159,5.806812,67.01568,417.42505,0.0067670364,0.23540008,0.15117416,0.19588543,0.64358276,0.05808164,0.016430482,71.81001,23.459965,1.5441548,16.182972,0.71594095,0.02944502,0.026424136,0.050835952,0.04501049,-0.030709993,-0.02315225,0.9662117,0.023724208,-0.021354558,0.07738038,-0.0073764934,-0.01577391,0.9967988,0.95399785,60497.133,59.118294,3051.4712,537.8371,853.7389,529.1117,0.004940392,105.300575,735913.8,DOS-HTTP_FLOOD
25.797468,5.708346,77.04079,-2006.4106,0.07190729,0.118411176,0.23149192,0.20256762,0.74285597,0.025926718,0.03837226,82.84521,9.693609,6.513859,15.268048,0.43298084,0.16310035,0.032704182,-0.023398025,-0.025343746,-0.034127302,-0.019800875,0.8504101,0.086557806,-0.026204221,0.10591995,0.03402404,0.034945305,0.92137396,0.93167126,25640.773,57.252174,1119.5027,156.05772,204.28644,138.26111,0.011319476,106.65551,71451.81,DOS-HTTP_FLOOD
35.509674,5.109128,65.83696,4133.853,0.02150829,0.20639561,0.0810441,0.37142265,1.0593516,0.025836777,0.02507906,105.649666,20.943518,2.7882676,6.3714046,0.7910136,0.0063832263,-0.011404142,-0.019642564,0.040927805,0.0325689,0.01538138,1.0497139,-0.048963062,-0.011907239,0.080207884,-0.046533726,0.002882816,0.9363916,0.93374926,48979.76,57.43197,2359.9895,463.19708,635.04254,452.16904,0.005459101,104.774826,505035.34,DOS-HTTP_FLOOD
30.610443,10.166605,67.574104,-3230.8193,-0.08855684,0.2504324,0.23594296,0.18883803,0.8253823,-0.031426616,0.007211726,93.57093,27.7874,0.21390036,16.447289,0.23947956,-0.012678102,0.007379618,0.00790778,0.035610028,0.022407006,0.03570603,0.8532829,0.085657634,0.056329317,-0.03648981,0.07252253,0.008005676,0.9724163,1.0422665,49930.96,168.89655,2140.5608,547.8773,469.79016,590.06396,0.00017302563,109.94836,329386.78,DOS-HTTP_FLOOD
24.188805,8.561975,68.41093,4159.5156,0.02658977,0.15474103,0.011402191,0.22997172,0.46416846,0.011489332,0.016329471,73.01431,14.767433,3.5488722,7.1707954,0.6835008,-0.023439126,0.048618115,-0.008455845,0.047207233,-0.06380728,0.00052285846,0.69400764,0.19245416,-0.0049230596,0.08992927,0.07210108,-0.022457587,1.0008351,0.9308059,82932.92,56.51374,3774.6758,733.9914,911.0748,752.44946,0.006370949,109.375565,733428.0,DOS-HTTP_FLOOD
34.154247,5.017213,87.08751,4351.1714,-0.025065575,0.26919508,-0.010892514,0.35575572,0.807457,-0.0012056396,0.019735696,76.46454,22.6561,1.0841782,0.9145182,0.36556077,0.41768876,0.025649443,0.044383798,0.046701156,-0.029982207,-0.034031387,0.980695,0.021861406,-0.019899102,-0.0062505645,-0.0184238,-0.05380389,0.9927581,0.94178534,52945.695,64.46164,2398.7275,479.1553,609.3865,521.31287,0.0017363338,97.00586,467150.6,DOS-HTTP_FLOOD
22.782213,8.504955,63.491722,-1305.3857,0.006185174,0.056764264,0.08871313,0.02954304,0.49359396,0.019139213,0.020949367,57.12173,4.169307,1.7865851,5.999914,0.44104582,0.07980981,0.016245658,0.0057962583,-0.041071158,-0.041098952,0.02597807,0.73419183,0.18790379,-0.030177075,-0.007938681,0.0016378285,-0.0013234839,0.9957448,0.98473644,61494.023,59.898464,2168.5454,534.12445,539.4022,514.50616,0.000544486,93.340454,365057.78,DOS-HTTP_FLOOD
35.589077,6.144159,65.58016,2684.4822,-0.085354805,0.22826007,-0.06691427,0.35970712,0.8513919,0.031263582,0.032380525,79.12741,19.030014,-0.2335351,1.249897,0.5823428,0.3449386,0.06861105,0.03587592,0.0058620516,-0.05820099,0.012356736,1.0261679,-0.086022675,-0.06335366,-0.015261342,-0.0059007527,-0.05610629,0.96957004,1.0127934,92225.59,63.397484,3148.8992,1013.82477,1015.20465,1000.89777,0.0004134496,103.43232,1.2619158e+06,DOS-HTTP_FLOOD
29.302732,5.9066286,64.802185,5881.085,0.048765693,0.15520278,0.1800423,0.1816473,0.55399334,0.014294405,0.019310465,62.32233,12.890333,2.2786055,16.6983,0.783561,0.005492353,0.029503707,-0.0036494574,-0.010881912,-0.024129078,-0.031913135,0.9088923,0.042119633,-0.014979534,0.08278642,-0.0500507,-0.02301151,0.9634498,0.9500747,55592.246,58.359413,3040.0205,506.5069,728.03687,477.2228,0.004903953,96.84477,548287.1,DOS-HTTP_FLOOD
31.12664,6.25309,65.70121,29626.225,-0.032986708,0.24230228,0.43710947,0.07576691,0.79395723,0.04316574,-0.0039087934,88.0207,27.543255,0.5690111,19.796679,0.34478253,0.028829074,-0.011469022,0.029343469,0.004452821,-0.046350427,0.044233643,0.9668729,-0.02125663,0.02864528,0.015624741,0.10902255,-0.015894245,0.9631336,1.0338488,49694.63,64.54609,2574.51,583.9273,707.7072,558.43634,-0.0004941086,105.29491,509534.2,DOS-HTTP_FLOOD
31.754406,6.5194836,67.421295,2824.8228,-0.065687574,0.1998576,-0.089726605,0.21153823,0.6711089,0.051720843,0.04185041,78.06282,20.001183,3.7724545,0.8738249,0.68095934,0.030302126,0.10944226,-0.021153886,0.10903245,-0.044691496,0.039927207,0.8384181,0.06853312,-0.002485318,-0.012918588,0.09375231,-0.024463914,0.99074346,0.95113903,93337.25,118.51732,2711.256,902.26447,737.8477,958.4405,0.00049416657,117.1649,648028.9,DOS-HTTP_FLOOD
31.909655,5.1870317,72.007385,5907.922,-0.03948552,0.29912814,0.056356214,0.21865368,0.6245219,0.042298254,-0.0607163,55.345417,27.633963,1.1132382,8.80432,0.53578913,0.27119744,-0.016424742,0.07066105,0.0073282695,-0.037663773,-0.012357574,0.97167766,0.024332667,-0.04566218,-0.029855726,-0.013130058,-0.0474555,0.9818497,1.0281032,70577.32,60.17607,3280.6921,755.447,896.3805,766.6796,0.00051529997,97.711395,977256.1,DOS-HTTP_FLOOD
33.85464,5.775347,68.273155,6136.239,-0.0019048247,0.12014728,-0.081168026,0.16896132,0.7242662,0.042831488,-0.037958052,80.11248,9.380616,5.410561,2.7612777,0.71934944,0.3595449,0.107466504,-0.041016623,0.12673856,-0.016549526,0.04252413,0.9477182,0.006916286,-0.016425176,-0.055432774,0.016022773,-0.018778363,1.0404941,0.9625934,100219.695,88.28798,3019.9084,1109.1196,799.1714,1100.1578,0.00041384305,110.000305,815518.7,DOS-HTTP_FLOOD
24.303162,8.890495,60.797585,-1253.2852,-0.0064909924,0.1403754,0.14745323,0.1796252,0.28535655,-0.0105768405,0.042619217,38.145752,14.588404,0.5764793,17.169254,0.66068685,-0.056270547,0.0034460519,0.028138412,-0.044996556,-0.0014822022,0.015808452,0.728687,0.19024472,0.0041196193,0.04488808,-0.021774188,-0.057040244,1.0260491,0.9383851,58903.91,59.044434,2699.7131,584.83875,736.854,609.97784,0.0037027071,92.4652,561083.94,DOS-HTTP_FLOOD
34.936172,6.3108807,69.95694,3704.8755,0.064933665,0.37918493,-0.037182532,0.16322492,0.7137749,0.0058111986,0.04409803,70.56263,34.50347,5.836668,3.8801286,0.5308788,0.37323895,0.007683872,-0.017906878,0.031110493,0.007645776,0.009836088,0.93195724,-0.010310302,-0.025070636,0.038932316,-0.016817763,-0.03669497,0.96250755,0.9906499,48654.53,60.28023,2404.6704,486.4256,637.10333,511.2383,0.0011307243,109.29027,476006.28,DOS-HTTP_FLOOD
31.894924,6.275025,81.82234,7294.048,0.014320325,0.19941498,0.180061,0.044427603,0.93892884,0.013797151,0.053761043,97.32702,19.890373,0.9197806,3.5133445,0.3328474,0.017185038,0.028522007,0.020950582,0.009107137,-0.02356963,-0.033562277,0.94218063,0.11703204,-0.011860596,0.006861158,-0.026356861,-0.055854224,0.9977955,0.93369013,25882.812,59.722626,960.6309,188.38559,266.1442,187.49121,0.00040396073,92.285995,143843.73,DOS-HTTP_FLOOD
35.520027,5.8397923,66.135704,5707.5864,0.010411003,0.15152934,0.051201634,0.2816542,0.99625283,0.035581425,0.002204175,95.5109,12.953487,0.03770155,4.3361316,0.6078971,0.1357452,-0.00028048642,0.040596887,0.006538648,-0.046520345,0.032261353,1.0614933,-0.07105573,-0.07213474,-0.07258452,-0.012500187,0.011149546,0.9776188,0.94901615,65668.414,61.50037,2389.1257,569.1178,703.48755,578.67706,-4.7481488e-05,104.72552,612890.44,DOS-HTTP_FLOOD
24.930391,9.4479885,78.27254,6741.029,-0.10593768,0.053715058,0.05498934,0.060085203,0.49418005,-0.011203489,-0.047141496,57.016735,5.100841,0.055845514,7.671567,0.4171806,0.22488876,0.068614386,-0.023106411,0.031435218,-0.032487493,-0.057477802,0.7083686,0.20869376,-0.04413083,-0.03040089,0.0206072,0.007409006,1.0334655,1.0127894,72951.336,118.16566,2197.5745,862.793,628.60443,848.52234,-6.9272195e-05,95.093056,417456.62,DOS-HTTP_FLOOD
31.988176,4.6275854,60.57359,20903.783,-0.027740085,0.23445593,0.33755654,0.19312681,0.76296854,0.08472271,0.056581564,77.18976,18.166788,-0.03146413,18.314344,0.45238173,0.10987588,0.0071636816,-0.054055978,0.008551845,-0.02354596,0.066924706,0.998455,-0.03753279,0.042737532,0.07355729,0.008892165,0.052447356,0.9384852,0.9769216,33914.418,61.469765,2139.099,391.72314,575.44196,346.15543,-5.591924e-05,95.30015,417069.9,DOS-HTTP_FLOOD
33.904587,5.9278765,67.01733,2304.4185,-0.04167818,0.20376833,0.04961437,0.12090123,0.9830195,0.064921364,0.01478079,102.649925,25.326675,3.3811269,9.831497,0.4558371,0.3914429,-0.01598335,-0.036546852,0.069578715,-0.07908693,0.03367953,0.9357122,0.09380041,-0.019304525,0.0061771963,0.028531095,-0.041406494,0.9776486,0.9455528,43393.48,62.259224,2342.1233,472.46777,620.31726,417.23645,0.0025491344,105.46276,401675.03,DOS-HTTP_FLOOD
29.698563,6.1215096,72.68005,1025.1895,0.019193873,0.19687794,0.09379778,0.38555706,0.59058577,0.045670193,-0.005983459,49.7653,17.719158,3.4734764,11.018017,0.6858926,0.008008265,-0.0013540359,0.02189001,0.015785193,0.00072416384,0.021969002,0.91295046,0.06302315,-0.04336325,-0.017052617,0.021101452,-0.04067459,1.0336671,0.9750134,57777.152,63.974373,2680.7957,541.114,759.2895,535.2139,0.0008886118,88.60248,628651.0,DOS-HTTP_FLOOD
36.797466,6.2313204,68.345436,4228.8057,0.026447058,0.21596293,-0.0065878103,0.17843145,0.86042714,0.024006542,-0.00906449,83.55989,20.803213,2.347763,3.372829,0.63669175,0.1178131,0.0068328064,0.009402208,0.060659606,-0.042381514,0.01546227,0.98810744,0.034800276,-0.010227938,-0.034855664,0.010203797,-0.014294282,0.95172507,0.94578236,66587.09,68.46215,2534.583,556.08997,707.641,569.00793,0.0004931795,109.42096,639878.44,DOS-HTTP_FLOOD
34.689285,4.695787,93.16191,2670.6858,0.013323503,0.12629871,-0.01283987,0.18220006,0.945383,-0.021483844,0.029003926,89.13116,12.024747,1.6104939,1.1185751,0.77470756,0.024601532,0.01926917,0.013193723,0.015789887,-0.0032925885,-0.024557784,0.9977095,-0.02618528,-0.039597284,0.0052195936,0.011137951,-0.034010444,1.0099733,0.9871414,68118.83,63.779415,3014.6777,674.3231,820.69135,702.7601,0.0019136367,100.7113,651214.75,DOS-HTTP_FLOOD
34.603493,4.790487,61.29802,2056.3386,-0.064580396,0.3214215,-0.058387287,0.19546938,0.667283,0.04725708,-0.016047215,53.038933,26.752443,1.4682701,1.4722035,0.7612997,0.0155375255,0.005768882,0.03649286,0.020584797,0.029693197,0.034203026,1.0206127,-0.037517965,-0.033133764,-0.057940386,0.010534906,-0.092459515,0.95311254,0.9833248,67047.086,67.90502,3178.3286,782.8463,966.36957,812.20605,0.0007583285,93.859276,1.0446958e+06,DOS-HTTP_FLOOD
30.963394,5.375165,67.37891,379.09595,-0.018470393,0.11755647,0.12853636,0.3220067,0.7960137,0.06983413,0.030451119,81.53382,10.148327,1.4181831,16.449818,0.70349926,0.034858868,0.033947013,-0.028351523,-0.0021162303,-0.00044525135,-0.005339384,0.9616476,0.0038058532,-0.016219418,-0.029863602,0.05055606,0.009230938,1.0148848,0.9894047,62467.727,65.401184,2736.3604,696.7306,748.00867,674.01794,0.0007079093,102.629395,472700.6,DOS-HTTP_FLOOD
30.71518,5.693841,60.745754,3651.15,-0.07541744,0.30787045,0.2138324,0.14015597,0.79341877,0.045708597,0.10115674,91.05432,31.05933,-0.2902043,5.994925,0.34298941,0.050215036,-0.038304593,0.06431421,0.059459094,-0.025720673,-0.08256223,0.9210757,-0.01046074,-0.021024082,0.08909756,-0.07475469,-0.046003643,0.939261,0.8576237,19480.785,57.440254,374.91272,33.178246,69.07454,128.14447,0.0016671488,100.816956,33467.8,DOS-HTTP_FLOOD
21.781965,8.497471,77.38727,354.9619,0.025516484,0.17944111,0.20028931,0.10121491,0.42421648,0.02139901,0.03129423,55.633446,16.431013,3.0411115,10.928797,0.38883948,0.047084637,0.045540366,0.02369663,0.01003317,-0.048015572,-0.017620435,0.70432425,0.21309517,-0.019047905,0.09590183,-0.009480188,-0.06256587,0.93484545,0.9128505,24131.648,55.73834,1161.4238,107.648834,233.57663,108.99922,0.011521325,87.26245,98214.555,DOS-HTTP_FLOOD
21.205637,8.462967,64.090744,-3604.626,-0.037306514,0.14132784,-0.04320123,0.31700835,0.44865832,0.015839312,0.03253989,56.950546,13.542174,2.1974914,3.1494331,0.39086014,0.18880163,0.031153133,-0.024565494,-0.0144251175,0.018988743,-0.0046054134,0.67228186,0.2852433,-0.05844675,-0.0007137249,0.003950326,-0.05046382,1.0319405,0.97724354,64947.715,58.21213,2515.5125,689.9705,720.28577,704.98926,0.0019520711,91.71906,517050.47,DOS-HTTP_FLOOD
31.076534,6.009979,67.92946,2126.4814,0.0165917,0.23955868,-0.0053673983,0.46851063,0.87773293,0.057287853,0.043627895,96.783905,23.771973,2.8635023,3.4415274,0.56048584,0.15796058,0.018323679,-0.0002460787,0.05466221,0.028712647,-0.0064839423,0.9614617,0.058918353,-0.04111007,0.03309759,-0.003419374,-0.028140768,0.941008,0.9168451,59363.387,55.383663,2878.5798,554.62994,729.7331,563.4817,0.0035564238,106.0674,582102.44,DOS-HTTP_FLOOD
20.48067,8.89859,62.973114,-6806.9224,-0.0889898,0.13478604,0.2449175,0.23736711,0.5004946,0.03074472,0.048803546,63.041317,13.48101,1.4223206,11.136561,0.43764335,-0.066403635,0.027540393,0.005468647,-0.042985536,-0.013015438,-0.045662694,0.7457578,0.22389747,-0.024621097,0.044886753,-0.004841918,-0.11122051,0.96648073,0.9497387,41654.645,56.034157,1371.186,279.71902,335.06308,309.2125,0.002583503,93.24706,173099.6,DOS-HTTP_FLOOD
28.665756,6.516431,65.468475,729.70215,-0.01739915,0.17450379,0.091484606,0.41511956,0.77809364,0.048633553,0.070339024,86.28648,15.7323265,0.81285983,7.3859186,0.58041716,0.033160366,0.029168222,0.034612227,0.031588923,0.008004428,-0.018733336,0.946888,0.053970523,-0.057633214,0.038744867,-0.0067845453,-0.020656643,0.9603437,0.91090333,58033.457,56.89394,2190.92,533.95184,646.7509,553.79926,0.0027173043,99.76999,509569.28,DOS-HTTP_FLOOD
28.408295,4.998391,58.257267,-1756.2231,-0.043093245,0.2252784,0.31294262,0.24794792,0.56917477,0.02416565,0.037432544,52.89421,19.370468,0.5666635,18.151989,0.5377196,-0.026458865,0.0017742207,-0.026113246,-0.038866956,0.006443574,0.020245628,0.9563825,-0.01179092,-0.00733984,0.05948428,-0.020247858,-0.028734561,0.996706,0.9652194,26585.623,62.274612,1330.8751,212.9486,375.8969,215.66406,0.0024274662,89.14427,167238.34,DOS-HTTP_FLOOD
32.066116,5.303872,98.812225,4807.3174,-0.08421686,0.18103413,0.25722358,0.08846802,0.73189765,0.021012535,-0.010948487,65.443054,16.072868,0.13723785,9.844117,0.44013935,0.040062312,0.0033682026,0.02838142,0.04506571,-0.07455784,0.046053734,1.0011073,0.049914178,-0.043333434,-0.0032976759,-0.04338346,-0.045106187,1.0351586,0.973348,57902.35,68.20458,3367.897,447.97052,815.0194,491.89142,0.00015585223,88.90579,730217.3,DOS-HTTP_FLOOD
26.432446,7.2367525,72.94824,-5126.7983,0.013701694,0.22793916,0.10244697,0.24526778,0.5566604,0.058900893,-0.020753758,53.96834,22.585453,2.764877,8.082265,0.36635783,0.19044821,0.031025438,0.02360927,0.014474692,-0.031127747,-0.017044079,0.80194795,0.13284765,-0.01409548,0.06977065,0.03792879,-0.038246132,0.9174554,0.9019532,19078.496,58.19756,696.6189,25.966988,98.64018,50.279057,0.009763731,92.70019,27446.785,DOS-HTTP_FLOOD
32.232075,5.5505576,61.709507,-2074.1978,-0.028603142,0.23977287,0.19025588,0.1486658,0.6247613,0.06261635,0.012550726,72.718445,25.508986,2.115702,18.491596,0.7153904,0.022342114,-0.0007017376,0.017776478,0.0017892243,-0.03251745,0.018918801,0.9738653,0.012829087,-0.00046070432,0.0053133722,0.03971469,-0.033798594,0.9973872,0.983247,70643.266,77.75372,3802.2393,789.8382,962.5675,766.24976,0.00044194207,110.44298,756846.3,DOS-HTTP_FLOOD
30.284407,8.061717,67.35676,7809.5806,0.0231387,0.17182234,0.118847005,0.3021675,0.5669509,0.032031193,0.013532897,58.240032,14.66687,5.058138,14.495245,0.73149335,-0.013811456,-0.00045125373,0.00034887344,0.048158444,-0.042130124,0.0001690397,0.8224683,0.059280176,-0.04851687,0.0011266547,0.046057556,0.0015498232,1.0364223,1.0023975,77372.88,95.44912,2053.2717,859.5157,708.4599,848.87805,-0.00021768674,96.71647,522201.47,DOS-HTTP_FLOOD
29.321138,6.78265,84.9322,-630.7666,0.055009015,0.08540048,0.17122678,0.13157688,0.8240017,0.0124618495,0.040789884,84.78102,7.211757,5.0195527,10.647241,0.5888546,0.2099643,0.022567036,-0.0038548792,-0.016091425,-0.04872292,-0.050416704,0.94454306,0.057440832,-0.020070922,0.03886596,-0.014736282,-0.0074808667,0.97416127,0.96423095,56844.35,58.033653,2798.3271,525.4144,638.2189,486.6524,0.0056200414,104.70264,433135.9,DOS-HTTP_FLOOD
26.152596,7.3537054,66.95031,-2533.996,-0.004118923,0.10981341,0.07698518,0.26319143,0.5343552,0.019382456,0.0010069995,62.205082,8.889431,3.2358823,10.69466,0.6091266,0.06795537,0.055786498,0.037508994,0.042997006,-0.035035633,0.03666059,0.8153489,0.1412989,-0.03820633,0.07416134,-0.028595941,-0.026155006,1.0030309,0.91185075,67705.375,58.66454,3336.2556,561.83276,856.67993,551.91425,0.0067028827,95.338104,792691.8,DOS-HTTP_FLOOD
19.328512,11.56882,68.49444,-221.26807,0.039986167,0.13508447,0.17249662,0.13245715,0.20259304,0.03266336,0.026487654,44.680172,13.130645,3.6401536,15.915949,0.35593742,0.036402244,0.021330768,-0.0011177687,1.1771917e-05,-0.024855461,-0.012862811,0.5833359,0.37860456,-0.016097719,0.06514209,-0.037617784,-0.056083843,1.0282027,0.9876118,29787.008,57.235325,1410.6193,198.90646,262.796,213.19762,0.0027279009,93.724014,84849.51,DOS-HTTP_FLOOD
34.119263,4.445526,63.27435,3417.5833,0.020505853,0.19419748,0.09006939,0.25670996,0.84840184,0.026306547,-0.015736844,84.95192,16.6663,1.2658224,8.755846,0.6538646,0.2052733,0.06791593,0.011271559,0.10053146,-0.027409822,-0.021707984,0.9552096,-0.07277133,-0.027616665,0.059980933,-0.051859763,-0.036717117,1.0128946,0.9478837,75089.42,59.515213,4137.3223,659.11896,961.5648,634.2482,0.00086716836,104.00215,998886.7,DOS-HTTP_FLOOD
32.42444,4.6683073,55.508026,6541.6006,-0.0052378606,0.2356441,-0.09684409,0.117528096,0.6239218,-0.0041386997,0.028828679,64.69508,23.419828,2.982578,0.63988274,0.74643433,0.061379045,0.03633533,-0.0006396929,0.027849391,0.05731665,0.08811955,0.83278805,-0.068506815,-0.024263913,0.05650542,0.07613687,-0.04461648,0.93186426,0.94422877,55475.918,59.62403,2398.2207,374.58826,639.7929,495.6547,0.00077835395,105.70134,547128.9,DOS-HTTP_FLOOD
27.490946,5.745114,68.428604,-199.13916,-0.011032968,0.10715263,0.083455086,0.31915233,0.60595846,0.038859263,0.032259677,66.395706,7.4069777,0.37740296,12.232385,0.5206472,0.24791978,0.035559222,0.006245547,0.024526726,-0.0009295484,-0.054647323,0.8843228,0.06079603,-0.045121647,0.007465154,-0.00098255,0.023371002,1.0013928,0.98470145,74543.24,59.489452,2776.5605,751.55817,774.1798,725.4161,0.0051753875,104.13185,600493.3,DOS-HTTP_FLOOD
21.104206,8.956137,74.83979,-10485.635,-0.09967462,0.22573641,0.101780295,0.21398668,0.38789147,0.07025606,0.07088377,56.21619,22.57507,-0.32737714,6.220243,0.3135747,0.10246593,0.033423785,-0.022397112,0.055505987,-0.055105355,-0.016294887,0.5943943,0.2604448,-0.037721608,0.091507986,0.039218947,-0.11210896,0.9692726,0.9095708,50544.95,55.58275,2674.3677,355.28122,600.67505,423.80136,0.007355563,96.334305,336194.62,DOS-HTTP_FLOOD
32.618176,4.668099,69.42024,2772.7305,-0.0017092936,0.22580302,0.16234957,0.2555304,0.7709626,0.025447175,-0.0056642247,67.19763,19.80773,1.7031984,14.582468,0.52666104,0.30263478,0.0153396055,0.015302618,-0.034493063,-0.0276749,-0.0048620533,1.0036774,-0.033878613,-0.013692973,-0.0053025316,0.0009026751,-0.0066995155,0.992304,0.98393404,50000.625,65.14395,1823.3567,466.65625,537.0359,482.82272,0.0008234188,100.36711,343716.75,DOS-HTTP_FLOOD
22.719088,8.017413,66.85285,-2691.4868,0.0068798102,0.06429801,0.13832164,0.22826348,0.5288791,0.026098678,0.03311441,60.2363,4.9130983,0.7351453,9.885515,0.44627136,0.07935025,0.0071940427,0.028909776,0.0007394748,-0.022644073,-0.012114229,0.74663615,0.19599088,-0.03723433,0.013328547,-0.0017747842,-0.025828801,1.0074521,0.9755722,70876.22,59.601006,2299.3792,658.6032,654.027,663.1814,0.0026394397,94.86092,495388.56,DOS-HTTP_FLOOD
26.697033,7.9683056,87.72636,-3090.249,0.0065774657,0.20999746,0.23433253,0.04612158,0.66284955,0.0142569,0.07698953,75.35047,19.895496,3.0751941,11.166492,0.2408058,0.3593237,0.033779092,0.026812803,-0.020728892,-0.10092496,-0.057510216,0.90058196,0.056300856,-0.05547481,0.058764927,0.011647184,-0.05838509,1.0017235,0.99466205,45874.92,58.507996,1418.5623,335.5682,316.52213,338.80798,0.0020297233,112.688965,204319.78,DOS-HTTP_FLOOD
29.631538,4.368042,58.978107,1966.1208,-0.013345068,0.25063488,0.14790156,0.12925385,0.69600356,0.003845946,0.02467185,58.507717,18.066086,2.5460055,7.6162806,0.49788055,0.27755553,0.018976571,0.033660382,0.0007358333,-0.01301826,0.0126489615,0.9832195,-0.041469432,-0.03019121,0.082360275,-0.008427393,-0.033807516,0.9720857,0.91575605,39246.883,59.314316,1785.6218,311.83624,535.5853,323.7818,0.0003772658,88.205444,394008.94,DOS-HTTP_FLOOD
27.599401,6.7997556,85.240845,6540.1084,0.057575747,0.09412876,0.24393357,0.0638897,0.49152243,-0.0067315437,0.043249175,67.5636,6.294755,1.4660833,18.786142,0.56384647,0.056077983,0.07181848,0.017791469,0.015955113,-0.08178484,-0.020766836,0.82474685,0.10229876,-0.020331956,0.048472255,0.031776004,0.031368654,0.98007554,0.9310369,55135.887,60.195694,2992.1,484.46057,732.28625,453.29068,0.0067546447,107.7614,551234.25,DOS-HTTP_FLOOD
29.29514,7.3643675,74.53482,-3407.5508,-0.03842809,0.27686444,0.1364988,0.19614117,0.53733295,0.08194016,0.060689393,56.311363,26.349731,1.1700331,12.389156,0.6290804,0.046333477,0.054621067,0.028279165,0.0041594217,-0.089404464,-0.05259424,0.83629596,0.06265923,-0.031889915,0.10715864,-0.019960131,-0.06409536,0.9628773,0.9573717,60623.957,59.665104,3876.3057,461.82712,877.5495,501.19434,0.0030582882,105.66663,652718.6,DOS-HTTP_FLOOD
25.267847,9.214354,45.857178,12052.086,-0.058904313,0.18902515,0.037090223,0.20229594,0.22076117,0.121347114,-0.12850887,50.506058,18.64433,0.023369499,8.0282,0.38869917,0.138027,0.006265412,0.03680534,-0.048010927,0.0059659733,0.047402263,0.45814905,0.1958315,-0.032691963,0.22061376,0.11020814,0.0014604721,0.9463737,0.87379277,92579.37,58.993443,3315.4233,949.8463,987.45374,1065.8634,0.00046578323,105.4722,951388.5,DOS-HTTP_FLOOD
31.741798,6.9632463,69.09654,6745.248,0.0026907865,0.4275746,0.19127426,0.10528038,0.47248703,0.032669153,-0.0061177416,51.43488,33.50125,0.42854834,14.593662,0.32372984,0.16818793,0.0060291355,0.05623201,0.028026294,-0.0607656,-0.007564835,0.9580482,-0.052482385,-0.031415667,0.103139795,-0.0264621,-0.026874842,0.96763384,0.9885386,52050.195,59.232357,1868.0481,399.4701,534.9744,425.98712,0.0016346464,102.0181,510676.66,DOS-HTTP_FLOOD
38.90358,4.7057524,72.724266,4291.8965,-0.015219027,0.23136432,0.21699756,0.32993156,1.04572,0.040497877,0.02802452,87.786575,19.930367,1.3217423,12.470215,0.5619756,0.23773657,0.015431974,0.024474695,-0.009823184,-0.01281568,0.042719614,1.1748724,-0.14274707,0.0066131377,-0.0397299,-0.004803757,0.032371536,0.93443596,0.95308137,42824.58,69.060135,1630.6682,320.89706,531.3169,341.60318,-0.00017147865,98.180565,341348.0,DOS-HTTP_FLOOD
23.011395,9.833728,84.00707,5067.3535,-0.08416905,0.18055879,0.12992269,0.18048854,0.36965808,-0.009115796,0.017378526,46.868023,17.321531,0.41750664,10.478638,0.41239882,-0.015279676,0.008140243,0.014572875,-0.013179172,-0.030111488,-0.02173952,0.6508707,0.28560507,-0.08668565,-0.013365716,0.02961886,-0.032727882,1.0754981,1.0112797,64233.75,87.67107,2351.7405,744.56354,683.29553,747.278,0.00060910685,89.9173,438349.5,DOS-HTTP_FLOOD
35.87625,5.3739924,63.119064,-1268.9263,-0.007730219,0.26416302,0.35945845,0.087890655,0.8463134,0.020364348,0.06302668,82.390144,25.704481,1.0345073,19.287401,0.5834366,0.018094515,0.022825856,0.006198236,-0.015028857,0.018522253,0.05665729,1.0677958,-0.09159287,0.059814904,-0.028512284,0.051662564,-0.0052073505,0.95889187,1.0451374,45927.7,118.46137,1834.8058,604.9488,568.03314,604.9708,0.00022475884,111.36717,419225.03,DOS-HTTP_FLOOD
38.7604,2.821631,87.9235,-4223.8716,0.037462886,0.19924417,-0.0018245424,0.41239986,1.0418911,0.02040188,0.030564073,89.86351,17.790321,1.3171242,3.043189,0.68876004,0.09863258,0.08568452,0.024136323,0.07001776,-0.0036304817,0.0021698559,1.1074241,-0.08914752,-0.047700264,-0.0029242411,-0.05820036,-0.06594932,0.94988686,0.94845015,48941.42,61.02813,3500.0024,311.6004,774.54535,314.05374,0.006527426,96.59902,679813.4,DOS-HTTP_FLOOD
33.765343,5.1915617,68.61035,1400.4985,-0.016526986,0.17113975,0.022035968,0.119371355,0.83771324,0.024147527,0.00821836,87.60149,16.09011,1.3763736,3.8760452,0.7298606,0.0511108,0.031572007,-0.027044818,0.06810288,-0.04060427,-0.033921264,0.98837686,0.012477943,-0.019732513,-0.023210429,0.079138845,-0.020705137,1.0061151,0.96296865,81451.81,63.167038,2775.8462,847.2943,796.927,857.7751,0.0028063995,107.38025,666394.44,DOS-HTTP_FLOOD
26.041473,8.19929,82.404755,1671.469,-0.121777445,0.23271099,0.037856992,0.117122725,0.50610274,0.0012586924,-0.045281112,59.321133,25.457392,0.018809805,4.8175306,0.41828495,0.055936467,-0.0015491992,0.0068576913,0.018839015,-0.057513617,-9.3686394e-05,0.74118334,0.20253426,-0.053724725,-0.040656105,0.03729735,-0.07390185,1.0290315,1.0090123,74375.67,77.63156,2677.834,827.2237,744.03265,881.1469,0.0026272056,102.84666,533960.0,DOS-HTTP_FLOOD
30.39898,6.779794,85.79457,6570.7793,-0.044279266,0.3062749,-0.001354129,0.20643707,0.5630341,0.018548572,0.06338938,62.591312,28.144283,0.17393203,2.6692052,0.22531083,0.2751679,-0.0018133363,0.050799627,0.0031742128,-0.0049629575,-0.019105118,0.8084594,0.065526344,-0.031488135,0.07715468,0.019263014,-0.033660807,1.0330648,0.99696666,56860.004,59.604248,2013.067,488.49396,502.46118,543.6945,0.0014444138,108.3338,400225.03,DOS-HTTP_FLOOD
29.013031,5.08003,80.294586,-6490.069,-0.04710553,0.22962843,0.06459511,0.36724767,0.7410558,0.052518938,0.04093696,63.271545,22.351358,0.73243356,4.947763,0.31857994,0.42987633,0.054332126,0.009022475,0.008366708,0.016296735,-0.014694254,0.93765306,0.06944703,-0.03616244,-0.03468178,-0.009371302,-0.06996241,0.9732345,0.97737664,44141.38,60.183746,2285.6716,457.8473,627.5815,472.5632,0.0015883873,90.298805,404813.47,DOS-HTTP_FLOOD
34.8562,4.706035,79.54279,-259.85205,0.05370173,0.07776472,0.0899464,0.111213624,1.0288641,0.00072608294,0.041021176,105.3598,6.6438813,1.0141705,2.6264203,0.73504,0.012405812,0.023497168,0.035260104,-0.012452955,-0.01094597,-0.043452304,1.0121765,0.03251122,-0.024242762,-0.026366916,-0.03019219,-0.00022300519,0.97828287,0.9722797,85183.01,59.246136,3718.4595,980.4837,972.47235,950.62646,0.0053873104,95.3518,836374.06,DOS-HTTP_FLOOD
29.76815,5.884288,63.720734,1573.4529,0.08921096,0.12948672,-0.02020507,0.19780992,0.73814154,0.0407556,0.0865106,71.96909,12.3997345,8.525634,-0.04250341,0.66054916,0.045658458,0.020163061,0.015261126,0.041941844,-0.006634069,0.05009184,0.80724216,0.09302949,0.017458532,0.034458034,0.06366016,0.0022630673,0.986118,0.90964806,46252.742,65.8753,1942.1198,476.3388,559.5592,466.43097,0.0037554593,96.643524,355128.28,DOS-HTTP_FLOOD
33.613014,7.6516266,68.77801,6937.829,0.041873127,0.38847357,0.057064548,0.23541836,0.5173695,-0.008630511,-0.055643305,55.607338,34.631584,1.6243541,11.42205,0.60753185,-0.008272926,0.023756547,0.09246196,0.0287158,-0.025078215,0.048739396,0.8617951,0.096771166,-0.01886042,0.068174034,-0.032859173,-0.025403198,0.93836695,0.972642,60612.734,58.889,2618.6047,509.28033,709.00934,500.3683,0.00096012873,108.31471,760460.75,DOS-HTTP_FLOOD
34.28797,6.5613174,74.09381,-1258.3452,-0.079254426,0.35714197,0.13681863,0.1280109,0.63325435,-0.055898674,-0.05409471,59.676804,37.55593,0.29988122,15.434756,0.5061416,0.08641235,0.017090198,-0.016679263,0.01635751,-0.035763342,-0.047166258,0.9322339,0.04510691,0.06390001,0.06611958,-0.043726146,0.0011873525,0.9527948,1.0264212,59248.363,64.37169,3393.3235,685.24835,856.1125,676.13153,0.003029243,101.82387,654844.06,DOS-HTTP_FLOOD
30.740788,5.102531,63.552876,2039.5952,-0.025415733,0.24304263,0.021567192,0.115591064,0.62519574,0.0034056366,-0.020910166,57.90006,22.556664,1.886401,6.116877,0.6095363,0.20956834,0.038201414,0.057483807,0.04477411,-0.032740206,-0.029986586,0.9421286,0.0017157645,0.002731136,0.05990006,-0.029415702,-0.051593617,0.9695231,0.96163726,66497.01,60.45146,3553.8635,595.13947,841.39575,601.77606,0.0027784323,100.036476,879975.6,DOS-HTTP_FLOOD
34.567116,7.1763606,64.205536,8453.617,-0.060822517,0.39927068,-0.055823814,0.19518723,0.7320165,-0.038102537,-0.08964738,68.20854,35.57166,-0.08770338,1.7187773,0.39040878,0.022975955,0.0023844978,0.049884133,0.0071083237,-0.0080886455,0.020371804,0.9105316,0.033211995,-0.0358674,-0.07194308,-0.05714561,0.07324064,1.0276275,0.9531452,45544.05,151.96173,1869.2896,636.97107,584.55597,633.57697,-5.7880432e-05,96.872246,481121.97,DOS-HTTP_FLOOD
28.545675,6.111695,85.36756,3311.0566,-0.0015877094,0.12388053,0.13185205,0.1619123,0.8218325,0.013234755,0.062221937,77.42262,12.502538,1.308156,5.134067,0.52512527,0.0720829,0.04121091,0.030336197,-7.9018064e-05,-0.016953077,-0.079330385,0.9367068,0.07683605,-0.03769616,-0.0015803147,0.008450941,-0.04420605,0.98948276,0.99920124,55637.574,58.69822,2196.4253,561.9102,639.32446,576.30896,3.5639852e-05,88.20529,433060.72,DOS-HTTP_FLOOD
28.059029,6.727961,63.514057,33671.67,-0.017685272,0.13319336,0.42540622,0.006166444,0.81960744,0.054414958,0.09587395,86.24703,11.384863,-0.004094327,15.736683,0.2127881,0.099792115,0.0326945,0.096550174,-0.0041443203,-0.109624274,-0.00075328164,0.9248809,0.029748172,-0.035122097,-0.004019814,-0.021181379,-0.013803735,1.0455931,0.99736243,24020.047,60.138557,866.5229,196.44852,180.85516,190.79007,-0.0005403623,98.56453,107079.195,DOS-HTTP_FLOOD
32.364227,5.0127683,68.44899,-952.353,0.0034140982,0.15969771,-0.011190246,0.6867795,0.8435713,0.04669594,0.02113465,85.365005,13.24839,4.000333,5.5296416,0.66837674,0.06583718,0.091928005,-0.0393527,0.0062941946,-0.03499522,-0.022602016,1.0123467,0.022289278,-0.006571711,0.036207825,0.03910651,0.024673717,0.9602301,0.93748105,65476.48,60.73867,3158.85,651.7891,797.69446,637.16876,0.008239271,102.04751,622140.4,DOS-HTTP_FLOOD
24.291437,4.0126123,52.019375,103536.72,0.006797202,0.098863654,0.121190354,0.03657632,0.6099373,0.031954933,0.067016065,81.438705,7.0190773,1.0062603,-0.056091286,0.4019534,0.05634609,0.061890908,-0.011025177,-0.05970782,0.0005120551,0.018894736,0.73129773,0.0025276465,0.052801598,0.16024107,0.03441277,-0.06213479,0.9806216,0.8813666,50237.867,63.546257,1105.8544,270.56802,242.08371,342.3646,0.0008600161,109.06319,137355.72,DOS-HTTP_FLOOD
26.174133,6.312862,56.57765,4370.24,0.015817491,0.20755239,0.06337431,0.12819551,0.4662642,0.07112647,0.068974935,68.66512,19.14824,3.8701181,11.042635,0.5079616,0.21770862,-0.006584404,0.055607706,-0.0102153085,-0.040757053,0.057491526,0.7779275,0.061299894,-0.014703347,0.20345473,0.021124605,-0.020155452,0.9419107,0.8721657,52850.75,58.08435,2153.9033,418.2644,536.9735,450.69693,0.006963834,108.87906,480435.3,DOS-HTTP_FLOOD
22.121103,11.258829,71.98891,3640.8027,0.017510172,0.1045989,0.14882053,0.18219088,0.29654828,0.08398712,0.015423709,57.800217,9.985406,4.42453,15.940906,0.63198113,0.0995696,0.020255575,-0.0052424893,-0.05039864,-0.102592416,-0.116252795,0.6915599,0.1991785,0.0073081343,0.12371263,-0.053345095,-0.040872984,0.9930381,0.98140824,97861.67,56.54899,4573.9478,888.7999,1136.5706,942.65344,0.0015906434,116.68846,921436.0,DOS-HTTP_FLOOD
27.01838,7.7890635,64.704994,8068.827,0.05006384,0.185412,0.13024312,0.0878463,0.3627888,0.065954514,-0.03200307,47.290558,15.594004,2.8982399,16.359556,0.5282878,0.23791014,0.018874219,0.10826346,0.0021064887,-0.0659221,-0.004698471,0.81336844,0.08868824,-0.045611802,0.038425796,-0.0034042075,-0.024120675,0.99325776,0.9809951,59549.195,60.58141,2154.0056,514.0791,579.8077,474.0713,0.001332606,100.4922,665286.56,DOS-HTTP_FLOOD
29.922007,5.581499,64.957115,1233.2627,-0.061086487,0.13738264,0.14439222,0.06727756,0.7393013,0.043254904,-0.015096654,74.680954,12.564388,0.011658966,9.223701,0.48276353,0.26930836,0.01090363,0.024877049,-0.0017527444,-0.054229308,-0.016375465,0.9673352,0.019225575,-0.040528387,-0.024964482,0.01032716,0.0024607312,1.0162672,0.96599424,71255.61,60.272346,2473.7898,724.01807,763.69086,724.8454,0.0006844297,98.95409,654598.1,DOS-HTTP_FLOOD
36.644424,6.551475,69.29244,11103.341,-0.040443867,0.23484297,0.25325948,0.128055,0.911298,0.08078553,-0.009902429,89.37189,21.611795,0.69914883,16.47269,0.45863086,0.03851703,0.031975746,0.035983264,0.0069186464,-0.08008851,0.073890135,0.9926685,-0.0058630276,0.0064315717,-0.0463314,0.009355516,0.037699986,1.0195136,0.9324434,40861.707,84.34567,1567.5204,394.11847,557.73285,378.12726,-0.00047263294,100.31923,368390.44,DOS-HTTP_FLOOD
30.870049,4.6713085,61.725574,7943.085,-0.00974262,0.3488023,0.2643935,0.33683816,0.72662497,0.057199545,0.073640555,66.43844,27.941523,-0.019314311,14.721189,0.4335254,0.03593338,-0.03100422,0.05113272,-0.04636713,-0.031305198,-0.0021135807,1.0242946,-0.05109905,-0.005127897,0.06669274,-0.013154892,-0.0051605143,0.9385797,0.92042685,32194.77,59.993187,1100.7302,290.14203,338.97473,290.06326,-0.00017025128,86.10868,190418.16,DOS-HTTP_FLOOD
31.80879,5.8712945,67.171616,6477.1816,-0.060200594,0.17861058,-0.115844935,0.14050168,0.6660071,0.036840808,0.026365316,71.974754,16.802015,0.27618232,0.30520856,0.6593918,0.043878924,0.0899446,-0.018697552,0.14563693,-0.015708193,0.015418363,0.8628953,0.011874303,-0.06517929,-0.03425661,0.10538852,0.017021019,1.00717,1.0278862,95259.61,99.80342,2657.0771,963.82074,765.1895,980.85266,0.00023633173,113.44855,630392.75,DOS-HTTP_FLOOD
25.327145,10.392939,88.6065,2383.3047,-0.021096004,0.24347167,0.3053549,0.12144573,0.50443035,0.011688926,0.030415105,73.30817,30.744207,2.1003447,19.487513,0.50398093,-0.04342345,-0.0996868,-0.028385386,0.011304323,-0.10289819,0.023300612,0.7790064,0.1200824,0.08147381,0.11094004,-0.042583104,-0.06275949,1.0018846,0.97533387,57755.086,56.580467,3618.5679,599.223,887.5811,640.56464,0.008025389,115.40181,649225.5,DOS-HTTP_FLOOD
31.014648,5.4823017,60.309097,-1059.6846,-0.044968992,0.15048055,0.04332275,0.09425947,0.5667916,0.07586557,-0.01012309,69.301254,12.840021,3.4533062,15.137789,0.8007858,0.027326537,0.04108324,-0.0076695387,0.06936091,-0.04199974,0.08707714,0.94143677,0.030078087,-0.04054569,-0.00015138183,0.091677815,0.010543227,1.0020095,0.9419537,77386.36,81.92698,2708.3184,768.0475,728.55615,723.0129,0.0038100744,107.29228,691933.2,DOS-HTTP_FLOOD
39.32229,5.1145883,83.39064,48344.414,0.055585023,0.33452925,0.05272144,0.12850729,0.8590991,0.012040493,-0.0044845347,85.84777,33.039803,0.6509204,3.1458209,0.81613874,-0.08930184,0.013229091,0.02184201,0.004768353,-0.006119781,-0.05497276,0.99157643,-0.036539808,-0.013078897,-0.009953709,0.014824074,-0.051983897,1.0066628,1.006032,78990.7,62.22444,3369.3506,830.9684,927.9395,811.75146,-0.00082605024,111.808815,873855.9,DOS-HTTP_FLOOD
31.728785,6.917809,65.609184,755.13086,0.053604994,0.633346,-0.08153678,0.037637066,0.20355275,-0.08762308,-0.029574305,21.881573,38.528297,1.8468703,0.8948657,0.22592315,0.035331674,0.055832088,0.054176338,-0.003756131,0.021102985,0.04294123,0.80882215,0.07379181,0.02771186,0.03202668,-0.029870607,-0.03587569,0.97582847,0.9193943,27797.506,65.48212,756.3846,166.9023,182.86389,202.80722,0.004315061,101.47,93940.39,DOS-HTTP_FLOOD
34.590015,5.4072075,88.24952,-698.9419,0.03167683,0.055625368,0.26001886,0.17294991,1.0698711,-0.0044750087,0.0473139,104.2119,3.9510415,0.7614813,7.494889,0.5484948,0.11948611,0.013943331,0.013230233,0.056986727,-0.0110440925,-0.03681887,1.0355393,0.0065691858,-0.06045455,-0.009348455,-0.027518202,-0.017367326,1.0082791,0.9713535,60848.29,61.039658,2625.2493,531.94446,717.24316,524.5987,0.0028400247,98.48973,580586.56,DOS-HTTP_FLOOD
29.476147,6.695272,64.2062,-3007.0674,0.006405944,0.07770492,0.3410554,0.22494414,0.88170683,0.07467062,0.059967194,98.06802,8.870515,2.3028445,15.728437,0.7146816,-0.0051047374,0.027869467,-0.005967389,-0.050019942,-0.02781571,-0.081609495,1.0146453,0.007518004,-0.030667242,0.07482442,-0.023303723,-0.049316496,1.0125412,0.97979957,76947.2,58.410423,3134.879,810.8049,863.0989,834.86804,0.00093889295,108.8868,650435.1,DOS-HTTP_FLOOD
35.782326,8.409811,69.50846,10763.653,0.011907894,0.5269084,0.011239053,0.10397688,0.31716147,-0.053265955,-0.059329752,40.434814,38.423885,1.7307007,16.659832,0.4964043,-0.041485604,-0.023039024,0.059040267,-0.02782717,-0.10318549,0.09371344,0.91643333,0.10158446,0.03380632,0.054454856,-0.09665109,-0.072651446,0.9852106,1.0105095,53628.86,60.669033,3171.774,523.3309,746.08307,474.36426,0.00023827115,108.81554,804873.7,DOS-HTTP_FLOOD
29.234657,7.973564,98.64404,3862.5142,-0.03933581,0.24581578,-0.021368671,0.0542336,0.56049716,0.030801428,-0.0063948683,56.832203,22.984032,1.5235108,0.58955437,0.51888454,0.11584975,0.024293901,0.016244002,0.01313111,-0.058483485,-0.053470552,0.8080553,0.13345554,-0.03879283,-0.037058346,0.051915027,-0.066385865,1.0611601,1.0108486,71560.945,73.36354,2833.243,966.2879,874.20514,978.71497,0.00022584728,94.47877,738885.0,DOS-HTTP_FLOOD
22.81949,7.18598,57.54398,26248.094,-0.0016202871,0.1159305,0.41509598,0.1168498,0.48989388,0.05622841,0.043326452,52.5869,12.558583,0.9700284,18.130424,0.4987498,-0.06634769,-0.014957517,0.0065692794,-0.07186371,-0.02328395,-0.04423064,0.84586185,0.07664314,-0.0045516132,0.06591333,-0.012178243,-0.07183704,1.0087131,0.98022443,41565.27,57.837536,1314.1764,386.93747,413.76797,409.7674,-0.00031763234,94.48324,233611.25,DOS-HTTP_FLOOD
30.942646,9.200236,87.427826,3199.8936,-0.08370828,0.21474233,0.29285344,0.12949282,0.7605836,0.0045918715,0.023726106,93.65084,26.508015,0.23443091,17.957447,0.38449806,0.028388858,-0.045643963,0.053915314,0.102856874,-0.12762684,0.1022342,0.88473755,0.1450992,0.02540885,0.0058429083,-0.075651094,-0.026831033,1.0537794,1.0040917,69696.25,59.0029,3630.41,579.73724,874.3421,591.272,0.00045674358,103.54605,1.0382471e+06,DOS-HTTP_FLOOD
28.09378,7.4020667,66.7892,8085.2446,0.054050356,0.16727772,0.16903609,0.040473145,0.56620294,0.07426204,0.003163619,66.67084,16.094107,3.3482046,15.848667,0.5028697,0.18117763,-0.015381929,0.0049669296,-0.033457343,-0.06067563,-0.06003235,0.88676834,0.081670016,-0.036097102,-0.0189978,0.003001392,0.002402598,1.023013,0.9985509,71405.375,60.67296,2500.633,744.1936,755.4204,697.25525,0.00025645737,102.4266,601827.1,DOS-HTTP_FLOOD
23.070982,7.9605393,61.776653,-290.19678,8.6743385e-05,0.18611346,0.13456693,0.27862346,0.48237553,-0.013605261,0.049305156,65.18265,18.017233,3.5163357,9.870626,0.5400189,0.032390583,-0.0018747011,0.0058843847,0.026042731,-0.016078252,-0.027903195,0.7667779,0.16641012,-0.0557546,0.0659375,-0.011108046,-0.06939125,1.0152584,0.93953794,52234.805,55.158886,1844.6296,410.16544,490.69788,433.9702,0.0016661959,97.72531,332566.1,DOS-HTTP_FLOOD
31.201174,6.0846243,69.13292,21275.703,0.009609832,0.16847183,0.49971414,0.2629348,0.7534042,-0.04552973,0.09355076,82.30414,16.160555,1.618931,19.80859,0.7508391,-0.03733203,-0.021602739,-0.012690033,0.018148022,-0.069082394,-0.07541107,1.1263908,-0.07506966,0.012406722,0.08944532,-0.02029502,-0.026621504,0.9880801,1.0327833,56151.004,57.704254,2834.2246,499.25314,810.62024,507.54987,-8.22032e-05,117.13485,691053.5,DOS-HTTP_FLOOD
30.003231,5.535824,61.0989,8041.0537,-0.03145001,0.23478608,0.14785597,0.11650771,0.66132873,0.049061846,0.012514222,68.32313,20.324018,0.823002,10.593199,0.54094976,0.1733538,0.0110005345,0.0674051,0.000102319755,-0.040693633,0.021830685,0.9695153,-0.015182892,-0.053505987,0.033307962,-0.042516857,-0.020125585,0.96548086,0.9149246,61562.57,59.420883,2064.0205,542.0803,670.9711,530.1344,0.00029282132,97.07302,726790.0,DOS-HTTP_FLOOD
29.430586,6.4853063,73.41322,-4554.697,-0.055034682,0.31300685,0.09928912,0.2685743,0.6597205,0.047750756,0.030554555,67.96156,31.724913,0.3403693,6.903823,0.37048873,0.18631049,0.016827436,-0.0017495034,-0.008979956,-0.02959314,-0.027133757,0.805659,0.08375755,0.0035153888,0.05078692,0.051099937,-0.086294495,0.99118733,0.9869627,48543.01,62.262577,2596.4739,433.0569,660.132,505.00302,0.0034345004,106.71871,420495.0,DOS-HTTP_FLOOD
35.198925,5.8501453,65.77404,2586.9434,0.004483573,0.34938896,0.06734137,0.1360511,0.7125518,-0.0040731016,-0.0008781557,71.35692,30.226978,0.59039384,2.9497993,0.5762148,0.04845075,0.044216294,0.060346067,0.040378008,-0.01079006,-0.012957368,0.9794185,-0.019457927,-0.06055042,0.006104866,-0.027770244,-0.0260824,0.97899234,0.9288864,53082.863,61.38365,1912.7089,435.9292,589.10645,481.7432,0.0013122167,101.1979,565596.94,DOS-HTTP_FLOOD
31.334171,5.524961,65.70193,3788.5356,0.025466975,0.18059377,-0.036538903,0.17625307,0.76192117,0.042851575,0.037079956,74.060165,18.497696,1.8026663,1.4493005,0.731647,0.009095511,0.027900636,0.0010539638,0.008738245,0.026483059,0.03049858,0.9354908,0.07242584,-0.021490756,-0.017896296,0.004532682,-0.04462229,0.9989491,0.9608226,54888.895,62.294598,2666.9634,494.7878,702.37604,507.56955,0.0005146326,96.85467,507561.9,DOS-HTTP_FLOOD
32.509693,5.978075,63.74683,6527.9316,-0.010822396,0.5677604,0.17486042,0.31524062,0.4809657,0.0069345003,0.014645562,49.053074,35.829998,0.43663207,13.591103,0.30089962,0.030105723,-0.047167994,0.04590532,-0.028980665,-0.042680744,0.025650589,0.9890336,-0.029620556,0.033014543,0.028330334,-0.025035374,-0.014534805,0.9530387,0.95465994,28474.387,63.33229,565.3567,171.02774,126.1656,169.83273,0.00028635675,95.76052,68040.92,DOS-HTTP_FLOOD
30.805542,6.860408,61.354347,9173.319,-0.044426322,0.08181509,0.056367762,0.10307467,0.6606793,0.05282685,-0.05094994,74.33562,6.8682265,0.053174537,6.895654,0.72963536,0.0009869224,-0.020830937,-0.008675083,-0.01286038,-0.020428644,-0.011675008,0.91853905,0.024672529,-0.096519254,-0.085851885,0.030612811,0.029088335,1.0193162,0.9988853,100667.21,75.44789,2794.8562,1264.5184,870.3545,1224.6293,-0.0014108678,103.346344,772210.3,DOS-HTTP_FLOOD
31.192139,5.8072934,65.43848,11971.909,-0.038729213,0.23189425,-0.07892707,0.34236637,0.72172636,0.09651573,0.007983425,75.16686,19.408113,0.6068465,1.0354083,0.6146407,0.026013235,-0.04683806,0.029789794,0.038101323,-0.02203627,0.13013025,0.8859216,0.013198772,-0.08749589,-0.08153706,0.06437582,-0.04646375,1.019737,0.9609917,89581.72,64.7937,2109.0166,878.927,673.87445,832.8981,-1.1730153e-06,103.62212,913996.0,DOS-HTTP_FLOOD
27.7238,7.6639404,77.25456,1050.4529,-0.01442856,0.21766977,0.11812345,0.17106523,0.59152865,0.03636857,0.03555013,75.16991,22.511524,2.1134946,13.775105,0.47242552,0.24148376,0.040958412,0.007039332,-0.008656377,-0.05906873,-0.015052967,0.83334684,0.08258937,-0.034157805,0.042641167,0.08569033,0.003539864,0.99819255,0.963504,58505.67,57.094555,3366.633,531.7643,756.1167,532.5413,0.0039380016,114.4321,528881.56,DOS-HTTP_FLOOD
26.674835,6.77325,77.50869,-838.7534,-0.06351903,0.14160578,-0.042901255,0.26001784,0.6027997,-0.022511758,0.015202436,75.173256,12.184742,1.4414591,2.5418491,0.56846935,0.079254024,0.050381742,-0.007596076,0.03580203,-0.022625078,-0.036613714,0.7807059,0.12645143,-0.046660222,-0.002075336,0.06906056,0.0035243388,1.0001035,0.94328,88218.71,57.305737,2719.688,851.7953,778.11334,828.1931,0.0064262943,102.82263,671664.3,DOS-HTTP_FLOOD
23.760618,7.8861055,61.312103,12249.674,0.023808947,0.20342217,0.45929688,0.022032278,0.34975964,0.02533656,0.03649027,43.596275,23.606392,0.46366048,18.981329,0.19152474,0.07853543,0.0030396413,0.025060426,-0.016972587,-0.049623284,-0.037099183,0.8036075,0.12555313,-0.025562655,0.079958506,-0.04101219,-0.049750127,1.0252893,0.97012615,18268.209,59.22938,480.06403,138.31586,158.57175,147.76611,0.00032382703,92.81016,35489.57,DOS-HTTP_FLOOD
35.025017,4.9418087,74.35567,2921.8691,0.0006744731,0.5151689,0.000114073046,0.13646346,0.5165482,-0.010813296,0.007650351,50.602394,30.594347,1.3129545,0.15675414,0.3316292,0.15281497,0.014091089,0.043223314,-0.0733736,0.04475919,0.012454068,0.97064775,0.0016710834,0.059067346,-0.017592262,-0.030571362,-0.01892853,1.0364677,0.92855996,31848.3,62.000893,1801.3218,194.35464,350.41772,201.70015,0.0021117483,99.4321,199268.67,DOS-HTTP_FLOOD
25.576668,7.2703953,75.61723,-823.3745,-0.03194005,0.10776917,0.15675797,0.19556576,0.5019193,0.038356125,-0.020529605,54.287403,9.470259,0.7467676,16.81181,0.46202213,0.4024549,0.048793964,0.0021180464,0.015519979,-0.0628538,-0.122314826,0.82834476,0.14782672,-0.049223114,0.010592663,-0.06031453,-0.025662038,1.0255022,1.0209718,83877.05,60.020638,3995.279,920.4885,1062.7109,921.43976,0.00062444847,101.49576,907845.56,DOS-HTTP_FLOOD
36.405037,4.9779563,91.077065,27672.453,0.009435638,0.33600748,0.19142318,0.1757959,0.99564755,0.043782555,0.066468544,99.295586,27.552666,1.2469283,6.3356347,0.44783252,0.13691485,0.01738729,0.042932704,0.022320855,0.0015523285,-0.045741122,1.0685563,-0.053825464,-0.038321175,0.014820364,-0.015005682,-0.033333104,0.96640635,0.92846113,46816.598,57.051205,1817.3296,421.90466,493.33154,409.07867,3.463177e-05,100.56104,364395.47,DOS-HTTP_FLOOD
24.733276,7.048369,63.01201,8764.599,0.05995937,0.110174656,0.5735345,0.108727075,0.59199727,0.06903809,0.04427647,66.45092,8.403593,0.68040895,19.31348,0.3091585,0.015086229,0.1114396,0.042499453,-0.014606815,-0.037260156,-0.05395193,0.876682,0.05860966,-0.009585347,-0.010918373,-0.009642866,-0.07333411,1.0003656,0.9969207,15915.905,59.909023,563.71045,121.850235,114.21057,97.823524,0.0009568091,99.67631,61001.133,DOS-HTTP_FLOOD
27.041388,7.1896925,68.860954,3637.5337,0.025809975,0.1946199,0.048681557,0.2495061,0.57110804,0.05828783,0.0075163827,62.124332,17.275312,1.3816999,5.816397,0.53453815,0.047908545,-0.025924286,0.060621705,0.027895082,-0.014453102,0.02115844,0.850186,0.10674634,-0.05640872,-0.0023432437,0.018018331,-0.040191963,0.9906781,0.9727164,72831.51,58.075047,3124.7727,660.7454,835.3328,669.1566,0.00093109586,98.09245,919626.75,DOS-HTTP_FLOOD
29.284222,6.461596,63.377865,10368.045,-0.13750373,0.26491258,-0.046149265,0.10274913,0.57567996,-0.013608413,-0.028921964,56.782215,25.652237,-0.2067566,0.913848,0.62227,-0.012577561,-0.037097715,-0.0020511355,0.014438342,-0.031695742,0.017293403,0.9011919,0.07275265,-0.059863858,-0.050057024,0.052312948,-0.062304106,1.0094877,0.91907924,58955.34,86.794235,1734.792,795.7844,579.83466,801.471,0.00025622788,94.912254,391979.12,DOS-HTTP_FLOOD
28.677048,6.4737926,60.965656,-4513.891,-0.0014084671,0.15078779,0.17962924,0.25470987,0.6846032,0.095096864,0.037231855,70.38046,14.531292,4.437565,12.1504135,0.70784485,0.1137834,0.041412268,0.0005538622,0.042263452,-0.03312505,-0.09014593,0.9933218,0.014361939,-0.068606846,0.044845276,-0.12365316,-0.021494599,0.9961449,0.9569966,89955.15,57.75033,3877.2686,975.7105,1132.97,961.8486,0.00054984994,96.369545,1.01114e+06,DOS-HTTP_FLOOD
31.847816,6.6156173,66.47358,3286.7407,0.040876992,0.15573794,0.07412401,0.18425952,0.86340517,0.025287144,0.022169398,88.1792,13.206596,0.6870098,6.3242855,0.6217189,0.2963206,0.08281029,-0.0060695875,0.034644797,-0.064370304,-0.075181134,1.0834055,-0.059467662,-0.015085972,0.04149873,-0.08538562,-0.0386856,0.92600167,0.98388034,99907.555,58.009224,5406.8506,970.35394,1373.8943,972.4948,-5.630165e-06,113.470116,1.4859746e+06,DOS-HTTP_FLOOD
37.685547,4.566154,102.277405,-263.68506,-0.03527688,0.2147707,-0.00475032,0.22945502,1.0286449,0.037719414,0.044860136,97.8168,21.10755,1.0515997,0.8459616,0.5218004,0.23922598,0.0627485,0.013853934,0.040266946,-0.0075823716,-0.03527839,1.0501329,0.0042086425,-0.012065057,-0.028184794,-0.046445407,-0.05689265,1.0026834,0.97016156,62323.75,64.47015,3570.379,579.2803,841.27496,608.11334,0.0013310617,101.709236,738432.5,DOS-HTTP_FLOOD
25.10701,7.195318,64.76184,1340.282,-0.03104469,0.13807213,0.2188246,0.20198415,0.48858863,0.047342874,0.040973634,54.305836,12.481077,-0.010427934,16.166996,0.52222145,-0.009927008,0.011004632,0.02213967,-0.04162095,-0.033045556,0.0018206658,0.8369237,0.098318614,-0.04197853,0.04446421,-0.018930523,-0.02754477,1.0082844,0.9775648,48585.594,62.9579,1783.0934,485.84653,578.1674,513.0231,0.0010310808,96.46365,340957.62,DOS-HTTP_FLOOD
34.20752,4.7696075,72.80557,1693.1475,0.019142026,0.3319274,0.08924031,0.3673848,0.7336424,0.027335357,-0.002366472,67.43329,28.735685,2.2380815,10.037764,0.4899293,0.26107785,0.023295993,0.047992066,0.013577446,-0.0073706913,0.035265688,0.9894442,-0.016514834,-0.012338427,0.03480134,-0.022611074,-0.018567484,0.9482469,0.92949986,38852.86,61.15879,2276.2412,300.96466,556.4631,292.42316,0.0030942142,96.382835,396938.97,DOS-HTTP_FLOOD
24.135117,8.00717,61.806137,6368.1875,-0.026200678,0.20683709,0.108296126,0.17744817,0.4065302,0.0045255288,-0.0001059263,47.115906,18.444752,2.0337224,10.108949,0.5513642,0.011644512,0.037918784,0.012372444,0.020412503,-0.015104625,-0.00078001525,0.7349909,0.10004372,-0.043596715,0.08092337,0.014603937,-0.045184508,1.0078094,0.9746554,59294.742,55.493927,1993.295,483.76923,590.1536,512.2756,0.0005731812,95.75335,479466.66,DOS-HTTP_FLOOD
31.939339,7.71557,68.50041,2788.3994,0.09719283,0.28126428,0.010201627,0.20343843,0.61941916,0.07372891,0.036698192,73.099144,27.743776,6.552738,5.05698,0.807541,0.109902404,-0.009885122,0.015806139,0.09007451,0.0005559297,0.032459836,0.8939481,-0.005081433,0.014189564,0.1016416,-0.05286554,-0.0848193,0.96545357,1.0128145,78845.13,59.460907,5092.2197,633.2459,1056.6185,664.4825,0.0037715035,117.45627,1.10242e+06,DOS-HTTP_FLOOD
30.001442,5.706964,70.570404,341.1753,0.038408484,0.25277525,0.0568128,0.3704128,0.6604407,0.0617647,0.023753967,69.53019,27.79067,7.3485374,9.25185,0.41162795,0.34443983,0.023913767,-0.008635404,-0.025848035,-0.032387912,-0.015706226,0.86934006,0.11024155,0.030416884,0.078172415,0.039385665,-0.0027784053,0.96863115,0.90595406,33428.42,60.388695,1433.1865,286.3463,331.17194,288.71167,0.006291574,101.47137,160654.95,DOS-HTTP_FLOOD
31.781496,5.651815,62.54968,4232.3022,-0.009573893,0.22412208,0.24510355,0.14062785,0.73082507,0.05787115,0.039442956,74.360855,22.103167,-0.18214361,17.56012,0.54090077,0.08837514,0.005713138,0.017961634,-0.012366105,-0.029442169,0.03559422,0.9979663,-0.018060533,-0.04086674,0.027216299,-0.0060281623,-0.0012072083,0.9503689,0.9826301,43918.984,60.690075,1979.0352,515.13495,603.51105,530.19257,0.00028351689,98.82439,453168.4,DOS-HTTP_FLOOD
23.816467,9.097329,90.85511,1852.7983,-0.11160273,0.2554874,0.16107148,0.11573185,0.3337627,0.03220158,-0.00067942543,38.274025,24.671247,-0.37946242,11.573567,0.32759812,0.021734778,-0.0015060185,0.025321597,-0.023920301,-0.04834546,0.008691334,0.71553826,0.21915369,-0.061693676,0.040020254,0.01626086,-0.036698855,1.0365748,0.9874647,52459.83,64.070404,2658.1687,669.3417,742.855,677.44727,0.0009787419,89.40088,489311.6,DOS-HTTP_FLOOD
32.776466,3.756662,92.353424,5644.116,-0.005450519,0.10907115,0.103630275,0.44388983,0.86897725,-0.050497834,0.03220194,88.923744,10.526858,1.6285446,3.2284985,0.7821288,-0.1233925,0.03225932,-0.024924628,-0.019835148,0.013820592,-0.035169918,1.0180323,-0.008232287,0.030448198,0.002788935,0.019950757,-0.05083492,1.0660168,1.0144197,63483.703,64.948265,2637.4248,644.3207,711.5166,686.7186,0.0023158647,112.53359,505163.2,DOS-HTTP_FLOOD
32.901855,5.7540708,90.92682,4290.0386,-0.03710156,0.29426005,0.12611876,0.13516288,0.765262,0.017316997,-0.024944566,75.00127,29.651949,2.1007965,8.505648,0.35325095,0.22700237,-0.027742296,0.031767793,0.034901477,-0.053158347,-0.018592311,0.9427708,0.04405114,0.014345169,0.038811564,-0.01140979,-0.051286846,0.9982313,0.9280542,33898.445,60.0054,1571.8562,314.97818,410.341,322.98416,0.0011964334,98.39502,248021.2,DOS-HTTP_FLOOD
23.110954,10.018,70.21985,867.77075,0.03436466,0.17859983,-0.051063817,0.1892008,0.40861067,0.09532851,0.10194589,70.35715,18.83711,5.758911,3.1387386,0.61078477,-0.047237586,0.01616357,-0.06575305,-0.028311163,-0.017414395,0.026213424,0.6505905,0.2910316,-0.019401845,0.098520115,0.100748084,-0.07512124,1.0570809,1.0186611,73507.43,56.231525,2484.5508,740.35455,644.77905,793.59357,0.0011933951,108.46006,441400.22,DOS-HTTP_FLOOD
30.620281,5.461592,79.55093,2211.2974,0.030186366,0.18592656,0.20660467,0.07977736,0.7925598,0.05286464,0.05769267,81.58277,18.050577,0.8637646,10.756271,0.22903794,0.32775334,0.09870936,0.0389263,0.03319098,-0.05566276,-0.018940063,0.94484234,0.08985861,-0.013098724,0.047795475,-0.01800673,0.009941691,0.9216079,0.94931805,22279.977,59.550976,1552.1019,159.92166,337.91238,133.93503,0.005195892,92.76365,200978.16,DOS-HTTP_FLOOD
31.814285,6.837634,69.96446,7562.4785,-0.049204133,0.5495887,0.191544,0.09629146,0.43542653,0.04567124,0.048927944,42.89567,36.66311,0.15823676,10.22765,0.09967974,0.5263907,-0.0009932695,0.012757088,-0.03393698,-0.056372546,-0.11124917,0.95012885,-0.024977615,-0.019255329,0.09139393,-0.0154489195,0.026115514,0.953759,0.969551,50554.543,60.090782,1454.4702,476.76215,458.55954,498.69626,0.00022490382,107.36722,392718.9,DOS-HTTP_FLOOD
24.186327,7.1232305,60.083115,4269.866,-0.043505482,0.133595,0.095792405,0.11115509,0.54678273,0.03316741,-0.0007192977,65.972565,11.766773,0.8568264,8.3899355,0.32516825,0.5419859,-0.007377881,0.009371982,0.0277927,-0.038668703,-0.025857314,0.8309796,0.11534064,-0.07403275,0.03338302,-0.008065793,-0.028359322,1.0120841,0.97907376,64548.387,57.893238,2305.538,626.91766,637.2601,611.2678,0.00084757037,99.287224,425282.62,DOS-HTTP_FLOOD
31.343615,6.17029,70.764206,-1061.9106,-0.025254354,0.29845616,0.3209342,0.15889704,0.72582084,0.013208403,0.040976223,73.771866,30.406712,-0.19386697,16.466227,0.50949347,0.015091832,-0.03008782,0.06620154,-0.012539787,-0.017523699,-0.03328322,0.9862863,0.0043876464,-0.024883699,0.047433883,-0.06059154,-0.0734019,0.9691725,0.94854236,28402.143,56.77836,2087.9656,229.71991,514.53076,242.41214,0.0048294463,95.74771,348392.66,DOS-HTTP_FLOOD
31.980095,5.7111855,67.01679,-2243.5786,0.017183475,0.20911895,-0.0070149708,0.3227391,0.7108857,0.055707116,0.023982244,71.00879,19.060202,4.4363327,5.3557653,0.8502129,0.020252908,0.028522927,0.009421016,0.021851376,0.005341368,-0.0056282617,0.9378007,0.015589959,-0.025722977,0.012710289,-0.033747073,-0.07792016,1.0086851,0.9597557,75917.23,62.554413,3498.8088,743.2375,929.50946,746.82574,0.0015352324,100.10861,774951.4,DOS-HTTP_FLOOD
30.456814,8.132379,80.01015,16747.375,0.08552952,0.2789478,-0.045738775,0.22906426,0.6068738,0.009747376,-0.024849243,71.040375,30.244923,6.0842075,2.1828706,0.6580579,0.008989063,0.034148943,0.034726102,0.021089993,-0.006331324,0.013649866,0.83462906,0.10369462,-0.0141308885,0.06524475,-0.030276386,-0.04249377,0.93292314,0.8897102,54903.336,57.90732,2386.7163,531.2537,636.2332,501.68643,0.005656474,101.073135,575130.0,DOS-HTTP_FLOOD
30.493309,6.7133207,71.719475,-2688.4175,0.04926362,0.16282819,-0.08440446,0.15035407,0.7309614,-0.012640663,-0.015539146,74.91926,14.994611,6.3583384,-0.013022067,0.692456,0.024938107,0.06828941,0.008140913,-0.061449442,-0.013754801,-0.04143626,0.85526454,0.049941715,-0.055062786,0.067638144,0.039805755,-0.047035977,0.9874363,0.9849492,57812.984,59.422054,1793.8843,497.45758,535.4324,520.6219,0.002374076,104.41275,373295.56,DOS-HTTP_FLOOD
28.198141,6.098405,107.44689,4337.5747,-0.06369774,0.123574875,0.13395745,0.27161822,0.80516094,-0.01091229,0.010878389,80.77097,12.562905,0.29534227,4.344496,0.48593205,-0.013517533,0.025755689,0.020783305,0.0386412,-0.06733403,-0.061267633,0.8909035,0.080478154,0.0034415745,0.014489283,-0.006009829,-0.05331172,1.040156,0.98209375,68874.55,72.775314,2752.0896,738.0506,781.9917,757.6495,0.00046428252,96.41608,603832.94,DOS-HTTP_FLOOD
31.909653,7.1060343,63.05337,888.35034,-0.039773263,0.2605311,0.078499585,0.049815793,0.57338744,0.045042377,-0.039297607,61.361713,30.033617,0.9919092,17.93117,0.591988,0.120795265,0.017574843,0.023315206,-0.026408492,-0.04368374,0.06495659,0.92356884,0.043181457,-0.018148394,0.02028415,0.06292398,-0.0038128719,0.9144047,0.9786246,58768.387,68.73163,2386.453,737.95404,765.5451,709.9751,0.0013535417,103.57333,709783.6,DOS-HTTP_FLOOD
26.843962,8.716849,61.724277,58557.23,-0.12770264,0.17211474,0.30673635,0.11713588,0.37503925,0.034760606,0.11205687,64.403625,17.977716,0.15666798,18.970083,0.5759727,-0.0014728009,-0.057158314,0.06711944,0.08303028,-0.060394116,0.11462458,0.8529128,0.09297667,-0.015617219,0.12676296,-0.060137253,-0.09167117,1.0266814,0.93003094,69825.08,61.284294,3265.7363,641.91315,760.0672,647.84894,0.0021553466,115.578316,858702.3,DOS-HTTP_FLOOD
29.358257,6.710221,70.32423,5998.444,0.03807811,0.12319181,0.15160623,0.4558127,0.7522621,0.04461048,0.0031729136,76.30501,12.935913,3.1224551,16.959892,0.64299166,0.004395992,0.019729279,-0.0041135447,-0.003141798,-0.015668958,0.012530143,0.89293396,0.048440572,0.010004757,-0.0010685495,0.04543913,-0.038666517,1.0329324,0.9697587,39467.96,60.587696,1874.0953,416.8043,503.94254,384.41058,0.0007766131,96.5435,295124.3,DOS-HTTP_FLOOD
27.608744,7.5930777,69.8148,-6570.2476,-0.040740203,0.17160569,0.5007343,0.03676632,0.8246611,0.018922888,0.06191022,100.613335,16.740557,0.84411776,19.7974,0.094076976,0.17807709,0.020372521,0.05583965,0.042387605,-0.091030665,0.024889573,0.9126347,0.03293313,0.0067808153,-0.029975513,0.015853295,-0.04267688,1.0639756,1.0333992,41268.12,63.389706,1923.0509,455.30136,499.78104,427.04083,0.00053440855,111.598465,395051.75,DOS-HTTP_FLOOD
32.092625,5.2727427,63.13025,4126.274,-0.02239408,0.2755439,0.087178305,0.35629612,0.562037,-0.011124752,0.02102414,48.76861,23.15252,0.083435774,9.10633,0.6892158,-0.05722185,0.018478207,0.03858166,0.08627494,-0.004061577,0.009803319,0.9940423,-0.02928939,-0.06504365,0.041257985,0.008456371,0.0045968965,0.98745024,0.9645599,54823.42,60.003704,2536.0154,450.15756,674.4328,447.63556,0.0056692786,91.28921,703163.1,DOS-HTTP_FLOOD
28.749992,5.9783707,72.19385,120.21973,-0.020248976,0.07821482,0.084242366,0.32196257,0.7872982,0.034269907,0.011097555,73.41855,6.1788554,0.39549446,4.612196,0.65327996,-0.024486436,0.034614686,0.031157125,-0.028545754,-0.024857514,-0.018358827,0.9103434,0.0398804,-0.008288274,0.0032165588,-0.0001481222,-0.046522077,0.99666494,0.9825531,65496.98,61.25982,2688.067,655.82495,746.5516,665.45746,0.0017260558,96.01653,520799.4,DOS-HTTP_FLOOD
25.987038,8.842879,65.50763,-2682.148,-0.006636856,0.20179318,0.23847902,0.104283094,0.7580145,0.042381294,0.003185845,92.687004,22.67742,0.38070494,18.170815,0.24398088,0.05772949,0.05594051,0.03662923,0.15732476,-0.02921708,-0.031354316,0.7688033,0.11696345,0.023289964,-0.042796664,0.048512697,-0.019188741,0.96953166,0.92391956,42500.64,85.479454,1653.4575,525.83875,541.40784,516.2759,0.0022232123,109.46995,377492.0,DOS-HTTP_FLOOD
33.975346,4.8699017,81.0845,3165.0532,0.022946853,0.19597287,0.009766613,0.16029361,0.8476508,0.000530142,0.05221939,83.68161,18.755077,1.1973013,0.73514056,0.68333,-0.0037863918,0.03734942,0.02759153,0.026688118,0.017064586,-0.026822839,0.9713783,0.058518853,-0.031530645,0.0064067133,-0.0056651747,-0.06014489,0.9745817,0.9628443,58717.574,60.547962,2683.9377,514.1106,721.66846,548.0345,0.004152147,96.77989,577522.7,DOS-HTTP_FLOOD
32.361496,7.458373,63.29472,20249.33,0.010908711,0.36721766,-0.04612439,0.080126196,0.53880405,0.0056747724,-0.019979065,63.73652,36.473045,0.46247888,1.8546218,0.6242221,-0.03827159,0.021460159,0.062288906,0.008507389,0.010130772,0.06991245,0.80299926,0.09268075,-0.010188933,0.05331773,0.038925294,-0.05417334,0.98414046,0.96179414,69953.39,60.351925,2749.2603,744.795,796.88,735.3315,0.0006957229,112.38072,878147.94,DOS-HTTP_FLOOD
24.55101,9.040945,51.702473,9119.785,-0.07154963,0.09505043,-0.10215611,0.43989745,0.37972274,0.024967501,-0.015482595,56.41745,5.8239894,1.3183023,7.1509643,0.48233587,0.15730323,0.08723371,-0.038491584,0.081006646,0.05155758,0.06392508,0.7201192,0.19763361,-0.07653284,0.092468634,0.05391135,-0.028377855,0.9742455,0.8964207,64202.027,73.31734,1611.635,645.251,522.2732,616.8724,0.0010403733,93.294556,361336.0,DOS-HTTP_FLOOD
24.968128,8.091678,86.76424,-3879.816,0.0027739722,0.14662464,0.34642652,0.11715509,0.5687855,0.030200992,0.038262874,61.652153,15.257215,2.13478,17.08586,0.40118283,0.020428607,0.033844117,0.014017828,-0.0013861014,-0.020847617,-0.056710057,0.8457389,0.18847267,-0.016752113,0.012397162,-0.038056925,-0.08212,1.0262209,0.99259067,24008.178,60.355267,1391.8528,131.11787,292.16586,140.7171,0.0016501241,91.18159,115802.24,DOS-HTTP_FLOOD
38.09497,4.9325795,79.275276,4462.762,0.012135728,0.21766098,0.11483835,0.19365352,1.0330881,0.047413655,0.0010966137,95.033875,21.679005,2.9614863,6.5298963,0.56482995,0.24459307,0.019025275,0.028245892,0.025964836,-0.025321962,0.018609663,1.0750842,0.0077542285,-0.032281812,-0.041193295,-0.0040475093,-0.014579732,0.9913411,0.9399278,37580.625,66.17425,1922.474,351.6194,558.1632,370.4722,0.00067198364,98.536934,374243.72,DOS-HTTP_FLOOD
30.65379,5.183262,64.07451,-768.8262,-0.0087711485,0.10790457,0.15812673,0.21065257,0.7277282,0.06636645,0.019956304,78.63975,8.85188,1.2236005,16.968285,0.7295879,0.12605469,0.016812483,-0.021908958,-0.03324705,-0.01922078,-0.01456711,0.9934139,-0.004766754,-0.025726292,0.0023455627,0.0009946525,0.017553754,0.9994588,0.9744919,78917.57,61.87265,2783.8313,951.47974,859.5156,929.35956,0.0014064055,104.06941,712734.3,DOS-HTTP_FLOOD
31.321861,7.036257,63.386177,2257.648,-0.01905396,0.3625039,0.03583752,0.36142418,0.39636344,-0.0073428703,-0.0062074815,29.493002,33.744843,0.86594254,14.605693,0.49565905,0.0018639354,0.042916678,-0.007359641,-0.01674481,0.02732564,-0.012122513,0.8486688,0.043732982,0.024942672,0.057696067,-0.008205212,0.054649696,0.9447082,0.9465209,39282.59,63.48939,1377.3972,357.4319,417.20145,367.32556,0.007363659,92.99105,256324.48,DOS-HTTP_FLOOD
32.208153,6.798627,72.05013,39157.2,-0.10162957,0.21995881,0.17531915,0.084076695,0.58972794,0.07980295,-0.0958854,60.555363,19.1297,-0.20821021,14.60813,0.42865074,0.13745537,-0.003330456,0.057983786,-0.0033362303,-0.098051295,0.008454522,0.9178621,0.010394825,-0.02883527,-0.00676082,0.043823082,0.015773676,1.002021,0.9635384,65404.562,66.2832,1835.8486,712.60004,611.2279,640.1098,-0.00033154147,97.89993,520751.72,DOS-HTTP_FLOOD
23.728567,8.454616,73.86331,20252.287,-0.0011987146,0.13221255,0.4006289,0.04039047,0.4475065,0.058905676,-0.00795133,49.33998,13.159009,0.69710785,18.084827,0.30001637,0.010952278,-0.011460254,0.047746174,-0.028152494,-0.061072815,0.005037915,0.8140208,0.11800666,-0.028525792,-0.029428802,0.0055043492,-0.049141288,1.0420291,0.99156845,33208.547,59.816322,1019.44226,245.6951,302.87018,228.71735,-0.00010272638,97.62902,139145.7,DOS-HTTP_FLOOD
26.536018,7.794613,62.196003,9957.092,0.00927614,0.13706768,0.059042342,0.13703829,0.37252948,0.031507112,-0.03497108,52.682167,12.272936,1.4652799,14.754011,0.6683452,-0.0133208325,0.00899665,0.059692394,-0.014854578,-0.051978536,-0.02200028,0.7624792,0.1424805,-0.06814487,0.015021754,0.003948738,-0.0006547477,1.0313455,0.9581225,81139.83,61.16188,2600.833,837.18994,776.4725,818.8873,2.6396781e-05,96.90887,709227.4,DOS-HTTP_FLOOD
28.62436,7.306669,89.36346,5140.3403,-0.06782563,0.20087841,0.096875735,0.09142545,0.5392082,0.006806106,-0.0873819,58.102745,25.451702,0.7225457,4.8334394,0.56403035,-0.05182029,-0.0078395605,0.05471151,0.03590665,-0.025020244,-0.02027972,0.8129824,0.18510877,-0.021454986,-0.050650056,0.07855362,-0.07930256,1.0293989,0.9458177,75395.1,59.64408,3532.12,811.092,839.35425,798.17114,0.0024879926,100.35508,732605.3,DOS-HTTP_FLOOD
25.758738,8.46604,67.77908,6144.7773,-0.02271817,0.328759,-0.012385633,0.23424463,0.48440194,0.015018342,0.06268504,62.114944,31.944885,0.24110547,2.081332,0.19555138,0.13237207,-0.022077583,-0.0018793624,0.03745739,-0.02679675,0.008998009,0.68325144,0.21106075,0.018441007,0.092646174,-0.04758942,-0.04182599,1.0379437,0.94334,44354.543,59.463573,1693.3309,338.68695,367.5405,375.26407,0.0006844727,97.16306,194441.36,DOS-HTTP_FLOOD
31.151646,5.0510364,58.849907,5183.2935,-0.009524309,0.16673468,0.20809866,0.29761538,0.7774129,0.04756794,0.015450074,84.21937,13.105043,1.3736571,15.190247,0.71381897,0.01389073,-0.004447801,0.026471976,-0.008404291,0.0017754082,0.0021734042,1.0210497,-0.033376083,-0.010282939,0.053868312,-0.063164935,-0.03599486,0.9634181,0.9415804,57390.953,58.344173,2667.894,537.04364,728.3584,532.754,0.001193517,103.331154,637305.2,DOS-HTTP_FLOOD
22.518906,8.552563,63.131508,1672.8555,-0.05282404,0.18733905,0.028263815,0.29567376,0.37358427,0.0035313256,0.035587817,46.849174,16.528833,1.1684239,6.7534394,0.31413096,0.16511261,0.059457123,0.006650109,0.005087075,-0.0069455616,-0.016019506,0.68145967,0.17399412,-0.023434531,0.112442605,0.0078023546,-0.01406919,0.9571947,0.94043255,41327.11,56.532482,1180.4263,235.7117,275.42865,279.7616,0.0074291993,92.20761,135756.7,DOS-HTTP_FLOOD
32.003593,8.888519,73.131004,1924.4688,-0.08038916,0.17388986,-0.046910577,0.16592039,0.61238724,0.020440267,-0.08089599,65.59985,13.98738,0.15747866,2.025104,0.58148986,0.14460497,-0.0005768286,-0.057257187,0.0032450352,-0.08317675,-0.07479459,0.74339336,0.046689738,-0.06880799,0.02976076,0.081700236,0.04350187,1.0408638,1.0659662,97089.37,176.31879,3592.087,1134.7407,840.9909,1307.9219,0.00050331245,112.14698,744057.44,DOS-HTTP_FLOOD
29.220379,7.296415,91.4046,12083.755,0.0959776,0.1584645,0.08217411,0.2369527,0.7752983,0.0071755415,0.05026138,89.77908,19.007792,6.8644376,6.6090975,0.46388662,0.024852619,0.05782812,0.031932317,-0.009635923,-0.06597233,-0.09748158,0.8236927,0.14042634,-0.04022099,0.12212943,-0.034658674,-0.06160564,0.96574,0.8475739,26248.299,58.378468,1236.6183,287.2179,282.07614,220.32237,0.0048116497,97.30959,139871.28,DOS-HTTP_FLOOD
32.01287,5.2963586,98.943954,-2744.0176,-0.040072285,0.2240829,0.17002863,0.053903647,0.8822244,0.053162463,0.0637736,97.986145,27.49796,1.26881,5.1145535,0.39136553,0.076265305,0.00039134175,0.021915715,0.06079165,-0.06619728,-0.09315983,0.9778447,0.13852845,-0.03616671,-0.0023517373,-0.051988073,-0.05876933,1.0148299,0.978722,30761.787,61.41784,1354.0522,294.36713,278.7715,327.74484,0.0038942469,97.09716,132426.64,DOS-HTTP_FLOOD
36.37196,6.1235766,61.994667,11981.895,-0.054840848,0.37143776,0.07596502,0.1225579,0.7802,0.046931945,-0.050346315,71.69464,33.739117,0.84891325,7.1483397,0.4256661,0.27529332,0.011728335,0.07529505,0.03426699,-0.03630867,0.035259448,0.9729754,0.016605884,-0.05028426,-0.034641955,-0.04788234,-0.04728759,0.9299187,0.90526575,52325.105,64.8482,2365.687,466.93985,642.33777,437.95032,-0.00036099897,92.882675,706289.94,DOS-HTTP_FLOOD
36.49286,6.564023,66.08393,3442.282,-0.09722743,0.48013058,0.12184055,0.2135884,0.6552489,0.0053016907,-0.011585498,60.063377,35.180344,-0.21704687,6.60976,0.47206998,0.032943342,-0.010062311,0.04970916,0.026100213,-0.064860635,0.025287978,1.0160444,-0.03089123,-0.021025073,-0.051663205,-0.02796335,-0.018451788,0.9813016,1.0018501,63207.812,66.386826,2091.0842,610.97253,668.063,605.122,0.000112187256,98.28062,877517.94,DOS-HTTP_FLOOD
29.406284,6.2340918,77.176796,3757.8997,0.028599981,0.09971928,0.26080048,0.25016558,0.6861191,0.027478665,0.06613464,76.71712,6.5960164,2.7729502,17.29853,0.7764364,0.0223444,0.030046448,0.022651613,0.00469089,-0.026698023,0.0019557495,0.96512717,0.013843527,-0.0074964906,0.05024958,-0.024881463,-0.037574977,0.9897587,0.98735666,54230.34,58.986298,2701.6846,439.8558,640.2201,450.75375,0.002173991,114.12829,488088.53,DOS-HTTP_FLOOD
29.798634,6.622237,77.613754,7527.2256,0.04723259,0.16279417,0.07780152,0.2829144,0.7032888,0.0032687518,0.009503992,67.48673,15.740816,2.3963704,6.1580544,0.71119696,-0.014111201,-0.014341643,0.059048366,-0.0031720474,-0.0039244443,-0.02954008,0.93312585,0.04999131,-0.057512164,-0.02479299,-0.0019310368,-0.040174257,0.9967353,0.98623496,86172.62,59.054413,2590.5378,868.4315,867.4725,861.0294,-0.00031867775,93.15162,883738.25,DOS-HTTP_FLOOD
30.92126,7.138913,61.79133,2146.3977,0.064645916,0.14258294,0.13536671,0.058604337,0.9135945,0.04999097,0.04316832,99.74889,14.212435,2.5276856,6.031468,0.5611001,0.035597928,0.0015093433,0.025334267,0.008963541,-0.048870105,-0.007801493,0.9456032,0.07535856,-0.07155762,0.032788068,-0.045180395,-0.033422455,0.9596771,0.94610023,44534.812,58.16008,2068.205,414.664,573.01324,405.6235,0.0006223143,98.482414,425272.2,DOS-HTTP_FLOOD
30.971289,7.139272,64.36636,5261.6133,0.029573387,0.238955,-0.038249247,0.078266464,0.58833283,0.01606677,0.038233295,68.41062,25.4782,1.4568294,1.8874018,0.6167089,0.047802582,0.062254265,0.07034809,0.0960935,0.016351195,0.08323055,0.8223032,0.04558946,-0.03190208,0.044474993,-0.01923669,-0.09188232,0.975839,0.94074357,62900.934,59.085163,3029.7083,447.09415,725.7869,492.6005,0.001455356,105.7157,811079.44,DOS-HTTP_FLOOD
29.245232,5.7914615,61.20825,31151.742,-0.015145734,0.18765701,-0.052304976,0.23449174,0.56822795,0.12308232,-0.05229515,78.65349,17.812946,3.8457618,3.5041604,0.72606385,0.033084337,0.032937843,0.023431245,0.043036673,-0.007437998,0.07634184,0.82804835,0.07468517,-0.020460783,-0.037374016,0.11034533,-0.040694196,0.99859667,0.8955575,95859.79,61.196514,2864.433,892.8904,807.86884,871.19836,0.0009017322,116.08215,938460.1,DOS-HTTP_FLOOD
32.51329,5.632475,93.297745,2069.7349,0.03989825,0.1753286,0.10227144,0.09309548,0.7968258,0.004647109,0.048505705,91.18795,14.3491955,1.3606311,9.132539,0.4912362,0.16461898,0.0738985,0.07504531,0.013239358,-0.062947206,0.0003171852,0.91740286,0.026870372,0.001563183,-0.002391684,0.013608996,0.007786201,0.9704081,0.9101777,72188.55,59.524,3048.4136,642.37024,760.0763,589.7802,0.0071761473,110.49927,797487.75,DOS-HTTP_FLOOD
30.986282,7.278256,78.735535,15165.365,-0.011631445,0.27545628,0.21321729,0.11659958,0.57917506,0.030042676,-0.06316159,60.302486,29.424822,0.019036004,15.106392,0.35900092,0.06632694,-0.028066583,0.09444569,0.04191208,-0.096964985,-0.068095796,0.88541967,0.05292561,-0.041288543,0.023361113,-0.036908954,-0.029674143,1.0238204,0.95094717,62174.348,59.328114,2684.0674,664.3344,741.89056,586.19904,3.083567e-05,99.0058,653744.56,DOS-HTTP_FLOOD
35.19291,4.761875,69.33567,2188.9163,-0.09536898,0.21950077,-0.011873813,0.53593075,0.88557786,0.048780892,-0.010158492,86.37687,19.742912,-0.30126488,4.8049293,0.66479236,-0.010792257,-0.0083002625,0.06495747,0.060797784,-0.029234543,0.07052204,1.0815682,-0.0032163148,-0.04779864,-0.032273423,-0.010643167,0.00346764,0.97574276,0.9651311,87660.266,65.97588,3276.7605,814.76776,916.5995,802.7514,0.0011282119,105.170044,1.1015884e+06,DOS-HTTP_FLOOD
28.913555,6.7499366,72.345795,2303.5918,0.040015172,0.15695184,0.085286126,0.32917878,0.5736619,0.018517854,0.010769143,63.460075,13.151139,2.0922418,14.357915,0.63691187,0.034128107,0.018745665,0.02077016,0.03328214,-0.023169626,-0.012375609,0.8938906,0.06295597,-0.09576857,0.018314581,0.010363962,0.014891319,1.0073305,0.95171565,60112.645,60.34187,1984.7227,523.4842,593.9069,527.91064,0.0022323178,99.768,494896.47,DOS-HTTP_FLOOD
34.85935,5.102325,79.84322,-1312.0854,-0.08079584,0.26427794,0.023581197,0.13791405,0.7809312,0.051675923,0.0019240449,75.584816,24.404022,1.7115431,2.679432,0.51687485,0.21423225,0.024425576,-0.03916622,0.03861748,-0.048007466,-0.0035494054,0.95108855,0.030851347,-0.030898195,-0.058093086,0.0060045067,-0.08205655,1.040609,1.030453,61535.89,115.46881,2478.078,638.3371,585.5558,693.2868,0.0014313941,104.61295,379863.53,DOS-HTTP_FLOOD
31.64167,6.6923933,74.49961,5232.4067,0.103626356,0.046369173,0.10091095,0.22815008,0.93129516,0.018337106,0.03612739,97.121445,4.9853354,6.2346983,5.51815,0.69341725,0.076972716,0.011033042,0.021119814,-0.0629975,-0.037586424,-0.06081333,0.95831573,0.07465247,-0.0059931003,0.031799406,0.006046598,0.0024779793,1.0166523,1.0013968,78539.92,60.719414,3046.4348,825.4139,829.4955,827.3202,0.0005109763,105.57789,635668.4,DOS-HTTP_FLOOD
33.31276,7.237524,72.78808,4757.1284,-0.018179905,0.20890383,0.15547189,0.24616735,0.72728115,0.026857968,-0.02623182,77.07962,21.146433,0.40601647,15.8062725,0.7878237,-0.036027737,-0.030047735,0.041859318,0.014725441,-0.04277748,0.05715385,0.9909713,0.027327677,-0.041369103,-0.056490965,0.022158893,-0.0263605,1.0346887,0.9773277,82813.75,62.69784,3071.1628,865.0307,947.26575,841.66034,0.00023548774,101.45681,1.0089324e+06,DOS-HTTP_FLOOD
32.482975,8.079838,70.03655,6341.714,0.0029854197,0.21378854,-0.06275739,0.107713476,0.676585,-0.0024423348,-0.009781565,78.43261,21.232483,0.076483525,0.8340937,0.63472044,-0.0018119473,-0.017727185,0.072276406,-0.00817418,-0.0072446973,0.08691422,0.80504346,0.0013083369,-0.03524818,-0.038798917,0.063649945,-0.04972078,1.0313178,1.0096362,86356.63,61.806335,2548.967,808.6048,776.7748,853.87463,0.0015624178,114.50661,778998.0,DOS-HTTP_FLOOD
29.59401,7.8261104,65.43455,-4013.1138,-0.06920733,0.26690775,0.2146961,-0.005896011,0.7128605,-0.052034315,-0.0003193901,82.24864,27.814138,0.31866893,17.369907,0.24357069,0.034813974,0.051905062,0.04629604,0.040347133,-0.010813138,-0.0103553375,0.8739935,0.07010769,0.017331816,0.010592709,0.062198356,0.031386394,1.0214362,1.0473713,47130.055,163.12662,1412.7684,610.6134,303.32803,655.2447,0.00079536164,107.485596,193629.47,DOS-HTTP_FLOOD
30.379793,6.7967777,78.62824,-2269.2852,0.028751895,0.20846494,0.11566794,0.28471503,0.7103094,0.053915143,0.04584779,83.90653,20.631668,1.7170097,7.5916786,0.76374424,0.0047767833,0.044942655,-0.0016867463,0.04357119,-0.03574424,-0.057132676,0.8847105,0.051652275,-0.061539903,0.06698568,-0.03177185,-0.0609652,1.0160533,0.9911153,83677.586,57.767292,4153.0566,830.6348,1078.8218,839.6741,0.004244491,107.355675,942530.3,DOS-HTTP_FLOOD
35.660797,5.5036435,91.185555,-2410.2153,0.022150021,0.24677384,0.10686002,0.27787635,0.84162706,0.04125792,-0.026826024,80.29738,25.398106,3.4800932,6.3015404,0.734762,0.05010296,0.040652953,0.031605877,0.10100207,-0.013146312,0.01850571,1.0184308,0.034013145,-0.012632184,-0.037335273,-0.05268105,-0.08810141,0.9515201,0.99151605,68348.98,64.4988,4232.91,610.4602,1020.1689,616.0423,0.0033151624,100.36591,1.1268335e+06,DOS-HTTP_FLOOD
28.940407,6.173803,64.2087,4297.7495,0.028089732,0.21639888,0.28999063,-0.0006525442,0.5321884,0.049984165,-0.041603446,56.518917,23.83873,0.6021041,18.57081,0.16736332,0.45828244,0.047265284,0.11451499,0.00928135,-0.07604288,-0.054253824,0.87768966,0.02146803,-0.028022904,0.012489378,0.017803252,-0.0067812204,0.98080343,1.0043632,26484.416,60.436516,873.27057,272.34787,242.1394,261.7144,0.000731638,103.18114,144945.5,DOS-HTTP_FLOOD
29.007166,8.078939,69.171394,22348.67,0.054938823,0.15945828,0.26398253,0.24387121,0.53521836,-0.015851984,0.038302213,79.093834,14.790249,2.2755136,19.769386,0.72005117,-0.024241183,-0.03693197,0.02359867,0.039884828,-0.106027044,0.08018823,0.90329456,0.06299011,0.029036377,0.023196379,-0.0568842,-0.06411911,1.0299795,0.9976152,65253.34,59.706547,3491.7666,609.6384,833.155,603.96625,0.00043536286,120.09662,834577.6,DOS-HTTP_FLOOD
36.46991,3.6750855,61.06253,2196.5837,-0.033032585,0.21170743,-0.06147041,0.07906822,0.76033974,0.009410307,-0.03157257,67.49617,18.023668,0.57202864,3.7070956,0.5147841,0.3912743,0.046980154,0.09631644,0.047933985,-0.057401292,0.036223505,1.0448785,-0.043501403,-0.049541783,0.0126201045,0.015505898,0.028319433,0.92665803,0.89112955,66782.78,65.41628,3325.5356,553.82056,803.0777,554.5791,0.0060801995,96.31309,1.0114164e+06,DOS-HTTP_FLOOD
31.809269,7.50624,84.80392,44700.027,0.015244904,0.3029265,0.28043643,0.13942526,0.8045991,0.030617464,0.03826382,86.57779,27.115946,0.77847236,9.813012,0.36101848,0.026159322,0.016630294,0.08439098,0.058526214,-0.0002595596,-0.035445496,0.95192105,0.026926449,-0.027198566,-0.019476583,-0.05130939,-0.019120615,0.9508103,0.9336144,57327.152,57.173798,1712.5956,475.4472,526.01166,443.06033,-0.00041561743,96.85966,546390.3,DOS-HTTP_FLOOD
33.6632,5.677875,81.73007,2786.084,0.017250575,0.28867695,-0.040826682,0.4630086,0.927727,0.083166316,0.06566639,98.64275,31.69488,4.9241457,3.407247,0.6284844,0.18104666,-0.02305213,-0.051799305,-0.044339232,0.012338915,-0.020910226,0.98000324,0.049464043,0.0012363028,-0.0015877793,0.047159303,-0.021673748,0.97504157,0.9692682,65563.266,57.96973,3491.6199,712.8352,836.7999,773.37555,0.0012633136,118.36891,581250.6,DOS-HTTP_FLOOD
31.737017,5.5359516,74.41895,-3199.6694,0.0711984,0.12334873,0.26527205,0.23905209,0.6436706,0.035682775,0.03478735,67.33586,11.695447,2.1578937,19.408129,0.6566885,0.05671481,0.029454619,-0.003928696,-0.013681592,-0.04357124,0.019697648,0.97943735,0.058904734,-0.01654506,-0.053151637,0.013230957,-0.010814582,1.0321299,1.0155528,45845.426,64.18585,2805.7085,388.90958,706.9493,373.7924,0.0006040741,107.15339,473543.0,DOS-HTTP_FLOOD
29.926018,6.266322,70.43009,1324.6443,-0.00365288,0.2238266,0.26804906,0.1636282,0.61360395,0.03348516,0.05006168,63.97185,23.218136,0.4033226,19.333199,0.48837602,0.19099802,-0.024622569,0.01668039,0.026935495,-0.056503043,-0.028500762,0.9491359,0.0076643857,-0.037587337,0.028628316,0.0051572826,-0.018426549,0.9758285,1.0140619,45764.09,59.313225,2276.3035,544.7033,679.84174,556.5322,0.0015686743,98.9733,496810.12,DOS-HTTP_FLOOD
31.271038,4.858267,59.42742,-478.53906,-0.06133091,0.1295722,-0.035349943,0.39167616,0.8118446,0.006790846,0.028201934,88.13836,9.1929,0.42113006,3.3184135,0.6367309,0.25672776,0.0632427,0.0037952233,0.05676046,-0.048459753,0.009010354,0.9848858,-0.032468464,-0.048860602,0.035724923,-0.017656013,-0.03161193,0.99172956,0.96215534,100427.81,58.496773,3631.4365,1076.9131,1083.0126,1054.9045,0.0026321344,106.00871,1.2977348e+06,DOS-HTTP_FLOOD
35.256992,6.157968,98.88704,3366.1245,-0.032481607,0.30299088,0.07974624,0.52071047,0.9098882,0.018360958,0.032359812,89.36655,32.358032,0.5460873,7.453375,0.42699236,0.33300024,0.013999717,0.030345764,0.06884455,-0.02558611,-0.06311479,1.0007427,0.05636413,-0.0064312117,0.03243295,-0.09215945,-0.07367773,0.9248546,0.9630545,66151.945,56.917694,4207.8867,644.2204,906.2543,670.9337,0.0018312242,107.67359,767419.6,DOS-HTTP_FLOOD
34.558662,4.50881,86.90888,2728.207,0.011656903,0.17944025,0.18264344,0.18507543,0.96380717,0.014201119,0.059860665,95.03488,18.31617,0.06866268,6.8194385,0.52307165,0.056275167,0.018063365,0.04323466,0.094165325,-0.046538174,0.029967707,1.0294373,0.056406993,-0.03187388,-0.0031380483,-0.03801229,-0.050730646,0.97610897,0.92880774,32393.656,59.209995,2941.112,217.28969,572.5657,222.39883,0.0026690753,94.592636,373387.4,DOS-HTTP_FLOOD
32.824345,6.648964,72.68972,3286.0571,0.032757834,0.3336426,0.034275968,0.10720315,0.5225091,-0.006685055,-0.033766065,52.82998,29.005524,0.7877057,4.4789586,0.47804427,0.08822286,0.03585749,0.1095884,0.04354778,-0.010171049,0.017462172,0.9021332,0.05946454,-0.06260127,0.016914673,-0.019374236,-0.063230224,0.9871668,0.9429958,51810.82,59.332024,2816.6562,359.99338,612.4177,371.0517,0.002003819,101.21193,622729.9,DOS-HTTP_FLOOD
33.626907,5.0500126,92.32231,-3526.4126,-0.010817041,0.1381283,0.17915872,0.2989267,0.95587474,0.0033226232,0.102869205,87.35247,11.369996,4.2264977,11.655962,0.6002884,0.31909677,0.015399345,0.0070620324,0.032418188,-0.050339248,-0.060035154,1.1207256,-0.1029323,-0.063758746,0.045145147,-0.049617738,-0.050026942,0.99209195,1.0069772,73178.6,60.1507,2837.41,716.3317,784.04443,736.54755,0.0035259507,104.01838,627642.9,DOS-HTTP_FLOOD
28.996544,4.8097434,65.36459,9795.92,0.06267394,0.011068012,0.081149876,0.12020143,0.75773424,-0.0070252307,-0.009196924,80.98047,2.2206364,5.9757667,3.0925856,0.8171021,-0.061222643,0.009356131,-0.027954755,-0.035324566,-0.030354401,-0.00966899,0.94578826,0.059365254,-0.026706133,0.0476321,0.055860247,-0.08243192,1.0163803,0.96891904,85269.17,66.07001,2176.666,999.61664,711.5166,1019.73883,0.0010410821,106.700386,525042.1,DOS-HTTP_FLOOD
32.018112,5.4347897,65.40596,9643.428,0.025699385,0.40981457,0.32433715,0.012680738,0.8024802,0.030594815,0.021550627,74.36396,30.765842,0.06618444,7.5752373,0.17622752,0.027307425,-0.009796884,0.06966465,-0.01629898,-0.015255973,-0.043200176,1.0328486,-0.03279651,-0.021846805,0.002341175,-0.050504837,0.01319059,0.9456066,0.9168322,12116.865,61.22167,-88.58664,4.430603,-41.568733,19.036377,-7.145708e-05,89.40957,-9354.465,DOS-HTTP_FLOOD
27.812412,6.475549,64.25964,-1279.0312,-0.10981892,0.15859424,0.15451802,0.060403336,0.6674566,0.020884164,0.029924378,81.31962,15.759524,-0.24138322,6.5262156,0.556838,-0.040735777,0.005515176,0.0050201872,0.11161093,-0.029231964,-0.022630434,0.90873635,0.014160071,-0.022043746,0.056215122,0.038879193,-0.012428359,0.9988525,0.92181844,69828.45,63.97711,2102.42,659.6922,694.31116,697.36957,0.00565577,103.94821,536210.6,DOS-HTTP_FLOOD
30.186222,6.8733253,65.766174,2874.6128,-0.036186695,0.0764771,0.18891683,0.1480106,0.8700621,0.038149677,0.006928104,94.02602,5.142092,1.7460264,8.938731,0.43005392,0.20704201,0.05445492,-0.019081578,0.001585097,-0.07697195,-0.017610777,0.8868494,0.046299417,-0.0016974984,-0.022212408,0.055065483,0.08778827,1.0146224,0.968616,57842.812,62.56256,1429.2699,486.1542,501.4018,488.43942,0.00034112117,106.56874,299628.1,DOS-HTTP_FLOOD
28.816177,5.7898,65.00584,47376.453,-0.014651323,0.1168196,0.16197956,0.06290517,0.7205964,0.021604475,-0.02906075,84.50484,11.120653,0.6130295,11.375807,0.44670224,0.02549395,0.045426495,-0.0055996235,0.0736972,-0.046308182,0.05606476,0.88094294,0.10221697,-0.02460801,-0.043237265,0.09088111,0.008701835,0.9939051,0.9525711,75120.02,71.61212,2914.9478,649.53894,681.80865,538.06476,0.0006675573,106.04146,541547.25,DOS-HTTP_FLOOD
25.003073,7.5260735,74.74148,198.68701,-0.044304587,0.057534527,0.18141054,0.03038973,0.6458425,0.032174796,0.038030922,73.11915,3.761864,-0.022066329,7.1738815,0.43101275,0.05600504,0.029364591,0.023253357,-0.012850419,-0.05931431,-0.010885423,0.82735187,0.121757485,-0.01474376,-0.013490554,0.017697424,-0.008226818,0.9960121,0.96757126,74367.04,59.070156,2116.324,765.63477,647.6763,712.40027,0.0030867534,98.0256,565055.6,DOS-HTTP_FLOOD
34.261345,5.7597294,55.521633,73118.266,0.09191392,0.5237973,0.003881869,0.16233324,0.5918573,0.050616942,-0.0031524408,60.034657,36.79822,4.449882,5.7719226,0.5967751,0.0020140607,0.023368856,0.043319963,-0.0105122,0.027960442,0.096734196,0.92075455,-0.013736173,-0.014891746,0.061687957,-0.043908373,-0.063208014,0.8624222,0.9161185,44155.773,59.75381,1964.3314,381.0608,520.7631,313.76053,8.766288e-05,100.020615,830948.0,DOS-HTTP_FLOOD
24.747969,6.588134,73.64373,7113.85,0.008368836,0.07910521,0.5100482,-0.0039952365,0.7798768,0.06946297,0.08218229,97.57788,4.790547,0.49925226,18.390297,0.18427388,0.033918057,0.072507314,0.03525375,0.036715984,-0.02906358,-0.030962972,0.7918894,0.08323996,0.047829468,0.023941223,0.019537697,-0.037380144,1.0186228,0.9681883,21623.654,60.60532,1265.4119,199.47934,234.7864,177.72617,0.0049619395,108.04961,122477.086,DOS-HTTP_FLOOD
30.577274,5.040933,64.38586,-2488.914,0.005394146,0.17100674,0.2328933,0.1564832,0.5563606,0.025236204,0.05247374,54.30362,14.998911,2.2375824,18.981441,0.60062695,0.30403197,0.018610878,0.02539907,-0.024614643,-0.013284883,-0.05164343,1.0028789,-0.018418293,-0.04694497,0.073129006,-0.05944634,-0.049870424,1.011887,0.9842381,57147.957,60.827488,2797.4172,507.4067,815.0859,495.40988,0.0008290627,101.45675,694640.2,DOS-HTTP_FLOOD
32.76042,4.7961235,68.465935,-3112.123,0.0387583,0.19101028,0.079091206,0.3749573,0.7928609,0.084753074,0.0046019326,77.81408,18.374815,8.322733,10.421796,0.69878626,0.18719016,0.05872002,-0.038531978,0.025699837,-0.0061065005,-0.012842651,1.0155725,-0.043345243,-0.050675835,0.023426905,0.07223423,0.04528723,0.969984,0.9807176,44399.047,62.939774,1997.758,394.60718,472.7743,388.66888,0.0075214845,110.411316,247455.69,DOS-HTTP_FLOOD
31.112247,6.16566,83.52076,3536.9893,0.06598531,0.21276847,0.03781548,0.3486702,0.62240416,-0.011518834,0.025960812,64.04065,19.864212,1.7981756,5.3886695,0.66540587,0.037254274,0.03842777,0.05461018,0.042801782,-0.010766551,0.027488114,0.9006535,0.09049214,-0.040500198,0.005342888,0.035002887,-0.042333174,0.98326075,0.97152996,60321.074,59.167797,2836.8357,564.13055,650.6565,553.88635,0.002152483,98.6943,602350.44,DOS-HTTP_FLOOD
34.74429,5.587953,64.89113,376.61108,-0.013185924,0.26026914,0.0069512543,0.30235723,0.7705823,0.01555066,0.007889347,71.97251,24.223896,2.187859,5.219135,0.68126905,0.15445803,0.029078215,-0.0126569895,0.074652985,-0.037862793,-0.030503217,0.9879347,-0.011538794,-0.057572864,-0.008484583,0.012835076,-0.06794585,0.98756975,0.9720036,68490.95,65.307625,3077.0151,662.95953,873.96405,702.0992,0.00080835895,106.01852,796898.8,DOS-HTTP_FLOOD
31.318012,6.600313,64.15768,-2432.5981,-0.00081306323,0.15720175,0.043336496,0.16206314,0.9291124,0.099625595,0.03307192,101.639404,18.178555,8.478647,5.7913275,0.62450016,0.17870401,0.008170897,-0.09270783,0.024139613,-5.6233257e-05,-0.016757386,0.9171207,0.089582376,0.012995964,0.018987108,0.021503214,-0.019994492,0.9799576,0.90544474,71762.91,61.389236,2874.2307,860.5769,802.8698,807.4724,0.003378729,99.22317,677023.3,DOS-HTTP_FLOOD
31.99841,5.737764,93.428696,11704.885,-0.047490954,0.19162464,0.028745325,0.21460052,0.74170804,0.08139397,0.015239665,87.95817,16.642448,0.26592487,1.0984354,0.6419819,0.089766175,0.04971491,0.022924433,0.027313873,0.027571637,0.016701875,0.86176765,0.02082793,-0.0236532,-0.039608233,0.081227005,-0.06134303,1.0124465,1.0668609,114147.05,59.978035,3933.3499,1216.0844,1053.4401,1207.1869,0.00055002066,118.08969,1.185243e+06,DOS-HTTP_FLOOD
30.379498,8.126687,67.27164,4734.5176,-0.015987601,0.20577891,0.3294635,0.08319979,0.72350115,0.05200744,-0.011382475,82.51453,21.414356,0.053480737,18.686035,0.4709003,0.045864206,0.013957901,0.018290326,0.008471272,-0.073298626,0.025563594,0.8710848,0.04418644,0.011844923,-0.032185733,-0.007440331,0.011955974,1.015796,0.96678203,45263.895,62.026527,1979.8398,412.66428,616.2576,410.9131,0.00038071658,109.79472,521651.9,DOS-HTTP_FLOOD
29.965496,6.339088,75.95048,-11668.051,-0.037875645,0.31870562,-0.11909858,0.36903054,0.6653093,0.0897798,0.016173372,72.4665,30.584259,9.315822,4.6420345,0.67236686,0.03638208,0.10136864,-0.09563275,-0.05240403,0.034143776,-0.06245144,0.8970156,0.021068811,-0.0876241,0.104883865,0.020493606,-0.14062454,0.9142914,1.038522,41866.77,52.32058,3034.9956,169.40372,678.0574,216.96399,0.0051448285,110.45773,470511.3,DOS-HTTP_FLOOD
32.214203,6.7242146,65.5791,7040.6895,-0.029500358,0.25249028,0.1175684,0.20275581,0.56309056,0.036624514,-0.0060297223,57.624905,26.839527,0.6950401,18.189493,0.55173385,0.054520454,-0.030365614,0.02454716,0.003890777,-0.051635098,0.01743096,0.86454225,0.0046311347,-0.034062054,-0.005726947,0.033548422,-0.009948042,0.9778995,0.9813481,61209.297,73.43503,2332.9172,696.10657,714.25934,657.80334,1.9888175e-05,100.273094,594625.44,DOS-HTTP_FLOOD
32.724594,5.572958,63.410088,9736.199,-0.010736668,0.13871565,0.08973862,0.083822645,0.736119,0.051833667,-0.020215366,78.40169,11.893627,3.042891,10.885647,0.8042013,0.050041765,0.018161502,-0.017221957,0.0405734,-0.0397819,0.0034963852,1.0202434,-0.031178625,-0.050605476,-0.01463943,0.03335701,0.03590587,1.0049239,0.96217257,71200.67,64.59971,2450.3538,738.30865,711.59094,695.3844,0.00032583118,102.68248,555121.1,DOS-HTTP_FLOOD
30.793295,6.2202926,82.154526,3556.3604,0.051450178,0.17617369,-0.020973127,0.034911897,0.74148774,-0.008655246,0.10313477,80.56524,16.498447,0.85196847,0.26507744,0.29963416,0.4106706,0.07089568,0.037625745,0.02141302,0.024274902,0.0035271933,0.88418424,0.069232926,-0.020127978,-0.027030915,0.021608118,0.032998074,0.93656963,0.97976047,62553.2,64.60646,2488.524,450.2868,544.0122,466.4747,0.0012674031,100.53747,394018.44,DOS-HTTP_FLOOD
29.321465,6.882597,70.514946,-199.94873,-0.0023847725,0.1710857,-0.083128504,0.24648698,0.6965108,0.019740725,0.011019766,78.97912,19.89798,1.6581422,0.54113245,0.7354785,-0.06277165,0.06937307,0.008451421,0.0074968203,-0.01927627,-0.050306335,0.81429726,0.14316621,0.010405927,0.030133778,-0.00891453,-0.051720742,1.0157317,0.96389765,62685.523,58.541092,3693.2485,580.3031,878.71564,603.58417,0.0067202724,102.66919,613892.25,DOS-HTTP_FLOOD
38.93194,4.1840124,78.22124,1728.6467,-0.010221702,0.40088454,0.039960623,0.2091449,0.9020119,-0.008659479,0.0042737345,84.254814,34.17967,1.3582617,2.3915575,0.55011207,0.10937979,0.04816448,0.025464155,0.014865894,0.012476141,0.033834606,1.0620904,0.013567037,0.009072271,-0.01204851,-0.047255497,-0.040589068,0.9315793,0.9582636,38900.12,60.78941,2752.3728,297.3339,621.34406,333.56613,0.001863831,99.65396,503446.6,DOS-HTTP_FLOOD
39.99686,2.9369853,93.58578,2236.9119,0.0125884395,0.34906694,0.042106383,0.18472834,0.80831075,0.018934045,0.031834003,69.09968,33.58152,1.7383976,0.25505248,0.55175066,0.04966874,0.087286964,0.040942073,0.08770907,0.028112195,-0.01606245,1.00812,-0.0038204936,-0.023081213,0.048472404,-0.02208699,-0.009233094,0.95430475,0.9482585,34531.285,69.103355,2505.598,324.70944,638.72687,312.9006,0.010737881,90.71242,520258.25,DOS-HTTP_FLOOD
38.78151,5.2518153,64.28672,1895.2124,0.09877057,0.1918122,-0.10484305,0.23206547,1.0421748,-0.0063840123,0.01256104,96.30841,16.913712,9.8161125,3.1684313,0.89665407,0.3011003,0.027257295,-0.039648656,-0.02864746,-0.036533646,-0.07673782,1.0554967,-0.2293764,-0.045279473,0.027207833,-0.048052736,0.05603645,0.93057144,0.96917075,85837.414,60.59765,3847.8594,804.01746,1046.0872,862.4782,0.0012529359,121.26474,931014.25,DOS-HTTP_FLOOD
41.874702,3.7102516,66.64834,3563.0034,-0.037811745,0.273483,0.084426515,0.2367227,0.95561814,0.077321075,0.016177367,88.98184,25.172157,1.4206254,7.173121,0.7771803,0.032912772,0.03254101,0.023748996,0.07131158,-0.011308365,0.069790944,1.123093,-0.062049758,-0.019621514,-0.0438913,0.040127255,-0.016711108,0.94240123,0.9624602,65632.67,82.47725,2596.296,649.63544,759.6485,660.1162,0.0021296958,103.50012,627835.0,DOS-HTTP_FLOOD
34.009537,5.473714,64.95036,10613.983,0.028795244,0.2740778,0.11268068,0.10873284,0.7920152,0.06048114,0.02379203,78.682846,18.622814,1.0107663,4.038328,0.40235433,0.27750188,0.02174944,0.08011372,0.040304415,-0.010722942,0.016622983,0.961197,-0.016834449,-0.045816258,0.003890025,-0.016441733,0.013332598,0.99522775,0.9044289,33440.086,60.640835,920.0166,198.34613,246.49966,217.98734,0.00027210172,96.36295,154665.89,DOS-HTTP_FLOOD
35.403355,4.751359,66.90466,1994.4485,0.029710492,0.201434,0.05129529,0.19644968,0.8058307,0.015574586,0.007898811,76.902824,16.673666,2.8689883,9.047223,0.6462386,0.28343564,-0.01707904,0.034561686,0.033265654,-0.004555136,0.0003476534,1.039125,-0.021633543,-0.0498894,-0.0025045488,-0.024624944,-0.04106505,0.98289746,0.9817782,76698.445,66.32374,3214.4316,724.4857,853.99,752.87134,0.0010649045,101.5776,886048.8,DOS-HTTP_FLOOD
35.7938,4.834246,84.78257,5305.0586,-0.070781045,0.24358737,0.1588754,0.043680165,0.7711896,-0.0011411397,-0.028685926,71.43837,23.01764,1.6554029,7.7221203,0.42799556,0.2869655,0.031872194,0.048193343,0.03625275,-0.090517916,-0.034118794,1.0125316,-0.057108562,-0.027467266,-0.002343891,0.055653337,0.035311572,1.0251262,0.9715823,52094.742,77.75763,1412.3181,459.54672,457.76352,499.4889,0.00052630575,100.64283,278667.78,DOS-HTTP_FLOOD
39.16464,6.5472116,65.610695,7910.364,-0.023913652,0.32499382,0.13234894,0.1034947,0.8969133,0.05774553,0.03425213,89.200165,32.784447,1.4413296,8.802956,0.7918808,-0.014386642,-0.0036384957,-0.011526979,-0.0028041517,-0.009545728,-0.04591972,1.0362084,-0.039567087,-0.04187412,-0.04300219,-0.0023730472,-0.039156325,0.96828765,0.9952356,73063.6,81.060265,2802.748,729.4704,820.06903,743.0493,-0.00040880265,111.78218,672980.25,DOS-HTTP_FLOOD
31.942204,5.0791287,56.502205,17494.86,0.004873853,0.24518839,0.12806578,0.12625198,0.71206886,0.02947317,0.04395503,72.9754,20.749846,0.3271227,9.669244,0.5821881,0.29886436,-0.01667985,0.025428116,0.024100227,-0.05676894,0.007921871,1.0166733,-0.096315965,-0.0640883,0.083098195,-0.027905792,0.0031508785,0.977055,0.9207319,58176.207,60.05716,2120.829,559.7174,652.4003,539.33954,-0.0005678175,99.0312,555970.75,DOS-HTTP_FLOOD
29.888783,6.203812,74.567986,-5002.733,-0.05276194,0.275373,0.006988838,0.20798893,0.58559287,0.037185136,0.032843944,59.330757,27.404222,1.126639,4.2123857,0.63655627,0.042536493,0.08772136,0.0036701467,0.042476937,-0.0029565557,-0.03460881,0.85476655,0.07610631,-0.013161936,0.0337233,-0.016957272,-0.09520195,1.0074753,0.975414,61765.684,59.203804,4000.0789,536.48676,928.36725,564.4891,0.00473286,97.27578,748406.2,DOS-HTTP_FLOOD
30.943235,6.147859,85.51295,-2408.9463,0.03449092,0.27617761,-0.09071003,0.1885414,0.7783793,-0.02085983,-0.07669621,84.10846,28.086514,4.6586123,1.2902106,0.56908554,0.023938034,-0.0001550978,0.023453966,-0.0713341,-0.017574828,-0.043664463,0.82975805,0.05294996,-0.09746704,0.007103556,0.1220523,-0.080080554,0.86753166,0.9232808,25080.19,55.721027,488.29205,3.3055878,86.26584,71.78749,0.004816734,109.88988,-10193.772,DOS-HTTP_FLOOD
33.61295,5.7335114,73.76088,1341.8933,0.010426528,0.06627958,0.056095455,0.18826632,0.8880796,-0.0026183324,-0.008620017,86.82852,3.9243474,-0.05086692,4.0252533,0.4133429,0.6456179,0.04356602,0.002364642,0.055189297,-0.045134906,-0.08222844,0.9480012,-0.067532,-0.06269613,0.0042135012,-0.00785971,0.0156161385,1.0117317,1.0025657,110177.05,62.25715,3660.6123,1241.6263,1026.9242,1228.4246,0.00058603706,108.69631,1.098693e+06,DOS-HTTP_FLOOD
26.884335,8.475194,93.05888,7315.1514,-0.06864815,0.36355665,0.2873758,0.15712614,0.47649798,0.052479025,0.049935028,60.861263,34.265343,4.9486046,15.103968,0.307162,0.05726266,0.001788619,-0.041166354,-0.055697843,-0.037299775,-0.02406466,0.8185709,0.12037501,-0.009314633,0.03116017,0.09343211,-0.063156165,0.96759933,1.0139705,35781.98,56.479908,1175.187,210.1174,237.0075,230.33286,0.00080417155,109.64139,110178.53,DOS-HTTP_FLOOD
30.290493,6.564317,77.68452,7291.741,-0.048007667,0.18620864,0.49947435,0.115779124,0.8618332,0.044060923,0.059610605,90.54478,21.271517,-0.36392474,18.569706,0.3190832,-0.022158362,-0.014940707,0.055158902,0.019121,-0.057359286,-0.070432864,1.0143595,0.03763045,-0.0021725963,-0.014410107,-0.025193688,-0.03113148,1.0311176,1.0041351,31109.322,61.22799,1457.2762,390.47873,446.3915,381.24222,-0.0006901353,99.48879,270767.6,DOS-HTTP_FLOOD
30.225014,8.976268,71.03351,1777.6433,-0.13911712,0.17023821,0.02341546,0.090829805,0.65309834,0.015601885,-0.06481196,76.70212,15.678307,0.059941024,5.3512983,0.6301304,0.0065414505,0.040927634,-0.0155174555,0.03640368,-0.082253374,-0.009263539,0.81973183,0.09324765,-0.029464997,-0.0048713665,0.0559436,-0.03843678,1.0197126,1.0080298,108479.44,163.63759,3033.1504,1382.3694,875.9487,1426.7252,-6.852618e-05,105.4558,1.00540875e+06,DOS-HTTP_FLOOD
32.43817,6.461634,63.41484,89.88135,-0.03809675,0.26158354,0.4120574,0.11908996,0.9442692,0.03901815,0.04787965,94.89443,25.936556,-0.30678365,16.178818,0.41904423,0.031950206,-0.026231855,0.004082662,-0.008510266,0.016113484,0.017070215,1.0465957,-0.017369222,-0.003499838,0.012459728,-0.071296446,-0.05543969,0.967595,0.9658234,32805.2,57.785675,2181.854,323.2684,596.24023,360.78635,0.0006709881,97.10972,418643.53,DOS-HTTP_FLOOD
38.426003,5.7945504,70.53071,4710.878,0.03573176,0.32390785,0.19335666,0.1312356,0.9358583,0.02463092,0.012216024,88.921265,33.065895,0.112807676,8.399393,0.7144158,-0.017469063,-0.0015960494,0.05006864,0.034017805,-0.020793185,0.0114637185,1.0593301,-0.05159348,-0.0050451537,-0.027581545,-0.05958634,-0.020253818,0.9612069,0.967642,56031.887,61.304737,2678.5476,540.212,745.8083,542.8443,0.00050567265,102.69416,682921.06,DOS-HTTP_FLOOD
29.6542,5.4220476,65.40489,2580.4885,-0.049589396,0.25316373,0.31770974,0.093867436,0.48868093,0.01138548,-0.014770307,58.87863,23.827696,2.423077,19.831547,0.3688617,0.15817538,-0.024731608,0.012878904,0.002349494,-0.049893722,0.010103531,0.9635647,-0.05145314,-0.010757945,0.009977132,0.0017827656,-0.019639425,0.96467215,1.0670835,34008.652,61.10296,1338.5319,252.93503,383.63953,232.06448,0.00037451903,118.10052,305510.25,DOS-HTTP_FLOOD
22.990396,10.02813,61.42329,21384.084,0.038529057,0.10603292,0.062221643,0.40251848,0.34276602,0.030682709,-0.05213186,54.679676,8.050298,3.4453382,14.277761,0.7043803,-0.014743111,0.01825146,-0.0051984424,-0.03102348,-0.009465122,0.008312542,0.73137534,0.19992171,0.012989189,0.043292135,-0.02685894,-0.039315116,1.0271133,0.96208847,82183.414,55.550083,2811.931,842.32043,776.0394,846.3214,4.181727e-05,97.11291,664502.7,DOS-HTTP_FLOOD
27.05429,7.3469076,104.98723,1253.2825,0.15253676,0.2642377,0.13362938,0.16818239,0.5975972,0.011337931,0.06743331,82.94216,28.870476,8.734913,13.681712,0.35350636,0.11385824,0.012609492,0.04271218,-0.020573799,-0.037030127,-0.013462707,0.81514275,0.20217831,0.0023597665,0.14299832,0.005675233,0.010768221,0.93704003,0.8735238,12247.236,56.502594,1388.9996,114.35582,175.62149,74.58599,0.011276516,107.46216,42178.523,DOS-HTTP_FLOOD
31.8127,6.748744,66.113266,11083.801,-0.054004658,0.32898545,0.2306472,0.08180054,0.6214605,0.022835985,-0.0039802305,61.73174,27.9744,-0.04174616,13.576305,0.47732246,-0.02484811,-0.037865795,0.07088526,-0.002120342,-0.050946817,0.109329924,0.99687797,-0.007446714,-0.032372866,-0.009351132,-0.045153093,0.017857375,1.0403531,0.9382178,53004.008,61.288177,1566.9988,405.20245,556.9469,409.6207,2.1129672e-05,96.2412,617047.0,DOS-HTTP_FLOOD
31.200195,6.741584,69.412544,16061.209,0.09547099,0.07439206,-0.024769604,0.3031257,0.80462396,0.08312263,-0.0069740694,94.02351,5.3061676,6.6693077,0.080037706,0.6603468,0.21418765,0.044166204,-0.025142044,-0.017672917,-0.004040061,0.008666342,0.9092651,0.08885088,-0.010990739,-0.045623273,0.033244338,0.011930102,1.0304581,0.9873889,91232.78,60.867638,3786.8052,935.2094,917.35724,914.11566,0.00080076506,112.89047,762992.56,DOS-HTTP_FLOOD
29.439861,4.766343,51.892,31796.24,-0.096947014,0.120811485,0.08184102,0.14951216,0.65386754,0.06319571,-0.052124992,72.49148,8.727565,-0.04429411,8.600151,0.54640484,0.44440293,0.02584207,0.036465324,0.017501395,-0.036541235,0.006596213,0.9277594,-0.06305353,-0.05684202,0.038185276,-0.06273453,0.010518887,0.9775121,0.8883239,89102.52,60.10888,3092.3171,947.1713,925.14996,917.1791,-0.00016887973,102.37907,963293.9,DOS-HTTP_FLOOD
25.04221,7.9836264,67.260735,-2738.5356,-0.022183042,0.19697388,-0.03555192,0.16749409,0.41481268,0.010664548,-0.018626027,56.85647,20.9132,2.898007,4.1100516,0.6146046,0.05227202,0.03706795,0.025104765,0.08557692,-0.014912458,0.047123313,0.707238,0.2328459,0.017798077,-0.010839183,0.05499468,-0.046874695,1.0270867,0.9672648,81782.54,62.725452,4739.339,679.00836,942.6765,730.1975,0.0026376934,107.07382,809289.56,DOS-HTTP_FLOOD
30.796062,7.0976963,90.23636,4676.2944,0.018914318,0.2192674,0.11104099,0.0752357,0.85354304,0.030184489,0.03281737,95.28007,24.091013,3.6269407,5.103121,0.5203472,0.018057598,-0.0077691018,0.014449906,0.03693995,-0.05533537,0.025964249,0.9340272,0.10551775,-0.02787096,0.029583972,0.018414125,-0.03454302,1.0121055,0.95233476,35152.28,59.1844,1891.639,335.9726,448.06354,344.19888,0.0016182689,104.1819,274155.75,DOS-HTTP_FLOOD
22.6192,7.806022,57.664566,3794.3508,-0.053422503,0.15094842,0.10664944,0.09680865,0.44417995,-0.017349396,0.03792917,51.748764,13.765092,0.6386316,8.414118,0.45484486,0.20955606,0.00885521,0.009775305,-0.021033708,-0.041715726,-0.014677627,0.77886933,0.12803456,-0.039785683,0.03776679,-0.042100176,-0.032010134,0.9954457,0.9592029,59649.234,56.58537,2308.217,565.66,666.46747,562.86334,0.0005602131,88.39407,477882.3,DOS-HTTP_FLOOD
36.32733,5.4166727,60.50173,6704.33,0.025932118,0.20634213,0.04871841,0.19307886,0.76884353,0.06511528,-0.005590825,71.05883,20.005497,8.738256,8.792609,1.0182208,-0.0023744002,0.008659809,-0.021019967,0.040157627,0.0031133974,0.072873816,1.0372415,-0.068073064,-0.07114863,0.034659497,0.04904378,-0.028860418,0.9308658,0.9266511,70962.97,71.52139,2075.6333,799.51086,762.0118,786.41815,0.00035394257,100.492485,762688.7,DOS-HTTP_FLOOD
31.094458,5.553242,64.3991,1811.3706,0.04197917,0.12268396,0.02843569,0.30627537,0.79990256,0.07882631,-0.035092417,92.3437,8.273276,3.7004411,6.1073356,0.705429,0.26354715,0.06163992,0.028270587,0.06466645,-0.047087077,0.0042224815,0.8834198,0.016988553,-0.035139695,0.015465786,0.01947272,0.011148619,0.99728763,0.96318835,86507.64,61.6413,3095.3032,794.6081,798.6985,782.0701,0.0016039076,120.593445,758402.7,DOS-HTTP_FLOOD
35.53244,5.677365,68.525345,8040.6226,-0.025407445,0.17454313,0.12521449,0.14176038,0.8074166,0.04573883,0.009674204,83.76283,15.306255,2.01168,7.5337305,0.6796099,-0.010905506,0.049455136,-0.0024005724,0.043480836,-0.02525483,-0.0335884,0.99715984,-0.048512463,0.0014457526,-0.03781967,0.033176165,0.02490737,0.9639434,0.9267466,82589.83,97.543816,1850.2642,714.6944,634.4877,775.15063,0.00013398743,113.073326,522761.8,DOS-HTTP_FLOOD
41.261826,5.586998,88.10504,2720.9087,-0.060146548,0.4553785,0.012812989,0.19896567,0.8503219,0.052054428,0.010991268,74.894226,36.88594,0.7620388,2.4107914,0.49071136,0.22499691,0.019650755,0.025337085,0.026592722,-0.0101735545,-0.010446244,0.9867119,-0.059911232,-0.011795041,0.0072959187,-0.0029051676,-0.10852085,0.9449928,1.0288085,64603.125,69.62598,3207.4739,646.3042,823.5521,675.8609,0.00059519487,113.90112,781892.7,DOS-HTTP_FLOOD
37.326855,6.3609886,86.87039,5691.554,-0.05362033,0.06097112,0.15714025,0.09353443,1.0702018,0.030124897,-0.03272752,104.20697,2.8026655,1.3155717,10.503068,0.43847877,0.37706235,0.07351576,0.0007005781,0.012441039,-0.07936991,-0.0298439,0.94476646,0.031256318,0.022448093,-0.13875583,0.06841285,0.04370032,1.0898168,1.0234271,80328.586,115.11232,2650.3972,1052.386,751.9235,1023.00836,-0.00058910274,96.178185,522231.28,DOS-HTTP_FLOOD
30.161522,7.6436152,72.577446,7670.029,0.006920239,0.19891356,0.14987396,0.32083964,0.6267274,0.055439286,0.028997662,73.557976,17.52237,0.5879443,15.376778,0.7396059,0.049025353,0.04318069,0.04310899,0.031270064,-0.07228586,-0.04995991,0.93467855,0.02546817,-0.0512107,0.004786949,0.0063427025,0.0031337794,1.0054914,0.98820794,80054.75,57.847157,3787.0076,695.24835,936.4871,707.9871,0.0008634784,111.64212,905462.6,DOS-HTTP_FLOOD
30.741867,6.119863,70.211624,5507.541,-0.06297457,0.22603063,0.09461181,0.13110165,0.647533,0.0334275,-0.04562372,62.85992,20.83841,0.70532435,6.482523,0.5868541,0.030480525,-0.009340224,0.05983845,0.03762134,-0.043467846,-0.022118188,0.9353983,0.04671935,-0.043762833,-0.04551508,0.0012398418,-0.04740914,1.020216,0.97939724,77057.41,66.48504,2483.022,730.2795,748.52893,750.24084,0.00027052657,98.31529,751937.5,DOS-HTTP_FLOOD
25.865898,7.251252,61.890266,82069.14,-0.012849502,0.0658456,0.15475541,0.06009973,0.5196235,0.10016058,-0.069820195,64.23114,4.834586,2.6231332,11.18889,0.5186345,0.05918339,0.09322974,0.014680023,0.043955203,0.029302573,-0.045425616,0.83504516,0.116998576,-0.06832525,0.0126208365,-0.048250295,0.027299153,1.0124583,0.9583259,69655.0,64.844376,1579.1854,642.8044,503.80814,584.9596,-0.00017429776,99.886955,358245.25,DOS-HTTP_FLOOD
39.478916,5.3651066,60.466713,24691.043,-0.02670549,0.28873307,-0.03304539,0.30118033,0.9321174,0.01799546,0.023899825,91.8017,27.000717,0.31245235,1.477729,0.86271656,-0.08890418,0.042673267,0.08325067,-0.011546508,0.05602681,-0.010337498,1.0077837,-0.107722215,-0.02507625,-0.058040727,-0.066586934,-0.043564137,0.93285406,0.89173096,66839.266,61.89289,2606.4866,632.9811,810.98083,646.82086,-0.00033343275,105.851494,862611.75,DOS-HTTP_FLOOD
26.674139,7.0134077,80.75905,374.21387,0.060442664,0.059872933,0.24721347,0.11305616,0.78871906,0.065657705,0.06489286,87.47396,5.8829775,4.0813723,9.727217,0.49954507,0.070779175,-0.0033944566,0.006659217,-0.0028713979,-0.04033323,-0.041617244,0.8823854,0.1682119,-0.033707373,0.025947643,-0.017426983,-0.035397902,1.0063779,0.97741365,47654.14,58.580162,2008.7937,482.45996,494.43207,445.64224,0.0012612251,97.20675,276466.38,DOS-HTTP_FLOOD
28.647312,7.4082403,60.53409,6636.7188,-0.074079536,0.24921015,0.24734029,0.07677439,0.527419,0.02269729,-0.013809135,61.475533,22.036963,-0.07867996,14.528103,0.38173574,0.13493878,0.026805859,0.0657908,0.019101992,-0.10276585,-0.008073364,0.87980837,0.022927724,-0.052685075,0.055520847,-0.053329073,0.027329663,1.0020893,0.92961025,59364.6,62.232952,1631.835,419.8951,539.1264,463.31946,3.3656586e-05,101.24051,507424.4,DOS-HTTP_FLOOD
30.56857,6.0351443,64.339584,-3078.5054,-0.036123224,0.17160927,0.08783505,0.23747455,0.6675658,0.12106286,0.017950017,78.747116,14.09307,0.9911127,16.486723,0.658114,0.4288003,0.021946799,-0.03171423,0.017143404,-0.12765296,-0.0914401,0.9702236,-0.009228424,-0.07826119,0.063397974,-0.045553096,0.025125286,1.0115987,1.0063598,112131.914,62.06158,4602.9917,1402.0751,1237.4875,1395.1962,0.0014401464,112.64325,1.1336521e+06,DOS-HTTP_FLOOD
29.678673,6.4148793,72.81338,5493.8604,0.11469559,0.09664651,0.15651026,0.27564248,0.8763836,0.031603977,0.055303544,91.846855,9.104918,7.321827,9.590738,0.62441885,0.03589091,0.04663471,-0.011714631,-0.007752608,-0.003585196,-0.001686262,0.9164957,0.13618802,-0.00080695143,0.08819975,-0.048704535,-0.026331015,0.9840439,0.9517262,25198.617,57.07808,1847.977,297.53436,395.0644,243.4241,0.0039932355,93.44258,204311.06,DOS-HTTP_FLOOD
34.642155,7.510204,84.93643,5417.5234,-0.01608825,0.2874899,-0.12293819,0.2287309,0.6194345,0.13542709,-0.010807317,73.96754,30.195093,2.7643392,0.37665874,0.5619819,0.1638199,-0.0023870775,-0.044449527,0.015292597,0.04371739,0.1018036,0.7021448,0.024100874,0.012198262,0.101768754,0.04997249,-0.052926406,0.97514844,1.0307776,83491.86,61.822147,3929.6926,648.246,919.5436,694.0284,0.0022838681,128.1437,858937.56,DOS-HTTP_FLOOD
30.959515,5.257764,64.21101,478.2671,-0.008227331,0.12576154,0.0077804383,0.14243038,0.7715165,0.004191576,0.015864452,84.609024,11.672107,2.9405255,3.6967545,0.4695536,0.61259454,0.03164467,-0.018017959,0.04720255,-0.10534655,-0.097072706,0.9235387,-0.0023499948,-0.072375216,0.026613466,0.035091035,0.022021472,1.0638728,0.99976885,95432.19,67.814644,3083.0295,1094.4125,812.01025,1148.2994,0.00085149833,115.55401,574696.2,DOS-HTTP_FLOOD
23.930279,5.9913,59.348633,-8248.131,-0.026167598,0.09953914,0.51737,0.13250397,0.61356187,0.07276428,0.027406162,77.584755,9.517891,2.494486,19.621227,0.43654665,0.049488887,0.0027659861,-0.03632395,-0.014046321,-0.026606444,-0.055262055,0.958746,0.06451411,0.012543219,0.08398201,-0.0399978,-0.075308025,0.9531297,0.9586273,28872.857,58.888134,1806.8835,202.21878,403.97253,220.565,0.0031099757,109.256134,197350.47,DOS-HTTP_FLOOD
34.87658,6.8719726,64.98921,-9249.975,0.021575456,0.22218776,0.27691644,0.06125709,0.78413546,-0.028319249,0.03535557,91.13622,19.63776,3.4717145,18.734766,0.66287744,0.04601967,0.043674372,0.028709935,-0.031177254,-0.05343665,0.016501212,1.0143715,-0.07855514,-0.005677849,0.035774864,0.13099495,-0.014172697,0.97431964,1.0416961,78978.57,154.31421,3193.8887,754.7345,820.7842,743.08716,0.0009938931,126.400345,724703.7,DOS-HTTP_FLOOD
31.392292,7.0803423,65.31947,4948.3267,-0.021613799,0.35229805,0.096263796,0.07938126,0.5361717,0.013407638,-0.01697186,53.850582,34.041866,0.1999776,10.7221775,0.34709883,0.4177538,0.029672252,0.039676294,0.015983881,-0.06775959,-0.0667122,0.918131,0.016870402,-0.058993172,0.007676837,-0.009657158,0.028198358,0.98100364,0.9819141,62357.355,60.35556,2640.6921,722.5305,775.30646,704.2872,0.00039168634,98.79902,643081.94,DOS-HTTP_FLOOD
33.66168,5.07849,70.58962,2790.6748,-0.002523195,0.3082435,0.1689438,0.26175448,0.84890383,0.039992392,0.06346735,87.51413,28.706448,0.35750425,9.504386,0.633479,0.043623295,0.008771977,0.03990917,0.043884274,-0.03271891,-0.0040159747,1.0374867,-0.055115547,-0.04903806,0.0154830245,-0.04123788,-0.054504663,0.95085895,0.93521523,44652.785,55.740047,2790.0017,337.48236,677.7722,340.01224,0.003412317,101.96211,531128.44,DOS-HTTP_FLOOD
28.092731,7.3677797,77.43169,388.1997,-0.0077542937,0.31628028,0.2788903,0.16696346,0.55883837,0.018184293,-0.031407837,50.823467,31.47522,0.7542432,11.739885,0.35798663,-0.02499801,-0.016918156,0.013825204,0.010980008,-0.0047761924,0.013014067,0.8654403,0.10415812,0.03324074,0.0393312,-0.04375484,-0.060331296,1.0185521,0.9606523,16436.45,60.470005,501.7802,63.99585,114.587524,49.351658,0.0018642951,86.46852,18749.74,DOS-HTTP_FLOOD
31.9216,5.218095,64.22109,-665.3955,0.031845827,0.21941507,0.20679341,0.1983143,0.85686356,0.01744556,0.0773566,89.788734,20.544308,3.3491743,10.095834,0.5481144,0.13397785,0.013248028,0.027692802,-0.010225087,-0.055036344,-0.035004787,0.97572845,-0.047669634,-0.03202305,0.079748034,0.01321532,-0.019891711,0.9158921,0.93750894,42156.254,57.878017,1960.5681,270.5822,521.0325,275.5431,0.0014340077,106.754974,375605.47,DOS-HTTP_FLOOD
33.56095,6.1501465,64.91026,9165.988,-0.049693286,0.10883557,0.0790917,0.06828156,0.81105053,0.03364152,-0.028143657,83.74457,11.680403,-0.28936836,6.4911184,0.46031937,0.38315177,0.03907032,0.010379207,0.04855964,-0.075901136,-0.032646418,0.98507446,0.04297722,-0.0844284,-0.119495206,0.0028371066,0.071925886,1.0463,0.9926279,65981.95,66.02836,2580.7441,737.92816,715.69714,709.9795,0.00029933424,98.37348,539077.94,DOS-HTTP_FLOOD
32.552338,4.5949435,56.583805,1110.7659,-0.07364547,0.27336457,0.03892205,0.098611616,0.6981921,0.015700558,-0.0023234193,70.90607,27.891531,0.27795145,10.235714,0.44481134,0.47053042,0.027476702,0.052395348,0.012546781,-0.06238166,6.0028397e-05,0.9638813,-0.009689941,-0.060481474,0.107661106,0.021108884,0.04517149,0.9396671,0.9039142,48916.793,59.73754,2210.1282,489.83884,643.64404,467.84537,0.004389981,97.61919,484437.4,DOS-HTTP_FLOOD
37.95762,4.8663793,73.713554,5786.859,-0.0068577565,0.3249303,-0.003551538,0.4502584,0.8775869,0.008791941,0.039196514,86.24156,27.6655,0.34926635,4.98815,0.5757438,0.06024723,0.05259105,0.069426306,0.056350887,-0.0033589778,0.015743138,1.038636,-0.06888717,-0.04078399,0.031867556,-0.031003099,0.011000851,0.90822923,0.89652526,47448.73,59.516098,2137.1626,382.6902,551.82245,375.96106,0.0074706925,101.14772,502771.16,DOS-HTTP_FLOOD
33.125607,5.0589957,82.5707,12761.711,0.05297367,0.07916094,-0.03785934,0.47375757,0.944763,-0.0011345505,-0.06948642,88.53808,9.915149,2.3115282,0.0025885738,0.87805325,-0.2675618,0.07777068,0.044264082,-0.108001895,-0.10875633,-0.13394067,0.9574727,0.011734191,0.040297978,0.015394754,0.053137638,-0.07230884,1.0396818,1.0392854,75015.07,65.631874,2516.4067,796.347,741.9672,806.83203,2.376188e-05,100.15791,569116.3,DOS-HTTP_FLOOD
29.200882,6.879052,63.923542,7567.954,-0.003947271,0.19131233,0.15226528,0.110299446,0.6352453,0.012630666,0.016699389,60.800407,19.57351,1.3165667,9.194083,0.72481364,-0.023070894,0.00085689593,0.0046094134,0.03204524,-0.014869042,-0.06476423,0.9425561,0.05403189,-0.03762851,0.0071019465,0.0064064655,-0.059503756,1.0108347,1.009955,85137.21,65.54065,2577.3574,939.5881,838.7192,953.32043,-0.00049315667,94.25098,753306.5,DOS-HTTP_FLOOD
23.995506,8.277447,63.448296,12252.289,-0.011752852,0.1606531,0.51023555,-0.03008878,0.49436337,0.045380168,0.0712245,58.477688,17.835058,-0.16938993,17.546589,0.16944392,-0.027685676,0.0031560939,0.023279442,0.036097515,-0.03359697,-0.035420425,0.8026789,0.09963935,-0.045644842,0.06484135,-0.026556484,-0.086755246,1.073201,0.99950635,16238.479,60.809982,369.60736,141.57263,86.373566,128.94234,0.00032012485,91.16785,31069.797,DOS-HTTP_FLOOD
34.024426,4.911904,65.39122,417.4673,-0.009349891,0.17715707,0.08611795,0.2959367,0.8251489,0.059638716,0.007992828,85.6381,15.220904,4.100549,9.190075,0.7691134,0.047165275,0.049208485,-0.029985094,0.07267069,-0.02265188,-0.00010942109,1.0075808,-0.01141463,-0.06224884,0.020204123,0.0452497,0.0020659156,0.98135716,0.95136094,82873.984,68.47303,3109.488,823.9462,873.47925,806.9807,0.0038864505,106.32418,773461.0,DOS-HTTP_FLOOD
31.288773,4.249696,67.34131,-7122.766,-0.039648175,0.20290299,0.21213399,0.07864751,0.8332315,-0.005519854,0.03345409,96.33779,21.022127,0.79647416,18.351124,0.3582703,0.13190371,0.040990844,0.015137433,0.12555969,-0.072939165,0.011141951,0.8997689,-0.028224543,0.021687448,-0.038687143,0.11970695,-0.027073316,0.9564955,0.9810549,73817.484,115.516815,3178.0403,918.83264,744.9567,862.2587,0.0022885767,113.65181,607463.94,DOS-HTTP_FLOOD
37.286697,5.5341563,68.34111,283.8501,0.0057530683,0.24444345,-0.104870655,0.17645568,0.7990611,0.057599783,-0.021277428,82.21153,22.490936,0.6389097,0.6188486,0.5279804,0.07591595,0.021884363,0.03186685,0.12834673,-0.010343165,0.049397185,0.8932122,-0.01834051,-0.06587192,-0.013987771,0.040690433,0.03569566,0.95043147,0.95198596,72473.375,151.4197,2644.0732,481.91702,644.5203,529.1127,0.0032749784,101.47421,670270.56,DOS-HTTP_FLOOD
29.845581,6.0454154,61.02297,77011.75,0.015387485,0.15297677,0.13873887,0.08101883,0.23151813,0.066627055,-0.06201409,35.389534,13.8563175,2.5403051,19.543228,0.59046614,0.34391764,0.054382157,0.063778155,0.043872662,-0.019321948,-0.011377599,0.8423277,0.03180157,-0.0392513,0.06409778,-0.043206476,-0.0059110858,0.94676864,0.99787337,53677.84,63.859734,2359.5347,454.42444,613.9477,425.7329,0.00070631574,111.90999,468903.34,DOS-HTTP_FLOOD
31.50393,5.5989957,86.954124,-2116.2988,0.05819834,0.12405699,0.027265063,0.34123528,0.8790092,0.037996903,0.022687195,105.935585,11.027727,1.0298829,0.3831825,0.50305057,0.08083716,0.045506634,-0.0017076079,0.08553833,-0.032619085,-0.046626482,0.8786604,0.109953605,-0.025718966,-0.034888905,-0.034709726,-0.00039992854,0.914536,0.94912714,96098.91,56.053394,5575.6304,769.09686,1105.3667,746.8798,0.007854747,109.235146,1.2243524e+06,DOS-HTTP_FLOOD
29.43668,5.368822,56.890545,31519.41,0.0020727143,0.23881344,0.36882746,0.07442986,0.4206607,0.08175328,-0.0021040975,47.567665,23.327282,0.5422611,18.710558,0.4067729,0.06007592,-0.033079304,0.09186633,-0.06661018,-0.088163026,-0.011862804,0.84977186,0.018397752,-0.021236204,0.08225211,0.03745927,-0.047600247,0.9879448,0.9092558,49691.78,61.005424,1573.4044,455.35318,531.3791,500.9212,-0.00044130016,98.79243,412028.03,DOS-HTTP_FLOOD
29.260754,4.8690825,65.551765,24505.305,-0.025436994,0.16015533,0.4054329,0.15184297,0.6467419,0.058774218,0.069893725,77.88061,16.972744,-0.15508297,19.794882,0.4302473,0.030838087,-0.005981149,-0.021072647,0.042617857,-0.070985645,0.034667335,0.9164411,0.019361157,-0.052219987,0.0327355,0.049602613,-0.01662512,1.0001736,0.96647143,48936.957,60.289986,2776.3486,728.5247,790.29034,665.0502,-0.00020927015,108.47609,636975.2,DOS-HTTP_FLOOD
25.613983,7.458216,60.378845,8187.4976,-0.07847552,0.16406292,-0.010406677,0.31543246,0.47301593,-0.014999077,0.0036367285,51.356174,13.41146,-0.02179375,7.184866,0.35953146,0.2832074,0.042341016,-0.0067625334,0.03929857,-0.0068946555,-0.008045602,0.7904607,0.15069507,-0.07587162,0.027096441,-0.028868781,0.00931288,1.0342315,0.958181,67279.91,79.04402,2300.6543,838.0902,696.8231,822.2344,0.0003373291,89.01645,525570.06,DOS-HTTP_FLOOD
26.698645,7.33133,101.97313,68.85205,-0.030256122,0.07661899,0.1464444,0.17258199,0.642501,0.005947663,-0.047853254,81.69222,6.7680607,1.2274495,15.848101,0.4635605,0.3744959,0.034830652,-0.010874946,0.010280096,-0.14706278,-0.07381525,0.78360873,0.1265607,0.008320461,-0.022406213,0.032686733,0.010324003,1.028506,1.0075115,105499.16,64.14259,4396.8706,1229.6702,1123.239,1227.2021,0.0012675561,113.57928,874777.25,DOS-HTTP_FLOOD
24.704704,7.551662,103.37129,-432.06982,-0.0077712066,0.17062508,0.1434765,0.07649347,0.58193904,0.0269348,0.048625246,74.0932,17.416225,3.2961984,8.982839,0.4444244,0.12991229,0.0339032,-0.026928017,0.029152326,-0.072088435,-0.045017153,0.74124825,0.13741153,-0.0256432,0.06853192,0.049152836,-0.05330838,1.0103102,0.97153306,60784.223,57.90679,3163.1257,515.9287,714.0603,512.4449,0.0042578266,108.699585,510932.66,DOS-HTTP_FLOOD
31.193592,6.8422174,62.462376,30707.084,-0.04390068,0.2430475,0.21109724,0.16848825,0.56462014,0.06399467,0.030749375,71.77611,25.917717,0.18186764,18.232594,0.6784838,-0.011050613,-0.003024852,0.032513667,0.045656115,-0.044400174,0.02301449,0.8594045,0.029785821,-0.02785305,0.10023038,0.021421593,0.032244146,0.9527671,0.9346349,67615.57,58.684204,2435.4675,748.17737,757.87683,755.84357,-0.00012353402,109.11552,652330.7,DOS-HTTP_FLOOD
24.973965,6.9521017,65.84812,1843.0554,0.09353042,0.14948732,0.052689068,0.3937563,0.49903616,-0.005892747,-0.014905711,64.63512,12.454652,5.421471,8.928068,0.5844546,0.008020057,0.038843267,0.016265789,0.040582284,-0.019903641,-0.0010553049,0.77805775,0.15996608,-0.023846969,0.09811636,-0.020596532,0.02294362,0.94490474,0.9277748,56729.67,57.75915,2773.5479,484.29733,635.3184,450.90503,0.009105981,91.12609,528316.8,DOS-HTTP_FLOOD
26.434471,7.3776326,65.73211,3299.7583,-0.07957135,0.13469367,-0.061208975,0.25915095,0.6119479,0.036377493,-0.015039977,68.92929,12.430618,1.679105,0.004074592,0.56946725,0.020371217,0.04014887,-0.062285915,0.10058462,-0.041903254,0.04214716,0.75853115,0.18661407,-0.031910397,-0.025076957,0.07030923,-0.045214422,1.0287997,0.96394473,61631.79,84.12865,1813.1364,561.96985,500.46234,570.85895,0.0031768251,97.50094,305632.72,DOS-HTTP_FLOOD
29.71872,5.3143454,63.394154,45835.723,0.005317945,0.18143788,0.29494053,0.25154123,0.47407565,0.012524025,0.04027896,55.110947,15.946031,0.11251089,19.787403,0.69779986,0.013249712,0.0010637986,-0.02798588,0.029848414,-0.049735535,0.04110683,0.945582,-0.010633528,-0.038094707,0.029693412,0.011020265,0.024119087,1.0053579,0.95300007,40577.78,59.85457,2295.2686,533.1699,713.7227,486.66342,0.0027515816,110.71322,626978.3,DOS-HTTP_FLOOD
29.483343,7.5605507,65.39445,5116.6426,-0.028006071,0.2644813,0.31902492,0.11892732,0.55402476,0.06278339,0.079994366,65.95978,33.372272,-0.21394563,19.57042,0.4416858,0.011025357,-0.0422516,0.01474024,0.03806697,-0.07561153,0.016355641,0.8542473,0.083490126,-0.006603934,0.10362947,-0.043754622,-0.10852795,0.96885335,1.0172118,43921.223,58.18837,3294.1682,568.8195,832.8514,599.0775,0.0011046652,106.33008,608535.1,DOS-HTTP_FLOOD
34.07675,5.9889355,65.7511,-2142.227,-0.0009113271,0.23384431,0.14641887,0.24689212,0.82565683,0.046242617,-0.0029851752,89.086586,24.102901,1.9567101,17.951153,0.74546146,0.06479335,-0.014009869,-0.018540503,0.030472577,-0.021616653,0.039166342,1.027827,-0.014603973,0.016466375,-0.022679765,-0.035011012,-0.031171983,0.98610574,0.98983186,73451.14,63.55848,3460.4658,755.2012,928.67816,763.48065,0.0013142031,106.650475,864409.94,DOS-HTTP_FLOOD
24.555096,7.590773,62.030525,-1713.1606,0.106525004,0.11397212,0.18901312,0.039596,0.36653367,0.048964396,0.054132137,56.560013,10.973754,4.671218,18.11811,0.6072238,0.07795724,0.020854816,0.0069729704,-0.018487943,-0.03854193,0.007730475,0.75364715,0.1885785,-0.005473919,0.057607226,-0.0061627524,-0.04583217,1.0356808,0.97215337,55043.57,59.893253,3506.39,573.9428,793.21906,526.7342,0.0015760678,100.093094,579344.4,DOS-HTTP_FLOOD
38.232277,4.7948704,81.33173,3058.2004,-0.10039535,0.22192267,0.12469852,0.2896774,0.9861877,0.0766092,0.021420326,90.45421,21.38683,-0.15467593,5.7246675,0.5825353,0.21665922,0.019951768,0.012383634,0.0151672885,-0.09559724,-0.010577761,1.0959615,-0.07627499,-0.042013597,-0.07751284,-0.00095414463,-0.03517534,0.9896703,0.98988014,72659.37,96.27712,2982.5562,869.9806,878.94916,887.80096,-0.00028359465,104.113335,696246.94,DOS-HTTP_FLOOD
31.823761,5.9943805,70.2418,-1905.7764,0.036215536,0.20562612,0.26697567,0.20206194,0.5824949,0.038759574,0.0015073386,57.367542,21.130125,1.5573341,19.36147,0.6498904,0.045734476,-0.00397068,-0.0122544905,-0.0066484604,-0.022050388,0.016197601,0.99185514,-0.004324838,0.008164697,-0.029283386,-0.00874164,-0.020011283,0.99784815,1.0164938,42787.246,62.93928,2665.4016,380.79034,675.50757,394.46155,0.0007359686,102.94598,489425.44,DOS-HTTP_FLOOD
26.083588,8.33178,69.29572,1603.3713,0.018472735,0.13991542,0.14960638,0.31118134,0.5245898,0.049289577,-0.026881078,62.837387,13.456814,1.9005063,13.090685,0.76964974,-0.02287379,0.024086323,-0.0014353311,-0.013478959,-0.024608748,-0.04021125,0.81190777,0.13273385,-0.023578396,0.003281451,0.008086971,-0.040235005,1.027039,0.99272937,87000.91,57.003002,3597.816,899.9705,998.63776,888.2905,0.0018408069,99.7788,816383.56,DOS-HTTP_FLOOD
22.948837,8.727658,62.013058,53684.453,0.012885679,0.10801052,0.18298012,0.07495985,0.507068,0.023252252,-0.0023436034,66.583305,9.988948,2.3986576,10.176416,0.5287451,-0.0059376745,0.022689337,0.009304759,0.035012987,-0.029754411,-0.020253884,0.7819625,0.17169593,-0.01752665,0.06860578,-0.042859968,-0.07054058,1.0258976,0.97417796,65620.96,57.622433,2302.6885,591.27625,608.4101,605.01404,-0.00013808212,100.27839,445296.8,DOS-HTTP_FLOOD
29.443378,6.38362,53.70685,2335.2932,-0.08013488,0.21404605,-0.098921284,0.3668544,0.5254142,0.02166547,0.03102978,60.050125,18.120945,2.340375,2.5913322,0.62891686,0.10727481,0.04672297,-0.05754028,0.072675005,0.0014878903,0.016451173,0.8296169,0.07228599,-0.04501998,0.07013091,0.012413146,-0.05297651,1.0100343,0.89537984,73244.125,63.59331,2739.6533,721.6635,801.2157,776.7383,0.0008441227,97.777214,645774.0,DOS-HTTP_FLOOD
28.453281,6.095584,69.90576,158.97412,0.06893075,0.13605432,0.18303333,0.15130477,0.5857225,0.03353379,0.031982306,65.975525,11.0698395,3.7167547,16.252235,0.68517035,0.11287262,0.019633172,0.022310656,0.03288642,-0.026355393,-0.018298289,0.9141674,0.036416933,-0.06508828,0.03189552,-0.009057451,-0.031703323,1.005408,0.9738873,68548.81,60.11949,2596.0935,609.26483,699.6594,601.35767,0.0015466517,106.73069,580112.5,DOS-HTTP_FLOOD
28.949556,5.229843,64.24283,-2128.9082,-0.020198852,0.2553613,0.31541753,0.15394254,0.6126312,0.013675117,0.011347696,61.34646,24.685234,0.36391646,17.58798,0.45342448,0.003650667,0.017116256,0.017239045,-0.021530822,0.0041867327,-0.008958703,0.9327508,0.044638142,0.008002109,0.05512297,-0.03094619,-0.024502443,0.98406947,0.97767305,17111.004,61.52907,1090.4714,91.17841,255.65381,110.64975,0.005488744,90.835335,93281.97,DOS-HTTP_FLOOD
32.65246,5.307542,56.0795,807.9751,-0.051768128,0.17867725,0.059560094,0.7207142,0.8367104,0.021140464,-0.01764104,88.48344,15.3408985,2.9652495,9.804966,0.54791844,0.5210032,0.08440428,-0.012513207,0.06575675,-0.021373529,-0.07323672,1.0573661,-0.10313965,-0.029091204,0.050278198,-0.025625156,-0.02684016,0.9755282,0.9221536,97024.03,58.57084,3332.727,985.4491,1023.5007,979.50464,-0.00015306131,107.75592,983373.56,DOS-HTTP_FLOOD
30.664532,8.450104,69.310486,5884.871,-0.0029208884,0.3516669,0.016476871,0.27407977,0.3766828,0.021307228,-0.08541413,41.34188,31.356987,4.1798477,11.806445,0.41130602,0.23432945,0.014078647,0.03194524,-0.024001135,-0.055908523,0.026356073,0.7725119,0.1246424,-0.03846764,0.03490782,0.0070686773,-0.0071389875,0.9825303,0.955957,51869.062,60.999348,2319.485,465.22528,650.6511,493.53955,0.004478353,100.77122,553374.9,DOS-HTTP_FLOOD
26.699799,6.4257164,64.14796,1913.991,-0.032703407,0.10409357,0.36710197,0.08274442,0.47364923,0.08565535,0.06312714,61.921204,10.484797,-0.1963198,19.635742,0.65785336,0.018483097,-0.0013736403,-0.02473307,0.027981088,-0.034023106,0.025359923,0.91846913,0.01628497,-0.019572673,-0.013858972,0.029265925,-0.029545099,1.0369349,0.98524797,66341.13,62.800636,2847.04,982.8315,915.31335,995.9318,0.0011030043,106.189255,804909.94,DOS-HTTP_FLOOD
32.606644,7.2063212,70.28349,2172.1697,0.20446303,0.06756864,0.46547574,0.16487077,0.97679746,0.020033026,0.06938047,104.083786,5.742341,7.9878054,19.08972,0.7573719,-0.06349743,0.013686709,-0.010666753,-0.03389138,0.0034379913,0.08372144,0.99329084,-0.00078197574,0.010022918,0.10308451,-0.031845964,-0.03039641,0.9981908,1.0329521,54108.84,63.58576,3002.1301,640.0739,753.7943,646.6919,0.001189389,108.2811,651875.0,DOS-HTTP_FLOOD
34.93949,4.326454,83.86121,188.61084,0.055780977,0.15390287,0.1023732,0.1691678,0.9123403,0.024490036,0.08553349,89.70441,13.289583,3.7912412,7.3380475,0.6995422,0.09051227,0.056164097,0.00580234,0.092915,-0.025408719,0.027051436,1.0211588,-0.041594945,-0.038758773,0.06915031,-0.040729903,-0.024574984,0.9998011,0.931534,56197.707,60.281303,3209.5708,422.34122,727.23627,405.03104,0.007972036,99.601875,609703.6,DOS-HTTP_FLOOD
33.11994,6.2342167,79.69236,-2047.7886,0.042626712,0.29462653,0.088791445,0.29974148,0.711222,0.12273499,0.052368306,88.05919,36.980415,0.8610991,9.611531,0.5497726,-0.019920671,-0.0774588,-0.010377461,0.0075835963,-0.08228787,0.051475666,0.8314812,0.115690455,0.039563388,0.12416242,-0.087291785,0.008890563,0.9279799,0.9317666,53830.703,58.1956,3877.5967,404.738,839.5453,442.4785,0.012503136,120.359695,649516.5,DOS-HTTP_FLOOD
33.64172,4.563732,94.76935,2077.7405,0.031873357,0.23193061,-0.007252474,0.18842553,0.8681415,0.013042721,0.047323152,80.16094,22.915802,4.363285,4.090745,0.4022971,0.5574751,0.06131842,0.014945611,0.011244625,-0.024888609,-0.0067599816,0.9780686,0.022608312,-0.01925757,0.018663455,0.016788982,-0.030575193,0.99336725,0.95739317,38202.668,59.61572,2584.5225,353.63403,607.06915,373.27344,0.0013518204,98.01266,407508.9,DOS-HTTP_FLOOD
30.316994,7.8013477,65.42778,10860.406,0.021120029,0.23403373,-0.001032555,0.18816306,0.6698902,0.097312644,-0.0798833,81.73292,23.924126,2.3466177,4.905737,0.60570496,-0.0020426374,-0.021211177,-0.031519026,0.060958296,-0.0010567228,0.022863848,0.77960384,0.07231508,-0.0044886465,0.0070632044,0.044440135,0.021728076,1.0589325,1.0315698,81984.266,163.161,2749.6965,788.6306,674.71075,808.11206,0.00030512532,113.652275,598495.3,DOS-HTTP_FLOOD
24.292421,7.6749396,60.598507,3178.441,-0.044463657,0.23638664,-0.07226062,0.2676071,0.34935275,0.05902429,0.026144177,46.286358,19.576656,1.8087852,0.19380616,0.38269517,0.037902433,0.06637703,0.016167747,0.032687172,0.013535891,0.042365886,0.5513959,0.16399541,-0.035588957,0.124268875,0.08854228,-0.0021793041,0.96015507,0.9339823,47622.098,57.551266,1692.1613,272.41406,362.34137,337.13644,0.009834062,97.000824,206056.6,DOS-HTTP_FLOOD
25.365528,7.6300554,75.96207,-320.95508,-0.022662152,0.14859544,0.05797214,0.10151332,0.5204682,0.022502441,0.0100610815,62.867542,12.367165,0.9514913,5.4759836,0.50868964,0.08861201,0.023287676,-0.0049817795,0.032663025,-0.026963817,-0.05796433,0.784845,0.16621569,-0.06975178,-0.026396062,0.065416925,-0.020680774,1.0350581,0.9866104,72077.96,62.659893,2469.1511,704.4362,652.7224,729.8396,0.0028424198,101.87908,483222.1,DOS-HTTP_FLOOD
26.362385,5.8072844,58.800686,554.99243,-0.050160415,0.1385998,0.11338949,0.16201031,0.6173797,0.0219764,0.03179965,67.34691,11.005994,0.7708721,10.339863,0.57866156,0.025206832,-0.00011613127,0.009316326,-0.028393883,-0.025758876,-0.021832967,0.8987657,0.021527955,-0.04295653,0.11768353,0.014168562,-0.018691787,0.9405011,0.9111885,49419.285,58.84534,1889.938,423.32996,583.4429,419.617,0.005087072,98.7822,381301.97,DOS-HTTP_FLOOD
27.306595,6.693341,62.56884,-422.18262,-0.037654053,0.20220073,0.25269684,0.19632876,0.48554736,0.04287708,0.0050077843,51.113277,21.575832,0.06634943,17.681997,0.4574084,0.004157524,0.007805074,-0.03145767,-0.020244198,0.005771448,-0.023625657,0.8769023,0.09614983,-0.048701823,0.0066087814,-0.038173724,-0.029503692,1.0420005,1.0178849,36939.273,66.45248,1518.4062,360.11255,414.9746,336.4578,0.00067878596,92.16661,198692.98,DOS-HTTP_FLOOD
38.212963,6.525017,60.915993,12749.074,0.013490498,0.58965915,-0.13143916,0.17758623,0.5689047,0.017982166,0.009943504,46.005276,37.55679,1.0914944,0.3053327,0.3790808,0.32917997,0.054269988,0.056532986,0.005286513,-0.0091053005,0.037121028,1.0206195,-0.015729634,-0.054212786,-0.014338477,0.0045342743,-0.06048496,0.89121675,0.96561867,37603.93,66.34699,2562.7175,395.85007,575.70544,401.75363,0.00011822145,95.17305,664933.44,DOS-HTTP_FLOOD
33.081104,4.678166,72.02008,-1714.1401,0.0052449573,0.2336062,0.13561258,0.24065693,0.83045757,0.058499355,0.051795725,84.22154,22.293583,0.24158223,6.6995792,0.6243155,0.039586283,0.05014354,0.040308915,0.07409204,-0.029434666,0.019864405,0.9906784,0.0035898013,-0.06416812,0.008127693,-0.00027450267,-0.018271614,0.9604639,0.91459006,45820.613,59.488377,2722.3118,408.89664,696.01013,408.33966,0.006678249,96.3858,529899.3,DOS-HTTP_FLOOD
35.394657,6.2791333,66.95534,3291.1604,0.014436802,0.21859811,-0.02554496,0.101848565,0.7227197,0.071608715,-0.017363584,64.72551,22.366219,1.4582958,0.26508325,0.75862896,0.042821445,0.08180871,0.01414604,0.06911031,-0.034756012,-0.10617255,0.93826497,-0.022714425,-0.058141347,0.014992262,0.018825851,-0.065955676,1.001887,1.0236093,82887.336,74.70715,2884.5652,847.01654,878.69604,924.80237,0.00010309767,106.003555,799184.3,DOS-HTTP_FLOOD
27.874777,8.384848,100.364555,5122.3867,0.044879287,0.23811527,-0.0045177573,0.20034583,0.6449488,-0.04872992,-0.016484935,67.31763,21.252487,5.4361796,5.5751967,0.57714456,0.06879735,0.056982268,-0.031905625,-0.04649669,-0.037437595,-0.028601343,0.81905556,0.10151615,-0.06455853,0.044949245,-0.0813765,-0.09395921,0.97293746,0.99016637,53280.79,53.889336,2756.8762,360.93185,590.67126,356.77963,0.0013163968,102.48833,427341.75,DOS-HTTP_FLOOD
40.86182,4.668876,84.7422,-4870.4155,-0.043341234,0.38946518,-0.074490756,0.48190138,0.7866517,0.017682448,0.040745117,61.185593,34.971313,1.0358686,1.3157322,0.6602878,0.1280696,0.06453078,0.00011247583,0.050686933,-0.02671169,0.0035481574,0.99570215,-0.09055586,0.0055474974,0.007872534,-0.029649068,-0.096598424,0.9557374,1.0047681,57315.02,73.20364,4063.1655,502.92117,907.8152,540.75586,0.007023931,104.61652,718860.5,DOS-HTTP_FLOOD
30.540936,6.788562,60.026714,337.55273,0.07757178,0.21106158,-0.12046512,0.21891423,0.5929333,0.006502836,0.005970772,64.8346,19.294699,10.071516,2.4115865,0.6203935,0.3222323,0.030332468,-0.040678155,0.023638869,-0.027413089,-0.039199997,0.84136146,0.08613654,-0.0652149,0.059058364,0.005585896,0.017785281,1.0191065,0.98634803,63655.797,63.20256,2442.6807,771.2293,766.6641,821.9644,0.0017023204,99.81637,538815.8,DOS-HTTP_FLOOD
33.556328,4.6878605,59.90674,14321.326,-0.043400057,0.5253636,0.05064514,0.15464102,0.8152479,-0.013280717,0.09069201,90.483635,37.228226,-0.07905069,3.861041,0.40195793,0.014260694,0.00037607737,0.0247131,-0.023099659,0.012758876,0.019088544,0.9920615,-0.043848403,0.030612819,0.08381051,-0.06787587,-0.04774487,0.95929223,0.88297296,27121.402,58.122833,1163.1263,301.6407,321.67728,314.32178,0.0006674789,104.865875,205650.0,DOS-HTTP_FLOOD
33.973854,5.9392576,68.45192,-718.70996,-0.043984927,0.1865667,-0.01724778,0.08142988,0.7386205,0.044236258,-0.019992113,65.057816,17.167479,2.5731816,4.921375,0.21149534,0.9094664,0.04325153,-0.035943467,0.053208936,-0.075394146,-0.0136060845,0.9596149,-0.0172078,-0.025803916,-0.02033515,0.009791268,0.023854513,1.0494348,0.9934494,58753.773,71.54503,2666.0095,594.0085,697.2801,604.45605,0.0032671613,95.84654,500430.28,DOS-HTTP_FLOOD
26.724247,9.753946,60.594856,88114.13,0.042850006,0.16320069,0.008445414,0.06200371,0.2961069,0.050068036,-0.09979722,52.71832,19.08674,-0.05504705,4.810465,0.34666336,0.0651549,0.027669325,0.1880558,-0.0105060255,-0.029129222,0.120849594,0.7177588,0.21977259,-0.046215132,0.07635753,0.038645033,-0.07886356,1.0198792,0.9506217,78832.33,62.77222,2223.7861,557.22754,353.7321,553.2758,0.0007317194,107.86549,460808.94,DOS-HTTP_FLOOD
30.126232,6.965955,67.623314,6865.9146,0.00816184,0.1340565,0.09135652,0.115374506,0.75787264,0.03770256,0.031460587,89.22686,12.291943,0.49110484,5.9742928,0.32334417,0.45333487,0.03884211,0.073553324,0.026897656,-0.08029832,-0.003112196,0.87508345,0.093919344,-0.071821235,-0.044119418,0.0024706777,0.020011283,1.0413057,0.9590432,80324.0,60.015636,2280.6682,726.12244,659.2831,707.8801,0.00070209365,112.06711,614332.56,DOS-HTTP_FLOOD
31.797993,4.776554,63.268734,-5957.5464,-0.039814875,0.23227766,0.405623,0.15403359,0.7102265,0.009507125,0.06808111,71.059784,20.485342,0.9087907,19.67209,0.5883063,0.021181004,0.014419517,0.01532114,-0.033360586,-0.03496775,-0.047342286,1.0999836,-0.06485941,-0.020832319,0.050169796,-0.0869295,-0.039064106,1.0060765,0.9963567,37104.76,62.68018,1909.6592,329.7367,578.4659,358.67838,0.0010615867,102.95717,409411.3,DOS-HTTP_FLOOD
32.65674,6.5787663,93.937805,13891.387,-0.010839802,0.50689405,0.04518706,0.07512485,0.52193725,-0.030120328,0.016249662,55.46242,37.15938,2.1824632,3.5311663,0.5276523,-0.09172592,0.011850422,0.043305337,0.028369628,-0.022368137,0.041457646,0.9418242,0.06631306,0.015369995,0.064319134,-0.052340016,-0.099764384,1.0282599,0.9764278,39217.53,60.64408,2188.0557,415.3248,539.83716,425.88583,0.00036280387,95.94826,441882.66,DOS-HTTP_FLOOD
27.429321,8.058737,63.88868,-4597.941,0.015842967,0.17476952,0.18360801,0.0933919,0.44718584,0.01299165,0.00393362,54.894608,17.758219,2.7213013,15.88552,0.70676154,-0.015179035,0.065955944,0.0049756,0.08994191,-0.06853081,0.0015733251,0.77089083,0.13386601,0.0016387925,0.09694457,-0.028185526,-0.079275325,1.0612111,0.99825656,79406.14,70.894775,4312.8594,749.8381,1048.641,703.0056,0.002153286,101.6788,899089.9,DOS-HTTP_FLOOD
26.771397,7.6956,76.456024,5580.092,0.040021233,0.2460045,0.11695939,0.08320706,0.5221187,0.02760387,-0.053940285,75.02211,26.528418,1.7099433,5.809616,0.59293026,-0.1785115,0.051657394,0.046356313,0.0020010304,-0.07074671,-0.005655447,0.75544167,0.19999026,-0.008563382,0.017899089,0.042956118,-0.037472166,0.9591592,0.9259149,45392.926,56.93135,2578.3088,391.8673,621.9858,448.47256,0.008704158,101.88768,432949.12,DOS-HTTP_FLOOD
32.80296,5.814878,66.52513,-422.09473,0.0009814929,0.25541112,0.25892508,0.15046768,0.9899283,0.06470912,0.08131064,106.389854,23.994068,1.2133263,10.217001,0.5645096,0.046831638,-0.008314465,0.016283397,0.0385295,-0.043386884,0.010320008,1.0324455,-0.008573575,-0.041577905,0.04262319,-0.05561483,-0.042890973,0.9596212,0.9287993,38436.742,57.247555,2389.033,305.7907,579.5444,334.2585,0.0026574165,106.47058,440282.03,DOS-HTTP_FLOOD
31.164616,5.303514,65.92168,8593.457,-0.00026268885,0.2752311,0.15588036,0.02584045,0.53410393,0.0021908171,-0.024086162,53.630615,23.113325,1.4794428,14.517729,0.19467466,0.551125,-0.020531153,0.04910049,-0.034005098,-0.06681693,9.6792355e-05,0.886093,-0.064150594,-0.03817359,0.0658826,0.03951127,0.0030475948,0.96403784,1.0158012,39231.2,60.682377,1211.0945,163.30649,228.43994,218.02904,0.0008141825,99.877754,139319.25,DOS-HTTP_FLOOD
32.843906,6.1749997,61.703766,4011.6616,-0.020980418,0.25361907,0.10825643,0.09619046,0.5959747,0.01778122,-0.03175773,59.544853,25.325245,1.9671214,11.250062,0.54212564,0.28853163,0.06474377,0.058757864,0.05816047,-0.07946818,-0.044023726,0.91499054,-0.021569718,-0.04417987,0.07127345,-0.0059047015,-0.018279716,0.9628262,0.9371975,68110.34,62.164368,2604.5215,527.64734,724.95013,527.89905,0.00020523943,106.3955,757701.7,DOS-HTTP_FLOOD
25.60895,8.063929,69.71468,48.38867,0.045715213,0.13384436,0.12972625,0.11931504,0.61154085,0.017139673,0.025586203,70.9906,13.071281,5.875353,9.85664,0.40818796,0.20213199,0.03333517,0.013814135,-0.04489749,-0.029046513,-0.013875432,0.7684119,0.19586857,-0.038521446,0.034212142,0.01027428,-0.023210468,1.0170599,0.9564343,42671.055,61.0188,1465.4564,329.6778,386.28275,333.4843,0.0012448919,99.59264,193934.12,DOS-HTTP_FLOOD
26.814484,8.658548,89.86417,1498.2812,0.052516587,0.20225225,0.16074412,0.041024473,0.5208541,0.02157187,0.040188983,63.04076,21.271927,5.394774,15.322213,0.47222283,0.09474728,0.045584947,0.012973091,0.011481395,-0.080310404,-0.041183237,0.84480983,0.1656463,-0.037222184,0.04187175,0.0046059024,-0.051566068,1.0308726,0.96881247,44372.156,59.712822,1911.4177,524.9224,526.57306,507.67963,0.0010535776,96.7849,300988.28,DOS-HTTP_FLOOD
30.595154,7.711757,84.13923,1944.7075,-0.07268808,0.18002787,0.066512085,0.24098368,0.6713891,0.015051279,-0.034197573,67.97963,16.15936,1.1936374,7.5188994,0.45393544,0.2509093,0.07885887,0.006146189,0.04329972,-0.039936494,-0.038983747,0.90719515,0.0074701603,-0.018119691,0.032075956,0.0026545534,-0.017741531,0.9851367,1.0500299,95955.78,160.31522,3618.4126,1061.1517,921.78046,1111.7185,0.0002694212,105.65834,1.0386263e+06,DOS-HTTP_FLOOD
30.340765,6.33233,61.472847,20978.873,0.080676116,0.7356284,0.25638765,0.023265216,0.38139078,0.045310106,0.025867842,47.724342,39.4862,0.9656813,15.52081,0.013138672,0.0043208147,-0.01579106,0.013890634,0.006975271,0.011901445,0.016110606,0.96423274,0.026655741,0.044030763,0.025250345,-0.041565638,0.0061366614,0.95808417,0.9631517,7001.448,60.27244,-540.00793,51.18331,-137.40314,60.251247,0.00040175015,97.56723,-55037.598,DOS-HTTP_FLOOD
43.576866,6.803992,65.52266,10297.855,0.010859975,0.35900462,-0.06536589,0.06605841,1.0601935,0.053709082,0.0962213,93.15993,35.69897,9.170784,4.0895743,0.7581165,0.17544115,-0.037262503,-0.003608903,-0.110065624,0.0795051,0.08609139,0.99126184,-0.1268461,0.02840392,-0.048803803,0.04342131,-0.06226476,0.9102296,0.97179323,51425.42,67.58649,2558.695,603.43933,795.11,568.1648,0.00028164234,112.32311,727777.56,DOS-HTTP_FLOOD
39.289574,4.859376,67.460365,3214.8208,0.033846535,0.20509262,0.15945183,0.18460275,0.91262096,0.08517914,0.045019794,83.775604,18.903133,5.8064384,10.799407,0.91643655,-0.033651415,0.02978027,0.007028468,0.031840574,-0.037019398,0.0019119587,1.0760064,-0.10716697,-0.017105464,0.011751097,0.09493857,-0.0008505769,1.012015,0.99448943,83169.88,97.03917,2845.6768,890.29266,869.10364,928.47327,0.00050132576,107.653145,697266.7,DOS-HTTP_FLOOD
29.149525,4.9263983,57.990612,-990.4204,-0.048383057,0.21778288,0.10707449,0.17559455,0.70980996,0.07425762,0.07068972,80.29472,22.612331,-0.41528475,3.8344383,0.78670573,-0.21149354,0.01850427,0.033055183,0.0021967804,-0.06706178,-0.0861969,0.95291173,0.051134557,-0.015537367,0.06269778,-0.019054746,-0.08606146,0.98523074,0.9441789,66031.39,60.91645,2745.9968,831.8691,773.89246,850.2117,0.0007416412,96.8763,529325.0,DOS-HTTP_FLOOD
28.457973,6.865569,66.52391,15697.045,0.049392924,0.11613088,0.2132439,0.10179795,0.70861125,-0.00904506,0.03478741,80.17642,9.527508,2.884257,15.925127,0.5493073,0.048681036,0.043838266,0.0015436858,-0.014355585,-0.024851289,-0.015149413,0.89621294,0.030365175,-0.026278123,0.029158622,-0.017663926,-0.024562309,0.98839176,0.9555236,54811.625,59.157047,2117.2246,538.4067,566.5235,486.22012,0.0010854999,105.7208,416187.56,DOS-HTTP_FLOOD
31.71395,6.406796,65.997696,5990.498,-0.002438454,0.22082464,0.36956397,0.08838131,0.71849114,0.046753228,0.042169347,78.16647,24.483967,2.0408063,19.30124,0.3116058,0.27507737,-0.017084973,0.03771887,-0.03353409,-0.12918593,-0.06028904,0.94989866,-0.005641176,-0.021898512,-0.03348531,0.0047449674,-0.025352895,0.9736331,0.99586576,44114.625,65.42156,1515.1112,382.64355,429.32635,366.4908,-0.00036233768,115.09291,276926.62,DOS-HTTP_FLOOD
26.834145,6.418744,70.584305,3723.3025,-0.010711634,0.1123471,-0.032878056,0.17365398,0.73963875,0.10824375,-0.05053975,82.23728,7.203437,1.9593883,4.2437286,0.35825855,0.51423115,-0.016896792,0.020683408,-0.089652956,-0.08920529,0.04213281,0.8819256,0.07759707,-0.043567378,-0.122739606,0.09201843,-0.052520093,0.98452216,1.0652354,121617.93,62.201572,4502.6597,1698.2808,1244.6093,1658.3333,0.00047698175,103.44794,1.5748882e+06,DOS-HTTP_FLOOD
27.857252,7.987547,89.02162,11024.546,0.06194338,0.28906453,-0.037532605,0.24487059,0.5856385,0.01720626,0.05473197,65.36233,27.302708,9.412194,3.6391764,0.55035686,0.14965348,0.029960636,-0.0005439529,-0.040664144,0.0024156133,0.01807189,0.8536501,0.11739417,0.018287502,0.05702037,-0.021898769,-0.099587426,0.9682132,0.9505649,39239.395,55.490494,1551.6205,368.12122,403.3617,410.95694,0.0009950926,92.43799,219257.66,DOS-HTTP_FLOOD
34.264725,5.145057,70.18613,5994.4937,0.017220667,0.22960988,0.1509314,0.11405577,0.7500769,0.019371958,0.002650863,70.36329,20.97565,0.9616861,10.185732,0.60569406,0.16920854,-0.016908024,0.069113694,-0.006281296,-0.007937866,-0.038279083,1.0310303,-0.042422164,-0.048264757,-0.014770541,0.03126387,-0.00066661276,0.9761499,0.98586607,64454.473,61.14406,2246.448,577.1023,686.7691,582.67365,0.0005660875,99.694885,628699.6,DOS-HTTP_FLOOD
27.8885,7.6987295,106.9713,1192.4739,-0.026356813,0.33323953,0.040959757,0.18347803,0.5440678,-0.012526162,0.07086144,57.53887,29.670599,4.222575,4.296284,0.41906595,0.14139992,0.051159408,-0.019934189,0.013775464,-0.046632662,-0.10988109,0.82060975,0.08469333,-0.015009958,0.06326998,0.015179325,-0.08067445,0.9880263,0.99776614,47474.582,55.71444,1393.8971,303.37677,297.5082,367.0821,0.0014055483,96.43257,177575.31,DOS-HTTP_FLOOD
38.89289,7.4842424,65.94611,12295.487,-0.0019744132,0.35773903,0.116458826,0.10938193,0.77985454,0.005019452,-0.051324066,79.780716,31.765947,-0.09747058,7.1048517,0.617708,0.023909647,-0.017829668,0.068638176,0.024158984,-0.051312726,0.05971912,0.98837674,0.020610416,-0.0041550817,-0.05780252,-0.061988194,-0.01017942,0.9938905,0.9555993,58661.652,63.174572,2898.5762,475.0283,714.78796,502.819,-0.00019335291,107.24332,680640.56,DOS-HTTP_FLOOD
32.091614,5.9150834,65.63431,694.50195,-0.015878227,0.17092718,0.16376534,0.16496877,0.73136854,0.013578234,0.034558598,81.36575,16.791813,0.7876493,16.069017,0.6396777,0.036799733,0.04754586,0.0116088,0.034048736,-0.008445524,0.015519039,0.9523319,0.03887327,-0.010532253,0.053776484,-0.012392606,-0.007717702,0.9812706,0.936738,52160.64,60.72896,2727.8423,475.21762,739.91895,483.30643,0.0029140972,105.68675,565158.3,DOS-HTTP_FLOOD
24.529999,9.4534,85.90214,4668.3647,0.106173605,0.2164254,0.07244606,0.11741574,0.4112032,-0.015907405,0.03803026,57.49413,20.371922,10.481001,7.288409,0.57749695,-0.027338726,0.044203434,-0.015888961,-0.04915629,-0.02928937,0.018442981,0.7085575,0.25306886,-0.036589727,0.035029262,-0.012373816,-0.07438722,1.0135825,0.96682775,39335.137,57.400642,1360.1984,394.51324,340.19714,349.66776,0.0018827639,91.65158,160454.81,DOS-HTTP_FLOOD
27.958809,6.5699453,65.27605,3148.4253,-0.048803646,0.22828439,-0.05064441,0.20431745,0.57332987,0.009803552,-0.024983661,59.9099,22.703327,2.2524457,2.778034,0.68363124,0.036267694,-0.033820353,-0.010085529,0.07141504,-0.023790115,0.016642168,0.8462789,0.10188488,-0.021037575,-0.027436577,0.0079550585,-0.1053727,1.0180559,1.008447,82889.89,77.387886,3377.423,934.3394,859.79706,966.7654,0.00092249596,100.843704,865666.56,DOS-HTTP_FLOOD
30.7159,5.532918,79.48791,17806.797,-0.03796964,0.21792927,0.4093884,0.111850515,0.6675564,0.0035826983,0.039674364,67.00429,29.981018,-0.14144072,19.444647,0.22656919,0.057640027,0.009770062,0.06447307,0.054140653,-0.087019324,-0.06127928,0.91441435,0.03087047,0.011011344,0.031097794,-0.011082095,-0.050478723,1.0077498,1.0231233,25969.666,59.549587,2013.244,436.92474,532.879,383.17664,-0.000295353,95.032425,311186.8,DOS-HTTP_FLOOD
28.419184,5.449881,58.838028,3063.814,-0.03509325,0.11237146,0.15626921,0.21390207,0.6379645,0.05186645,-0.013942398,60.844627,9.433469,1.8595673,14.575674,0.58616036,0.26358068,-0.0034320913,0.009169517,-0.01756765,-0.023834977,-0.007649408,0.9465622,-0.00662587,-0.032397516,0.061118506,-0.024016658,-0.019773163,0.9993397,0.9438941,66956.39,60.39784,2086.7793,631.93726,663.8213,638.0885,0.00032310875,96.019264,550471.8,DOS-HTTP_FLOOD
28.673826,6.563099,64.408585,-1332.7617,-0.014578652,0.16930956,0.31379607,0.13057213,0.5457169,0.054280408,-0.00021112384,57.309948,16.991648,1.5206969,19.128574,0.4589671,0.09768056,0.022210196,-0.012626968,0.047730394,-0.019091673,-0.049766533,0.89171743,0.008976051,-0.013462143,-0.015713522,-0.034592066,-0.007426943,1.0188159,0.994733,25565.707,62.248833,920.88855,129.84015,258.01437,133.94695,0.0012279114,100.72205,97869.3,DOS-HTTP_FLOOD
31.799706,4.2782345,60.939068,1831.874,0.020346383,0.1365972,-0.070862666,0.2445703,0.7776696,0.043953437,0.052738033,86.241554,12.467775,1.2669168,0.72182363,0.75882435,0.025138859,0.0565335,0.024346141,0.05951772,0.009431531,0.0076638856,0.9232121,0.022204777,-0.019945933,0.06689798,-0.01047512,-0.045876563,0.9821153,0.9244279,68438.7,59.190346,3514.665,568.0158,791.70624,590.261,0.00423145,103.619446,701798.3,DOS-HTTP_FLOOD
30.709019,6.707412,74.09018,2577.8665,0.028478146,0.15766965,-0.07332542,0.58155364,0.8953945,0.04452957,0.05032966,90.92208,14.856379,2.9727077,0.25163418,0.43368816,0.2837352,0.042384308,0.025520429,0.0119744465,-0.027666744,-0.002248371,0.9479003,0.08546678,-0.050940733,0.016056389,-0.0108782705,-0.07615263,0.97058314,0.9572802,63291.13,57.22709,2210.2856,547.6524,602.8547,564.67914,0.000874082,99.966446,429110.5,DOS-HTTP_FLOOD
32.430763,6.014641,80.55699,-6954.7905,-0.009638275,0.40363464,0.11335449,0.11962507,0.689255,0.023363817,0.049234472,69.924965,34.33309,1.4222418,5.1785746,0.43687046,0.18959488,0.0596385,-0.011462508,0.037515216,-0.004055528,-0.057721805,0.960782,0.018013204,-0.07237955,0.028349422,-0.030473525,-0.066928625,0.9508008,0.9799043,39046.04,59.883995,2042.5764,311.66223,510.74536,334.00427,0.0020121166,99.872086,352368.75,DOS-HTTP_FLOOD
31.576832,4.615922,68.21327,790.6094,0.0005755015,0.12023131,0.26623613,0.16535777,0.86204785,0.012254781,0.013136307,76.35633,10.803286,1.2089984,12.250069,0.74316555,-0.003145234,0.015985915,0.0018416066,-0.020939082,0.01197867,-0.050339237,1.0427022,-0.09167942,-0.02940546,0.008188422,-0.020601412,-0.014940163,0.9969442,1.0083944,62238.62,62.045483,2406.882,597.0611,737.2756,594.5207,0.000862088,96.02466,513089.6,DOS-HTTP_FLOOD
28.471277,6.9091907,68.48939,-4247.156,0.08280657,0.27723813,0.37599254,0.10348427,0.40741065,0.04423762,0.028932298,42.132263,28.956089,2.248111,19.069603,0.29208082,0.10069922,-0.010683633,0.069482185,0.043331504,-0.026426096,-0.05986183,0.87106466,0.08447848,-0.014995744,0.08682795,-0.025221132,-0.055240877,0.98366845,0.95096594,9044.88,59.939137,651.067,-18.003578,127.7775,14.0690155,0.004523583,94.2945,21538.129,DOS-HTTP_FLOOD
29.4819,6.392713,69.51246,12048.605,0.120036416,0.12806638,0.18792449,0.44093332,0.6815357,0.04802326,0.0443646,80.179245,11.02071,9.244835,16.723822,0.65950525,0.13665333,0.030729838,-0.011240839,-0.02459252,-0.022458043,-0.028448854,0.9077913,0.013933035,0.011026283,0.07614357,0.04557092,0.029083991,1.0033692,0.9695386,75667.09,61.53048,2674.6458,734.0359,740.8081,746.29297,0.0005889112,114.07716,564397.9,DOS-HTTP_FLOOD
27.672556,9.463924,69.09553,8810.869,-0.12183007,0.20164719,0.10268678,0.24308167,0.5654547,0.051576637,-0.08903861,67.90271,18.228508,0.15058921,9.257229,0.35019907,0.26881647,-0.015753202,-0.009772958,-0.008476124,-0.04302463,-0.063821755,0.76963603,0.09532402,-0.100008726,-0.0029228127,0.07898481,0.051705096,1.0483118,1.0383004,90161.02,164.99986,2733.6592,1082.084,775.377,1131.17,-0.00015222545,109.94958,721600.1,DOS-HTTP_FLOOD
26.024021,7.213494,66.19936,4870.0093,-0.01570163,0.20736809,0.12985945,0.37060857,0.5755363,0.03759125,0.028199568,54.973125,17.28078,0.3992077,8.895089,0.4197365,0.037404414,-0.0086896345,0.040450092,-0.0408742,-0.0032920134,0.01792362,0.8534961,0.08268506,-0.034134354,-0.000512501,-0.010475348,-0.042668737,1.0049685,0.988172,43073.766,58.79522,1252.2322,334.618,332.54565,341.60004,0.00070316764,90.4252,191235.28,DOS-HTTP_FLOOD
28.046173,7.148527,63.977947,4411.8975,0.021524439,0.18060935,0.010479264,0.16424835,0.5242907,-0.012123893,0.0018058135,57.205837,16.395664,3.447588,4.9361434,0.7586693,-0.022184625,0.04923322,0.052806284,0.037868217,0.021446524,0.031551212,0.83796436,0.0884612,-0.050997864,0.022290908,-0.014871376,-0.06984408,1.0068717,0.9300656,62630.016,58.493164,2900.099,531.07166,745.6095,553.15533,0.00094542577,96.48162,726616.56,DOS-HTTP_FLOOD
21.291756,8.8438225,52.01308,27470.547,0.005877726,0.23804472,-0.07791028,0.12682678,0.45594805,0.07638351,0.08495499,82.75415,25.409607,1.743509,0.6127846,0.6622767,-0.118580356,-0.010910741,-0.014151588,-0.018460134,-0.012504667,-0.083085254,0.6168673,0.18400712,-0.010052412,0.14923999,0.05207324,-0.10806612,0.9818169,0.9548361,52240.645,54.630424,2329.2512,468.39246,529.9685,548.8667,0.0008293738,109.29069,324010.06,DOS-HTTP_FLOOD
27.877342,7.6255217,75.42677,2291.0,0.00550461,0.22540729,0.17149958,0.14961861,0.39472926,-0.0016683398,-0.013391158,52.02178,23.298012,1.0776297,18.68692,0.47574192,0.035935517,0.026206302,0.024811279,0.015517856,-0.063448116,-0.00350954,0.78173834,0.05924655,-0.008372872,0.06581696,0.051761553,0.041556895,0.97074735,0.9468884,32367.113,60.249695,1298.6661,210.23932,369.23248,209.96915,0.008806241,107.48053,191559.52,DOS-HTTP_FLOOD
29.060379,6.1727805,73.031555,-6295.604,0.01999255,0.14329997,-0.037737295,0.30100882,0.598237,0.0077148015,0.031575084,74.37144,12.254733,4.1163497,2.558,0.8108624,-0.06719652,0.08880344,0.043963805,-0.01457189,-0.06171407,0.010800314,0.7924763,0.028303925,-0.016449407,0.14290008,0.06601159,-0.0285115,0.9715804,0.9261443,65508.21,58.575226,2650.4392,464.55283,684.1052,548.6937,0.012075944,110.53531,600680.06,DOS-HTTP_FLOOD
27.180792,6.010728,69.44917,-413.8203,0.055422753,0.09758016,0.7005364,0.05246801,0.8564997,-0.0030152784,0.021071125,79.48328,7.710968,0.80061907,19.34128,0.19252168,0.037390865,0.026852474,0.019999854,-0.023938183,-0.021682516,-0.06594374,1.0413332,0.005269847,0.009197713,-0.018212125,-0.0516295,-0.050532877,0.9929957,1.0394454,15319.818,60.73127,363.42175,25.68126,109.12352,43.230186,-7.195033e-05,94.131294,40188.03,DOS-HTTP_FLOOD
30.909504,5.047574,87.79059,-4681.186,0.021524742,0.20490794,0.16583724,0.059789598,0.72373575,0.018681752,0.025706468,69.87986,19.94574,5.4170666,16.087633,0.45197192,0.41519746,0.06643918,-0.0037211645,-0.013789402,-0.04911775,-0.033443816,1.0036469,0.04986339,0.017707445,-0.008863308,-0.0038120057,-0.0034592673,1.0192796,1.0206587,47237.46,62.557335,3436.3958,460.1876,730.35144,459.07465,0.0014003663,101.0813,460781.72,DOS-HTTP_FLOOD
31.188395,5.3487673,84.8415,865.48975,0.008545685,0.1484257,0.07532566,0.45827442,0.79031414,0.026709521,0.0005626213,73.35587,13.232531,1.2041385,5.6550274,0.7082841,0.022190465,0.04815686,0.030503016,0.025076503,-0.010394534,-0.03512802,0.9753653,0.029493244,-0.05412262,-0.03301624,0.025590327,-0.045416135,1.0116714,0.99334407,76848.47,61.79057,3107.479,852.8326,869.1234,836.52515,0.00089228374,92.57297,698418.25,DOS-HTTP_FLOOD
27.39832,6.018558,60.987137,5602.527,-0.037615582,0.11959898,0.031700104,0.23079805,0.5751759,0.059057694,-0.031791132,63.660397,10.781727,2.3543365,9.195524,0.74883693,-0.006278537,0.024391858,0.0022822432,0.086518414,-0.013907766,0.02193717,0.89232844,0.03587648,-0.0745462,-0.031120501,0.04960034,-0.020268943,1.0270516,0.9495308,92663.97,84.910355,2187.495,1165.7343,690.80347,1132.4503,0.00020719868,98.35943,638923.8,DOS-HTTP_FLOOD
29.512798,5.930255,86.149506,3011.85,-0.045254692,0.18679382,-0.04166514,0.25275496,0.6984326,0.02357718,0.04444482,74.82759,16.776453,1.3593209,0.30712172,0.5129887,0.26656577,0.057984818,0.0041712634,0.08639425,0.009922496,-0.0023258757,0.8675993,0.07282991,-0.0031630439,-0.00903764,0.0417986,-0.08209409,1.0029798,0.9866656,80718.76,60.52822,2936.2,840.9338,745.1169,868.1092,0.002608252,103.39883,631836.7,DOS-HTTP_FLOOD
30.187565,4.1149597,57.81716,-2701.1753,-0.030074824,0.18096422,0.04387396,0.17389022,0.7216316,0.029446892,0.0078067738,63.46024,16.222748,2.9019597,6.4436445,0.5799435,0.4250659,0.057503805,-0.0062911958,0.03666821,-0.008694617,-0.04270386,0.9843794,-0.0408354,-0.05243738,0.057467476,-0.009321784,-0.029678762,0.97513837,0.9449765,60010.24,61.252544,2561.2969,636.90436,739.48254,647.35126,0.0010689247,94.608894,496314.34,DOS-HTTP_FLOOD
27.843195,7.7704535,67.95518,3337.9683,-0.060232434,0.16987471,0.11897706,0.025428979,0.6832968,0.061715253,-0.013991389,80.64255,16.395914,-0.08172523,14.55027,0.43358284,0.030232519,0.026487393,0.01596838,0.05096182,-0.033640392,0.01903761,0.87335306,0.060635176,0.009810204,-0.10695602,0.034777954,0.047087092,1.0509784,1.008829,66031.0,84.98985,1990.1289,865.07355,631.9612,830.6961,2.4004272e-05,104.74119,424026.4,DOS-HTTP_FLOOD
35.967926,4.974062,91.57837,1640.9177,0.002887575,0.33370402,-0.09429571,0.25569808,0.6911052,0.0063296854,0.010132053,57.270645,26.200008,4.4716797,0.2682278,0.56053734,0.09519209,0.046221707,0.013052246,0.043558322,-0.019578848,0.04094928,0.9586134,-0.007964457,-0.019893393,0.024498625,0.043288708,-0.05894451,1.0030485,0.9885937,28813.236,76.15326,886.39825,171.71236,161.7987,231.10983,0.001152273,93.48803,51333.098,DOS-HTTP_FLOOD
34.76514,5.9097586,84.82254,5143.552,-0.0016448833,0.31190178,0.08180435,0.085343964,0.7442677,0.009847953,-0.0072376784,77.697395,29.141296,0.47639924,5.482213,0.3209156,0.26808926,0.014084613,0.059669953,-0.0009240629,0.013531249,0.00077929813,0.9243449,-0.03267743,-0.03728122,0.030060159,0.019635895,-0.04228215,0.96831566,0.98685586,39744.32,63.2124,1611.0818,295.345,411.70547,360.83105,0.0035930073,108.38253,291657.78,DOS-HTTP_FLOOD
23.62136,8.23507,62.928436,9155.086,0.007379688,0.15710323,0.24222998,0.1696345,0.39346686,0.031090543,0.046620212,51.60423,17.293102,0.85006386,17.411922,0.684804,-0.06912465,0.0054697786,-0.010887365,-0.012174043,-0.01974889,-0.027527586,0.7874075,0.13671345,-0.007814917,0.031119648,-0.0019079586,-0.07798526,1.0215234,0.98275864,51601.844,57.08465,2120.1382,568.55206,643.2386,606.6864,0.0012178178,91.15552,415455.72,DOS-HTTP_FLOOD
28.440926,8.812246,63.20137,12881.029,-0.12423109,0.13850214,-0.122749776,0.07918488,0.50355566,-0.0184861,-0.12423815,68.275215,12.498807,1.1853025,2.7273946,0.35369682,0.43024093,0.05926109,0.06267233,0.07104335,-0.047260705,-0.080513015,0.74066246,0.06987589,-0.10044619,0.03786229,0.049638245,0.02164109,1.0531801,1.0283428,89146.984,169.801,1885.7406,967.0124,454.36392,1039.8003,0.0002900823,111.6235,404551.8,DOS-HTTP_FLOOD
28.881376,6.4081383,58.19587,11590.76,-0.054609984,0.25356966,0.14201082,0.29542896,0.62242305,0.06967969,0.03782169,68.79378,23.393291,-0.16500267,15.102842,0.4704975,0.10770171,-0.021464337,-0.0035947328,-0.009488216,-0.064568624,0.0050078984,0.91917735,0.03299978,-0.042318948,0.073529094,-0.032137852,-0.018372327,0.9885676,0.9429685,45385.746,60.24436,1933.4829,566.18427,599.7164,557.04755,-0.00017548927,95.8042,366942.72,DOS-HTTP_FLOOD
28.536133,5.7598615,64.28216,236.27246,0.020634344,0.22236311,-0.02586829,0.17497657,0.67633104,0.056090243,0.061352175,74.524445,23.030806,1.9835782,0.5117551,0.6219028,0.054869898,0.025976252,0.043107644,0.013564371,-0.022361599,0.029355932,0.8212406,0.09757117,-0.045350917,-0.005184808,0.018326916,-0.06518243,0.98965657,0.92915845,50952.016,60.485493,2369.8147,502.7729,627.8401,551.3815,0.0035169306,100.23768,441427.12,DOS-HTTP_FLOOD
26.153341,7.0922875,65.912735,-680.6924,-0.030297093,0.13508035,0.38712022,0.13744938,0.53501916,0.037144262,0.023975687,50.603737,11.519583,0.107023455,18.878332,0.5180287,0.03009865,0.026758185,-0.036299706,-0.04878497,-0.03540705,-0.01522086,0.94895947,-0.0047652116,-0.037865408,0.014366427,-0.03271898,-0.03698671,1.0191175,1.0058736,36408.11,60.30476,1638.8403,322.44165,489.07465,342.1507,0.001486737,98.770775,306210.3,DOS-HTTP_FLOOD
36.01367,6.2194815,63.3668,6270.588,-0.05989695,0.26433584,0.22420728,0.1717084,0.66360056,0.08160577,0.009377768,66.47772,26.103798,0.77591306,18.799067,0.66821164,0.0311925,0.025939235,0.040840916,0.0065788114,-0.082423404,0.09030435,0.9866272,-0.056438427,-0.017861735,0.02466989,0.012228013,-0.017913185,0.97605336,0.9603077,62495.125,79.86325,3344.0427,632.86096,901.521,640.94696,4.756436e-05,108.84128,816759.0,DOS-HTTP_FLOOD
33.55564,5.501081,71.596,6555.6245,-0.0203113,0.23752852,0.030049877,0.24342258,0.7766291,0.038350537,-0.018087,81.81599,24.80682,1.8340018,7.301285,0.75674266,-0.0027548766,0.0007331325,0.012893276,0.034107678,0.00092631206,0.038701754,0.9806741,0.03159754,0.02000232,-0.04489164,0.046541274,-0.030226648,0.98899215,0.9609657,82509.81,64.87276,2749.891,875.7526,791.9323,852.1734,0.00048401055,103.841736,747197.3,DOS-HTTP_FLOOD
25.90451,7.2055693,73.0498,15740.186,0.10178284,0.17079306,0.32654178,0.21492653,0.4318739,0.027800528,0.008500821,54.59292,15.879305,5.523717,19.621012,0.46506178,0.2032824,0.022122547,0.009306235,0.020855822,-0.055072494,-0.030502334,0.8419587,0.12828852,0.01735773,0.043892864,-0.06232769,-0.08616186,0.9886649,1.020734,27711.072,56.68203,2140.6301,206.44943,486.07443,230.27768,0.0021796648,104.322876,264884.53,DOS-HTTP_FLOOD
31.703568,4.90867,63.32796,8796.77,0.027553208,0.098022245,0.2277371,0.24406599,0.74509597,0.03466535,0.0058957445,74.88403,7.689412,1.937148,14.100029,0.81385696,-0.0011237803,0.028683767,0.026965609,0.02635545,-0.037999958,-0.013727771,1.013767,-0.04646926,-0.0498157,0.030405065,-0.030647036,-0.013001662,0.9986854,0.9379983,69300.375,61.15311,2321.5674,615.6351,725.83014,609.43256,-1.5289479e-05,99.98293,641602.75,DOS-HTTP_FLOOD
24.606117,8.199304,67.81613,-2563.7656,-0.0046842266,0.17082286,0.20422487,0.1184692,0.43346834,0.0540719,-0.0057857693,53.40425,16.056438,4.2749763,17.07121,0.42431888,0.124912836,0.0354096,-0.04141751,0.02443379,-0.04321251,0.0018679537,0.7598195,0.19354393,-0.023047628,0.05257833,-0.0027643982,0.0012299884,1.0320966,0.9710366,24190.992,65.30708,1390.6027,140.85394,243.00327,104.261375,0.0062189708,94.39577,74378.96,DOS-HTTP_FLOOD
29.234432,6.0329943,58.370895,4351.263,-0.02714594,0.32876942,0.10497172,0.09348863,0.36402828,0.029099848,-0.017621078,34.36853,27.062653,0.35815355,6.174335,0.46763644,0.025563926,0.04131958,0.07196977,0.07516249,0.00637454,0.032162707,0.82529193,0.032248214,-0.05821661,0.050554857,0.03162323,-0.023279998,0.9976508,0.94772243,58892.547,63.07144,2142.3599,593.256,662.90576,602.2577,0.0014229291,93.57015,754153.1,DOS-HTTP_FLOOD
34.297222,7.9416347,86.77081,3366.0767,-0.059014928,0.41348973,0.20590788,0.11291955,0.60364693,0.0038473639,-0.10016814,65.12464,36.942352,0.2705286,12.160054,0.40762663,0.0689182,0.025478091,0.06858519,0.04443605,-0.128476,-0.025918735,0.93332344,0.09297205,0.01974317,0.015702162,-0.11599472,-0.053482033,0.9782153,0.99443567,62683.938,60.963387,3678.0522,607.3974,860.6191,598.4465,0.00043220274,105.99749,795695.5,DOS-HTTP_FLOOD
30.672207,6.719168,69.83649,7393.0146,0.13023084,0.20116833,-0.042665284,0.34913093,0.5329768,-0.019555504,-0.055699795,70.87069,19.157877,8.728591,17.242878,0.7921758,0.017185643,0.03690412,0.024993597,0.046035126,-0.07069011,-0.02230241,0.88514906,0.034801014,-0.0008119829,0.110900395,-0.029327571,0.09046842,0.9665664,0.93018496,59044.957,60.617287,2797.1401,581.2211,749.5812,569.4144,0.017457755,108.93934,651956.2,DOS-HTTP_FLOOD
30.192436,6.0977836,62.429848,740.5918,0.036909096,0.21713574,0.12530828,0.040907487,0.66502327,0.028459184,0.07968891,68.14492,20.830635,4.2118487,13.223481,0.46361065,0.41655603,0.0642911,0.018459722,0.012859527,-0.10538873,-0.07151631,0.9188614,-0.041973796,-0.038669076,0.093157,0.016035393,0.013233151,0.96050763,0.97725326,55927.676,60.93746,2052.4692,521.3881,553.8231,529.928,0.00053856755,102.94445,411388.75,DOS-HTTP_FLOOD
30.14817,6.6325645,84.81213,2194.5066,-0.010225036,0.225731,0.3392579,0.14076538,0.706014,0.0019926084,0.05559672,76.96586,25.628355,0.7950881,18.925343,0.29768956,0.040531613,0.06920793,0.075799376,0.04351727,-0.044249132,-0.023637049,0.92769843,0.033333536,-0.0005475688,0.06143423,-0.009368904,-0.0629413,0.96425366,0.92912954,18929.883,59.012127,1322.8888,185.59705,318.62512,163.09454,0.0029173659,99.76598,182305.45,DOS-HTTP_FLOOD
25.577719,7.2905245,62.021645,6152.423,-0.09521372,0.047855865,0.29105055,0.06647624,0.50811994,0.063022666,-0.027793936,62.181664,3.7092724,-0.09292934,17.902433,0.5512099,-0.0047798213,0.028312692,0.007802038,-0.04296179,-0.024623308,-0.011530848,0.83532906,0.03078427,-0.01612253,0.0005767436,0.03409345,0.005410565,1.0255592,1.0087732,67291.53,62.101772,2285.8132,763.2646,692.1633,813.89087,0.00027117162,101.5724,497657.56,DOS-HTTP_FLOOD
27.304707,6.27675,64.59406,1140.0554,0.017454702,0.09137034,0.5169663,0.059442636,0.8326764,0.025743242,0.06441808,89.81559,8.279676,0.7477229,19.409607,0.5029099,-0.024843102,0.016142946,-0.0029928237,-0.010564536,-0.012868526,0.004066704,1.0083982,0.021551916,0.02115072,-0.0074457186,-0.0071634254,-0.03582441,1.0042986,1.0357008,40787.47,59.684254,2070.3914,538.8187,612.63135,534.2372,0.00012258053,101.88813,408695.03,DOS-HTTP_FLOOD
30.46851,6.733714,93.77043,49062.824,-0.045634598,0.26204678,0.06576628,-0.009368088,0.7176258,0.009463877,0.10258636,84.99527,28.325123,0.20959926,0.96862763,0.35183027,-0.04933772,0.028663397,-0.004882738,0.03506945,0.016709376,-0.045388184,0.8298875,0.11887645,0.001371433,0.071678564,-0.087122515,-0.07680328,1.0389934,0.96363693,41457.85,59.978558,1998.1055,422.4762,436.8482,389.10928,0.000915607,97.39615,274177.38,DOS-HTTP_FLOOD
30.335018,6.210682,66.131355,901.62646,0.0028391369,0.25869295,0.47384632,0.26206127,0.59195375,0.05036594,0.06334406,56.855145,26.043062,0.64951813,19.613325,0.4381324,-0.04208229,-0.009027383,0.02846058,-0.020229166,-0.022163877,-0.041454762,1.0244288,0.0082406355,-0.010098546,-0.0062715635,-0.030885516,-0.07290124,0.97974986,1.0189549,25206.678,61.332573,1140.1394,197.6094,325.733,207.58878,-0.0003341561,93.135,161364.44,DOS-HTTP_FLOOD
30.61281,6.6788406,67.229256,-2420.546,-0.0508302,0.2053951,0.23134096,0.079743,0.5718441,-0.0046477523,-0.009682317,62.819298,19.475727,0.13664453,18.9476,0.6401265,0.029995663,0.020806558,0.01840871,0.018388731,-0.030496377,-0.004335642,0.9332407,0.0018440747,-0.03155892,-0.055942476,0.054511312,-0.0033812784,1.0305789,1.0063787,58610.17,88.65515,2418.83,655.7701,761.8787,674.6048,0.000831018,109.9043,531770.7,DOS-HTTP_FLOOD
32.67614,6.3028483,77.52945,2690.103,0.007005688,0.10816856,0.22050896,0.09105588,0.8795677,-0.00438978,0.03690768,92.17649,10.14833,0.7360604,9.294018,0.6675279,-0.03238915,0.023064697,0.041371442,0.033846144,-0.036730647,0.0024824264,1.0176175,0.067203715,-0.025558032,-0.02412064,-0.03686354,-0.031537995,1.0097976,0.9470929,65792.22,59.597515,3190.658,614.88434,810.318,590.1304,0.0009740613,95.977936,721566.1,DOS-HTTP_FLOOD
26.47831,7.4928885,72.40747,15237.484,0.008383709,0.16589125,0.5776799,0.06858253,0.7402664,-0.014921083,0.05657496,78.00887,15.932585,0.16093564,19.07689,0.23827983,0.01765871,0.026482994,0.022781147,0.025055036,-0.07777397,-0.05153755,0.9907932,0.073855765,-0.024707101,0.005706863,-0.031557266,-0.016844762,1.0411749,1.0142081,14717.026,59.33519,668.1996,108.145004,168.52396,111.29912,-8.152098e-05,98.2967,68790.72,DOS-HTTP_FLOOD
22.235615,9.73114,64.65477,10336.039,0.06562055,0.12553881,0.21699099,0.19587083,0.40934932,-0.02976815,-0.0015277951,60.618248,10.291314,6.3572283,15.189261,0.5589298,0.003182444,0.029672107,0.026130507,0.014688747,-0.03244795,-0.056885857,0.68199265,0.20532836,-0.0025530765,0.11966751,-0.03514637,-0.087869324,0.9766412,0.94419014,28669.797,55.64108,1093.948,135.0586,166.04105,141.40103,0.006705499,104.25515,66561.055,DOS-HTTP_FLOOD
32.507515,4.6610374,63.299957,10042.465,0.020932293,0.0869239,0.15554541,0.11349093,0.86842275,0.052166812,0.010383594,77.63206,5.865592,2.2153358,10.483152,0.57856494,0.35417706,-0.0030416064,0.014945245,-0.015806502,-0.026157495,0.03623646,1.0154026,-0.0560571,-0.02556388,0.0020722474,-0.0060243905,0.012478231,0.9837696,0.941905,67797.18,61.292282,2080.4583,662.4122,677.0247,628.28595,-0.00032438483,95.18328,572537.3,DOS-HTTP_FLOOD
28.797626,7.568468,83.50646,8619.996,0.005346965,0.18930912,0.1829684,0.22849488,0.6114284,0.04487805,0.01442414,70.541534,17.616013,0.55226356,14.276343,0.5811884,0.049328554,-0.009672166,0.027722921,0.04096599,-0.03593327,-0.014602407,0.86221087,0.10667433,-0.04165104,-0.0055197184,0.022273855,-0.008557643,1.0261203,0.9857165,71510.56,58.26401,2858.8604,704.8591,773.42584,672.6565,0.00032128923,103.80348,700399.3,DOS-HTTP_FLOOD
28.876791,6.592576,63.400826,4135.2607,-0.031919032,0.22723733,0.093024,0.12670594,0.5655753,0.033477288,-0.035987284,59.127163,23.666496,0.9072063,8.660297,0.68022454,-0.024793996,-0.0022486132,0.08568987,0.054364994,-0.03189001,-0.01864428,0.8714369,0.07591182,-0.0358043,-0.0025690696,0.016356014,-0.07063859,0.9896827,0.9922881,81673.29,61.869057,3768.3633,791.2293,960.32007,798.5659,0.00049905264,104.96328,1.02243194e+06,DOS-HTTP_FLOOD
36.92121,5.5481625,67.27358,10838.764,0.028223418,0.31251207,-0.066345155,0.23446885,0.88462114,0.040587984,-0.03492054,88.44031,31.19686,2.528182,0.21894622,0.833305,-0.1251675,-0.010155587,0.040272564,-0.022808626,0.019868735,0.0343867,1.0798485,0.021860858,-0.033226557,-0.03513168,-0.021764584,-0.10506969,0.9378668,0.9735458,74270.62,59.93681,3183.6897,730.39624,972.2946,752.21936,0.000679256,102.7534,1.140568e+06,DOS-HTTP_FLOOD
27.192532,9.151265,47.75284,23037.17,0.11219249,0.24462493,-0.13749842,0.28966463,0.23676355,0.13581848,-0.06148709,53.327236,24.857029,11.166882,7.5254993,0.7497067,0.1754372,-0.04014201,-0.04159388,-0.0059278496,0.07542072,0.15003271,0.61442584,0.253757,-0.029739968,0.13205059,0.004885043,-0.020290382,0.9939503,0.8781537,60462.242,56.607063,2945.6624,721.4786,854.85474,751.7315,0.0018670607,101.616325,765992.0,DOS-HTTP_FLOOD
27.413074,6.821351,58.95411,5482.691,-0.045966018,0.14023624,0.043236397,0.07828639,0.5250794,0.025348598,-0.031451862,61.953243,13.088855,0.3061543,7.037706,0.6465161,0.03700545,0.023222513,0.026564147,0.007083397,-0.056297272,-0.07262762,0.8679422,0.081046276,-0.061422825,0.014523371,0.0017484417,-0.01103986,1.0061233,0.9808055,101309.62,65.569695,3022.2866,1377.3267,925.68933,1400.117,-0.00048835354,97.814766,873995.1,DOS-HTTP_FLOOD
36.47695,4.5848885,70.40752,2149.9119,-0.038542878,0.24471436,0.17899515,0.259539,0.9992166,0.06885984,0.037979014,88.70017,21.510391,0.0018227473,6.329981,0.56030077,0.0866939,0.028804582,0.00042594038,0.0013212766,0.04496749,-0.02501619,1.1094656,-0.06853706,0.0024309894,-0.029780911,-0.03902321,-0.023376176,0.9384061,0.9744751,46735.668,66.62304,2329.0115,417.0082,671.4141,438.5398,0.0011533641,96.57477,456215.12,DOS-HTTP_FLOOD
35.103745,5.587515,63.90367,-2508.8428,0.0065683573,0.31660283,0.08408681,0.18265258,0.7331004,0.03600901,-0.0033322605,70.91199,34.07226,3.1828976,10.739459,0.8551656,0.015346467,0.0357832,0.042575415,0.008700359,-0.04561718,-0.058445707,0.9662838,0.008717855,0.028366815,0.06641409,-0.04111975,-0.054854956,0.92173827,0.99754614,74686.87,61.67266,5063.072,778.8717,1137.2249,779.7071,0.0021203347,109.65524,1.0030447e+06,DOS-HTTP_FLOOD
32.60674,7.5555243,82.52151,14034.17,0.0062815566,0.22304168,0.28030896,0.22566076,1.0498829,-0.0005309598,0.07602085,114.99161,23.904257,0.44412875,12.041273,0.39440456,0.0895858,-0.0108742425,0.036723398,-0.06101349,-0.028966185,-0.057783466,0.94511557,-0.0025267077,0.0033361348,0.015422512,0.021507703,-0.013373166,1.0076022,0.93200755,53947.09,57.10274,2375.8972,557.90826,641.417,563.8182,0.00072909176,117.536316,494007.5,DOS-HTTP_FLOOD
33.187172,6.2639685,103.25639,4867.8467,-0.11063359,0.19559383,0.08066867,0.11710914,0.80449855,0.0271164,-0.040729217,90.12921,19.558556,-0.13833703,2.8094697,0.38043904,0.48755103,0.053486124,0.025311455,0.039180078,-0.123830274,-0.04217619,0.8802799,0.06525113,0.00465438,-0.030567905,0.09712272,-0.05086502,1.0371404,1.0160819,91440.39,66.170906,3606.1516,973.8564,962.20416,1049.8483,0.0013457901,119.14389,803295.06,DOS-HTTP_FLOOD
29.21268,8.007056,71.5195,4183.145,0.07831127,0.1856423,0.15209927,0.14617124,0.5812071,-0.0038861595,-0.0067842356,70.58178,18.105911,6.0640287,13.29155,0.79987454,-0.069173805,0.030883055,0.06415052,0.036943734,-0.054717008,0.0016286876,0.91939443,0.06202432,-0.04258864,0.04195372,-0.010154661,-0.05020632,1.0104066,0.91824067,63869.746,58.938282,2364.3188,579.09314,703.0244,585.81354,0.0020469816,102.44903,640385.75,DOS-HTTP_FLOOD
37.778122,6.5857563,65.66007,6990.4062,-0.00055027194,0.31481674,0.0022012065,0.11298664,0.78971976,0.004393936,-0.0012124772,67.486206,29.167107,2.342969,3.429546,0.7511405,0.015676623,-0.019702006,0.055688612,0.038846064,-0.012655923,0.027006388,1.0790882,0.0014324896,-0.042021707,-0.13065799,-0.025060417,-0.07122917,0.93961865,0.9800602,64388.96,71.04902,2740.9028,640.1802,865.21173,645.02655,6.838262e-05,95.77368,1.03007525e+06,DOS-HTTP_FLOOD
30.43032,7.2855988,64.86694,6089.011,0.080519706,0.19990693,0.30799735,0.25861794,0.43944332,-0.0025132322,0.037200782,47.982605,20.829351,3.2253933,19.509584,0.786839,-0.10340836,0.0242137,0.031254597,0.015856812,-0.01081569,-0.0040256465,0.9654144,0.029273812,-0.021330917,-0.014576721,-0.037148625,-0.037766047,1.014844,0.98863924,48370.58,60.06411,2492.8066,460.4596,703.19305,472.20575,0.00018192324,98.70257,574327.3,DOS-HTTP_FLOOD
32.674393,3.848369,54.61052,5727.6665,-0.1215307,0.34274432,-0.051574554,0.24899195,0.5746765,0.052355845,0.016061995,51.63783,26.538849,0.25510904,4.1336894,0.59225744,0.22957204,0.011875731,0.062246516,0.026426248,-0.041347336,0.08386272,1.010718,-0.06230409,-0.075580314,0.047803044,-0.0063900882,-0.06898928,0.95276225,0.92686766,64267.59,62.62014,2819.2336,690.3668,855.1899,699.9897,0.003901455,95.67473,1.0419434e+06,DOS-HTTP_FLOOD
38.172295,6.0816393,62.26012,17841.553,0.01822421,0.39512828,-0.019097779,0.07315534,0.80379367,-0.037184678,0.04502744,77.88916,30.433178,1.2564887,0.122245096,0.43805718,0.11308469,0.13382214,0.052014254,0.07533495,0.04427534,0.00078384764,0.9894743,0.03562275,0.04929527,-0.023113767,-0.06183334,-0.009156502,0.8911524,0.85587317,30666.006,77.75542,997.0431,247.5859,282.89096,261.7077,0.00030018957,98.791664,177963.72,DOS-HTTP_FLOOD
34.182903,5.047451,58.327057,4122.738,-0.027990919,0.28686878,-0.0018966151,0.2909076,0.84993386,0.06598548,0.025881972,85.47063,28.767258,2.8566103,5.358382,0.66402906,0.27846298,-0.014545621,0.011211155,0.018497583,-0.033356972,0.03549522,1.011881,0.008321693,-0.041675597,0.025239894,-0.00013133511,-0.056481294,0.9629453,0.90616417,56952.312,61.3964,2559.311,631.9587,716.5151,655.59424,0.00038979383,102.2914,556728.4,DOS-HTTP_FLOOD
26.561848,6.1836543,68.21465,39517.49,0.016186168,0.1266797,0.4192164,0.029225005,0.5676594,-0.0044512847,0.04523469,66.55615,12.647501,1.1422381,18.780653,0.52564204,-0.02634036,0.049027767,0.004925048,-0.030189121,-0.025581662,-0.009349346,0.89522284,0.016640438,0.010408415,0.009773558,-0.0071422937,-0.04033748,1.0246391,0.97228825,31430.008,60.480186,1310.1559,288.56323,426.66113,280.9015,0.0003731983,109.66621,241254.8,DOS-HTTP_FLOOD
30.174404,7.987013,76.249306,7877.915,-0.026275307,0.21457592,-0.0031047966,0.052855548,0.5674583,0.025441073,-0.063885614,63.507538,20.674511,4.196964,5.1065674,0.5475345,0.15693186,0.017393142,-0.03857127,0.09222448,-0.05855023,-0.022675924,0.84877944,0.08403229,-0.012532086,-0.059505112,0.013409199,-0.016330048,1.0821552,1.0099024,81186.586,69.50424,2585.9082,805.9803,717.27234,802.57184,-0.000113282746,103.15154,616033.6,DOS-HTTP_FLOOD
20.995218,9.414812,67.150764,-3601.3281,-0.031829607,0.2135502,0.15185806,0.1460551,0.25387177,0.031282194,0.008074252,36.043213,18.127554,3.3310592,13.277545,0.43447632,0.12062227,0.015401096,-0.013896309,0.022862606,-0.038213845,-0.017423796,0.6391378,0.248533,-0.042628996,0.110416226,0.0023219734,-0.09864257,1.005884,0.9800116,41784.082,55.86182,1896.5408,281.20624,480.5498,304.45453,0.0036939727,92.86497,288759.1,DOS-HTTP_FLOOD
36.18083,5.6498194,79.23012,5380.943,0.014146015,0.2568771,0.13874656,0.22820757,0.938523,-0.009088337,0.03604559,99.31131,24.985909,2.4025884,10.608045,0.5852357,0.06512154,0.0206569,-0.0007888954,0.04039601,-0.02061764,-0.008875703,1.042067,-0.060653187,0.0063268095,0.05413574,-0.005706488,0.023110792,0.92825186,0.93813986,50933.94,59.532215,2464.396,435.59772,663.9072,420.44882,0.004143385,108.19873,581019.56,DOS-HTTP_FLOOD
35.643906,4.678403,70.38593,-3667.7705,0.047438014,0.3243191,0.0020562974,0.11609204,0.8556865,0.0017399754,0.051509585,80.646255,30.598095,3.1459742,3.389699,0.5735486,0.34997502,0.030676197,0.0072157704,-0.037143067,-0.0061893417,-0.022865256,1.0010501,-0.022583682,-0.062190168,0.025018433,-0.009793694,-0.06354045,0.93946815,0.95023894,40200.18,60.02673,2281.9717,348.46677,554.3027,362.26385,0.002393415,102.95654,352347.7,DOS-HTTP_FLOOD
29.569443,9.146322,66.31017,40924.953,0.0011368562,0.2804301,-0.08705717,0.15294687,0.64880455,0.11516905,0.033431105,84.12812,26.887402,0.45416617,0.67189527,0.558489,0.1142671,-0.053948298,0.028800203,-0.018825851,-0.0980307,0.1174019,0.80033785,0.10511359,-0.02668655,-0.054246508,0.06569543,-0.012072408,0.9754164,0.98843604,103163.05,58.06875,3151.0554,1071.0225,914.7585,1022.90375,-0.00030836667,106.67499,1.3597914e+06,DOS-HTTP_FLOOD
32.368977,6.650657,67.66243,14075.344,0.015327908,0.66144824,0.050267596,0.033150975,0.24672185,-0.032356914,-0.046179995,20.028645,39.01397,0.1284129,7.969721,0.04957906,0.23935108,0.013513967,0.027255263,-0.10136442,-0.020531733,-0.007483451,0.9145885,0.04381957,0.027026867,0.07130926,-0.094968155,0.001774272,0.9641504,0.9500819,18241.418,61.956463,309.0783,129.337,48.086517,90.28772,0.0024270157,100.13832,12767.182,DOS-HTTP_FLOOD
27.95792,6.837281,76.54027,16988.96,0.011899843,0.10533936,0.09793136,0.18953146,0.63772124,0.027302055,-0.01135286,81.84371,9.286384,0.60401285,14.942234,0.54358315,0.05088197,0.08178094,-0.0030963589,0.08035667,-0.087856434,0.05100874,0.7667125,0.14180964,0.014470361,-0.016954524,0.002997336,0.059873946,0.9820353,0.9101198,63809.336,59.634357,3107.9683,581.473,732.47174,526.3127,0.010344686,105.30916,690619.1,DOS-HTTP_FLOOD
25.762402,8.538791,63.899864,-2844.0874,0.009038922,0.09924679,0.036470823,0.1986414,0.4289215,0.06832873,-0.0037940312,65.64108,9.228906,3.213365,16.75727,0.7378652,0.03414717,0.022251416,-0.010604671,0.02069378,-0.075471245,0.0001441082,0.7907083,0.1479796,-0.0016471604,0.03763395,0.015332756,-0.021320285,1.0045125,0.9386612,82528.7,64.54251,3043.0461,922.40265,863.5634,924.5067,0.0024761814,107.96858,680670.6,DOS-HTTP_FLOOD
29.4609,6.3459053,75.02317,3269.044,0.091348425,0.07659683,0.060102604,0.13318372,0.738633,0.062290724,0.0009333808,86.58089,5.488592,3.5534227,4.140236,0.730132,0.16354282,0.052064285,-0.01880267,0.0059739314,0.009609111,-0.05294361,0.948443,0.024647865,-0.019112706,0.043816805,-0.03175367,-0.013618533,0.9863771,1.0138706,109483.68,59.107773,4374.6426,1150.5249,1091.8202,1126.341,0.0017800864,113.84905,1.0896784e+06,DOS-HTTP_FLOOD
38.0067,3.938711,98.58677,24262.535,-0.0170083,0.21328826,0.2685477,0.22321236,1.1415854,-0.0029161863,0.12343333,107.865944,15.563408,0.49932867,9.573889,0.48473224,0.07230935,0.070365004,0.015546252,0.0075169276,-0.017095795,0.05834851,1.0736501,-0.0367931,0.05327604,0.014407974,-0.03818888,-0.0784004,0.9520701,0.9430113,45126.49,59.499653,3331.5623,410.517,615.3138,355.72778,0.0008693157,97.41912,572118.9,DOS-HTTP_FLOOD
33.209606,6.47934,91.62958,-189.2539,-0.032868214,0.18145424,0.22505897,0.06953823,0.646484,-0.044385538,-0.004352799,66.40501,18.054535,4.958625,18.191786,0.6921264,0.047994442,0.03407807,1.6805716e-05,-0.014101367,-0.10400604,0.023588894,0.9961852,-0.037111245,0.039912686,-0.015602201,0.042254023,-0.031799246,1.0466805,0.9994705,53329.055,74.768394,1896.2426,511.52676,586.2356,516.9038,0.0010087524,106.60135,378997.12,DOS-HTTP_FLOOD
33.10033,5.170047,64.00054,549.81226,-0.06720553,0.19561344,0.13074255,0.1493968,0.7543635,0.03591038,-0.026716486,76.32045,17.053825,1.1527411,15.011576,0.58928126,0.27831706,0.022812396,0.006068838,0.031127257,-0.026755424,-0.023367882,0.99868107,-0.030578114,-0.04425949,-0.012461137,2.9825605e-05,-0.0012273248,1.0047817,1.0006088,76128.02,115.87882,3049.2407,809.22144,847.543,808.615,0.00048893364,106.73407,672771.6,DOS-HTTP_FLOOD
26.072363,5.8205876,56.44664,2441.5913,-0.05103088,0.11174162,0.2976923,0.1225184,0.6334459,0.055844415,0.009315877,89.34355,8.631348,0.69814146,19.069077,0.49371475,0.046336967,0.016586987,0.07774727,0.050741974,-0.15913063,-0.047119413,0.8040893,0.024490645,0.03149062,0.113653846,-0.010445834,0.019058704,0.94435877,0.88369733,54170.594,61.74899,2566.1265,463.22284,655.5169,474.57657,0.0077741994,114.41984,607874.75,DOS-HTTP_FLOOD
25.830404,7.3875666,67.65244,943.583,-0.02981738,0.19779702,0.3219016,0.08433778,0.6865832,0.024407402,0.0435349,75.129395,18.797709,-0.25282946,13.387259,0.18196529,0.13233404,0.012940971,0.07698311,0.024435103,-0.06935351,-0.06662892,0.8753706,0.024934947,-0.009857047,0.103107505,-0.033263672,-0.04413055,0.9355687,0.8814603,14543.661,58.154125,387.8653,-10.602753,86.75426,29.56363,0.008626448,100.438934,15915.159,DOS-HTTP_FLOOD
35.818104,6.9675527,66.2099,-3338.7246,-0.035779968,0.15426327,0.108002804,0.070445575,1.0663869,0.04697022,-0.04847624,117.42349,12.362087,0.4852146,6.529289,0.6263007,0.04157598,0.01308915,-0.0121974,0.061617993,-0.16884428,0.033198662,0.88147706,0.040345248,0.023917368,-0.13694367,0.068081215,0.0043516327,1.078436,0.9800795,81151.89,144.92096,3192.35,784.2062,784.1133,791.7456,0.0017522527,110.46611,690331.4,DOS-HTTP_FLOOD
37.73074,4.635604,96.05503,6752.004,0.016137665,0.1796977,-0.053496607,0.060578223,0.95794725,-0.017776454,0.10024804,90.53194,14.946758,4.074442,0.47975886,0.5417221,0.42429215,0.054418065,0.024974177,-0.028276825,-0.012365616,-0.0011603674,1.0706545,-0.09757408,0.012744401,0.029365353,0.011359629,-0.025875583,0.99360174,0.9984047,40970.453,61.06418,1615.7363,288.17337,408.17133,346.25192,0.0004498876,100.5503,295629.6,DOS-HTTP_FLOOD
37.260365,5.2656765,78.295494,8437.3,-0.029784132,0.15252809,0.1080547,0.25670466,0.857886,0.05668277,-0.0012475275,92.85016,13.246111,0.7020246,7.6848006,0.78698343,0.016666103,0.06497533,0.011070586,0.12158874,-0.0031310297,0.049589336,1.0286708,0.021085005,-0.05535133,-0.10793692,0.02355879,0.02558893,1.0000491,0.92400193,90376.44,89.10875,3159.6318,954.38367,888.12726,902.10815,4.722178e-05,110.48639,853851.44,DOS-HTTP_FLOOD
34.956287,6.1645536,66.46721,1245.4363,-0.08608933,0.23192158,0.18322083,0.20981658,0.856589,0.0001899543,-0.017460495,73.1606,16.256168,0.15276173,7.7636538,0.445206,0.05009845,0.031086426,0.044977795,0.06395332,0.008655059,-0.024160627,1.0117196,-0.104801156,-0.06952656,-0.04560851,0.015433106,0.03533812,0.9635359,0.9836112,46310.426,160.03815,983.09033,334.3169,278.64624,423.9318,0.0015032463,94.015366,174920.28,DOS-HTTP_FLOOD
28.015705,6.7585154,61.355804,27555.441,-0.004461417,0.14561723,-0.055704866,0.1431778,0.59024173,0.12186869,0.0017786189,89.34205,12.315131,0.46831638,1.4483337,0.5104883,0.11296411,-0.0039333804,0.037034802,-0.01570725,0.005464987,0.013077065,0.7202349,0.10540372,-0.033341486,-0.036581807,0.050278638,-0.025552526,1.0753014,0.9924036,106454.97,67.86772,3067.8833,1130.8162,804.2587,1196.0582,0.0008640786,128.39296,774650.25,DOS-HTTP_FLOOD
22.64876,6.3183537,61.270916,-6859.3687,-0.0052614883,0.07023596,0.61554545,0.05665485,0.53860444,0.0056203776,0.013343414,63.98589,5.799253,0.38632032,19.817327,0.40543473,-0.04054041,0.008909338,-0.016105978,-0.011741253,-0.023366485,-0.03896444,0.8882779,0.06694047,0.030078333,0.021452801,-0.042500008,-0.054299157,1.068157,0.9900106,21457.51,59.81774,1183.4365,226.11938,344.05594,231.36154,0.0028446498,106.36916,174471.66,DOS-HTTP_FLOOD
27.707333,6.8238363,62.709522,16852.605,0.019491406,0.15373605,0.4157766,0.09988593,0.6482162,0.07127939,0.055127144,76.03893,12.916083,0.29625353,18.730644,0.44544804,0.0292877,0.046743374,0.03994293,-0.0060228445,-0.07009078,-0.023776598,0.86321026,0.023825245,-0.038381107,0.017412711,0.0031299517,-0.03257536,1.0104538,0.9483033,34160.883,59.48386,1427.1897,367.7818,454.45303,346.50565,8.584354e-05,106.418526,326680.88,DOS-HTTP_FLOOD
31.566797,6.8290577,68.64798,6255.7603,0.093914956,0.21366642,-0.05835022,0.15691672,0.65622705,-0.008629567,-0.01308964,72.82009,18.990519,3.5797474,5.0458565,0.5511262,0.36085874,0.03239373,0.02193619,0.06750162,-0.035418052,-0.012981052,0.8821261,0.020526005,-0.03654597,0.023909543,0.049760994,-0.021712212,1.0013275,0.9824301,81931.41,59.025307,2744.7656,756.7595,727.19336,790.9649,0.0007683229,114.53849,744620.56,DOS-HTTP_FLOOD
32.256954,6.9698644,92.23325,7755.96,0.017682798,0.1722197,-0.004764681,0.18648914,0.78755146,-0.0005602202,0.025721587,89.176476,15.965811,6.807298,3.918594,0.40464413,0.48141226,0.054779574,0.021311816,0.040501818,-0.04676674,0.019942064,0.9314688,0.08441059,-0.006941925,0.02460866,-0.047231875,-0.051869214,1.0006163,0.959247,66704.45,58.546116,2915.8877,624.2155,757.92554,623.63794,0.00097054057,105.17171,791782.94,DOS-HTTP_FLOOD
27.388256,6.541547,58.195282,3340.3354,-0.1241525,0.12428381,0.11048817,0.15815414,0.51462746,0.0146561535,-0.0022533326,52.290108,10.361557,-0.10454132,16.932129,0.63311344,0.16264968,-0.03964858,0.02340542,-0.018057944,-0.049531482,0.04220956,0.93903804,0.013205366,0.0031003426,-0.012637986,-0.0069447514,0.0003203377,1.023097,0.9909873,82471.31,67.12755,2899.263,1047.1952,937.11865,1019.8848,0.0001775781,98.17599,1.1718341e+06,DOS-HTTP_FLOOD
27.096893,6.112313,50.044056,-5099.4233,-0.12136789,0.42449933,0.38223773,0.27125546,0.48591384,0.17808361,0.046533316,63.45556,37.148064,2.097374,15.587269,0.23178531,0.08420672,-0.09460232,0.062473424,-0.027841618,0.013036624,-0.09839292,0.65980136,0.024856973,0.062920034,0.1876947,0.1374093,-0.047512162,0.8791861,0.93103135,25573.963,53.98234,748.49115,-3.1901245,163.09128,160.17432,0.0026190497,112.78801,78408.96,DOS-HTTP_FLOOD
29.871904,5.835439,64.618515,6134.5605,-0.053637445,0.14550714,0.10569164,0.20390342,0.7426705,0.050381705,-0.025897997,73.425514,14.086353,0.6270758,11.482172,0.48635468,0.34228513,-0.001416686,0.017126676,-0.023559427,-0.06127435,-0.024647566,0.9484957,0.0029959937,-0.039492935,-0.016992,0.012973614,0.04000116,1.0199252,0.9892847,67416.766,61.286915,1917.6211,743.42596,636.5451,741.10925,-3.466323e-05,95.90769,450078.53,DOS-HTTP_FLOOD
28.46904,7.330469,74.602516,6496.899,0.03593477,0.20251237,0.27101994,0.13983107,0.6831075,0.056716595,0.009368932,73.54728,19.973671,2.0142932,15.898643,0.39886492,0.032732483,-0.008637248,0.058070704,0.00042698812,-0.06650217,-0.009074536,0.88516235,0.06841904,0.0038069324,0.050982513,-0.03227544,-0.084718406,0.9909956,0.9522044,23177.146,59.205612,978.08264,149.1567,231.41089,144.21832,0.001035324,100.70128,95936.15,DOS-HTTP_FLOOD
23.564798,6.5218534,57.971306,863.4663,0.0025855005,0.117335394,-0.1029728,0.38715222,0.50522476,0.05142847,0.012856571,64.14653,8.710306,2.0261688,6.1583095,0.45059484,0.39173892,0.029941285,-0.13212079,0.09760599,-0.022916524,0.004626224,0.73983717,0.19626513,-0.041677214,0.12300074,-0.036047917,0.04922207,0.96226174,0.9871396,57395.258,60.75476,3108.9946,565.89246,674.0913,519.9774,0.013758369,85.75162,431913.34,DOS-HTTP_FLOOD
29.614864,5.530991,60.606316,1478.1824,-0.037477504,0.091972254,0.21771087,0.43678504,0.8590558,0.04797684,0.050398014,80.20725,8.061016,-0.13708365,13.499871,0.6075484,-0.006458942,0.0052337116,-0.027223315,-0.008304672,0.0053566927,0.047171693,1.0372247,-0.018701967,-0.016837725,-0.0010486902,-0.001174612,0.002202103,0.9651228,0.955585,46819.945,59.62819,2038.7238,518.6527,640.56415,497.04797,0.0003848439,88.29237,445631.62,DOS-HTTP_FLOOD
27.975416,5.478536,70.99426,154.54053,0.036362477,0.14576417,0.17802864,0.21800578,0.72223884,0.032464877,0.027647,67.366714,13.02331,3.8636608,8.977125,0.51630414,0.13040449,-0.0058225216,0.013246862,-0.00056375284,-0.024805786,-0.027818263,0.9135757,0.05469853,-0.03964152,0.0045829816,0.026261058,-0.035904747,0.9967524,0.98030144,40486.117,60.962406,1270.0807,253.12283,297.9166,263.7858,0.0006076101,97.5953,147889.67,DOS-HTTP_FLOOD
37.331947,4.7342567,64.79725,143178.31,-0.079986244,0.3240864,0.047905304,0.17386536,0.7165445,0.06901815,-0.08156643,68.367294,31.471937,-0.2819061,5.846438,0.640664,0.017812539,0.011699781,0.06727229,0.04363037,-0.037717193,0.00616143,0.9638948,-0.03175326,-0.022886472,0.047826376,-0.003184462,-0.038358428,0.990573,0.9424195,59762.81,61.85652,2825.2175,665.9559,742.95166,691.10736,-1.3850557e-05,108.06409,554445.0,DOS-HTTP_FLOOD
26.322533,7.2770257,70.927666,-5736.929,-0.021750676,0.17576808,0.26289937,0.16065188,0.6094625,0.025298033,0.068791986,58.977352,16.232712,4.02371,13.2289715,0.43215933,0.116383545,0.034129694,-0.034057938,0.0067480234,-0.07121072,-0.06305442,0.8745033,0.04560895,-0.073568925,0.03143649,0.031033114,-0.06273097,0.96110034,0.98823196,44867.227,59.71045,1249.0635,275.87292,310.23694,317.97192,0.0014171315,97.24094,172868.84,DOS-HTTP_FLOOD
28.052837,6.6003075,73.75164,-3553.2798,0.053619735,0.08772875,0.15823542,0.27897817,0.7198834,0.0047191004,0.031954788,77.84238,8.07368,3.7425277,8.773186,0.6552839,0.037326634,0.039092287,0.01555163,0.019744847,-0.069562875,-0.042668022,0.87593275,0.084257096,-0.036498636,0.06703904,0.06842593,-0.022022827,1.0262196,0.98156977,65763.8,59.30936,3026.8464,552.08685,732.62976,574.88617,0.0009924766,105.968636,559605.94,DOS-HTTP_FLOOD
30.633749,5.291703,83.90801,-2496.709,0.04145383,0.14417093,0.13182391,0.14080589,0.83008516,0.05224949,0.033391196,76.732346,12.118195,5.764861,7.998225,0.6390587,0.17462502,0.028988242,-0.027327722,-0.0005149888,-0.018869989,-0.01201135,0.9626264,0.023188028,-0.039573185,0.04886016,-0.009178346,-0.026969567,0.9720309,0.95606464,43755.66,60.196712,2401.7878,415.92447,597.30615,387.99478,0.0060174004,98.03012,379815.66,DOS-HTTP_FLOOD
23.227865,9.257032,69.89259,7064.7197,0.038396,0.18854739,-0.05321789,0.08122078,0.45947805,0.015217316,0.04062017,68.87072,20.60008,0.36413246,0.76619434,0.33167118,0.02064314,0.0065733865,0.01916414,0.042439982,-0.041527174,0.038929313,0.6471441,0.27866656,-0.026700228,0.01701273,0.009845704,-0.041699022,1.0230645,0.94946045,54283.5,58.83367,1984.4459,502.26077,484.48468,523.1784,0.0025539545,102.62607,302887.8,DOS-HTTP_FLOOD
30.412205,5.8581786,80.309265,1733.9253,0.06335386,0.21938686,0.15101627,0.081081584,0.7379623,0.019514587,0.06237904,80.74846,21.240345,3.8974195,11.150686,0.22393513,0.5574861,0.07551521,0.03369236,-0.02192813,-0.046926,-0.029845502,0.9086907,0.11992354,-0.07584387,0.028685965,0.040778685,-0.038881652,0.9590985,0.9511371,33737.203,59.568844,1564.4662,269.7687,284.7476,237.04321,0.0028762803,105.497375,174333.2,DOS-HTTP_FLOOD
35.40494,6.87703,67.839355,-2619.478,0.012886545,0.5381569,0.121736534,0.051748466,0.36648214,-0.10259205,-0.058775663,32.26582,38.80817,0.072895765,14.805484,0.17307684,0.029142214,0.034997884,0.06371232,-0.02499266,-0.010378646,-0.018311813,1.0064077,-0.007933757,0.007906471,0.0015014969,-0.018397253,0.07468448,0.95163137,0.9792733,36276.234,130.62051,1708.1606,504.04532,541.75287,552.7998,0.0016331403,102.639206,425046.97,DOS-HTTP_FLOOD
24.692772,7.446239,64.379745,-8884.418,-0.021084875,0.12731807,-0.007822112,0.37253538,0.54864216,0.024624988,0.020890769,49.28855,10.680208,3.838059,4.0184507,0.41107255,0.20973639,0.054486725,-0.0021964544,0.020033939,0.006479332,0.026267404,0.71157146,0.1722886,-0.041238513,0.03933067,0.0057705864,-0.086644456,1.0235622,0.95253795,47372.855,61.189163,1851.8463,399.7438,526.10034,419.65558,0.0028592779,86.93468,323184.28,DOS-HTTP_FLOOD
25.51252,6.91329,70.61477,-2588.5298,-0.043714006,0.13476585,0.44777748,0.15526353,0.6386383,0.032697335,0.03493999,64.93502,13.729368,-0.20231397,18.092611,0.4452409,-0.06792479,0.0054146256,0.0020893756,-0.042769566,-0.0028268574,-0.030423962,0.9347879,0.064252056,0.0031890231,-0.033513576,-0.04697522,-0.052473813,1.034415,1.0013175,28753.094,59.76281,1091.0015,241.81479,327.78735,284.80322,0.001238456,92.95515,159513.08,DOS-HTTP_FLOOD
31.48206,5.040463,62.878506,15772.689,0.041972976,0.09877234,0.32736826,0.21694158,0.9193681,0.04518442,0.026324999,93.23302,7.490222,1.7025824,12.649281,0.6912143,-0.042933818,0.019715738,0.036907095,-0.029945064,-0.0045053964,-0.048524965,1.023377,-0.043858543,-0.019375162,0.014878362,-0.028532762,-0.02437028,1.0037179,0.9390078,53750.027,60.478092,1755.6385,477.71664,555.7377,470.75134,-0.00024483376,105.187965,436853.94,DOS-HTTP_FLOOD
39.040413,4.3080554,91.463135,3191.8235,-0.05269579,0.16212285,0.017055217,0.13523088,0.9834969,-0.016255382,0.039256617,95.82814,14.141694,3.3444822,0.706183,0.7869271,0.088413574,0.03271258,-0.06679211,0.07385121,-0.03522361,-0.025107596,1.0509146,-0.06016324,-0.0020212284,0.010650294,0.011190548,0.012955179,0.94091123,0.90919673,66257.58,71.41675,2791.6409,639.6931,822.9388,634.2791,0.006669613,101.18201,648726.9,DOS-HTTP_FLOOD
25.740522,7.934409,65.51241,7873.7856,-0.0026877038,0.1680873,0.027884148,0.064416796,0.52071124,0.02779674,-0.011511158,54.142048,15.853162,1.179249,3.6124852,0.56460893,0.008129894,-0.015292951,0.045897618,0.030221008,0.00076547265,0.05371176,0.82208526,0.12660809,-0.06357354,-0.024232436,0.029878464,-0.06578625,1.028595,0.9864379,75432.74,58.853046,2248.6274,687.54517,695.7329,698.90204,0.00034117306,95.2165,799870.44,DOS-HTTP_FLOOD
31.522911,6.2273183,65.0287,-4329.221,0.022284161,0.21890564,-0.022400796,0.20582044,0.7081837,0.07693433,0.05301125,84.49263,20.51458,5.6975126,3.173263,0.55746806,0.3229691,0.06464714,-0.036221746,0.034498923,-0.0028119888,-0.015472126,0.89433694,0.054531302,-0.036070492,0.066979684,0.036105353,-0.043560177,0.995872,0.95576423,73643.555,60.89258,3448.3564,722.9166,942.20593,754.66394,0.0039763525,110.75961,845719.44,DOS-HTTP_FLOOD
35.460136,5.5307026,74.11228,2195.6697,-0.029491967,0.21976483,0.28505138,0.13402031,0.83496785,0.029919416,0.029430974,77.49157,21.504194,0.047272056,16.913225,0.63894933,0.045970097,0.028089177,0.028159335,0.013598513,-0.030100048,0.0061097043,1.0601553,-0.07299417,0.0022479682,0.0024013896,0.008889762,0.011338069,0.9753477,0.99117595,53327.49,68.54345,2296.873,532.86804,699.92615,537.9389,0.0003692136,103.21472,500797.53,DOS-HTTP_FLOOD
32.319656,5.8406725,65.29621,6222.5464,0.0038115587,0.18799172,0.1646895,0.11270076,0.64709044,0.01994522,-0.02162294,58.43766,16.98951,1.8942575,13.792227,0.5706982,0.22746225,0.008017443,0.015590521,0.007814047,-0.06076675,-0.011953478,0.94673157,-0.022850547,-0.040503994,0.016864793,-0.022512753,-0.025294203,1.0083195,0.9615277,62854.42,63.66414,2084.3916,530.3079,654.30145,540.8885,4.1133375e-05,97.87778,593059.6,DOS-HTTP_FLOOD
33.32132,4.779612,63.548737,25124.963,-0.054750055,0.28249773,0.08876476,0.29626992,0.71056217,0.042815067,0.039895963,76.18509,36.006886,1.2119356,18.2876,0.40788934,0.17752258,0.10652404,-0.027237132,-0.08277688,-0.0039044442,0.049901888,0.8640563,0.05690774,0.041402575,0.12570325,0.025889013,-0.0073941234,0.83225614,0.9796406,39719.098,60.69083,2885.4048,495.68198,647.34106,386.45566,0.0019593297,108.98999,562909.06,DOS-HTTP_FLOOD
39.712284,4.813193,61.112507,19384.76,0.008974456,0.29231673,0.03155312,0.19043243,0.9418042,0.12586655,-0.024649741,94.47511,30.540115,0.8498079,6.0326343,0.68057466,0.20418465,-0.054380327,-0.023447193,0.03943172,-0.047245562,0.009647509,0.911003,-0.08511672,0.0034968904,0.026274495,0.03550251,0.03087715,0.90388775,0.9606328,74221.25,96.807205,3087.2134,597.726,843.4916,620.3411,-0.0005514856,113.906204,880419.44,DOS-HTTP_FLOOD
27.619555,7.559176,76.85926,1864.9827,0.043268543,0.13557096,-0.04767151,0.11054136,0.7356308,0.017357625,0.05426809,86.33597,12.192964,2.1660724,0.12155028,0.48810655,0.15076949,0.05038534,-0.0019176444,0.02095186,-0.008537697,-0.06040536,0.7994924,0.14042681,-0.020596553,0.013859199,0.0038045924,-0.040181845,0.9961139,0.9756861,64126.117,57.539177,2986.1917,568.2566,658.58044,565.52313,0.0033175463,105.840614,502875.22,DOS-HTTP_FLOOD
39.361107,5.1522436,67.13748,-2852.914,-0.021927068,0.234234,0.1583418,0.3861662,1.1762359,0.018442914,0.1188064,111.60581,23.851395,1.7248768,6.214707,0.7663652,0.066079564,0.029517502,0.0044303434,-0.059183314,-0.00077147037,-0.10813196,1.1784319,-0.21262433,-0.011829068,0.086017996,-0.025000105,-0.036640078,0.9609646,0.9993762,51747.875,60.372955,2032.0284,424.14105,625.21844,464.69742,0.001302811,116.081635,456624.0,DOS-HTTP_FLOOD
24.920164,9.501192,65.51145,-2373.9453,-0.14645202,0.19957328,-0.14968826,0.163795,0.6597119,0.010018711,-0.056281015,80.75659,20.511032,0.70390415,1.5721316,0.2544742,0.16174263,0.006426885,-0.06602556,-0.040833987,0.001905025,-0.048514012,0.6953955,0.094430335,-0.039670806,-0.017850645,0.0837589,0.07426209,0.9308116,1.0678974,78750.49,176.18547,3103.1287,859.44257,647.7921,967.5418,0.0011253,112.99582,445165.16,DOS-HTTP_FLOOD
34.66404,5.0869837,64.72598,1444.8618,-0.02583927,0.13688232,-0.10974422,0.33984247,0.80345446,0.0268355,-0.0060508656,67.09564,10.362761,5.7383204,0.8350065,0.67812407,0.25599107,0.056256875,-0.018546738,0.05119002,0.02824829,0.05118707,0.9671458,-0.04956498,-0.025327487,0.012467917,0.00040187966,-0.0044680387,0.98370695,0.95962673,56638.52,70.46008,1989.3307,524.4474,621.34906,529.8168,0.0023423007,96.00029,472355.0,DOS-HTTP_FLOOD
35.45701,4.5462794,64.07426,9646.469,0.035804875,0.21738444,0.1254099,0.2516499,0.82202965,0.028224919,0.017811157,82.726204,20.023165,2.7212934,8.607668,0.9043776,-0.0017188467,0.00680211,0.020826902,0.037408832,0.016198216,0.051377095,1.0576038,-0.04914513,-0.07000218,0.007613645,0.02981208,-0.009350692,0.9638743,0.9540651,70352.516,59.961662,2521.592,647.8884,763.74585,658.79175,0.00039054558,104.03296,728699.75,DOS-HTTP_FLOOD
26.297785,6.5637918,102.953125,-3865.5415,-0.039499592,0.2553652,0.06608774,0.14655416,0.534654,0.04596312,0.05353499,66.18412,24.829464,0.78824764,5.7874174,0.23968524,0.1394309,0.046648458,0.009138523,0.026093535,-0.047514312,0.011535402,0.7175411,0.15847701,-0.031866204,0.038312346,0.06840705,-0.06348634,0.93914115,0.9020346,25549.158,58.675026,1499.7191,52.027412,252.37485,56.45814,0.01274321,95.370926,125682.02,DOS-HTTP_FLOOD
32.263943,4.1393538,71.89422,7408.3247,0.01231606,0.2509968,0.3842463,0.05522067,0.9761904,0.06145172,0.077453755,101.510376,25.513742,0.74600106,16.198433,0.06306866,0.5031752,0.06250083,0.055913024,0.014121171,-0.024638677,0.011814408,1.0081459,0.0067832037,0.013498645,0.048624106,-0.017918507,-0.03409196,0.9413074,0.9625361,12966.654,58.539394,802.9654,47.970676,140.72105,1.1496735,0.0015260926,96.3178,57014.688,DOS-HTTP_FLOOD
28.883488,6.645316,69.622475,-3063.8115,0.018819947,0.17018758,0.29242924,0.18792608,0.73537046,0.05047752,0.083190545,87.741104,16.272282,1.3174825,18.802628,0.5445691,0.1108671,0.027945261,-0.011955173,-0.004993286,-0.05136723,-0.021627147,0.9401196,0.04195481,0.021908753,0.028329426,0.004486949,-0.0041842368,0.9948317,0.9983341,53359.008,60.095936,3182.4978,518.86945,752.3257,542.5156,0.0011777161,114.42099,495903.9,DOS-HTTP_FLOOD
28.209457,7.0164943,69.83247,3364.9077,0.029344492,0.17218949,0.03381245,0.17401043,0.5611883,0.034507778,-0.030488435,63.521523,14.521705,5.025097,6.295447,0.4958054,0.2687943,0.014512239,0.008991327,0.02295056,-0.052184895,0.043998443,0.821336,0.11797597,-0.049094852,-0.021335466,0.010791546,-0.04311259,1.0343338,0.9887129,71400.35,60.941017,3285.8586,657.7359,812.574,658.0558,0.0009841662,100.41225,926082.7,DOS-HTTP_FLOOD
27.489637,6.685024,80.9698,-624.1045,0.0002960302,0.14116548,-0.012816736,0.17327511,0.70655805,0.04513403,0.06471963,74.65457,13.162498,2.772473,1.4523901,0.49726307,0.104788564,0.016699402,-0.008340109,-0.032549404,-0.049104836,-0.015337084,0.83280015,0.13760291,-0.01556619,0.00084494124,0.01475117,-0.03234089,1.0432572,0.9910163,53177.66,61.471596,1738.4862,531.2557,429.13336,540.6733,0.0010391749,102.40887,244412.31,DOS-HTTP_FLOOD
29.054966,8.675207,60.897453,62816.723,-0.038790308,0.23374012,0.117106974,0.16865197,0.42976692,0.042086318,-0.048724785,53.971954,21.738342,0.7400887,9.739499,0.6230479,-0.08981786,-0.020582926,0.0671444,0.047904518,-0.020999862,0.11802413,0.86240923,0.14870948,-0.06973019,0.020201009,-0.048132583,-0.015700325,1.0248027,0.95081365,77681.07,62.899437,2925.4539,774.93695,895.9581,767.97217,-0.00077254727,103.65426,981975.7,DOS-HTTP_FLOOD
25.971752,6.994253,63.773808,-1490.8799,-0.06358088,0.08864061,0.050296187,0.07666712,0.52048624,0.016494604,-0.017587326,65.005714,7.680188,-0.05848348,5.366562,0.6565337,-0.015963605,0.061699245,-0.013323829,0.096355975,-0.045050316,-0.051829472,0.8262458,0.09960637,-0.03641878,0.043441415,0.01752323,-0.01847695,1.0707724,1.0012103,107671.07,65.38518,3306.86,1218.6747,951.99963,1244.7347,0.00083547283,109.16263,884155.9,DOS-HTTP_FLOOD
25.73721,7.987189,66.804596,-4388.3774,-0.03261352,0.23194991,0.09326204,0.16085316,0.63052994,7.667928e-05,0.017126728,69.534,23.38753,1.5004985,5.0215845,0.49010998,0.0016200371,0.022242106,0.033412233,-0.0035292236,-0.03148989,-0.016279897,0.7898283,0.08476842,-0.06810678,0.031113008,-0.009755328,-0.12280721,0.9331681,0.92170715,39983.066,54.650803,1636.391,189.29016,385.24292,228.60107,0.004250823,96.889206,235575.75,DOS-HTTP_FLOOD
26.912992,6.3661904,62.11984,7312.009,-0.027361225,0.11216469,0.06636442,0.23970728,0.584313,0.019914338,-0.015092017,65.405136,9.859906,1.4441764,10.941568,0.49293596,0.24899547,0.026433142,0.006999187,-0.023531143,-0.027103398,-0.0039250823,0.8553379,0.06270763,-0.03817528,0.033908874,-0.005839509,0.026826195,1.0101192,0.977274,65879.08,60.706085,1945.9185,573.49963,582.15393,586.45184,0.00025330455,98.80707,395007.62,DOS-HTTP_FLOOD
26.079851,7.7588673,66.131584,592.67163,-0.008815573,0.15769392,0.14829828,0.17144291,0.68867517,0.042585004,0.081795454,76.80277,16.933773,1.8415308,7.4500523,0.23991285,0.5298212,0.015559281,0.012826761,0.0014088908,-0.030638892,-0.062378388,0.8438615,0.13479073,-0.032491814,0.04000181,0.009723156,-0.04984711,0.9904148,0.96856594,52710.367,56.90424,1461.708,433.07312,396.17496,423.03635,0.00065973727,100.536736,235144.7,DOS-HTTP_FLOOD
29.709232,6.172302,65.33305,993.1897,-0.020820966,0.21555741,0.11776943,0.3696179,0.70833755,0.0738843,0.012277075,74.64604,21.567175,0.63487756,10.406102,0.7078488,0.029372472,0.025610793,0.044167154,0.056170452,-0.03343311,-0.047980104,0.96691287,0.03787806,-0.035225246,0.016783852,-0.011973254,-0.049376916,0.97929627,0.96143,79962.37,59.585358,3754.6765,790.68896,984.6382,788.53827,0.0008389318,99.46728,858746.1,DOS-HTTP_FLOOD
35.225426,6.2771025,106.90335,4365.1006,0.038913406,0.25307676,0.18439591,0.0516181,0.8643589,-0.04001267,0.022651432,90.3642,23.765205,2.0871365,7.57156,0.37759674,0.33450985,0.035797287,0.063145466,0.0147231035,-0.06987556,-0.01613722,1.0628018,-0.05908052,-0.005064558,0.025456028,-0.028331738,-0.008415169,0.9584874,0.9474354,53532.88,60.16438,1987.5708,432.25864,563.08136,428.7753,0.0015150391,106.75708,580462.6,DOS-HTTP_FLOOD
28.74767,6.31063,67.26304,55514.582,0.0022574887,0.17034109,0.64935154,0.028703032,0.7840859,0.037903678,0.029864352,74.394875,12.815998,0.28421947,17.791088,0.16362572,0.02879913,0.01961821,0.033258356,-0.013271047,-0.05888414,-0.017085217,1.0122036,0.00012614205,-0.003865345,-0.011658519,-0.017405488,0.0041203946,1.0042784,0.9869452,18313.39,61.306232,365.48193,69.33009,144.29184,48.12153,-0.0005329187,95.8284,74609.984,DOS-HTTP_FLOOD
32.96144,4.3469276,65.21677,-1025.2866,-0.031834636,0.20986442,-0.061736275,0.4257525,0.79313296,0.062170234,0.018191129,73.84713,19.137463,2.8681273,4.8071704,0.33235735,0.8483805,0.056120187,-0.028986318,0.12706919,-0.07606813,-0.045401897,0.9851318,-0.05175283,-0.04054079,0.04561886,0.01427998,0.019561548,0.9640929,0.9600862,76065.42,66.02924,3423.529,838.66077,892.074,834.5349,0.006830998,107.90385,732754.56,DOS-HTTP_FLOOD
27.58457,8.696835,69.154205,343.6045,0.012050582,0.16857274,0.19147214,0.057252537,0.4872373,0.02641372,-0.056869198,61.65339,16.790174,1.5712358,16.673466,0.56874955,0.022230057,0.03752196,0.04720901,0.03374371,-0.10080664,-0.028026344,0.86873823,0.116790034,-0.030940447,-0.031536072,-0.05401373,-0.01270227,1.0479919,0.97862047,68644.945,61.313694,2850.1077,530.1316,760.21497,524.8081,0.0006792643,101.2604,753263.94,DOS-HTTP_FLOOD
27.661516,6.1970663,70.529526,2710.791,0.041372556,0.053415872,0.2460651,0.3088086,0.89851016,0.04648219,0.035047278,92.61704,5.0330167,1.5793501,9.048698,0.47742042,0.04010505,-0.02233177,0.03032265,-0.010781711,-0.06856129,-0.03154614,0.95540273,0.10506546,-0.028203784,-0.0016133802,0.006518876,-0.027555676,0.9839051,0.9733946,52594.066,58.532288,2000.7906,509.3534,520.43195,512.67847,0.00042955542,99.535385,306302.84,DOS-HTTP_FLOOD
31.957195,7.1237926,115.08298,-975.3252,-0.061366897,0.22806792,0.33218843,0.07944419,0.7371021,0.0018656818,0.07601785,80.532555,22.577927,0.886004,17.97694,0.4518358,0.15344505,0.045106936,0.02590887,0.0056118798,-0.12508062,-0.0121609485,1.0457548,-0.037335545,-0.0220838,0.069529824,-0.03259286,-0.0137221515,0.9658246,0.9845313,69926.72,59.198513,3809.8167,601.1593,927.559,578.6172,0.002246608,104.1892,993130.56,DOS-HTTP_FLOOD
32.409252,6.3068104,98.257614,23357.24,-0.008643064,0.3275882,-0.09472168,0.31909359,0.7546003,0.062660694,0.059958197,97.78882,28.35146,2.8950005,0.92082226,0.57925785,-0.041676827,-0.023318168,-0.00703922,-0.058944725,0.0168368,-0.0060004136,0.88268346,-0.022838756,-0.06282875,0.07349463,-0.02223935,-0.10892294,0.95486736,0.9565073,53523.266,53.02219,2017.8718,311.10263,443.28568,343.8102,0.002235022,118.941345,386227.7,DOS-HTTP_FLOOD
35.534378,6.9872146,65.8852,8709.793,0.03868968,0.5323897,0.07407083,0.07323467,0.51148516,-0.08042314,-0.08620408,52.50738,38.213516,0.13189872,6.8967876,0.21557814,0.027601933,-0.021554321,0.062038917,0.02953401,-0.054605488,0.103140086,0.89506066,0.024288513,0.03016857,-0.036723666,-0.11830893,0.011712465,1.0147266,0.9564601,43650.55,75.135475,2172.7395,433.32153,572.3852,414.6416,0.0004167611,106.34393,606166.94,DOS-HTTP_FLOOD
29.300472,7.350272,64.203804,12013.494,-0.03223177,0.27673614,0.044532828,0.092656516,0.59915334,0.032713734,-0.044067696,60.29306,28.809622,0.3599956,2.9588184,0.63111037,-0.08773412,-0.020214243,0.0413212,0.024963487,-0.0020467327,0.035161726,0.86811984,0.10378792,-0.013505188,-0.046038903,0.00035145786,-0.07034513,1.024192,0.94778156,66456.39,69.081345,2199.9028,685.40924,683.4759,701.4799,-0.00019107467,101.17094,581449.2,DOS-HTTP_FLOOD
33.87951,7.126293,65.973175,24152.46,-0.025381852,0.11807072,-0.08006733,0.06127986,0.7008777,0.0991893,-0.034363464,75.357475,11.231302,3.3950973,0.19736579,0.74593335,-0.00073263975,0.074201725,-0.010554599,0.060169518,-0.013830168,0.009770849,0.8687199,0.059186783,-0.024693532,-0.0780064,0.047830686,-0.05524133,0.99716413,0.91688895,88611.15,105.51871,2210.2612,956.06836,692.3058,955.48145,-0.00041326194,102.38706,648019.9,DOS-HTTP_FLOOD
27.663912,6.1894026,79.70435,-2306.455,0.019457031,0.18803774,0.15921697,0.18168046,0.6277809,0.037747398,0.016617958,55.51487,16.581663,2.4911702,10.310202,0.46878237,0.16052848,0.021789916,0.0015339581,-0.0156012,-0.00825188,-0.047964998,0.87012696,0.07958891,-0.053321175,-0.0013021415,0.023649417,-0.050161,0.99333584,0.9895071,46681.8,60.662594,2163.428,407.98233,566.83655,398.01562,0.0018192361,92.16888,353093.3,DOS-HTTP_FLOOD
26.886679,6.4031825,87.16815,1860.1167,0.00087285414,0.073916234,0.09469975,0.3348548,0.7722458,0.013725545,0.021511279,80.73225,6.510478,1.2537978,5.0368166,0.48584345,0.036401417,0.03745298,0.01554808,0.03358122,-0.047321424,-0.02805454,0.8400354,0.14725274,-0.011621988,0.027212426,0.015624809,-0.054087967,0.99960715,0.9505194,55205.94,59.860176,2371.6396,542.94476,592.2865,534.4209,0.0033682843,96.20083,393169.4,DOS-HTTP_FLOOD
37.491394,5.455596,66.36347,-2022.4312,0.08638121,0.22152153,0.05076651,0.36421186,1.0269424,0.023951905,0.032814167,99.33176,20.856434,7.510166,5.9308105,0.8226403,0.068394475,-0.0020832615,0.016250823,0.07967186,0.011596157,0.011658719,1.0612575,-0.03648136,0.001461904,0.026654221,-0.07029307,-0.042700924,0.97062534,0.94940436,63802.277,61.40095,3815.4905,482.75458,871.7619,475.41333,0.0015486026,108.447495,848553.5,DOS-HTTP_FLOOD
30.093168,7.77882,65.16121,6295.8022,0.028405454,0.23732443,0.073408976,0.11652175,0.5299079,0.053455926,-0.014042849,70.073044,25.522223,1.6920104,10.6997385,0.47318196,0.20069924,0.016413579,0.05945012,0.07781072,-0.089141294,0.023196112,0.8374578,0.08920927,-0.037206985,0.05659499,-0.032547288,-0.0123213595,1.0001061,0.9539663,78373.61,61.102272,2926.0786,652.14746,752.02325,651.76776,0.0007708031,108.63688,820144.4,DOS-HTTP_FLOOD
33.56122,4.6235895,55.381012,24929.2,-0.05500028,0.1684908,0.28424034,0.06971994,1.0524455,0.08624138,0.03395479,112.57286,15.816623,0.13797875,9.482687,0.632732,0.0003850758,0.025891865,-0.040194787,-0.012796613,0.059912667,-0.000103912316,1.0385101,-0.01651859,-0.022925397,-0.017338976,-0.004654904,-0.018629389,0.9510106,0.9060713,59470.81,59.82109,2609.1382,763.4194,802.77594,767.83856,0.00044056744,101.251884,642086.8,DOS-HTTP_FLOOD
29.337662,6.6140175,74.51851,1604.3127,0.017467644,0.34644106,0.15989326,0.23816872,0.59667945,0.040443983,0.019199414,67.10983,34.40643,0.61018026,12.026817,0.33758786,0.08818603,-0.00073610805,0.06465985,0.031615373,-0.030144345,-0.015894959,0.84244,0.101107515,-0.00526289,0.083306886,-0.036702357,-0.044487126,0.9396088,0.9079526,18978.906,56.268845,1455.1006,81.13578,280.55,87.91289,0.007945456,94.36421,138445.72,DOS-HTTP_FLOOD
28.395462,7.16077,60.585926,-1195.3843,-0.03731102,0.18865174,0.05955066,0.13897765,0.6117506,0.045136616,-0.0065526622,69.03252,17.813374,2.0345356,4.9620504,0.6235137,0.09878778,0.04464996,0.025042105,0.014828129,0.0010237098,-0.008524264,0.8790053,0.05096996,-0.025525387,0.061061032,0.026202887,-0.048119903,0.9834687,0.9275824,85198.23,60.30069,3742.9958,814.07935,990.8605,831.473,0.0010596846,106.71914,1.02044194e+06,DOS-HTTP_FLOOD
33.817562,6.2076283,74.444626,24568.307,-0.07422039,0.2771256,0.05756359,0.24590115,0.77889526,0.023059055,0.09841055,80.40368,29.888475,0.77734506,8.552569,0.70383537,-0.08717012,-0.12390612,-0.07992564,-0.10879809,-0.13266942,-0.091160566,0.85958296,-0.07487398,0.053976677,0.16546515,-0.022958677,-0.11674023,0.90234727,1.0037978,84276.82,57.655674,2927.5742,774.4471,840.77167,732.063,-0.0016262265,114.793495,780779.25,DOS-HTTP_FLOOD
26.94309,7.182544,76.93234,61.592285,0.031689167,0.15915655,0.17387557,0.19843774,0.72626513,0.049495175,0.039746836,86.32631,16.938982,4.3761406,9.818229,0.50180453,0.01688283,0.03256379,-0.012470827,0.0200418,-0.028479714,-0.04375817,0.836251,0.16833337,-0.033512633,0.053440627,0.029006664,-0.02436255,0.97225934,0.9422104,36421.07,56.389904,1904.451,296.60446,420.1318,301.43237,0.008041147,99.1001,232671.67,DOS-HTTP_FLOOD
28.82975,7.170279,97.37677,-2947.975,-0.012740483,0.25124934,0.15347995,0.1803205,0.6120563,0.07226045,0.030448701,72.8549,28.438673,2.6796298,8.896707,0.5566149,0.055384245,0.07831438,-0.016278872,0.093843654,-0.06774268,-0.056313757,0.8515042,0.16422644,-0.032855965,0.08918416,-0.008016051,-0.02232288,0.97989243,0.93783617,44241.78,58.21181,3004.242,440.61435,730.80524,431.3694,0.00951971,93.499596,504441.22,DOS-HTTP_FLOOD
28.920448,8.340868,57.62164,3951.3074,0.010885502,0.20429157,-0.14397202,0.398115,0.63357824,-0.01699426,-0.06331227,72.80389,21.671223,8.639154,0.05137232,0.83095205,-0.05684901,0.1761625,-0.013467634,-0.076302454,-0.06995636,-0.106021136,0.6990452,0.10713745,-0.04954783,0.11446823,0.028315233,-0.10024151,1.019158,0.9879211,63917.805,57.742176,2269.7363,638.48413,711.6179,640.2176,0.0005798254,96.97651,414437.03,DOS-HTTP_FLOOD
28.119112,6.4517107,61.794376,4337.25,-0.09509173,0.27275378,0.07037106,0.088586286,0.48143324,-0.0025410433,-0.00044746557,50.594597,24.350157,-0.22530167,7.746504,0.45607895,0.058231678,0.002470538,0.04370177,0.016828442,-0.033464253,-0.0015892275,0.89254856,0.0678885,-0.080098584,0.03809096,0.013885714,-0.033815414,1.0003339,0.9390812,66816.66,63.23577,1938.797,666.2259,647.63,698.7503,0.0014172413,96.05046,554925.56,DOS-HTTP_FLOOD
30.795933,7.151104,63.604023,-386.62646,0.03866705,0.44325396,0.38429898,-0.0057812487,0.24272455,0.00932281,-0.01325084,27.594105,36.028458,1.6485145,19.364597,0.1129295,0.0140554635,-0.008481386,0.028173586,-0.023640191,-0.029832873,-0.000195615,0.8757287,0.10138865,0.018533947,0.002162184,-0.04318261,-0.023672802,1.0176673,1.0242275,11849.964,71.495865,385.06198,64.485016,92.14519,48.28512,0.00044208055,94.05917,22844.838,DOS-HTTP_FLOOD
29.205433,5.8182797,113.68307,7929.802,0.03709955,0.18047152,0.18131435,0.07224324,0.9294307,-0.00050328556,0.06399659,96.23342,21.517973,3.656735,11.076538,0.30064583,0.2857166,0.027020855,0.03776087,0.024377035,-0.08699025,-0.020212708,0.92408943,0.035582453,0.050934196,0.10486401,-0.04908786,-0.023979599,0.9330779,0.92057014,23146.264,56.311302,1387.7181,169.62988,293.3604,141.75723,0.00864188,101.86966,159724.78,DOS-HTTP_FLOOD
33.63191,7.966332,66.18184,12880.242,0.008716275,0.37550667,0.011544664,0.17219831,0.47914007,0.035721365,-0.048026573,47.426514,31.909748,1.1247083,4.5252914,0.47001335,0.2701076,0.008546984,0.05137382,0.012775077,-0.028238231,-0.019320533,0.88874006,0.011511682,-0.048574954,0.0394869,-0.005166945,-0.0057570543,0.9584342,0.98068374,69913.9,60.78971,2394.6606,697.9482,767.5902,731.5385,0.000604083,103.04689,771737.0,DOS-HTTP_FLOOD
30.281555,7.0930867,70.32512,17022.592,-0.0015294552,0.27078056,0.2724919,0.060147412,0.775987,0.007306546,0.022306554,72.717865,27.498674,0.5926762,12.200995,0.18825604,0.3198531,-0.034583263,0.075363934,-0.02060225,-0.066726394,-0.011156722,0.9419503,0.02070817,0.0063240714,-0.011489274,-0.035439845,0.0019898918,0.98667425,0.96675956,29050.758,59.985584,444.19928,156.8133,110.119736,137.05753,-0.0010057283,95.89602,59863.188,DOS-HTTP_FLOOD
28.237907,5.9013257,65.523,1559.0999,-0.0038291607,0.21340536,-0.031809587,0.08373945,0.63715196,-0.021093477,0.028174479,61.127884,18.884747,-0.056975536,1.2570524,0.26671764,0.46301338,0.057323273,0.026627399,-0.015819293,-0.011868124,0.0056947535,0.80022156,0.06214583,-0.00294731,0.022325218,0.007551363,-0.01930119,0.98523945,0.94653726,38617.977,58.822548,1711.6279,250.06195,409.28275,302.9064,0.0009787293,94.31305,252307.61,DOS-HTTP_FLOOD
31.56965,5.574404,103.04993,2713.928,-0.05318292,0.20340979,0.26390684,0.15568636,0.91217935,-0.005282741,0.056711998,84.96691,21.406448,0.25691128,10.041546,0.3432646,0.24746378,0.011693941,0.06335537,0.027788732,-0.061375942,-0.052317113,1.0024302,0.023541272,-0.04703425,0.010833088,0.0009543728,-0.05559266,0.972478,0.9616027,39049.285,61.05087,1737.4194,336.00525,435.52164,379.15125,0.0011460618,98.04299,253254.45,DOS-HTTP_FLOOD
23.308397,9.627403,76.75249,177488.67,0.10781863,0.13314457,0.47598884,-0.015950037,0.5758635,-0.05179636,-0.027448365,80.2657,14.113617,5.6287527,18.586506,0.36554486,-0.03832832,0.043300144,0.0058572413,-0.05617266,-0.042112865,-0.16859151,0.78769934,0.13896628,0.05509242,0.00584694,-0.04750821,-0.028886728,1.0858759,1.0953592,44097.46,58.537304,1579.9052,440.76077,298.93225,374.22543,-8.292349e-05,120.03285,153018.52,DOS-HTTP_FLOOD
23.220568,7.5293055,54.769005,10033.775,-0.0106735425,0.15170294,0.24112715,0.22896571,0.4760641,0.0187369,0.073016725,58.184483,13.056301,1.8247488,16.27063,0.57945675,0.0061581023,0.002744114,0.012668638,-0.060116433,-0.040249065,-0.014010943,0.82531905,0.08851287,-0.018275838,0.091332726,-0.04642425,-0.063870974,0.9810457,0.96214175,46953.36,57.029434,1524.0242,398.246,448.56018,405.92694,0.0001821362,95.93513,266408.8,DOS-HTTP_FLOOD
33.60135,5.302188,90.651474,5110.5044,-0.04228673,0.173152,0.13312495,0.5024056,0.9571704,0.031470373,0.08634189,94.25572,16.372938,0.5655915,10.76231,0.5027039,0.21379815,0.036582466,0.004166621,0.037932437,-0.039122768,-0.06037103,1.0596539,-0.012699156,-0.03145522,0.04178843,-0.0101345815,-0.040227912,1.0000064,0.97555506,67988.86,59.498684,3086.0735,674.64325,790.89703,675.9501,0.00074070523,107.20644,596825.44,DOS-HTTP_FLOOD
25.504126,6.3615847,60.93438,-342.45068,0.0057063904,0.13881052,0.4973758,0.13631882,0.6649996,0.026300337,0.01319167,61.491463,12.532858,1.8072503,18.905619,0.41178778,0.096931554,0.010657375,0.035197675,-0.031602696,-0.047555458,-0.10909544,0.970983,-0.0044895145,-0.007919508,0.07281807,-0.043217063,-0.0942235,0.94911087,1.0020638,27456.531,57.547825,1256.53,126.46009,309.1885,183.20435,0.00032285653,95.59278,146373.39,DOS-HTTP_FLOOD
32.11231,5.836333,64.54961,4810.2144,-0.05267206,0.30827078,0.03155315,0.08781349,0.74848866,-0.0017110084,0.0026521413,72.529884,28.260994,0.48653546,0.79597145,0.44396073,0.07110746,0.0050541107,0.0851529,0.067779586,-0.050570924,0.0573911,0.95153844,0.024564194,-0.07161108,-0.071082085,0.030680507,-0.06808386,0.9341537,0.968036,60900.23,68.50043,2010.269,549.20593,644.81354,555.05225,0.0026363526,97.88293,987540.94,DOS-HTTP_FLOOD
24.791307,7.9509773,79.22648,1440.5593,0.0232438,0.16266273,0.115284555,0.23895608,0.4901931,0.08814088,0.035683703,68.72,16.859266,3.784053,10.128412,0.7096392,-0.005770066,0.027031431,-0.02181198,0.06703621,-0.06138299,-0.0177837,0.76542664,0.18807475,-0.04387936,0.049423844,-0.022670273,-0.058521908,1.0492742,1.0173697,80153.81,56.83053,4976.543,756.19775,1110.1992,771.0729,0.0018157857,105.397606,875426.0,DOS-HTTP_FLOOD
28.059515,7.4054723,65.58916,-1996.7017,-0.061200358,0.19774853,0.17845997,0.005943771,0.62795246,-0.028585996,-0.035941903,67.66059,19.696793,1.7944548,12.827414,0.42895514,0.036895003,0.011245538,0.0029979413,-0.013962511,-0.015457197,-0.052447036,0.86916727,0.046862993,-0.060706183,-0.013066938,0.036910824,0.04579365,1.0522805,1.0823209,63475.285,170.76035,2036.3729,741.2319,509.44632,775.70135,0.0003385037,104.131584,321223.34,DOS-HTTP_FLOOD
31.041546,4.7829895,63.730637,4394.1226,-0.043610767,0.13708276,0.0042213267,0.38682958,0.79364806,0.071363606,-0.0016245316,80.960266,10.728164,0.18364915,3.6708727,0.7015436,0.0161196,0.02294531,0.04912829,0.057301387,-0.0013161753,0.08140586,0.9646738,-0.01870086,-0.068285406,-2.3166649e-07,-0.025970347,-0.03593427,0.9697247,0.9205112,72813.14,59.945248,2781.3418,604.25745,772.8373,605.687,0.004858494,104.56226,826917.44,DOS-HTTP_FLOOD
32.207993,6.1406407,71.703735,-6175.7017,0.016178286,0.15751968,-0.038462397,0.26730433,0.99237293,0.08257857,0.01307199,108.0996,16.845066,2.0565643,1.1557372,0.58262736,0.10855102,0.0153695755,0.0059520686,-0.01719513,-0.00037197955,0.08643226,0.95051193,0.13737293,0.0153826885,-0.048255883,0.0073982817,-0.087074086,0.88725394,0.9581913,93727.29,57.969917,5629.6626,830.68146,1147.6764,825.709,0.003380905,106.1864,1.3153368e+06,DOS-HTTP_FLOOD
29.685888,5.8596506,62.041718,15876.201,0.11800797,0.2819971,-0.048586555,0.14219339,0.7264853,0.019959293,0.07663171,89.46686,26.797794,5.136055,-0.12903251,0.57011044,0.07344152,-0.031697802,0.09153512,0.029395541,-0.03758515,0.053639118,0.829002,0.04810628,0.00929593,0.13959856,-0.033766363,-0.10516012,0.915111,0.84944725,44400.5,56.672707,2205.7998,365.1539,515.0275,397.90906,0.0029071418,101.1426,435125.88,DOS-HTTP_FLOOD
34.212013,5.5035486,64.57282,234.45605,-0.03300822,0.19655775,0.26444307,0.13954003,0.9563368,0.05358036,0.0010614889,93.75337,19.710838,0.2015306,14.250288,0.65289485,0.03036782,0.011051222,-0.00095556024,0.03735838,-0.017835284,0.053027812,1.090157,-0.04571614,0.013715732,-0.055129297,-0.03650182,-0.012799444,0.9701543,0.9988273,49131.996,65.75169,2517.6511,455.67538,718.31445,466.2852,0.0012059547,101.83106,536510.6,DOS-HTTP_FLOOD
28.030294,8.602851,64.83163,3024.1665,-0.01232719,0.63245445,-0.048650444,0.08912039,0.105428144,0.031905234,-0.009298365,20.670113,38.674618,0.8899716,2.4169126,0.17197779,-0.0016054712,0.010609146,0.03604908,-0.06929864,0.047736026,0.01740351,0.63331664,0.23039225,0.03960684,0.11009516,-0.0015770551,-0.06589963,0.9553999,0.9229773,35569.312,58.757256,1622.5522,274.83188,376.26862,353.9121,0.0006351153,97.114105,296841.25,DOS-HTTP_FLOOD
36.65928,5.531095,65.8145,3641.522,0.038585704,0.47761258,-0.0021588197,0.0436562,0.57954246,-0.07939849,-0.05605034,53.669334,35.97937,1.9172986,3.6726494,0.51767814,0.060147323,0.051397055,0.07154146,0.023389898,0.011976942,0.010491045,0.98591924,-0.0288097,-0.0066423146,-0.00069486094,-0.08499323,-0.03152992,0.98069006,0.97441036,42971.906,62.85695,2465.9326,358.0715,609.1743,370.34406,0.0015514145,103.09852,678500.25,DOS-HTTP_FLOOD
35.606487,6.7215614,70.64673,3425.1738,-0.03946927,0.20518115,0.31628338,0.18492948,0.92437655,0.024416234,0.018623134,93.803665,18.712585,0.13555324,18.475103,0.6118013,0.030807165,-0.00056910794,-0.0096988715,0.021149635,-0.026239073,0.07167352,1.0576739,-0.021024734,0.035269875,-0.110442005,-0.00027858187,0.030388758,1.0142437,0.99980056,65128.027,75.580284,2997.9836,681.1524,855.18304,693.13116,-0.00036351796,105.86226,727855.7,DOS-HTTP_FLOOD
35.13948,5.976167,82.70181,3775.126,0.04259905,0.31263396,0.0565026,0.20957461,0.89003754,0.017974006,0.011497108,94.24784,32.6477,2.9533575,2.4261687,0.57168615,-0.0442185,-0.021352766,0.00066573266,-0.00881581,-0.000828295,0.012387269,0.93564767,0.10028787,0.008104194,-0.00415517,-0.018221647,-0.048242062,1.0172223,0.9603743,23661.902,64.862785,808.1381,185.36603,188.9224,228.4238,0.0016467085,102.18685,82148.72,DOS-HTTP_FLOOD
29.618702,7.9952526,58.74788,-398.95996,-0.12134936,0.19120987,0.11951075,0.47426358,0.71352684,0.04764339,-0.039976332,67.495285,15.947029,1.1493455,11.796149,0.4557352,0.090697885,0.008518988,-0.007219617,-0.011241808,0.027450306,-0.012203575,0.84077287,-0.03342695,-0.05517313,0.043371934,0.09951898,0.020798093,0.96971786,1.0670464,78687.28,174.93698,2458.1023,972.28046,620.8829,1030.8416,0.00027396058,105.86941,481761.5,DOS-HTTP_FLOOD
25.28695,11.0849285,65.09694,2706.4065,-0.15890451,0.20086356,-0.16642404,0.1793914,0.4508457,0.050026815,-0.017045049,46.76592,18.280357,0.028190762,0.70555353,0.43675232,-0.0057150363,-0.016850123,-0.09789042,0.013319973,-0.014029602,0.049653254,0.6121,0.20679407,-0.051764216,-0.0337356,-0.011342856,0.032973073,1.0722692,1.0225037,62807.742,179.74278,1826.3674,948.2723,372.93994,1049.2369,-0.00025680684,96.41324,243044.2,DOS-HTTP_FLOOD
27.623402,6.93183,58.238525,35441.465,0.113171935,0.116089724,0.24814151,0.13109034,0.5706437,0.07825278,0.046163358,75.21842,10.100302,5.6566153,16.380638,0.84774107,-0.017108502,0.03789766,0.06366952,0.016379358,0.0018389523,0.024842246,0.8735216,0.0077187116,-0.01444681,0.08018346,-0.012817068,-0.061223622,0.97971636,0.872439,68593.55,59.380146,2499.12,627.6555,674.8092,633.6149,0.00030243787,110.40116,656180.4,DOS-HTTP_FLOOD
29.340578,6.606509,61.208935,3877.2654,-0.03883329,0.26672274,-0.07524612,0.07757887,0.63839686,-0.011934348,-0.08055471,63.211967,33.83592,1.2984724,0.525785,0.016562033,0.6766198,-0.07426664,0.007825409,0.028154425,0.03062068,-0.061023682,0.62842155,0.015775109,-0.057313487,0.08452703,0.09419918,0.07363731,1.0461109,1.0667486,65775.59,175.91714,2442.5818,814.6118,633.2122,1022.897,0.004859473,119.463264,577016.56,DOS-HTTP_FLOOD
32.02841,6.623252,65.4772,-1913.0171,-0.0068100076,0.1964373,0.18026634,0.17033687,0.7725407,0.03348956,0.027324913,90.61106,19.146275,0.32903522,17.401213,0.73870087,-0.0037102622,-0.021975428,0.037856918,0.043581136,-0.0396246,0.068126574,0.984168,0.035217203,-0.052477755,-0.042161882,0.014670242,-0.035420563,1.0286355,0.95260406,77108.18,60.854465,3635.2466,822.87036,962.01135,826.8105,0.0015353266,109.97107,921177.8,DOS-HTTP_FLOOD
24.197525,11.26476,71.22612,13410.277,0.031612355,0.21473356,0.08727771,0.17144889,0.14147109,0.043866806,0.003713409,34.38245,21.65459,3.5639424,16.987598,0.5871435,0.022691283,0.017794622,0.0017063227,-0.007408475,-0.06165598,0.047872964,0.61077607,0.30267528,-0.001712474,0.027682323,0.0041126087,-0.042531632,1.0347654,0.9808206,69225.01,58.088226,3052.187,751.95013,861.86395,762.67896,0.00069320004,89.98304,657356.6,DOS-HTTP_FLOOD
32.34294,7.24701,79.05834,18206.455,0.0373621,0.11523657,0.04149409,0.119837634,0.92798895,-0.023474053,0.045513682,103.93005,9.745617,2.1571884,3.8497136,0.49193802,0.22406001,0.016420955,0.01533242,0.0020606304,-0.05884457,0.0066817272,0.9318153,0.092272975,-0.010111589,0.024564333,-0.017116874,-0.06195418,1.0155241,0.97312105,53375.984,56.61672,2905.7537,440.04813,652.142,418.28833,0.0007942941,107.874626,464054.56,DOS-HTTP_FLOOD
33.25878,5.1317434,55.98092,5755.199,0.021918885,0.2929252,0.06261347,0.120074466,0.7936299,0.003183608,0.054232445,90.97504,30.340458,1.56003,1.6848952,0.84574825,-0.177754,0.035776593,0.06847171,-0.038923874,-0.0013342523,-0.04686231,0.9393085,-0.002941612,-0.019509139,0.12143241,-0.04104832,-0.12887897,0.94641846,0.91779006,52836.08,60.563255,2227.1821,445.15475,615.9649,547.565,0.0012148096,112.78201,488206.03,DOS-HTTP_FLOOD
24.553307,7.5854187,62.642754,2450.9973,0.023841921,0.1857246,0.10765448,0.21531141,0.3914831,0.019118559,0.013336221,44.459747,17.59801,2.876639,14.624032,0.45087773,0.26259053,0.034931,0.0107630845,-0.008127195,-0.025797551,-0.009569609,0.747214,0.16622183,-0.027506014,0.10881981,-0.019791748,-0.051323604,1.0010245,0.95852935,38454.15,58.338703,1971.3042,331.99057,524.7742,319.45764,0.0026907164,89.1677,314816.3,DOS-HTTP_FLOOD
34.376568,7.5534806,62.512318,12611.328,-0.06780827,0.33134305,-0.108739465,0.3141444,0.52938026,0.06738603,-0.0036618859,54.37901,30.17553,1.9763529,1.0598205,0.59453034,0.02215086,-0.014974412,0.0012333086,0.018010614,-0.03831818,0.06635495,0.84087324,0.10051861,-0.004327069,0.0027100497,0.0001267111,-0.00066745095,1.0175911,0.9393432,65045.17,115.02904,2272.9888,814.8039,688.45905,884.3241,-0.00080926385,98.48364,533739.56,DOS-HTTP_FLOOD
30.046108,5.8695874,62.572258,7273.5063,0.03348163,0.17374396,-0.0088147605,0.20236209,0.8497226,0.010361062,0.0609257,93.4187,16.024054,1.4224839,2.0272627,0.6530196,0.011010021,0.032600798,0.015790028,0.007030205,-0.020619657,-0.035771802,0.9050479,0.060317267,-0.06101023,0.05856759,0.02738502,-0.040119365,0.94772124,0.91436917,39958.188,56.48491,2066.6096,369.51816,497.89062,386.30466,0.006726175,103.05495,335849.16,DOS-HTTP_FLOOD
29.185694,4.7902164,61.225445,-2366.7163,-0.08533886,0.07278355,0.108552784,0.3172891,0.7235016,0.0301008,0.011685594,70.62991,4.8348956,0.50219744,11.756895,0.6968329,0.027355695,0.046032783,-0.021913517,-0.005738614,-0.042576082,-0.022319296,0.95032597,-0.028699128,-0.021333976,0.07653685,-0.011586709,0.027268838,0.9784093,0.95079607,73746.07,65.35192,2455.6816,693.50104,752.97034,707.3024,0.004626536,99.70889,562539.7,DOS-HTTP_FLOOD
31.983175,7.1533065,82.354065,8848.699,0.0875489,0.25799242,0.20658964,0.115856305,0.7984435,0.04279335,-0.015286646,91.48503,25.999714,2.8128042,11.069519,0.64620996,-0.0110735595,0.02280267,0.0140951555,0.029969206,-0.029163375,-0.005589579,0.96813077,0.033389304,-0.015598778,-0.007982088,0.0020453427,-0.020706972,0.96872336,0.9466016,54980.473,57.891438,2928.3564,503.52628,715.4355,484.1027,0.00076088775,106.78487,685816.2,DOS-HTTP_FLOOD
34.681526,6.314171,64.35963,1682.8984,-0.04508476,0.24436057,0.07020664,0.07766,0.99479544,-0.095459774,-0.14513166,96.5372,32.919945,-0.088872574,4.1339192,0.14033574,0.3376408,0.016732119,0.14622079,0.12018469,-0.13710436,0.022908054,0.85448986,0.11641696,0.0075365296,-0.08056148,-0.07773499,-0.053456318,1.0079739,0.9420788,60040.688,105.26805,3331.2085,661.6745,730.71796,606.9045,0.0009697144,103.93857,652530.44,DOS-HTTP_FLOOD
31.659138,5.4075766,81.928474,3304.1697,-0.022079237,0.1701268,0.015657239,0.3149176,0.8081026,0.002008407,0.030771367,80.61283,17.662998,1.6356843,2.3625293,0.6794599,0.012855372,0.009780651,0.034817908,0.045100894,-0.02780677,0.031243626,0.912819,0.043064978,0.0005124882,-0.010958618,0.017836146,-0.05509993,1.032315,0.9767748,66436.44,63.586647,2804.6982,570.63116,713.85693,623.6522,0.0016092996,102.90652,575282.44,DOS-HTTP_FLOOD
30.105703,5.4710374,62.351665,1250.6123,-0.035584092,0.17372485,0.11606485,0.05496335,0.6805593,0.043428227,0.004835506,71.79839,17.148846,1.666604,14.727469,0.47292188,0.43771297,0.03863531,-0.00081117265,0.0031855237,-0.08815399,-0.03321042,0.97469914,0.011640304,-0.041573353,0.026165131,-0.015204303,0.025548805,0.9949206,0.97460526,62292.96,62.02734,2851.4004,656.619,763.09503,638.3835,0.00032840486,97.411575,553236.8,DOS-HTTP_FLOOD
30.679132,5.7198815,117.70968,22680.225,-0.017940778,0.31792375,0.539967,-0.02958915,0.8123582,-0.009357697,0.06533636,80.26174,29.937773,0.86394846,13.934074,0.124948464,-0.0020465062,-0.009076105,0.07788719,0.00016111415,-0.07103271,-0.017777847,1.0117475,-0.05374592,0.0016226154,0.048212055,-0.012034461,-0.013828332,1.0098652,0.96725434,14441.203,59.302856,-60.71454,36.79591,-11.723507,17.49363,-0.00028984068,93.265495,25262.904,DOS-HTTP_FLOOD
37.853374,5.0448513,65.41905,12221.525,0.0066525303,0.22842686,-0.001638867,0.34255126,0.88496494,0.048602074,-0.014597613,82.17144,20.49775,1.7562951,3.0589638,0.7894153,-0.013422853,-0.003948575,0.020085845,0.0820887,-0.024773592,0.056993272,1.0715687,-0.05340909,-0.049546417,-0.08251993,0.008746548,0.0020719133,1.0028819,0.9706771,65024.68,72.9562,2041.6014,586.0674,693.70605,585.66254,-0.0009629997,98.20727,666625.9,DOS-HTTP_FLOOD
31.964428,5.035877,65.190025,-379.4121,-0.013248611,0.08993814,0.18645285,0.23129867,0.81677777,0.030583061,0.0353683,77.05028,6.0397196,0.65055144,11.30272,0.7306292,0.030701283,0.006948984,0.013795905,0.003252332,-0.008728126,-0.0012989296,1.00933,-0.06458732,-0.0297384,0.046266392,-0.03955741,-0.012974896,1.0020674,0.9273806,73373.04,61.323277,3146.0498,616.45715,850.3976,609.81445,0.0020435143,102.72876,731524.7,DOS-HTTP_FLOOD
26.629814,7.505376,62.810654,-3677.665,0.012879249,0.060088664,0.10859945,0.14297898,0.5698628,0.021524705,-0.003684943,81.30139,8.273173,1.1174124,9.086879,0.6871327,-0.04126798,0.07249544,0.022160586,0.07302544,-0.056819465,-0.06449278,0.8016166,0.17739204,-0.004248058,0.064642355,-0.03581094,-0.015363615,1.0354955,0.960541,104505.32,61.098263,4873.363,971.24084,1188.1813,987.82544,0.0010216747,114.47564,1.0738095e+06,DOS-HTTP_FLOOD
27.84566,8.539309,72.44769,-714.3452,-0.0009387545,0.2640783,-0.1074645,0.1277566,0.47651073,-0.0047271037,-0.0072154477,52.952435,26.323925,1.8370285,0.3310737,0.47180098,0.12956643,0.02721915,0.0115351975,0.0015090965,-0.009139761,0.020163825,0.7053025,0.19475757,-0.04095295,-0.021309882,0.05992019,-0.055477288,1.016076,0.9448554,50310.164,59.30811,2427.4958,435.1165,632.6334,473.0189,0.005577037,97.886635,456800.16,DOS-HTTP_FLOOD
33.74,4.745805,65.08499,4242.585,-0.072117954,0.20981376,0.10518324,0.14353266,0.7524912,0.043225814,-0.06595255,63.497684,19.903683,-0.12188344,6.946451,0.58729064,0.28290316,-0.02205649,0.038492635,0.018559432,-0.062602445,-0.011449316,1.0173593,-0.05946297,-0.060954034,-0.08162678,0.019720897,-0.0362634,0.9978222,0.99094445,76774.15,67.51577,3019.228,998.42804,920.2398,1000.7496,-0.00020198863,94.82388,877467.8,DOS-HTTP_FLOOD
31.299059,4.7811804,109.70266,6087.383,-0.030191332,0.14265294,0.23890403,0.1886571,0.83878905,-0.013015365,-0.0030346075,90.35969,14.564066,3.864093,11.902175,0.49534056,0.032809492,0.03298615,-0.01283841,-0.022192053,-0.05156795,-0.054666847,0.95087206,0.027447132,-0.0016049948,0.060065366,0.06243012,-0.029073607,1.046938,0.99528295,55165.305,65.62822,2033.0491,563.59033,514.7341,550.4231,0.0011243353,110.04668,313094.1,DOS-HTTP_FLOOD
36.79557,5.905149,64.80067,4003.5825,-0.0066833664,0.30485907,0.17616987,0.36752787,0.99004334,0.007290677,-0.004561385,95.68723,27.789518,0.17068145,9.373545,0.67571425,-0.02023198,0.0014770962,0.03195571,0.053490866,0.008045122,0.07551522,1.0903608,-0.014793516,-0.0012406847,-0.032928493,-0.07874395,-0.025326781,0.9457293,0.9396549,48631.477,59.07824,2725.177,389.71002,668.4122,406.09363,0.00034172297,97.34111,681706.0,DOS-HTTP_FLOOD
28.88045,4.124422,62.582382,596.6553,-0.005738288,0.10574176,0.21715093,0.35004756,0.75663674,0.02302617,0.05760692,68.236176,7.1762085,0.7132776,13.473315,0.6761215,0.016019769,0.03257101,0.0028299121,0.004494847,0.0036327913,0.00034507364,0.99226147,-0.041195255,-0.04235498,0.07667509,-0.0006337743,-0.019051194,0.9579144,0.96546906,42394.043,59.747177,1780.4034,358.99515,502.36295,350.65207,0.0042460943,93.72875,327956.25,DOS-HTTP_FLOOD
29.277504,7.2354913,69.428375,2452.6455,-0.01431044,0.14682284,0.15789092,0.07656449,0.6357921,0.012594214,-0.05566034,71.42437,14.271903,0.9640931,13.220807,0.6326159,0.032499105,0.027039316,0.016404843,0.020195402,-0.07017491,-0.055677596,0.89922273,0.05322696,-0.039524175,-0.038498078,0.039675705,0.00792873,1.0383651,0.9785847,82766.55,62.396324,2252.158,815.81726,736.21045,816.2511,0.0004951006,103.82489,610171.2,DOS-HTTP_FLOOD
28.38403,8.099933,66.148766,805.27,-0.10640439,0.31579056,-0.19387485,0.38269207,0.5734948,-0.033766035,-0.055037905,63.02713,32.453476,0.18936284,0.83460367,0.35508114,0.024199862,-0.031629436,0.0133371055,0.009563201,-0.021961778,0.007674419,0.7309131,0.0949528,-0.034872655,0.07590379,0.02177733,0.008328267,0.9868975,1.0014645,65796.24,164.61102,2114.9902,778.408,511.27496,928.9989,0.00190788,107.23705,319818.78,DOS-HTTP_FLOOD
24.863705,7.2476573,63.798138,2064.4968,-0.045242295,0.14487945,-0.09039986,0.41731653,0.5567845,-0.0050207223,0.015711604,65.1919,15.067864,1.1794263,1.1343302,0.57632774,0.0067389333,0.017268624,-0.005367021,0.037588026,0.009351232,-0.016493855,0.7721087,0.19742157,-0.033609238,-0.037701506,0.02894216,-0.048065603,1.0291146,0.9833297,69168.664,62.53881,2641.336,687.4037,719.5467,704.9878,0.0011342098,94.569405,601598.6,DOS-HTTP_FLOOD
32.844692,6.3167453,61.95815,478.94897,0.08005923,0.32405484,-0.01957231,0.08528981,0.69124407,0.00068691385,-7.8796875e-05,76.32036,34.06005,3.9132497,0.2419338,0.94950545,-0.21980715,0.052934583,0.09299955,0.05163259,-0.006945962,-0.074620135,0.8834761,0.09867745,-0.0027808407,0.08982315,-0.055705935,-0.15241857,0.9916248,1.0090808,61531.84,59.51382,4089.6238,607.28467,1006.67896,647.3692,0.0021214532,105.49406,1.1057242e+06,DOS-HTTP_FLOOD
32.693268,5.873723,80.73423,-3716.3433,-0.060271244,0.21606155,0.21054012,0.21926533,0.86251384,0.063804895,0.0034553208,92.0153,23.3776,0.17287487,10.106377,0.5732347,0.092700146,0.033617042,-0.008500301,0.074116796,-0.12515946,-0.043740053,0.9593544,0.02183245,-0.020567916,0.02012477,0.018863188,-0.03377695,1.0435665,0.98895365,63224.152,63.086613,3242.9539,612.04535,755.99896,634.33014,0.0020408435,105.21495,490732.2,DOS-HTTP_FLOOD
25.55124,5.4543133,61.11244,-2509.8457,-0.09009507,0.16345339,0.03904857,0.19720298,0.5654623,0.0147812255,-0.01347384,69.150894,16.431955,0.25902346,11.362939,0.5231677,0.030490397,-0.0039397785,0.02685156,0.16867784,-0.08472428,0.10099895,0.82897997,0.093186796,-0.015810875,0.03296699,0.08789407,-0.09618953,0.93706906,0.9140957,86064.89,72.41821,4009.1738,762.18555,844.387,715.4784,0.0028751937,103.90274,1.022955e+06,DOS-HTTP_FLOOD
33.976513,5.3953466,79.352036,2341.6309,0.075962104,0.19588993,0.10884114,0.0519417,0.75749916,-0.009201915,-0.0049069338,71.84914,17.739752,11.386823,6.2403913,0.715133,0.090841435,-0.03544468,-0.030553732,-0.02063607,-0.04627555,0.05841199,0.9905802,0.024648648,0.044933405,-0.022825554,0.035474367,-0.032210007,1.0377221,0.979838,46474.914,67.36648,2533.1785,410.39175,557.2312,426.82828,0.00084285636,98.566376,337895.7,DOS-HTTP_FLOOD
25.834328,8.360782,99.090836,6118.994,0.0004466623,0.15836723,0.043780435,0.07273979,0.51438975,0.033029445,0.033502594,69.72536,13.115728,1.9617221,6.076935,0.33948973,0.26129276,0.029087402,0.00869783,0.046125505,-0.05720185,-0.007889992,0.7837838,0.09209045,-0.015564481,0.03382612,0.03222563,-0.042570215,1.0423945,1.0100492,88465.14,59.22429,2871.3926,820.60077,721.46106,820.68427,0.0018374044,117.70717,668343.2,DOS-HTTP_FLOOD
27.495766,7.870205,62.191963,9648.191,0.106620975,0.46335894,0.18357955,0.027956653,0.34018406,0.0038184929,-0.03200857,37.768265,36.87442,2.762163,11.17388,0.22780958,0.16767727,-0.031228464,0.06552793,-0.03797622,0.019107297,-0.07907003,0.7737239,0.074977785,-0.00037989812,0.10154308,-0.041854918,-0.02074198,0.91002303,0.9334436,13170.1,57.573154,357.86877,66.15218,47.806778,87.79007,0.0020042404,95.67967,14950.751,DOS-HTTP_FLOOD
24.985643,8.254997,98.127,-839.541,-0.08726283,0.12991065,0.42358056,0.12910844,0.4961877,0.055716492,0.07590106,50.108097,12.184839,-0.24320745,19.230762,0.35221484,0.001869622,0.02143072,0.020894054,0.0009216415,-0.078265004,0.0050900783,0.8447289,0.09720986,0.010110476,-0.0074857445,-0.008173649,-0.038840927,0.9813968,0.9790252,29792.125,59.79404,1970.2421,422.9853,615.05585,413.52997,0.0016598107,90.6397,357554.6,DOS-HTTP_FLOOD
25.588894,6.772989,61.098217,13944.564,-0.0046912674,0.20173672,0.13167223,0.042952154,0.5572824,0.011101974,-0.009645859,65.671005,25.901346,-0.017773904,12.740118,0.38594273,0.015337824,0.059798587,0.06723967,0.01149814,-0.024558268,0.03985367,0.8075984,0.0983352,-0.02747733,0.07311899,0.056857444,-0.050190188,0.93159515,0.9630691,49381.625,102.54727,1808.8551,704.8202,527.26556,635.57886,0.0004685223,104.827705,364671.78,DOS-HTTP_FLOOD
28.85083,6.8058114,60.086956,9250.12,0.040298343,0.16194828,0.022441242,0.063219845,0.6683821,0.0071121566,0.055726744,83.446594,16.389431,1.9324641,4.890527,0.5564074,0.21537958,0.04240511,4.8568472e-05,0.017935662,-0.09204978,-0.10789046,0.8912751,0.045567486,-0.07488453,0.053471237,0.01288221,0.014694773,0.9998234,0.95379585,88290.35,60.3212,2674.397,834.67755,766.4381,819.89905,0.00029990714,110.68647,680746.3,DOS-HTTP_FLOOD
28.016657,7.002176,63.832195,-1020.4824,0.03541181,0.18653113,0.3288227,0.12674393,0.41952235,0.05308681,0.017892588,51.669464,19.02713,2.0274708,19.600092,0.5914485,0.05325808,-0.010558343,0.04312241,-0.022290023,-0.04977088,-0.043539725,0.88790005,0.049835127,-0.016239617,0.03525699,-0.037397157,-0.07567939,0.9806719,0.9524884,37005.21,59.178894,2394.9424,314.2704,633.39,349.2699,0.00160023,103.53773,445297.75,DOS-HTTP_FLOOD
33.733967,4.483888,89.39484,-1416.3872,0.07291219,0.15618561,0.14428084,0.41230747,1.0711113,0.032395206,0.015588776,107.925766,16.805573,8.3077345,7.9182644,0.6461909,0.06455445,-0.0047970004,-0.04966825,-0.05577153,-0.029838318,-0.08277534,1.0557973,0.011896029,-0.004252505,0.044612233,0.07717873,0.05660408,0.9671044,0.9743119,39024.668,60.462727,2233.398,389.397,515.0804,366.4179,0.0094831595,111.05451,297808.56,DOS-HTTP_FLOOD
25.175186,8.34151,67.91886,2946.3516,0.047992885,0.20533745,0.17484236,0.1356427,0.4312705,0.047613144,0.08241157,69.949104,21.564428,4.853564,17.8222,0.5967494,0.15621398,-0.007665683,-0.011572073,-0.019421976,-0.09260532,0.025337776,0.86455786,0.13803104,-0.017866837,0.098174594,-0.07274308,-0.049152836,0.9793848,0.97972625,63267.28,57.891895,3615.757,598.45935,825.7883,615.5087,0.0011857742,114.13728,568843.3,DOS-HTTP_FLOOD
26.228321,6.9632683,62.50245,59765.99,-0.043890435,0.100164644,0.2750666,0.053980876,0.53714424,0.07863331,0.013718566,61.334435,10.553822,-0.17585582,14.872628,0.49317327,-0.0061785327,0.058352843,0.02027672,0.0016109087,-0.0105475485,-0.01225796,0.844475,0.07517908,-0.053667337,0.03196984,0.0049310597,-0.08099058,0.9992143,1.018136,61393.87,59.96837,2611.4587,612.4193,652.7493,560.674,0.00016420938,102.07469,483547.38,DOS-HTTP_FLOOD
24.840689,9.229355,77.784225,5496.1562,0.067635536,0.11665094,0.1968371,0.06948729,0.52979285,-0.01977453,0.014380638,59.617767,10.795302,1.6727343,6.7949843,0.30402187,0.033607453,0.016244708,0.06375063,-0.0065677986,-0.036185365,-0.01650907,0.7051792,0.21070401,-0.021106945,0.054513846,-0.029854879,-0.0920351,0.9841848,0.93422014,23496.914,59.079636,384.30746,100.9594,53.467686,110.27071,0.004444496,89.58325,30747.764,DOS-HTTP_FLOOD
26.150438,9.036914,69.79503,3980.832,-0.05755537,0.13856792,0.16353452,0.20724288,0.46656558,0.05659935,0.064623274,58.7937,14.242912,-0.26108003,16.927736,0.5196087,-0.004237012,-0.019358981,0.0509024,0.01680527,-0.02067561,0.016088888,0.7908772,0.12002493,-0.05021796,0.01093661,-0.015583305,-0.019064847,1.0387367,0.9897055,69370.55,59.00529,2549.397,785.2041,763.7213,784.5303,0.0004969791,100.95188,641922.56,DOS-HTTP_FLOOD
33.94138,3.5430212,59.82402,5626.2964,-0.03931371,0.3158963,-0.014800217,0.17493074,0.7450562,-0.017243156,0.047903113,65.40413,26.573082,0.2782405,0.4061954,0.61318904,0.035179533,0.008756443,0.0070355693,0.006151325,0.037313126,-0.005843402,1.0257747,-0.04740083,-0.01602332,0.045266822,0.018329848,0.017203791,0.9310436,0.90242565,43600.17,63.546776,1754.8314,426.45917,584.5798,429.90054,0.004221766,89.70387,394250.53,DOS-HTTP_FLOOD
29.21349,6.6980767,63.890556,-8425.57,-0.061315805,0.16537094,0.21615896,0.1361085,0.5059378,0.056664083,-8.3760824e-05,64.46721,15.256878,1.2246399,19.395748,0.7580638,0.04097789,0.026721578,-0.027103497,-0.00017039012,-0.059813365,-0.0012730621,0.92985094,0.011874963,0.011667399,0.038804144,-0.031871475,-0.01958254,1.0225126,0.9740733,69339.0,66.73173,3397.1526,792.2498,946.68994,826.1967,0.006124824,106.47764,803963.3,DOS-HTTP_FLOOD
34.925358,5.541038,65.22319,40799.535,0.05149355,0.1973102,-0.10509676,0.20526488,0.78402084,0.03504072,0.014422184,72.29278,16.730368,5.205657,1.1661615,0.81883025,0.029236132,0.029205713,0.018744607,0.024504105,-0.016405411,0.025535868,0.946646,-0.046840455,-0.054618347,0.0009171199,0.045744643,-0.03640522,0.99848324,0.94248545,64643.105,61.95703,1827.668,599.27527,591.4699,610.6888,-0.00096528063,99.10661,543191.8,DOS-HTTP_FLOOD
23.344063,7.6880074,64.19532,6730.701,-0.06441055,0.13930994,0.28787115,2.0295382e-05,0.5266256,0.035747282,0.005246564,58.600178,15.139636,0.14528129,13.027353,0.3972468,-0.063388854,-0.0026919506,0.017808413,0.024008324,-0.03298288,-0.026622405,0.84567636,0.14424153,-0.0070723663,-0.022575088,0.00503242,-0.052561566,1.0582441,1.0193676,55467.09,60.992043,1458.2758,496.21725,431.5751,518.68097,-0.0002593685,94.5694,252869.0,DOS-HTTP_FLOOD
25.60542,9.811716,65.752716,15309.959,-0.010533434,0.2033768,-0.034039304,0.07718622,0.40753967,-0.00679807,-0.06455922,62.345486,21.74037,0.089554206,2.0663347,0.35527375,0.032482293,-0.03075133,0.014553273,0.022800058,-0.030128673,-0.009820996,0.75467515,0.21021405,-0.048436332,0.01867707,-0.032791466,0.0027060602,1.0666671,0.96833676,72684.77,61.466827,2138.25,723.4595,614.3988,763.68365,0.00054102024,102.31724,452808.9,DOS-HTTP_FLOOD
28.805855,6.421506,65.82827,95124.4,0.01980385,0.26022014,0.39623654,-0.06340008,0.84824854,0.067064114,0.045926604,90.897415,27.461756,0.056716125,8.270282,0.22872716,-0.062017906,-0.028198775,0.07134827,0.08398264,-0.07952932,-0.015187845,0.929575,0.029578714,-0.0027942378,0.011276748,-0.09039182,-0.077797934,1.0576721,0.97220075,39536.117,61.62927,1111.7767,254.68277,249.53467,247.65857,-0.0003965422,99.06729,175114.97,DOS-HTTP_FLOOD
36.815315,4.9720902,72.130714,2643.603,0.09896046,0.18822408,0.04670407,0.26389906,0.9692549,0.0015020528,0.026795313,93.367195,16.727646,8.831445,7.016235,0.49166572,0.59576374,0.029721009,0.032298822,0.056164186,-0.012879863,-0.0065350393,1.0280088,-0.05040611,-0.03365154,0.019681267,0.024886053,-0.022662692,1.0211427,0.97018725,66549.39,59.963966,2722.509,594.5619,706.7299,612.801,0.0018495693,114.462006,695847.94,DOS-HTTP_FLOOD
33.342995,5.3879075,66.77713,1696.5364,-0.052662335,0.13894619,0.09667113,0.2245791,0.76330054,-0.0013257627,0.0015719025,78.55342,12.404347,0.8647757,14.010959,0.7401175,0.025071327,0.02149206,-0.009296652,0.059066817,-0.028680589,0.0633075,0.98831993,0.04571956,0.002353359,-0.0151005,-0.0012665894,0.036747724,1.0052248,0.947337,69676.31,73.307335,2802.6897,667.213,806.59155,655.58685,0.0037854193,100.21576,694877.4,DOS-HTTP_FLOOD
39.482277,5.299381,72.56949,6276.288,-0.019293841,0.081087664,0.22385709,0.178921,0.96499294,0.06626003,-0.012013154,83.93286,5.30764,2.5281224,10.371559,0.8122378,0.027554078,0.014775077,0.0025401777,0.06142535,-0.03882305,0.06236473,1.1024925,-0.063490815,-0.010007232,-0.07649146,-0.014826629,0.052287,1.0194398,0.9488719,77244.92,88.2278,2465.444,726.70123,820.01373,699.4959,-0.00077809574,93.156105,751505.5,DOS-HTTP_FLOOD
25.572737,8.181649,122.82782,5413.336,-0.0035511423,0.176535,0.26476753,-0.013811625,0.6554376,0.02362195,0.09193385,82.20535,17.070658,1.2112978,8.049684,0.096881844,0.24857529,0.051453676,0.060711917,0.038358342,-0.09681261,-0.069866866,0.82164496,0.13681103,-0.014317011,0.09391698,-0.005587968,-0.0235135,1.0078087,0.96802837,36283.29,59.1365,1213.7673,285.83633,232.11243,282.17667,0.001546502,101.76097,135831.73,DOS-HTTP_FLOOD
31.372375,5.4331446,64.00776,414.9541,-0.013038067,0.18269677,0.27463937,0.16201474,0.72912127,0.01297226,0.017645238,63.660862,14.55298,1.1646179,15.109377,0.6276799,0.053379714,-0.013354512,0.050776064,-0.011252886,-0.0052438723,0.009312247,1.0153759,-0.07367215,-0.045164637,0.043798223,-0.037539937,-0.041332062,0.9901814,0.96417797,49206.48,61.305702,1882.4863,328.07956,575.6539,378.87296,0.001335013,99.3145,463574.0,DOS-HTTP_FLOOD
29.17279,6.48163,95.80042,-2850.356,-0.097045094,0.31869817,-0.034786746,0.26742265,0.60485756,0.0028897268,0.041150633,67.50642,32.128433,0.62089866,1.1733367,0.40096384,-0.0039851465,0.026622854,0.030173253,0.010490207,-0.0013883668,0.037638746,0.81421363,0.16542086,0.009233222,0.027518531,-0.013832079,-0.11943426,1.0420576,0.95914,33798.652,62.3846,1400.2214,254.46075,292.3098,287.496,0.0029930102,96.03364,134692.25,DOS-HTTP_FLOOD
25.718443,8.598906,55.281788,4738.2944,-0.020080509,0.13211401,0.014133386,0.12490217,0.30411834,0.063738994,-0.037650377,53.043205,11.447861,0.59270346,11.097347,0.66421145,0.015410512,0.040255032,0.031776976,0.05268199,0.014001077,0.0021501398,0.7229873,0.18270819,-0.068411425,0.04101537,0.0076465025,0.008491584,1.060027,0.95345736,106884.266,64.77751,3723.0789,1331.8256,1058.0759,1311.4125,-6.21754e-05,105.36946,1.0612051e+06,DOS-HTTP_FLOOD
31.19295,5.852771,91.19733,4178.27,-0.071998596,0.369104,0.33663872,0.16407363,0.6064343,0.056283914,0.04820324,60.29251,33.32376,-0.041228324,18.454268,0.21479774,0.30782935,0.014436122,0.039373357,-0.0055203214,-0.03585812,-0.029408393,0.9615086,-0.027245324,-0.008430384,0.064956196,-0.0044380873,-0.069882266,0.9700705,0.9928427,28571.018,58.01077,1712.0364,247.14398,435.22922,273.57602,0.0005531365,101.45311,262229.0,DOS-HTTP_FLOOD
28.257317,6.0615244,66.97315,4693.9326,0.06623702,0.02005581,0.33357513,0.07675158,0.81151307,-0.0030820929,0.017318245,77.31205,2.208519,1.7462306,12.668414,0.59643495,-0.05400909,-0.0020770682,0.025100831,-0.053136185,-0.037047293,-0.042484537,0.94150066,0.024922185,-0.048978027,-0.0064344634,-0.008012242,-0.011633792,1.019001,0.9875548,56428.65,62.81887,1673.8151,479.29874,509.08142,468.8842,0.00016035573,94.43733,331982.3,DOS-HTTP_FLOOD
34.39685,5.0298223,65.69744,3852.6504,-0.029876105,0.22663295,0.11443194,0.262046,0.787213,0.041433,-0.013958542,70.64181,20.967665,1.0099406,15.08698,0.5200026,0.2551254,0.039497256,0.017894957,0.0041251164,-0.00030095223,0.041855134,1.0122834,-0.013846265,-0.004206046,-0.029071132,0.006242655,0.0048536807,0.9505955,0.9743148,56325.332,73.48828,2567.415,558.0698,739.5971,540.7433,0.0007993044,96.21399,595393.44,DOS-HTTP_FLOOD
28.016083,6.614685,69.638466,487.0647,-0.05155521,0.114342,0.059424233,0.058850944,0.62784463,0.024858648,-0.008934309,71.320244,10.201433,0.37440598,8.136639,0.49844527,0.2027977,0.07599434,-0.013110608,0.039583288,-0.049460024,-0.046999127,0.86713,0.11376371,-0.032137968,-0.038148716,0.02653301,0.014960168,1.0139008,0.99384856,79834.67,68.982346,2831.2122,794.46564,756.29675,773.9017,0.0023933314,100.83181,603418.7,DOS-HTTP_FLOOD
29.657894,6.881031,72.318184,-5985.9634,-0.004263064,0.13701363,0.15463074,0.20712207,0.4563369,0.03238182,0.01138168,52.76089,11.918371,2.0203984,19.515936,0.63084173,0.22828989,0.028411772,0.0033034058,-0.03536375,-0.07598505,-0.019669883,0.9213998,0.052568134,-0.038472474,-0.013344376,-0.034784738,-0.04612171,1.0374537,1.0337778,62136.06,65.76112,2982.2688,647.45337,852.75354,641.9067,0.00074465387,108.05227,674583.94,DOS-HTTP_FLOOD
27.518295,7.0197387,77.498405,4220.141,0.16214825,0.2662437,0.111757286,0.06865127,0.4259227,-0.06513383,-0.1405219,56.342606,32.732574,3.0704455,12.622425,-0.006236015,0.15659599,-0.015284401,0.028888255,0.06976534,0.041658685,-0.071234,0.66129684,0.07463207,-0.0039737183,0.08428696,0.0922753,0.11825692,1.00273,0.9262188,47448.438,149.67143,1022.95544,441.63568,328.12604,489.44907,0.009981008,109.60433,158616.22,DOS-HTTP_FLOOD
34.763683,4.955124,67.25689,536.3218,-0.047355298,0.12452649,0.0036758091,0.32548577,1.1194714,0.027088763,0.02828503,110.0156,8.979597,-0.03355406,3.2188404,0.6018572,0.12764062,0.011902004,-0.044999342,0.026674697,-0.10525049,-0.0838612,1.0399773,-0.0642238,-0.018581158,-0.09006988,0.0018149847,0.04339189,0.99746007,1.0165546,83850.91,131.73584,3490.5833,1104.6825,863.1314,1131.6364,0.00046528882,116.40018,590331.6,DOS-HTTP_FLOOD
32.958664,4.9802194,73.48641,7719.11,-0.055369332,0.15904728,0.2871669,0.060761075,0.806358,0.059518315,-0.022151094,72.310905,14.841797,-0.14674968,12.09607,0.46064076,0.1715638,-0.02664726,0.040072963,-0.0003798725,-0.06783119,0.018283356,1.0140485,-0.051565632,-0.063446224,-0.01880503,0.043908548,0.022444312,1.0134665,1.0186737,57795.84,62.539673,1976.5957,504.82025,617.8025,542.2048,-0.0008396381,96.79754,462130.44,DOS-HTTP_FLOOD
32.281494,7.546483,65.28773,-1479.7402,-0.05970656,0.18896227,-0.007509647,0.40415785,0.6957464,0.08611325,-0.08063533,73.31121,15.083588,1.5753878,8.823925,0.67817473,-0.016936455,0.035123408,0.05142449,0.10720119,-0.0070219324,0.026612708,0.8641344,4.6435747e-05,-0.08526264,-0.03509841,0.05898409,0.031940993,0.9556361,1.0162091,97259.84,168.40883,3115.8022,981.8147,833.2476,1036.2455,0.0012139267,110.75685,1.0103906e+06,DOS-HTTP_FLOOD
25.378832,8.738942,67.49519,983.79395,0.036330905,0.08053404,-0.06848675,0.1497668,0.54715,-0.049277026,7.349532e-05,66.941666,7.3214674,5.417037,2.3295293,0.6556071,0.024906116,0.022293692,-0.04546181,0.007387264,-0.05375689,-0.042804256,0.66910136,0.1973181,-0.03700945,0.06245862,0.059872493,-0.049347088,1.0580405,1.0005295,84216.7,64.66824,2865.4426,826.15234,789.7606,834.7549,0.0013811025,105.12634,572387.75,DOS-HTTP_FLOOD
38.060165,6.189922,72.6907,2238.7432,0.08423794,0.29404852,-0.0059019495,0.11422267,0.779594,-0.016270641,0.038851187,88.53661,31.832577,0.7063857,0.1899767,0.6415022,0.03310053,-0.019718751,0.0066561904,0.1006065,-0.013813158,0.10402336,0.87385947,0.04194523,-0.046737302,0.09541721,-0.022063786,0.006627217,0.9670554,1.0084368,77806.77,72.27402,4033.346,562.06195,860.29443,621.21606,0.0024022802,116.480484,825090.8,DOS-HTTP_FLOOD
32.257202,6.1691656,66.012825,1276.8484,-0.034371346,0.26710698,0.10905109,0.14388052,0.65140635,0.03817573,-0.05666729,52.261314,25.071693,0.6740794,5.625245,0.73251814,-0.042689297,-0.01769607,0.079335764,0.03698349,-0.00714611,0.052639615,0.99584854,0.00971255,0.0017555989,-0.070380755,-0.03693635,-0.10410131,1.0230789,0.99901354,63988.44,67.60396,3125.6655,618.7018,881.78064,650.7074,0.000640404,93.97951,936934.4,DOS-HTTP_FLOOD
34.822777,6.9251127,69.73403,5923.5713,0.0144213885,0.18385635,0.188176,0.2079238,0.7691153,0.050954103,-0.017863275,81.504135,17.623695,0.90532714,13.379667,0.72730136,0.026350012,0.023769772,0.03849664,0.050025802,-0.056748282,-0.047842022,1.0209081,0.0183599,-0.082899734,-0.062189005,-0.05100151,0.0077011525,1.0311939,0.989662,80921.984,65.30334,3212.1687,717.5553,896.6015,706.31757,-1.0658696e-05,102.814804,897636.06,DOS-HTTP_FLOOD
41.95304,5.741543,76.2663,6883.3525,0.021679644,0.38202158,0.08982594,0.34618264,0.9058662,0.028148066,0.046331123,73.70558,36.470234,2.132456,10.651993,0.81471854,0.058568217,0.03515589,0.010734791,-0.018233284,-0.058476236,-0.06832698,1.1202798,-0.12918155,0.0016891374,0.059139676,-0.12920225,-0.04963725,0.92786217,1.0397053,71039.016,64.93605,3980.529,710.3414,1012.1082,711.32104,-9.465638e-05,106.37792,934240.7,DOS-HTTP_FLOOD
38.211754,7.609274,100.36174,11218.645,-0.1289947,0.25729635,-0.13118589,0.09849294,0.9457547,0.0095244385,0.079777226,80.657166,26.678165,0.6210276,1.6305238,0.45245296,0.26004487,-0.08372064,0.13464434,-0.2939043,0.14177924,0.06262565,0.7613748,-0.15809983,0.055357054,-0.14630081,0.06659148,-0.106419995,0.9971379,1.0395013,80318.59,62.750195,3177.7278,802.10345,925.27765,796.14526,-0.00031106983,119.71749,1.0885965e+06,DOS-HTTP_FLOOD
31.783371,5.1349983,84.95405,7920.1553,-0.049219135,0.27406362,0.09963233,0.20743659,0.7791703,0.0127890995,-0.0091224965,77.951645,28.115238,0.5990763,7.1389284,0.31531996,0.33054364,0.010693082,0.039335832,0.051311016,-0.06001433,-0.12439988,0.94310623,0.0430762,-0.013717178,0.025840081,-0.0405464,-0.054811206,1.0512005,0.9860469,62280.94,59.396313,2254.6255,703.8595,639.387,733.53784,0.00025889042,100.60489,429800.34,DOS-HTTP_FLOOD
29.084011,6.2087674,76.32601,1268.6138,0.035913713,0.12230616,0.17392732,0.310909,0.68742114,0.0016893988,-0.0029223412,65.64836,10.703486,2.6344738,10.465802,0.55933356,-0.004174411,0.021740636,0.022230268,-0.01559476,-0.011181097,0.020525066,0.90896803,0.059154563,-0.018208735,-0.017450359,0.02069045,-0.03545928,1.0306761,0.96941686,38818.14,62.277336,1238.6599,276.52768,342.36298,279.30264,0.0027797085,95.53701,182924.53,DOS-HTTP_FLOOD
26.910536,6.202454,55.49407,109475.29,-0.04842092,0.08909034,-0.013629671,0.16962433,0.6077322,0.07878434,-0.10262583,78.53038,5.8392854,0.105752364,3.2998571,0.46078318,0.057655837,0.10066528,-0.0026249373,0.050010815,0.009573781,0.02185152,0.81891644,0.12486167,-0.08839674,-0.012457659,0.027581342,0.021899216,1.0123653,0.89201546,73940.125,66.49255,1959.1931,737.60583,572.2831,673.3153,-0.00011104152,103.9916,494446.44,DOS-HTTP_FLOOD
27.871304,7.6155753,65.33703,27668.746,0.045503113,0.11438954,0.020900808,0.13725005,0.45961684,0.015743034,-0.1044227,49.079365,8.2148485,2.659117,8.299455,0.26539943,0.7177583,-0.021480802,0.012541992,0.055996656,-0.023589713,-0.034957275,0.77920926,0.14593926,-0.04602062,-0.025279468,-0.052185945,0.0006676372,1.1000123,1.0370858,73864.57,62.224304,2838.1824,879.7931,809.1623,866.71857,0.0002809855,92.59165,721279.8,DOS-HTTP_FLOOD
41.993355,4.252103,67.8956,3450.7522,0.045715846,0.2979578,-0.008256633,0.2101206,1.0112978,0.023410844,0.02703584,88.85036,29.262714,3.1247287,1.0099382,0.9298594,-0.056459814,0.013874622,-0.00767664,0.06160282,0.021448648,-0.011802045,1.1597445,-0.052931778,0.015319461,-0.06456831,-0.054917116,-0.0467657,0.9852871,0.9996422,49404.0,72.41318,2685.747,435.59457,699.417,449.05792,0.00078212173,100.75499,510213.3,DOS-HTTP_FLOOD
28.375109,6.1263695,63.322678,25859.98,-0.050982468,0.18759185,0.33774847,0.054749247,0.77202624,0.07181247,0.07765364,79.59937,18.623888,-0.16992429,9.283127,0.33602878,-0.0034509865,-0.04761084,0.03966326,0.007765409,-0.05469601,0.00043414067,0.9060365,0.04177863,-0.036095686,0.032569114,-0.040225204,-0.04533015,1.0239879,0.94081813,25058.855,59.55742,437.20264,194.19373,107.59792,202.13454,-0.00019124952,96.57813,50355.0,DOS-HTTP_FLOOD
33.07746,6.893088,70.05008,13339.857,0.06285307,0.28511262,-0.058691725,0.041051444,0.66215867,-0.025985572,0.0077130035,70.01412,26.357006,0.46605942,0.35918012,0.35783565,0.34898165,0.027991429,0.090599984,0.007733432,-0.05727102,0.0039683003,0.8825933,0.013306496,-0.02420971,-0.011026612,-0.00698511,-0.006643338,1.0207541,0.95941204,50488.918,60.81054,1774.312,357.27277,409.17346,403.15555,0.00076134823,101.58714,359778.78,DOS-HTTP_FLOOD
29.567661,6.174772,59.334667,365.73047,-0.0390185,0.12821014,0.0686936,0.16412412,0.6234399,0.062493723,-0.030214394,77.32979,11.923916,0.51463693,7.2351875,0.7400341,0.05764818,0.06687987,0.020260548,0.056359187,-0.017252864,-0.06469402,0.89853257,0.016126206,-0.056257553,0.05606693,0.005230382,0.007582027,1.0123644,0.95569503,109067.82,63.02277,3913.3079,1150.7208,1051.2207,1149.0006,0.00044265465,113.778,970155.1,DOS-HTTP_FLOOD
31.723827,5.6142864,56.54119,12142.078,-0.07403708,0.29618788,0.030961951,0.2233886,0.5462079,0.043389857,-0.054436322,46.734135,27.208605,0.19227892,12.813328,0.44078365,0.5362669,-0.025257347,0.033521567,-0.030640315,-0.055334225,0.025752531,0.96602476,-0.03642243,-0.06271059,0.0044871457,-0.05751444,0.008833817,0.98792946,0.9707782,60213.355,63.874893,2449.9705,853.3379,810.6336,820.05383,4.2808024e-05,92.6142,816947.6,DOS-HTTP_FLOOD
31.231415,6.5026436,68.67191,-1906.4751,0.007546264,0.17892969,0.19384512,0.26143453,0.57676077,0.055916157,0.0018602726,62.99838,17.26737,3.2703815,19.660528,0.6951484,0.2090631,0.011267694,-0.019396868,0.006526774,-0.029063841,-0.0123795485,0.9231194,-0.0016857126,0.007587219,-0.036336616,0.013083957,-0.03947577,1.0039514,1.0074239,49635.094,61.957127,2581.9468,455.46066,675.1213,455.86493,0.0014032588,117.789375,469623.28,DOS-HTTP_FLOOD
29.077747,7.1098146,78.51653,-1650.1362,0.022577435,0.13803963,0.067553855,0.38710317,0.66719997,0.04773969,0.006081094,65.7223,12.43187,5.1337337,8.92332,0.6689001,0.09096361,0.04149664,-0.013830366,0.07222455,-0.023692854,-0.028728794,0.88429576,0.06189815,-0.03804726,0.04645681,-0.026020976,-0.051500358,1.0350257,0.99583006,78473.2,60.389374,3202.2537,719.5492,870.21387,753.8911,0.0016538107,98.19687,739066.75,DOS-HTTP_FLOOD
27.734371,6.7228184,63.435616,14102.791,-0.076575726,0.16021168,0.011908369,0.17032047,0.6841019,0.109978124,0.06451088,93.54118,14.784154,1.2729067,0.28456047,0.47566858,-0.015000778,0.009466935,0.009755766,-0.027280625,0.02856928,-0.0064394157,0.7729513,0.04989382,-0.00582268,0.10596116,0.065799564,-0.046355035,0.9761393,0.87967914,63977.945,58.74223,1857.9188,400.2914,519.72064,490.13943,0.0041249045,122.69498,531476.2,DOS-HTTP_FLOOD
27.71424,7.1689816,68.634056,1827.2993,0.0035288837,0.23071103,-0.026977815,0.18578696,0.6111229,0.03199765,0.03816419,67.93526,22.850733,0.16353242,0.2712479,0.45658082,0.16243392,0.012707276,0.004736241,0.02606186,-0.0027281302,0.021019189,0.80069834,0.12928905,-0.023283057,-0.020211563,-0.008373362,-0.059898615,0.9828926,0.96380365,68499.0,58.512054,3977.284,570.00507,833.6086,617.7726,0.0015862853,101.94831,681441.5,DOS-HTTP_FLOOD
36.653908,4.049552,70.62234,-7686.934,0.007821078,0.21486393,0.07955377,0.31695056,0.9592782,0.096286096,0.052032176,85.483345,20.61473,5.9389114,6.9808917,0.5654432,0.36054865,0.053966403,-0.056062773,0.057233103,-0.073150605,-0.029697346,1.0834521,-0.09422707,-0.023650087,-0.020300925,0.09749632,-0.02159183,1.0072113,1.0496823,71861.38,78.76212,3258.8193,805.12683,880.0979,809.8082,0.0028443339,112.685295,685710.6,DOS-HTTP_FLOOD
31.975536,5.900138,63.970108,398.9165,-0.06276545,0.24841245,0.2654598,0.06306457,0.7423995,0.00018582272,-0.007977037,75.01637,23.40763,1.2835653,16.060654,0.49522635,0.028925678,-0.00503615,0.011147805,-0.00967964,-0.0008816621,0.0116483485,0.97775805,-0.054350488,0.0013464037,-0.0364138,-0.002307985,-0.0015617721,0.99713224,0.9896327,46688.5,137.92267,1384.7416,411.24915,412.809,480.15277,0.00028579676,102.51144,289549.16,DOS-HTTP_FLOOD
36.8674,5.7129273,78.183716,-8595.695,0.009942603,0.3407042,0.07840049,0.33664307,0.816607,0.08212356,0.050116595,82.25224,30.492214,2.524409,5.5456495,0.8061168,0.025534688,0.1210156,0.006090123,0.13128158,0.01556187,-0.05373158,1.0304557,-0.035534453,-0.04782778,0.04427137,-0.09103371,-0.11196448,0.9524037,1.0199759,70392.97,59.172924,4293.092,683.3241,1118.8093,655.3907,0.003250661,98.996635,1.1014195e+06,DOS-HTTP_FLOOD
32.49622,8.824281,62.39206,58225.105,-0.0399592,0.21149507,0.041703954,0.15804365,0.5116579,0.03208172,-0.058011986,60.990765,23.913399,0.2793191,0.35366303,0.47929978,-0.007729036,-0.0067021744,0.00015411526,0.04945502,-0.027705226,0.108370036,0.70356333,0.14170992,-0.022751277,0.042395256,-0.03177522,-0.017513126,1.0301602,0.90738904,83174.06,163.79216,2728.0884,746.1735,778.12225,920.09204,0.0003935806,105.225624,985407.0,DOS-HTTP_FLOOD
34.92117,4.6496935,89.78461,1336.8335,0.050316382,0.21797298,-0.0034881593,0.17056209,0.8321855,-0.024660204,0.0028546667,73.97492,20.790497,4.094644,3.1110258,0.7602347,0.014132305,0.053294614,0.043893084,0.058506005,-0.0032013538,0.010382481,1.002087,-0.007915295,-0.024226746,0.009239081,-0.025342854,-0.05632159,0.9901024,0.9705002,46329.934,62.098724,2838.2,366.69067,679.2904,364.96255,0.0012981558,93.08144,608474.25,DOS-HTTP_FLOOD
39.7592,6.526223,80.87365,1986.0471,0.016714387,0.3274354,0.13326892,0.14485155,0.97805125,0.07649926,0.07141369,102.64105,29.7743,6.9070296,14.655666,0.56072617,0.40259987,-0.018263515,-0.053961366,-0.012161195,-0.060497716,0.0034571998,1.0679045,-0.096757576,0.006772566,0.0415461,-0.052179135,0.013269626,0.98723036,1.0518134,56596.355,63.689785,2768.376,489.02097,702.21356,434.25214,0.0016651204,119.92069,606129.1,DOS-HTTP_FLOOD
33.344402,4.7751284,57.24659,671.4265,0.011458475,0.037244912,-0.05038904,0.34640238,0.86912686,0.05801709,-0.007830539,84.944275,2.4337795,2.7253244,1.8577981,0.7675302,0.20585704,0.08086719,-0.008147195,0.05656255,0.0038689934,-0.019360377,0.93851393,-0.08416989,-0.047525484,0.054197565,-0.0048144255,-0.013281077,0.9966483,0.9524868,94575.86,65.818054,2896.9893,927.69275,869.7793,951.12897,3.180951e-05,105.689575,769119.06,DOS-HTTP_FLOOD
32.45337,6.3178678,67.476906,702.32153,-0.019262893,0.19518386,0.020385047,0.1747341,0.78711146,0.04874142,-0.023724463,88.035645,19.372593,0.02132294,2.5772972,0.6568566,0.064125896,0.023769902,0.010724225,0.08248666,-0.04238209,-0.019296866,0.982363,0.026012372,-0.05059865,-0.030006876,-0.03264437,-0.060467124,1.0133221,0.99173,92715.625,63.97932,3839.545,984.17523,1047.0487,1025.8724,0.0012679007,110.09787,1.06423e+06,DOS-HTTP_FLOOD
32.846382,5.2110944,64.19215,6568.9883,0.013106026,0.17859234,0.012546865,0.2067217,0.71670324,0.05774396,-0.0041905115,74.60923,15.59205,3.0083404,5.210458,0.8252785,0.023578705,-0.005081636,0.015834322,0.0810409,-0.007646931,0.058021266,0.9880088,-0.01714079,-0.0571113,-0.021029167,0.009604771,-0.044956636,1.0009804,0.9670884,81264.87,62.751335,3536.5063,732.6928,875.14374,716.2283,0.0005176481,104.07216,933382.56,DOS-HTTP_FLOOD
32.05517,5.154222,64.165565,174.93506,0.016487988,0.150965,0.14718716,0.28485295,0.79109627,0.018436564,0.011948169,79.30084,13.398136,2.4128883,9.124019,0.784685,0.022807721,0.054730587,0.03616239,0.08303971,-0.016237611,-0.022211801,1.0176781,-0.04231094,-0.039682314,0.030149221,-0.046236746,-0.02758856,0.99193454,0.9377416,70111.61,60.90275,2867.6318,591.2071,813.58813,600.9749,0.0015902275,101.610435,759016.7,DOS-HTTP_FLOOD
30.689312,5.7392693,71.23445,400.19165,0.054575346,0.17664506,-0.0075129075,0.27778533,0.7750561,0.058989845,0.07043576,83.77072,16.053543,7.1982183,3.0981183,0.6362606,0.08022008,0.056624107,-0.027688235,0.004870817,0.008049853,-0.010388129,0.90000385,0.049213924,-0.024945775,0.11254436,0.03219194,-0.0075040567,0.9056262,0.9132725,37972.22,57.2659,2234.8958,267.82535,462.26816,251.47855,0.011326032,102.52138,270802.16,DOS-HTTP_FLOOD
27.502066,7.615484,72.58957,5614.178,-0.012171519,0.1675916,0.3110578,0.030290639,0.56982386,0.03670397,-0.030011922,54.035786,18.586437,0.52029365,16.47186,0.51355827,-0.022024183,-0.012112049,0.04058058,-0.022097122,-0.052586567,-0.0076343114,0.9115487,0.08197134,-0.038996495,-0.038993582,0.022473019,-0.02680572,1.0598214,0.99557114,47771.766,61.19625,1665.6538,507.0003,572.2787,510.62305,-1.2781224e-05,90.72302,369731.4,DOS-HTTP_FLOOD
33.669586,5.6415224,61.314987,107688.4,0.06631446,0.12315033,0.20441833,0.15902567,0.7465004,-0.021089667,-0.12845705,87.26738,7.7898264,2.4366195,14.421014,0.62758064,0.16370903,0.13040209,0.12521473,0.005092961,-0.0037210085,-0.03277538,0.7914897,0.004358388,0.0058870506,0.026209513,-0.032236118,0.022123419,0.9016508,0.9559659,46733.48,74.56935,1333.8796,237.93842,273.47147,297.3811,0.00021683668,119.822395,303590.7,DOS-HTTP_FLOOD
26.390854,6.6318116,60.827164,968.782,-0.06959215,0.14739071,0.16975093,0.04226203,0.6392576,0.049135704,0.07219753,75.49643,16.283577,-0.07720995,15.071089,0.472309,0.022133151,0.11263052,-0.011536599,0.098306976,0.047765315,0.010016425,0.8494505,0.0034277511,-0.05637628,0.024322195,0.13766208,-0.06527211,0.9667373,0.98873764,68632.305,127.33939,2088.2827,951.1809,592.18884,942.5369,0.00044537464,106.77271,439769.16,DOS-HTTP_FLOOD
29.386654,5.3366137,61.97894,-4780.227,-0.0028622523,0.12588823,0.09520746,0.27518722,0.7912669,0.034940444,0.025475897,77.757385,10.935791,2.9506035,6.8338785,0.5555419,0.2795498,0.03788667,0.036043745,0.017608274,0.011294115,-0.03844973,0.95873904,0.017712733,-0.051430892,0.03316884,-0.026519962,-0.02936376,0.980946,0.93817127,71917.27,59.218754,2857.9927,710.962,865.2306,716.75586,0.0019658047,97.05293,791122.2,DOS-HTTP_FLOOD
27.202087,6.4872565,80.56937,-789.5117,-0.02783698,0.11544006,0.09401914,0.23991123,0.6158392,0.03734104,-0.014877128,64.26245,10.01336,1.1288487,7.420652,0.5636801,0.08864935,0.036140002,0.0058250595,0.09479988,-0.032953676,-0.034126617,0.85721415,0.13087866,-0.024345253,-0.002951345,-0.0090831835,-0.064074874,1.0296164,1.0061725,75113.46,68.55895,3325.517,677.45807,810.70135,690.0304,0.0019221491,97.44052,671517.9,DOS-HTTP_FLOOD
29.19934,6.3988986,75.48268,204.10254,0.012653688,0.19035175,0.13262142,0.32463357,0.69308436,0.035866406,-0.0037405617,77.70746,17.934153,2.9603705,10.174351,0.6592006,-0.013497198,0.05049858,0.010063149,-0.0025151856,-0.06991184,-0.03187097,0.9172157,0.031317938,-0.010821659,0.061869435,0.06401724,-0.017448947,0.95886886,0.9726114,52631.734,57.148975,2517.2,388.37128,642.2839,429.24454,0.00424536,107.24833,470196.16,DOS-HTTP_FLOOD
26.769577,4.9096575,74.58774,45244.44,0.090717584,0.16142017,0.058685526,0.43933374,0.4176876,-0.10604646,-0.032747995,57.406464,9.835016,4.386036,16.397703,0.607736,0.009069822,0.059954803,0.04377028,-0.007890387,-0.013944004,0.023677925,0.8329853,0.02133409,0.009509592,0.10081037,-0.010663326,-0.005591139,0.9334883,0.91809523,52086.555,58.604103,1640.3628,323.83267,373.64325,357.7961,0.011543872,114.69328,360711.47,DOS-HTTP_FLOOD
32.547142,5.7533245,84.32883,9813.764,0.00057127327,0.33471802,0.18386886,0.12774752,0.66401947,-0.08041164,0.013826888,60.52916,29.712261,0.024940878,4.3568606,0.3161451,-0.006797707,0.035958808,0.14730573,0.04454534,-0.019893564,0.034459203,0.9299005,0.07930576,-0.025782336,0.020416934,-0.09573243,-0.031517953,0.97210157,0.8665279,26571.053,58.793564,2203.3425,195.2834,513.7937,210.3583,0.0075007174,86.25086,469320.53,DOS-HTTP_FLOOD
29.541954,6.870691,75.02937,-2209.0664,-0.0033590477,0.21491455,0.042709317,0.27340698,0.6213326,0.048396107,-0.00069276197,67.360504,19.380014,2.4640856,8.176243,0.6739756,0.040520813,0.05017551,0.031704653,0.028267637,-0.035049103,-0.03301224,0.8634145,0.07606346,-0.051351964,0.017678987,-0.008072671,-0.04300015,1.006258,1.0084748,87539.52,62.463516,3758.4514,917.8399,1020.82196,896.708,0.0023314927,103.92358,913584.94,DOS-HTTP_FLOOD
33.737694,6.3842306,67.56151,-4350.9097,-0.04096655,0.30544144,0.15417847,0.13543215,0.70989156,0.0022318722,-0.0032509328,70.87201,28.62703,1.5941125,9.612478,0.45391473,0.16071123,0.070260204,0.024518352,0.053150363,-0.015792718,-0.06946099,0.98192334,0.015888028,-0.07650098,0.0030008506,-0.026725287,-0.076554775,0.9824773,1.0018892,64744.594,68.2419,3092.2703,551.9671,819.465,578.8514,0.0016815747,106.18297,887064.25,DOS-HTTP_FLOOD
25.064293,6.26869,59.24216,3089.7327,-0.06151734,0.11729639,0.070982516,0.21857205,0.62090546,0.020189099,0.024926238,79.69405,9.955968,0.0077173854,4.1375666,0.60177636,-0.021814464,-0.004515033,0.031460904,0.055812728,-0.043589756,0.0032740133,0.862159,0.038113594,-0.07745558,0.047297604,-0.03656196,-0.04617609,1.0194348,0.9247658,85899.99,57.561356,2519.9365,772.43567,774.2416,821.1066,0.00071897765,106.598785,734755.5,DOS-HTTP_FLOOD
26.1548,7.844857,67.707924,2830.6824,-0.02828233,0.070967525,0.22057651,0.36984953,0.5937423,0.0024130107,0.07237948,73.08908,4.474066,0.030540876,18.100975,0.5856433,0.03468286,0.038783167,0.041979715,0.03245682,-0.047121726,-0.022300852,0.8838049,0.07920779,-0.010466782,0.053326882,-0.067848414,0.00039028935,0.97277194,0.9517398,54414.242,58.057663,2633.7136,454.0249,675.5307,480.87637,0.003789233,105.443565,567978.5,DOS-HTTP_FLOOD
32.095715,6.1473894,78.207054,-613.8862,-0.031033449,0.2498207,-0.03972777,0.15096311,0.7079916,0.041015554,0.012668203,66.82862,24.564495,3.609214,0.31941235,0.5900705,0.19840477,0.070153385,-0.0060661323,0.0048348587,-0.0036242534,-0.006589731,0.8926779,0.07552591,0.003889969,-0.005158689,0.051439106,-0.05018825,0.9621328,0.9549825,45873.195,65.77568,2379.0627,479.80426,641.6665,514.74927,0.0051049734,98.67877,383322.97,DOS-HTTP_FLOOD
26.464226,6.5291424,60.851524,7701.185,0.0061797816,0.09999978,0.23170221,0.20921257,0.51509476,0.06589626,0.026132269,54.555042,7.7778583,0.85473293,18.131138,0.6525693,0.1300533,-0.005971524,0.035436213,-0.01824588,-0.035130166,-0.020676624,0.89563906,0.03820784,-0.04354807,0.02376613,-0.05380053,-0.050533447,1.0134655,0.9675371,66374.33,58.635765,2470.0771,699.2358,743.295,696.3309,0.00012799606,96.05394,687440.4,DOS-HTTP_FLOOD
24.137291,9.2365465,76.84693,541.2446,0.01005697,0.1670828,0.08767992,0.113770224,0.43950146,0.03074576,-0.004311225,65.05063,15.017504,2.11126,8.702628,0.500112,0.022932721,0.053026922,0.027184663,0.04567544,-0.06880186,-0.07185794,0.7573537,0.19290383,-0.030132636,0.05219604,0.021791738,-0.029741943,1.0049525,0.95224637,82140.27,57.698967,3042.5366,803.4079,825.39044,805.08905,0.0035295824,100.680855,691739.0,DOS-HTTP_FLOOD
27.740154,5.730962,60.200726,5292.041,-0.03937133,0.15846105,0.16477785,0.4811761,0.72807056,0.019504976,0.058745407,71.87495,14.405066,1.1856805,10.918348,0.55648607,0.0136794625,0.021673456,0.00054254197,-0.00999397,-0.0065331324,-0.053025413,0.9589621,0.008055954,-0.019953718,0.058903307,-0.009830486,-0.0423536,0.9708807,0.952668,39815.16,58.35691,1593.1982,322.6439,420.28494,324.3636,0.0003656349,92.063614,214676.53,DOS-HTTP_FLOOD
30.893307,5.3960896,75.13294,-1887.5742,0.014734127,0.17270295,0.24557438,0.081164144,0.67464805,0.03707018,0.003748238,68.68263,17.496658,0.8273858,17.77804,0.4328586,0.23676637,0.05067544,-0.009582978,0.010808086,-0.04445828,-0.02561167,0.9446498,0.07374885,0.010907188,-0.026663253,-0.024162572,-0.0059961714,0.9896459,1.0095189,34966.617,62.346508,2473.8328,339.02402,591.51495,332.7193,0.0026951032,95.89517,364968.34,DOS-HTTP_FLOOD
31.845522,6.09775,64.7162,6857.787,-0.05482271,0.24324062,0.20595373,0.15605663,0.73112446,0.004932541,-0.006509491,62.09679,18.408945,-0.09591821,7.8394156,0.58097327,-0.018828942,-0.031740904,0.079989344,-0.0047620386,-0.039834287,0.061027624,1.040071,-0.051174056,-0.03666588,-0.04492446,-0.029718706,-0.007946667,1.0215794,0.94620293,56839.863,65.33986,1747.2225,427.5507,615.43585,466.2925,-4.5477645e-06,94.58061,588707.4,DOS-HTTP_FLOOD
30.315079,7.5927315,71.21928,3475.3003,0.02773528,0.20507763,0.08527092,0.15730906,0.6171337,0.073602185,0.034102336,73.048325,20.568535,0.9698493,8.26779,0.6014692,0.15552746,0.03899172,0.020370418,0.039414186,-0.04786902,0.0036187004,0.8934371,0.08903295,-0.035474163,0.0327061,0.01710638,-0.0052039884,0.9818607,0.9643606,79583.28,59.519028,4567.596,666.4815,936.9238,662.2322,0.0012951514,111.42975,830171.9,DOS-HTTP_FLOOD
24.974682,9.160435,67.82138,77499.77,-0.073038794,0.16603237,0.237125,0.054146614,0.6257017,-0.03502174,-0.09612255,76.0251,18.063686,-0.055659976,11.681256,0.3860362,-0.036128853,0.021486595,0.015362982,0.012749027,-0.06276027,0.07251716,0.76651645,0.15519333,-0.0022021076,-0.04502312,-0.037415694,-0.016058289,1.0275626,0.9272421,46850.062,130.83377,1522.6438,583.9995,476.3878,592.90424,-9.641836e-05,106.603325,256422.02,DOS-HTTP_FLOOD
34.14106,3.48915,55.7079,3288.4287,-0.005686749,0.16587113,0.048001803,0.0675177,0.85030144,-0.009465705,0.04123416,77.77786,12.668467,1.0160328,1.724673,0.6897485,0.10039226,0.09235763,0.02122375,0.024183096,0.031076044,0.024509232,1.0099225,-0.10801024,-0.051971465,0.08748709,-0.04355423,-0.040155724,0.96496105,0.8882817,48512.01,60.758297,1708.8417,347.0367,558.37384,390.5834,0.0014148646,92.26628,527721.56,DOS-HTTP_FLOOD
31.558426,6.5760503,62.939846,4976.381,-0.012222919,0.1023788,0.24001466,0.06454816,0.7815386,0.06007958,-0.020986384,85.07699,8.920186,1.6144192,15.185461,0.5530415,0.22171716,0.014065813,-0.004611844,0.0034717657,-0.059967484,-0.014086631,0.9838081,0.008022069,-0.06806076,-0.042233687,0.036544435,0.03490857,1.0092986,0.9839375,58168.99,63.389538,2348.2754,608.74725,710.34503,568.978,0.0003144385,100.795944,503926.78,DOS-HTTP_FLOOD
34.99398,4.543618,65.91177,5995.8564,0.087132394,0.17122053,0.060369156,0.19527598,0.8614737,0.0044961325,0.00058675185,81.33613,13.646316,10.459195,6.9553003,0.74698234,0.27899623,0.017251633,0.03889212,0.050557174,-0.014397106,-0.0043023657,1.0898657,-0.13783944,-0.024191737,0.10092591,-0.02693515,-0.026218161,0.9303855,0.9221497,68056.91,59.36681,2217.8274,581.65717,706.99646,563.69556,0.0023713477,108.03381,649287.6,DOS-HTTP_FLOOD
31.173985,7.306747,65.06898,5350.6787,-0.012812026,0.19296326,0.24452314,0.14500399,0.65618414,0.059802722,0.024206836,74.30316,17.954105,1.0508115,16.737917,0.6524649,-0.009995825,-0.00873058,0.030772092,-0.0024218066,-0.03546433,-0.04271221,0.9471842,0.038880825,-0.028919762,0.029911414,-0.020019982,-0.02121255,1.0215778,0.941177,78507.77,64.38616,2214.3335,713.5962,758.481,702.57513,0.0006794508,106.54304,740338.25,DOS-HTTP_FLOOD
31.713324,5.189613,62.767254,26332.96,-0.002917638,0.1417832,0.07241311,0.16816558,0.76672614,0.08591315,-0.03029434,83.98671,12.107094,3.453661,8.427196,0.69073784,0.31953797,0.021107912,0.010294196,0.021991696,-0.0070946543,-0.009988285,0.9933299,-0.021226302,-0.024117894,0.046959773,0.039144386,-0.0011752266,0.9980138,0.92734706,79990.195,60.271374,2719.817,818.912,793.12177,798.2082,0.00073996,111.198006,698800.94,DOS-HTTP_FLOOD
28.141754,7.5464225,83.376884,31081.39,0.043493044,0.11667108,-0.029104333,0.16070977,0.7898981,0.037792567,0.08034815,95.566124,13.835654,3.5982018,0.1643363,0.42992568,0.112800695,0.039131656,-0.036856756,0.047320295,-0.03550638,-0.00792338,0.75746506,0.21894316,0.061448816,0.08137673,-0.00033690594,-0.019150753,0.94796985,0.8866174,46301.37,57.46266,3244.2185,406.56314,634.6513,409.21622,0.0074387225,97.53462,400948.9,DOS-HTTP_FLOOD
33.68161,5.463259,65.08681,-332.98242,-0.050626524,0.21443878,0.08566743,0.09807985,0.69025356,0.038951233,-0.011467442,79.87015,19.42015,1.654155,17.77061,0.60426235,0.34619293,0.059757665,0.012254332,0.02348154,-0.09427556,-0.015866106,0.9880434,-0.045535255,-0.018111546,-0.028239049,0.025233213,-5.8170408e-05,0.99404955,1.0096655,86049.21,85.60502,3407.4631,953.6345,909.14667,940.5556,0.00047157274,116.546265,801033.5,DOS-HTTP_FLOOD
29.991402,7.38094,67.42045,13041.111,0.02380998,0.43122742,0.2872869,-0.0139482645,0.38434824,-0.0018461572,-0.022947771,36.281788,34.733593,0.09843764,14.661155,0.057561435,0.18199223,0.005536247,0.068311,-0.009140823,-0.0542449,0.027469227,0.8969691,0.03416408,-0.003361951,0.026485868,-0.023797618,0.013403472,1.0125166,0.96880144,20222.527,61.984665,255.90047,142.5433,65.55936,117.647484,0.00016628727,93.52206,32626.168,DOS-HTTP_FLOOD
38.199715,3.7733977,84.73531,-1516.8271,-0.008704,0.36857685,-0.06473417,0.17656223,0.7701416,-0.009269706,-0.028111767,70.03031,32.21981,3.9527366,0.20711622,0.7898438,-0.1358286,0.06123119,0.01560016,0.021630596,-0.031194575,-0.03629275,1.0026664,-0.07553954,-0.031838655,0.03480133,0.03929783,-0.09562595,0.96747583,1.0071847,40002.508,64.166504,1985.545,259.71988,502.81354,266.67963,0.0022132488,100.98012,371635.94,DOS-HTTP_FLOOD
24.286493,8.822546,74.44955,1387.2251,-0.027482754,0.1333489,0.31538492,0.19493067,0.70452416,0.06724008,0.07867604,91.71938,11.8020525,0.9534622,15.102499,0.34923828,0.10999186,-0.046982896,0.013237251,-0.0011252332,-0.062489998,-0.086788826,0.8484919,0.14387998,0.020770997,0.12719631,0.01961495,-0.031732753,0.9381745,0.9637181,43668.5,53.960663,2025.8353,285.24838,421.32336,312.06528,0.0062253736,115.81904,274621.88,DOS-HTTP_FLOOD
32.136417,5.478573,77.191345,1359.002,0.029288653,0.09954116,0.29451722,0.13807975,0.9653113,0.004993398,0.017188512,91.10448,9.21268,2.4636564,12.141166,0.6415441,0.01986823,0.013233881,-0.008935345,-0.019109173,0.0043419236,-0.023191165,1.0748643,-0.01525977,-0.0042871595,-0.017408442,-0.027188309,0.0016958825,1.0019214,0.992923,53654.94,58.800842,2440.2324,523.5715,710.941,498.7555,0.00036046002,90.708786,521271.2,DOS-HTTP_FLOOD
26.2665,6.985608,65.10322,-4521.485,0.02820186,0.12351587,0.17345236,0.24690774,0.6980401,0.073144205,0.05279924,72.069405,12.506909,2.9212096,11.779657,0.5507692,0.20019089,0.03710997,0.011912793,-0.0034982245,-0.0860906,-0.05042398,0.86572325,0.11224918,-0.038149968,0.027767546,-0.009151598,-0.081625104,0.9792377,0.9798947,69244.82,58.435543,3137.0908,706.44293,845.1902,723.1326,-2.1127998e-05,95.02407,581867.3,DOS-HTTP_FLOOD
27.727812,7.0471735,58.14878,-492.92822,-0.009223008,0.17990978,0.02657329,0.31841466,0.38820916,0.018357698,-0.046832122,43.93227,14.311815,5.053175,10.913339,0.7767249,-0.03135487,0.064434044,0.0029779132,0.034984272,-0.008617967,0.0151957115,0.79451525,0.12122477,-0.0033117575,0.09961627,-0.0060452567,0.0028344523,0.97972965,0.9257093,56604.316,61.844837,2462.5159,477.6106,691.6917,522.46265,0.006043411,92.542274,569147.9,DOS-HTTP_FLOOD
27.290138,5.0819182,63.647278,-3083.7988,-0.04645869,0.14038005,0.33610386,0.09977364,0.47782737,-0.0038126898,0.042727202,64.95239,14.06824,1.1189829,19.358946,0.6171154,-0.0587344,0.03136979,-0.059336443,0.01957463,-0.050607953,-0.042312562,0.88773555,0.0437978,0.0040640193,0.10963692,0.0033117784,-0.003384268,1.0247009,0.9939091,34575.87,67.36667,2350.3323,408.49234,581.5205,395.57623,0.010239778,101.78094,339518.12,DOS-HTTP_FLOOD
38.904305,5.239361,67.32477,-731.6323,0.054152444,0.24721687,0.007181626,0.45438537,0.96940726,0.03436502,0.014615476,96.67307,21.40766,9.292942,9.174528,1.0675563,0.03041071,-0.0067384215,-0.016643621,0.013196386,-0.026844978,0.036978927,1.1564401,-0.15278926,-0.048279464,0.00780002,-0.045832388,0.04663728,0.8525846,0.9224606,80543.414,58.097073,4053.5981,679.05945,1015.7208,643.374,0.005691067,117.68111,1.02821506e+06,DOS-HTTP_FLOOD
30.910849,5.582567,100.88805,3019.6833,-0.04413538,0.29691115,0.15482932,0.13771366,0.59607726,-0.0155137675,-0.04415202,53.43408,28.434662,0.20044509,7.9104753,0.30967098,0.390126,0.027311787,0.099528596,0.027014928,-0.061947737,-0.07900401,0.93481654,0.03816333,-0.039668456,0.04073982,-0.01335636,-0.04021667,0.9977504,0.96998847,66226.34,59.916748,3300.997,748.3806,795.6831,746.47394,0.0025067807,97.88387,651117.94,DOS-HTTP_FLOOD
34.718716,6.2800136,62.40277,13074.137,-0.0933027,0.23208557,0.07745527,0.07108742,0.90864545,0.031701695,0.028832665,90.89805,18.554792,-0.06910891,1.9288744,0.4470979,0.05410052,0.040531978,0.048412863,0.098119386,-0.011760468,0.07100565,0.8813486,0.043965124,-0.029322354,-0.036891293,0.02519295,0.013292657,0.98967826,0.8937376,48349.85,85.30542,1412.0751,361.0386,455.00098,396.21448,-6.734878e-05,97.79333,406543.5,DOS-HTTP_FLOOD
27.413681,5.287319,58.947414,56411.43,0.070955,0.19112931,0.3041147,0.16096662,0.6217943,0.056120798,0.027299186,81.53842,18.61362,3.7360158,19.243048,0.7413335,-0.010637871,0.010732481,-0.018209256,0.033245806,-0.012919836,0.0586417,0.90649885,-0.013837626,0.03028613,0.12329267,-0.02319361,0.033340123,1.0130509,0.9251517,42945.46,56.96308,2154.2876,492.213,603.8301,489.796,0.00618038,116.505806,535832.5,DOS-HTTP_FLOOD
27.145418,6.328041,49.55822,-2542.8755,-0.21249422,0.21411704,0.07678845,0.27753097,0.5395933,0.029113699,-0.03034137,64.163376,19.650013,-0.09836231,12.486845,0.5859362,0.037531685,0.037848014,0.020289246,0.00649109,-0.02249133,-0.0034431927,0.8522814,0.07915379,-0.052987527,0.016766641,0.027775588,-0.0562899,0.9911065,0.92568,86458.44,115.33384,3778.6467,1147.7313,1087.393,1147.6339,0.00052152463,100.477455,945963.9,DOS-HTTP_FLOOD
27.684586,6.7217193,72.381966,3051.3528,0.036302313,0.19559497,0.026408097,0.19394015,0.4386596,0.012353462,-0.023342237,52.854717,18.543646,1.4869665,12.665321,0.6083841,0.050052762,0.04181691,0.02736831,0.012244083,-0.04664889,-0.009365267,0.797693,0.09399164,0.0050155655,0.06332922,0.012042056,0.0049041305,0.9615078,0.9465078,56141.375,58.995724,2750.8535,466.22015,668.8164,473.40466,0.009782115,98.94965,516504.28,DOS-HTTP_FLOOD
36.722954,6.5389457,68.146805,3438.641,0.0027508289,0.28370795,0.06560647,0.22777501,0.80553293,0.033358034,0.014505891,85.2767,25.39341,1.0677342,11.837223,0.75799763,0.054211833,0.050850354,0.011090823,0.056187116,-0.073550366,-0.0069438107,1.0096176,-0.04368211,-0.041675273,-0.07059372,0.05788503,0.05674862,0.94014406,1.0583602,99336.58,102.13778,3091.583,1127.6881,936.9854,1109.4734,0.0005108001,116.271576,1.2088495e+06,DOS-HTTP_FLOOD
29.475979,5.684461,124.49849,-565.57666,-0.013959192,0.24375601,0.11252533,0.15084106,0.8007484,0.04822014,0.091951504,86.30508,25.312796,3.8420572,5.9197674,0.37205592,0.18098176,0.041958183,0.02475581,-0.017339904,-0.09030545,0.00015997794,0.902845,0.16812354,-0.022828937,-0.01158754,-0.012473756,-0.053242683,1.0172366,0.9482265,33857.367,61.059376,2467.6108,303.20413,516.28375,333.08813,0.002522707,97.378975,283851.75,DOS-HTTP_FLOOD
36.60601,5.3891325,58.37568,10393.308,-0.063844346,0.21448155,-0.07318697,0.12672561,0.8615526,0.08443066,0.0050866813,91.34667,20.237522,1.2552963,1.1381999,0.7003445,0.19385512,0.018988874,0.013751434,0.03622659,-0.03418567,0.05624019,1.0054173,-0.025355186,-0.068005726,-0.073798105,0.057679806,-7.371418e-05,0.9776393,0.89750785,76788.47,67.69418,2447.388,845.7741,823.601,837.8833,-0.00012590158,102.01608,720665.75,DOS-HTTP_FLOOD
30.142109,6.814072,70.670425,-2741.586,-0.035875045,0.26456782,0.25434855,0.2076915,0.5093513,0.06882041,-0.0017819181,55.012463,29.549063,0.4955914,19.272482,0.45614216,0.04266841,0.008621466,0.020532783,0.011773951,-0.049401283,-0.000989004,0.89198506,0.061617043,-0.0018951972,0.02076599,-0.04599478,-0.031190945,0.9911471,0.9941382,35191.43,61.824814,2572.515,309.17676,626.77637,294.5195,0.0019491403,100.23472,341315.78,DOS-HTTP_FLOOD
35.27929,5.2718873,56.99287,-427.03662,-0.09853095,0.20836444,0.026423845,0.4465178,0.8855804,0.08455176,0.019003486,96.38992,21.61423,3.129976,10.064706,0.7773847,0.25820538,0.08598372,0.020818882,-0.04471305,-0.002137993,-0.03446755,0.9566072,-0.11657065,-0.032680687,0.08715495,-0.0952188,-0.043658685,0.9805469,0.9778302,112679.92,63.111115,3671.5508,1178.1166,1139.7482,1095.3491,-0.00045197102,126.26459,1.1947562e+06,DOS-HTTP_FLOOD
31.549328,6.5820103,72.4267,-3549.858,-0.06808266,0.22060208,0.43297446,0.10004052,0.85130954,0.03414477,0.072264306,102.588,22.566399,-0.047818244,18.201496,0.372335,0.083731085,0.032442633,0.01355005,0.030021165,-0.053487793,-0.06657931,1.043093,0.030937856,-0.040130746,0.067668125,-0.097297885,0.038442943,0.9690202,0.96221536,61682.445,59.349453,2992.8115,530.8668,794.9048,533.6153,0.0012914157,107.10248,745494.56,DOS-HTTP_FLOOD
28.85235,6.7196383,64.66951,1028.7571,-0.06414265,0.38760164,0.13967894,0.029301627,0.4493862,0.007341182,-0.06002239,37.570988,31.571754,0.3383106,9.253828,0.1607601,0.5032172,0.001201746,0.025956603,-0.052068885,-0.025520723,-0.046214726,0.8960523,0.07708408,-0.038422678,-0.009871366,-0.039656866,-0.010219541,1.0278816,1.0118569,38057.266,64.74231,1093.2063,366.14886,312.58322,373.08823,0.0006559695,93.865326,162735.89,DOS-HTTP_FLOOD
35.061317,6.0350585,65.53488,7202.3184,-0.01028357,0.2895323,0.062450167,0.23905073,0.682537,0.02965922,0.020088999,69.845505,26.755844,2.9411209,9.57987,0.60595185,0.094685756,-0.021932848,0.029296067,0.06573304,-0.019442111,0.06618871,0.97957075,-0.016504262,-0.0071073063,0.054942675,-0.033708945,-0.03687669,0.9658657,0.93601716,63818.242,61.092926,3131.6672,448.22318,748.8389,472.90463,0.0006453329,106.16162,758583.94,DOS-HTTP_FLOOD
33.9943,4.351471,95.87482,-1.769043,-0.03807147,0.2495065,0.030928476,0.2643946,0.85559416,-0.010353286,0.042029984,83.578514,26.825773,0.17798305,3.215115,0.5890147,0.037174776,0.07363129,0.06324345,0.071806006,-0.014768539,-0.028238375,1.0070541,0.042863328,-0.022418868,-0.0071209944,-0.0501072,-0.051336177,0.9489044,0.9474582,60642.527,58.26369,4330.095,542.31805,904.3698,538.96027,0.0036871482,97.512344,814654.44,DOS-HTTP_FLOOD
30.500872,4.686257,58.762455,15401.148,-0.06410926,0.43250498,0.38439167,0.055116516,0.36179087,0.049352963,0.075100325,40.41349,36.40268,0.42850554,19.803244,0.2408263,0.05352639,-0.033763126,0.035380892,-0.040665682,-0.0498176,-0.035801217,1.0141611,-0.033832356,-0.047130678,0.08012673,-0.05968817,-0.05249191,0.9594741,1.0074574,23729.45,59.771282,1325.6849,281.03915,422.00027,252.96051,-8.378546e-05,107.32072,268229.3,DOS-HTTP_FLOOD
22.64878,10.158707,67.47518,-4028.4155,-0.102963634,0.32566306,0.17833568,0.081694014,0.18843871,-0.0015191117,0.00096170465,28.13801,27.978823,-0.27842507,12.467506,0.21226116,-0.020939693,0.02404189,0.03712207,-0.017231163,-0.042230565,0.0120107215,0.6674203,0.25963777,-0.023052523,0.0590854,0.011945268,-0.051218122,1.028176,0.959787,29905.766,69.09094,691.06616,227.39368,180.24463,278.42328,0.0050607636,93.47803,60297.707,DOS-HTTP_FLOOD
37.04271,6.253541,90.24525,5307.8926,-0.05090083,0.30109608,0.14261378,0.18419309,0.91463476,0.014933927,0.021787822,91.43224,29.414787,0.36838377,8.214688,0.5049256,0.25909325,0.03550807,0.033300627,0.029481921,-0.060867064,-0.041118704,1.025906,-0.012157655,-0.02079131,-0.041905098,-6.7772344e-05,-0.03824802,0.9747342,0.9647392,72459.46,62.526627,3003.1,751.7583,850.7328,769.0288,0.00023183021,106.40558,811668.44,DOS-HTTP_FLOOD
27.924139,7.6722918,72.3901,8393.773,0.08521566,0.12552598,0.08496511,0.27224675,0.62582785,0.049628727,-0.03517695,78.14996,11.841812,7.0359793,10.785937,0.80450857,0.1253255,0.010518906,-0.054403562,0.015084857,-0.055912524,-0.09775866,0.8323445,0.08263264,0.009958771,0.00036326936,0.05291654,0.02372754,1.0598158,1.0134733,97186.625,57.850048,4342.7803,930.90173,995.0133,945.1945,0.00096051965,118.34522,819569.44,DOS-HTTP_FLOOD
30.548267,7.7585645,77.513016,-3393.46,-0.10383396,0.22694163,0.16321784,0.17574924,0.7811123,0.13699786,0.0022677146,93.67981,23.264126,0.051660907,14.381989,0.75194305,0.07236714,0.009259152,0.027683882,0.027015673,-0.15133682,-0.07425685,0.9826597,-0.018451484,-0.006211037,0.023609448,-0.018993536,0.045132317,0.9164416,0.9486971,112971.35,56.27958,7592.5103,1159.6135,1575.5044,1150.0734,0.00764183,121.18622,1.3776491e+06,DOS-HTTP_FLOOD
29.345854,4.8730307,63.096138,10852.408,0.0006498862,0.12763904,0.43761486,0.10316326,0.5911236,0.05672241,0.023955999,63.49879,11.851596,3.9313934,19.854101,0.5678203,0.2859926,0.011080763,0.041383408,-0.0012600282,-0.0681005,-0.07896065,1.008265,-0.09050031,-0.011655125,0.042645395,0.012363083,-0.0069796667,0.96271074,1.0363756,51279.273,60.0164,1856.528,492.7699,583.29395,529.67523,0.00037667202,112.35422,403504.56,DOS-HTTP_FLOOD
36.63729,6.0947104,79.85871,22648.799,0.09543909,0.33333978,0.26519564,0.33839008,1.118895,0.16240887,0.07931747,112.66056,33.095375,12.230999,12.466984,0.7760718,0.17852998,-0.16829717,-0.16691369,-0.051571485,-0.082935944,-0.10502054,1.102595,-0.15433373,0.06430563,0.06455952,0.0461429,0.13738571,0.84967345,1.0048473,77242.56,55.152737,3641.385,670.1982,903.4456,746.7023,0.00072417065,129.67177,825957.8,DOS-HTTP_FLOOD
22.957905,9.108416,67.77869,5820.0674,0.055059113,0.13133244,0.19220175,0.21167849,0.3881243,0.03713199,0.012779146,50.33004,11.759802,2.7731004,12.734484,0.3259695,0.14615805,-0.019532701,0.029374102,-0.029440487,-0.03536976,0.014406143,0.65675807,0.26691836,-0.037977993,0.049876552,0.0005022669,-0.031522356,1.050368,0.9992819,52524.977,58.45057,979.34344,377.25696,236.10254,369.90527,0.00011088369,93.85773,145025.92,DOS-HTTP_FLOOD
23.469584,8.747549,64.62167,2978.3508,-0.08906088,0.11581033,0.41357097,-0.01569286,0.4979653,-0.15510364,-0.020296827,58.583687,10.840544,0.23368569,18.82697,0.22722967,-0.0040509813,0.06848154,0.018071268,0.011902474,0.028175578,-0.057924632,0.82237035,0.08418026,-0.008289101,-0.08909108,0.11981186,0.08202164,1.0304425,1.0703088,44461.32,176.36156,907.89606,654.73724,194.48291,672.5596,9.664308e-05,103.62253,129157.67,DOS-HTTP_FLOOD
29.058708,7.467242,81.78685,2403.549,-0.0106576355,0.20156133,0.122857824,0.09969144,0.78263557,0.015521586,0.082274266,89.91777,21.872805,1.5134552,4.445805,0.5560369,0.013027352,0.026076984,0.028445497,0.030335337,-0.06433503,-0.064728945,0.896137,0.12469279,-0.03540212,0.058941297,-0.015251228,-0.055717606,1.012037,0.9411584,55747.93,58.629353,2136.4058,529.2224,614.82104,590.1037,0.0011054247,101.36621,429137.28,DOS-HTTP_FLOOD
30.419237,6.2238417,81.531166,-51.472168,-0.013381073,0.24465184,0.48472655,0.023281561,0.97613317,0.026740601,0.08913592,100.220345,28.898159,0.6189636,16.222614,0.19162238,0.051565763,-0.01608019,0.027263153,0.013503723,0.0053454423,-0.01539128,1.0380353,0.018691014,-0.054576434,0.032390445,0.0014680764,-0.04301563,0.9562989,0.95547897,9647.556,59.229687,435.78662,52.74431,68.62987,31.67535,0.0014254298,101.710205,20437.107,DOS-HTTP_FLOOD
37.796562,6.231982,98.26051,4242.814,-0.08209811,0.39291385,-0.0032033771,0.16283166,0.70073056,-0.051836602,-0.0048673106,63.603626,34.922394,4.0829434,1.1880237,0.56809056,0.16458492,0.031259626,-0.02176647,0.00507948,-0.0753655,-0.044899356,0.9713856,-0.012127022,0.013604442,0.0241027,-0.0147127155,-0.084096484,0.98464006,1.0341543,73634.06,86.13405,3382.7202,968.5981,981.30884,989.2887,0.0007897761,105.81733,924226.5,DOS-HTTP_FLOOD
27.47433,5.381249,56.17853,64510.484,-0.012831481,0.30803308,-0.0869726,0.20758247,0.67232245,0.14592609,-0.08041692,64.84096,28.003702,1.8539475,0.46562475,0.24427982,0.6333606,-0.052028522,0.054655425,0.030694585,-0.058195196,0.20474768,0.83643913,0.06890071,0.021807984,0.0023418362,-0.01587058,-0.14318974,0.965027,0.90166235,64320.266,73.391556,3100.8362,740.64514,859.0194,742.51276,0.002516783,100.21619,1.1809315e+06,DOS-HTTP_FLOOD
31.554708,5.949198,74.78749,123.22705,-0.07523054,0.2405812,0.28609064,0.124918245,0.59859955,0.038813047,0.012065015,62.523506,29.903004,0.14742455,19.780296,0.29021108,0.14265181,0.002116859,0.02317003,-0.007957387,-0.04423182,0.029564306,0.92894846,0.0092478255,0.0027078367,-0.012218327,-0.008699111,-0.027729692,0.99060947,1.0124346,36893.453,65.28656,2120.9482,467.3016,616.49664,429.18192,-3.775432e-05,101.25631,381930.06,DOS-HTTP_FLOOD
27.790953,7.2218304,66.81329,4543.25,-0.064672984,0.22944729,0.30158707,0.038282793,0.46344957,0.06714234,0.038506128,48.07455,22.951206,-0.095823735,17.092955,0.31437996,0.044348523,-0.013884481,0.07705073,-0.029873865,-0.06455192,0.0034951326,0.83758175,0.0408986,-0.046677966,0.038838767,0.049861588,-0.0061339512,1.0078932,0.96510524,36969.91,61.917706,1270.572,283.8005,380.59726,332.8929,0.00042081316,96.00211,211786.5,DOS-HTTP_FLOOD
28.335394,7.0827603,102.793335,10108.141,0.0011799019,0.17754896,0.13099836,0.026415026,0.72645,-0.040337935,0.08687132,75.60388,15.701924,4.187766,5.168218,0.44268128,0.037982114,0.030231329,0.039672162,-0.030822402,-0.07371454,-0.070157185,0.90151614,0.05077104,-0.036234897,0.10680765,0.031662464,-0.03972433,0.9782886,0.975872,41508.59,60.748505,710.4595,300.47665,168.74225,315.0302,0.0006062152,98.54021,73801.45,DOS-HTTP_FLOOD
28.248655,7.443812,64.899025,6617.8833,-0.025695026,0.18950476,-0.0016122265,0.16500703,0.61334634,0.03446351,-0.059932884,65.95302,18.974234,0.8751109,5.3686886,0.4339882,0.37532336,0.0006051967,0.0361321,0.060335778,-0.035710394,-0.010597123,0.8457492,0.10938304,-0.034058087,-0.0012473564,-0.03714234,-0.03488931,1.0259775,0.99025255,72948.38,59.444523,3606.3108,663.3722,846.9888,680.0781,0.0006869189,96.40434,802740.2,DOS-HTTP_FLOOD
31.178885,6.656698,71.54463,-3477.6973,0.021784954,0.32197547,0.16454789,0.35451648,0.6685734,0.10307539,0.049215335,76.87737,31.372526,3.2208886,12.62038,0.6586998,0.058351047,0.011950558,-0.009996573,0.04259327,-0.009084523,-0.017481051,0.96113825,0.068344414,-0.074149884,0.037033334,0.013971904,-0.021140689,0.96660763,0.9712959,56063.316,56.608162,3387.6096,573.0472,857.2027,573.16345,0.002261319,102.807625,638598.7,DOS-HTTP_FLOOD
33.81563,6.586936,67.7105,4025.065,-0.10996069,0.32122818,-0.0769251,0.35160026,0.82384354,0.11739124,-0.07962105,76.52287,34.516624,1.0163754,5.5676174,0.64243984,-0.043339115,0.0114085,0.103490494,0.0102506755,-0.056355074,0.12155876,0.8997109,0.057885606,-0.041684378,-0.05803771,-0.02533288,-0.16240783,0.903914,1.0038586,85744.08,64.43243,5021.7324,866.97546,1144.6133,846.4674,0.00030899417,116.6998,1.3462422e+06,DOS-HTTP_FLOOD
30.887512,6.578786,66.730354,18624.346,0.025095707,0.1993954,-0.10698588,0.41575107,0.7642554,0.029977497,0.035583854,80.90145,18.090706,0.87927634,1.8622218,0.6316279,0.23185317,0.041789427,-0.0036246423,0.021490917,-0.0008725794,-0.013637643,0.9635267,0.020943688,-0.05093091,-0.020624716,-0.016384248,-0.05464422,0.9678224,0.9704062,86187.41,56.2506,3054.8054,953.0192,841.6129,944.4183,-0.0006170721,103.270386,704040.6,DOS-HTTP_FLOOD
31.356062,5.3186398,63.766766,1843.8579,-0.031667076,0.356644,0.39160985,0.08442747,0.48459312,-0.018536288,0.0491143,48.388504,32.828938,-0.2592585,19.368393,0.5361617,-0.07316996,-0.04441587,0.098290905,0.0075032045,-0.05118413,0.032828666,0.9494542,-0.046174124,-0.035290953,0.13311093,-0.026831564,-0.06623848,0.9848627,0.9780564,29395.908,57.756466,2350.6294,129.322,588.5612,199.9258,0.0016009054,99.82052,513175.94,DOS-HTTP_FLOOD
36.1961,4.2651014,87.03305,1912.4839,0.012695854,0.22418213,-0.06835397,0.28891978,0.824139,0.027673973,-0.009692278,69.46675,19.671371,4.8616304,4.392833,0.34072813,0.7632213,0.08322415,0.022547469,0.05203763,-0.01261617,-0.015765434,0.98581004,-0.025705209,0.006547617,0.00025271322,-0.047617856,-0.059537336,0.99910504,0.9992968,55563.76,66.94251,2967.944,510.38983,722.3737,495.31448,0.0024122673,103.119415,672152.25,DOS-HTTP_FLOOD
26.824682,7.806384,61.67607,3203.0469,0.035462186,0.087217845,0.070247926,0.06340195,0.5554047,0.054450724,0.04470827,73.52983,7.6699066,2.640232,6.680334,0.6800208,0.020810813,0.00822382,0.015972901,-0.012916179,-0.06416493,0.026688099,0.80896604,0.07936412,-0.056834973,0.06881971,0.0418165,-0.021277603,1.0116969,0.9253323,76333.47,60.66575,2557.989,685.4748,679.37585,664.4884,0.0015183452,108.53356,574465.0,DOS-HTTP_FLOOD
30.92878,6.9323955,63.84705,6149.4424,0.010434211,0.20377491,0.079693116,0.28508785,0.70725566,0.02773882,0.0029495964,79.87348,21.362278,1.2486346,13.090593,0.8186263,-0.059939932,-0.0071058837,0.031055843,0.0503077,-0.038254507,0.02949915,0.9921298,0.020208605,-0.00619669,0.033053838,-0.024275102,-0.047351144,0.9929,0.9353312,78388.58,58.0028,3403.6943,730.27814,906.3829,738.84033,0.0017896341,103.576065,937483.8,DOS-HTTP_FLOOD
33.26686,4.265972,64.306915,2309.7708,-0.029717458,0.16791204,0.01296078,0.39472446,0.7983009,0.014375115,0.036168262,84.291954,14.525971,0.7768989,8.489496,0.7470354,0.015210548,0.022870995,-0.050823398,0.093611374,0.006193109,0.03821055,0.9944393,0.026456805,-0.033584267,-0.006390314,0.04614777,0.022175126,0.9839342,0.9362047,74679.31,61.114082,2894.7908,780.55963,808.3797,741.83984,0.005461184,97.793945,698365.9,DOS-HTTP_FLOOD
34.960976,6.3777957,73.19964,-1391.1602,-0.03390972,0.27586296,-0.0949734,0.33626723,0.71205133,0.09300354,-0.022236694,65.78289,27.795269,3.33771,0.5280239,0.6461238,0.07657575,0.06416587,-0.0072772983,0.026816687,-0.029042212,0.028898671,0.8465997,0.03804492,-0.003726934,-0.0126214875,0.006659748,-0.10130995,0.9622117,1.0210348,82252.42,90.61435,4685.155,914.26965,1138.2191,937.2829,0.0012033016,109.95823,1.0954195e+06,DOS-HTTP_FLOOD
31.37896,6.2996874,65.90686,18669.238,0.011787903,0.16461146,0.13783786,0.15615486,0.7721276,-0.0052574184,0.011123918,90.92671,14.245514,1.5041279,9.287649,0.6400919,0.0571625,0.017201398,0.028690433,0.010983137,-0.055156186,-0.025647944,0.91833127,0.011093046,-0.027232423,-0.0096086245,0.016919957,0.008147833,0.9871105,0.9575912,79039.875,58.905113,2817.3372,635.7576,788.93005,629.9949,-8.254945e-05,112.80637,747921.1,DOS-HTTP_FLOOD
29.568974,5.365486,62.388676,3345.7205,-0.04111437,0.14690475,0.15640794,0.30648324,0.74465454,0.023756992,-0.003831389,67.20422,12.4407215,0.10464686,11.025791,0.52769655,0.19662188,-0.02296682,0.028702281,-0.022047777,-0.021931808,-0.0027757743,1.0036154,-0.011454618,-0.03446722,-0.00037130434,-0.031750504,0.0021427777,0.9890734,0.9491592,60124.645,60.43981,2084.4497,584.5153,693.9458,596.63776,0.00015346322,92.561554,558649.0,DOS-HTTP_FLOOD
31.521404,5.3313375,62.12703,4979.952,-0.00530011,0.3089657,0.08981158,0.2773572,0.5556028,0.059645884,-0.025299855,56.37715,27.093077,1.9336807,9.563736,0.5845564,0.15287185,-0.0021347916,0.050336763,0.05198378,-0.028858636,-0.01662874,0.9244941,0.026526641,-0.0543426,0.014275139,-0.01847756,-0.033877682,0.9814487,0.9296134,62301.867,60.70002,2378.7046,592.71606,696.7279,617.89996,0.0005580621,95.438,683842.5,DOS-HTTP_FLOOD
27.389835,8.456463,61.891968,9837.494,-0.07712524,0.13786167,0.23203605,0.14390336,0.42004123,0.048406813,0.06335505,68.40944,13.280935,0.6893346,18.394363,0.8371266,-0.03767223,0.007705702,0.0020634057,0.036917597,-0.08608456,-0.061966293,0.87445176,0.056005735,-0.025095075,0.12786204,-0.024545267,-0.042531807,1.043074,0.91958904,105746.99,58.94081,4262.8887,1118.941,1233.8395,1104.5236,0.000575528,114.23413,1.2040405e+06,DOS-HTTP_FLOOD
35.382378,5.234898,91.26233,4039.221,0.029758856,0.34397155,0.027352182,0.095384866,0.6680433,-0.024188675,-0.007301622,61.421246,29.872414,3.6104856,3.9386334,0.4954293,0.36334702,0.052871227,0.05827297,0.04980339,-0.004923453,-0.016514327,1.0291767,-0.01202806,-0.005002492,0.03822084,-0.035584703,-0.056604873,0.9652883,0.96352714,49052.19,60.583603,2569.4443,465.84692,634.06415,474.67966,0.0020150808,100.50327,578841.1,DOS-HTTP_FLOOD
29.595545,6.9031096,70.93049,411.82837,-0.022111386,0.12639159,0.12009337,0.09693983,0.6912527,0.05186905,0.009355095,80.66171,14.287437,0.42935428,12.00363,0.47531572,0.18244809,0.034022186,-0.011227046,0.051560644,-0.09805613,0.010193679,0.86470187,0.15665787,-0.021015888,-0.038672417,0.029380506,0.011873007,1.0094339,0.9645642,53720.543,60.97086,2735.9536,552.7742,680.50903,503.70566,0.0034748702,103.217545,482405.66,DOS-HTTP_FLOOD
33.491898,4.784475,62.70259,35757.95,-0.03125204,0.12759723,0.095176466,0.17975815,0.8802183,0.04625525,0.0020408328,97.35319,12.010922,0.6871028,8.568282,0.58322376,0.15544063,0.053052098,0.010442821,0.101592615,-0.022945344,0.04528641,0.99698853,0.04952768,-0.07173971,-0.014636144,0.010508726,0.008566532,0.9543422,0.8565768,69413.45,62.41308,2814.1304,661.0606,749.2339,600.4954,0.001276095,104.73043,682843.1,DOS-HTTP_FLOOD
27.985449,6.0567226,56.76091,4464.0293,-0.02819066,0.18737291,0.1007475,0.062041815,0.46579513,0.06719976,-0.008525859,50.65531,18.003275,2.0725982,12.358674,0.6360409,0.06156681,-0.00252401,0.046116546,0.06932196,-0.07857487,0.017605979,0.888604,0.05052148,-0.06573831,0.0605526,0.052944586,-0.034292754,0.9992597,0.9291854,80293.1,61.70715,2333.2893,846.1941,746.69556,825.0264,0.00055300066,95.84898,932228.25,DOS-HTTP_FLOOD
24.716837,8.153992,64.54547,18893.186,0.031067578,0.17851937,0.36362773,0.107244186,0.39363885,0.055044957,0.018750958,48.446354,18.289442,2.3289914,19.127659,0.51786345,-0.01491337,-0.010283323,0.03355896,-0.012637222,-0.04370451,-0.059710052,0.80038536,0.09735914,-0.023999628,0.06379101,-0.011643585,-0.08105889,1.0328728,1.0042946,40980.984,58.612854,1438.4639,387.9497,451.78827,392.83963,3.998197e-06,98.898575,234534.9,DOS-HTTP_FLOOD
28.051596,8.022793,69.29509,10394.68,0.08207429,0.1499667,-0.02777661,0.2879772,0.5638557,0.015958346,-0.02081207,67.95613,12.02798,9.386429,7.773257,0.5483652,0.26720315,0.04896643,-0.021184001,-0.025605718,-0.0063017244,0.04395459,0.79162985,0.10329349,-0.0074855885,0.05522929,-0.01712042,0.0044680387,1.0124924,0.9610525,66519.04,57.113808,2093.7993,601.6685,596.6402,561.57947,0.0010139397,107.544685,443209.16,DOS-HTTP_FLOOD
28.426132,6.870789,62.935837,1651.9907,-0.04768668,0.23085026,0.014093954,0.16753547,0.61331534,-0.018004986,-0.022425028,62.063232,19.853895,-0.3581094,1.9702023,0.5144866,0.019548142,-0.022395268,0.11394577,0.056680933,-0.035861485,-0.016524982,0.9080123,-0.0010401048,-0.05938053,-0.018614821,-0.04107224,-0.05135394,0.9678334,0.954314,70285.41,59.454296,2433.918,637.34894,683.31525,689.4638,0.0023685985,104.62429,731587.44,DOS-HTTP_FLOOD
31.092403,6.298112,65.16877,-2559.8496,-0.005147597,0.20341428,-0.04815425,0.41946107,0.79973507,-0.02800945,0.016413812,88.25048,18.365463,4.0964274,0.8338393,0.71369314,0.07738351,0.06312125,0.012174427,0.009532481,-0.0067720423,-0.033229053,0.95006144,-0.013954503,-0.09742681,0.07255625,-0.07245034,-0.104197755,0.9678386,0.9591272,65365.082,54.75397,2568.6611,517.2505,752.24976,624.7442,0.0026469473,106.844086,593705.5,DOS-HTTP_FLOOD
34.33886,4.703959,61.311687,2504.3608,-0.06341277,0.22399226,0.027724104,0.5014279,0.8194714,0.04189101,0.007644889,81.14392,19.363178,0.8068569,10.318228,0.69859767,0.13600051,0.039353788,0.005117529,0.0052512717,0.024550736,0.016543224,1.0734283,-0.039285574,-0.022160333,0.012770463,-0.007584877,-0.0005389098,0.95793647,0.9443932,73696.12,61.4126,2623.6418,783.11176,786.8621,760.7629,0.0010383775,98.085594,687403.3,DOS-HTTP_FLOOD
26.309822,7.344928,74.63486,5628.0234,0.0053550676,0.1280148,0.3373357,0.10670855,0.6219338,0.03379404,0.06872959,82.671425,12.140828,0.4961968,17.966072,0.5614183,-0.010313279,0.04297884,0.005219723,-0.00087751076,-0.06905995,-0.06287799,0.86344427,0.07786508,-0.0056596403,0.050322466,0.02008213,0.002352232,1.000364,0.9811396,46723.418,58.24464,2646.521,484.40988,635.47375,507.2515,0.0028095045,109.039,395093.5,DOS-HTTP_FLOOD
28.892155,5.8086534,61.99416,2434.0105,0.000567222,0.10613169,0.14293498,0.23654583,0.6639968,0.029058065,0.0031922874,64.760284,8.306287,1.9854056,11.558108,0.7295852,0.06435155,0.02282279,0.029716725,-0.03636029,-0.057614744,-0.028651327,0.93028057,-0.044202812,-0.036153875,0.067869365,0.015918562,0.01996657,0.9889411,0.96243405,79184.03,59.934002,2436.507,743.76324,770.88556,742.7931,0.00013100753,101.550705,624965.8,DOS-HTTP_FLOOD
39.66169,5.6294703,98.87442,-3858.2515,0.05056797,0.29354492,-0.0090594385,0.30759245,1.1178133,0.0860384,0.042186864,112.94068,31.58764,5.311342,0.6737735,0.6189906,0.25730908,-0.028878089,-0.07077928,-0.012703169,-0.010118625,0.006117788,1.045114,-0.035378307,-0.034936875,0.05346294,-0.11979246,-0.015138153,0.91738963,0.9821037,63617.676,59.56863,3867.8928,567.32465,891.333,597.4877,0.006056067,122.45476,855055.0,DOS-HTTP_FLOOD
34.803406,6.5430984,65.05172,11254.355,0.014845941,0.31413022,0.11067513,0.14580779,0.6120691,0.046812814,-0.014063074,53.64415,30.501167,4.7682405,11.376284,0.82527345,-0.072767,-0.04350356,0.012099747,0.031168804,-0.008105838,0.030112388,0.98288995,0.039257314,-0.020066129,-0.0142263975,0.008776504,-0.049889088,1.0177135,0.9767831,61172.383,73.58439,2174.185,649.93396,695.54517,653.3526,-0.00024579477,95.37152,617314.25,DOS-HTTP_FLOOD
29.499401,7.1719985,67.20148,15793.992,-0.02010612,0.14573568,0.07083931,0.4135835,0.536507,0.039325427,0.017918494,51.03634,14.2160845,0.8227465,18.0019,0.32865208,0.82984775,0.027139029,0.07479674,-0.0017090421,-0.08373237,-0.07578208,0.8757814,0.04384952,-0.031530462,-0.0007592095,-0.0034223963,0.013228275,1.0175315,1.0048425,83507.44,59.226135,3085.4004,1133.7507,921.7851,1173.8059,0.00012928204,94.27244,918451.25,DOS-HTTP_FLOOD
26.274088,8.586351,65.78344,1430.675,-0.0035114307,0.19187437,-0.10605953,0.3084844,0.60258883,0.021391783,0.042328127,77.99746,19.764378,4.218747,0.5655552,0.6092118,0.022414045,0.047100842,-0.040951375,-0.005878494,0.0014415476,-0.016033271,0.7631039,0.18175532,-0.013466765,0.026908807,0.016466096,-0.067278594,1.0447291,0.9755049,62882.49,56.505516,2543.166,590.4131,666.9564,642.1661,0.0014267605,105.819115,431734.0,DOS-HTTP_FLOOD
36.681828,4.2202177,84.30738,7602.6133,0.067192875,0.23157941,0.16128543,0.25902998,0.9616878,0.024950396,0.024482578,89.54671,17.405575,3.7976253,7.9738865,0.6689794,0.053860318,-0.0043911906,0.08393715,0.048475306,-0.024264103,0.06748129,1.107013,-0.07945129,-0.03915504,0.0051280786,-0.0009997981,-0.044188317,0.98018193,0.94488376,43639.246,59.92144,2034.524,326.25955,479.95142,293.02774,0.00013321068,95.81829,499691.56,DOS-HTTP_FLOOD
28.985413,6.2062645,66.94267,2016.794,-0.0101845795,0.15495569,0.22118188,0.12473843,0.57160693,0.038933724,-0.010063063,60.31804,14.075998,0.32926205,14.026478,0.56602097,-0.0013053621,0.055545263,0.037018083,0.013285998,-0.021829914,-0.03150084,0.84026647,0.019667799,-0.07225565,0.02262557,0.017908808,-0.02332852,0.99663115,0.9538072,51786.383,59.535046,2240.31,425.2574,624.4464,422.43015,0.0045650955,98.7188,541509.25,DOS-HTTP_FLOOD
34.805595,7.043726,74.222786,9740.743,0.03182473,0.13729613,0.16243985,0.1176369,0.9329692,0.046545714,0.059818953,104.01021,13.749694,1.0093584,11.1219425,0.41297728,0.27012622,0.016694471,0.07475662,0.03432788,-0.089021094,0.013653759,0.93402815,0.09477247,-0.057842728,-0.08445908,0.017243955,-0.010817627,1.0296317,0.93275934,58805.523,60.45524,2368.107,567.4467,654.8954,531.85706,0.00029840803,105.86823,553876.6,DOS-HTTP_FLOOD
37.918457,4.4377127,78.205345,6058.19,-0.0028542615,0.25865933,0.03762849,0.22889197,0.918634,0.018469565,0.053434405,88.1246,23.920788,1.1479722,3.6733894,0.73828965,0.16000007,0.03869573,-0.015022179,0.0018623192,-0.08161797,-0.13444199,1.0253115,-0.09378193,-0.016914302,-0.015177712,0.0464471,-0.018309787,0.9773379,1.0426886,85798.664,63.538834,3302.6274,890.01404,955.6676,969.1154,0.0006276618,112.89745,832727.6,DOS-HTTP_FLOOD
38.115402,6.8759856,71.35095,8059.128,-0.0786128,0.28409097,0.11872649,0.054782875,0.74665076,0.027507607,-0.11481735,67.88817,30.748045,-0.0076906006,9.194062,0.4734327,0.11337407,0.025869835,0.07862952,0.013568506,-0.08871031,0.022202231,0.9382614,-0.03321176,-0.024474852,-0.019109784,0.06598009,-0.00030296855,0.9947861,1.0102867,68953.64,100.93472,2635.1572,647.9799,715.3681,686.9022,-0.00049605896,106.95103,679277.8,DOS-HTTP_FLOOD
27.287777,7.7387333,84.38458,-628.0254,-0.011612958,0.2314411,0.11548491,0.15680663,0.5416437,0.036860697,-0.003492951,64.93152,23.84151,1.1101457,9.190191,0.6513016,-0.0016545352,0.03458208,0.015350044,0.056656852,-0.044979654,-0.018890236,0.80568564,0.13876873,-0.025061479,0.02136663,0.0064995233,-0.041302253,1.0255483,0.9791663,78737.02,59.225044,4099.29,769.0633,984.8674,755.6508,0.0033540325,97.547844,787861.06,DOS-HTTP_FLOOD
35.947628,7.5361214,74.07431,2168.3308,0.045128535,0.28441146,0.10085553,0.21755035,0.9826425,0.06907697,-0.051313657,100.44833,32.87845,4.08261,5.9734125,0.7536989,-0.025301743,-0.020714363,-0.041946426,-0.0065143313,-0.025397599,0.015536706,0.9669846,0.04410162,0.04672863,-0.042520083,-0.011278995,-0.04087311,0.9671316,0.9806771,76952.79,65.317474,3881.148,823.29144,975.96356,817.68713,0.0006647567,112.05436,781447.5,DOS-HTTP_FLOOD
33.095856,4.5333695,64.348305,-3911.6157,0.0171771,0.08792654,0.17496341,0.14474939,0.90275556,0.058190905,0.005577591,97.14256,8.006457,2.2623508,11.142854,0.795972,0.09085126,0.04825784,-0.0051159877,0.048762046,-0.046333876,-0.058013514,1.0714549,-0.03830639,-0.03583269,0.010744186,-0.033362955,-0.008754683,0.99198145,0.9959818,106042.26,65.73905,4390.85,1111.9196,1174.1519,1105.0858,0.0010918152,113.54088,1.0538972e+06,DOS-HTTP_FLOOD
33.83712,3.2925103,58.9362,-2341.9878,-0.052984957,0.18121594,0.12175248,0.25721037,0.8260728,0.027794773,0.012746452,80.85695,15.519438,1.0019349,7.315343,0.8366314,-0.02205609,0.047187213,0.0062833726,0.08912113,-0.0071091503,0.0061502075,1.0414805,-0.054449696,-0.06903933,0.06486664,-0.011810878,-0.031771485,0.9712752,0.9048808,75296.48,62.977356,3312.0032,691.83575,934.83264,697.6948,0.0063816956,99.41138,815326.6,DOS-HTTP_FLOOD
29.5343,5.6180973,89.659325,2126.0142,0.016472183,0.21444891,0.27259666,-0.009714533,0.64102995,0.04026981,0.0053829304,62.10321,20.304249,1.5198336,13.699703,0.31776422,0.16597398,0.058121935,0.030042224,-0.013389735,-0.047243536,0.0025847228,0.9685475,0.019529028,0.009585492,0.017500782,-0.0014973944,0.0020777527,0.96939373,0.961811,29319.273,59.78294,1477.9525,231.52594,390.27484,206.37616,0.0047692796,90.34505,232454.17,DOS-HTTP_FLOOD
29.248522,7.2653465,72.03915,-7350.5464,0.0028351787,0.10709782,0.07866317,0.22136138,0.7577103,0.021784756,0.030473765,75.655014,11.644988,1.1768838,4.59569,0.71731204,0.058014702,0.062021747,0.013992533,0.00055813696,-0.0093397815,-0.15097788,0.9085414,0.07513124,-0.049124677,0.054835375,-0.029721554,-0.10335184,1.002515,1.0192862,99188.43,59.117317,4084.885,1191.9731,1160.1611,1209.9333,0.0009746653,93.750465,958289.44,DOS-HTTP_FLOOD
33.631634,6.880398,71.40646,4341.1763,0.03759795,0.21322624,0.1982244,0.10304294,0.4869458,-0.00939206,-0.028207242,47.902695,29.026777,1.241905,19.124697,0.53085154,0.014545189,-0.0069141993,0.08709174,0.00605294,-0.06255205,0.07138546,0.91542435,0.05642872,-0.021517254,-0.04756192,0.0037983246,-0.041020438,1.0070834,0.92755544,41785.277,63.487,2721.5767,408.03427,691.58014,391.71527,0.0003944356,101.198586,546797.7,DOS-HTTP_FLOOD
34.38958,5.9676857,82.41754,-7494.1353,0.07371126,0.0824736,0.09340297,0.2928296,1.1348202,0.0063337265,0.021042375,112.054504,8.57906,5.4102015,5.1847167,0.6364796,0.3519746,0.01766508,-0.01377845,-0.1023137,0.007767244,-0.08074255,0.965235,-0.15346275,-0.078101896,0.05018458,0.040416606,-0.05786235,0.9833679,1.0810301,87771.51,60.190895,3521.795,852.82996,948.3842,894.4509,0.0015246188,129.4333,852981.9,DOS-HTTP_FLOOD
30.291012,6.1483097,63.184704,169.15234,-0.036071733,0.30280232,-0.022918561,0.15567587,0.6331379,0.017878411,0.08696981,70.353264,26.430817,0.34182462,1.1612859,0.64145714,-0.047513194,0.04779603,0.03824527,0.034515288,-0.0068066246,-0.012570665,0.8760094,0.024837572,-0.049963295,0.016424116,-0.025583869,-0.080641925,0.9799372,0.9288746,52707.387,59.017273,2321.9453,389.13687,629.0739,441.35596,0.0011100627,98.10698,496135.9,DOS-HTTP_FLOOD
31.577953,5.679903,64.87453,1828.8914,0.031189073,0.07876274,-0.051819026,0.23842445,0.8745312,0.042468756,0.041197684,93.647064,6.0767736,2.8737946,1.1254481,0.58401674,0.22391605,0.025036506,-0.015012335,0.030678539,0.024615766,0.04164988,0.9657382,0.09426116,-0.06235628,-0.048768274,-0.022730883,-0.003889231,0.99933326,0.9512591,65303.18,59.406548,2561.728,601.44446,687.10266,573.55835,0.0016429025,96.53424,626667.06,DOS-HTTP_FLOOD
31.019855,6.3931413,88.00524,7180.888,-0.011708577,0.21215509,-0.030829709,0.119632386,0.6724524,0.036777604,-0.023947638,66.445595,18.602112,2.6411607,5.101729,0.41752592,0.4841772,-0.029243149,0.047895554,-0.0325924,-0.11048905,0.0419245,0.9266393,0.054595184,0.00421152,-0.0815129,0.0780912,-0.03505287,0.951313,1.0680588,82265.875,64.52364,3494.8562,821.4814,924.84894,792.8256,0.00046818922,106.43205,1.2488592e+06,DOS-HTTP_FLOOD
31.103992,6.832584,71.21233,7389.495,-0.014596375,0.2517514,-0.10782182,0.21291657,0.589768,0.03320362,0.0074719656,71.9159,26.402565,2.0039732,5.329824,0.27589062,0.69142765,-0.034608513,0.05457427,-0.076385625,0.020542435,0.087700725,0.727755,0.04031797,-0.016104283,0.016173648,0.061706267,0.0062468834,0.9375097,0.95424455,81090.33,57.859573,3437.266,661.2072,797.8844,666.894,0.002928249,130.35696,774065.2,DOS-HTTP_FLOOD
33.63721,5.7853394,72.62593,871.19946,0.05543061,0.31625667,-0.054690108,0.13659638,0.7068751,0.021446513,-0.0057551335,66.29986,28.911224,6.950882,2.7063746,0.5941863,0.25820935,0.057030708,0.017601924,0.03545877,-0.012066238,-0.001366525,0.9448987,0.01394544,-0.055443563,0.02473222,0.027499657,-0.035077717,0.97230786,0.9523884,44473.203,60.445065,1813.0177,406.11444,535.20135,422.70676,0.0018732627,101.61542,404046.1,DOS-HTTP_FLOOD
28.111229,6.3500786,66.4926,-1333.0962,0.0528194,0.14738718,0.37174138,0.033462185,0.4026232,0.018224012,0.0029240083,44.1673,16.105968,1.6669011,19.802113,0.48797902,0.11493261,0.0055398606,0.021254506,0.00066248234,-0.04465049,-0.044214904,0.899959,0.028586825,-0.04157364,0.00045018154,-0.010418979,-0.05198251,1.0260538,1.0059391,32837.938,59.72099,2085.0278,311.19016,616.52765,307.85577,0.001290962,101.82515,412632.9,DOS-HTTP_FLOOD
28.922453,6.8182516,64.27747,1549.4058,-0.050983187,0.26671705,0.37089738,-0.012611515,0.6405074,0.03744691,0.025286516,71.952675,30.027634,-0.033173475,18.667137,0.0970822,0.28788063,0.027657557,0.06008415,-0.0020570308,-0.103925236,-0.03487681,0.9122578,0.06275476,0.016050732,0.0428738,-0.030027617,0.0027600676,0.98314005,1.0148463,24003.096,61.657085,1293.2646,207.39154,285.64038,205.02805,0.00049699034,102.253624,147216.95,DOS-HTTP_FLOOD
27.594011,6.6699057,62.03381,6149.3906,-0.084495544,0.2314105,0.064817384,0.051971126,0.5842742,0.006268274,-0.018934473,60.163048,23.966112,0.014701689,3.4550796,0.607665,-0.066824935,-0.0148273185,0.028749619,0.028757855,0.0016629323,-0.021255381,0.8792963,0.09625225,-0.029840793,-0.012753153,-0.0026102457,-0.05668353,1.0297614,0.9463387,68875.41,64.24049,2081.8418,689.3504,665.417,724.82544,0.00034967516,99.37024,471377.03,DOS-HTTP_FLOOD
27.49538,6.6447625,70.56637,-2124.2393,0.00012652948,0.08452672,0.15053767,0.09711223,0.63262,0.012729237,-0.0026857248,61.491993,7.271513,2.0260699,10.879041,0.42944312,0.25310007,0.055526312,-0.0003246544,0.02364062,-0.06848884,-0.026274312,0.8836862,0.06256199,-0.054876693,0.03058714,0.0097995475,-0.0023685675,1.0064402,0.9798493,72117.14,62.084126,2445.772,586.4363,706.2606,589.9915,0.001846892,100.07647,584491.4,DOS-HTTP_FLOOD
25.352203,7.507983,62.819603,5013.778,0.035208855,0.23382013,0.06392927,0.118012905,0.5131556,0.0038563418,0.07320213,59.287724,20.78432,1.6053166,5.199835,0.46121463,0.07922035,0.0009467127,0.030948577,-0.009981393,-0.018588554,0.042447258,0.7633618,0.11090337,-0.03120208,0.068803445,-0.017967053,-0.09133071,0.9741619,0.96636784,37046.836,56.885174,1651.6992,225.5994,336.16846,219.36072,0.00068050914,94.6953,192389.61,DOS-HTTP_FLOOD
26.46573,6.8690286,67.16962,3797.7349,-0.033788864,0.22581391,0.04103691,0.2262826,0.50598955,0.0006033509,-0.012600442,58.692303,20.452171,0.53699607,6.6335096,0.40363568,0.29350623,0.02554772,0.011625913,0.054806367,-0.03772306,-0.030331358,0.7786651,0.1281563,-0.062261462,0.040634047,0.021275507,-0.0019770581,0.99824804,0.9812361,73101.625,57.586124,2868.3318,691.4594,831.6421,710.6047,0.0009274962,105.292274,745657.44,DOS-HTTP_FLOOD
29.569723,5.938699,77.79234,7504.082,0.0045936834,0.07342892,0.09250908,0.4036416,0.7701637,-0.045793947,0.009628664,84.163895,5.8011913,0.5608369,5.5742383,0.6053328,-0.029627714,0.06133825,0.017149813,0.07062655,-0.014556849,0.013876006,0.89922273,0.08107157,-0.04050266,-0.04571957,-0.026210079,0.014645688,1.0399858,0.951917,66127.92,60.398067,2323.934,616.2991,647.52686,580.629,0.0038789604,103.84823,590759.8,DOS-HTTP_FLOOD
33.205986,7.1452265,62.601334,-2338.2178,-0.0063887704,0.1268182,-0.07080972,0.42842683,0.84088683,0.081488,-0.06568475,83.38884,9.218124,1.3235717,0.34962505,0.5219045,0.13461006,0.06599841,-0.0051524397,0.048379064,-0.07796616,-0.029395314,0.9225384,-0.010952833,-0.056016803,-0.029337667,-0.04050327,0.009969644,0.97715694,0.99293643,108190.984,165.03511,5100.248,1307.1589,1246.844,1345.5792,-0.00027692562,102.30035,1.4148222e+06,DOS-HTTP_FLOOD
28.78611,6.094002,65.86531,5536.727,-0.031467456,0.17447166,0.07761916,0.32844976,0.6941038,0.030188097,0.040086113,72.0114,15.968613,0.29936886,7.9843693,0.49278116,0.08676975,-0.0022424152,0.042762015,0.020573957,0.025243782,-0.019288149,0.87997,0.04063336,-0.049267184,0.04976451,-0.00779055,-0.0366346,0.96889573,0.97066617,61127.414,58.706,2044.5186,502.8433,567.739,530.9616,0.0016820659,97.63488,440588.16,DOS-HTTP_FLOOD
28.120724,5.5748825,61.18261,1190.6711,-0.0028031599,0.110811464,0.30374378,0.18796492,0.6587738,0.07222676,0.006909906,67.05727,8.8332405,2.7393138,18.035643,0.56955194,0.097155504,0.022445014,-0.013429245,0.010964874,-0.024228131,-0.01708001,0.9402276,-0.031392846,-0.0034248736,0.035951965,0.0070698787,-0.01677956,0.9774969,0.9741877,36366.668,60.78669,1444.1638,315.13812,401.40817,295.8736,0.0006971964,101.55313,221583.8,DOS-HTTP_FLOOD
29.850891,7.3961563,72.51852,4285.1333,-0.057975803,0.17784184,0.09440764,0.13887106,0.66358656,0.034618586,-0.037389666,70.44148,17.17606,0.08673821,13.291316,0.52151614,0.22000137,-0.03195438,0.0498335,0.00034423545,-0.08986711,0.01839941,0.9167792,0.062492434,-0.028067911,-0.06809389,0.0039682724,-0.006044144,1.032232,1.0062628,82338.01,62.215454,3135.9905,934.85156,926.0907,905.8115,0.00029125664,96.18245,1.00306044e+06,DOS-HTTP_FLOOD
31.952345,7.0165005,67.62724,40303.598,0.02097883,0.21051517,0.05319602,0.07675386,0.48140672,0.039973408,-0.05968779,68.218315,20.060692,3.948205,13.111562,0.5588448,0.02944602,-0.0034812186,-0.017386004,0.0679925,-0.011706605,0.066505566,0.7852462,0.048349217,-0.01584011,0.014551542,0.08475505,0.0016742758,1.0326117,0.97244906,60801.277,135.9774,1899.7714,559.2081,486.1461,518.4431,0.0010396655,114.78567,416263.78,DOS-HTTP_FLOOD
33.75824,6.429914,66.8655,-319.70215,0.04646674,0.20660277,-0.096487105,0.30923554,0.8469691,0.00899713,0.03150238,95.06283,23.94757,3.9617133,0.58343774,0.84752667,-0.021486172,0.06828598,-0.025836201,-0.025728922,-0.059716247,-0.11481821,0.9065573,0.050545674,-0.044442378,0.027997503,0.04928809,-0.036270708,1.0082182,0.9839173,82851.836,58.62357,3467.8755,864.19763,939.79913,897.84106,0.000816371,110.40186,719942.44,DOS-HTTP_FLOOD
23.72021,9.667467,68.64985,3238.9985,-0.11586129,0.27278158,0.020804482,0.1138209,0.39926577,0.005388909,-0.11890288,48.308613,29.95728,0.38071185,8.212839,0.23324203,0.030227227,-0.0267883,0.05811386,-0.0068325736,-0.010249982,0.029442145,0.6455193,0.22413309,-0.018467309,-0.016114583,0.02873255,-0.039366096,1.0014968,1.0282886,51481.246,162.00093,2024.9581,554.0732,462.1398,617.7684,0.0006694832,107.21376,244085.47,DOS-HTTP_FLOOD
28.422127,6.1815066,61.868652,19639.668,-0.022103935,0.1450362,-0.14590967,0.58676344,0.68147135,0.012791817,-0.008784373,68.394615,11.693202,1.3243543,1.3418074,0.659783,-0.027535854,0.020156808,0.023262195,-0.003920542,0.044402886,0.10829693,0.9166553,0.05772635,-0.032216016,-0.018858392,0.053016353,-0.006910311,1.0227487,0.9522817,85250.38,61.267994,2143.1416,980.82214,754.1516,915.5599,-1.4455683e-05,93.14427,862145.8,DOS-HTTP_FLOOD
28.724709,6.420808,58.97908,10823.689,0.02405043,0.16428073,0.2792485,0.24621134,0.5328697,0.025231445,0.08083578,69.42875,14.506891,2.9451542,18.960073,0.80370307,0.017431138,0.0117263235,0.0461855,0.0073665143,-0.08728873,-0.010743471,0.9511489,-0.043165736,-0.016587574,0.09633773,-0.025592063,-0.016259212,0.977511,0.9272701,67298.54,58.88971,2332.6917,566.8832,734.0661,612.24567,0.00016201538,113.11801,693694.06,DOS-HTTP_FLOOD
26.66169,7.7231164,67.74584,-2999.3882,-0.005155457,0.33016482,0.038761444,0.088760905,0.48504058,0.039409168,0.053552896,58.73292,30.903984,2.0138683,4.3993134,0.43045405,0.047141045,0.036523968,0.007528597,0.07461849,-0.023408912,-0.027886285,0.7180435,0.14636318,-0.06135732,0.08856174,0.0009788526,-0.089930475,0.98233527,0.94975036,26107.814,58.738922,834.764,107.65115,146.06943,123.29353,0.003588212,95.09748,48703.387,DOS-HTTP_FLOOD
28.514954,7.81948,67.87569,2026.9155,-0.068588585,0.20291166,0.13402994,0.16927586,0.49148068,-0.03716762,-0.015528956,53.582523,32.06357,-0.24010284,17.326271,0.39848056,-0.0115044955,-0.015336919,0.020156203,0.0688989,-0.061728362,0.032114092,0.75020564,0.16045693,0.020058153,0.08619927,-0.021740096,0.047486503,0.96737456,0.9286086,49066.105,58.90497,2869.585,624.2361,765.4319,601.21686,0.006474542,88.50656,644698.56,DOS-HTTP_FLOOD
32.922333,6.2533627,66.80066,5442.5654,0.014184548,0.2942823,0.14103901,0.193769,0.54142004,0.02389325,-0.016136546,53.792862,27.596493,1.1144876,18.413136,0.5806968,0.15667826,-0.015309687,0.043223903,-0.057155848,-0.020381864,-0.0074249874,0.9492597,-0.0010175072,-0.02746905,0.00894174,0.0014704792,0.014095044,0.9679031,0.9989764,57878.863,60.83377,2336.7043,560.2069,726.9544,546.82733,0.0004639949,102.230835,691747.1,DOS-HTTP_FLOOD
32.60116,10.248626,69.447174,22194.959,-0.0018014573,0.20844479,0.5077432,0.16303952,0.7930267,0.07650998,0.16065606,99.427444,21.668869,2.2661753,19.741749,0.9306928,-0.0014756842,-0.11107496,-0.08002449,-0.13406025,-0.1435894,-0.027436854,1.0148808,-0.13283041,0.03195876,0.22272332,-0.1347083,0.025470136,0.9646896,1.0349475,99492.61,56.597023,4359.004,1082.2393,1286.6912,1087.5494,0.0002602368,124.02269,1.2095672e+06,DOS-HTTP_FLOOD
29.429941,7.367689,66.03469,1554.6396,0.032213423,0.1634462,0.2615949,0.24838625,0.6913559,0.04385924,-0.04485125,77.86792,19.468401,1.9811784,19.203152,0.47008577,0.025620127,0.0043560145,-0.0059919525,0.0071662334,0.010421098,-0.0002248818,0.870475,0.05701454,0.059749685,-0.049225412,-0.03244754,-0.020635046,1.0203316,0.97939664,51414.863,64.71101,2353.571,555.09625,717.4338,546.85004,0.000306195,102.81392,493275.8,DOS-HTTP_FLOOD
33.465675,7.021073,65.637054,9082.651,-0.012818573,0.28212592,0.018866247,0.2548661,0.495212,0.04883921,-0.05982017,52.100998,25.376553,2.9052722,13.692908,0.82316387,-0.0304528,-0.020604579,0.045139477,-0.0020140922,-0.043524407,0.06290881,0.8744608,0.039252073,-0.041528717,-0.017976379,-0.0046989834,-0.06597794,1.0251088,0.9172029,63585.36,66.05799,2377.5862,615.7522,726.4485,653.8349,0.0004545374,96.31715,656207.7,DOS-HTTP_FLOOD
33.81192,4.6983314,62.707115,802.8882,-0.044160053,0.28712845,0.07077119,0.10971623,0.7963765,0.03608879,-0.025065213,77.15565,29.409132,0.5467557,8.131483,0.38479075,0.5969826,0.04860545,0.06562338,0.008106068,-0.06799766,-0.064689755,1.0030904,0.014933771,-0.04258437,0.021284021,-0.053000156,-0.016950151,0.95459473,0.9538163,66231.72,63.14199,3666.6965,662.5424,859.18536,681.056,0.0010493534,103.135254,685124.4,DOS-HTTP_FLOOD
28.110146,7.6392245,72.28551,23798.557,0.0391341,0.1752472,0.2646487,0.18324067,0.6585642,0.022641579,0.07293035,69.23821,18.011404,0.3558815,15.418165,0.39300308,0.010139032,0.047203828,0.028886626,-0.002970202,-0.030228822,-0.012699532,0.832446,0.02899746,-0.03284045,0.040962555,-0.012803061,0.02527167,0.9776869,0.9299381,32013.21,60.784084,936.6876,229.19446,264.0366,204.77963,0.0011438264,102.71993,131189.52,DOS-HTTP_FLOOD
27.651962,8.090591,69.22411,25696.988,0.026308533,0.19550987,0.15282033,0.17341977,0.5983514,0.061612494,-0.009976303,74.931015,18.374378,1.2087586,12.401678,0.507162,0.07967194,0.017619254,0.017270207,0.016936261,-0.06946716,-0.024351843,0.8083451,0.075407594,-0.05378736,0.02031368,-0.00476663,-0.031496868,0.992561,0.9510428,74143.17,58.211216,2737.5686,616.9251,715.0435,593.7898,0.00012459222,112.34916,613871.3,DOS-HTTP_FLOOD
30.160622,5.674491,63.020855,-5648.655,-0.05110345,0.41310287,0.274498,0.14243834,0.5394243,0.005294268,0.00075927237,49.974655,34.16735,0.44782963,15.155044,0.265412,0.07530583,-0.013980001,0.039637465,0.0010906626,-0.01688596,0.024443695,0.943928,0.014764403,-0.016399963,0.07569429,-0.027258005,-0.04435111,0.9802274,0.9367352,17707.05,60.93959,375.05084,39.81876,85.73125,52.534634,0.0017416084,97.172066,26292.63,DOS-HTTP_FLOOD
28.918953,5.778934,55.4095,3077.5098,-0.01359362,0.2020443,0.108350724,0.20257273,0.5915583,0.058089204,0.021556694,65.891716,18.109549,3.5056818,12.2557125,0.61890095,0.2525724,0.026483819,0.024012635,0.0317803,-0.029352855,0.018954946,0.91173786,0.032524228,-0.04315298,0.106376454,-0.05022011,-0.03834103,0.9860999,0.88672465,52348.824,59.06123,2623.0605,490.5176,727.14307,482.15924,0.0011500558,97.10975,600924.5,DOS-HTTP_FLOOD
26.874687,7.132159,65.55138,-4734.3784,-0.0509532,0.18250038,0.4547982,0.0037464772,0.59389025,0.03740136,0.0065488857,68.702255,20.701672,-0.26345336,19.426575,0.24804243,0.034215596,0.03763563,-0.0014363602,0.035054438,-0.052714217,-0.035326228,0.8708032,0.05022695,-0.0015094341,-0.042359643,-0.030712234,-0.041111372,1.0303607,1.0497636,26453.982,63.3112,1324.9166,241.7627,364.86908,283.09225,0.0010176006,96.84022,182388.33,DOS-HTTP_FLOOD
26.213547,7.0554295,48.997654,13250.412,0.035564072,0.17779508,0.12520653,0.17156112,0.35006505,0.041559316,0.07713778,64.54915,16.60885,8.384381,19.04058,0.8112718,0.05156333,0.011205365,0.056468926,0.039964747,-0.06416279,0.09827274,0.83538866,0.04521834,0.01853031,0.24938953,-0.106283784,-0.06747003,0.95530605,0.8601737,63600.74,57.010094,3133.5825,669.5609,845.05194,665.0335,0.004084261,115.05673,785853.25,DOS-HTTP_FLOOD
28.632732,6.927605,73.98002,2450.9492,0.013099808,0.20550175,-0.0067795115,0.13007405,0.6828868,0.039012216,0.045038737,77.370224,21.448553,3.2179055,2.5879312,0.5895879,0.054721396,0.049605478,0.007933196,0.018639348,-0.014266947,-0.014444487,0.8375778,0.17730474,-0.048889738,0.052741375,0.00815438,-0.03807066,0.9722494,0.9144638,39994.5,57.255264,1907.8225,379.53284,500.82388,392.774,0.005450568,93.599785,307426.78,DOS-HTTP_FLOOD
33.565933,6.5652504,66.02967,7765.0938,0.05482053,0.12816404,0.21477443,0.13199745,0.9823827,0.024194138,0.05200191,105.71643,11.7301855,2.118228,10.825537,0.83880633,-0.06423584,0.01502184,0.02089689,-0.009703477,-0.027874723,-0.0008001365,1.0444708,-0.052492846,-0.046316218,0.030065384,-0.015825793,-0.024930112,1.0044669,0.9720655,75624.61,59.628483,2713.8662,717.1811,784.34875,707.1355,0.000572984,112.34037,724676.56,DOS-HTTP_FLOOD
36.25125,4.5622673,66.70983,7689.5146,-0.052537292,0.26463795,0.10422896,0.17857276,0.793344,0.020517604,0.014624458,67.51714,24.769575,0.07820834,6.2883167,0.64342433,0.040993575,0.018360782,0.04325239,0.06400072,-0.009241308,-0.0001875544,1.0411197,-0.080318004,-0.044714794,-0.042133793,0.005912129,-0.018052213,0.9774954,0.9669025,64418.723,67.22355,2515.1238,577.30664,748.38385,606.45215,-0.00025439193,98.07995,657755.4,DOS-HTTP_FLOOD
34.035225,5.397612,68.1901,2043.7854,-0.048150178,0.28411347,0.13103168,0.051820744,0.7239187,0.015092683,-0.046866223,72.45293,32.920338,-0.20729242,16.298182,0.40364093,0.25016126,0.039614145,0.048144817,-0.009057907,-0.035691068,0.03311426,0.96449035,0.01705714,0.00093688024,-0.010054558,0.035845023,0.027424388,0.91545415,0.97408503,52926.6,63.97988,1995.6523,755.4466,654.27295,715.9487,0.002385909,100.50206,524944.7,DOS-HTTP_FLOOD
30.037008,4.604198,55.120415,3445.1316,-0.005061794,0.19536275,-0.17112331,0.30724812,0.6764945,0.010290839,0.015695395,67.73014,14.758376,6.6126614,0.49762988,0.60777557,0.39938748,0.061148003,0.03129941,0.031481244,-0.010508393,0.009161214,0.9418293,-0.11160766,-0.045050465,0.1854977,-0.0274967,0.007742801,0.85249645,0.79175675,64285.914,54.892693,2608.6763,479.52136,831.5592,549.4399,0.014926594,101.890495,908278.25,DOS-HTTP_FLOOD
26.811464,7.0436993,56.556694,-503.9253,0.007280297,0.101142004,0.3165657,0.07862569,0.6231689,0.063832186,0.059796926,90.84374,8.49667,1.8379396,19.231518,0.6342337,0.0056918724,0.10214079,0.019194683,-0.02294505,-0.076217994,-0.019046016,0.8639901,0.08647823,0.019639906,0.036825538,-0.0060334476,0.006962102,1.0170813,0.9317894,58994.707,62.70326,2213.4556,641.8203,671.3053,616.6702,0.0002273483,113.32386,617126.5,DOS-HTTP_FLOOD
28.666412,6.1257477,62.926334,-1561.5625,0.007275445,0.19312434,-0.014663902,0.17282848,0.6337617,0.008208321,0.0590919,67.90129,18.617073,2.5070655,4.2733235,0.70552886,0.17905064,0.055069067,-0.06042465,-0.03122309,0.011690677,-0.07502507,0.8271738,0.008013888,-0.0720293,0.09217173,-0.028475039,-0.055966232,0.95985323,0.96155405,78026.62,58.25654,3308.862,744.7739,895.55865,764.57245,0.0021977515,106.36405,708970.06,DOS-HTTP_FLOOD
30.889336,7.0541496,97.46843,338.82666,-0.08893962,0.28881627,0.1463661,0.11935967,0.7879302,0.033680283,-0.0237784,82.64424,30.565157,2.983577,7.794123,0.4505026,0.044084687,0.028106552,0.00010600779,-0.0017705839,-0.04285282,-0.014817058,0.8928292,0.08125967,0.020341894,0.043966673,0.02244263,-0.041693844,0.97576916,0.9443761,55523.355,67.19003,2787.709,558.94696,716.1821,602.6309,0.0014164808,102.94884,427725.38,DOS-HTTP_FLOOD
31.232819,7.149864,73.966774,25025.068,-0.03418243,0.20990339,0.22769658,0.07654404,0.5368572,0.03608937,0.0029618875,65.12842,21.66323,0.32415566,19.354778,0.55374086,0.049641464,-0.054099433,0.063327186,0.051570125,-0.12728636,0.078215234,0.8969001,0.012064169,-0.06507865,-0.07525791,0.08580181,0.008130417,1.0241864,0.9511434,67909.586,66.03139,2113.7734,897.52454,766.536,856.12225,-0.00011043133,102.70819,783234.8,DOS-HTTP_FLOOD
25.004042,7.195362,63.904816,-6138.2095,-0.057027176,0.19911225,0.41756976,0.09054729,0.3929549,0.030130876,0.055816755,56.327106,22.474857,1.7852914,19.870544,0.46054518,0.020746628,-0.03623768,0.012933223,-0.020530147,-0.052043203,-0.030093983,0.89166296,0.08038758,-0.0009070616,0.0471147,-0.019590825,-0.10079142,1.0485073,1.0019323,32335.436,59.47754,1743.7731,353.24185,507.93396,401.0207,0.0017805776,112.324486,293881.16,DOS-HTTP_FLOOD
35.07672,5.792874,71.52761,629.04956,0.014229363,0.26648796,0.06558789,0.09885215,0.889149,0.00328993,-0.000120329205,87.53134,26.001904,0.6956577,2.7185616,0.620275,0.04581265,0.029162996,0.057283908,0.054553196,-0.009358709,0.01746608,0.9900242,0.033405874,-0.021653378,-0.03050755,-0.009855827,-0.08455688,0.9692612,0.93026143,38639.11,60.38815,2031.4342,292.3797,569.1382,346.03372,0.0020919226,95.82844,450625.38,DOS-HTTP_FLOOD
31.810635,7.751024,68.40152,505.97803,-0.07657787,0.5535028,0.092042536,0.09210796,0.57407016,-0.044322602,-0.065728106,57.166744,39.398037,-0.098652974,6.8209977,-0.0248713,0.016431538,-0.10385023,0.09543905,-0.04772784,-0.025990477,-0.044202004,0.8833356,0.10503719,-0.101381436,0.030969657,-0.08984957,0.0041511655,1.034638,1.0109675,38284.086,165.34769,2077.8357,390.1516,401.29385,503.99084,0.0007717537,115.9544,248217.6,DOS-HTTP_FLOOD
34.743614,4.7358985,61.551674,6696.0947,-0.0442227,0.26006612,0.04041321,0.05200624,0.91987854,-0.002832486,0.0551875,89.05398,23.094902,0.19966379,3.5003016,0.64941514,0.029365642,0.031446464,0.032675404,0.023071546,-0.01546187,-0.00022430904,0.98768806,-0.104020506,-0.03365232,0.068099454,-0.007353117,-0.03164476,0.96578443,0.95070076,43863.95,60.335873,1878.9769,383.57974,505.574,393.36716,0.00047779642,101.535706,390447.66,DOS-HTTP_FLOOD
33.446217,6.8454,65.497345,1324.5938,-0.038925342,0.22940448,0.09022878,0.3224407,0.79052186,0.036133174,0.020329857,87.27359,23.424908,1.6505032,15.995307,0.6075514,0.14432095,-0.010803876,0.023082096,0.047100727,-0.06227724,0.01994389,0.95070827,0.02591293,-0.030445658,0.01273701,0.013516394,-0.034811378,0.9704237,0.94369704,73479.81,62.220272,3035.5535,702.82294,796.0783,720.09717,0.00085846893,105.47407,728352.9,DOS-HTTP_FLOOD
33.237793,5.666364,61.157795,-135.90381,-0.05807312,0.23603748,-0.032774765,0.14880434,0.85564536,0.026357787,-0.016787753,88.458534,21.325312,-0.18175057,2.5528445,0.55435157,0.23261061,0.007886886,0.028782936,0.037135277,-0.02462319,-0.05341322,0.986629,0.056848086,-0.058621187,-0.07368073,-0.04317725,-0.06588453,1.0141468,0.97364163,80464.75,59.099213,3405.954,1038.9215,897.3064,1033.6625,0.0007675176,96.78649,877588.0,DOS-HTTP_FLOOD
26.481075,7.40915,66.26047,6460.7617,-0.054491445,0.19472972,0.120570704,0.31660068,0.64835227,0.043116525,0.0128659345,66.09511,20.424185,3.4698792,8.014847,0.46166337,-0.00555981,-0.04517146,-0.013145005,0.02960276,-0.026962187,0.053662896,0.8318128,0.12549928,-0.012918511,0.0042198133,-0.040088616,-0.03407667,1.0112065,0.935591,39986.805,79.30699,761.33563,287.8479,169.65866,305.85828,0.00011388227,92.59784,55650.285,DOS-HTTP_FLOOD
22.619843,9.514492,61.905155,3022.7573,0.022734823,0.15215327,-0.028052352,0.2017145,0.3078931,0.08532721,-0.055809584,62.352028,13.774376,3.715661,11.886375,0.5420827,0.14175916,0.022254521,0.03815381,0.070474856,-0.06295146,0.026805334,0.6934162,0.22027265,-0.051592138,0.1244598,0.008379835,0.025143534,0.99642086,0.9037294,83200.77,60.537422,2753.9587,786.5281,682.82947,713.481,0.0054901214,103.425,654100.6,DOS-HTTP_FLOOD
34.11216,4.740233,68.04556,6515.7754,-0.003829142,0.39010364,0.10413247,0.33325422,0.73803985,-0.0041633216,0.048891798,77.13968,28.187805,1.1875092,10.131894,0.57262564,-0.013013089,0.015670057,0.07784663,0.021594815,0.0061966246,0.059150662,0.9992009,-0.08534455,-0.055889715,0.057278767,-0.0066176103,-0.025998108,0.8982733,0.91876614,37300.492,58.367912,925.36896,142.02731,235.28967,199.91553,0.0048694625,103.98371,229422.1,DOS-HTTP_FLOOD
34.546516,6.567336,66.58991,12799.838,0.042746454,0.2197186,-0.025359083,0.22773755,0.91847414,0.047322176,0.05502642,97.630165,20.414154,1.1069016,1.8784505,0.58382577,0.08751482,0.008677267,0.03239209,-0.0035895873,-0.002822862,0.021151414,0.9349651,-0.008735089,-0.049849045,-0.01745118,-0.016837876,-0.02667296,0.9681445,0.93448997,50520.914,59.31024,2057.1846,375.50568,575.773,388.18134,-4.614964e-05,105.7127,466097.1,DOS-HTTP_FLOOD
33.330357,6.688132,68.15079,118362.33,-0.099411234,0.28225252,0.27207124,0.017874895,0.57574254,0.004092613,-0.08041237,60.613487,33.671432,0.014393216,18.409899,0.31913155,0.035779443,-0.0098807495,0.051719353,-0.0022675004,-0.09522481,0.04651722,0.86669225,0.11145196,0.028004829,0.067968875,-0.033215124,-0.0086467145,1.0051453,1.0057682,49460.383,62.772953,2933.0205,555.9872,707.75793,503.89203,-0.00047500624,111.1798,530797.8,DOS-HTTP_FLOOD
21.877289,9.946171,62.13541,3010.7393,-0.031637747,0.15847199,-0.018071145,0.12106921,0.37228695,-0.009195054,0.0034364802,53.773643,15.9384775,2.0743706,3.3074708,0.55602956,-0.0028536636,0.02063534,0.0043356046,0.067941,0.015760439,0.013939392,0.68129665,0.27504948,-0.03131536,0.009451472,-0.010221255,-0.06134244,1.0338894,0.98031026,70929.086,57.729958,2842.9778,645.6286,732.3703,667.3864,0.0004886055,92.62236,628176.9,DOS-HTTP_FLOOD
26.709475,8.355096,62.716717,8596.761,-0.10415797,0.30648002,0.10402414,0.061306365,0.4110515,0.04384584,-0.05103564,50.829124,29.263523,0.095164,11.0303135,0.44341102,-0.0155194225,-0.043768615,0.015723627,-0.018372066,-0.06505568,0.026230626,0.8315323,0.17580876,-0.058043286,0.012203516,-0.015519211,-0.04766134,1.0473725,0.995631,67127.56,83.49965,2332.4536,914.84064,720.2985,944.46204,-0.0004927258,101.08662,534811.4,DOS-HTTP_FLOOD
29.904404,6.251541,66.33129,1841.6465,0.025715558,0.22923756,0.18915865,0.11962157,0.5207397,0.031307098,0.024305059,54.09149,24.032803,1.7332535,18.643309,0.64288783,0.10383101,-0.0027215248,-0.010233814,-0.011225896,-0.026675278,-0.04024875,0.93115497,-0.009336617,-0.02617239,0.036269415,-0.015115764,-0.017098464,0.9683191,0.9985097,53493.656,59.69421,2300.6782,559.0948,697.71936,557.93243,0.0013595151,100.13449,503001.12,DOS-HTTP_FLOOD
31.274832,4.7073765,62.66804,8109.365,0.01981777,0.22690503,0.11823593,0.20958467,0.7334768,-0.01332362,0.053761434,80.49207,26.072021,0.21581598,11.903675,0.6236634,-0.0381487,-0.008665164,0.027263839,0.075820066,-0.043334864,-0.00451026,0.93200904,0.03858298,-0.011704389,0.11670464,-0.06436861,-0.026520576,0.9641439,0.8804966,36567.58,56.163563,2741.7603,320.57355,636.8544,314.81403,0.01344757,96.04913,534525.6,DOS-HTTP_FLOOD
28.454094,7.315174,69.690094,8053.502,0.052632228,0.12446804,0.24678557,0.22912323,0.592811,0.06354223,0.014965164,61.59321,10.695385,2.0050507,17.745544,0.6564662,0.020133007,0.029813807,0.036532085,-0.03298734,-0.03758989,-0.040448796,0.87100613,0.014630248,-0.008502223,-0.017265493,0.017375056,-0.00257493,0.9972587,0.95912576,57176.594,60.091618,1934.3418,553.97363,612.3791,536.9877,4.5030712e-05,99.4307,430620.62,DOS-HTTP_FLOOD
34.348244,6.278515,76.98766,551.7827,-0.014254654,0.30372754,-0.03715172,0.2626519,0.8399659,0.09471294,-0.004247811,87.6828,32.607212,4.212211,2.7229943,0.64096576,0.075460725,0.033124678,0.023028877,-0.029905107,-0.06438933,-0.0013406435,0.8904051,0.062725045,-0.046958156,-0.013282662,0.09612944,-0.053493824,0.9917363,1.0118278,75743.45,63.815228,3894.1233,774.38513,959.10034,765.4748,0.0008668247,113.32357,874149.44,DOS-HTTP_FLOOD
32.559437,6.4065366,101.81079,3324.5012,-0.02466455,0.13737303,-0.04163817,0.24030387,0.8573436,-0.0013498386,0.028086826,81.68472,13.632821,2.8145118,1.3347538,0.39026272,0.55663985,0.06542764,0.0010925299,0.038747743,-0.034663636,-0.025388192,0.9224382,0.097540714,-0.015956009,-0.018756188,0.023236144,-0.06921602,1.0359614,0.9920122,64483.27,63.03201,2669.924,776.7633,753.56494,783.6751,0.0010761293,93.76404,567325.25,DOS-HTTP_FLOOD
26.074833,8.928339,82.46127,5573.3877,-0.0021017343,0.06761574,0.033100028,0.23858829,0.6069008,0.04907159,-0.006756014,79.83591,5.685456,3.3680477,5.6077213,0.56737113,0.09298175,0.012044887,-0.03818752,0.023728453,-0.09405237,-0.028212683,0.75647455,0.20889065,0.0027263816,0.0137492595,-0.011485265,-0.024297459,1.0679376,0.9935501,99193.234,60.883514,3904.3894,1030.9696,946.59973,1011.0245,0.00073162967,106.70413,787092.5,DOS-HTTP_FLOOD
30.321999,7.652333,55.558315,6008.5034,-0.08970081,0.26385093,0.099039756,0.09400123,0.42639953,0.039750136,-0.03612346,43.4047,27.660107,0.056164376,11.213909,0.33401954,0.33511615,0.032976396,0.055518292,-0.027737608,-0.058577813,-0.01286526,0.83066064,0.036098365,-0.052453965,0.08893215,-0.011827949,-0.009286682,1.0230579,0.9352629,59018.78,63.955933,2157.7412,625.02576,685.1552,632.75684,0.00023714193,92.0417,563102.8,DOS-HTTP_FLOOD
22.994596,7.331854,66.06829,-752.29004,-0.027162043,0.08573013,0.12621099,0.24754648,0.61013746,0.038628876,0.04392736,70.483376,8.18027,0.5973609,4.996498,0.43878317,-0.009334748,0.010736612,-0.024394171,0.0153351305,-0.030160734,-0.06670104,0.78504163,0.19175313,-0.03444038,0.037837442,0.0049655885,-0.027061619,1.0140132,0.99980336,59614.22,60.22521,1545.5635,507.7871,396.7437,536.63654,0.0009284757,95.99364,217924.42,DOS-HTTP_FLOOD
40.788597,4.5424557,70.81622,32188.44,0.017880667,0.25373295,0.060097173,0.08852038,1.0935942,0.044324815,0.0133900605,102.41907,25.30093,0.5050455,0.09878576,0.6493353,-0.020504953,-0.013993105,0.043336958,0.00070258975,0.014424266,-0.009692809,1.0814726,0.011179311,0.00017517246,-0.060592584,-0.04266575,-0.03785985,1.0097846,0.9664011,35331.63,68.88734,1603.4613,294.2898,498.478,334.86493,9.939754e-05,97.7983,289116.3,DOS-HTTP_FLOOD
29.41048,7.9054604,64.88601,585.9109,0.07845053,0.14207211,0.2472421,0.23338573,0.74029124,0.048801843,0.03558451,88.31785,14.957447,4.7176175,14.747536,0.8643197,-0.06716773,0.06562484,0.03234474,-0.0049057556,-0.019895922,-0.08159637,0.9765582,0.08660476,-0.051454548,0.087654114,-0.106782585,-0.059391107,0.98716533,0.9595113,68463.82,54.37831,3926.9429,686.4918,1010.9041,686.8884,0.004111488,100.05851,911221.56,DOS-HTTP_FLOOD
26.626888,7.11547,66.8044,5784.3823,-0.041766852,0.08483395,0.18692198,0.046280745,0.6573969,0.03074689,-0.013888901,73.256584,7.755263,0.174305,11.133708,0.48054796,0.0119806975,0.0072823833,0.021877756,-0.026103795,-0.03402845,-0.019056221,0.8624852,0.0681467,-0.06306702,-0.013156366,0.054203242,0.031269293,1.0394522,0.9952602,68633.766,61.35301,1876.1252,662.7408,629.0248,647.86017,0.00037864802,102.64662,413934.84,DOS-HTTP_FLOOD
34.52935,7.2074804,60.78574,12492.662,-0.044546034,0.53097564,-0.08503397,0.27206466,0.43888924,0.11929673,-0.040754486,53.904423,38.933884,3.2690291,15.012732,0.4259687,0.0871169,-0.0023331586,-0.04193659,-0.15332313,-0.038418643,0.1552267,0.7829067,-0.01751587,0.066726014,0.12872282,-0.0029156683,-0.052448772,0.8639661,0.99561214,61308.363,60.199066,2666.3525,592.1152,741.40063,579.07935,0.0010729686,117.977005,871429.4,DOS-HTTP_FLOOD
36.656647,6.950003,85.31362,5658.5576,0.037141968,0.22556768,0.19920142,0.1977279,0.6357058,-0.06882467,-0.016565332,65.04972,20.411547,3.8030388,18.37714,0.8028448,-0.030716777,0.022450406,0.036063727,0.031789538,-0.02651628,0.081547305,0.9149499,-0.052392628,0.034181386,-0.0042170356,0.039772313,-0.021066165,0.99154776,0.9439375,56165.203,78.715294,1926.7234,524.55914,640.87225,546.9516,0.00086304406,107.081154,532610.3,DOS-HTTP_FLOOD
31.41336,6.3688974,81.43128,16950.402,-0.06294688,0.14356773,0.3124894,0.018378118,0.74034274,0.051852692,0.010254908,76.57357,13.954378,0.75771743,15.544034,0.34774506,0.06744676,0.053983364,0.0071385684,0.0002005836,-0.05728236,0.007192683,0.93053937,0.016856253,0.002156077,-0.008366622,0.008742138,0.019378316,1.0248319,0.9495974,35527.508,72.25575,1123.958,329.19882,374.50623,307.35193,-0.0004198553,97.07078,204987.22,DOS-HTTP_FLOOD
32.833508,7.063625,78.77918,6510.4785,0.04106848,0.10649452,0.16237347,0.09280384,1.0413301,0.04222447,0.07386497,113.0779,10.264416,0.84437835,5.1178603,0.5497323,0.039793324,-0.003380333,0.015834792,0.0043051783,-0.025180059,-0.07143164,0.98336804,0.049034834,-0.028893363,-0.029324954,0.030198436,-0.019034868,1.019853,0.98247355,64991.375,58.195686,3283.5537,670.3113,790.27264,647.25244,0.0006189939,108.35196,609940.6,DOS-HTTP_FLOOD
36.688126,3.1297812,79.84909,4066.3462,0.060353484,0.20959471,-0.059357528,0.1447714,0.81492,0.012816028,0.009305465,71.84392,16.274965,3.2254336,0.48346323,0.48273328,0.46326867,0.0946237,0.06745914,0.06109406,0.009780544,0.008060349,1.0037202,0.014195118,-0.01572247,-0.0067994534,0.0055866223,-0.044531405,0.9679086,0.89500314,35610.836,61.223274,1917.3787,283.38907,482.67923,303.326,0.009232887,88.48525,394704.78,DOS-HTTP_FLOOD
31.671806,5.534118,83.714645,-2344.9175,-0.00859755,0.30226514,0.3289315,0.051689435,0.73656225,0.023237035,0.009934419,69.24928,24.087486,0.8284941,12.574093,0.32184795,0.13433078,0.0047439523,0.030794097,-0.044692736,-0.031763375,0.00045217574,0.99676096,-0.017956499,-0.039871033,0.013477132,-0.042605273,-0.08148795,0.980134,0.971442,26222.084,61.36666,962.3026,84.50644,211.54837,100.884384,0.0017438001,96.46541,119017.33,DOS-HTTP_FLOOD
35.53344,3.213961,67.11649,1384.439,0.053395998,0.17333685,-0.0352246,0.16715635,0.85638607,0.03749521,-0.021451522,78.81944,12.3847,2.4029167,0.25874335,0.37015602,0.61062974,0.15881783,0.07581198,0.14130904,-0.039668534,-0.0034333533,0.93040586,-0.0075531187,-0.04176546,-0.039953463,0.008622235,0.024563827,0.9630526,0.9297235,64095.953,74.509384,2994.6716,470.6383,653.3104,440.29004,0.008938541,102.46795,846455.5,DOS-HTTP_FLOOD
23.931389,7.9148626,69.35439,-4467.763,-0.0042494293,0.18474148,0.22762045,0.06955724,0.50299394,0.023725463,0.021535438,66.26787,18.797604,2.3819027,17.179527,0.56030524,0.07659025,0.03859649,-0.043931313,0.020806741,-0.07235187,-0.07386652,0.8041048,0.12842676,-0.038650274,0.06663016,-0.0033436343,7.3835254e-05,1.0240276,1.0032183,58618.766,59.503872,3277.0808,526.63324,779.8355,549.4251,0.0043187756,105.31417,512616.9,DOS-HTTP_FLOOD
32.765423,5.639677,58.822968,14389.367,-0.070399635,0.2339745,0.20115799,0.112435184,0.6914005,0.054142207,-0.025833473,69.21298,23.893497,1.1053996,10.704045,0.81769854,-0.090303145,-0.0040544616,0.038437035,0.049973257,0.018382281,0.038323313,1.0325435,-0.037262212,-0.032885924,2.8641662e-05,-0.004001856,-0.05636771,0.9608374,0.908871,80736.93,67.48018,2459.3582,835.33514,844.2748,824.5634,0.00026560883,102.87343,896965.5,DOS-HTTP_FLOOD
38.821228,3.909782,99.171326,-2894.6172,0.0057918113,0.25246212,0.17128068,0.27125838,1.1983466,0.07508513,0.07171042,111.08423,24.61554,5.7892013,10.576218,0.6111961,0.26922444,0.0013494166,-0.07718702,-0.019383937,0.0069530727,0.0555247,1.1614842,-0.06100736,0.020191187,-0.014275531,-0.056678347,0.0060720183,0.9041121,0.94514114,41262.78,61.597893,3638.933,362.12888,727.9688,348.7705,0.008201845,107.41033,571372.94,DOS-HTTP_FLOOD
35.957817,5.8407197,98.2841,2416.0166,0.020820985,0.12596811,0.17288515,0.17918383,1.0752832,-0.010786271,0.03296862,116.23167,12.691944,3.1785095,9.232539,0.6282091,0.090291895,0.003973618,-0.022520218,0.036574546,-0.066510394,0.00739234,1.0443698,-0.023541708,-0.0021578674,0.041157734,-0.017574206,0.0005415268,0.99013805,0.9944334,89612.74,61.348564,3605.3752,883.13617,938.1511,824.00433,0.0008216834,114.797905,974984.44,DOS-HTTP_FLOOD
26.950922,5.990693,61.079372,-150.25928,-0.022131959,0.11719384,0.1292109,0.08705653,0.76373976,0.032694913,0.034305155,82.805115,10.309101,1.4517385,8.136406,0.13405165,0.8435249,0.037209865,0.029042615,0.009912359,-0.06819737,-0.08010323,0.8638933,0.049985655,-0.044500995,0.07425311,-0.032901105,0.0071130316,0.9411996,0.91958,43894.33,57.657486,2010.01,267.8649,411.79245,248.3342,0.0050351718,103.09839,239427.16,DOS-HTTP_FLOOD
28.471937,5.104829,59.85462,23118.256,0.012202467,0.1819127,0.3504747,-5.7039782e-05,0.61608046,0.045840397,0.073887125,75.379906,16.846138,1.7149656,18.554203,0.485049,0.21606115,-0.0007897988,0.058881886,0.008660074,-0.040358435,0.013121173,0.98091674,-0.03135674,-0.02710617,0.11681537,-0.028000155,-0.018512582,0.9437734,0.9847782,47366.797,60.285553,2140.222,426.06183,555.1702,424.089,0.0014549,112.56324,455807.28,DOS-HTTP_FLOOD
31.42482,8.467237,79.60594,3193.503,0.06627482,0.21121572,0.1993475,0.13842778,0.9373444,0.028395811,0.014809763,104.000206,21.181814,3.333292,12.192848,0.5933649,0.09535349,-0.010681473,-8.051749e-05,0.054292724,-0.06891436,0.014985658,0.97731626,0.06266714,-0.055781662,0.050141566,-0.017985873,-0.013335653,0.96905106,0.9526944,52859.22,56.996994,2550.1982,554.15955,714.84045,563.43823,0.0016204168,105.83941,587032.5,DOS-HTTP_FLOOD
35.501507,5.7624884,73.138336,-5033.0083,-0.031958204,0.23242556,0.2461235,0.03392161,0.88098264,-0.007458232,0.024490675,106.635605,23.57866,2.2931461,18.221472,0.4186619,-0.023522323,-0.016889714,-0.04740131,0.12277346,-0.10918608,0.083030194,0.93673366,0.044999015,0.034262083,-0.02305046,0.017824773,0.034985807,1.0630225,1.0051533,43498.6,161.99426,2486.1245,521.8562,598.7204,508.04532,0.0047086445,111.479546,488431.2,DOS-HTTP_FLOOD
33.340492,5.8876343,64.94417,-111.72119,0.018458504,0.12537043,0.10044723,0.14266165,0.74916977,0.02058966,-0.0022303476,83.23762,10.739199,4.0447183,8.68577,0.9405322,-0.033753797,0.038840465,0.0139769,0.053807195,-0.0348149,-0.0054325117,0.9899274,-0.018891955,-0.018778494,0.036962043,0.05775611,-0.0038264412,1.0203726,0.9298534,88364.836,65.05192,3163.9775,772.0395,864.46533,792.54114,0.0008076137,113.482216,790106.06,DOS-HTTP_FLOOD
21.543737,10.388111,71.531654,3531.2646,-0.02494125,0.07520551,0.12773526,0.057282437,0.43841177,-0.029198548,-0.037771583,70.29322,8.813468,1.4710151,11.3534565,0.37142986,0.036832955,-0.010929498,-0.011078575,-0.07281027,-0.086255886,-0.07701644,0.6813604,0.2837348,-0.06483531,-0.012865751,0.014696334,0.0054397713,1.075412,1.0603172,73664.22,73.68657,2046.0166,820.83984,494.97928,836.5003,0.00050301553,106.85081,269250.78,DOS-HTTP_FLOOD
25.73111,8.190864,51.08438,1419.3198,0.027123403,0.17631903,0.0960265,0.22159286,0.52679855,0.059543774,0.06567987,72.16162,17.838623,3.6798143,9.596301,0.47564876,0.38676012,0.016761974,0.014338113,0.09016324,-0.071107835,0.0012847828,0.8273079,0.12982973,-0.09645201,0.07550101,-0.04966241,-0.018562557,1.0272808,0.8970649,73818.41,58.1132,2621.0083,753.05536,759.22943,745.3052,0.0004314546,100.09767,680329.94,DOS-HTTP_FLOOD
36.268997,4.4877276,68.55198,-3696.959,-0.01646836,0.34702918,-0.051337004,0.17133945,0.7380738,0.08692086,0.061669033,73.12675,31.168068,4.4930773,1.9826258,0.5534523,0.095024385,0.086494975,0.013926495,0.041200556,-0.02891097,0.058313254,0.90406203,-0.041994516,-0.044649724,0.04230708,0.04985908,-0.04402554,0.8966288,0.9714522,57540.79,89.33488,3008.6958,545.82886,706.1863,550.8409,0.0067102066,109.854256,514397.84,DOS-HTTP_FLOOD
32.758934,8.267267,69.28906,4824.867,-0.12911597,0.2619662,-0.0851817,0.27052465,0.6764739,-0.011939191,-0.0344671,72.58418,24.3364,-0.13814798,0.85271406,0.52647746,-0.007255409,-0.018858163,-0.0064617163,0.045172874,-0.045581274,0.03175401,0.8560965,0.043930534,-0.05589574,0.030842068,0.0062593957,-0.018278003,1.0132211,0.9467701,70099.44,149.41153,2050.103,707.05896,598.6704,821.3137,0.0005390212,106.651794,478174.47,DOS-HTTP_FLOOD
23.478434,8.336904,92.10263,3012.9722,-0.03171756,0.17844585,0.023747588,0.08980858,0.47007063,0.00010174292,-0.0044261618,58.43177,17.487242,1.1292888,4.5447307,0.3965887,0.18437414,0.0113230655,-0.0045277877,0.025407588,-0.016225247,-0.026948228,0.75614035,0.19169526,-0.04423316,0.0041604624,0.029052708,-0.04929233,1.0102892,1.0009491,74859.266,57.230717,2749.2646,781.1082,747.0934,784.84143,0.001319897,101.08744,559389.06,DOS-HTTP_FLOOD
31.91689,5.615132,67.70879,2412.8345,-0.0065205153,0.13324478,0.20866716,0.27622744,0.78352284,-0.01780678,0.0154268425,77.187096,11.352907,0.85426795,13.441355,0.6465191,-0.055222996,0.051500108,0.012783575,0.047266893,-0.02008577,0.02859142,0.95590687,-0.027972275,-0.0059702704,0.013856467,0.052175637,0.0036352593,1.0050411,0.9607695,41084.895,75.17,977.48035,264.40216,314.46164,315.79,0.0031235765,105.34482,168386.81,DOS-HTTP_FLOOD
25.277386,8.399099,64.02761,1354.9478,-0.028291382,0.22222626,-0.014734974,0.33369055,0.5351726,0.008496407,0.008526288,63.481926,25.135567,2.8611004,6.130825,0.50490195,0.15870218,0.01655879,-0.018721491,0.025171675,0.043836378,-0.015278136,0.70701593,0.1663352,-0.0028300937,0.08467696,0.018123683,-0.0688773,1.0097485,0.96645397,59118.953,54.488625,2637.737,484.76794,674.4359,556.7792,0.0016600367,105.216965,447118.34,DOS-HTTP_FLOOD
31.65132,6.00466,107.32913,7164.797,-0.04078282,0.23429726,0.15123256,0.12277893,0.7242099,0.0042670574,0.07145332,80.5689,21.893518,0.17609552,8.700171,0.26850894,0.3403627,0.03709734,0.09213514,0.10971822,-0.07977736,-0.020434866,0.9826326,0.018340118,-0.062677644,0.03835566,-0.03176536,-0.05340937,0.9723609,0.9515505,60364.395,57.673306,2998.8892,576.14294,697.5705,557.1938,0.0009390798,100.69953,644813.4,DOS-HTTP_FLOOD
29.838367,5.927224,63.188137,635.833,-0.03789966,0.085872166,-0.008563034,0.046543702,0.71121436,0.015292872,0.003355313,72.96538,7.038801,0.07844637,3.7578344,0.3859256,0.53955644,0.049843498,-0.013415154,0.029260052,-0.058860898,-0.07316559,0.89478797,0.021771397,-0.045171645,0.010261709,0.009730821,0.022853287,1.016648,0.98323965,89328.414,62.41982,2616.9397,977.35657,792.1362,989.94806,0.00068643497,100.493774,681454.06,DOS-HTTP_FLOOD
28.691605,7.2784505,65.76162,13434.613,0.053506237,0.19915432,-0.06927066,0.16790338,0.5757586,0.09581954,0.022993084,75.413055,20.087805,1.2969487,2.7942238,0.7232536,0.026303014,0.024620632,0.008375648,0.051878,-0.02630192,-0.020027667,0.85357034,0.11116211,-0.07381287,-0.03574389,0.018973308,0.0030882284,1.0349354,0.98125476,91383.21,58.54121,3433.6794,1049.392,935.68115,1021.8378,0.00044394977,103.981224,778895.6,DOS-HTTP_FLOOD
29.747564,8.710929,63.99823,4580.2827,-0.03992867,0.36156708,-0.12082398,0.19977598,0.53946,0.14411686,0.07105529,69.49521,35.196117,5.6695204,1.4333615,0.5169492,0.09122571,-0.033507153,-0.078213446,-0.078547895,0.08883263,0.096290894,0.6999552,0.13170446,0.020103838,0.14140224,0.036491517,-0.08960271,0.95246136,0.95100623,57520.473,57.68756,2697.7795,489.04486,676.86475,542.85846,0.0010180599,115.340004,490573.12,DOS-HTTP_FLOOD
34.11885,7.750292,80.09721,7556.967,-0.024553722,0.34197685,0.13692236,0.18687262,0.66734385,0.051352937,-0.013044723,76.490616,29.240398,1.5473169,10.8226,0.41639414,0.21014631,0.005259025,0.054385174,0.03883679,-0.08698057,0.021563195,0.91678035,0.06155096,-0.023056813,0.01673065,-0.046036176,-0.053090673,0.9865065,0.95060074,52014.99,60.65139,2339.9763,412.7962,612.16797,423.65872,0.00077767536,106.08648,499393.12,DOS-HTTP_FLOOD
28.53153,6.1607037,112.4462,4533.3193,-0.04658702,0.12530707,0.2001243,0.17171843,0.77275616,0.038537826,-0.02700599,81.17876,12.03705,0.45347726,8.375565,0.35816616,0.2947813,-0.01017216,0.00053584576,-0.0067677815,-0.03733995,-0.042913526,0.88582283,0.13346614,-0.005505764,-0.013106074,0.00072886236,-0.04953146,1.0107433,1.0095549,88229.875,65.71385,4330.4346,1021.3802,1085.3153,1023.8057,0.0006189322,94.62416,1.0651251e+06,DOS-HTTP_FLOOD
27.082619,6.462194,65.996666,617.6311,0.006988179,0.03957726,0.08848658,0.31141508,0.6141725,0.05506959,0.0100148665,72.49496,3.0307603,0.857674,16.112354,0.72690797,0.05301081,0.04128962,-0.018985381,-0.015189569,-0.054106597,-0.039807443,0.8668707,0.06828995,-0.055147342,-0.008605103,0.033905074,0.005840808,1.0193026,1.0109084,92957.45,62.66065,2910.9739,1096.4797,843.77515,1105.6807,0.00056575914,103.870895,612757.8,DOS-HTTP_FLOOD
29.9734,6.6535406,62.06277,1374.3247,0.025169663,0.3909719,0.027765162,0.10446837,0.39558816,-0.0063653747,-0.013143355,43.218876,36.173603,1.0187039,6.082933,0.44382823,0.12050473,0.016926399,0.08500503,0.020980963,-0.009853941,-0.01929768,0.797026,0.063131705,0.0028366246,0.14497718,-0.06583895,0.010663405,0.93559873,0.88887995,39486.62,58.331017,2698.227,296.1677,638.1791,344.943,0.012764917,97.47191,450257.28,DOS-HTTP_FLOOD
34.49398,8.088282,62.248127,46116.777,0.040148526,0.3815256,-0.123690374,0.1424851,0.64265025,0.06783638,0.008125912,72.286964,36.423725,2.7271242,1.1560018,0.65163994,0.21067886,0.043276776,-0.0150148645,-0.031340983,0.009660822,0.012335977,0.8249844,0.023602212,-0.0069106845,0.04893875,-0.034955896,-0.063220166,0.96664685,0.9482079,65032.477,58.46777,3375.2793,645.88,869.0276,607.99274,-0.00016091233,114.18312,809150.75,DOS-HTTP_FLOOD
32.219177,6.6207256,90.961174,8198.821,-0.13234097,0.16589193,0.16509262,0.24930266,0.84893614,0.0037964243,-0.0098995995,85.92849,19.410809,-0.15098122,9.36711,0.56063527,-0.030390838,0.022140559,0.03697353,0.035792325,-0.087161615,0.04143364,0.947666,0.05255201,-0.014994958,-0.011270003,0.0099655185,-0.026244823,1.0324721,0.92261064,67112.11,100.64664,2765.4346,821.3856,782.3708,783.0437,-0.0004829847,100.10516,604103.4,DOS-HTTP_FLOOD
37.375725,5.8014984,64.245415,2530.949,-0.03327147,0.100936465,0.041214168,0.12005377,0.94105566,0.08442865,-0.050885733,92.596436,6.972371,1.2517805,2.9030895,0.7430979,0.035014134,0.05572964,-0.016649991,0.13623782,-0.014067769,0.064386785,1.0172162,0.0027477553,-0.006925381,-0.13416657,-0.04977262,-0.03362538,0.9934925,0.9140965,83769.29,124.05087,2380.3303,770.6776,752.95184,803.785,2.9479415e-05,100.92203,859912.3,DOS-HTTP_FLOOD
28.097122,7.3367033,61.778133,1444.5088,0.010189711,0.22361825,0.066699944,0.16997534,0.45713243,0.04945501,-0.004686732,58.46772,22.023922,1.8276665,17.150589,0.54573274,0.15644255,0.013493381,0.07557036,-0.0032323739,-0.060999632,0.00458085,0.86116964,0.094541885,-0.044753186,0.025651334,-0.00032080337,-0.018215686,0.9791003,0.95120156,56979.438,60.0661,2431.7063,539.9057,682.00684,520.9455,0.0031260918,101.72583,836018.25,DOS-HTTP_FLOOD
29.945896,6.661726,66.04945,8214.431,0.026365018,0.22740093,0.090902455,0.23594084,0.64921904,0.041445695,-0.018359069,64.83548,19.461855,3.6764078,9.255799,0.5604293,0.21322432,-0.010442193,0.04894411,0.0043972535,-0.0073549775,-0.0034478167,0.9313103,0.04509227,-0.04252193,0.019567974,0.00574518,-0.033923794,0.97775805,0.95313394,75718.56,58.50242,2275.9233,678.232,710.94543,673.871,0.00043669704,96.94226,773425.8,DOS-HTTP_FLOOD
24.387957,7.2722125,73.98592,4309.1523,0.03304071,0.1088954,0.20731854,0.1313806,0.4873668,0.00655687,-0.0056138285,69.84665,10.904257,0.4174742,14.579296,0.7514549,-0.11999233,0.040416997,0.02431322,-0.0024548406,-0.057126813,-0.03223923,0.77751815,0.16061716,0.0069873384,-0.0030690583,0.0072226576,0.0029292516,1.0478007,0.96271724,81382.234,58.51563,3771.7769,862.7425,977.1463,856.5116,0.0062710973,107.63164,805467.94,DOS-HTTP_FLOOD
35.210632,6.119577,65.58036,13983.758,0.00014119782,0.11287357,0.12369149,0.12589592,0.8724793,0.0714055,-0.032174863,86.80414,9.222254,1.0149962,8.716481,0.83120394,-0.08100422,0.001406814,0.034548447,0.0459907,-0.045604117,0.027691476,1.0441136,-0.010740716,-0.043938637,-0.112568825,0.0261822,-0.010216701,1.0173167,0.9735687,88689.85,77.97883,2712.5234,920.11273,855.8218,897.0329,-0.0008026787,104.51924,787870.3,DOS-HTTP_FLOOD
24.72758,8.260181,58.555336,-2458.5068,-0.02464107,0.11225369,0.12513155,0.23193,0.43273804,0.021699926,0.005987163,51.16834,9.385906,1.6054878,13.511125,0.7822371,-0.03438557,0.004131426,0.032440186,-0.0074458304,-0.022858836,-0.03508556,0.82561326,0.12085566,-0.058119774,0.07957709,-0.02286316,-0.031248882,1.0224482,0.9397334,90296.05,58.16268,3362.3372,975.72473,1008.35187,974.5238,0.0023351319,98.14899,938649.4,DOS-HTTP_FLOOD
35.639343,6.6288757,67.56336,2945.2231,-0.00014529563,0.24764751,-0.037695296,0.4768691,0.90520287,0.028931946,0.019105475,91.538414,31.370504,0.14791073,0.2808785,0.63367474,0.009789054,0.028789435,-0.0057602674,0.09856017,0.010096965,0.014917182,0.92439157,0.082601115,2.796296e-06,0.034488413,-0.054370407,-0.047271386,0.9441453,0.9450973,69775.1,59.354496,4072.2559,653.3049,885.9461,626.35596,0.0018998432,105.24591,763992.25,DOS-HTTP_FLOOD
28.705433,6.0174713,65.527504,17.028809,-0.014965681,0.20260458,0.2008872,0.2778249,0.69679976,0.047547612,0.042363502,71.11801,22.187757,0.020400017,16.363724,0.46248662,0.031161482,0.016205369,0.011185623,0.003918819,0.0012492109,-0.026886113,0.9139461,0.10953944,-0.010457261,0.036873434,-0.0318356,-0.022284947,0.9780148,0.95661443,34726.914,59.19374,1928.6125,360.32022,521.008,383.89014,0.0028577826,91.533035,279628.2,DOS-HTTP_FLOOD
26.404076,8.489936,80.51217,4796.001,0.008273925,0.1582084,0.41896737,0.073163584,0.5904902,-0.004237543,0.05753694,59.74716,14.671555,0.7996008,16.48197,0.26630843,0.034952637,0.003431011,0.06984286,-0.016010033,-0.073016554,-0.06033838,0.87318635,0.09169599,-0.050660145,0.02953374,-0.011825072,-0.016291613,1.0136493,0.9804627,21293.996,59.63448,328.40204,87.13437,75.65398,94.78195,0.0006105359,97.07912,46464.902,DOS-HTTP_FLOOD
23.259764,7.7211857,61.56947,20903.09,-0.017807078,0.088273376,0.3985029,0.1365284,0.5763883,0.031828094,0.067973144,63.287476,8.673228,-0.27809432,17.161123,0.55924225,-0.11056413,0.017830733,0.003953087,-0.031337764,-0.019690175,0.004439433,0.8477057,0.075595714,-0.0029583368,0.0031189423,-0.030606523,-0.047459997,1.0147148,0.9772593,46429.96,58.442505,1931.0258,554.355,597.33185,587.4329,-0.0002400166,94.31646,393874.22,DOS-HTTP_FLOOD
32.61448,6.189016,67.34299,-735.916,-0.0050477497,0.69034606,0.21086095,-0.0136021245,0.35457143,0.029820412,-0.070889235,33.06248,39.553955,0.59275603,11.745113,0.11986458,0.05522428,-0.026193103,0.029666806,-0.037113037,-0.03054533,-0.008901804,0.93913203,-0.0039424556,0.05929549,-0.0020715722,-0.06257564,-0.01893421,0.9798517,0.9618845,13822.932,60.56363,1115.9543,70.61011,179.96527,64.48058,0.0017545639,96.0018,66259.07,DOS-HTTP_FLOOD
29.846247,7.2054358,62.54243,19102.842,0.030687653,0.19608384,0.40764362,0.09087633,0.74891216,0.04371202,-0.0060118525,80.2494,16.875036,1.2384151,17.392365,0.42190042,0.014995846,0.006993455,0.05655566,0.005771797,-0.018141508,-0.004069265,0.9356532,0.03430537,-0.0212531,0.0034283276,-0.039903816,-0.00017425977,1.0076022,0.93330824,46917.746,60.330402,1630.581,364.48904,567.71857,393.86255,2.7706177e-05,98.50492,493712.84,DOS-HTTP_FLOOD
32.48885,6.9609184,68.88014,-765.33105,0.0016531534,0.3937786,0.0065903645,0.31443354,0.5575754,0.07341885,-0.00012677629,56.43443,34.174583,3.0033925,4.440576,0.5398411,0.17926385,0.03147684,0.025497764,0.011905538,0.0049563963,-0.029499821,0.89238673,0.025120204,-0.063787304,0.020593068,-0.03841244,-0.034867305,0.9405003,1.0014818,58918.45,60.322098,2595.1929,599.7298,746.89703,605.7058,0.0027013218,102.6839,721205.8,DOS-HTTP_FLOOD
36.291725,5.1006417,79.46883,-3464.748,-0.059375294,0.22384417,0.20670928,0.25581914,0.96967584,0.0035002832,0.09877596,99.196335,19.530453,0.6116548,16.339676,0.56436455,0.05354407,0.08629278,-0.013566783,-0.011419034,0.045147236,0.035081744,0.99992317,-0.08309187,-0.024366045,0.014115023,0.058026448,0.03477084,0.99853367,1.0242823,49807.887,76.465744,2378.3022,424.51334,665.0837,413.34537,0.0058733467,111.10559,503737.12,DOS-HTTP_FLOOD
32.172134,7.6583076,79.08475,16318.607,-0.006923694,0.2840512,0.119715765,0.32431483,0.772798,0.07109624,0.018124543,88.63025,27.530342,2.5650415,7.3187265,0.44873837,0.22662781,-0.0017991569,-0.0070352806,0.045533795,0.0006065704,-0.011007771,0.9089726,0.03280154,-0.03580199,0.016988095,0.06347544,-0.03903399,0.96378607,0.9673983,60664.234,57.011597,2069.4,550.52216,594.9308,555.57135,0.00043386532,113.9414,469104.03,DOS-HTTP_FLOOD
28.27282,7.2683477,68.74895,-1823.5659,0.08942875,0.24157777,0.20121828,0.43751055,0.44533685,0.089488186,0.05342878,59.39653,24.006062,6.3131113,19.374979,0.7344347,0.006704453,-0.005194857,-0.0009600911,-0.027302641,-0.011700922,-0.021866273,0.8643253,0.1231439,-0.045573503,0.03321489,0.035282597,-0.05185423,0.99487364,0.98894197,45596.42,57.336166,2425.6807,446.47937,639.8528,450.94565,0.002667494,100.92177,392955.34,DOS-HTTP_FLOOD
31.298079,6.509589,109.58466,3105.9658,-0.04758809,0.18809152,-0.0017837342,0.18841174,0.7498053,-0.0036502169,0.0073756273,82.951706,18.750612,0.66092616,1.1963407,0.5847063,0.010304147,0.049360678,0.063846216,0.059882287,-0.05443667,-0.020528104,0.898649,0.095581576,-0.03903701,0.0018066505,-0.027946318,-0.067412764,1.0087726,0.9601418,77521.55,59.44719,3958.3816,767.7981,986.3734,776.8648,0.0017128923,101.37781,1.0291502e+06,DOS-HTTP_FLOOD
34.89378,2.7550142,55.312107,3151.9966,-0.027227674,0.14038832,0.13017845,0.1739128,0.8184873,0.09234385,-0.01877853,77.05824,10.780955,4.8012614,11.666508,0.80231583,0.2760711,-0.002910574,-0.015364206,0.052571468,-0.03167944,0.043414637,1.0757655,-0.12485823,-0.047815964,0.067545384,0.026101176,-0.0011270493,0.9393306,0.9002902,58807.004,63.123302,2322.9062,510.7723,693.1439,504.73892,0.00027003261,100.34805,571223.4,DOS-HTTP_FLOOD
37.21072,6.923159,64.8432,35641.2,-0.06114071,0.41490766,-0.13394153,0.26055023,0.68871593,0.057031237,-0.070698865,69.29536,34.183834,0.4520586,0.93309885,0.4204409,0.42627174,0.08000776,0.03785619,0.01203664,-0.028690826,0.064945,0.8744624,0.029562723,-0.030299155,-0.035660367,0.04769631,-0.061066687,0.9534371,0.9526316,75185.39,68.116394,2412.6672,845.99475,706.9338,817.121,2.83486e-05,108.68206,780600.1,DOS-HTTP_FLOOD
26.275057,6.668085,62.177433,42527.38,0.03139648,0.14525726,0.1326835,0.20546067,0.5649527,0.12810914,0.048083067,64.09324,14.477601,1.1768419,16.148094,0.45041424,0.17468375,0.07262548,0.03316945,-0.0059713377,-0.004069344,-0.029589433,0.7974655,0.10111923,-0.047835205,0.06779896,-0.01946017,-0.112402916,0.99108016,1.0065621,34042.516,59.04915,1911.2367,439.20935,534.22345,417.7577,0.00010472718,101.4187,299545.28,DOS-HTTP_FLOOD
34.591957,4.9366093,78.39062,3214.8525,0.03303758,0.24203758,0.0667517,0.06448924,0.74541026,0.05008114,-0.018742384,75.93577,21.53387,2.8503256,6.3103867,0.40953952,0.38938454,0.07087094,0.097125456,0.07509275,-0.07209165,0.007709553,0.9768951,0.026343381,-0.052627854,0.001957271,0.027475089,0.009751095,0.9420537,0.88224375,41876.906,59.448322,2058.4492,325.66354,526.45605,318.84827,0.010021001,94.056946,464521.62,DOS-HTTP_FLOOD
32.746227,5.01293,52.89629,-4305.8413,-0.014954235,0.23603156,-0.11673005,0.5090742,0.65675956,0.06391994,-0.006230939,69.814224,20.662224,7.89521,5.7139482,0.8585095,0.20896485,0.07545192,-0.054210182,0.037927445,-0.0049756863,-0.046327043,0.9859077,-0.05163539,-0.009525401,0.13472879,0.004662443,0.014915753,0.89622116,0.86605835,89404.99,59.112453,3827.0442,1014.9188,1093.8145,1032.226,0.0054785274,104.30659,1.0170051e+06,DOS-HTTP_FLOOD
34.361794,4.120777,67.96686,-826.6294,0.04033467,0.20636542,0.14363912,0.16792725,0.91062814,0.01629643,0.035007928,77.44464,17.861715,1.8624268,9.434557,0.6256715,0.25085208,0.05001568,0.013179625,0.024456756,-0.00060530845,-0.04692303,1.0711604,-0.12102285,-0.03299922,0.028649136,-0.06633543,-0.06843811,0.94622475,0.9734242,57814.15,61.026215,3287.423,443.68494,811.42255,446.69345,0.00059810275,98.80215,671468.1,DOS-HTTP_FLOOD
27.178951,8.604325,68.29085,1600.0378,-0.0047255773,0.25976357,0.13499898,0.04839758,0.46297225,-0.10939211,-0.045368582,58.064697,30.086765,0.39077792,16.313375,0.25797266,0.0063104625,-0.02831776,0.088851966,-0.030359142,-0.014158823,0.006681606,0.7476438,0.10524942,-0.009039825,0.044441774,0.06999118,0.032861598,1.0027955,1.0095241,40852.707,160.85596,1383.9508,514.0662,272.3221,576.1022,0.0024135804,112.40692,151963.17,DOS-HTTP_FLOOD
34.526726,5.183778,63.52557,3633.1982,0.028894909,0.20181265,-0.010211478,0.10621958,0.8917877,0.04547306,0.043577794,96.072296,19.549868,0.6174115,0.3842036,0.5976434,0.18039332,0.054912608,0.038130857,0.039900895,-0.033463284,-0.039029833,0.9574351,-0.018546646,-0.036413223,-0.0017209863,-0.027133198,-0.05374277,0.9834982,0.9488507,71891.914,61.547012,2901.6934,674.79364,777.3536,733.5768,0.0016557979,112.15823,701591.94,DOS-HTTP_FLOOD
30.409798,7.8757753,79.894104,7553.782,0.00016560778,0.20855387,0.17380235,0.086388595,0.57118374,0.008211158,-0.014001676,70.53059,26.04597,1.1043603,17.641985,0.65753216,-0.0017357595,0.032217845,0.029114004,0.0676315,-0.08574746,-0.018679492,0.8592015,0.10339961,0.025122467,0.032523718,-0.025357984,-0.054152787,0.99462855,0.97540027,66242.95,59.257946,3686.7024,673.917,881.51227,640.56555,0.0012168806,106.84729,730414.2,DOS-HTTP_FLOOD
26.407333,6.0642624,59.018887,20669.758,0.042524695,0.1826173,0.28796005,0.20723374,0.55717313,0.050772842,0.041185863,66.96258,16.65735,2.9231644,18.057156,0.6384948,0.0064734197,0.00023820437,0.015524678,-0.024090393,-0.017891224,-0.0058875,0.8975923,0.01446535,-0.019585159,0.11736088,-0.05278733,-0.07633293,0.9674546,0.9348796,34801.34,58.281242,1773.445,302.0871,473.1222,295.67984,0.0022215194,105.8936,302239.7,DOS-HTTP_FLOOD
33.36503,5.3578553,78.27063,369.42725,0.1062975,0.1949176,-0.030010596,0.1945399,0.790951,0.089774415,-0.042562112,89.63583,18.225704,8.060046,0.017993093,0.71786916,0.04693809,0.056759194,0.037459925,-0.036293555,-0.046960987,0.037652865,0.940084,0.005364663,-0.0096057,0.04043221,0.0376971,-0.018542264,0.93457496,0.90750426,74829.06,60.775158,2940.017,654.968,833.7753,628.90576,0.0076175923,109.877014,969889.9,DOS-HTTP_FLOOD
31.408428,6.4469085,66.09802,6219.2607,-0.025046632,0.12422534,0.25174382,0.13769495,0.8112873,0.047746558,0.08006145,90.479385,11.596713,-0.23280716,16.073599,0.51744175,0.0490428,0.04212732,0.0028841384,0.060135916,-0.074561596,0.037123047,0.9598,0.045523945,-0.009877345,-0.028611718,-0.0070139393,0.011725644,0.9854196,0.96921796,58404.383,59.472134,3167.8982,608.03284,771.7832,573.0037,0.00015212277,104.11306,668116.94,DOS-HTTP_FLOOD
25.237005,8.42648,83.77017,1326.8391,0.03956173,0.114847325,0.24071528,0.1497363,0.7385299,0.009345217,0.0623164,85.25119,11.0515995,3.8600075,11.71667,0.3633797,0.087206624,0.013205197,0.0420158,-0.04479401,-0.045140177,-0.09624063,0.83298355,0.17543218,-0.030616097,0.046037767,0.012824012,-0.06333339,0.9656712,0.9832386,36166.914,55.55569,1426.4578,253.35089,291.53632,241.48666,0.001814175,106.40544,133336.52,DOS-HTTP_FLOOD
28.617487,6.352202,56.132763,-499.58936,-0.12699933,0.19942234,0.0140837375,0.11502006,0.73302835,0.03750281,-0.03154831,69.43135,19.679625,0.86934537,6.4169793,0.23077872,0.63697,-0.033050314,0.015458701,0.0073592034,-0.021646556,-0.050435446,0.8766504,-0.018374015,-0.059462167,0.011668802,0.058172658,0.00043859705,1.0338835,1.046218,73954.195,168.68161,2894.6245,1311.8082,718.0483,1344.7313,0.00014019047,95.155,549227.44,DOS-HTTP_FLOOD
33.203785,4.6866617,103.18276,4439.6074,0.0078069787,0.3794161,0.13588724,0.14087224,0.8216245,0.05300212,0.043319106,81.041084,29.950546,2.507772,5.3467937,0.42749748,0.06917467,0.023405904,0.06321399,0.011974782,-0.0078113163,-0.011193141,1.0202873,-0.03865368,-0.031885438,0.048301388,-0.021740865,-0.036971405,0.9433749,0.9216123,24643.697,59.03683,1086.5503,85.766975,266.2694,114.30449,0.00063868583,93.05294,139007.78,DOS-HTTP_FLOOD
26.734196,8.288544,63.605236,-18.800293,-0.14086807,0.17221935,0.06772772,0.10064673,0.560486,0.05126776,-0.025462944,52.89323,15.53114,0.1654297,5.6842847,0.51991695,-0.0063440846,0.016163189,-0.033417244,0.028991431,0.011808895,-0.027272208,0.78453964,0.06647898,-0.05158631,0.029034384,0.047768287,-0.004611695,0.9800771,1.0414748,70530.75,173.80843,2217.9346,959.6173,607.02576,1019.2415,0.0001095024,92.89573,399124.6,DOS-HTTP_FLOOD
33.496944,5.9821215,73.08288,-1674.7563,-0.019304914,0.19440424,-0.035660382,0.023444517,0.7531606,-0.0036924123,-0.045263473,63.13859,22.795662,1.4807897,8.561229,0.06864199,1.0716822,0.03973353,-0.00077581964,0.09043956,-0.10581937,-0.083293706,0.9576733,0.017090365,-0.022565892,-0.05577155,-0.0589925,0.0102139115,1.0239441,1.0405403,68396.305,70.5991,3775.8105,918.7769,865.3762,917.7408,0.003184946,97.30519,633759.75,DOS-HTTP_FLOOD
29.455627,5.0923166,61.179512,3734.9248,-0.037680514,0.20462202,0.12398508,0.12348912,0.628323,0.034518506,0.0064961216,65.17698,16.491917,1.1026453,14.643623,0.53190553,0.30616173,-0.002999995,0.047908604,-0.028574804,-0.05211073,0.011430247,0.9441569,-0.05702509,-0.045683946,0.07701957,0.029112685,-0.0006319117,0.96635425,0.96725947,56325.28,59.166504,1944.5336,483.16455,568.6116,493.89017,0.0020441525,106.55468,441503.88,DOS-HTTP_FLOOD
30.409798,5.900419,65.043724,-566.90576,-0.012137908,0.20956936,0.20042527,0.046172295,0.79616165,0.04454019,0.03932355,90.923676,25.265656,0.3703588,13.843821,0.49443883,0.057297852,-0.00514776,0.008617406,0.039028827,-0.04438383,0.0012344401,0.9504124,0.10618334,-0.023940869,0.008666426,-0.028162342,-0.014297355,0.9639462,0.96488076,52582.793,58.9082,3290.1196,539.8657,743.72473,535.8524,0.0015741591,102.7883,500489.0,DOS-HTTP_FLOOD
25.502941,8.993961,85.74143,-743.772,-0.0049705897,0.41885468,-0.017288847,0.040492143,0.26721996,-0.010655969,0.0015754928,40.349514,34.74365,1.0631089,0.4796725,0.37663195,-0.044598084,0.06044426,0.03338847,0.008633057,-0.013144426,-0.012640729,0.6478637,0.24226974,0.00093363924,0.03991701,0.052633576,-0.069974855,1.0201687,0.9560306,43331.52,60.618294,2194.0378,447.31357,514.21765,469.2513,0.0049735634,98.42494,317101.78,DOS-HTTP_FLOOD
27.85888,6.5900354,65.94502,1105.8586,-0.033226375,0.2476437,-0.042203933,0.20095225,0.6414164,0.021839673,0.02976075,72.58235,24.630188,0.423287,1.0662541,0.57424414,-0.0214609,0.045955993,0.054397516,0.061513226,-0.0429402,-0.0059472444,0.8162358,0.11031949,-0.060767822,0.049425513,0.0025786553,-0.07147725,0.98639166,0.9144029,51677.535,57.73512,2293.392,431.16336,613.0722,493.36148,0.005089968,98.93527,427884.16,DOS-HTTP_FLOOD
32.691177,6.3190293,70.12301,-4546.678,0.058668807,0.12134804,0.0217451,0.4031028,0.99184144,-0.014726109,0.03765261,103.227936,12.931529,10.920248,4.652393,0.7444941,0.08879729,0.06030485,-0.004600836,-0.025107622,-0.03257689,-0.08925055,1.0306582,0.0069431416,-0.023865018,0.061796308,-0.008810227,-0.058085326,0.9511616,1.0108628,52106.57,55.96753,2850.221,412.91266,667.8986,417.92075,0.0034814149,113.47802,429088.3,DOS-HTTP_FLOOD
28.680473,6.8074985,68.0877,1102.3086,0.030021086,0.09733575,0.2658165,0.23078044,0.70029134,0.0665856,0.04264208,79.37337,8.875613,1.0798519,19.018936,0.60966605,0.006491521,0.02448283,-0.00566788,0.013962306,-0.018935217,-0.020368705,0.92174256,0.064183645,-0.009273904,-0.028449845,0.026217993,0.0036767684,1.0019252,1.0068072,58621.555,62.369034,2563.1877,715.4793,761.6768,697.5525,0.00014413212,102.028404,503882.84,DOS-HTTP_FLOOD
31.033634,5.443206,67.05981,5651.556,0.0062150974,0.15159689,0.31424686,0.07794019,0.72641075,0.016705368,0.046972487,72.0267,14.97747,0.21415943,17.603485,0.5923663,0.01813957,-0.0037783151,0.00046245288,-0.028401654,-0.024791814,-0.03388298,0.9871192,0.023320382,-0.04004292,0.014355853,-0.013229771,0.0072434167,1.0244634,1.0119011,46949.65,62.003723,2322.2312,455.38107,651.12897,472.75882,-0.00024226155,97.0303,426295.44,DOS-HTTP_FLOOD
31.044685,7.225041,68.342705,5074.568,0.071127966,0.20871119,0.14260398,0.12327409,0.62211156,0.03446691,0.011736144,74.579575,21.976555,4.641948,17.782438,0.73492134,0.018541781,-0.0010625785,0.05022706,0.023129474,-0.06530489,0.0648427,0.9134611,0.08447199,0.032895062,-0.012919428,0.009486125,-0.040153593,1.003721,0.96684915,69557.42,60.577698,3463.728,673.8252,881.5997,654.8452,0.0006356934,104.99466,857875.25,DOS-HTTP_FLOOD
32.27978,6.7187557,64.45274,75422.53,-0.032720897,0.33756086,0.006664905,0.046787757,0.6644276,-0.022029104,-0.15326437,68.5763,31.053127,-0.17362368,2.1781914,0.33589426,0.13171296,-0.00964479,0.08497409,0.0193293,-0.058968052,0.0751725,0.8685684,0.07273382,0.026797082,0.0035295554,-0.013523607,-0.040681493,0.9986913,0.94772387,47237.7,68.26124,1952.0165,403.2424,498.92896,361.60236,0.00044476514,101.643326,314674.66,DOS-HTTP_FLOOD
33.617645,6.0144,88.13138,13538.094,-0.046165977,0.33408743,0.14630951,0.06096188,0.7088225,0.058204576,-0.018705048,79.876495,31.564564,0.25101894,8.813458,0.20097122,0.087840475,0.02908,0.049027905,-0.009631192,-0.06228439,0.09224488,0.82166666,0.05313138,0.06774739,0.059954267,-0.030721568,0.015964616,1.006797,0.87579876,45300.76,70.5737,1487.7614,420.76804,480.68292,412.2337,0.0018308521,106.88149,378702.47,DOS-HTTP_FLOOD
29.670807,7.386256,71.71647,-5196.264,0.003104573,0.14082816,0.18891157,0.39434668,0.8414149,0.079204075,0.027057866,92.92328,15.256394,2.1298072,8.217816,0.6475458,0.05673883,0.03857057,0.0037825713,0.007942309,-0.03755318,-0.09560762,0.9571361,0.067466006,-0.056869477,0.027743936,-0.025188264,-0.08725055,1.0041769,0.95490724,75547.516,55.56762,3648.0205,689.1978,931.9288,680.6738,0.0014762207,102.49761,732364.2,DOS-HTTP_FLOOD
29.61428,5.407609,97.481606,2613.325,-0.029826824,0.21030131,0.28263304,0.072853915,0.73125595,0.011611389,0.0615758,71.79274,17.911795,0.7726151,11.773233,0.38311392,0.043490198,0.041935988,0.015260275,-0.005016122,-0.020380545,-0.021745007,0.97593415,0.024121277,0.00052061863,0.02751743,-0.00080399215,-0.04463549,0.98515934,0.9619282,33847.67,59.421627,1699.5483,275.8426,450.70032,263.91385,0.000832832,89.91305,249320.14,DOS-HTTP_FLOOD
30.876863,6.7673182,68.03796,-8696.396,-0.124041356,0.18225606,0.39806622,0.17841102,0.70755774,0.01461159,0.029909248,78.70438,17.384827,-0.52093035,19.329903,0.55859506,0.035638254,-0.026939472,0.032959443,0.043965932,-0.075716,0.014217466,1.0417958,0.02805063,0.017008916,-0.036258955,-0.08754705,-0.025305856,1.0375658,1.0056604,76370.41,66.57063,5981.1187,597.7772,1218.0337,678.0449,0.0020972611,112.4226,1.2054929e+06,DOS-HTTP_FLOOD
26.913532,7.740368,85.3957,-709.08936,-0.021264303,0.26158515,0.29739326,0.12332977,0.550686,0.05010216,0.012346626,60.61553,30.352692,1.0413287,16.95144,0.36060518,0.07399211,0.0334441,0.011161374,0.00096587464,-0.02184388,-0.036301788,0.85182726,0.15754344,0.0035152165,0.036076352,-0.03607431,-0.06538459,0.97441465,0.97903013,26701.75,57.28091,1944.6083,232.69443,452.82498,223.75107,0.0021573377,93.367424,234871.95,DOS-HTTP_FLOOD
26.636856,5.3752723,62.583057,233.11328,-0.0013716891,0.14600466,0.48759565,0.07202137,0.5286428,0.022343911,0.037041746,62.050034,15.300192,0.9845286,19.76067,0.4815051,0.016302304,-0.00013752375,-0.0001507951,0.012796719,-0.025605295,-0.032046165,0.9235647,-0.005718636,-2.0877924e-05,0.048689317,-0.012622321,-0.056887683,1.0107242,1.016152,29364.137,59.6295,1737.9683,319.39685,504.98502,327.89767,0.002026274,105.330246,290593.78,DOS-HTTP_FLOOD
33.631355,6.4654145,79.70661,1868.2795,-0.11745847,0.6342916,0.070475854,0.24368194,0.44779605,0.123032525,-0.07812589,37.459545,39.54082,1.4011179,15.165396,0.090559855,0.45702696,0.0005785143,-0.009500667,-0.12576835,-0.11810847,-0.030258983,0.9369434,0.02329782,0.0107658785,0.021297744,-0.02873205,-0.090501904,0.9361459,1.0315442,40980.375,59.526375,3825.147,426.1353,822.40607,446.80963,0.00061263057,106.5278,625597.6,DOS-HTTP_FLOOD
28.792871,6.6257625,63.66745,7050.604,0.0457972,0.12087035,0.5235322,0.111632876,0.7131238,0.026440488,0.046839003,79.6183,10.989914,2.0343356,19.473057,0.4803208,0.014384213,0.016072273,0.026659893,-0.0058573345,-0.043399982,-0.08810333,0.9775967,0.0014495105,-0.029026475,-0.010513676,-0.011152983,-0.027798032,1.0005388,1.0113163,38954.78,60.616833,1455.4287,374.0561,439.54544,354.3735,4.5635592e-05,107.37893,278380.75,DOS-HTTP_FLOOD
28.18291,4.6102815,60.035954,964.4004,-0.0058082025,0.1643976,-0.00164564,0.53438056,0.5961449,0.048660185,0.035288148,69.39029,13.927872,0.52864826,9.277833,0.60147256,0.025933176,0.06807566,0.01305395,0.098227106,-0.0029428396,-0.038163535,0.9033571,0.08730013,-0.076945364,0.109547496,-0.020815015,0.027370572,0.9364297,0.90837955,76350.52,58.496086,2967.6663,729.899,768.998,711.6469,0.009775156,93.503296,832661.06,DOS-HTTP_FLOOD
29.00002,7.0472574,66.281204,6943.854,-0.00959414,0.17667276,0.038898874,0.55905265,0.5808726,0.01073008,0.015274506,61.58158,17.118717,0.39596146,10.442141,0.6069917,-0.017358301,0.019657623,-0.029698044,0.022209663,-0.059125666,0.008362526,0.82675236,0.113632604,-0.038233377,0.013040474,0.036759485,0.019155031,1.0516135,1.0215302,77074.6,83.762985,2886.3706,896.8281,816.5142,876.6976,-0.0005390526,98.733086,635471.25,DOS-HTTP_FLOOD
35.10347,5.2070637,68.89382,6851.448,0.041130304,0.23341511,-0.015782015,0.18966304,0.77069485,-0.00982959,0.027530685,69.24407,22.532358,2.2880847,0.86643225,0.8156031,-0.06726443,0.04386246,0.032239113,0.065221734,0.006333431,-0.0075742924,0.9956949,-0.010045568,-0.05275335,-0.013487183,0.051568005,-0.06415944,0.99615175,0.9844848,61671.355,65.04915,1991.6328,532.93494,610.0483,559.0064,0.00033948355,100.59513,492906.3,DOS-HTTP_FLOOD
32.817204,6.633483,62.431396,20134.777,-0.102599196,0.12631415,0.122654594,0.06878751,0.90615433,0.07155223,-0.0028505432,92.08708,12.388864,-0.28860536,4.242585,0.43715742,0.0053616446,-0.03646363,-0.001639463,0.045597672,-0.022566285,0.021852996,0.9185281,0.13131385,-0.07437831,-0.13139734,-0.021302367,-0.026025135,1.0532001,0.9018331,54405.316,63.169125,2129.3647,705.42,746.5709,673.313,0.00010006933,97.92959,527856.75,DOS-HTTP_FLOOD
29.803104,6.952116,74.913605,-1956.5444,-0.0006536767,0.37799498,0.37977636,0.055622425,0.40084374,0.005196435,0.02484665,46.878494,33.403236,0.56706023,19.500818,0.29346156,0.013035843,-0.0017067092,0.050830584,0.022825614,-0.04808189,0.03558474,0.9143767,0.024850827,-0.03248703,0.04902195,0.010998285,-0.059529915,0.9885011,0.97044235,21742.896,58.69776,1173.9167,95.30808,320.6979,109.62617,0.0017240269,98.65212,182969.11,DOS-HTTP_FLOOD
29.772797,6.1024365,57.308517,3076.2456,0.03311964,0.21008311,-0.113620654,0.17956977,0.53747237,0.063319385,0.051683966,68.30139,21.330086,5.0020933,3.1919303,0.9253878,0.0022651004,0.021540388,0.0066878647,0.04831174,-0.013173202,0.01800802,0.8119922,0.07522249,-0.010335308,0.13297084,0.028334055,-0.02362646,0.9694871,0.9101967,66987.61,59.1403,4221.177,601.8953,935.4473,642.9148,0.0036840593,112.27551,742970.06,DOS-HTTP_FLOOD
25.144638,6.1840787,63.33428,-334.604,-0.08622273,0.23624387,0.19406167,0.051241945,0.49124807,0.005994853,0.005325526,49.18146,24.075832,-0.28151217,11.085369,0.3392953,0.094877936,0.0042975135,0.0030802703,-0.033875782,-0.036679216,-0.02244926,0.85432297,0.11203267,-0.030317761,0.042605408,-0.0025601499,-0.00718967,0.97027344,0.9846228,41489.895,60.52791,2160.2676,430.62015,607.69073,432.91302,0.002765406,89.284874,350094.7,DOS-HTTP_FLOOD
30.50335,5.073892,66.74055,527.6565,-0.034994617,0.2806029,0.413181,0.064351685,0.6100327,0.025875762,0.0173862,60.060158,28.154737,0.5069108,19.69334,0.31565323,0.112886526,0.0011228817,0.0029420294,-0.013853239,-0.045218784,-0.00016840175,1.0203395,-0.0558458,0.031092286,0.01901354,-0.031674035,-0.030182503,0.9606417,1.0358291,27340.873,60.52933,1452.7764,171.57944,411.40955,200.98038,0.00010842884,102.35854,222390.78,DOS-HTTP_FLOOD
31.544662,5.372618,106.44873,2575.5474,0.013483621,0.21956661,-0.042859346,0.26636454,0.7408256,0.022605821,0.0249836,67.92324,19.501049,1.7102718,0.6382631,0.21994217,0.5773333,0.0682825,0.033047535,0.052612253,-0.025809854,-0.00047411304,0.8926967,0.07554991,-0.032630045,-0.0042636553,-0.023419362,-0.054208826,0.99506897,0.97105503,45036.99,62.29965,2657.544,347.82538,626.38214,397.25262,0.0017632798,92.526726,463201.38,DOS-HTTP_FLOOD
30.436378,9.464947,65.06557,2251.1985,-0.08942515,0.27151278,0.13789414,0.074804604,0.7444438,0.019461501,-0.082495645,78.412,30.75588,-0.2644555,13.756232,0.21020135,0.22321351,-0.07517086,0.050368924,0.058638792,-0.07076441,0.025233086,0.81281066,0.103352115,-0.07444398,-0.04472729,-0.016632905,0.021768445,1.0579336,1.0163723,65763.84,172.87843,3568.6453,996.0606,819.9573,1009.67053,-0.00014030207,110.072784,717262.8,DOS-HTTP_FLOOD
34.06587,6.938346,79.12355,6202.6953,-0.097126774,0.29607165,0.10464837,0.10233521,0.6934099,0.0509715,-0.09631973,67.51318,32.01726,0.9730235,7.339403,0.5324004,0.10685106,-0.00032756478,0.036006738,0.038842265,-0.093563765,-0.01484533,0.9162425,0.04585146,-0.0317571,-0.026370604,-0.0072644833,-0.076335855,1.0075338,0.99810845,75974.63,71.59241,3820.1438,728.5343,901.6395,741.3545,0.0003002184,106.80615,777821.1,DOS-HTTP_FLOOD
24.50129,7.5849285,68.87751,3406.267,-0.04937386,0.19316335,0.27974075,0.2511053,0.51147574,0.08163381,0.01643181,56.06623,21.263641,0.27179223,14.900087,0.3296626,0.09291151,-0.033153586,-0.021741623,-0.030710619,-0.042980775,-0.039009016,0.81217724,0.15282224,-0.07865733,0.033084203,0.025715433,-0.040434003,1.014772,0.9842268,57352.12,59.761517,1731.7698,596.767,525.43024,606.32294,-0.00030164892,92.09997,303352.06,DOS-HTTP_FLOOD
30.585781,8.50057,62.87677,7368.358,-0.02165407,0.32884085,-0.07590067,0.12205457,0.5389571,0.0383033,-0.01780568,60.95513,31.995506,0.9274953,0.4131317,0.50066257,0.016543208,-0.025708508,0.06652645,0.031251233,0.0010209717,0.057838093,0.7683979,0.107317224,-0.057791583,0.0047831787,-0.027869169,-0.09735935,0.9865588,1.0035492,74133.14,62.142136,2275.629,655.60144,655.9569,674.9231,0.00064013456,106.33261,803851.0,DOS-HTTP_FLOOD
34.32541,6.0123124,77.468956,-4505.0327,0.0040276814,0.2496752,-0.068638615,0.4106163,0.8456402,0.07128918,0.04011072,88.90335,25.824423,4.323495,0.24372676,0.67276883,0.124148205,0.053960375,-0.026399672,0.04108272,-0.050829306,0.008451877,0.92469835,0.06725804,-0.04277313,-0.004958331,0.01525425,-0.083869986,1.0286264,0.95619833,63141.51,64.73452,3022.6567,655.88385,775.58563,663.4195,0.0018691294,108.855484,560635.5,DOS-HTTP_FLOOD
21.587463,9.653278,106.179,-1733.102,-0.051032484,0.2800852,0.13346562,0.13584428,0.3282519,0.08125811,0.005671659,53.85462,28.999268,1.3691746,11.207357,0.26057753,0.09750744,0.043876864,0.10064014,0.06820966,-0.09768934,0.05159514,0.6423019,0.28579137,0.0047950423,0.09662113,-0.03851794,-0.08541575,0.9173192,0.9573101,66815.22,56.08316,6059.388,488.40216,1152.2272,469.9732,0.007881715,105.64697,1.2597462e+06,DOS-HTTP_FLOOD
35.5387,4.5545435,65.07975,-406.05078,-0.028926486,0.09592599,0.1315782,0.30808958,1.0103351,0.026302509,0.02417641,86.83287,7.217065,0.87268144,6.582866,0.56743604,0.41248995,0.057490617,0.029336775,0.027698264,-0.065617286,0.0061078137,1.1019689,-0.10566722,-0.042528428,-0.0088586975,-0.02636458,-0.005800305,0.9823205,0.93540233,69500.04,66.28767,2278.9395,639.95905,746.8967,666.6933,0.00036795414,98.00808,640197.56,DOS-HTTP_FLOOD
35.102146,3.7632017,57.333145,328.20654,-0.09094995,0.23385715,0.096669264,0.31332925,0.88369155,0.07638699,0.011170712,85.075096,22.379944,0.8823348,9.366037,0.96685016,-0.101726435,-0.005667694,0.03659019,0.05987898,0.010370849,0.07194921,1.1401749,-0.08169277,-0.030091446,-0.014957106,-0.04787613,-0.100599036,0.93211496,0.92114735,90487.36,61.174957,4223.0195,993.28296,1233.8495,1004.1872,0.0011902279,105.97314,1.3571711e+06,DOS-HTTP_FLOOD
31.08535,5.879838,64.07745,-115.93359,-0.01812151,0.23664145,0.3456291,0.048914496,0.7907097,0.044477616,0.033951197,87.747696,26.555176,0.16516209,17.162504,0.29389185,0.063136294,-0.013993474,0.018626614,0.018187044,-0.020067442,-0.031011363,0.98099864,0.04239294,-0.020836104,-0.003765868,-0.033385422,-0.00017971732,0.9978212,0.990044,35867.676,59.817326,1839.7848,369.6616,550.8429,358.54422,0.0021651566,99.89992,366018.56,DOS-HTTP_FLOOD
33.755573,5.065319,64.190735,3948.8228,-0.010167704,0.20401405,0.08070503,0.47586632,0.87359357,0.033145495,0.04525251,92.57201,18.340988,1.0781052,12.162617,0.7037586,0.103668265,0.0049647084,0.02918521,0.010356432,-0.0028805877,0.006704838,1.0529115,-0.052975632,-0.03245259,0.00442346,0.0137857925,0.033957995,0.9641656,0.9388052,77570.516,59.38221,2524.0906,764.474,811.5466,749.87836,0.00039293,108.26743,794337.2,DOS-HTTP_FLOOD
31.337112,6.161858,58.10844,100319.94,-0.0066851545,0.3236811,-0.00085563166,0.18134995,0.6179262,0.06596264,-0.043173775,74.624825,28.60406,3.5011935,9.132527,0.61845493,0.27370238,0.003565359,0.044640787,0.014338188,-0.01619604,0.06161191,0.9421253,0.014055321,-0.030039515,0.12880675,-0.022378273,-0.06356001,0.9356918,0.8987261,58529.53,57.735283,2242.079,537.2067,622.784,486.79398,0.0005546031,107.432106,570658.56,DOS-HTTP_FLOOD
34.796104,6.8289695,64.91702,3407.5618,-0.0058112387,0.33594772,0.012836598,0.09677835,0.6310804,-0.0053521018,-0.047952436,72.25486,35.39054,0.4060244,6.1696334,0.5596164,7.4505806e-06,0.009105787,0.10764584,0.020457644,-0.06267597,0.04505239,0.8711848,0.08108422,-0.0021485053,0.06727979,-0.049499497,-0.024792774,0.96607643,0.9167433,60902.86,62.38472,3378.9624,543.618,748.2596,548.69727,0.0038284108,113.62894,723061.94,DOS-HTTP_FLOOD
34.983223,5.710835,87.583954,4638.736,-0.06747276,0.4483756,0.16725722,0.088048555,0.6898086,0.008638393,-0.062249355,64.18323,37.3759,0.59040004,8.279687,0.509655,-0.0152869215,-0.016998053,0.028137444,-0.010716733,-0.047946505,-0.025218643,1.0290482,0.015025179,0.057303455,0.03142672,-0.12190871,-0.08114919,1.02006,0.994242,48941.945,64.528915,2690.3691,580.23224,750.28375,576.9975,7.4989744e-05,96.710045,564496.7,DOS-HTTP_FLOOD
28.44754,7.37486,80.75665,20403.205,-0.020348758,0.20206378,0.1282413,0.03321372,0.66898376,-0.00810737,0.04919088,82.914406,20.35229,0.32706958,2.1171882,0.35791677,-0.0046729045,0.034467734,-0.007325848,0.018679144,-0.013935212,0.0054286327,0.78871113,0.1455957,0.006200657,0.005478327,0.0009360304,-0.08232985,1.0188748,0.9034623,36674.08,59.658424,722.9776,215.42953,178.61517,212.57376,0.0019437557,100.230606,86807.79,DOS-HTTP_FLOOD
28.993584,7.160407,64.24941,4480.229,-0.06877906,0.23166072,0.092392035,0.15205316,0.53601986,0.04596625,-0.041529838,58.982315,21.725998,0.24022155,10.349474,0.63311607,-0.0025525508,-0.031154536,0.08961606,0.016323749,-0.02895753,-0.024416063,0.84875375,0.1040705,-0.072702974,-0.010070479,0.050232537,-0.046486724,1.0144722,0.9877287,82816.98,68.47965,3497.2517,847.76294,894.50525,873.3901,0.00075465,103.816574,813849.5,DOS-HTTP_FLOOD
38.51629,5.552733,106.07337,8558.089,-0.09425531,0.34495232,0.2967013,0.27585295,1.1313033,0.119284876,0.16616684,104.69725,33.08384,4.320658,16.541565,0.5668759,0.23993087,-0.088746,0.017548881,-0.104583204,0.02586788,0.017983057,1.1347984,-0.15985858,0.03566739,0.08904955,-0.046716474,-0.08009577,0.8868475,0.99053144,52646.31,56.862774,3078.6685,448.0757,719.49646,417.91922,0.00028524845,128.37701,614298.3,DOS-HTTP_FLOOD
25.748274,7.692498,71.53147,-548.7417,-0.05317843,0.17383888,-0.06464119,0.15494394,0.52087396,0.01742771,0.028202288,68.786995,21.27673,-0.22489566,0.16773474,0.49548817,0.03497805,0.0036911806,-0.032387875,0.11011884,-0.06628306,-0.018915046,0.7209909,0.18365607,-0.029870242,-0.006508031,0.044977143,-0.009554456,0.9964101,0.94382024,81274.48,58.758194,4129.4785,786.4691,915.7284,798.53906,0.005687488,106.19484,683271.6,DOS-HTTP_FLOOD
27.942356,6.611732,67.06618,-500.80176,-0.037387062,0.14916351,0.1325289,0.038987078,0.6058479,0.03589668,-0.04284626,66.76096,13.960808,0.96157724,15.492207,0.4540211,0.27246377,0.040312126,0.03226239,0.0060769776,-0.058426317,0.0058074947,0.90758765,0.04245827,-0.02068555,-0.025678456,0.04539495,0.0379046,0.9933959,1.022308,49781.3,62.527874,1761.1768,403.5051,495.45688,400.71017,0.0014062388,105.17398,295894.53,DOS-HTTP_FLOOD
26.577347,7.607444,81.09382,1491.8582,0.10527373,0.10574525,0.25678897,0.23189107,0.7933105,-0.00566855,0.017764498,87.32027,9.871639,10.009593,12.514317,0.51356804,0.061197456,0.0019152975,0.01355872,-0.041860774,-0.0100214,-0.03757439,0.9170098,0.1184577,-0.008600222,0.055943742,-0.056705922,-0.07717256,0.93994355,0.951354,26404.123,54.82601,1211.6143,135.52618,223.56781,139.7964,0.0038076078,102.62492,90403.53,DOS-HTTP_FLOOD
