Header_Length,Protocol Type,Time_To_Live,Rate,fin_flag_number,syn_flag_number,rst_flag_number,psh_flag_number,ack_flag_number,ece_flag_number,cwr_flag_number,ack_count,syn_count,fin_count,rst_count,HTTP,HTTPS,DNS,Telnet,SMTP,SSH,IRC,TCP,UDP,DHCP,ARP,ICMP,IGMP,IPv,LLC,Tot sum,Min,Max,AVG,Std,Tot size,IAT,Number,Variance,Label
0.3017006,46.86942,64.13962,3979.8623,0.026752798,0.011690588,-0.0010864693,-0.010821384,0.015419198,-0.0016118819,-0.04062992,0.042420506,0.40055138,0.23663683,-0.054412834,-0.10704987,0.11732475,-0.008790348,0.039879676,0.008225496,-0.031525735,-0.035517447,0.026423812,-0.008801976,-0.018954052,0.028665764,-0.017044758,0.012699174,0.9673292,1.0310187,56922.77,144.3904,385.09473,524.9279,-30.828945,541.95215,0.00035797228,102.80379,-22177.633,MIRAI-GREIP_FLOOD
3.113247,44.301228,63.51599,2721.186,0.011826231,0.005067129,-0.018765813,-0.0001810547,0.06363348,-0.017856099,0.021168927,0.34226358,0.066002175,0.6999942,-0.025430102,-0.019945566,0.13194144,0.021489035,-0.0013270183,0.0015619816,0.00939059,-0.015900096,0.07198268,-0.027973862,-0.002950679,0.018099716,-0.023466025,-0.004308773,0.9972615,0.9842749,51226.09,69.06148,406.3506,489.1976,36.372406,475.6257,0.00048799074,99.22461,-12447.725,MIRAI-GREIP_FLOOD
2.1614838,45.86891,68.940155,4065.2668,0.021207964,0.001079697,-0.0024439115,-0.008918992,0.05590172,0.014338619,-0.0012225332,0.35877037,-0.026439127,0.22912937,0.03687127,0.035681367,-0.020772247,0.010968562,0.0027769431,0.00036523212,-0.012040575,-0.0605539,0.074382246,-0.021145556,0.004707377,0.018149508,-0.048557512,-0.030972969,1.0386662,1.0154692,54483.246,58.426487,391.71097,530.6338,5.1095095,513.9221,0.000309815,99.248726,-18636.305,MIRAI-GREIP_FLOOD
-0.40040016,46.369724,63.291893,6170.467,0.0041450094,0.0007983632,-0.010338277,0.011006295,-0.04622534,-0.0030572584,0.030967703,-1.6096148,-0.03784171,0.12955493,-0.09667608,-0.038159598,-0.02125188,-0.01920781,0.044449672,-0.01988149,-0.034146033,-0.023490952,-0.0073903203,0.006758952,-0.0361059,0.027775606,-0.011065899,-0.02316798,0.9959803,0.97500527,54760.12,171.50375,413.69952,483.50055,-23.204445,513.0197,0.00029520615,97.83212,-16266.284,MIRAI-GREIP_FLOOD
-2.8290577,52.19867,62.534157,2565.9917,-0.05093729,-0.0041493117,0.009159631,-0.014508125,-0.047013737,-0.010563783,0.058590144,-1.5009911,0.11765171,-0.00992502,-0.051932424,-0.032946713,-0.017045392,-0.05739203,0.040198117,-0.060157873,0.009962152,-0.04331907,-0.013211429,-0.07543196,-0.03506713,-0.01201742,-0.030399468,-0.075753585,0.99975693,1.0016662,62526.133,178.8139,578.38916,574.45575,-20.727863,615.25397,0.0005358904,110.31771,-3911.699,MIRAI-GREIP_FLOOD
0.8453045,46.819763,63.423637,4261.0586,-0.019497782,-0.0027404486,-0.021099707,-0.011582668,-0.011043014,-0.018500334,0.0294498,-3.0293808,0.21520475,0.101156786,-0.05725491,-0.03605203,-0.0058859326,-0.027655993,0.043702595,-0.05251262,-0.0017660973,-0.01783005,0.057443798,-0.02550733,-0.023003954,0.034641024,-0.051020477,-0.041188676,0.9896344,0.9744139,56304.742,161.29959,380.5114,510.7203,9.250729,525.36865,0.00052398926,101.485146,-1879.6936,MIRAI-GREIP_FLOOD
1.2706261,44.288177,81.73384,-522.3916,-0.03349557,0.042451397,0.0121106915,0.014938219,0.0012507653,-0.006380053,0.004591965,1.4418763,2.649952,-0.010951924,0.07164487,-0.015863111,0.0062395143,0.005557253,0.022720695,0.0058010826,-0.016258115,-0.052416604,0.06687504,0.045901936,0.008216099,0.023511408,-0.027843276,-0.03240981,1.0172502,0.9943303,50356.836,58.72344,513.06335,488.7191,68.87525,536.18665,0.000747973,97.607086,8287.184,MIRAI-GREIP_FLOOD
-0.5455189,45.752033,62.779827,4307.7183,-0.039127484,0.0053788926,-0.0066518225,-0.0019172182,-0.029615222,0.033505686,-9.8038e-05,-0.70203185,0.31456795,-0.028082933,-0.07598468,-0.07113857,0.009694465,0.015739003,0.027435593,0.006821081,0.017468572,-0.00111748,0.0032840967,0.017189493,-0.015203933,0.015924627,0.0072256844,-0.027825404,0.9529363,0.94581085,56305.87,72.44229,507.5304,544.8767,75.30913,540.60284,0.0004301946,101.84138,1555.4839,MIRAI-GREIP_FLOOD
0.22530746,44.89452,64.26353,1067.0056,-0.04262559,0.017874915,-0.004854179,-0.019666685,-0.007587604,-0.050199986,0.022610156,-0.26018167,0.35384133,0.06266542,-0.1203472,-0.087126166,0.0075728507,-0.017368346,0.041624725,-0.03846027,-0.014580676,-0.04130676,0.051267564,0.0040658596,0.010346951,-0.021087246,-0.028496288,-0.03952377,1.0234702,1.0440714,56477.203,177.49304,527.3371,527.11115,-3.972889,572.4511,0.00041498916,100.835365,4977.5864,MIRAI-GREIP_FLOOD
0.966177,46.513718,62.55438,4080.7502,-0.011235102,-0.0015160738,-0.007810988,0.005231775,-0.024028113,-0.012131789,0.034339078,-0.6952317,0.00406079,0.05308999,0.0041960552,-0.052244145,0.00053986907,-0.014718503,0.043677412,-0.018978061,-0.012069921,-0.021919888,0.038723946,-0.04089132,-0.029313767,0.058533456,-0.02437517,-0.03807679,0.97255415,0.97276974,56113.277,152.79346,480.4403,522.30383,21.40821,526.1466,0.00043348325,101.520706,-6363.6675,MIRAI-GREIP_FLOOD
2.8231792,42.22526,69.27408,339.51758,0.0059746485,0.025662366,-0.0022505643,-0.009848339,0.045336634,-0.023301912,0.027808193,0.922973,1.1955308,0.01780802,-0.070006564,-0.0064020744,0.0016684324,0.038276598,0.030136213,0.010489774,0.007980963,-0.005471781,0.07613301,0.038739044,-0.013652892,-0.007978517,-0.008582844,-0.052339762,0.9946946,0.99805915,48396.53,76.425606,432.21286,460.28125,32.57583,486.46152,0.00059428724,97.9114,-7409.6504,MIRAI-GREIP_FLOOD
1.1844311,45.670273,64.2164,5033.1353,-0.0076046768,0.0032831847,-0.007459493,0.00454973,0.009851752,0.049415544,-0.027095959,0.036285758,0.26262912,0.036318354,0.03415545,-0.08089672,0.012171282,-0.028472397,0.030189065,-0.02051749,-0.0065044826,-0.020026052,0.039464474,0.018021608,-0.02666733,0.028063897,-0.03256053,-0.04116295,0.94819975,0.97407037,56568.59,58.637386,529.31946,554.9475,85.60028,572.9839,0.0005093119,101.18139,3861.4243,MIRAI-GREIP_FLOOD
0.03717041,47.445217,69.96805,283.9663,0.02197709,0.0055568856,0.011384146,0.01375617,-0.007730741,0.018014563,0.0049316953,1.7043569,0.36052036,0.21118438,-0.0149350595,-0.0557906,0.02288652,0.021994602,0.0006169826,0.011421213,-0.0043912954,-0.020331908,-0.010804772,-0.0018075408,0.011367895,0.010005854,-0.022365894,-0.043408744,0.98810464,1.0053784,57677.348,86.52321,904.7151,565.7314,115.907555,547.705,0.0032052428,101.9218,19055.777,MIRAI-GREIP_FLOOD
1.6396103,44.453705,63.01703,6167.0254,-0.015432915,-0.00908509,-0.00022060005,-0.0067672343,-0.039232306,0.0013648433,0.026399417,-2.1824758,-0.29714298,0.048547145,0.02553729,-0.09962632,0.049163464,-0.011350176,0.033770185,0.0052288687,0.022985734,-0.0373855,0.02953136,0.029610319,-0.02967174,0.018177094,-0.024600532,0.0034972,1.0044802,0.9845417,53441.715,167.10118,372.04987,495.21887,-6.946005,488.1712,0.0002768753,94.17359,-12223.291,MIRAI-GREIP_FLOOD
3.3310032,44.642487,61.715477,3630.2598,-0.013364626,0.0074322517,-0.0057315943,-0.0139073925,0.046926647,0.021794945,0.01430976,-0.073486805,0.27412888,0.018976493,-0.074714094,-0.021589724,0.00839316,0.021732664,0.028377872,0.0075801783,-0.01603837,-0.018134667,0.08424604,-0.080146946,0.012493344,0.01839422,-0.029024165,-0.021995697,0.9332037,0.9219091,53318.35,100.564316,447.87836,522.51117,53.509586,517.45496,0.0003415655,101.45564,-166.23346,MIRAI-GREIP_FLOOD
1.2381172,45.331932,70.12884,1687.3655,0.00789524,0.012231477,-0.00014482299,-0.0063974382,0.013440473,0.008147821,-0.012911326,0.43729854,1.2509137,0.06039741,-0.10140416,0.0052924734,0.006985082,0.031322796,0.015947537,0.009173894,-0.01399328,-0.0069671823,0.029022932,0.029406277,0.00452169,-0.010361405,-0.019402279,-0.026553918,1.0049331,0.9893621,53242.695,75.72435,556.29834,541.53644,69.74545,541.2017,0.00034267615,100.39638,5249.0977,MIRAI-GREIP_FLOOD
3.5889835,44.90294,61.463768,1053.5867,-0.029016107,0.010230921,-0.031840324,-0.008467879,0.08283751,-0.0001929031,0.012158268,5.5287232,0.23834334,-0.030723982,0.08546986,-0.07052751,0.23469849,0.026020316,0.037588257,0.0033970643,-0.042442657,-0.020305058,0.11196709,-0.11010022,-0.001142188,0.05696587,-0.030108325,-0.020940483,0.9526579,0.9479772,60139.418,114.18908,977.0076,586.9626,185.24026,567.956,0.0007262414,101.7544,70641.49,MIRAI-GREIP_FLOOD
-0.5772114,45.656776,65.20824,3491.8545,-0.012628193,0.0005575791,0.007934802,-0.005936693,-0.008525269,-0.031676956,-0.0059784832,-1.9644427,-0.062127434,0.011778641,-0.01759363,-0.02710509,-0.014848423,-0.0022848882,0.019477118,-0.0059673283,0.03810306,-0.040747628,0.0034626722,0.08364664,-0.0023192237,0.02103868,-0.051605012,-0.003812788,0.9692966,0.9779903,55550.016,84.059235,419.26672,510.2839,-5.0565968,548.5811,0.0002868236,98.765465,-29678.451,MIRAI-GREIP_FLOOD
-0.51010895,44.3794,64.5079,1589.571,-0.029668126,0.015938016,0.0021921634,0.03441525,-0.016035931,-0.009683619,0.02145128,-0.34305573,1.102497,-0.03550913,0.0064697675,-0.018946843,-0.003238798,0.010360576,0.037021615,-0.005937428,0.002005417,-0.005493858,0.001290679,0.049245205,0.018009711,0.022707349,-0.022965916,-0.031249078,1.0024782,0.9663661,53760.78,72.5728,589.1387,518.12244,77.3076,554.7214,0.0005164803,99.967476,1043.9386,MIRAI-GREIP_FLOOD
1.2417374,45.7446,67.08481,743.81177,-0.0041139964,0.0050905608,-0.019149154,-0.009717945,-0.0021123877,0.0059753465,0.021861745,-2.3464851,0.081261285,0.038667813,-0.06333894,-0.053005945,-0.016262477,0.0061555253,0.042977203,0.00021583866,-0.0014060177,-0.0022708252,0.035993993,0.007948599,0.0017439085,0.015187491,-0.035389163,-0.08768994,0.9829784,0.98531264,55034.707,155.63387,394.25742,556.2568,6.5229263,551.65607,0.000633471,98.269516,-6804.452,MIRAI-GREIP_FLOOD
0.8234978,47.335667,67.46985,4689.8613,-0.011329166,-0.0037985959,-0.012651969,-0.0011992546,-0.00371062,-0.0039836247,0.0047718687,-1.8574214,-0.18867666,0.14523327,-0.067128085,-0.008126436,-0.01691333,-0.008477242,0.030873146,-0.022622617,-0.007831284,-0.037544783,0.06354344,-0.0075436304,-0.03899452,-0.021171454,-0.045740627,-0.008411127,1.0592844,0.98972666,55766.125,177.21455,442.54053,529.6706,-25.811108,523.6206,0.0002638756,98.374916,-11652.298,MIRAI-GREIP_FLOOD
3.5616398,44.124718,65.47749,1725.7349,0.06355345,0.005022191,0.011063168,0.01574101,0.047680095,-0.023709882,0.011887002,3.5188117,0.20648313,1.0560992,-0.037639655,-0.013803707,0.0042748796,0.007098666,0.052518617,0.016045414,-0.040218517,-0.023988534,0.10535365,-0.036338493,0.007309876,0.058578905,-0.045069665,-0.071103066,0.9747284,0.9776696,49922.29,137.61774,441.29007,480.89377,-3.0449677,470.77478,0.005321705,97.93684,-13985.503,MIRAI-GREIP_FLOOD
0.53516006,46.204037,64.00351,224.75342,0.010862256,0.001895524,0.012280984,-0.0017674972,-0.0021776846,-0.015082646,0.027204974,-0.48351884,0.4118024,0.0953974,-0.098102674,-0.02193091,0.009690724,0.014563043,0.0538338,0.0015452551,0.00069016125,-0.019951247,-0.0056881905,0.012446226,0.0043030246,0.032897975,-0.03119956,-0.040845517,0.9576801,0.9452012,52987.59,71.14101,399.02808,517.7603,48.5522,531.5586,0.0019387376,102.23205,-9622.264,MIRAI-GREIP_FLOOD
-1.1179295,50.36454,64.9599,3946.886,-0.01630778,0.0011593885,-0.058451623,0.0024402093,-0.06438217,0.013667201,-0.0010695378,-0.27310002,0.095995925,0.06338093,-0.08899964,-0.043596372,-0.0019762788,-0.03246132,0.04635191,-0.05565433,-0.01082867,-0.01619676,-0.01486975,-0.008581845,-0.012553926,-0.0138820475,-0.057067104,-0.034626473,1.0628643,0.99088806,62240.145,175.68759,623.39014,559.66113,16.574692,555.5995,0.00024322575,102.14887,5388.335,MIRAI-GREIP_FLOOD
-1.217577,47.26425,64.27515,850.2012,-0.03188473,-0.004401159,-0.01730563,-0.008088856,-0.023647832,-0.005775566,0.01650125,-2.0353873,-0.015855355,-0.052037794,0.09749468,-0.03466278,0.00837109,-0.014484312,0.042950764,0.019541064,-0.0041821552,0.00551051,-0.0017524362,-0.0027302986,-0.0060001807,0.014829105,-0.00045752618,-0.032347273,0.98463684,0.97157085,57099.24,76.617935,440.64294,545.139,32.727585,567.6375,0.0004065591,101.760025,-12062.335,MIRAI-GREIP_FLOOD
3.5164318,42.78122,76.25794,-5.3032227,-0.043292012,0.0057405303,0.023567181,-0.0022688387,0.059791498,-0.01618461,0.030635102,2.353444,0.62017435,-0.16222022,0.060015492,0.020923186,0.012322795,0.03643962,0.03170526,-0.007985918,-0.024249854,-0.030311815,0.1113947,0.0357978,0.034991022,0.028268583,-0.08698854,-0.035283044,0.9775623,0.9417327,44848.082,66.79137,483.73154,459.0262,74.65869,454.36954,0.0015256134,100.11862,-4188.7944,MIRAI-GREIP_FLOOD
2.4103947,46.26603,65.03357,6445.6973,-0.00012862496,0.0093180835,-0.028660432,-0.019815145,0.033993453,0.017459005,0.019546848,-0.24289274,0.27569976,0.01743808,-0.10318261,0.032280102,-0.05160288,0.024326837,0.024905445,0.006320984,-0.029036257,-0.010766358,0.060073555,-0.038668104,0.016370822,-0.023480482,-0.016711514,-0.058376342,1.0075322,0.9862893,54401.45,71.82444,429.17316,532.2021,44.39618,524.8379,0.000116907904,100.6471,-4501.8643,MIRAI-GREIP_FLOOD
-0.7050266,47.429882,64.85651,5168.7715,-0.03097214,0.008946005,-0.028187187,7.432327e-05,0.0048754723,-0.025653083,0.009123755,-1.311244,0.3021627,0.13826965,-0.03364651,-0.043423418,-0.0056296494,-0.023359993,0.043935746,-0.046126924,0.012481947,-0.019218052,0.015271127,-0.021810802,0.00025006477,0.009522946,-0.050199896,-0.04535098,0.99969286,0.99244547,57861.754,164.2821,509.8172,548.0291,0.9531536,580.6398,0.00019213777,103.839645,-12048.604,MIRAI-GREIP_FLOOD
1.0378647,46.46603,65.06661,1224.6914,-0.039214943,0.02182167,0.01594565,-0.0021473775,0.048390076,0.011683264,-0.03564335,2.5805414,1.584234,-0.10341126,1.286578,-0.06387548,0.020752348,-0.019416519,0.027116211,0.0075811376,0.0069457525,-0.020505136,0.07230073,-0.052680876,-0.043754466,-0.012342873,-0.0016785972,-0.012311348,0.98677784,1.0190161,56773.984,57.914497,599.276,574.3014,82.50072,579.03015,0.00056266243,101.37406,5102.5483,MIRAI-GREIP_FLOOD
2.807745,44.98412,63.887287,2449.3896,-0.00052866526,0.0017566864,0.006439439,-0.020481007,0.05273214,-0.014706736,0.01388726,-1.2001262,0.16336566,0.099264815,-0.075027704,-0.020787196,-0.0077675045,-0.003027292,0.029832676,-0.031760424,-0.006798613,-0.02699039,0.063482285,-0.045375966,0.024601387,0.028574798,-0.061189383,-0.055736896,0.9573986,0.97254705,52175.566,135.14305,352.69226,498.3513,-20.816727,525.26215,0.0005653439,101.40959,-32216.828,MIRAI-GREIP_FLOOD
2.8596325,46.058487,64.353546,3972.4966,-0.019505372,-0.0059631625,-0.022725906,5.776994e-05,0.03865222,-0.026418243,0.0323274,0.80203664,-0.06200964,0.071661144,-0.052540533,-0.0050093047,-0.003370958,0.00036175363,0.048197415,-0.017090514,-0.002445411,-0.03009596,0.088724494,-0.05843524,-0.029028423,0.00023064669,-0.034665324,-0.02370035,1.033383,0.990174,56187.84,170.09189,342.61334,505.73438,-43.373512,501.55618,0.00031749674,101.37563,-31627.861,MIRAI-GREIP_FLOOD
0.9699707,43.60672,62.7718,6625.9395,-0.028817205,0.0056357235,0.015018711,-0.011761595,-0.000474412,-0.0117767025,0.02977114,-1.6804843,0.10788929,0.046655416,-0.08073057,-0.06840798,-0.013676876,-0.014280837,0.048826247,-0.0076849195,0.005660956,-0.021152748,0.05134374,0.0016471335,-0.017560732,0.0057954956,-0.020213945,-0.017027114,0.9937376,0.9795646,53468.098,171.74515,403.471,506.35333,-1.8576202,515.99426,0.00018906209,97.33027,-3320.2703,MIRAI-GREIP_FLOOD
2.237936,42.89397,74.76777,-69.930664,-0.014353402,0.0076623666,0.00011974014,0.10688795,0.04486251,-0.003025938,0.04402917,5.3655796,0.36271784,0.1773633,-0.06026749,-0.023923164,0.02147968,0.047515366,-0.0073709986,0.007573985,-0.0029719132,-0.020526633,0.078118265,0.078209214,0.025586663,0.027740171,-0.0055041024,-0.019241529,0.9931439,0.99804884,51180.06,68.51171,1136.3248,484.51443,139.14194,496.66116,0.0011367574,99.21221,21867.146,MIRAI-GREIP_FLOOD
1.0418243,44.542522,62.043465,10234.729,-0.044482276,0.008699835,0.0022934424,-0.0065085287,-0.01283101,-0.00016088132,0.050943203,1.2979194,0.00906609,0.07017556,0.032608725,-0.056800686,-0.017025389,-0.036998197,0.021975063,-0.00035981648,-0.024037577,-0.047333986,0.067450464,-0.044459216,-0.055126183,0.008465908,0.010145552,0.011815321,1.0077802,1.0004964,55845.547,177.0189,411.21252,537.8787,-4.2600956,545.1998,8.0615544e-05,96.5315,-1766.406,MIRAI-GREIP_FLOOD
2.4868813,44.787228,64.690186,2384.7097,-0.023797544,0.0025898428,-0.02890874,-6.0871243e-06,0.060560457,0.00742333,0.029513797,3.1043768,0.35849804,-0.018426072,-0.10323025,-0.011294749,0.01188252,0.016473087,0.049994156,-0.008357981,-0.008816241,0.008118352,0.07782483,-0.013019299,0.008577879,0.018196382,-0.021596849,-0.011418982,0.9601018,0.9484569,53945.508,81.10011,472.7417,516.31213,57.11775,510.60806,0.0004499008,104.02793,-1658.6907,MIRAI-GREIP_FLOOD
-0.082826614,45.31477,63.59904,4147.5347,-0.013041411,0.0015988272,-0.015882593,-0.0060168025,-0.027214548,0.0010129804,0.026741216,-0.40624523,-0.031182386,0.012259333,-0.03982075,-0.059765965,-0.010110511,-0.003733202,0.019007249,-0.027594157,0.014832338,-0.027760021,0.00820601,0.058288846,-0.0080868285,0.039283518,-0.030246925,-0.029057337,0.9999856,1.0172238,55348.633,171.70242,461.92535,509.84805,-1.292614,525.957,0.00019393221,97.66132,-6338.6484,MIRAI-GREIP_FLOOD
3.756075,42.722923,64.93861,889.9192,-0.030044451,0.036534615,-0.017470125,-0.007042065,0.06857954,-0.014140955,0.023328068,1.7503717,2.1706853,-0.0286105,-0.06549175,0.0405377,-0.006806854,0.022442188,0.034297466,0.009951237,-0.025311965,-0.0020574825,0.10900366,-0.026173156,0.020715214,0.027113508,-0.025230672,-0.053639058,0.96800053,0.96344817,51322.438,101.771675,471.56177,495.9519,54.10586,509.34198,0.00036898404,99.557304,-223.54883,MIRAI-GREIP_FLOOD
2.948347,45.716404,63.60234,2156.4763,-0.008633853,-0.0021212802,-0.007270239,-0.020779995,0.06881411,0.016794434,0.015709225,-0.096463084,0.19105169,0.04239633,-0.08168687,0.0062580174,0.009432751,-0.0017359061,0.027814891,-0.0072626113,0.008884612,-0.00821723,0.0946632,-0.07529935,0.0043612486,0.012672344,-0.0067081116,-0.020147862,0.9807924,0.97486615,55561.555,67.69594,431.72623,516.19006,56.42995,525.2017,0.00054689596,103.529045,74.88585,MIRAI-GREIP_FLOOD
3.4386787,44.367527,63.542927,5073.572,-0.003904244,0.0067089917,0.017921636,6.8098307e-06,0.07691113,-0.022484947,0.056724366,-0.08657086,0.045169126,0.041303072,-0.14143255,0.015472631,-0.00984593,0.004972643,0.030373614,0.012408974,-0.02208443,-0.03063323,0.11569297,-0.080009736,-0.019678328,0.04277394,-0.026904881,-0.009084231,0.954979,0.93944114,54094.75,73.47507,436.8844,465.42554,24.475145,487.8861,0.00015162895,102.12406,-14380.404,MIRAI-GREIP_FLOOD
2.689579,44.389748,75.63985,2793.4805,-0.01900284,0.0030859385,-0.004156092,-0.006521986,0.045913495,-2.7573551e-05,-0.0010564481,1.0907485,0.35983458,0.063220926,-0.0727755,-0.04117127,0.031192932,0.028994992,0.017529946,0.0005728658,-0.005763059,-0.021375947,0.076548636,0.01273835,0.011639664,-0.010149787,-0.015772633,-0.003535105,1.012216,0.9960484,52152.96,70.5558,473.53195,500.3784,52.71994,502.78088,0.00024102793,99.14502,1742.3376,MIRAI-GREIP_FLOOD
0.48512268,48.089237,64.45735,1322.6548,-0.02351119,0.01881174,-0.046216488,-0.018217567,0.00033873506,-0.029982617,-0.0014974549,3.4870338,-0.20615217,0.065751866,-0.109758615,-0.038073607,0.005895915,0.0024738256,0.04593882,-0.041894313,-0.0328542,-0.042006392,0.055620015,0.0027024706,-0.003135053,-0.01897721,-0.020256339,-0.038319416,1.0346935,1.0328355,55748.246,175.35675,492.3637,553.9552,-7.917982,530.9487,0.00024605842,101.92778,-2725.489,MIRAI-GREIP_FLOOD
-0.9039936,49.324615,64.97683,946.24585,-0.008147963,-0.013539112,-0.002194061,-0.013272429,-0.07688452,-0.018810568,0.023981893,-0.7793151,-0.18745857,0.2112402,-0.07655674,-0.13374853,0.042866755,-0.041056532,0.02090099,-0.029491302,0.022369284,-0.029130597,-0.035044968,0.03884065,-0.040439997,0.0137291085,-0.0004499685,-0.05035212,1.0216883,1.0312012,58240.97,175.7883,620.26825,564.37225,38.40463,551.7006,0.0011681428,103.51517,-3994.6174,MIRAI-GREIP_FLOOD
2.9052544,45.456738,63.83932,8781.861,-0.0042160694,0.0001533851,-0.012853619,-0.013356449,0.037411906,-0.009625504,0.029779801,-1.3190315,0.19684418,0.022842148,-0.043851886,-0.0343164,0.0011227912,0.0014532497,0.06878215,0.0050879456,0.009336536,0.011292839,0.043613255,-0.06384436,-0.0055026226,0.04078771,-0.01188748,-0.06217414,0.98086905,0.9512396,52218.89,134.08936,411.99155,491.37006,3.7443619,487.97537,-2.5722271e-05,99.11913,-4351.402,MIRAI-GREIP_FLOOD
2.3912334,46.278744,64.73665,1891.8411,0.031983845,-0.0006420128,-0.020408634,-0.0054906006,0.043140873,-0.0010197872,0.011953538,2.8183227,-0.0107477605,0.2485838,0.032611445,-0.03193377,0.015283902,0.026677452,-0.0008276291,-0.0049995026,0.0047243666,-0.0131277535,0.04780799,0.008264407,-0.0036944915,0.024130316,-0.07073262,-0.01851898,0.98934776,0.98757714,54708.402,65.46468,793.3545,515.84375,100.65741,491.86746,0.00060038746,104.69851,8041.9644,MIRAI-GREIP_FLOOD
1.7785015,44.605145,67.870255,3612.4155,0.014321532,0.00577227,-0.025131606,0.005727769,0.012057699,-0.0061551966,0.010546277,0.5105567,0.25007176,0.01545779,-0.11313127,-0.0090050455,0.0015882809,0.025818605,0.035127357,-1.9939616e-05,-0.011326266,0.008025476,0.033762455,0.033437915,-0.0046724733,0.0064034956,-0.01799693,-0.030644298,1.0111766,0.98441887,53256.742,81.67612,497.0451,514.16766,46.077927,538.0306,0.00035249098,99.082184,1510.7126,MIRAI-GREIP_FLOOD
-0.67473984,47.879772,65.32139,941.864,-0.023759006,0.0062497836,-0.036025684,-0.0055899476,-0.044954598,0.004130202,0.011678705,-1.5935719,0.23569536,0.008682179,-0.04691136,-0.0823221,0.0072163166,0.0031704921,0.038993638,-0.027752388,-0.017349847,-0.020794194,0.016474426,0.02357461,0.01584334,0.017217353,-0.059117727,-0.053827297,0.9953057,0.99959016,57674.957,169.51115,555.2152,556.962,23.96016,581.06744,0.0010352689,100.688194,5412.652,MIRAI-GREIP_FLOOD
-0.25798798,47.279552,64.51305,10986.204,0.013333971,-0.0003714189,0.008545848,0.0045269667,-0.030859293,0.022454772,0.004161375,-5.2686377,0.09833212,0.035451557,-0.06056847,-0.08921195,0.0018754838,-0.03314662,0.05707947,-0.037836153,-0.009470865,0.01123181,-0.018167794,0.002008181,0.0069249026,0.018283434,-0.043901164,-0.03263385,1.0096807,0.969763,55721.824,160.32254,403.71237,504.21866,5.5265436,539.5495,0.00030651086,95.89699,-7636.874,MIRAI-GREIP_FLOOD
1.5593662,44.984818,64.970345,5413.1504,-0.011618304,0.0025080726,-0.018251032,-0.0022313474,-0.025000298,-0.007314048,0.010762779,-0.5936012,0.1166023,0.063343994,-0.054059364,-0.044485867,-0.01594475,-0.0034433417,0.034103848,-0.010501374,-0.008114268,-0.023102745,0.058147192,0.017998965,-0.023575436,0.0045086453,-0.028075885,-0.02656216,1.0330086,0.99759275,54733.586,175.0094,366.81296,522.48804,-27.200783,516.845,0.00022346246,96.131226,-11874.605,MIRAI-GREIP_FLOOD
2.0286007,45.27539,60.395367,5157.1997,0.0064353924,0.013927511,-0.015457064,-0.0055370363,0.03836795,0.05127091,0.04248882,0.35800326,0.24425463,0.32845646,-0.106232025,0.046203062,0.010189972,0.004146141,-0.006977138,0.013935,-0.0060201366,-0.0011823932,0.115841925,-0.078724526,-0.0074437917,0.035517536,0.0048043346,-0.030934813,0.9599308,0.95290756,56905.77,66.54627,554.2634,547.16583,80.487854,553.75226,0.00036237243,100.468155,3917.686,MIRAI-GREIP_FLOOD
2.0352726,43.24179,68.10344,7372.1665,-0.0136835575,0.002374797,-0.012771442,-0.011640974,-0.005200322,0.023954745,0.0046550226,-3.1097732,0.027796324,0.014977379,-0.06811259,-0.032750547,-0.025117004,0.0022335863,0.03163039,0.012041176,-0.0056549697,-0.02315373,0.051003635,0.07809223,0.00252184,-0.004997754,-0.039192475,-0.032945663,1.0164162,1.0049874,50964.656,151.78436,388.56628,492.52457,-46.471294,492.05502,-0.00025801384,92.265884,-32006.053,MIRAI-GREIP_FLOOD
-1.4273205,44.078213,65.78196,884.6333,-0.03414961,0.0023710604,-0.015057113,-0.0046209665,-0.059013024,-0.05125626,-0.009220574,-3.1731014,0.068735264,-0.040638875,0.07771379,-0.11012636,-0.0002600141,-0.0033576088,0.048350204,-0.0060721906,0.020258391,-0.018734584,-0.0111480355,0.102901444,-0.013038747,0.017425193,-0.028705543,-0.039150793,0.97362036,0.9937849,56292.734,127.05884,539.2312,545.6941,28.726994,581.2568,0.00043313077,96.7903,-1125.3865,MIRAI-GREIP_FLOOD
0.8603592,44.570835,70.89038,-707.2749,-0.011089806,0.012905422,0.008836181,0.008331303,-0.009655107,-0.035261694,0.033166908,-0.54578173,0.9931927,-0.026618272,0.06062846,-0.019923316,-0.020984381,0.01699645,0.051473606,0.031596083,-0.00833312,-0.031644627,0.039447904,-0.002719078,0.009301498,0.023590356,-0.037658907,-0.06881212,0.9914748,0.9854186,54675.934,103.62772,515.9544,513.3907,41.03153,530.2874,0.0015014574,100.20939,3177.747,MIRAI-GREIP_FLOOD
-0.41893768,46.647354,64.3511,5623.9463,0.00451955,0.009523555,-0.005251006,-0.002184241,-0.011824749,-0.002083726,-0.016778965,0.24453646,-0.025038643,-0.008129598,-0.009875539,-0.03517967,-0.006208655,-0.047901772,0.04585909,-0.020580126,0.00883344,-0.038274024,0.018767715,-0.011273446,0.00046756584,0.028950933,-0.017887332,-0.005175341,0.96970206,1.00594,57098.8,154.34407,615.0652,535.8395,25.782383,578.9572,0.00025316825,99.99667,595.16693,MIRAI-GREIP_FLOOD
-1.1207066,48.501328,65.67613,-1031.792,-0.037497994,0.007561834,-0.017456256,0.011033552,-0.03638053,0.04360475,-0.007879803,1.6066909,1.2129352,-0.005188454,-0.054457463,-0.044692416,0.019259484,0.022795321,0.016640566,-0.013626821,-0.020758614,0.0008247979,-0.013906896,0.018466761,0.022560898,0.012932137,-0.03914513,-0.04123315,0.9703988,0.9756723,61068.57,59.03222,828.49976,580.5225,149.81055,609.3547,0.0013575064,105.20847,34264.574,MIRAI-GREIP_FLOOD
0.43401337,47.609344,64.27012,2515.4043,-0.003004158,0.010061269,-0.012492937,-0.0010419729,-0.012221459,-0.010184148,-0.0007020612,0.1287713,-0.1502398,0.05038487,0.10324344,-0.043292865,-0.007508632,-0.027690906,0.039246514,-0.0259213,-0.01821555,-0.043247998,0.014277875,-0.04448072,-0.011478499,0.023633635,-0.04367145,-0.049027946,1.011678,1.0142882,58439.84,164.13571,498.3813,554.8386,26.925825,554.0986,0.00035695708,100.69638,-1113.7668,MIRAI-GREIP_FLOOD
-1.1783962,44.499073,67.55927,1652.2407,-0.048210874,0.0063225604,-0.030805971,0.033524092,-0.070908345,-0.02329769,0.02554283,-0.9859613,0.9282601,-0.13020913,0.019845964,-0.0859917,0.03522551,0.050559435,0.025810625,-0.05846306,0.021057341,-0.062043,-0.017612755,0.1673599,-0.016632678,0.07081571,-0.0873332,-0.0010766648,0.93401265,0.9558127,45165.168,71.74048,609.41,431.86343,72.93735,473.50687,0.0006130649,97.777626,-10578.85,MIRAI-GREIP_FLOOD
-0.64180565,48.18747,64.17359,6706.359,-0.00043359585,0.0024352844,-0.012910672,-0.0009343642,-0.031228555,0.02913338,0.006451409,-1.9441407,-0.029706355,0.077823065,-0.08880644,-0.10354641,0.0011700633,-0.0015727943,-0.010392893,0.02635069,-0.008661904,-0.0046270713,-0.0071510077,0.0019295478,-0.022976762,0.01310639,0.016909216,-0.01449229,0.9931453,0.99494165,57110.887,76.84972,376.3679,542.89526,6.6590433,526.67224,-7.7091754e-05,101.0803,-25304.3,MIRAI-GREIP_FLOOD
2.300991,42.94999,64.08653,12957.689,0.003275508,0.0016417872,-0.0005934341,-0.012518393,0.007914541,0.02907924,0.028953327,-0.5079918,0.071537495,0.1708006,-0.11645007,-0.03469951,-0.007025645,0.012422515,0.0024355575,0.011808746,-0.018450618,-0.009323996,0.058642805,0.0873323,-0.015411746,-0.0059640943,-0.010798824,-0.03867773,1.0070387,0.98071104,48548.137,78.03197,266.90192,444.621,-16.931911,442.99713,3.3415927e-05,95.18375,-31047.97,MIRAI-GREIP_FLOOD
-0.20270729,46.155376,64.91022,268.56152,-0.027761199,-0.0009960941,-0.0076631033,-0.0034995158,0.01247235,0.009188807,-0.00074504176,-3.6612186,0.18887305,-0.01839139,0.0062867627,-0.03918782,-0.0074547897,0.005021929,0.0045776414,-0.0001884345,0.007211803,-0.024580184,-0.0029854774,0.020061597,0.016481165,0.019239245,-0.040841557,-0.039123412,0.94528794,0.96273154,55928.703,104.81481,435.21265,524.9788,-4.365553,545.765,0.00032660255,100.181145,-20639.826,MIRAI-GREIP_FLOOD
1.9402122,44.785263,61.674942,3414.0288,0.03429539,0.035186034,-0.0018431898,-0.010984826,0.018709883,0.004362788,0.008827669,1.0430263,0.49686787,0.3485201,-0.1658553,0.007462622,-0.008574018,0.025594514,0.031739254,0.015394521,-0.0028065755,-0.0069938926,0.071223974,-0.04662104,0.008076419,0.030907655,-0.0054502347,-0.03220179,0.9478446,0.9507259,52297.938,66.31305,458.9369,490.54172,36.104996,483.067,0.00037220048,102.16861,11380.372,MIRAI-GREIP_FLOOD
-0.22942734,41.26835,62.741924,1541.0325,-0.025911354,0.031197606,-0.022728927,0.004891041,-0.066370875,0.0132343685,0.012738275,0.46285474,1.3204143,0.023668993,-0.09170246,-0.05470721,0.0069935443,0.04131258,0.0052989554,0.004534172,0.010807066,0.014639135,-0.0012935996,0.1657351,-0.00097563025,0.017331606,0.01773639,-0.039769508,0.99305636,0.9813882,49445.797,67.31817,682.1747,485.71222,124.95373,498.82422,0.0006269939,95.15704,22248.643,MIRAI-GREIP_FLOOD
1.318903,46.56655,62.704033,2748.101,-0.021578483,-0.0010200328,-0.010284584,-0.012481667,0.020905372,0.015134679,0.027659116,-0.8108033,0.12481284,0.07883474,-0.036912892,-0.013328761,0.011387539,0.00051455107,0.020355958,-0.0009110244,-0.010036087,-0.024649888,0.05294323,-0.06275803,-0.023874203,-0.0090569835,0.0075642155,-0.017600603,0.99171525,0.95872164,58487.71,71.98654,437.49393,544.8958,55.498592,548.2209,0.0003724161,101.827194,-3597.1482,MIRAI-GREIP_FLOOD
2.540289,44.850967,63.22018,3021.2285,-0.0043962523,0.01715085,-0.0109338295,0.0019259186,0.02958273,0.011131182,0.036178373,1.2595894,0.65869814,0.06530925,-0.050551634,-0.0951521,0.13993192,0.047730215,-0.009604072,-0.0003545964,-0.01682752,-0.024230711,0.06002015,-0.034492604,-0.010136337,0.019925648,-0.010215914,-0.01484528,0.979421,0.9640265,54516.418,83.07161,648.068,553.52924,108.77515,532.07794,0.00027701902,100.48684,18051.748,MIRAI-GREIP_FLOOD
3.0065327,43.23984,64.885574,856.5957,0.017957479,0.0057827705,0.0026588165,-0.008837901,0.06716636,-0.0040053334,0.031284843,0.38292468,0.11898549,0.22616595,0.08179639,0.018146817,-0.009311265,0.0011561252,0.005079033,0.021469608,0.021718364,0.003884146,0.09001762,-0.019534068,0.00022941967,-0.008312158,-0.01271,-0.051626373,1.0158775,0.99023813,51106.8,75.490005,390.69348,475.86218,41.890266,485.91843,0.0006147251,97.507454,-6509.3745,MIRAI-GREIP_FLOOD
1.1532097,46.469955,66.03141,3164.9136,-0.0074516325,0.01313777,-0.020160362,0.058420777,0.04985071,-0.02469974,0.027123325,7.812803,0.9466157,-0.030170534,0.0014432147,-0.025043143,0.030543638,0.02266204,0.014125874,0.0024483074,-0.0076969475,-0.01579084,0.056230307,-0.055276487,-0.011095621,0.019355996,-0.015926726,0.0004065968,0.98442686,0.9821875,59175.656,83.50393,758.9498,557.87225,108.17354,562.0516,0.0006844712,107.09991,14746.745,MIRAI-GREIP_FLOOD
0.8179779,46.035904,63.873287,4301.739,-0.007223682,0.0037330606,0.00044228043,-0.0011076796,-0.0136414915,0.00046753383,0.0033263513,-0.47127557,0.20024213,0.05100036,-0.07217065,-0.07025163,-0.0025087134,0.01803102,0.030799164,0.0056339055,1.475215e-05,-0.008487188,0.010891855,0.032608714,-0.0069339317,-0.0012579502,-0.023468902,-0.02743466,0.9862953,0.96438557,52981.258,84.15713,429.7958,529.5822,36.94919,540.5349,0.00028160008,100.48963,-12457.828,MIRAI-GREIP_FLOOD
2.973074,46.38879,70.43671,4654.2163,-0.05384,0.0075443736,-0.033491723,0.004762229,0.12740369,-0.015664887,-0.040377207,18.302013,0.25399286,0.08062366,0.014189778,-0.031207457,5.8254227e-05,0.036221635,0.025839005,-0.080713764,-0.039182078,-0.088340625,0.06031871,0.058624882,0.049688056,-0.0043608993,-0.11842576,-0.014089977,1.0146029,0.96697116,51247.75,126.518555,715.84735,537.68396,60.726707,533.34973,-2.92427e-05,99.72505,1023.9002,MIRAI-GREIP_FLOOD
0.38273048,44.62556,63.55151,3983.7605,-0.030376282,0.00521554,2.345303e-05,-0.0069971452,-0.014770338,-0.03438575,0.016150942,-2.0684788,0.10326638,0.022603301,-0.031468377,-0.066563606,-0.018042423,-0.01380291,0.04399061,-0.016788684,-0.003317073,-0.027127381,0.06681061,-0.0155500835,-0.02060594,0.0018007762,-0.0122645255,-0.011140713,1.0255297,1.0171565,57671.15,174.63396,445.52686,540.43646,-4.1734962,531.37067,0.00050188834,99.87033,1795.2739,MIRAI-GREIP_FLOOD
2.164631,42.753468,63.392426,2726.2896,-0.025468864,-0.0015446019,0.0076009235,-0.005221005,-0.017912114,-0.0144689325,0.031012308,-1.7464361,0.066244096,0.009459815,-0.10054241,-0.023592517,-0.011897027,0.013684325,0.022119854,0.002075932,0.00978975,-0.009635188,0.06663829,0.042664085,-0.016798232,0.0209696,-0.014364392,-0.018251367,0.9795595,0.9514094,51624.19,104.41751,422.31677,499.84525,24.036736,513.0544,0.00014640321,95.857765,-9972.545,MIRAI-GREIP_FLOOD
3.0110989,46.036175,64.28947,3471.6812,0.022315392,0.020580992,-0.023434265,-0.012188148,0.08622136,-0.016066067,-0.027606286,9.234456,0.36264747,0.10656135,0.031549897,-0.026745431,-0.012231111,0.011360239,0.075734295,-0.005809674,-0.03486021,-0.046148136,0.08387786,-0.08122836,-0.015929297,0.027499974,-0.027007049,-0.0055898167,1.0157537,1.0289032,55944.57,170.72415,496.6513,519.3386,-14.025814,522.2506,0.00029195708,102.44441,-10739.568,MIRAI-GREIP_FLOOD
4.313282,45.045162,71.65075,2102.0144,0.015868006,0.010343597,-0.006746135,0.0011062546,0.07665519,-0.024079598,0.008707374,3.702711,1.0435189,0.09845839,-0.10212778,-0.015289971,0.06878363,0.025401369,0.017724372,0.0017579738,-0.0033087283,-0.0044588326,0.07132149,0.021992017,0.011099259,0.002685564,-0.07218233,-0.03621158,0.97159994,0.97980493,47374.434,67.706985,613.2146,472.33362,86.33559,485.71173,0.0017618135,101.96193,10503.029,MIRAI-GREIP_FLOOD
0.011833191,45.049004,65.889015,431.41626,-0.03660914,0.009148634,-0.032036725,0.0128472475,-0.04496284,-0.012999145,0.01609081,-1.9919012,0.088420294,-0.012565021,-0.10553178,-0.047755986,-0.012479879,-0.0030522095,0.046185933,-0.014752073,-0.008742147,-0.031608976,0.022394598,0.045689367,-0.019681731,-0.0034743384,-0.011602737,-0.03829427,1.0116277,1.0174605,56636.39,177.19519,529.5514,544.70624,8.90374,568.1288,0.0003177719,97.4332,-2452.9326,MIRAI-GREIP_FLOOD
3.2393112,47.21988,93.81994,3770.5789,-0.01599303,0.03339897,-0.001251034,-0.0015676409,0.08529081,-0.013335293,-0.029531047,3.3865626,1.0295142,0.36788496,0.039146416,-0.0025118608,0.010835719,0.001871842,-0.0010335352,-0.020748751,-0.0072950586,-0.052395683,0.09617305,-0.054842856,0.0074420655,-0.0073222485,-0.016390879,0.029147642,0.9920306,1.0064319,50769.895,74.21079,476.80066,503.5684,35.432022,501.66135,0.00019601367,102.78005,-7267.0464,MIRAI-GREIP_FLOOD
-0.55709076,46.19592,63.93842,5584.044,-0.009175287,0.0036635434,-0.008122159,-0.0010907835,-0.050407626,-0.0056633595,0.0055893115,-3.3681455,0.08082155,0.04929518,-0.058030322,-0.08839335,-0.010458635,-0.011884928,0.04829183,-0.026724616,0.016918682,-0.0070658694,-0.016694307,0.03430715,-0.02847596,-0.002369635,0.0002519274,-0.017335411,1.0164115,1.0051601,54628.844,170.27379,450.79166,511.4049,2.514594,537.1813,0.00044112408,99.4888,-6815.048,MIRAI-GREIP_FLOOD
0.78544235,45.05555,63.448452,998.1848,0.008288956,0.011347716,0.00029208604,-0.0020522636,-0.03632147,0.0051263794,0.009704655,0.075787604,0.48819318,0.09365838,-0.08062203,-0.040520508,0.0023536112,0.045613654,-0.0049197394,0.02007744,-0.013834879,-0.03602059,0.013303876,0.039431877,-0.0013560522,0.021798575,-0.017685112,-0.027876897,0.99042463,0.9919374,51876.676,72.59343,552.3058,517.0552,68.66307,521.95337,0.00054511975,102.247574,2194.8035,MIRAI-GREIP_FLOOD
2.3828983,43.20245,64.13582,2942.6587,0.011665829,0.0019440645,0.009905306,-0.0035530757,0.037017792,-0.021872498,0.030307593,-0.9193083,0.08225728,0.046236597,-0.015254334,-0.019041102,-0.01631697,-0.00789978,0.050530486,0.008689974,-0.010850675,-0.024825817,0.08539176,-0.041964363,-0.012138997,0.029040277,-0.047871914,-0.04768237,0.9734686,0.9640447,55507.777,123.58018,403.66235,505.4009,10.375586,514.6146,0.0004077283,97.53019,-8552.265,MIRAI-GREIP_FLOOD
3.2677422,44.523746,64.893845,2548.461,0.0089343535,0.010988546,-0.011904622,-0.011815304,0.059053756,0.020213217,0.02934954,0.18804425,0.43840006,-0.04842248,-0.099333115,0.050894767,-0.04575993,0.020317918,0.01414218,0.014594283,-0.029520068,-0.022520557,0.102357924,-0.069935076,0.010420951,0.015161179,-0.026341595,-0.044601068,1.0107363,0.98844033,53337.68,66.28532,411.05667,513.77386,32.228394,515.97394,0.00027314262,100.32776,-8159.303,MIRAI-GREIP_FLOOD
0.0033512115,44.00373,63.375546,-3245.9727,-0.0433989,0.009129416,0.013015244,-0.021840421,-0.023235807,0.0023815893,0.05150043,-0.4622519,0.6229875,0.008712224,-0.056498498,-0.09147616,-0.006660027,0.0052533997,0.025122523,-0.0026765512,-0.021786204,-0.026000235,0.0063572526,0.07363098,0.00456037,0.0025942805,-0.02841499,-0.05979197,0.9785333,0.99738425,51444.668,174.13153,485.82904,508.36835,-9.096079,548.6295,0.00054925255,97.42602,-11776.084,MIRAI-GREIP_FLOOD
-1.8421268,46.717693,62.871292,5836.993,-0.02286531,0.018542549,-0.015444801,-0.011095859,-0.042212665,0.033352852,-0.005008406,-1.2829642,1.101166,0.033800866,-0.06322352,-0.10379467,0.007669954,-0.004493734,0.018362015,0.03003425,0.0036404468,0.008368244,0.010608017,0.029920543,-0.027464928,-0.013794922,0.025201108,-0.028495733,0.952658,0.9572329,56259.336,79.26605,512.93506,560.87,53.43679,563.85,0.0003396036,102.69068,-3871.0989,MIRAI-GREIP_FLOOD
1.9415512,46.131912,66.34361,469.58716,-0.023968637,0.005915792,-0.025145737,-0.0004736092,0.040040553,0.008188957,0.0069929752,2.4783607,0.3541991,0.005526524,-0.083517894,-0.028109336,0.009099681,0.00900912,0.024461893,-0.01678405,-0.0009310758,0.0023673056,0.058890283,0.004193801,0.0025448157,0.0058806106,-0.038587715,-0.013916183,0.99728316,0.9897848,54609.387,59.02882,586.9187,539.5395,99.96839,540.15283,0.00066316006,103.24525,11031.297,MIRAI-GREIP_FLOOD
3.4189281,44.357117,66.355194,3838.0022,-0.00083941035,-0.012098013,-0.016344752,-0.018803775,0.063000634,-0.020378862,-0.01163552,0.14404714,-0.39031643,0.037723698,-0.022317255,0.027611315,-0.022138186,-0.0017723534,-0.008554355,0.03064232,0.0059733586,-0.03716011,0.10215163,-0.029421376,-0.042987112,-0.020091075,-0.0037204241,-0.024608819,1.0116248,1.0023929,58587.89,81.70122,448.555,558.00977,54.22554,532.9548,0.00035427188,98.40095,-1966.7244,MIRAI-GREIP_FLOOD
1.2608719,44.21572,63.933887,3046.9668,0.0035285112,0.018002706,-0.009100542,-0.0073806047,0.0015739119,-0.0034101354,0.004581893,0.46518958,1.259886,0.063180566,-0.09925781,-0.022381604,0.005724595,0.019221189,0.009397076,0.030168314,0.0072598034,0.00728338,0.034873545,0.021481832,-0.0073369155,0.0102475425,0.0006261468,-0.030936414,0.9778658,0.98869157,51592.21,83.511185,452.55963,505.03165,35.11149,526.6641,0.00050988107,99.2833,-9474.116,MIRAI-GREIP_FLOOD
-2.1698399,49.16657,64.08945,3878.353,-0.04226882,0.010641325,-0.039523765,-0.010460567,-0.12195275,0.012496231,0.03276133,-0.9940976,0.24424204,-0.00046344474,-0.113661,-0.10738156,-0.00039874762,-0.031504646,0.022326373,-0.010670041,-0.0140735395,-0.02547617,-0.03958875,0.018928545,-0.0352155,-0.009213783,-0.016296558,0.00022112392,1.050703,1.0078489,60544.21,177.48985,557.65546,579.1866,23.92804,580.7812,0.0003136964,103.51653,5888.4995,MIRAI-GREIP_FLOOD
2.0714016,44.847893,64.906395,1048.6855,0.017786402,0.026271356,-0.00018981053,0.011261341,0.049235485,-0.0044003753,0.021571917,0.76476234,1.6902273,0.109150335,-0.064519286,0.018277792,-0.015512857,0.02180614,0.01032852,0.040571257,-0.011724908,-0.02117904,0.09471923,-0.03437581,0.010470598,0.024501717,-0.022312302,-0.04239407,0.9685999,0.99058056,52972.887,78.58802,482.2914,501.1334,36.494038,528.8334,0.000948945,102.58558,-6564.284,MIRAI-GREIP_FLOOD
-0.91285515,47.76296,66.4456,-1284.7822,-0.036202062,0.015962124,-0.021051906,-0.0085273115,-0.08224167,0.029230388,0.014893638,0.21424556,0.52361685,-0.038951885,-0.18022625,-0.047597334,0.008753144,0.026798358,0.06463826,-0.024376286,-0.0046860566,0.017589377,-0.017253757,0.08436145,0.036941696,-0.0043777213,-0.030244498,-0.040187083,0.9850005,0.95231235,53021.56,64.4015,357.87567,496.2898,46.911804,514.93695,0.0018862124,103.54881,-3922.845,MIRAI-GREIP_FLOOD
-1.4539833,44.886444,62.963963,4414.5186,-0.012009441,0.010153464,0.005278357,0.0027864538,-0.064090796,0.012446799,-0.003011364,-1.533134,-0.013413951,0.09672071,-0.0274729,-0.11379097,-0.0067230794,-0.024763916,0.035712346,-0.01353468,-0.009722532,-0.030944902,-0.016598523,0.038946133,-0.018821634,0.016465267,-0.0015550246,-0.032788176,0.9808983,1.0033187,58089.527,159.1989,549.1035,541.66046,31.601986,566.6147,0.0004265356,97.967224,6148.7837,MIRAI-GREIP_FLOOD
5.0297966,45.659527,66.48278,6748.8467,0.019343574,0.008839308,-0.016515516,-0.004713074,0.08850121,0.0068878876,-0.002686202,1.9633737,-0.15551317,0.49775785,0.028829144,-0.037293654,0.18581437,0.0055699376,-0.007546525,-0.00350717,-0.018672125,-0.039106667,0.094787955,-0.042861093,-0.021482144,-0.029867396,-0.017744355,0.06193278,1.0183688,0.96250343,52272.43,85.03851,375.7167,504.59903,41.35771,471.14294,0.00016976974,99.51003,-16932.855,MIRAI-GREIP_FLOOD
1.0776157,43.275185,65.6905,973.218,-0.039202407,0.021053625,-0.018123956,0.020554662,0.0066644475,-0.0037005967,0.010094676,3.6816409,2.0881538,-0.13544747,0.05380378,-0.034927584,0.016877495,0.016743472,0.003746776,-0.011501977,-0.0024153385,0.0041927816,0.057498217,0.05420064,-0.008884248,0.019568559,-0.018928105,-0.024361003,0.99287033,0.9879794,54505.63,58.69802,978.50336,562.7392,183.1623,590.28754,0.0009338374,101.11916,44365.445,MIRAI-GREIP_FLOOD
2.2656956,45.80352,64.78079,3564.4639,0.036402255,0.013035515,-0.007391718,0.009718183,0.061891533,-0.010920102,0.02980017,1.0709417,0.6387367,0.29663488,-0.074634396,0.024831425,0.005248191,0.01649528,0.028198706,0.003582118,0.006172443,-0.0026532775,0.058721304,-0.06453149,-0.0112900175,0.013947239,-0.007799323,-0.043630037,1.0078521,1.0039518,56305.617,73.43417,563.19165,545.4825,55.09533,575.2439,0.0005300791,103.35486,2452.7112,MIRAI-GREIP_FLOOD
-0.09134674,45.691566,65.00923,2935.9268,-0.0018074922,0.008897559,-0.017990565,-0.008060978,-0.0040823743,0.030071212,-0.008664784,-1.1888914,0.6496074,0.053389654,-0.1265913,-0.06580659,-0.0006106775,-0.008590798,0.04885628,0.017439704,0.0013290811,0.01911932,-0.016682744,0.032220375,0.02493858,-0.004438951,-0.02386191,-0.05713155,0.9823177,0.9544908,54061.832,81.03395,450.01,521.0299,18.121897,558.2181,0.00043193717,99.8177,-17219.842,MIRAI-GREIP_FLOOD
-0.1863308,45.393925,67.00753,753.5874,-0.012089395,-0.00063026324,-0.020135863,0.005027658,-0.054415382,-0.01157444,0.026566667,-1.3536959,0.04473118,-0.03014402,-0.010330937,-0.061539266,-0.0064481036,0.014691174,0.036127396,0.013702262,0.015647013,-0.02192884,-0.0059503317,0.06322509,-0.0065004677,0.010832754,-0.021667317,-0.020709487,0.9932648,1.0067967,55565.734,141.59007,549.48193,545.9293,29.381113,544.35657,0.0005332687,99.70291,-4937.5024,MIRAI-GREIP_FLOOD
3.9821644,41.391396,65.22966,2440.7993,-0.005489569,0.015623639,-0.035270557,0.03007331,0.110086754,-0.018036816,0.02849874,8.37821,0.1034025,-0.10726102,0.052987464,0.01642766,0.07602387,0.022295797,-0.013371127,-0.0047520595,-0.012659048,-0.009634145,0.13936806,-0.01619297,-0.003404012,0.011840392,-0.0036722468,0.017446693,0.99284256,0.98109114,54107.766,72.36727,846.5689,525.2131,154.82538,512.2835,0.00060376886,99.278175,30254.867,MIRAI-GREIP_FLOOD
-0.08086395,50.173676,81.43927,709.6975,-0.050460253,0.007880624,-0.025732072,-0.007877081,0.017992362,-0.0077729737,-0.057703413,5.3888316,-0.099781096,0.14356533,0.0007231161,-0.06446095,0.009284738,-0.009667598,0.07343366,-0.089927174,-0.032970797,-0.07425375,0.030711949,-0.02883175,0.03344481,0.004405029,-0.08753875,-0.011223228,1.0591164,0.9907192,57091.387,171.49365,486.44757,583.4735,7.446391,583.1231,0.00014208145,102.5107,-12893.059,MIRAI-GREIP_FLOOD
4.055146,43.541386,62.933464,16629.791,0.0021731015,0.0014014094,-0.005779017,0.0065127197,0.09526138,0.02719882,0.031617567,0.25835592,-0.31335503,0.073713176,-0.0943501,0.06565266,-0.0154992165,0.00053966884,0.001996872,0.025247037,-0.008651054,-0.013821265,0.14550996,-0.082878366,-0.015149702,0.016393788,-0.019853508,-0.015678719,0.98061055,0.9600819,55793.26,76.11949,479.47125,521.09064,45.963867,507.19214,-8.932168e-05,97.7204,-6697.7495,MIRAI-GREIP_FLOOD
4.7173157,46.214165,81.49385,-664.4668,-0.014863115,0.007623338,0.016285872,0.027759848,0.14082234,-0.018591851,0.021541867,16.476604,1.3053644,0.56520987,-0.021623792,0.01882697,0.0705151,0.036184438,-0.013359601,-0.016533207,-0.030456634,-0.04624801,0.11962724,0.030516181,0.036225557,0.052066237,-0.11147416,-0.028090067,0.9641076,0.9429687,43021.61,58.733788,780.8714,449.71646,92.1397,441.73776,0.0031282003,105.3448,1398.856,MIRAI-GREIP_FLOOD
4.690156,46.12102,74.96099,1290.2632,0.0527113,0.03174099,0.002332069,0.0003984943,0.14132763,0.009148324,-0.021220008,15.8716,2.5172753,1.3706385,-0.015089696,0.12137936,0.015156505,0.011622006,-0.015705522,0.0042867055,-0.017088808,-0.058835603,0.15470862,-0.014505438,0.02526083,0.04280306,-0.069693066,-0.04086485,1.0159659,1.0032374,46969.133,58.50511,644.9829,513.7282,87.724915,484.6746,0.0015130388,103.145226,6618.3374,MIRAI-GREIP_FLOOD
-0.017660141,45.560375,64.47027,1716.0747,-0.008917953,0.0048713437,-0.006653832,-0.008302241,-0.0077208187,-0.0055339206,0.036034577,-2.1770897,0.09860109,0.0052720867,-0.015110036,-0.04464909,0.0015686374,-0.0045063253,0.033786193,0.015024461,0.0032590423,0.009937299,0.019167185,0.00011049584,-0.0037327758,0.01657074,-0.010647717,-0.024238069,0.9913421,0.9728915,55177.957,97.84198,476.7749,540.5727,38.446068,546.8631,0.00045228086,101.13045,-11003.907,MIRAI-GREIP_FLOOD
0.022697449,47.213173,64.13957,1984.5737,-0.03167377,0.008060985,-0.02330159,-0.006129026,-0.007717246,-0.019514222,0.009893588,-0.64204633,0.289403,-0.027186919,-0.07565105,-0.0484762,0.00037145056,-0.009628869,0.04205983,-0.013710678,-0.0070182257,-0.033958446,0.04110837,-0.042444076,-0.022614479,0.0046313438,-0.033899408,-0.015414167,1.0037593,1.023128,57367.984,176.35155,550.13794,554.5361,-12.516092,581.49854,0.0003264278,103.56786,-12140.296,MIRAI-GREIP_FLOOD
0.3072548,43.479256,64.72188,1596.0776,-0.010092723,0.03570952,-0.0154308835,0.04331027,-0.025207529,-0.012036791,0.029309688,0.49470335,0.70993423,0.0011095405,-0.06450622,-0.020293213,-0.0069952733,0.014154643,0.04815206,0.006295317,-0.0007149577,0.009318757,0.03661549,0.043619677,0.0037313625,0.00057366444,-0.0020418176,-0.028341878,0.9941109,0.9669429,54162.184,76.664696,643.2288,499.08777,91.831345,547.25543,0.0005831186,99.40311,16276.496,MIRAI-GREIP_FLOOD
2.2921867,45.699265,63.344532,4754.5483,-0.011192056,0.00075513864,-0.00390772,0.007820681,0.016024224,0.0050433474,0.04197353,-1.6567008,0.060952112,-0.05338118,-0.1545731,0.018419074,-0.009038894,0.015696945,0.032200254,0.020076314,-0.018358309,-0.0054380298,0.06351143,-0.047390703,-0.009093404,0.06312557,-0.011603608,-0.017279316,0.97005755,0.94588095,56395.83,77.701836,428.63153,514.6192,36.415337,526.8509,0.00021379153,101.02219,-10522.038,MIRAI-GREIP_FLOOD
1.2392426,43.133373,64.12349,2788.219,-0.0068175886,-0.002059012,0.0014117826,-0.011826499,0.007247882,-0.04672771,0.02724407,-3.0430875,-0.10376989,0.052746303,-0.047273714,-0.06896526,-0.00330047,-0.01069778,0.053532008,-0.03736601,0.012720259,-0.006529293,0.051916957,0.018941721,-0.019523775,0.024314681,-0.015669914,-0.048041597,0.96464,1.0002214,51999.305,162.18655,407.63525,469.0979,-1.4199848,514.7854,0.00045916354,97.985916,-8602.017,MIRAI-GREIP_FLOOD
3.7456894,41.802376,64.86005,3648.521,-0.02610341,0.0070557976,-0.013961544,0.07206258,0.1153787,-0.016293127,0.037620857,6.338286,0.14507416,0.008868518,-0.05972457,0.030422881,-0.006541782,-0.0016200496,0.022048779,0.010087727,0.004623891,0.012998439,0.13087922,-0.03900845,-0.0022962247,0.025546309,-0.007435353,0.012103789,0.96794236,0.9544729,54962.56,93.83024,595.8624,510.6518,87.074005,534.06635,0.0002773355,101.03922,9155.315,MIRAI-GREIP_FLOOD
-0.4140663,42.799004,65.012886,1615.3875,-0.0081230225,0.014215129,-0.004421943,0.017500775,-0.030692117,-0.02047041,0.03683851,0.11350858,1.0953934,0.0069760717,-0.020234317,-0.040572364,0.0066357316,0.023949964,0.009819687,-0.014498437,0.013196327,0.014262551,0.012598932,0.11091965,-0.012685331,0.0125039425,-0.009201485,-0.04215591,1.000171,0.98859584,51510.91,75.26799,593.938,513.5303,88.584854,538.18976,0.00066694926,98.49246,12649.168,MIRAI-GREIP_FLOOD
0.3996544,44.659733,65.47096,4299.032,-0.010180491,0.006715753,-0.007590658,-0.0020800803,0.018803343,-0.0411842,0.00027691713,0.50869226,0.50203496,0.0046773255,-0.004409924,-0.0054138247,-0.015816493,0.000815643,0.050514705,-0.005432805,-0.0035059801,-0.047539018,0.05260861,0.021277819,-0.024532221,0.022027481,-0.022455493,-0.011438112,0.9377406,0.94725895,53466.508,90.18338,473.0078,534.0556,29.76812,547.82074,0.00020695226,103.18676,-17562.414,MIRAI-GREIP_FLOOD
-0.9294853,46.744946,64.69994,5069.097,-0.00199439,0.007873125,0.003586004,-0.00714788,-0.0373763,-0.0053070057,-0.0061704637,-3.087389,0.07241807,0.01420995,-0.051945146,-0.10638755,0.00042053126,-0.029226068,0.050009493,-0.021987647,-0.009250668,-0.02120887,-0.022612095,0.0019920543,0.0069884234,0.01885079,-0.02303205,-0.044070106,1.0095288,1.0044105,57706.66,165.04839,491.4867,523.8575,-5.269371,558.73663,0.00027428436,98.98375,-12464.282,MIRAI-GREIP_FLOOD
0.65558624,47.754875,64.2691,4365.757,-0.0067543145,0.00970257,-0.011130226,-0.019257916,0.006913092,-0.017341038,0.026592493,-0.012772918,0.07422208,0.11715695,-0.05582238,-0.06146407,-0.010729249,-0.007837335,0.047293596,-0.013254413,-0.006761446,-0.047882926,0.026841044,-0.07718762,-0.032063693,-0.014539692,-0.014952056,-0.002332935,1.0271844,1.015154,59202.645,176.42584,473.9273,545.5585,-5.752754,555.2539,-3.9964943e-06,102.089516,-3201.0435,MIRAI-GREIP_FLOOD
0.12943268,47.080406,67.54795,978.9866,0.004493138,0.015159085,0.0061856443,0.013921066,0.014910461,-0.044116605,-0.045031086,5.320241,0.49530837,0.11138316,-0.14665239,-0.16847691,0.08796077,0.03736703,0.06895517,-0.058247484,-0.032457378,-0.069053255,-0.04296744,0.10725386,0.016199678,0.026955273,-0.085758425,0.008881832,0.9848826,0.9888055,49515.473,124.28579,741.27203,520.7565,80.778,536.03174,0.0024322085,97.17401,2924.6516,MIRAI-GREIP_FLOOD
2.0430145,44.664143,63.522762,6804.904,-0.03931182,0.033935428,-0.04656934,0.045698013,-0.021536348,0.008579433,0.032124553,-0.6136036,0.43546075,-0.029802134,-0.06763688,0.021054104,-0.0073145735,-0.010633947,0.042333696,-0.03878376,-0.03965685,-0.010823006,0.081878066,-0.0016785042,-0.028608814,-0.012264369,-0.017415158,-0.014454404,1.0032046,0.9728136,52816.453,173.21234,501.1704,515.073,8.099946,547.1261,0.00021917283,97.160194,-523.9626,MIRAI-GREIP_FLOOD
-0.25103188,45.16394,65.6891,1339.5261,-0.015943773,0.003651492,-0.0046161236,-0.0119308,-0.0075825583,-0.039946236,0.0013385038,-0.25371695,0.114120014,-0.045291282,0.0022260286,-0.054134823,0.0011507532,-0.008451509,0.056996193,-0.014451046,0.00028918497,-0.038215633,0.0072200894,0.03535702,0.01722999,0.019881472,-0.046848103,-0.0509978,0.9934749,1.0035363,55323.746,148.1198,561.02936,533.34454,26.080658,582.13763,0.000384634,99.97229,-204.91208,MIRAI-GREIP_FLOOD
1.1447487,43.266293,65.98533,104.456055,-0.003520688,0.03600014,-0.014020902,0.0020844967,0.010224823,-0.0020393888,0.0022997428,1.9831357,2.6611235,0.025288168,-0.031004634,-0.0035180803,0.015007838,0.027181026,0.014002256,0.011441022,0.0058397884,0.001234631,0.07813096,0.029764477,-0.016366033,0.005247807,0.0042172195,-0.03174079,0.9995339,0.9993451,51749.242,63.72952,583.4265,508.00015,99.81759,524.61835,0.0009677455,99.795235,19698.848,MIRAI-GREIP_FLOOD
4.8855867,43.09559,63.49516,27715.64,-0.020015027,0.0025905767,0.008799028,-0.003282531,0.057188958,0.0007392204,0.02834537,-0.83928895,-0.11148461,0.05379552,-0.13934535,0.04232524,-0.013395744,0.02111553,0.011780135,-0.0020645,-0.022397261,-0.01256796,0.12944824,0.011718602,-0.017843243,0.005193434,-0.009532412,-0.046298772,0.96867895,0.9480659,47988.2,82.959,309.3885,441.97372,10.890662,455.51328,-0.00042922585,95.80708,-17013.637,MIRAI-GREIP_FLOOD
1.4060078,46.671432,63.94155,8846.623,-0.0039402116,0.00036218017,-0.02657438,0.002013787,0.024031041,0.021498237,0.023904432,0.43214333,0.14041232,-0.035953734,-0.08108659,-0.004421347,0.011348345,0.012658927,0.017787907,-0.03305172,0.0024369825,0.0033007981,0.059730947,-0.04099501,-0.03501402,0.04645309,-0.029133389,-0.014462013,0.99228525,0.97278965,56973.58,57.50702,614.5193,582.6368,103.17853,548.63794,0.00047863188,104.08595,13178.904,MIRAI-GREIP_FLOOD
-2.197548,47.077736,65.09014,11195.749,-0.015560711,0.00037204847,-0.011440979,0.009087504,-0.10161854,0.013722658,-0.023513477,-4.2206554,0.02114564,-0.06760313,-0.055660963,-0.09599886,0.0024563267,-0.025038151,0.04253746,-0.038537033,0.0036805402,-0.02367079,-0.03387761,0.11512435,-0.01229078,0.011378163,-0.02288834,-0.031060029,0.9853544,0.9958595,53144.19,167.23059,455.18048,534.6802,10.806103,601.1479,0.00011503589,97.348404,-5829.655,MIRAI-GREIP_FLOOD
-1.4469643,48.298637,65.587875,2984.3074,-0.016950551,0.0016204674,-0.029718261,0.081692725,-0.08148145,0.0020343908,0.0035789679,-1.2980888,0.21811232,0.03576545,-0.060569346,-0.19760652,0.26226184,0.021560546,0.049283445,-0.016645385,-0.011083092,0.002085804,-0.04768747,0.07098781,0.021561543,0.035479084,-0.029308459,0.031547442,0.9910047,0.95764536,56206.12,100.42507,631.88306,546.1622,66.62299,564.87115,0.00072020135,101.52309,-7324.3696,MIRAI-GREIP_FLOOD
1.0514946,47.33529,65.42713,17197.746,0.004521748,-0.015472272,0.01644624,-0.033387456,0.02555425,0.05026458,-0.005586592,-0.16104007,-0.14475006,0.1900305,-0.057909586,-0.028150668,-0.0013088154,-0.018210383,-0.009319879,-0.021861516,0.021930039,0.006123944,0.04813516,0.04668465,0.0024503726,0.010059924,-0.03079497,-0.063043445,1.0262678,1.0030931,53583.105,57.68748,391.3238,568.40576,40.33822,536.42163,0.00043822615,99.54342,5656.811,MIRAI-GREIP_FLOOD
-1.0215759,45.656937,64.55661,6925.987,-0.02069291,0.009547903,-0.017103719,-0.004582397,-0.04806426,0.000909075,-0.032158285,-3.1296644,0.042053744,0.05852336,-0.004859064,-0.08408579,-0.011868473,-0.024889214,0.04056299,-0.009452434,-0.021008741,-0.025576642,0.022470593,0.033116486,-0.007222709,0.00800494,-0.033249743,-0.010621677,1.0132873,1.0104039,56115.35,166.8645,496.2697,540.38885,-0.9850464,568.96,0.00030917884,98.1585,-10011.208,MIRAI-GREIP_FLOOD
-0.042411804,44.26312,64.101364,3821.6116,0.0125367185,-0.0008014887,0.010226137,-0.0090537295,-0.014414949,-0.024001643,0.0038775941,-3.5690298,-0.12284338,0.09011767,-0.031888828,-0.047268365,-0.0071678082,-0.020298174,0.03447627,0.004971358,-0.0005885586,0.0011202833,-0.0031257868,0.044485845,-0.032606002,0.027750894,-0.017132116,-0.020283928,0.9681937,0.99468803,54699.36,129.62006,478.32626,501.62897,4.1666107,541.5942,0.00034190918,97.75211,-17842.623,MIRAI-GREIP_FLOOD
-0.4996853,49.65963,66.32183,14097.17,-0.013694668,0.011625814,-0.005488107,-0.00552782,0.019442895,0.060145367,-0.011394182,-0.06327927,0.5258452,-0.08500342,0.0029068068,-0.033411853,-0.013426574,-0.0069552753,0.0048820255,-0.0013167551,-0.010552566,-0.033734486,0.0047032833,-0.04158474,0.026593238,0.0022216851,-0.056699462,-0.07038134,0.9831685,1.006051,61367.215,58.70118,598.97107,609.3813,80.69472,610.99567,0.0003066031,103.29219,6585.7246,MIRAI-GREIP_FLOOD
0.8579998,50.554314,88.918816,847.15137,-0.025293246,0.012120021,-0.008456277,0.009216846,0.004053929,-0.0076460415,-0.000619418,7.535315,1.6309481,-0.063005514,0.16038431,-0.03725413,0.01624754,0.04136017,0.012797411,-0.0050368346,-0.040413048,-0.044979375,-0.0067674518,0.00741835,0.07466162,0.03527964,-0.09693295,-0.032986976,0.974906,0.9587899,57012.703,58.753654,997.8196,561.37585,116.63721,563.76965,0.0015270902,109.701965,18304.098,MIRAI-GREIP_FLOOD
0.15551758,44.576317,61.209614,14660.123,-0.017350208,0.00029924512,0.026776401,-0.0014546606,-0.042710707,0.032644436,0.05950926,-2.5624292,-0.12793595,0.065995686,-0.030586977,-0.057029035,-0.02554887,-0.035056535,0.031042418,0.014109483,-0.013037769,-0.0237739,0.026658714,0.051137876,-0.034050647,0.0072922064,0.004612077,-0.04408969,0.9820523,0.96870106,51759.027,164.15482,301.47543,487.6901,-6.672058,500.67914,-0.000102045145,93.59556,-17271.334,MIRAI-GREIP_FLOOD
3.1691608,45.18029,78.43635,24.52539,0.03778744,0.0066063837,-0.010213443,0.016779616,0.055706494,-0.0006452674,-0.017127652,4.7697115,0.29618824,0.63326013,-0.015189681,-0.008767516,0.019161556,0.031046055,0.008288551,0.0052350527,-0.0071988855,-0.031890057,0.08701116,0.027187724,0.003968142,0.030391337,-0.055482343,-0.043022044,1.0111084,1.0002352,47043.816,58.701164,627.8755,486.90616,71.41488,469.04474,0.0012779773,101.87523,7439.17,MIRAI-GREIP_FLOOD
0.6138973,46.377327,62.69556,1090.1978,-0.031240826,0.00830304,-0.019017382,-0.016874716,0.0076538622,-0.016436782,0.07121944,-0.7248242,-0.06772556,0.2821982,-0.020313032,-0.049679983,-0.015311358,-0.00889717,0.014178127,0.01625878,-0.020384263,-0.048756346,0.037906885,-0.035344783,-0.04965718,-0.012162811,-0.013415508,-0.04459804,1.0222644,1.0098139,56762.54,179.55899,390.89514,533.2575,-36.041634,551.1087,0.0004122847,97.517624,-10564.399,MIRAI-GREIP_FLOOD
-0.86234665,46.858635,63.616573,4438.6284,-0.027317574,-0.0025634007,-0.017907955,0.04872663,-0.038268745,-0.04508229,0.027289411,-1.679076,-0.18412498,0.0638379,-0.075106695,-0.057615895,-0.0071255746,-0.03269776,0.06354919,-0.05942616,0.008693984,-0.027228504,-0.0005555749,-0.0041072886,-0.021033676,0.019824564,-0.018944167,-0.021400033,1.019944,0.99170214,57802.145,171.56882,560.6479,542.94617,1.3172083,575.3319,0.000280006,101.23363,-9476.454,MIRAI-GREIP_FLOOD
1.2768345,45.303436,62.96214,7877.0566,-0.0042187423,-0.0033721854,0.008266702,-0.011961252,0.024125492,0.01331056,0.044200733,-2.7840357,-0.08020844,0.09264729,-0.09078524,-0.033889208,-0.00027247332,-0.02094913,0.07883687,0.0023440458,0.021464653,0.04634405,0.0315032,-0.0060319956,-0.03754928,0.009830953,0.024317045,-0.029526062,0.96106064,0.9290788,52823.914,106.41536,343.91022,478.3035,17.58732,484.85995,0.00018219782,99.348335,-12035.977,MIRAI-GREIP_FLOOD
1.755497,44.81937,64.65117,7285.8447,-0.016643643,-0.0021281347,-0.03515247,-0.00014103577,0.009313183,-0.031697873,-0.005615826,-2.4298093,0.20945312,0.084721185,-0.033430297,-0.014846146,-0.016211107,-0.01309499,0.045964364,-0.062578216,-0.0024023117,-0.0026809797,0.053824604,-0.012284446,-0.01882543,0.016531108,-0.049801152,-0.024886444,0.99295884,0.94945306,53274.246,150.65785,455.76514,518.43555,8.707176,548.3674,0.00026417608,98.78173,-6513.694,MIRAI-GREIP_FLOOD
4.806719,43.16259,65.999115,2934.4578,0.008419546,0.009365456,-0.016241305,-0.009108776,0.10111677,0.0031088614,-0.024264906,3.5278442,0.25575805,0.49230382,-0.08384741,-0.011467053,0.09826686,0.023511901,0.010072863,-0.036967184,-0.010454474,-0.021951243,0.15262043,-0.016775912,-0.029706845,0.0119503075,-0.01373844,0.0037529971,0.9813438,0.99527085,50208.74,62.637165,502.45844,498.50806,80.25876,477.92715,0.0005429491,100.145325,10409.91,MIRAI-GREIP_FLOOD
1.0122871,44.781643,62.126762,5163.6045,-0.021427423,0.0052198763,0.0057851523,-0.0011801271,-0.07988662,0.03322219,0.060998168,-1.4330342,0.045205038,-0.020518668,-0.100450635,-0.03802651,-0.01763822,0.014090108,0.042082988,0.0139520895,-0.031953983,-0.009556943,0.00011754036,0.06898556,-0.003839531,0.020773208,-0.0033553317,-0.053318202,0.9760058,0.9520204,50724.79,122.85409,493.31232,491.87436,39.27133,502.69504,6.862411e-05,95.93495,-10609.261,MIRAI-GREIP_FLOOD
0.81622124,44.549877,63.02018,1344.3347,-0.03792376,0.013294557,0.0057236594,-0.021631941,0.038474113,-0.045207173,0.06778341,-0.43038476,0.30923423,0.052203644,-0.07191735,-0.04104978,-0.011009942,0.0016378658,0.03145163,-0.01600153,-0.0075768535,-0.05445596,0.059456766,-0.052773762,-0.029764403,-0.03464815,-0.041104816,-0.03570646,0.9959616,1.0032529,55396.14,178.00113,505.53116,535.95575,-5.129217,562.52563,0.00045996322,102.29028,1001.3379,MIRAI-GREIP_FLOOD
-2.2660847,46.90947,63.1765,9348.629,-0.061448906,0.0021294758,-0.024248648,-0.006040663,-0.07003779,-0.031530876,0.07253692,-3.1315513,-0.005510971,0.15127933,-0.063405514,-0.06125439,-0.008061199,-0.06627516,-0.012535638,-0.021703668,-0.027507681,-0.029938027,0.02633828,0.068447456,-0.06197657,-0.077164575,-0.04024742,-0.016221326,1.0385523,0.9993027,56546.11,179.62204,518.9977,541.2062,-22.677357,569.4342,0.00025687058,99.23195,2297.5554,MIRAI-GREIP_FLOOD
-0.005844116,44.306313,63.685207,4738.818,-0.005839886,6.28531e-05,-0.004991165,0.005133068,-0.020760939,-0.029957462,0.024098761,-2.8600125,0.10851893,0.010116714,-0.004213322,-0.067104384,0.0006107949,-0.01633066,0.06958549,-0.0351963,0.009072613,-0.027672315,0.0074685216,0.013919031,-0.011089256,0.029861389,-0.04748316,-0.049249154,0.9986078,0.97406965,56321.453,159.96077,543.82855,529.55396,22.625332,554.0258,0.0004753939,98.6462,374.30667,MIRAI-GREIP_FLOOD
2.5120087,43.30824,62.73557,3945.643,-0.00340309,0.016924577,-0.017856833,-8.32919e-05,0.041819528,0.017300852,0.009830682,0.5120789,0.3565836,0.10498157,-0.08150343,-0.002151071,0.03459921,0.014971925,0.009207524,0.01271509,-0.0077865664,-0.013250306,0.09623724,-0.04315578,-0.021730285,0.02508957,0.018257253,-0.0064253807,0.9719328,0.9765418,56300.387,73.589836,610.5266,546.3371,101.92491,547.2015,0.00052649056,99.460556,12033.919,MIRAI-GREIP_FLOOD
0.16823578,46.74614,67.30505,3787.522,-0.02474238,0.01049468,-0.015564972,-0.0042599374,0.0053485613,0.004542808,-0.031187499,0.42301118,-0.07424063,0.052595593,-0.030020602,-0.044722386,-0.0019667328,-0.0085783,0.040268954,0.0034114579,0.002754461,-0.036051426,0.029632807,-0.03908985,-0.011000065,-0.007611657,-0.010443678,0.015590881,1.017015,1.0216013,57917.418,170.40582,423.4715,546.25775,-23.144814,555.9208,0.0001237288,99.5288,-14002.234,MIRAI-GREIP_FLOOD
0.6494808,45.10632,63.79887,2227.1418,-0.05339814,0.012389458,-0.008887822,-0.010360578,-0.0053076027,-0.031666316,0.03525984,-1.2342963,0.19785391,0.08488792,-0.040814206,-0.03713411,0.0013893767,-0.016977768,0.03773124,-0.025033899,-0.01214529,-0.048133023,0.059081793,0.0045177783,-0.0031599426,-0.034217067,-0.0546144,-0.038923275,1.0368835,1.0157521,55803.63,178.4232,507.9358,534.5525,-5.885416,573.2882,0.00032696576,100.46966,-1460.7825,MIRAI-GREIP_FLOOD
-2.839777,50.003464,62.427814,7403.8105,-0.054189004,0.0036141945,-0.008057389,-0.015078916,-0.070423014,0.020906873,0.009506356,-1.3225961,0.281672,0.0851082,-0.08974525,-0.07765262,-0.0053484947,-0.012071574,0.012224963,-0.048622828,-0.020647638,-0.01633332,-0.007834256,0.0067544817,-0.044667944,-0.037528448,-0.011700391,0.0075389068,1.0053115,0.98081475,58526.24,172.97272,433.46173,571.72754,27.600597,557.7314,0.00041590346,105.67031,11613.52,MIRAI-GREIP_FLOOD
2.0021648,42.985935,66.27288,2738.9927,0.039694093,0.002877874,-0.014984237,0.1033052,0.051157154,-0.016752834,0.05162003,1.0220135,-0.034337632,0.38012388,0.07434252,0.020398494,0.008063831,0.017541457,0.036996484,0.005510119,0.011109923,0.0006120559,0.0857988,0.016312888,-0.0038969936,0.012864711,-0.022559129,-0.04199904,1.0007172,0.96729594,55754.402,80.31795,716.1388,513.81665,108.57649,522.8298,0.0011481638,97.818535,22848.836,MIRAI-GREIP_FLOOD
-0.83011055,46.206036,62.848797,2416.1533,-0.019824926,0.006229649,-0.004945332,0.004353969,-0.042179443,0.0033935644,0.031996384,0.289737,0.32406154,0.045878697,-0.030709874,-0.04491581,0.01641774,0.02396201,0.017107705,0.014706694,0.0091711655,-0.014613375,-0.010998905,0.027889254,0.0008568424,0.0351916,-0.00020743348,-0.030834008,1.0007142,0.97277015,56253.973,74.88071,645.31775,545.2046,94.90204,553.3129,0.00060420873,101.516624,7960.3926,MIRAI-GREIP_FLOOD
2.246935,46.273945,63.5088,5983.2886,-0.024009895,0.009962343,-0.032460865,0.002139411,0.030058414,-0.036573887,0.015752815,0.7178664,0.24563509,0.03387962,-0.04006548,-0.030761426,0.04240162,-0.030589253,0.05184362,-0.03372758,-0.017849855,-0.04576363,0.09798205,-0.063145526,-0.036918145,-0.009898619,-0.01775138,0.0024725124,1.0434959,1.0004983,55765.926,178.33597,477.9304,535.01685,-30.660664,559.2321,3.887755e-05,100.70119,-11908.936,MIRAI-GREIP_FLOOD
0.42476463,46.869675,70.35967,5781.759,-0.033444498,0.009345601,-0.0438004,0.029865747,-0.06578353,-0.0010148564,-0.009710134,-0.3713702,0.3891979,-0.070553705,-0.0917871,-0.08548044,0.13870458,0.0025811791,0.06252747,-0.018170113,-0.001395843,-0.036220778,-0.026388943,0.071149684,-0.0036712876,0.0060968623,-0.016204428,0.012655127,1.0015004,0.9846938,52683.64,148.25818,657.88184,536.1777,33.86786,579.50757,0.00023580196,98.009224,-11419.955,MIRAI-GREIP_FLOOD
-0.90629387,47.71077,64.72885,12180.822,0.00014209189,0.0015801188,-0.021902861,0.025037287,-0.030738743,-0.002614968,-0.008717462,-3.582244,0.06575705,-0.077411406,-0.109356895,-0.08267912,-0.0006946549,-0.03201565,0.08619802,-0.04846273,0.012511526,-0.026176557,-0.018441916,0.023857253,0.0029433891,0.0016668346,-0.06431217,-0.051327758,1.0044584,0.98301613,56693.246,163.67747,456.8272,531.5045,-1.2773247,576.82855,0.00017317869,97.29082,-7991.0757,MIRAI-GREIP_FLOOD
0.813921,44.779358,63.032158,1411.814,0.008839945,0.002717594,-0.012409146,0.0048007406,0.00014319643,0.0031629992,0.022680614,-0.43892527,0.032712735,0.3958359,-0.004905015,-0.026578477,0.009890593,0.008903955,0.01915761,0.021944944,-0.00417209,-0.00906771,0.044971883,0.0039333585,-0.020575996,0.01991802,-0.02365261,-0.039397996,0.993516,0.9781015,54916.8,72.32695,519.4728,528.918,63.482895,531.6723,0.00080501963,100.27385,-358.3921,MIRAI-GREIP_FLOOD
1.4590874,44.802338,59.789894,-108.76953,-0.015320569,0.0077571482,-0.0017942628,-0.020478142,0.034294263,0.018113773,0.04425827,0.3177147,0.5378076,0.04618156,-0.0588103,0.020891625,0.0039726463,0.030317426,0.0065618614,-0.0055271946,0.012702564,-0.0051423768,0.06652045,-0.044931795,-0.007747439,0.039396234,-0.021048894,-0.053621076,0.96946084,0.9522291,52260.42,59.1482,495.68234,483.38333,73.6189,486.23767,0.00039269903,97.591934,7646.867,MIRAI-GREIP_FLOOD
3.3794746,43.846394,80.01233,3415.2085,-0.038744953,0.023523428,0.015358064,-0.0041581704,0.08142138,0.04555432,0.0009122747,-0.26240396,1.1290677,-0.015985543,0.0038438663,0.028372217,-0.015666598,0.028047819,0.005005244,0.038267054,0.003313953,-0.024881542,0.09218693,-0.021851135,0.026857408,-0.010777755,-0.027199116,-0.047823302,1.0115973,0.99025196,51476.18,71.638214,420.5517,512.69055,31.726559,504.6078,-0.00014052737,95.84803,-5954.2046,MIRAI-GREIP_FLOOD
-0.2366314,46.644623,67.43194,1679.8174,0.006876439,0.0034192507,-0.003422955,-0.011322949,-0.039801247,-0.016321724,-0.0011320622,-2.8624346,0.19651002,0.0174728,-0.07746746,-0.077334724,0.0062303995,0.0127554955,0.05644121,-0.002052337,0.012639993,0.0013116188,-0.018721044,0.06936215,-0.0076439274,0.0058144294,-0.022789968,-0.029003013,0.9857868,0.9869629,53116.383,120.3265,520.57336,523.7657,26.360416,548.2937,0.00064282236,100.392784,-13563.967,MIRAI-GREIP_FLOOD
2.8693123,45.076775,65.3545,3656.1943,0.035833977,0.00874003,-0.0039619906,0.0019864563,0.07376062,0.011828187,0.02764925,0.44004607,0.17330635,0.116698,-0.045915633,0.0483853,-0.017032294,-0.0030482328,0.022740534,0.02012152,-0.021340812,-0.019637609,0.10268015,-0.053449314,-0.0026594242,0.0053364,-0.009522828,-0.022383342,1.0087072,0.9879301,55657.844,64.534904,506.33228,529.15466,59.660282,540.838,0.0002617239,100.55335,-1319.7639,MIRAI-GREIP_FLOOD
0.6197262,47.360466,64.06036,3726.2566,0.007512746,0.0076086903,0.0012467802,-0.0046528834,-0.015588906,0.006765323,0.023397004,-1.6601181,0.1131925,0.21743752,-0.03397644,-0.06565452,-0.0076883393,-0.01799101,0.043539163,-0.011931163,-0.010261881,-0.028734256,0.03073591,-0.062910676,-0.03471472,0.0039306097,-0.004301793,0.00931811,1.0072333,1.0079919,57841.96,173.72134,395.57593,507.51596,5.1236362,499.80917,0.0004154222,99.55275,-4653.259,MIRAI-GREIP_FLOOD
-0.7711735,44.613132,63.914722,19202.05,-0.065746576,0.0010930522,-0.03200891,-0.0018390358,-0.04576537,0.027578756,-0.018431406,-0.6780653,-0.023817418,-0.05208747,-0.080512695,-0.053958423,0.0068193073,-0.0024904823,0.017418293,0.019199623,0.0031358842,0.02463796,0.03600025,0.09607133,-0.03425227,-0.007622395,0.0075028506,-0.028495071,1.0006028,0.9643008,54735.895,67.906876,416.76636,543.8884,64.03818,536.53723,0.0002995612,96.75159,-2069.4001,MIRAI-GREIP_FLOOD
-0.13023758,46.233753,65.42585,3375.1055,-0.011431257,0.0006236397,-0.007231661,-0.011959658,-0.046959423,-0.003013297,-0.005236496,-1.2073102,0.15886223,0.0467432,-0.13336357,-0.06072247,-0.008385868,0.025133202,0.030248545,-0.0036213314,0.014241694,-0.012266449,-0.030930042,0.07488275,0.003121465,-0.012873534,-0.019200712,-0.020092048,0.99153185,0.98411477,54472.273,95.708275,505.05045,525.34845,32.549812,540.8421,0.00019374024,99.42234,-5968.721,MIRAI-GREIP_FLOOD
4.8488827,43.05053,65.30728,697.8069,-0.029101454,0.02201905,-0.021133812,0.019021846,0.1657129,0.0028645229,0.010135573,17.143778,0.8763119,0.14512229,-0.107989244,-0.0065427553,0.0015651264,0.029207673,0.00078150537,-0.033398565,-0.038703237,-0.03322312,0.13153195,0.028774954,0.028877703,0.03554509,-0.07234854,-0.058530875,0.9422298,0.96118814,49974.684,121.74048,727.7634,529.5881,90.42216,531.622,0.00040730461,96.96347,18259.48,MIRAI-GREIP_FLOOD
-0.5353222,46.854927,63.180634,-130.63037,-0.04498583,0.0021868525,-0.01892301,-0.008743054,-0.056285582,-0.04186883,0.029482896,-0.66482556,0.3515257,0.067808345,-0.05563727,-0.12905881,0.13953689,-0.0014465535,0.04280955,-0.03221338,-0.060481355,-0.043499686,0.03112495,0.032589916,-0.031141227,-0.0069875782,-0.04056817,-0.037649613,1.0054463,1.007134,55083.883,173.72397,799.24963,561.9402,52.312428,592.9745,0.0012189884,101.90594,13094.225,MIRAI-GREIP_FLOOD
-0.15122795,47.20149,63.27334,1006.24585,-0.004069824,0.0088481475,-0.0008422998,-0.0034171664,-0.010122875,0.0053712535,0.019593181,0.10041803,0.33600804,-0.026442066,-0.047710747,-0.048283428,0.010648622,0.00070148613,0.008075711,0.014356041,-0.009308866,-0.008792946,0.02271074,-0.028809275,0.011790498,0.039580002,-0.024341287,-0.014270719,0.9727819,0.96202767,57930.008,75.68115,551.71027,569.2702,79.84173,566.79285,0.0008774389,105.01699,2570.6365,MIRAI-GREIP_FLOOD
2.4521084,44.787533,72.476776,2650.2622,-0.019705456,0.004924176,-0.012478929,0.0035183765,0.04714033,0.004800148,0.011822683,3.0776868,0.25508744,0.35656688,-0.027082099,-0.019062309,0.03188586,0.03215622,0.0016879197,-0.017616907,-0.017274264,-0.04606729,0.083529055,-0.012699771,0.027042244,0.0017923792,-0.021693133,-0.0021173432,0.9989067,0.9848174,54339.56,70.16978,680.4016,538.1993,94.33737,533.278,0.00061418273,100.69906,8463.251,MIRAI-GREIP_FLOOD
1.0364571,43.93112,65.139725,5093.2993,-0.0136431195,0.013082814,-0.025330504,-0.007731558,-0.013295414,0.0026068236,0.020093879,-0.5347643,0.010079369,0.06163563,-0.07728622,-0.05133117,-0.01937033,-0.010526217,0.047922,-0.0016839802,-0.027723694,-0.016136657,0.04218173,-0.004493795,-0.009159305,-0.009910072,-0.0060390634,-0.03843558,1.0044494,1.0108054,55127.406,174.72003,408.146,490.37216,-23.352444,506.33023,7.114257e-05,96.931526,-10926.637,MIRAI-GREIP_FLOOD
0.4904747,44.797092,64.14109,5827.6816,0.0036348775,-0.0012502818,-0.01215234,-0.0049835476,-0.025707396,-0.042838696,0.011304388,-2.4647913,-0.0037462264,0.029519515,-0.019751389,-0.050552517,-0.01260013,-0.025253426,0.060891688,-0.044151865,0.003720671,-0.027302766,0.035328567,0.027113464,-0.02040331,0.036077566,-0.022681896,-0.007927082,0.9782764,0.97356606,54461.617,162.56017,436.89166,498.35855,-11.132051,536.20355,0.00034256896,99.33387,-11423.237,MIRAI-GREIP_FLOOD
3.1384735,45.19495,71.84809,6199.4375,-0.0071096416,0.004625361,-0.008752125,0.00059966557,0.07797215,0.016059346,0.0044042594,0.9167516,0.50917816,-0.005520107,-0.08426049,0.022633167,-0.0025152662,0.027310815,0.028796788,0.028372914,-0.0040033227,-0.005732267,0.09427875,-0.053784274,-0.001982262,-0.014243934,-0.003009364,-0.0065044872,0.99473447,0.9714519,54025.824,76.51066,434.57672,531.9361,46.19822,538.0276,-0.00014286295,99.50202,-5846.918,MIRAI-GREIP_FLOOD
1.4097462,44.375088,63.367783,-1535.4863,-0.036693834,0.009104695,0.006404377,-0.0034972974,0.006910328,0.0015217456,0.04385345,0.4652999,1.2738056,-0.029281693,0.02194942,0.0063519925,0.011035116,0.0064092968,0.02176282,0.01898866,-0.0062431744,-0.011067166,0.05259615,0.003316607,-0.028816901,0.026915684,-0.045657787,-0.04490006,0.9677721,0.96058893,51084.406,59.111023,462.89398,512.14484,64.710686,523.7737,0.0024017722,99.82822,-1249.6562,MIRAI-GREIP_FLOOD
3.0512695,44.942818,75.25417,565.35986,-0.055192977,0.0049660774,0.00041800318,-0.018515376,0.075856276,0.018293813,-0.021497134,1.721796,0.36072826,-0.04763883,0.05721931,-0.048247635,0.011003826,0.0057411427,0.02055486,0.0012668455,0.01211502,-0.041262552,0.087479174,-0.011114358,0.0032932102,0.0020604779,-0.045426026,-0.0102204075,0.9852775,0.98258215,52990.05,67.209366,494.4523,548.49524,82.99097,523.0731,0.00030026876,97.673485,-964.4986,MIRAI-GREIP_FLOOD
-0.56661034,45.05314,63.315052,2567.2778,-0.028527156,0.008346327,0.011868599,-0.019986201,-0.052952573,-0.016752912,0.03116872,-0.5931412,0.34015,0.028386917,-0.046893463,-0.108242065,-0.007981337,-0.012124422,0.02769023,0.008322898,0.0024346448,-0.02399069,-0.0078096986,0.013166854,-0.0068444316,0.0048682373,-0.031445965,-0.027045721,1.0027078,0.9990545,55129.613,174.16156,536.53906,552.41797,18.376898,578.26105,0.00063265325,101.174126,6494.7896,MIRAI-GREIP_FLOOD
-0.7646904,47.77256,61.019608,2318.3792,-0.017024107,0.002941938,-0.01700272,0.012716286,-0.060315043,0.056923456,0.018383242,-0.26739728,0.21864204,-0.009238747,0.018321346,-0.018161166,0.01236721,-0.001861765,0.01630423,-0.03473276,0.010741548,-0.0007846579,0.017522752,0.0021268688,-0.028199099,0.057928875,-0.026809258,-0.06376993,0.9664046,0.96710914,61240.375,56.67126,1005.01404,644.6388,198.34317,647.4249,0.00066433515,104.45826,53487.168,MIRAI-GREIP_FLOOD
6.6638565,40.526085,81.55506,3231.6323,0.03000192,0.014558367,0.010793446,0.10022261,0.18741433,-0.03993859,0.015507081,13.990132,0.8375175,0.26460698,0.031715877,0.018021641,0.03542395,0.04016692,0.016200623,0.024376169,-0.02187686,-0.028143806,0.18211943,0.01542258,0.004763026,0.040538795,-0.03024215,-0.04064347,0.96666086,0.9662717,38925.727,65.80299,690.0831,392.00287,99.34227,388.26843,0.0030480006,98.59977,3618.9402,MIRAI-GREIP_FLOOD
-0.10108757,45.547672,67.31459,1772.3359,-0.023267575,-0.005158327,-0.023538169,-0.000633277,-0.06278544,-0.024379246,0.0042133406,-6.2027698,0.120117,-0.011534355,-0.04111372,-0.045755774,0.0017072536,0.0019797683,0.045694113,-0.061343446,-0.009596091,-0.027293105,0.009253025,0.12546079,-0.009448903,0.03640176,-0.07568967,-0.066952795,0.9821165,0.9689521,51160.473,152.37886,586.3605,500.90378,38.469337,530.9594,0.0003268705,94.7244,-3352.9177,MIRAI-GREIP_FLOOD
3.2173157,45.58681,65.592224,5573.727,-0.0036492478,0.0082525555,-0.02799664,-0.014540444,0.05253499,-0.013071505,0.011181127,2.7464347,0.29036906,0.04772224,-0.08328725,-0.09475535,0.11524185,0.020164765,0.037784964,0.009059044,-0.024917487,-0.019364284,0.076194584,-0.07936471,-0.003455202,-0.00020951964,-0.021883575,0.016573679,0.9956146,0.9919238,56574.54,138.94238,377.9161,551.1372,-12.109146,524.0039,0.0001313832,100.68798,-12250.678,MIRAI-GREIP_FLOOD
0.7970867,45.40757,66.90987,1797.1106,-0.005894145,0.005055834,-0.016286809,-0.00015028752,-0.02141109,0.008795077,-0.028001508,-0.25217342,0.22493796,0.017175168,-0.108563885,-0.057452213,0.034664895,0.034590535,0.007988106,0.0033228938,-0.005195921,-0.009191343,0.020241022,0.07155713,-0.006467389,0.03082009,-0.01738471,0.0067128614,1.004662,1.0037371,53956.61,69.61959,534.14465,531.3041,74.07457,546.67676,0.00046033313,99.42294,125.437836,MIRAI-GREIP_FLOOD
-0.04934883,48.240063,63.24354,5972.9233,-0.02786926,0.00906684,-0.024817757,-0.003934261,-0.032737218,-0.013028363,0.021612603,-1.1421816,-0.027238201,0.055191748,0.011140405,-0.0064894278,-0.0023722227,-0.021161323,0.045612857,-0.024200713,-0.03954817,-0.053546913,0.03398162,-0.030930636,-0.018119175,-0.03428691,-0.03770521,-0.024927989,1.051998,1.0181749,58103.215,178.30348,475.8989,526.56683,-14.847195,547.3759,0.00020322518,101.46298,-2232.783,MIRAI-GREIP_FLOOD
0.8369789,42.816883,62.605434,451.0725,-0.047509257,0.03777923,-0.029968936,0.016257599,-0.05648624,-0.02023246,0.023116957,-1.9811707,1.1803622,0.00832606,-0.035972647,-0.044842824,-0.007970664,0.022237342,0.047196392,-0.011355811,-0.0169472,-0.015610246,0.03783244,0.047840927,-0.016327435,0.02312824,-0.021895446,-0.05101787,0.9590639,0.9803229,50242.027,158.81433,559.0969,518.1492,46.83619,552.36237,0.00076614943,98.05251,6471.886,MIRAI-GREIP_FLOOD
2.17515,44.797356,63.65543,991.8684,-0.023016091,0.0018359792,-0.021241846,-0.027778272,0.053932875,-0.027514799,0.0002590823,-0.12695396,0.4185104,0.07819149,-0.10923977,-0.11782391,0.10693753,0.011546648,0.053100906,-0.01790851,-0.010327837,-0.004687025,0.06475973,-0.024891049,0.0035284879,0.016908536,-0.054111823,-0.05365721,0.959854,0.9744839,54178.992,149.88191,549.9748,530.43835,41.5823,548.22955,0.0004941855,99.10414,14545.793,MIRAI-GREIP_FLOOD
5.4982653,42.91547,66.03141,2025.2773,-0.00097102486,0.050661314,-0.0035134656,0.041470226,0.23395865,-0.014485698,0.017958097,26.423714,4.894664,-0.03246948,0.36507654,0.044382043,0.02401954,0.0019650068,0.019739583,-0.009225764,-0.023791667,-0.00468967,0.16723734,-0.04476052,0.0050924765,0.01330319,-0.032767363,-0.026941963,1.0140177,0.9840578,48125.414,57.129684,898.1544,494.0255,152.33249,500.4306,0.00096107216,104.06542,33144.63,MIRAI-GREIP_FLOOD
0.6747322,45.340496,65.11023,3455.3948,-0.015262064,0.013145869,-0.04358243,0.004635305,-0.027502956,-0.009630419,0.00010232208,-0.4117564,0.3023645,-0.0044398196,-0.04107099,-0.022759125,-0.008030701,-0.014529882,0.05255699,-0.02638425,-0.02589981,-0.03585095,0.02691096,-0.0006208755,-0.009609108,-0.01650885,-0.0010844879,-0.035141744,1.0301304,1.0133564,55765.66,175.44936,554.7499,534.3005,18.495056,563.11676,0.00025129982,97.89264,1899.9534,MIRAI-GREIP_FLOOD
1.0426178,48.572506,67.23545,882.5215,-0.010331999,0.01006809,-0.0042792736,-0.010123619,0.030248344,4.367961e-05,0.027205434,1.513941,0.88583267,0.054005813,-0.073771685,0.027890611,0.00659755,0.016417528,0.039722756,-0.018239938,0.012606633,0.025651315,0.048368335,-0.07572817,0.009198435,-0.003261005,-0.038386982,-0.050732024,0.996778,0.9693509,58976.582,75.07937,585.0678,561.9665,71.2036,577.69543,0.00086200493,107.55765,8937.467,MIRAI-GREIP_FLOOD
-1.1419449,47.78428,65.22766,2045.8535,-0.0077313273,0.00550804,-0.0010156538,0.010431944,-0.078466915,0.022633234,0.01344993,-0.3045479,0.34383163,-0.07931472,-0.005251672,-0.0168509,-0.007621688,-0.0039234525,0.0044915173,-0.005990383,-0.014857708,-0.015335876,-0.026928067,0.07821448,0.0043250667,0.03139937,-0.049458303,-0.053000297,1.0119781,0.9865437,56245.137,55.540016,701.7018,569.02893,107.90484,591.19495,0.0012705475,100.84972,9326.356,MIRAI-GREIP_FLOOD
1.3487816,44.414253,63.712715,4289.1924,0.005562147,0.005026285,0.00444768,-0.009356634,-0.012724314,-0.0046158684,0.012972655,-3.214779,-0.11571367,0.063675314,-0.023593035,-0.0701495,0.021684587,-0.021667931,0.014714617,-0.010546459,0.009242281,-0.017493905,0.040887415,0.041517343,-0.028032612,0.040292524,0.0004269136,-0.0067939796,0.99186933,1.0319414,53325.625,168.60393,347.6302,483.24402,-13.170319,507.1886,0.00033226088,96.540306,-13333.377,MIRAI-GREIP_FLOOD
0.89751816,44.083477,64.30513,2450.4731,0.007656719,0.00047573447,0.013844689,-0.017571025,-0.025193905,-0.01656843,0.0068396633,-5.7684345,-0.06319123,0.109316304,0.046266213,-0.11715068,0.00049098395,-0.0024209544,-0.004980336,-0.009557292,0.012802027,-0.028514914,0.034461915,0.08790369,-0.016275084,0.0101314215,-0.036687035,-0.04167274,0.9661747,0.9780769,49848.098,139.68944,315.98856,503.76273,-9.579914,513.6344,0.0018405283,94.39775,-20667.844,MIRAI-GREIP_FLOOD
-0.56617546,44.477856,73.12994,953.09204,-0.020249441,0.004906663,-0.0058862404,0.008773314,-0.045344025,-0.02342027,0.0033720932,0.9640054,0.2700048,0.06454511,-0.02113429,-0.079059765,0.04676832,0.04273127,-0.0013699383,-0.014236083,0.01416765,-0.04165525,-0.00095558167,0.14846879,-0.013134161,0.0091505665,-0.022197021,-0.005301824,1.0173279,1.0092182,51619.887,68.86833,555.3902,517.34973,76.38191,518.53845,0.0007618579,98.77961,2699.8452,MIRAI-GREIP_FLOOD
1.080637,47.758415,65.53625,3046.3057,-0.025829919,-0.0021933308,-0.027549807,-0.020991886,0.0032074163,0.0138796475,-0.046924558,-3.2868853,0.29662436,0.048084166,-0.11873236,-0.07877346,0.19594873,0.016680924,0.06447424,-0.0060383976,-0.012931167,-0.0036797673,0.014635086,0.037170205,0.0052738306,-0.021581426,-0.040662717,0.0121183125,0.9892224,0.95352095,56317.086,93.722565,355.70035,529.0721,5.423381,553.4107,0.00042610196,99.711006,-19168.98,MIRAI-GREIP_FLOOD
2.39328,46.41464,70.77373,-257.9087,-0.064205475,0.00449612,-0.02518556,-0.004473077,0.062023647,-0.02343845,0.024014508,0.08253223,0.31638223,0.13304064,-0.07018284,-0.023983836,-0.0010022203,0.036546648,0.033722963,-0.042111814,0.018731596,-0.0030263327,0.08820671,-0.029874993,-0.014641581,0.0057505574,-0.07748875,-0.07756969,0.9717668,0.9919546,52158.305,163.14647,467.71918,554.5195,0.7394829,571.6059,0.0008435463,99.49019,-6695.1143,MIRAI-GREIP_FLOOD
0.8996124,43.148956,64.44858,2793.0464,0.0018278696,0.005065814,-0.02252512,-0.008679925,0.008179927,-0.04447303,0.0051289774,-1.0624993,-0.098132,0.012459028,-0.02167373,-0.06327153,0.004841095,-0.015908668,0.049220376,-0.012437463,0.02043089,-0.005148747,0.024633467,0.049426723,-0.012104444,0.025109548,-0.015918894,-0.048998144,0.98887753,1.0127579,56505.0,146.2231,545.1755,533.3387,39.36144,557.2819,0.00051325536,98.16489,4678.448,MIRAI-GREIP_FLOOD
-1.2481956,46.585693,61.947056,5616.747,-0.014339628,0.017291764,-0.00088371104,0.009764815,-0.084692255,0.018381586,0.045691915,-1.7977314,0.40645066,0.049515173,-0.06053878,-0.089273416,-0.006070487,-0.008636591,0.036586486,-0.0067155575,-0.018274806,-0.023124425,-0.0101258755,0.030861964,-0.018913362,0.017648853,0.0055718096,-0.0054377783,0.9639536,0.99146795,54439.16,172.5008,465.29883,543.4716,-2.9200325,573.798,0.00016967363,99.01792,-14269.6045,MIRAI-GREIP_FLOOD
1.1556358,48.98276,68.19482,181.3711,-0.0027736835,0.0052740644,-0.034432072,0.012638244,-0.0008796612,-0.013152778,-0.013234937,-1.0825737,0.32860202,0.20980759,-0.13230981,-0.026082207,0.048510063,-0.018950233,0.029728249,-0.028024195,-0.011902218,-0.06677628,0.04903674,-0.06976967,-0.049363926,-0.042441867,-0.02214263,-0.045415234,1.0302624,1.012129,57124.152,178.71309,577.0845,540.35254,-35.993633,556.1963,0.0006306477,102.571526,-29397.473,MIRAI-GREIP_FLOOD
-1.3635426,47.269264,64.013535,3816.304,-0.009370948,0.00024554506,-0.013182087,-0.011844267,-0.017081825,-0.03120645,0.023070037,-1.9773502,-0.017275212,0.05267813,0.013968905,-0.05790501,-0.012079094,-0.017107287,0.05492481,-0.052363247,0.003378857,-0.014002353,-0.0039207935,0.00866201,-0.02823396,0.035736408,-0.02247173,-0.015228089,0.9703429,0.9878218,57727.977,145.56813,459.18286,533.55273,22.389309,555.14264,0.0005159065,104.876366,-8929.749,MIRAI-GREIP_FLOOD
1.2546062,45.51208,60.84482,4323.274,-0.02714271,0.0013586878,-0.019917853,-0.0077252747,-0.0013522943,0.012828573,0.018773375,-0.5017772,-0.09346834,0.034939874,-0.08646482,-0.028726872,0.113613605,0.0033407612,0.01623079,0.0077035693,-0.01960826,-0.0038922206,0.06114894,-0.00551965,-0.039448697,0.03758039,-0.014865503,0.00400085,0.9732939,0.94157034,56204.5,68.38712,392.40887,511.73813,59.097828,520.5585,0.00053131004,99.21074,-4319.963,MIRAI-GREIP_FLOOD
-0.5461941,47.89049,63.844513,4181.599,-0.015825737,0.04093656,-0.0056472654,-0.006112525,-0.053125583,0.009275991,0.013675008,-0.96292615,0.8782881,0.055936355,-0.070508465,-0.058211155,-0.00092850806,-0.0036015222,0.05966967,-0.012950392,-0.0014139409,-0.015959403,-0.02388668,-0.014155287,-0.01387224,0.0069888625,-0.0112319775,-0.01723535,0.9634224,0.98405826,55511.484,156.64043,461.77194,529.3959,15.087708,566.5517,0.00032375433,100.17897,-10326.136,MIRAI-GREIP_FLOOD
2.1966076,45.351433,63.93799,2181.277,0.020939188,0.001515936,-0.0066113286,-0.005589534,0.051338688,0.01077162,0.02083623,0.48935807,0.17584509,0.124021664,-0.10027884,0.01304513,-0.0019167972,-0.0052192947,0.027758235,0.004687477,-0.02010869,-0.01626274,0.07417971,-0.05024476,0.015555197,0.059997592,-0.02751205,-0.011284667,0.97440326,0.9710939,52792.344,59.181908,457.13562,515.76465,50.85954,523.0176,0.00046702893,102.2288,-7474.3696,MIRAI-GREIP_FLOOD
-1.6684475,45.953728,62.63215,1484.8127,-0.023432381,0.0041671186,0.007725581,-0.016919328,-0.06479725,0.0035423036,0.028205976,-2.114417,0.07470189,0.08046412,-0.05778423,-0.10726677,-0.010152513,-0.008480078,0.035158478,-0.0013381895,-0.0009430526,-0.030904764,-0.03322649,0.057371862,-0.023523472,0.013886474,0.0053299777,-0.037339035,0.9864337,1.0028182,54960.062,175.84738,488.87112,531.2219,20.487024,552.8489,0.00047172906,98.76114,3687.9548,MIRAI-GREIP_FLOOD
1.3868408,45.68816,62.6004,1890.8645,-0.020908995,0.006858162,0.006506841,-0.026247937,0.058424585,-0.052587423,0.048401013,0.5668566,0.28651285,0.14284919,-0.120404944,-0.041937772,0.032608286,-0.024108078,0.03263813,0.004063188,-0.055987094,-0.044202313,0.11756647,-0.07370351,-0.058379583,-0.041073635,-0.035747785,-0.0064001326,1.0225784,0.9904325,55358.26,178.91989,492.7739,526.43854,-8.279377,552.1264,0.0005270751,98.83335,12891.687,MIRAI-GREIP_FLOOD
3.1058865,44.379974,61.77308,3692.416,0.015122706,0.011679654,-0.014720384,0.07978568,0.049303822,0.032490086,0.00471422,-1.5788558,-0.124712184,0.68769014,-0.14396216,-0.03120451,0.20696428,0.00021295156,0.0014202576,0.015313384,-0.023945577,0.012583769,0.123851836,-0.036967672,-0.01326318,0.06045241,-0.030913224,0.032937054,0.9417222,0.9369449,52603.527,78.45898,356.00995,460.40802,21.653482,455.85187,0.0004163562,98.97987,-19899.14,MIRAI-GREIP_FLOOD
2.742445,43.71371,64.36007,3359.9592,-0.01071616,0.0026424995,0.0052640727,-0.0041600442,0.034259804,-0.0010603404,0.046678107,-0.74328613,0.20883855,0.0060714595,-0.112249546,0.008545196,-0.02145244,0.013904974,0.025146391,0.0050411606,-0.01969008,-0.0054619415,0.07266331,-0.016923878,0.017351443,0.03017765,-0.03692927,-0.047194663,0.9900491,0.9518509,53545.914,84.08218,392.01126,481.2648,22.709238,511.35373,0.00022999615,99.88042,-10233.045,MIRAI-GREIP_FLOOD
1.2408657,45.571117,64.09415,6924.2666,0.007938388,0.004948032,0.0071938215,-0.0055789263,0.028666906,-0.02766418,0.01756515,-0.6766635,0.10443612,0.10019664,-0.004155189,-0.022851508,-0.017581575,-0.022872038,0.07411863,-0.0027752388,-0.006389364,-0.04340987,0.054255724,-0.06205027,0.000343211,0.0055747703,-0.06932493,-0.06331918,1.0241268,0.9806801,56201.434,155.98135,451.9585,519.0767,-9.586243,524.7929,0.00032549008,101.419136,-11376.26,MIRAI-GREIP_FLOOD
2.2134323,42.797394,64.297066,6198.371,0.026408646,0.007314251,0.017477144,0.013540237,0.043428868,-0.010331657,0.034631457,-1.0600648,-0.10360136,0.11668874,-0.003593862,-0.024816196,-0.013926394,0.004693526,-0.016370296,0.021970697,0.042220112,-0.039136685,0.064579666,0.040274676,-0.030397402,0.037262455,-0.019575033,0.010927798,0.9640143,0.9568861,51866.77,72.7463,407.661,476.6746,19.238708,472.82776,0.0002671899,97.211716,-18320.465,MIRAI-GREIP_FLOOD
-0.9746418,48.720787,64.32622,1107.666,-0.03600124,0.013042474,-0.0155351795,-0.016374806,-0.041776456,-0.02438023,-0.0013069599,-1.1710575,0.3325507,0.06409461,-0.037170496,-0.08708936,0.017477928,-0.021770239,0.020895094,-0.032168314,-0.025766324,-0.059782796,-0.002223909,0.0039787884,-0.013786928,-0.037775192,-0.05002322,-0.019919632,1.0512782,1.0028483,58185.566,178.33134,743.6325,562.6598,41.389812,595.6753,0.00044803042,101.72975,10752.573,MIRAI-GREIP_FLOOD
1.4588985,45.648426,64.70456,2023.4329,0.028370917,0.008629258,-0.009360461,-0.0011514033,0.03869728,-0.0018931454,0.020785162,1.1860876,0.2194984,0.22462511,-0.016075145,-0.019145858,0.016722146,0.0148228295,0.019336244,-0.010727396,0.018665273,-0.027626866,0.08174765,-0.051513553,-0.024706602,0.0036499568,-0.0068474934,-0.035517383,0.99915123,0.98709124,56544.72,64.51701,541.58905,544.1524,67.74122,541.4398,0.00069945905,104.16289,10172.07,MIRAI-GREIP_FLOOD
-0.51206017,45.203987,63.76131,3488.2397,-0.053874284,0.01540405,-0.017048365,-0.0044689607,-0.01886079,-0.059255846,-0.02575606,-0.35548198,0.18082273,-0.09721633,0.45389175,-0.07401823,0.013903843,-0.04232041,0.056425743,-0.027838824,0.0050979294,-0.027674733,0.065874755,0.008573374,-0.033234715,-0.018959314,-0.017694071,-0.032502282,0.98894155,1.0612897,56921.027,175.46954,568.19385,592.0732,-11.816114,625.9623,0.0003729044,101.55731,-3387.926,MIRAI-GREIP_FLOOD
2.9925861,41.54544,61.81802,156.61426,0.0036560837,0.008954145,-0.014887411,0.029483546,0.055296026,0.019751692,0.05536533,0.8475855,0.21941367,0.19477652,-0.063652106,0.025926538,0.008786998,0.021859081,0.004054541,0.022152591,0.0046357466,-0.010803355,0.11193317,-0.032539807,-0.020020407,0.043654837,-0.003423146,-0.049164105,0.9870326,0.97089505,52700.996,64.98203,599.81335,494.10193,108.75166,484.81842,0.00070773,95.67724,25489.002,MIRAI-GREIP_FLOOD
0.597414,46.159,64.96886,10061.004,-0.033122793,0.01292673,0.0021153176,0.0031440232,-0.0121988375,-0.010330278,-0.01916665,-1.0883203,0.007908419,0.12934226,-0.035412647,-0.02553979,-0.007324084,-0.027543714,0.03689824,-0.035045788,-0.023423072,-0.050629407,0.06385857,0.004473589,-0.018018708,-0.03103164,-0.03145443,-0.013386168,1.0584618,1.018293,57699.09,177.9055,470.07294,526.29016,-15.982742,561.0193,0.00015682005,95.479836,-3508.5198,MIRAI-GREIP_FLOOD
2.430439,42.525932,68.27398,224.29883,0.026554793,0.048562065,-0.016693268,0.034332044,0.041105166,-0.0018419966,0.03137666,2.0573373,2.4948993,1.0612597,0.08850016,0.03325812,0.069878,0.02637389,-0.010016448,-0.0012415834,0.01217964,-0.0032545533,0.0899564,0.055344272,0.008942151,0.00088589615,0.00059188344,-0.017231923,1.020779,1.0000728,46801.984,63.229137,685.7995,461.67383,100.06004,468.14508,0.000657777,96.94752,10935.875,MIRAI-GREIP_FLOOD
-0.315197,45.0622,63.81794,1979.3225,-0.028564846,0.0062862798,-0.01421596,0.009094096,-0.06493337,-0.00542844,0.027456282,-2.3838372,0.007150322,0.01776382,-0.096452944,-0.06474589,-0.00097422296,-0.008060526,0.043346252,-0.009339898,-0.0118484525,-0.032199744,-0.029636204,0.04602299,-0.009245361,0.01565652,-0.0030975137,-0.027939947,1.0002952,1.0234392,55869.105,176.038,470.87415,518.2783,-4.15432,550.7156,0.00038502674,96.97269,-4633.2495,MIRAI-GREIP_FLOOD
-1.6008282,50.74506,64.32534,1432.8945,-0.027556868,0.014695525,0.003554714,-0.005834654,-0.042266876,0.013585279,0.0053170184,-3.220746,0.23905298,0.037074383,-0.058455076,-0.09650631,0.0010433885,-0.02167271,0.03621259,-0.04750405,0.013934419,-0.03771352,0.0146999955,-0.0317178,-0.0046066055,-0.00749506,-0.046002563,-0.019378815,0.99837095,1.026701,62105.598,174.86621,560.4259,579.477,26.617325,616.8078,0.00033978722,105.82248,10459.1045,MIRAI-GREIP_FLOOD
2.2183056,46.607788,64.16049,2263.3257,0.004339423,0.015715776,-0.0077666417,-0.00742132,0.03146091,0.005852918,0.020113729,0.49567056,1.0648087,0.0117519675,-0.090982996,0.030142501,0.0033382203,0.017812788,0.04525214,0.010508279,-0.0057728076,0.009061614,0.05524832,-0.07628893,-0.0015561632,0.019094048,-0.03350991,-0.031117883,0.9670589,0.9812942,55295.918,70.28211,452.02225,533.51764,52.13318,541.78,0.00063143903,105.80213,449.1244,MIRAI-GREIP_FLOOD
-1.256052,48.202805,62.776737,5193.5947,-0.031576626,0.028956903,-0.037814625,0.014024595,-0.10991461,-0.0022654743,0.034212604,-3.5118375,0.5516019,0.02526781,-0.18914573,-0.057583082,-0.0017701011,-0.0416019,0.029997611,-0.021927208,-0.015653562,-0.012455889,-0.0138242245,0.03021881,-0.04922712,-0.028841272,0.015538238,-0.0030459277,1.0000275,1.0080119,55390.324,178.72873,457.07623,566.1848,-18.940464,608.24475,0.00035576877,100.86134,-8211.216,MIRAI-GREIP_FLOOD
1.9133053,44.084454,71.03682,821.98145,0.014165852,0.011522963,0.005809171,0.00961739,0.031959787,-0.02908042,0.006962416,2.0306005,0.5362895,0.13117296,-0.0027104467,-0.0072491304,0.013864401,0.019857513,0.004486856,0.0047285063,-0.0037053484,-0.021665515,0.058879614,0.027323263,-0.005337547,0.025416158,-0.02183963,-0.03210488,0.9930549,1.0037215,51680.707,70.99077,549.65717,503.36572,79.23486,517.29407,0.0017035913,98.866585,7630.1045,MIRAI-GREIP_FLOOD
1.1927452,44.590347,64.59903,8763.477,-0.017420236,0.0030830593,-0.01566188,-0.007890827,0.026075518,-0.034519013,-0.020612461,-0.18645763,0.30731428,0.114617676,0.051943414,-0.054251347,-0.025656829,-0.007501435,0.044805408,-0.07453903,-0.0013216864,-0.02112326,0.07420933,-0.021053467,-0.020268688,-0.006608551,-0.05453073,-0.046880227,1.0548328,0.99383456,57019.69,164.7387,516.60864,534.3436,10.642864,535.42804,0.00061673654,101.81217,4272.495,MIRAI-GREIP_FLOOD
2.0573597,46.046825,69.91517,3374.0723,-0.018152498,-0.0036406068,-0.01314355,-0.010798586,0.034783296,-0.034854993,-0.001116544,-2.1964285,-0.27492172,0.033010606,0.01735929,-0.021088699,0.008152609,-0.013148144,0.030891223,-0.031181857,0.03828455,0.0059659826,0.06026584,-0.0112942215,-0.027227385,0.015582283,-0.059865024,-0.016415823,0.9911568,0.9409791,53168.71,107.39224,421.7931,542.80707,27.577782,533.7482,0.00011026789,97.14698,-18328.28,MIRAI-GREIP_FLOOD
-0.8356476,48.026314,64.23466,6164.751,0.005404111,-0.0031180505,-0.012006118,-0.0014152488,-0.06854152,-0.008146822,0.015162194,-2.8797493,-0.19898355,0.04281514,-0.015417613,-0.07630823,0.00076752336,-0.037232954,0.037444983,-0.03267069,0.0010004919,-0.052492537,-0.03284329,0.04162723,-0.013007596,0.044185255,-0.034370974,-0.017704148,1.0037771,1.0181425,58515.613,167.92719,430.80017,530.48,-20.427105,555.0371,0.0002720465,98.27222,-12132.322,MIRAI-GREIP_FLOOD
3.4300613,43.262184,68.72136,253.20215,0.007349923,0.0064855884,-0.0056421664,-0.0010277292,0.03840983,1.7533894e-05,0.0035644323,1.2764752,0.21930906,0.12217204,-0.09996821,-0.00063660555,0.018307421,0.049156748,0.013079871,0.023869371,-0.02039095,0.0041748723,0.06500429,0.036388066,0.0023799832,0.017096138,-0.018842433,-0.0318095,0.9770095,0.9836658,52380.62,83.592865,609.7845,535.5572,87.30988,508.52136,0.0024709373,96.80055,8002.7017,MIRAI-GREIP_FLOOD
0.20995331,45.244114,68.57471,2076.9172,-0.02165908,0.008338504,-0.04082777,0.019720294,-0.055920728,-0.008856544,-0.009292309,-2.2397783,0.259853,-0.024419956,-0.08568734,-0.05027199,-0.003679523,-0.0017516827,0.06770937,-0.04214363,-0.0053481897,-0.028146217,0.003403902,0.03508257,-0.013064584,0.011496494,-0.006819167,-0.04800622,1.0099804,1.0005597,56004.375,174.50922,610.73706,552.5004,36.2158,589.4013,0.000310592,97.198044,1295.3452,MIRAI-GREIP_FLOOD
2.653572,43.99899,64.11702,688.07935,0.008743321,0.0060219024,0.006664521,0.00081534864,0.04025509,0.0002809876,0.033533093,1.919798,0.17816977,0.22797368,-0.059893996,-0.0131444,0.008389815,0.025476139,0.0032373564,0.00023563858,0.0035110582,-0.037680674,0.10218018,-0.0057355003,-0.0069023715,0.023463434,-0.010485695,-0.032914855,0.9720884,0.9761108,53657.76,64.95686,605.7431,535.24756,92.68829,529.4952,0.00052755926,102.78973,13453.684,MIRAI-GREIP_FLOOD
0.81643295,45.62292,62.918587,2499.3125,-0.01190992,0.0027288033,0.012483517,-0.02064572,0.021653067,-0.01706862,0.036488373,-0.7185761,0.032187693,0.07177305,-0.032319307,-0.051569052,-0.012901335,-0.008431868,0.042878643,-0.013647165,-0.028118458,-0.030859094,0.026409447,-0.049679592,0.0013169087,0.01834147,-0.017979726,-0.05396553,0.9760611,0.99116695,55797.3,164.13708,370.4225,490.08737,-34.56803,515.19196,0.00037355337,100.54418,-29706.852,MIRAI-GREIP_FLOOD
0.99015427,45.36381,62.481453,-976.0991,-0.043062747,0.01760456,-0.002368905,-0.019886794,-0.007611243,-0.026382318,0.038584337,1.1525217,1.0538442,-0.0040320773,-0.07401572,-0.08562045,0.08860675,0.024090132,0.015859293,0.0055688806,-0.017512187,-0.06483112,0.041957915,-0.01940738,-0.040678117,-0.022619525,-0.015187227,-0.002250988,1.0050055,1.0164592,52851.656,177.14384,558.5703,565.91614,-10.591364,572.9502,0.00034267374,102.22506,-16825.227,MIRAI-GREIP_FLOOD
3.2168388,42.17837,64.150604,3987.464,0.006404044,0.0035364963,0.0011130469,-0.0017801371,0.07680589,-0.02416749,0.023361828,2.069274,-0.12873575,0.060455874,-0.025540669,0.018443035,-0.00737153,-0.00823954,-0.007896488,0.02232324,0.01222406,-0.012433258,0.15003449,-0.0130577665,-0.03220333,0.010808752,-0.0092726145,-0.022339225,0.9793482,0.97787565,55682.113,73.19273,459.42673,522.39453,58.614292,525.5415,0.00040839452,98.94018,2191.433,MIRAI-GREIP_FLOOD
-0.20008278,43.690514,64.4806,2285.4023,0.01887088,0.018625291,-0.007920969,0.04197273,-0.030650118,-0.009267507,0.014301378,-0.25791717,0.40546837,0.045353767,-0.11763729,-0.09847172,-0.009419222,0.04377805,0.012644333,0.0253776,0.007511237,0.015645001,0.02603501,0.061590344,-0.009485435,0.027820215,-0.020209543,0.005549891,0.97407085,0.98656785,53852.094,79.79018,610.0585,527.41534,61.09937,540.2641,0.00053082255,99.76944,5788.0537,MIRAI-GREIP_FLOOD
1.482954,45.660805,63.552494,3004.8643,-0.019322023,0.0061849984,-0.022757959,0.0052538,0.0016999682,0.0024869181,0.024622364,0.30830932,0.3104942,0.109511204,-0.12594569,-0.0006156042,0.058429677,0.015514564,0.031399466,-0.038228683,0.023996254,-0.0047760177,0.035988927,0.041159697,-0.0070172697,0.040704638,-0.051190734,-0.02772633,0.97024024,0.96893936,52098.215,56.483246,402.90027,530.8771,61.585663,534.475,0.00042991497,100.497665,6831.6533,MIRAI-GREIP_FLOOD
0.5871239,44.715996,76.906555,1489.7068,-0.041570313,0.004231983,-0.00027921982,0.014045456,-0.00025862455,-0.031552665,0.021272639,0.5900596,0.24882562,-0.042190958,0.20416251,-0.04477272,0.08019587,0.031355456,0.030097885,-0.0019229343,0.010857535,-0.027294531,0.01763916,0.092145875,0.004426504,0.007427805,-0.03812409,0.0027888548,0.9978088,0.97439957,49714.105,75.31101,521.0117,476.44412,60.936653,491.263,0.00065871485,99.0355,-3238.741,MIRAI-GREIP_FLOOD
3.7072525,46.191643,73.72658,4092.9187,-0.02194292,0.002710635,-0.010977933,0.018969657,0.058530375,0.004980823,0.0008451566,3.709109,0.1044794,0.011175591,-0.044614468,0.00481891,0.027032781,0.016638005,0.009189531,-0.019407596,0.0068006944,-0.0062279357,0.07618171,-0.0044708173,-0.0193995,0.016725149,-0.042405665,0.025942186,1.0022291,0.97206855,53674.82,79.19464,657.3772,507.91562,76.54989,509.99603,0.00023802632,101.024506,-4978.344,MIRAI-GREIP_FLOOD
0.817152,45.283497,63.539463,2129.5122,-0.005811341,-0.005922803,-0.024652448,-0.00067759864,-0.018570857,0.0071877977,0.009080979,-0.06744373,0.072228305,0.05437763,-0.006029159,-0.0061836513,-0.0072520063,-0.010357233,0.021054132,-0.031327836,0.014005041,-0.025039468,0.024771929,0.07369817,-0.012530837,0.04073789,-0.043985154,-0.041426294,0.98642445,0.98443824,51182.477,57.534206,450.8321,519.74414,51.850906,535.483,0.00075598195,100.323586,-7269.1704,MIRAI-GREIP_FLOOD
2.3926792,45.90008,71.726944,4446.4917,-0.015010683,0.009209282,-0.020814294,0.027862346,0.05993823,-0.022698924,-0.0071337684,9.065877,0.6122382,0.0024794228,-0.051213074,-0.06867946,0.055633217,0.028079374,0.026958559,-0.0007086992,-0.018922986,-0.058096454,0.05275148,-0.026157498,0.013283673,0.023188012,-0.017016452,0.04791583,0.9803192,0.9966277,53866.87,115.16818,562.3363,525.83374,44.593613,524.2845,0.00037305974,103.444466,-5816.86,MIRAI-GREIP_FLOOD
0.14022446,47.6273,63.97845,4788.0317,0.004435526,0.008159145,-0.026055446,0.027990181,-0.009673882,-0.032524172,-0.015716732,-0.758361,-0.24672575,0.1289271,-0.10353024,-0.03038601,-0.026347304,-0.023643022,0.06340644,-0.037881836,-0.0011147186,-0.0484036,0.0036613345,-0.04766257,-0.019937031,-0.0118591115,-0.021024246,0.019094411,1.006695,1.0130229,59662.945,174.668,484.79517,529.38684,-18.652443,558.4111,0.0003972018,101.86071,-11367.908,MIRAI-GREIP_FLOOD
-0.51620865,48.912712,64.55663,4436.1367,0.0054238643,0.015528211,-0.02560796,-0.014137896,-0.057898514,0.002876699,0.015200573,-2.6843266,0.12384689,0.13129707,-0.062190633,-0.027688686,-0.008611153,-0.02549014,0.04384421,-0.050039325,-0.037806813,-0.02078349,0.002220273,-0.0011951141,-0.008823011,-0.0324927,-0.028577054,-0.012368401,1.0684118,1.0057151,58585.47,176.7012,537.3875,533.37,5.4395876,552.29333,0.00025150526,101.05088,-741.1507,MIRAI-GREIP_FLOOD
1.8261585,46.009422,65.911896,3367.8145,0.016148837,0.0093673635,0.009286927,-0.010246,0.06106495,0.024036925,0.039292816,0.49622983,0.917019,0.06122123,-0.052555457,0.010336499,0.005774744,0.0051218597,0.019379953,0.0061661657,-0.010944082,-0.00878265,0.05693078,-0.033489592,-0.004360571,0.041492313,-0.031073216,0.0046520587,0.998985,0.9868235,53324.8,57.79164,430.2473,510.28867,29.310795,518.9093,0.0002894215,102.29301,-11672.219,MIRAI-GREIP_FLOOD
3.2668304,42.64778,62.39231,603.1355,0.02298189,0.0054800077,-0.0075550815,0.004761419,0.07132989,-0.0026124378,0.026840206,0.9728812,-0.0036254525,0.43336707,0.015248913,0.0052719098,0.046213433,0.014125107,-0.015706105,0.006802967,0.009149009,-0.026886504,0.11472052,-0.039169848,-0.019458624,0.031515338,-0.019194031,-0.012757908,0.9895995,0.9860851,53144.434,69.57022,513.90344,504.38986,76.88966,496.13876,0.00075701386,98.85884,7729.752,MIRAI-GREIP_FLOOD
2.5425644,45.55951,64.74301,2098.3203,0.02485864,0.007792493,0.009952722,-0.022998689,0.06325108,-0.0011944422,0.00024783192,0.92033774,0.05758177,0.118250735,0.052183796,-0.024418572,-0.012688468,-0.005796263,0.037433483,0.008914833,-0.018481726,-0.023542892,0.056396067,-0.076866604,0.035296105,0.004552597,-0.07546208,-0.06214281,1.008191,0.99672574,55716.797,145.79138,370.0545,515.67535,-14.160488,521.31,0.00044168334,100.83301,-17483.416,MIRAI-GREIP_FLOOD
0.64629555,46.473907,63.266644,5402.215,-0.007088007,0.007643327,0.005004001,0.011015742,-0.030071812,0.025330104,0.032519888,-1.7296469,0.013973713,0.0636714,0.003143344,-0.01182808,-0.010268752,-0.029326735,0.05267342,-0.027416803,-0.023444796,0.008031893,0.02354753,-0.041979577,0.0028855144,0.014975457,-0.013817662,-0.049924087,1.0065138,0.99581504,58252.137,167.01624,458.2641,515.9877,17.44909,539.5066,0.00034365855,98.650665,-2733.2852,MIRAI-GREIP_FLOOD
5.335374,44.348415,69.49031,5400.4116,0.023578277,0.018249854,-0.003890607,0.010359811,0.1501263,0.006109641,0.007223475,15.408649,0.35884666,0.377769,0.123864844,-0.08986738,0.28504094,0.056394592,-0.018065363,-0.0006362889,-0.035751738,-0.015994605,0.12489718,-0.023639975,-0.002796594,-0.010572636,-0.059477456,0.0039664283,1.0070827,0.98713005,55760.88,71.99716,1577.7229,550.4027,280.91864,500.50302,0.00084985554,102.039566,114959.8,MIRAI-GREIP_FLOOD
0.19137383,44.0059,66.627335,2769.1233,-0.021126738,-0.0020488196,-0.019536316,0.028279698,-0.04030025,0.007486674,0.016914994,-3.6653743,-0.044952016,-0.062730394,-0.015651394,-0.022001885,-0.004696785,-0.020856017,0.05669219,-0.020249987,0.010041924,-0.0101131005,0.021427631,0.074223176,0.0060159387,0.021580374,-0.038088713,-0.04089336,0.99975884,0.9690596,55543.727,160.6209,492.35834,531.9974,7.837965,567.51105,0.00023260708,92.96004,-5750.3213,MIRAI-GREIP_FLOOD
4.3143578,41.566765,67.409645,2340.261,0.003800504,0.0036860665,0.09768295,-0.010120277,0.1437947,-0.051607337,0.008650354,6.135048,0.13919306,0.29014027,1.4982193,-0.016613027,-0.0057016048,-0.010921228,-0.025521997,-0.009086555,0.01038867,-0.027528385,0.16839176,-0.0011834018,-0.012608038,0.015937235,-0.033518262,-0.020654483,0.96468145,0.98848486,46134.918,69.64724,370.6468,452.60123,15.531934,452.03586,0.0006166252,98.97742,-17150.016,MIRAI-GREIP_FLOOD
1.5305481,44.82661,65.521225,932.3926,0.026496837,0.0045907195,0.010811201,0.03561968,0.01554511,-0.016307054,0.02800365,1.148585,0.15020165,0.37227798,-0.0018213876,-0.010470281,0.03017475,0.017214147,0.011646069,-0.01162534,-0.020739716,-0.018665858,0.056771934,0.03620172,-0.008618076,0.047588482,-0.021197705,-0.032799613,0.97361726,0.95366234,51250.55,69.31331,665.68933,505.65784,100.71496,505.15796,0.004405345,99.71865,5858.4565,MIRAI-GREIP_FLOOD
1.762146,43.32197,64.535995,3755.7312,0.005328357,-0.00035874918,-0.006824245,0.0054996246,0.0030598985,-0.027709626,0.035903625,-1.7175937,-0.13315189,0.008194483,-0.065453716,-0.013524836,-0.011944832,0.0055467477,0.008923378,0.005896478,-0.00025126617,0.010115266,0.02780515,0.069648296,-0.0040105055,0.02239266,-0.03578357,-0.034474257,0.99356145,0.9616162,52145.16,96.605385,451.0804,501.79462,24.893751,513.003,0.00018899862,95.95975,-13077.251,MIRAI-GREIP_FLOOD
0.08511162,43.987034,63.72044,2659.064,0.0014446024,-0.0006726682,-0.008325957,0.0071288547,-0.0449256,-0.025846211,0.041650213,-3.1238213,-0.0917863,0.02114582,0.047798686,-0.02237257,-0.00086588965,-0.032515362,0.044614583,-0.007232106,0.014359437,-0.010729766,0.0207389,0.074165896,-0.03733817,0.042953767,-0.0068919174,-0.028520664,0.9765556,0.98120147,53734.42,137.79532,533.70105,525.3767,47.764484,560.4333,0.0005249841,98.05329,805.0865,MIRAI-GREIP_FLOOD
4.490182,43.232006,64.18023,6184.302,0.021009648,0.008727853,0.0050790096,-0.013926196,0.09917773,0.020705352,0.027979821,0.5099274,0.2803367,0.10200691,-0.12588526,0.019334288,-0.012060129,0.009831683,0.015702065,0.045902684,-0.026277717,-0.015000718,0.1366933,-0.06716063,-0.016981205,0.0048739687,-0.0073231333,-0.05150307,0.98645043,0.98460054,54064.83,69.30289,324.85596,493.3835,1.5800257,485.6326,9.572919e-05,98.46283,-18438.365,MIRAI-GREIP_FLOOD
-1.9286003,49.81702,67.74755,1963.6511,-0.022516437,0.004684619,-0.043099374,0.038055565,-0.08932761,-0.0004792324,-0.008525968,-3.1108007,-0.15828006,0.09617515,-0.122194804,-0.071209714,-0.008405901,-0.025817892,0.033001896,-0.029875869,-0.023530917,-0.031647798,-0.027765274,0.038498517,-0.0073173717,-0.018094406,-0.04205424,-0.027065456,1.0263191,1.0042872,60291.527,176.71613,523.96765,566.0978,-34.09153,601.06195,0.00028715056,98.74172,-21676.992,MIRAI-GREIP_FLOOD
0.6488266,45.458904,66.66081,2925.9958,-0.045304295,0.0057739425,-0.040064923,-0.01604531,-0.0045123845,-0.041774232,-0.00381354,-1.1488183,0.22158113,0.017274018,-0.08814476,-0.0699148,0.07485489,-0.0026802067,0.06848763,-0.040025316,0.0016295584,-0.02335139,0.048631072,0.018710237,-0.004379477,0.012998482,-0.030737132,-0.014962887,1.0080203,0.99717045,55949.215,166.46051,615.4497,554.03076,29.06186,586.03156,0.00038303607,100.60194,-3551.5718,MIRAI-GREIP_FLOOD
2.0311012,43.75132,64.10409,11993.922,-0.025272205,0.009836297,0.016479736,0.0022939937,0.057820447,0.011092225,0.0047245226,-0.54106,0.13585486,0.0073616575,-0.023536894,-0.023960082,-0.018891135,-0.030838065,-0.022800822,0.013851255,0.018451907,-0.0485808,0.08386588,-0.039419584,-0.01326988,-0.0068524736,-0.0455532,-0.055681817,1.0114025,0.9953685,55380.31,64.89708,496.1104,505.6032,26.175674,504.87354,3.4300145e-05,99.69248,-15157.752,MIRAI-GREIP_FLOOD
0.12131882,46.146866,65.45595,517.12256,-0.027156409,0.0046092565,-0.026799647,0.0015030595,-0.0517428,-0.01427738,0.02557206,-1.945739,0.25278983,0.07515516,-0.055232055,-0.09626812,0.0018165276,0.00318598,0.036368445,-0.013208177,-0.02195958,-0.027487883,-0.011680841,0.06331843,-0.002880483,0.026711782,-0.026398316,-0.07332178,0.9861692,0.9834864,54923.848,162.91016,514.9784,557.0691,43.006607,580.88934,0.0026904433,96.417725,10479.011,MIRAI-GREIP_FLOOD
0.31897354,48.285717,63.365234,3129.6938,0.00094821677,0.0014023929,-0.009704053,0.0051099993,-0.03677173,0.01267504,0.017462358,-0.5167805,0.026067492,0.11595204,-0.038596585,-0.042894367,0.069601215,0.016140897,0.008302637,0.0033858418,-0.02033161,-0.01893547,0.0014901161,-0.002504859,-0.01841286,0.026350979,-0.017203618,-0.019662606,0.9934798,0.97250503,57224.13,72.96738,504.54382,553.244,68.76312,549.99664,0.00061805715,102.954155,-1068.6179,MIRAI-GREIP_FLOOD
5.46968,40.218662,67.1657,2200.472,-0.0052784756,0.010188592,-0.0039352756,0.103361346,0.13275822,-0.0067715636,0.032794833,5.7292643,0.41188446,-0.11047944,-0.08921617,0.039225485,0.0018788384,0.037912875,0.038111914,0.02090764,-0.0036839163,0.0025539426,0.15844733,0.006581982,-0.017170815,0.005506098,-0.026707323,-0.029269977,0.9883347,0.9517819,48943.285,74.3074,715.86017,457.49426,125.57924,472.78384,0.0007653815,97.83455,23059.428,MIRAI-GREIP_FLOOD
3.2828388,46.267254,76.724655,6494.0684,0.017012,0.007790198,-0.0011422136,0.0101750605,0.096235126,-0.028457623,-0.006807258,7.1561356,0.46122107,0.35047513,0.051643666,0.072585784,-0.0058547966,0.023093708,0.00965055,-0.012374636,-0.0017652148,-0.070222996,0.1098814,-0.023039939,0.007962428,0.0069022467,-0.059832633,-0.013763502,1.0178317,1.0006039,51165.97,57.914963,595.2405,563.0442,78.264366,546.212,0.00023350336,102.82839,11853.611,MIRAI-GREIP_FLOOD
-0.0072612762,47.010063,66.01779,1632.7288,-0.016886821,0.00956194,-0.01256413,0.0047988817,-0.026780615,0.026846062,0.005645461,0.6163485,0.43459567,0.010992791,-0.08870272,-0.021283727,-0.0065864758,0.0034109503,0.019739008,-0.015250939,-0.0007523317,-0.0028899591,-0.0030183792,0.057077505,0.022904392,0.0012590212,-0.043769732,-0.04332825,1.0145481,0.9872731,55991.535,66.35374,501.95755,510.28528,47.812103,539.94403,0.0005133624,101.30987,1185.3849,MIRAI-GREIP_FLOOD
-2.877451,51.292294,67.63184,372.9038,-0.04355187,0.019513503,-0.03637105,0.014142997,-0.09791522,0.04207244,-0.010497839,1.2601463,1.6244047,0.033603147,0.08491859,-0.08211877,0.025594696,-0.02516875,-0.0039293338,-0.0070909313,-0.021036444,-0.025618233,-0.07709348,0.07006334,0.01791006,0.024812452,-0.044038355,-0.035754077,1.0030193,1.015083,63590.773,57.784912,865.44165,606.8309,121.61005,641.53955,0.0014317462,104.20911,4273.95,MIRAI-GREIP_FLOOD
2.1575851,43.843536,73.27285,1510.9639,0.010555581,0.026640793,0.0047706254,0.0017966662,0.025268238,-0.011736497,0.0137843825,2.5618937,2.3713725,0.12815166,-0.06241873,0.0023051444,0.022898095,0.03181402,-5.3951517e-05,0.024945894,-0.023802517,-0.017792337,0.058166206,0.054726448,0.0051085744,0.014584545,-0.04118172,-0.023582855,0.9780617,0.987599,49618.117,83.220474,610.7588,505.33426,77.55235,503.1256,0.0029359383,98.4231,6344.6733,MIRAI-GREIP_FLOOD
1.3405304,44.938538,62.776234,7469.3965,-0.036370147,0.01995412,-0.055517774,0.12010249,-0.01407188,-0.055083428,-0.039997432,-1.0652266,0.05955066,-0.017500423,-0.04322291,-0.14448874,0.36852583,-0.013594188,0.08171652,-0.056791566,-0.015794428,-0.046218194,0.08797693,0.00966018,-0.016665038,0.057251193,-0.04731907,0.038518876,0.98369426,0.99770725,52656.906,148.94444,462.38013,517.5885,2.7264748,569.6332,0.00069030473,93.60425,-10845.586,MIRAI-GREIP_FLOOD
3.4346046,43.03419,65.55566,1030.5488,-0.017378494,0.008276426,-0.019845685,0.055333313,0.11300494,-0.052676134,0.012894293,9.734683,0.273197,-0.06076698,0.008406601,0.0154101,-0.0041966247,-0.000108135864,0.04256371,-0.020271905,-0.014898474,-0.041828457,0.11237377,0.009835138,0.022606906,0.03978714,-0.061042473,-0.042484067,0.9773389,0.97092474,51634.887,117.116516,566.5028,498.06857,81.31614,511.50632,0.0006127597,98.26111,3447.014,MIRAI-GREIP_FLOOD
-3.0681114,48.794884,64.78297,4994.292,-0.02757608,0.008440434,-0.04806299,0.0053463117,-0.12925272,0.024259735,-0.028786903,-1.8609421,0.48601562,-0.021841442,-0.058378372,-0.12813844,-0.0127449455,-0.019297551,0.01614151,-0.07527492,0.00934679,-0.015910884,-0.071368694,0.12562291,0.019193985,0.0011016417,-0.050085627,-0.011469097,1.0102975,0.99725825,56833.293,171.74622,595.045,572.3457,28.191092,607.3329,0.00030372525,99.71462,-6634.479,MIRAI-GREIP_FLOOD
5.781946,43.485973,79.025696,2095.529,0.013232671,0.013476622,0.0045085885,-0.02012381,0.115175456,0.0002652296,-0.009093265,1.2410698,0.5662306,0.2108202,-0.009187925,-0.0059905043,0.019829685,0.044392627,0.0052779214,0.015585945,-0.015828723,-0.011925994,0.123371065,-0.067978576,0.0020964327,-0.0042947032,-0.021459516,-0.024340048,0.9912699,1.0058311,49462.117,78.29789,356.56256,485.76578,14.501496,458.7393,0.0004346532,99.52075,-19094.59,MIRAI-GREIP_FLOOD
-0.15385056,48.092327,65.381805,2874.123,-0.015441287,0.0038028911,-0.01591258,-0.018951613,-0.00868237,-0.0030438055,0.005001251,-0.6944488,0.064880714,0.044353716,-0.040287264,-0.08710417,-0.0011830087,-0.00957895,0.040570345,-0.00036444515,-0.005049559,-0.031278264,0.002566874,-0.051307198,0.0077099954,0.013978463,-0.029945532,-0.026702706,1.0290922,1.0050021,59845.78,173.93056,478.08453,581.75854,-8.789082,581.65076,0.00044655846,101.64049,-6115.341,MIRAI-GREIP_FLOOD
2.3415737,43.315006,65.8561,3929.5803,-0.030326772,0.006658619,-0.017171554,-0.012236684,0.023126313,-0.016951947,-0.0035897992,-1.4176946,0.12811491,-0.045655783,-0.050250575,-0.061938222,0.011897585,-0.0071296324,0.04406941,-0.0057433313,0.0030420767,-0.01840524,0.07589394,-0.0075226757,-0.004396569,0.01804983,-0.016347911,-0.006796466,1.0169805,1.0063512,53162.047,171.93335,467.9424,511.65265,-10.723835,532.59375,0.00028799337,95.69839,-2140.9768,MIRAI-GREIP_FLOOD
-0.31625175,46.837605,63.7534,1393.5547,-0.023924073,0.0064614154,-0.012025813,-0.018359408,-0.05759733,-0.07951772,0.009579111,-2.4414902,-0.055364333,0.1394696,-0.087681636,-0.19676459,0.23314492,-0.089418605,0.0042144675,-0.04832744,0.012094205,-0.029352736,0.029314458,0.0103942435,-0.08558609,-0.013841093,-0.009249555,-0.024966601,1.0968497,1.0173987,55022.438,179.54639,686.3911,604.2204,15.342204,633.8303,0.000900209,99.88235,16321.94,MIRAI-GREIP_FLOOD
2.6648903,44.45586,65.82649,1940.5046,-0.040821098,0.012688601,-0.053105075,-0.010260829,0.068134956,-0.038011365,-0.022137236,3.659848,0.12325136,0.01657195,-0.022082692,-0.0858445,0.13481356,-0.008866511,0.038435653,-0.03789037,-0.008661949,-0.0322714,0.09991723,-0.058874927,-0.005897875,-0.0012611668,-0.036998097,0.0061041396,1.0298626,1.0361441,54791.074,171.85786,748.5892,548.6143,35.860855,538.8199,0.0004758545,98.467026,-1013.86615,MIRAI-GREIP_FLOOD
-1.6964111,49.893665,61.23105,8054.744,-0.010828123,0.00295631,0.028359275,0.004348284,-0.09109763,0.018250888,0.034936856,-4.104459,-0.09631183,-0.004462581,0.055792123,-0.05854448,-0.0022185883,-0.054893807,0.053335708,-0.05004932,0.014217572,-0.0366729,-0.055595458,-0.023966115,-0.01875287,0.05116295,-0.03025147,-0.022745375,1.007192,0.9679219,59932.113,169.33475,468.78748,518.2031,5.827512,541.8465,0.00034161384,101.915985,-9254.427,MIRAI-GREIP_FLOOD
-1.0915413,48.263874,64.34963,3701.4294,-0.011306944,0.0015006325,-0.013347233,0.0045547313,-0.0626719,0.010409177,0.01466959,-0.8417798,0.052247092,0.024170976,-0.07382166,-0.033815484,0.005232417,0.022592274,0.012629243,-0.008077481,0.0014310889,-0.012452778,-0.02878666,0.053611916,-0.015701672,0.00013201963,-0.014045874,-0.021837503,1.016713,0.9878513,55638.04,75.33065,502.8089,553.0642,51.95981,567.3238,0.00022569876,102.750374,-6456.9785,MIRAI-GREIP_FLOOD
3.3291378,41.994904,62.936207,3336.3103,-0.024013545,0.009149815,-0.024219822,-0.0015430391,0.06877191,0.009973607,-0.00030927127,1.1293737,0.1859834,-0.023924371,0.009914021,0.031028442,0.0021515647,-0.011357403,0.014829578,-0.026178472,0.005064169,0.008124694,0.12507004,-0.023603598,0.006128936,0.028671265,-0.027456194,-0.044556558,0.98579997,0.970176,54702.703,57.77336,624.4177,540.5868,97.68108,549.18677,0.00032799662,98.10321,11375.189,MIRAI-GREIP_FLOOD
-0.30920792,44.66736,63.409042,2279.6843,-0.036378928,0.000571236,-0.00014288584,-0.005313924,-0.026097702,0.0033512847,0.018076515,-1.4291577,0.25028297,0.07785031,-0.051637325,-0.05336225,-0.013466786,0.0030172616,0.024595225,0.0048705097,0.011835265,0.0015038997,-0.0016473532,0.0734198,-0.01178583,0.004719801,-0.01806311,-0.031330366,0.98328954,0.96146864,51581.043,78.63406,345.47684,473.83194,-13.044212,493.5606,0.00033774323,97.711845,-35379.32,MIRAI-GREIP_FLOOD
0.7926121,47.412945,61.483646,2176.6096,-0.009182979,-0.0027948562,0.020197874,-0.007315572,0.017002061,-0.028908726,0.030929705,3.050194,0.06631622,-0.044172447,-0.014635043,-0.03726634,-0.016871877,-0.029234767,0.038292356,-0.014933489,-0.00033816323,-0.036926016,0.058550358,-0.075949244,-0.011282229,0.068391316,-0.038580358,-0.02562895,0.96833783,0.9819692,58334.883,124.196846,455.50018,540.1118,11.184434,539.95483,0.0006609135,107.51064,-20180.756,MIRAI-GREIP_FLOOD
-0.63077927,46.22679,63.488857,27.338867,-0.029379332,0.015299502,0.0030886917,1.0088086e-05,-0.05714176,-0.025902081,0.04213834,-2.0891504,0.14746375,0.12222663,-0.0140584055,-0.1499743,0.00046128407,-0.025126655,0.005436125,-0.03671428,0.00059668906,-0.045759477,0.046518028,0.017112326,-0.03964363,0.00852428,0.00083297957,-0.033806615,0.98932004,1.0192269,55987.895,177.16049,605.3911,527.4589,29.001535,560.76025,0.0013761567,101.66852,9874.515,MIRAI-GREIP_FLOOD
2.2717896,43.998142,66.10172,2461.4634,-0.05794261,0.017040757,-0.0417506,-0.021351174,0.06823722,-0.030611811,-0.0062403106,2.2509856,0.39535248,0.029022077,-0.082975395,-0.05522629,-0.019057008,0.012453449,0.038805094,-0.00937052,-0.038289703,-0.024848957,0.10945302,-0.059351288,0.01699343,-0.01203014,-0.03334224,0.0046156906,1.0169997,1.0057473,57185.605,174.47702,499.16174,524.19165,-1.068573,543.70764,0.00024201894,98.47528,7876.725,MIRAI-GREIP_FLOOD
1.6992931,44.799076,63.48548,2117.8804,-0.0025013927,-0.002004198,-0.0033307099,0.0059690075,0.039723195,0.027113108,0.012816258,-0.18992424,-0.121208355,0.1625491,0.008661932,0.037728634,-0.023750333,-0.004389789,-0.005495646,0.017827777,-0.0092570875,-0.022102399,0.074065626,0.0086614955,-0.00271247,0.03630811,-0.031858847,-0.03812315,1.0189859,0.99374104,53394.49,58.735687,428.58368,508.35767,31.93386,513.78864,0.0003490717,96.9148,-16638.316,MIRAI-GREIP_FLOOD
1.330656,44.67306,64.49601,5786.9297,-0.007451325,-0.0028214362,-0.008884695,-0.0014534275,-0.014335701,-0.03052627,0.02076354,-1.0756416,0.31974447,-0.0044594426,-0.04608565,-0.08146018,0.025828267,0.008707092,0.038480204,-0.015991835,0.025816755,0.00062934123,0.021456242,0.015047217,-0.026910555,0.02384565,-0.026813904,-0.015278632,0.9637307,0.9384903,53003.426,107.6967,449.2223,521.2059,31.149502,533.0619,0.00020489232,100.3953,-4545.128,MIRAI-GREIP_FLOOD
0.0074481964,44.83129,64.41802,3395.0498,-0.0077415253,0.0018230003,-0.019721461,-0.0023522254,-0.058465444,0.0053608133,-0.002357429,0.2203843,-0.049105488,0.3872695,-0.08578533,-0.0883849,0.07760262,0.024576148,-0.018861484,0.009785592,-0.00016691629,-0.00419179,-0.02494657,0.14562672,0.0032203551,0.005307478,-0.026264116,-0.0060991757,1.008232,0.9962173,50861.434,94.73378,387.4873,490.5591,8.898,510.48346,0.0003582941,95.627426,-23288.635,MIRAI-GREIP_FLOOD
3.9559402,43.08407,64.52369,4503.5933,-0.012234244,0.011885098,-0.012749714,0.019142194,0.07595772,-0.014010421,0.005724556,4.7370577,0.21000557,-0.058131054,0.053575866,-0.050520666,0.15866607,0.0028790813,-0.00064742286,-0.014501547,0.0042503467,-0.05823907,0.114489794,0.020950416,-0.021065399,0.042996578,-0.06053222,0.035384636,0.98156655,0.9567346,50967.25,70.63434,579.6926,473.57382,92.44036,474.9894,0.00057954155,96.96935,5944.675,MIRAI-GREIP_FLOOD
2.1734104,44.598118,64.78775,2305.3064,0.008536539,0.04254499,-0.009080276,0.020276716,0.045881346,-0.02832779,0.043024197,2.7949877,2.7714033,-0.07279365,-0.027394036,0.030708348,0.0037794125,0.031213157,0.05520255,0.0037277164,-0.0179995,0.0064529944,0.0961833,-0.051026616,-0.0018598745,0.010269988,-0.0021024887,-0.04282157,0.9710151,0.96377075,53310.613,73.607475,641.26733,523.1541,95.48441,551.4035,0.0007711849,103.22022,14044.263,MIRAI-GREIP_FLOOD
-1.4544868,48.44398,65.33552,1821.6519,-0.011310278,0.010978395,-0.040628184,-0.008028142,-0.07663411,-0.0008613494,-0.02142917,-1.1011958,0.61420524,0.021622414,-0.07840171,-0.07563405,-0.008311276,-0.0010470953,0.0342957,-0.034919463,-0.025031362,-0.034289423,-0.035109222,0.043324042,0.007981727,-0.010895402,-0.04583228,-0.011926795,1.0199994,1.0090802,57022.543,173.7928,550.08203,562.0743,12.511948,604.55334,0.00038077112,101.6833,1488.4604,MIRAI-GREIP_FLOOD
0.9533844,47.11584,64.69157,1619.6919,-0.0212733,0.0007267743,-0.042412225,-0.018586813,0.01195519,-0.037234683,-0.024128389,-1.5430388,0.20279615,0.0824731,-0.13623782,-0.056731768,0.011705543,-0.006606388,0.035002485,-0.07820538,-0.00823443,-0.0022516819,-0.001190126,0.023171434,0.03500021,0.06522917,-0.06020748,-0.050879985,0.97100425,0.96705115,52628.742,146.69365,562.94324,532.1103,57.235516,579.57544,0.002362435,97.66576,5300.135,MIRAI-GREIP_FLOOD
0.14795494,45.499672,63.878067,4770.739,-0.0019781757,0.0036017743,0.0015313993,-0.0015007685,-0.004641792,-0.041786455,0.042763185,-1.8082721,-0.022253616,0.13796027,0.0010291673,-0.026671926,-0.002252628,-0.041220143,0.013305633,-0.03867989,-0.052971855,-0.033762116,0.09729344,0.0070942272,-0.040598456,-0.07201395,-0.0120581025,-0.06159249,1.0539521,1.0259317,56039.03,179.01184,554.7275,531.9937,-18.749287,576.0942,0.00058352377,98.36998,7873.458,MIRAI-GREIP_FLOOD
2.9142475,45.30317,64.08527,6130.5645,0.0024164654,-0.0027012846,-0.0063357106,-0.019192988,0.050426863,0.023202589,0.023998955,-1.300149,-0.0074902177,0.07971927,-0.11568279,-0.005386118,-0.008963673,0.009331036,0.020353345,0.020728286,-0.0147972675,-0.020067975,0.082176924,-0.029524425,-0.011869823,-0.008597353,0.0063452637,-0.019437749,0.9859174,0.9673797,54074.84,75.46202,309.0695,504.03967,3.717597,490.81345,3.7950114e-05,100.504295,-25761.225,MIRAI-GREIP_FLOOD
3.1274796,44.091755,70.217926,-949.5757,-0.019190306,0.010793946,0.020452391,-0.0034856037,0.029940832,-0.001613156,0.03126957,0.06658524,0.6307142,-0.121560164,-0.06465568,0.031022359,-0.03165334,0.02558766,0.012912499,0.013237784,-0.017467618,-0.035342406,0.081438065,-0.014019469,0.023426611,0.019312486,-0.08534542,-0.059791468,0.984497,0.9405608,52826.723,71.841805,412.01764,520.3827,49.330223,524.01556,0.0011917237,101.09001,-4207.229,MIRAI-GREIP_FLOOD
0.496315,45.06845,63.810535,3604.7317,-0.019218478,0.006892579,-0.008788033,0.023679964,-0.00047405995,-0.033050623,0.033998992,0.8351579,-0.08570263,0.03166403,-0.035789758,-0.069358446,-0.015183086,-0.006519826,0.04897189,-0.006874185,-0.01850594,-0.04578015,0.02056086,-0.013401032,-0.026325166,0.02897879,-0.009981658,-0.023941554,1.001085,1.0129869,57136.715,172.6655,492.0095,521.065,9.583357,526.31226,0.0004585042,99.77558,-3364.0688,MIRAI-GREIP_FLOOD
-0.90997314,44.549923,65.248184,-895.9878,-0.017500125,-0.0018783057,-0.02428719,-0.0056040944,-0.08680199,0.0069812667,0.02172703,0.2549587,0.15756465,-0.023014639,-0.05808041,-0.08043692,0.02857901,0.030675523,0.018582301,-0.010895169,-0.0047670607,-0.012924636,-0.03491074,0.16475745,-0.009811439,0.006537607,-0.0092066955,-0.03341441,0.9971544,0.9834908,53109.8,68.92377,692.07886,535.03827,104.52791,523.85675,0.0008099805,99.34685,11253.958,MIRAI-GREIP_FLOOD
-1.2763844,43.209015,61.527786,2110.5408,-0.006701825,-0.0027569812,0.01334301,-0.009234108,-0.07319311,-0.033263072,0.024290511,-5.149646,0.05823906,0.05672382,-0.104580745,-0.107500136,-0.021341521,0.0054093963,0.04256491,-0.007301885,-0.00090170186,-0.009743854,-0.041227996,0.12014711,-0.02937003,0.03798865,-0.0036246097,-0.03581214,0.94934875,0.96610814,51218.586,127.83607,414.00558,485.0237,-10.647102,488.81226,0.00045349408,97.4708,-25995.756,MIRAI-GREIP_FLOOD
0.6879215,43.84227,64.15878,1476.1135,0.0021934137,0.0019952909,-0.07556402,0.004430184,-0.015661687,-0.022706063,0.008110338,0.6485636,-0.10379142,0.17347935,0.0632246,-0.02294686,0.07319247,-0.0015103258,0.020281056,-0.022677984,-0.0043903524,-0.027875207,0.051781237,0.06758979,-0.03958956,0.013459689,-0.00012734439,-0.0039735436,0.99503624,0.9902042,56582.777,66.03885,772.1384,554.1441,134.00694,548.35394,0.0008443098,101.156746,20346.361,MIRAI-GREIP_FLOOD
-1.309082,48.54684,64.60233,958.3616,-0.029470127,0.00437918,-0.0520306,-0.0036085264,-0.06005037,0.015788278,0.013778422,-1.6599712,0.11447838,0.09739458,-0.12349491,-0.07191308,-0.010385661,0.0052261166,0.014480851,-0.02175583,-0.019813169,-0.018653696,0.0074928403,0.037257653,-0.023721604,-0.04884088,-0.031001028,-0.006923601,1.0182853,0.9926578,57705.13,177.13225,447.48776,553.88196,-14.162392,559.3943,0.00039998066,103.17817,205.6897,MIRAI-GREIP_FLOOD
0.7080116,45.053696,62.85691,5308.5903,0.0074657234,-0.009065063,-0.018118775,0.005039927,-0.013994131,-0.0030123536,0.03462738,-0.4069804,-0.11293702,0.0764757,-0.0124501055,0.0086203,-0.0009638853,-0.0047716172,0.008668382,-0.0149088185,0.00195676,-0.015940119,0.0661155,0.050719716,-0.02651372,0.046534345,-0.039300427,-0.054237243,0.9950082,0.9879893,54628.035,56.407665,600.30475,564.349,97.623,550.9071,0.0005382889,99.78841,14303.671,MIRAI-GREIP_FLOOD
2.2239819,41.620235,65.14052,4678.574,-0.012663658,0.021713514,-0.008045676,0.0030062364,0.028562233,-0.004131892,0.031405438,-0.14684808,1.1907291,0.012215021,-0.06235004,0.0020743068,-0.0043841605,0.012710089,0.026332118,0.020033175,-0.00072122086,0.008213659,0.07389027,0.038323283,-0.018072903,0.0051786937,0.024138287,-0.00490875,0.9779914,0.9632279,53099.07,85.58621,480.40396,511.31796,64.31774,535.51227,0.00029038294,97.31209,5537.3213,MIRAI-GREIP_FLOOD
2.1075077,43.282597,63.95121,6248.6133,-0.026396599,0.0092282165,-0.041346006,-0.009439296,0.0036738822,0.013712952,0.022688536,-0.15241313,0.0055399537,-0.015673531,-0.05959411,-0.003940058,-0.01962368,-0.021225277,0.04460296,0.02912977,-0.021920642,-0.040402863,0.0559178,0.004317663,-0.010757487,0.014978748,0.0038192095,0.0029026065,1.0239041,1.0076711,55233.547,174.65985,498.80582,537.24915,1.9041204,536.05615,-0.0001149272,94.652725,-2275.3972,MIRAI-GREIP_FLOOD
1.4832096,43.014965,65.87302,1736.4048,-0.008994098,0.004133919,-0.02330357,-0.008938985,0.024743414,-0.007933598,0.0101134125,-0.6661899,0.118764,0.021278981,-1.2870878e-05,-0.03901684,0.0012532676,0.026056347,0.011551139,0.019539565,0.022688009,0.035248563,0.050398767,0.029550036,-0.0051613944,0.00467238,0.003921096,-0.015831316,0.99066323,0.9816451,53440.23,80.4926,451.64288,500.6705,45.60392,498.9383,0.0004625648,98.36111,-2212.898,MIRAI-GREIP_FLOOD
2.4267693,44.448074,64.43364,4548.771,-0.0034080166,0.0051032156,-0.02321544,-0.008816746,0.032761134,0.0075174286,-0.0076507013,0.40135396,0.26169294,0.031033617,-0.014528984,-0.043277517,0.00013177656,1.5138648e-05,0.0062542316,-0.003518723,0.004387968,-0.026965097,0.09485257,0.004324123,-0.015507414,0.013410265,-0.002590036,-0.013091404,0.9869851,0.98588145,58090.516,65.142975,492.05957,548.8921,75.414,539.1616,0.00038771366,98.95608,3699.4197,MIRAI-GREIP_FLOOD
2.324648,45.494297,64.39429,2896.1123,-0.025570594,0.0032662607,-0.016182177,-0.013279006,0.04115791,-7.071707e-05,0.032601167,1.1454937,0.24621868,0.054352578,-0.08595514,-0.007953969,-0.0059016175,0.0082650725,0.07932809,0.011423495,-0.0150329415,0.0065377215,0.069461465,-0.08005564,0.0051775994,0.020982578,-0.040639672,-0.05570913,0.9925159,0.9653634,56384.777,147.33841,469.47772,512.5486,16.202768,524.4273,0.00043674163,102.43554,71.224014,MIRAI-GREIP_FLOOD
2.9860382,43.733223,58.792507,355.13428,0.006027594,0.006371052,0.029941596,-0.026317319,0.071369596,-0.0052055856,0.011632746,0.85566604,0.26534727,0.11696708,-0.04406093,-0.09651357,0.18871634,0.027211424,0.050874367,-0.0064106565,-0.052380506,-0.03494847,0.08204913,-0.07612978,-0.01627242,0.04779701,-0.015978051,-0.0009341631,0.9538204,0.9858283,52045.945,155.89896,306.3531,456.92465,-41.04294,455.68185,0.0004839594,97.06987,-34869.152,MIRAI-GREIP_FLOOD
-0.22033691,47.73527,66.14636,764.5383,-0.0044200756,0.016170481,-0.032655347,0.0033662026,-0.029421078,-0.013597426,-0.00077191275,-1.6728706,-0.05392168,0.11809855,-0.047716446,-0.030039866,-0.0005591586,-0.009809308,0.03911909,-0.039022896,-0.01874249,-0.051383995,0.0139347315,-0.015245767,0.012773267,-0.022114238,-0.03380887,-0.060414575,1.0322082,1.0267382,59603.375,177.67953,543.2336,548.60345,4.188246,572.14886,0.00011054093,100.161415,-3570.0776,MIRAI-GREIP_FLOOD
-2.3190765,48.430344,63.905262,2096.1436,-0.04184142,0.0033155836,-0.033719085,-0.023308694,-0.05004178,-0.099194534,0.018438265,-2.1383965,-0.25265664,0.113896415,-0.1562182,-0.08960055,0.030242397,-0.018836295,0.050773438,-0.09060352,-0.044458732,-0.040545367,0.08883214,0.039170526,-0.048191864,-0.06489917,-0.020873167,-0.038207676,1.0577564,1.0419236,58523.617,178.94487,481.34717,570.2098,-36.43297,601.35913,0.00043499836,106.42679,5133.9907,MIRAI-GREIP_FLOOD
3.2468662,44.26799,65.658195,992.22485,0.0136320405,0.008477257,0.0132584125,-0.0042929645,0.07089534,-0.018308952,0.019178072,0.91372645,0.36970708,0.06390108,-0.14472897,-0.021964327,-0.012287684,0.03203396,0.016898833,0.029911222,-0.014443567,-0.020237586,0.083465755,-0.025213512,0.0003430713,0.007823812,-0.025429193,-0.0044416077,0.97566694,0.9870467,52078.75,89.14708,344.29395,462.32275,-19.338451,467.02927,0.00022907024,101.86693,-43578.227,MIRAI-GREIP_FLOOD
3.5219574,43.595543,74.59296,3416.6348,0.017377678,0.011366458,0.024043426,-0.01796361,0.0970859,0.0052290973,-0.006892716,1.7514966,0.8666587,0.45459092,0.28068316,0.0039554294,0.0065549286,0.033061072,-0.0027326448,0.028147738,-0.00078402925,-0.003449237,0.08982813,-0.02510435,0.018150877,-0.01082162,-0.040474087,-0.03338601,0.99883133,0.98531806,50996.156,82.48831,424.37347,500.72272,11.350584,486.6243,0.00032058853,100.57347,-18771.355,MIRAI-GREIP_FLOOD
1.116394,45.064075,66.21081,3739.4463,-0.016736347,0.014748101,-0.011978587,0.008781006,0.022090442,0.032728888,-0.00053239055,0.06393731,1.4238571,-0.0445652,-0.10407235,-0.055075675,0.0017195694,0.017297259,0.012493707,0.0019775005,-0.015553766,-0.004246589,0.04109156,-0.023160549,0.0019507296,-0.016011454,0.0061103096,-0.008399085,0.99495655,0.97848237,55715.973,67.573166,500.39218,539.0057,68.203575,548.5628,-2.9174771e-05,101.942444,3529.0208,MIRAI-GREIP_FLOOD
-1.3123646,51.04097,66.26275,2899.1504,-0.01597757,0.0009639151,-0.020748282,-0.004448341,-0.051803768,0.009199814,0.0049525523,-1.6817479,0.010694861,0.13706504,-0.054332647,-0.09106126,0.0040118117,-0.019633582,0.0070729614,-0.03432982,0.01937081,-0.032191217,-0.026319861,-0.01730218,-0.01072091,-0.0030198751,-0.046693906,-0.012471405,1.0250945,1.0020007,60481.812,174.53654,484.1601,594.6092,-0.7853489,599.8719,0.00040811644,105.55737,-12300.948,MIRAI-GREIP_FLOOD
3.4447384,45.231785,64.48726,10398.191,-0.037642367,0.0297411,-0.01729479,-0.00025150552,0.050365135,0.0322823,0.007394347,0.30105603,0.9607672,-0.060784463,-0.1128962,0.028511565,0.0067306557,0.027377982,0.036264494,0.012840062,-0.0217692,0.026477555,0.099106014,-0.05551972,-0.0020059873,-0.009054241,0.011429078,-0.023267603,0.98936355,0.96840304,55785.848,69.120834,393.2002,526.4529,56.617023,534.5991,-5.6460543e-05,100.38167,-4234.891,MIRAI-GREIP_FLOOD
-0.15888405,44.776512,68.38745,2610.6758,-0.050921924,0.012136452,-0.052604333,-0.0029205175,-0.030021736,-0.021670183,-0.0010726973,-0.25251973,0.7311576,0.0037833303,-0.011892448,-0.09963763,0.03556588,0.0068576727,0.015031921,-0.034517102,-0.0055156695,-0.054071777,0.020917177,0.051781382,-0.0038758037,0.0016271893,-0.03173243,0.012770676,1.0278261,1.046187,54293.473,171.61945,540.3583,564.901,-9.443403,581.55756,0.00019904877,99.57133,-8048.572,MIRAI-GREIP_FLOOD
0.43577957,45.210217,63.552883,3278.6362,-0.005673673,0.021787867,-0.022247043,-0.009805182,-0.016654085,-0.005563507,-0.006927643,-0.2099886,0.949682,0.0042252615,0.026203558,-0.06943924,0.09900546,0.011380239,0.004014205,0.011370428,-0.009788223,-0.027090091,0.018470585,0.0076679843,-0.009738633,0.011499973,-0.0003530318,-0.0022490881,0.9804705,0.98903537,56659.277,69.46168,645.4238,555.72217,98.904915,565.9895,0.00068374944,101.5084,17078.01,MIRAI-GREIP_FLOOD
1.2881985,44.24358,62.1075,-980.97705,0.018812058,0.0023769203,0.0021117995,-0.00052830204,-0.010560917,-0.0053078965,0.025379062,0.3972519,0.2932806,0.08176367,-0.03192871,0.0051384512,0.0017026715,0.020359464,0.019903926,-0.009307167,-0.0014416128,-0.016394582,0.03673619,0.064531446,-0.014661095,0.08270238,-0.062870964,-0.05309788,0.9812655,0.96285236,47750.734,56.001293,455.1792,499.5092,67.56203,501.6069,0.0007387336,97.78785,-1492.4048,MIRAI-GREIP_FLOOD
-2.8294659,48.62513,62.806633,6630.6,-0.03167919,0.011085159,-0.011855453,-0.0044879913,-0.11770711,0.04465763,0.029239345,-2.5032907,0.15365711,-0.019085346,-0.036598776,-0.09970042,-0.0068615857,-0.019038597,0.021797795,-0.044623613,-0.036882177,0.0041548023,-0.039212465,0.05315321,-0.052683987,-0.056463517,-0.0068012252,0.008115181,1.0284238,0.9784836,56999.766,177.65486,512.32825,534.2473,18.263783,540.16754,0.00044774433,103.22456,4252.3223,MIRAI-GREIP_FLOOD
0.3075142,47.837223,62.72505,5970.256,-0.024857352,-0.0063665854,-0.034941074,-0.008165351,-0.028709183,0.02124464,-0.0009832811,-0.19952273,0.030754201,-0.03719807,-0.042470388,-0.01670104,0.056423433,-0.0014823116,0.010637798,-0.045546774,0.025804415,-0.0060801255,0.027476847,0.009938023,-0.007268355,0.041402657,-0.052520223,-0.03823165,0.98165977,0.96265215,56016.324,57.31531,563.12823,571.44403,90.88311,561.0085,0.00057816616,104.07336,7959.1772,MIRAI-GREIP_FLOOD
-2.3973103,50.797386,62.0532,3088.9458,-0.028632535,-0.0021287047,0.015935034,-0.010810134,-0.075959675,0.030275628,0.013090011,-3.6596065,0.052087203,0.02004429,-0.10864534,-0.077255905,-0.005579785,-0.014062531,0.037264705,-0.028092597,-0.020991435,-0.013503235,-0.043863773,0.01878355,-0.010006035,0.024706682,-0.022958912,-0.017843734,0.9479784,0.9863742,58380.28,168.55917,381.9787,519.0422,0.95949936,569.3619,0.00050376134,104.15971,-6245.019,MIRAI-GREIP_FLOOD
0.6809349,43.372665,64.778465,8546.078,-0.026144736,0.008240237,-0.01686706,0.0053146114,0.009436436,0.027137475,-0.006212718,-0.77361846,0.14162578,0.0013098866,-0.009006056,-0.06884308,-0.011158237,-0.0069050957,0.020581933,0.034518033,0.013107944,-0.020720132,0.058303118,0.04332265,-0.020217974,-0.005205183,0.0043336675,-0.02684925,0.98931414,1.0195074,55712.66,149.94206,397.59564,543.1547,-21.291168,532.9118,-0.00020016487,94.437294,-10437.7295,MIRAI-GREIP_FLOOD
1.9058876,46.67313,63.639416,3056.1997,-0.007732184,0.00405425,-0.016553765,0.015555041,0.02763359,0.024742983,0.010683494,0.018349707,0.2595176,0.051017143,-0.089695595,0.001975717,-0.003864399,0.012820952,0.026367199,-0.013953105,0.001239283,0.0017533172,0.056653738,-0.057253055,0.0032042759,0.05432141,-0.034138173,-0.023196377,0.971619,0.9690932,57812.82,58.816673,598.97473,551.482,80.966675,572.91364,0.00040876225,104.831764,9304.038,MIRAI-GREIP_FLOOD
-0.0023002625,49.73226,62.524284,6263.893,-0.00034633093,0.0014370306,0.015299349,-0.0022004424,-0.051084213,0.035909653,0.023798596,-3.0257201,-0.0009778887,0.22854894,-0.07591247,-0.057425234,0.007020075,-0.035373118,0.04473927,-0.00731375,-0.02673831,0.0017861184,-0.008123696,-0.049553625,-0.027253132,0.030348124,-0.0076203835,0.0034219958,0.99852043,0.97456276,57867.23,166.79994,363.94452,511.75177,-5.6384964,531.6574,0.00043319107,100.967606,-14067.612,MIRAI-GREIP_FLOOD
1.0383949,48.413925,64.66018,4331.766,-0.043703277,-0.0038566913,-0.017764866,-0.004253366,0.053558283,0.021279834,-0.0065234187,1.2925034,0.14832972,0.05882658,0.0047409907,-0.021448635,0.0031954974,0.001104949,0.030169625,-0.024313264,0.01649792,-0.05060976,0.034827173,-2.2854656e-05,0.006097029,0.019093815,-0.06735812,-0.032933723,0.9849876,0.99075186,52911.242,56.50795,438.75085,534.23535,39.99756,536.76575,0.00035306808,103.14176,-8276.176,MIRAI-GREIP_FLOOD
0.34042168,47.1183,64.09649,4756.82,-0.012380508,0.0025301152,-0.017918836,-0.0040462427,-0.0032856185,0.0014438323,0.038436994,-1.4020548,0.107427426,0.044446923,-0.04262685,-0.07483305,0.0006604213,-0.01865288,0.048561126,-0.030168613,-0.021313682,-0.016209034,0.03934306,-0.028252471,0.0060887286,0.0036126946,-0.046683505,-0.059829745,0.9962338,0.9657943,55143.2,163.87671,394.1159,560.6838,11.148399,570.61456,0.0002491053,100.73163,1445.5168,MIRAI-GREIP_FLOOD
-1.443306,43.88802,62.17679,4360.544,-0.008101574,0.003407341,0.013557591,7.4518844e-05,-0.08322531,0.024554051,0.007826068,-3.3930736,0.049053706,-0.0060171355,-0.046671286,-0.091104746,-0.015017803,-0.02477226,0.05581385,0.030369619,-0.0032397825,-0.0038218964,-0.020130694,0.09036738,-0.0065703746,0.0010124373,-0.008574961,-0.04742146,0.9909112,0.9553139,52576.273,122.20943,487.89758,498.14816,32.654785,538.05304,0.00031061398,93.33728,-6880.6685,MIRAI-GREIP_FLOOD
2.7826614,42.070824,64.58039,2379.4492,-0.0028407574,0.0054013934,-0.029552314,-0.0011558327,0.047475673,-0.019335764,0.023140749,2.8761292,0.19165912,-0.06250958,-0.04962965,-0.01097164,0.027192537,0.003923783,0.0045743957,0.00076074153,0.0063105533,-0.0055184495,0.09221631,0.03310304,-0.0031167874,0.018854564,-0.030825865,-0.022800872,0.98273295,0.96316147,56490.29,89.53531,692.5707,576.0948,120.27538,561.5685,0.0014286014,98.7208,28646.162,MIRAI-GREIP_FLOOD
0.32112694,45.084167,63.459335,4634.902,-0.028874118,2.8036535e-05,-0.046882227,-0.0028334633,-0.03783001,-0.046573967,0.008080894,-1.0811229,0.07367983,0.012802908,-0.10106515,-0.03213354,-0.022649681,-0.0040576654,0.047364034,-0.052316085,-0.007628097,-0.017140798,0.046081305,-0.0022667684,-0.04169803,-0.012383625,-0.012143994,-0.01847369,1.0276177,1.0037268,55726.31,176.29874,505.21936,542.4303,-2.9274826,566.3135,0.00039767852,102.32478,3077.6,MIRAI-GREIP_FLOOD
0.40612411,45.95706,64.571625,483.83057,0.004949784,0.0074124443,0.001150337,0.00085302995,-0.0047144946,0.0024330006,0.020448297,0.1618821,0.3208471,0.28677133,0.021909531,-0.010868957,0.014167148,0.008714636,0.00682598,0.016951432,-0.0063662953,-0.012545599,0.037572086,0.0053370586,-0.004538847,0.0022456842,-0.012791775,-0.028576804,0.9927568,0.99411684,54191.74,70.402985,552.16394,547.01935,74.23596,559.2659,0.0006731827,104.05857,4730.9326,MIRAI-GREIP_FLOOD
3.5097923,45.448723,63.521706,694.5969,0.022529755,0.01730419,0.017730571,-0.025270645,0.09354986,0.0025289883,0.016024599,5.042145,0.51377285,0.13818486,-0.06989011,0.025869578,0.008850805,0.021120913,0.026697576,0.041964557,-0.022993911,-0.018569242,0.108579814,-0.13880879,0.005251658,-0.002749979,-0.03770267,-0.047750395,0.9702095,0.9700664,56581.125,95.50116,504.1276,546.67114,61.488605,523.38983,0.0012103826,104.16118,7026.806,MIRAI-GREIP_FLOOD
-1.0489731,46.332615,64.1173,20255.451,-0.038417175,0.0021874448,-0.009844582,0.0011439509,-0.054401584,0.02197814,-0.016064025,-0.88836825,0.21275908,-0.04523478,-0.053612422,-0.105560206,-0.0032900895,-0.022304744,0.017540477,-0.003287471,0.008039911,-0.021568399,0.000903666,0.11001965,-0.010032879,-0.014389053,-0.016427927,-0.06719734,1.0002728,0.9839635,55360.832,66.648476,540.5669,531.51526,69.76437,556.43365,0.00023235109,98.39729,3167.4338,MIRAI-GREIP_FLOOD
1.0724792,44.85094,64.119644,2653.8518,0.009768493,0.008702789,-0.0062308996,0.001911377,-0.0077930912,0.0025670785,0.014777983,-0.035885215,0.22850586,0.12948835,-0.052296698,-0.0037026452,-0.022545472,0.028071918,0.01251401,0.017088884,-0.030637376,-0.016665127,0.03951907,0.01838091,-0.0062135644,0.005339603,-0.028947625,-0.04714765,1.0070204,0.9890991,54110.355,72.83159,494.27997,519.5017,47.103264,531.9333,0.0004537126,98.931564,-1072.5349,MIRAI-GREIP_FLOOD
2.3499794,43.588474,63.336994,3310.0059,0.020733148,0.008057189,-0.004244598,-0.009544063,0.039255258,-0.0038625812,0.008824755,-1.4729862,0.16477478,0.1484996,-0.1004007,-0.022286993,0.06368175,0.03483636,0.02447455,0.01532727,-0.0006691646,-0.013976092,0.05114299,0.0006852932,-0.012391386,0.008980648,-0.016773647,-0.008931941,0.9536667,0.97163606,51831.46,82.99421,417.25433,499.11218,26.731426,488.61002,0.00040677597,98.77082,-10345.755,MIRAI-GREIP_FLOOD
-0.10303116,45.66225,63.99506,7014.115,-0.01097408,-0.005692247,-0.02199816,-0.0069309846,-0.05614332,-0.0014062063,0.039601587,-1.4251566,0.1367548,0.06893894,-0.07416143,-0.07128113,-0.004084097,0.008677034,0.024739906,-0.011599035,-0.008744066,-0.023116415,0.008294344,0.04073718,-0.030748762,-0.013271598,-0.025317729,-0.030179653,1.0197645,0.98447454,52567.395,172.98126,301.55048,496.53674,-29.71709,506.9771,0.0003108831,99.49284,-4929.972,MIRAI-GREIP_FLOOD
1.5524559,44.92808,62.290974,549.03906,-0.0499086,0.016050251,-0.04125409,-0.0031270229,0.0739656,-0.06950692,-0.030091215,4.2277536,1.3702593,-0.0071247662,-0.01656111,-0.111073226,0.17415848,0.019429758,0.053301077,-0.017982513,-0.03283948,-0.055372152,0.08275044,-0.027692396,-0.031565428,0.020772146,-0.07319752,-0.008124336,0.9428484,0.9666713,53449.21,97.51324,495.76346,533.61084,77.00296,536.80255,0.0012388116,101.646935,5778.241,MIRAI-GREIP_FLOOD
2.989294,43.81959,64.24853,5295.439,-0.0060896203,0.007857998,-0.027452532,0.0130037265,0.05009591,0.0126874205,0.02816978,0.42882317,-0.10427102,0.039673172,-0.038634025,-0.007678279,0.044928964,-0.004023914,0.012936665,0.017938586,-0.0050766836,-0.023533821,0.08801454,-0.020484922,-0.021892684,0.03869861,0.02807619,0.05266784,0.99812555,0.97387284,53050.754,64.29988,418.11615,504.58755,58.38512,496.34558,0.00032238415,98.406784,-7768.849,MIRAI-GREIP_FLOOD
4.3217115,46.27736,72.365685,3463.9744,-0.028265836,0.00422153,-0.0375882,-0.011270085,0.061970107,0.009246365,-0.008055128,1.2440369,0.38827625,0.04736692,-0.05299222,0.0011303322,0.035699364,0.023465214,0.022026373,-0.01599683,-0.014323653,-0.0046576746,0.08783913,-0.06417388,0.0152480705,-0.0067946664,-0.015525842,-0.028186161,0.99207234,0.9983731,54506.227,79.004654,547.24976,540.8094,70.15839,524.13885,0.0005316461,102.048515,8133.2935,MIRAI-GREIP_FLOOD
-0.11076355,50.37002,64.038414,5794.649,-0.012456234,-0.012923303,-0.0085810935,-0.016161744,-0.052768834,0.029874833,0.026678724,-1.9255347,0.28951126,0.1054911,-0.026890079,-0.06413488,-0.014762922,-0.022207763,0.028391575,-0.018849269,-0.0061874487,-0.007664421,-0.013946235,-0.016677273,-0.0072329775,-0.020077955,-0.036855917,-0.04121002,1.026354,0.96748626,58031.457,166.4289,419.0943,551.4671,2.1339293,530.32684,0.0005422723,104.287544,-7743.3047,MIRAI-GREIP_FLOOD
0.63422203,46.075363,64.320496,6240.865,-0.0075718383,0.008591036,-0.040616676,-0.005595273,-0.016776294,-0.029445903,-0.008357421,-1.3041496,0.26006278,-0.0052474905,-0.021215893,-0.059125125,0.022500565,-0.02455122,0.057551257,-0.06886707,-0.0046027103,-0.01138877,0.030029833,-0.021917552,0.0023040315,0.024083696,-0.054351993,-0.024299089,1.0261617,0.9791447,56170.008,170.76788,630.24835,561.20734,17.667046,583.6744,0.00035729306,100.29955,-6500.2993,MIRAI-GREIP_FLOOD
0.0032958984,44.88639,63.50617,5584.443,0.013702594,0.0011998377,0.010648318,0.0020847276,-0.017806685,-0.0023642713,0.01445288,-2.6619444,-0.024766473,0.034768827,-0.08904702,-0.05110852,-0.015401422,0.011316188,-0.0033773016,0.025293445,-0.010691578,-0.018265964,0.0006736517,0.08959668,-0.014285739,0.008160336,-0.033083424,-0.02326695,0.991396,0.9632529,52503.69,86.756676,385.88568,490.3377,-21.292278,500.94534,-0.00010582067,95.95461,-39298.99,MIRAI-GREIP_FLOOD
-0.36818886,45.888424,63.856052,3053.7744,-0.039155748,0.007615515,-0.014747065,-0.013807187,-0.027698,-0.020768642,-0.0022992888,-0.78976226,0.25741118,-0.0068294723,-0.086071,-0.077202864,-0.0011359061,-0.019122798,0.042368107,-0.029838914,0.00026968773,-0.014127218,0.01447022,-0.0015047305,0.0020956714,0.033967033,-0.04102224,-0.027571535,1.0058856,1.011689,56631.125,170.71582,594.2221,563.5356,27.7401,580.72675,0.0004446184,101.5225,3597.8557,MIRAI-GREIP_FLOOD
-3.021019,46.854656,65.36455,4206.5015,0.005190987,-0.0049685063,-0.011773078,-0.010488908,-0.09580248,0.0020514876,-0.04245787,-8.858085,0.04178247,-0.07053002,0.038748875,-0.10950603,0.00033211336,-0.017651431,0.052645545,-0.051525123,0.015344043,-0.017848277,-0.059876442,0.12295721,-0.0011573336,0.014382161,-0.052668113,-0.02193328,0.99988747,1.001048,55225.22,135.92319,550.7566,525.4074,26.684885,583.3286,0.00041546632,95.114174,-6114.193,MIRAI-GREIP_FLOOD
3.5150337,45.934185,65.05888,4966.7334,0.035377536,0.001655839,-0.018874,-0.0010430793,0.059745483,0.012151449,0.028425809,1.5813692,-0.071627796,0.9465504,-0.046009418,0.06531587,0.011472257,-0.00728582,0.015790218,-0.0051886356,0.007956306,0.012714298,0.07790381,-0.031728808,0.02254066,0.005651716,-0.02509935,-0.026945166,0.99332374,0.95021564,53872.7,83.04737,657.45056,522.8339,79.152176,505.45837,0.0003178669,102.735596,3328.6147,MIRAI-GREIP_FLOOD
-0.33294868,47.373955,64.96494,3163.2554,-0.013933934,0.0035513192,-0.029685555,-0.0050140326,-0.009253887,0.012734091,-0.023664739,-0.51641977,0.15299067,0.07131546,-0.006309487,-0.033678755,0.0028476007,0.0074467384,0.005459506,-0.0060928054,0.00911239,-0.003976156,0.021316648,0.022978786,-0.021242091,-0.006015317,-0.008724741,-0.0056521967,1.0024691,0.99556977,57005.27,69.32189,460.68726,564.58905,44.01384,562.9588,0.00036188,101.53368,-13861.265,MIRAI-GREIP_FLOOD
0.98179436,46.78204,67.070946,1623.209,-0.007126191,-0.00094009185,-0.031443577,0.002631713,-0.006638704,0.0064540952,0.009360595,0.35260206,0.18223226,0.086757705,-0.070550986,-0.02570834,-0.0017477513,0.03363532,0.008285329,0.0014934037,-0.004788898,-0.016033797,0.028877497,0.0333016,0.009562668,-0.0012247171,-0.0277623,-0.02979134,1.005132,0.9761722,56079.73,65.382164,442.93506,542.10205,50.69395,527.07306,0.0005650053,101.630875,2918.5364,MIRAI-GREIP_FLOOD
2.3285618,45.18216,63.956753,425.32568,0.020477066,-0.00051467493,0.01128066,0.009003666,0.042407483,-0.009510617,0.009570021,2.005519,0.06642783,0.46898782,-0.060611535,0.042912744,0.0151357865,-0.018557904,0.0017256476,-0.013812676,-0.011954069,-0.034332,0.095389605,0.019773364,-0.025947701,0.060233377,-0.047983266,-0.03254898,0.98641026,0.9804114,50535.25,57.63905,528.7025,509.19235,65.35291,539.06903,0.0021637727,99.554665,2594.3967,MIRAI-GREIP_FLOOD
-0.7873993,48.228374,64.09994,6047.6807,-0.01632759,0.009241709,-0.014800979,-0.0060855784,-0.039389,0.03286904,0.013513591,-2.200575,0.12184009,0.0955549,-0.012868324,-0.06979986,-0.012224774,-0.0086264955,0.024112405,0.007127225,-0.020490961,-0.015326981,0.001106739,-0.002436999,0.0055024168,-0.024692178,-0.03217251,-0.030403905,1.019085,1.0099025,56710.15,173.7804,402.83112,540.42896,-2.3608055,529.6809,0.00024968648,97.66828,-4655.383,MIRAI-GREIP_FLOOD
1.761467,45.281303,63.175404,2826.4587,-0.012778136,0.0071360166,0.016405566,-0.0020929791,0.053803965,-0.018117197,0.033642195,0.059723318,-0.09683307,0.126148,-0.0365765,-0.028198324,-0.010729163,-0.025883252,0.055799935,0.0016676774,0.011320481,-0.06001424,0.053857744,-0.063948825,-0.017574465,0.0042277086,-0.027731469,-0.0403976,0.99616784,1.0116463,57359.35,178.07243,411.4065,471.9531,-26.947784,503.41104,0.0003842755,98.53005,-12995.522,MIRAI-GREIP_FLOOD
-0.017969131,45.697613,63.866596,1075.8782,0.008473237,0.0063486556,-0.0015425356,0.012041935,-0.0017327582,-0.0016022986,0.0219577,1.0883188,0.23530143,0.8015033,0.015486103,0.008495457,0.012727397,0.004803706,-0.0074326335,2.8135255e-05,-0.00929546,-0.003473037,0.043139815,0.007319734,-0.023371095,0.009453304,-0.0087762475,-0.04193762,1.0106934,0.9893034,57469.508,66.517586,695.59863,559.32855,98.335785,568.96906,0.00059291883,100.286446,12501.582,MIRAI-GREIP_FLOOD
-1.0546627,46.862236,63.834835,5025.1777,-0.00873248,-0.00345761,0.0127754165,-0.016185032,-0.069161035,0.0015967054,-0.0009146752,-3.2202158,0.10271445,0.07141064,-0.10433084,-0.10178689,-0.002581932,0.008492213,0.023265444,0.016308093,-0.014844029,-0.03111995,-0.045660138,0.09853893,-0.0019272859,-0.0065347785,-0.026160743,-0.0071494556,0.96612364,0.9944345,53124.086,152.28424,324.6318,498.5734,-34.875713,526.37933,0.00014736982,95.52425,-31632.215,MIRAI-GREIP_FLOOD
2.9608555,44.809536,65.70674,-570.85254,0.042192698,0.002221319,0.01961339,0.0012701581,0.051287174,0.007265683,0.013212066,3.6224093,0.055958144,0.7135194,-0.008304398,0.01273699,0.004087772,0.009799552,-0.0092942165,0.016221397,-0.015465751,-0.036889747,0.09945971,-0.006058572,-0.008746578,0.023768764,-0.042907987,-0.028904954,1.0143487,0.99074984,49903.74,65.991135,442.30627,480.82776,41.363716,477.7385,0.0016183528,101.66047,-10533.713,MIRAI-GREIP_FLOOD
-2.4121742,49.802532,64.31355,1917.5867,-0.0167157,-0.0084845545,-0.01950489,-0.0046065296,-0.11717778,0.004337865,0.045713596,-3.8989735,-0.09044527,0.1942265,-0.121781565,-0.11407734,0.0033227715,-0.053037237,0.009878631,-0.009738336,0.018815722,-0.032492507,-0.041363,0.06507478,-0.06832521,-0.007567452,-0.0060700765,-0.036371432,1.0169775,1.0037445,56479.66,179.44542,465.32208,531.10187,-26.379673,555.25934,0.0005325897,99.09721,-16519.404,MIRAI-GREIP_FLOOD
0.8080082,46.148846,64.11044,1986.1411,0.00228988,0.0021948246,-0.0057658274,-0.008072683,0.010679919,-0.019609148,0.023212992,-0.72212446,0.12393971,0.0024603866,0.002073124,-0.020845199,0.010972156,-0.0017244369,0.031031776,-0.004853923,0.013573665,-0.013335647,0.039171517,-0.010607623,0.0013978663,0.043745443,-0.032577038,-0.022868598,0.986756,0.9576813,56779.27,67.54475,508.15604,526.2666,67.13263,542.34216,0.0006512552,103.78904,-2043.0364,MIRAI-GREIP_FLOOD
0.73254776,42.949974,64.25613,5435.0205,-0.015214799,-0.00156147,-0.014802869,0.0012511908,-0.010129381,-0.019474128,0.022043478,-2.877514,-0.01458086,-0.0011342391,-0.0040096417,-0.02943976,-0.00067605637,-0.02765333,0.052886322,-0.005844068,0.014003033,-0.010428591,0.03870243,0.0467944,-0.025902476,0.039329052,0.0030796323,-0.03131591,0.97130203,0.96663415,52323.008,151.22037,449.41577,515.6259,13.609695,539.2693,0.00017795489,96.5817,-4299.164,MIRAI-GREIP_FLOOD
2.9210796,46.444267,73.27474,3550.6262,0.0060637947,0.005330792,0.010282597,0.008444959,0.06276412,0.0016413134,0.008186583,3.0884013,0.2006304,0.19300196,-0.03271029,-0.003907387,-0.0040695146,0.025033895,0.0070662606,-0.01861716,-0.0013823248,-0.038192302,0.06452721,0.012568221,0.01340772,0.019588266,-0.06917402,0.022739023,0.9715442,0.9761897,50658.74,72.39259,481.03806,498.87125,33.806152,499.73068,0.00042731495,104.16227,-17411.988,MIRAI-GREIP_FLOOD
0.8593788,45.457775,64.96615,6035.0947,-0.024168815,0.006325574,-0.031427823,0.0013141556,-0.012561437,0.029125918,-0.0045222905,-1.7044156,-0.11363841,-0.012480765,-0.003913548,-0.052757975,0.0030649153,-0.023602333,0.0571084,0.00016290229,-0.0036865333,-0.01874245,0.024095714,-0.0037477387,-0.014430411,0.02596494,-0.004874738,-0.004568314,1.0096251,0.97387516,58035.453,162.305,451.85693,531.24286,0.29450226,538.1101,0.00016149125,93.894775,-8142.3765,MIRAI-GREIP_FLOOD
1.8888321,45.71284,76.8203,2530.9873,-0.0030197948,0.038870286,-0.021201301,0.0003852509,0.036404684,-0.038507767,-0.007275574,3.2693155,3.03861,0.18168893,0.12204638,0.0053180847,0.025233278,0.020795956,0.019084003,0.03220726,0.008051888,-0.023959426,0.07448459,0.0001495108,-0.0029856362,0.0039111055,-0.022630299,-0.02667052,0.99589485,1.0079274,51085.62,84.10837,537.3247,503.58035,49.540134,513.10803,0.0009939484,102.2245,-2238.205,MIRAI-GREIP_FLOOD
1.2175999,47.48285,64.97361,3483.1482,-0.0056310836,-0.0049527856,-0.024670113,-0.010937248,-0.021309009,0.0073299967,0.029804463,-2.1626656,0.11301644,0.03962599,-0.06463909,-0.018285736,-0.0010699927,-0.00303227,0.04781362,-0.02442613,-0.0032101176,0.016648095,0.02378267,0.00361393,-0.00066356966,0.011835158,-0.06476774,-0.040862616,1.0193497,0.96649903,55426.133,156.13374,398.71643,523.99896,-15.195251,529.8244,0.00043433567,102.0327,-18455.559,MIRAI-GREIP_FLOOD
1.2755165,47.58012,65.878525,5470.26,-0.039639365,-0.0041801645,-0.0018993393,0.0033536598,0.011614403,0.02330523,0.015347256,0.8225193,0.09031683,-0.0654466,0.032248393,-0.009114094,0.01109424,0.0026556663,0.01854791,-0.036248337,-0.0045265723,-0.03686918,0.03644234,0.026666425,0.012613511,0.03528834,-0.10207765,-0.04524361,0.99240834,0.9567105,55101.914,56.38652,581.27295,540.69025,93.2969,552.26996,0.0003680501,102.6448,-2731.6128,MIRAI-GREIP_FLOOD
-1.1312408,44.68108,63.02328,4937.9004,-0.0040031876,0.00022442639,-0.010379731,0.006227488,-0.08459598,0.007997049,0.027487354,-0.88845205,-0.13312693,0.24282144,0.018960958,-0.07580121,0.007056548,0.0046924083,-0.0032875873,0.018253522,0.00079437625,-0.0105105145,-0.031077206,0.14638573,-0.039189648,0.00068552094,-0.0021465076,-0.00577149,1.0077063,0.9791962,51661.547,85.08258,471.93768,509.7365,35.751442,518.5895,0.00026693297,96.407036,-16507.04,MIRAI-GREIP_FLOOD
1.6666298,45.2645,66.06297,-453.51855,0.0034809299,0.00565492,0.0024871086,-0.0017798465,0.021692768,0.006238416,0.019229295,0.79510546,0.25345635,0.21579847,-0.0533044,-0.0013679825,0.0013461745,0.02546371,0.004848088,0.015899988,-0.018213578,-0.019444942,0.033863306,0.006338494,-0.002428235,-0.009850565,-0.016618801,-0.04496429,1.0244218,0.9987446,52141.438,73.46923,425.98248,485.53076,30.30569,488.8091,0.00054412987,99.364944,-12245.526,MIRAI-GREIP_FLOOD
-1.0128365,45.94863,64.334854,4426.425,-0.0010723621,-0.010848733,-0.0013646833,0.0051637734,-0.073367774,-0.0046372972,0.004269446,-5.31126,-0.040286317,0.0054361485,-0.04234436,-0.07871093,0.003978588,-0.038001962,0.049018547,-0.057015326,0.021688644,-0.02787944,-0.01845622,0.1398795,-0.02356841,0.0310104,-0.046707466,-0.052363172,0.9572554,0.96058637,52834.42,134.90811,448.22607,512.9891,34.13235,562.5162,0.00034752634,96.487785,-1576.5459,MIRAI-GREIP_FLOOD
-0.88231087,47.124535,61.648113,4718.1963,-0.01741365,0.000693284,0.007740976,-0.0050408845,-0.08213251,0.007760277,0.02190778,-1.5186474,-0.00860095,0.06886528,-0.12250782,-0.07550005,-0.0018000972,0.02000328,0.018717984,0.008255722,-0.012128999,-0.028133076,-0.03644216,0.09203521,-0.020789918,0.02039542,-0.010906527,-0.03345764,0.9735516,0.9600743,51906.254,79.52512,369.05286,496.76395,18.951895,508.292,0.0003009199,100.79189,-25374.152,MIRAI-GREIP_FLOOD
4.0719156,45.20546,74.3314,-618.08057,-0.0057193264,0.00074224913,0.01032624,-0.0116268555,0.09470001,0.0076161604,-0.003565452,4.2733197,0.33707735,0.06209914,0.007400065,-0.035349444,0.053444576,0.035983875,0.0239969,-0.003499114,-0.021810908,-0.027158104,0.08454591,0.026749719,0.015082618,0.05071456,-0.10108169,-0.0275712,0.985093,0.98080486,45320.766,59.169754,341.45502,449.99374,-19.37516,457.6944,0.000809699,102.0609,-38574.613,MIRAI-GREIP_FLOOD
3.7879772,44.28598,71.19052,5321.8945,-0.028079487,0.0019640878,-0.0034924597,-0.0002512671,0.08008473,0.035090923,0.008553047,1.4478817,0.1895716,0.012683625,-0.029341316,0.019521901,0.0058128904,0.013138523,0.0151654165,-0.01376453,-0.010051812,-0.04715364,0.11655706,-2.5939198e-05,0.014123645,0.011783335,-0.033848222,-0.0060477946,0.9972104,0.9770415,51243.63,65.28542,477.0266,518.62274,69.09274,520.7128,0.00014198571,96.91077,-6625.5835,MIRAI-GREIP_FLOOD
0.56967926,44.57716,68.147964,2086.8696,-0.018945135,0.0057074274,-0.014179369,0.01105437,-0.027210208,-0.015313254,0.025733048,-0.017246485,0.61791056,-0.12925571,-0.06735938,-0.021432387,0.012554836,0.015547509,0.029444508,-0.0085614985,-0.011456082,-0.0064013945,0.014074028,0.059833195,-0.0005859323,0.013660104,-0.01587615,-0.039869383,0.99951863,0.9902919,53059.08,88.42481,580.93787,536.07135,66.76451,568.35876,0.0004472672,99.501434,3385.6714,MIRAI-GREIP_FLOOD
2.7623425,43.19151,65.39712,-316.85986,0.05311053,-0.001206003,0.013041792,-0.0011546573,0.049779728,0.007313191,0.023612987,1.0278698,0.019484384,0.94866955,0.44432765,0.044020236,0.012761662,-0.0008483231,-0.00017574057,-0.00078410376,-0.0013345969,-0.01773785,0.09747934,0.041620694,-0.0139143765,0.031206246,-0.02968203,-0.032661576,1.0182693,0.99096453,46557.25,57.541542,422.92883,473.37262,41.074257,457.7225,0.0007800022,96.79026,-12949.896,MIRAI-GREIP_FLOOD
1.2639809,45.338867,71.12645,3300.3276,-0.028914928,-0.0025666528,-0.0049781892,0.015865656,0.049783833,-0.031456366,0.009336934,4.4962497,-0.19684418,-0.013894837,0.29201177,-0.0396384,0.0071531893,-0.0064286776,0.041831978,-0.017809626,0.005336427,-0.018399492,0.06802261,-0.027159965,-0.009916526,0.025113067,-0.040978707,0.0006599445,0.98967135,0.9895463,55031.94,131.99208,459.85382,519.4464,21.43709,530.559,0.00041192767,102.87848,-11985.03,MIRAI-GREIP_FLOOD
1.806879,44.85511,72.55614,1485.6301,0.0039327424,0.021816386,-0.0054826587,0.0058563855,0.044227682,-0.005763464,-0.00082550105,0.69949967,0.524197,0.4719395,0.07655069,0.06451296,0.0024412728,0.020003293,0.01354726,0.0071428013,0.017269421,-0.008886195,0.08008987,0.026207509,0.030585071,-0.024839127,-0.03281747,-0.029254954,1.0146403,0.9936044,51655.426,73.571686,420.44873,516.7995,29.607615,525.5485,0.00027083332,97.94033,-6281.749,MIRAI-GREIP_FLOOD
0.22533798,46.505978,64.63115,2720.6926,0.007844231,0.00837056,-0.023009183,-0.018129908,-0.00710148,-0.035219256,-0.0012766151,0.8878931,0.16597533,0.13693863,-0.10937545,-0.068673834,-0.0029152592,-0.001919372,0.050956834,-0.03082141,-0.030486885,-0.03587689,0.012348592,-0.0016970896,-0.017372603,0.018707447,-0.028774215,-0.02622049,0.9687082,1.0153668,55142.48,166.94972,526.52637,524.7399,7.501835,557.76135,0.00049062783,101.52355,-7152.666,MIRAI-GREIP_FLOOD
4.513749,45.092712,64.090004,9828.904,-0.005067624,-0.004156006,-0.016889017,0.031655073,0.033372574,0.016584558,0.01611727,-1.7265229,-0.41760874,-0.08899263,-0.04017435,-0.097240806,0.3230126,-0.0009036111,0.055620093,-0.0039561605,-0.000492516,-0.03140481,0.089083195,-0.034539018,-0.002532713,0.022561163,-0.05130421,0.038038906,1.0098891,0.94515496,50148.1,132.15363,439.3699,463.01025,-16.19463,456.79208,-0.00018022543,90.7654,-21246.826,MIRAI-GREIP_FLOOD
3.083664,44.142277,63.991665,1626.5383,0.0031032413,0.00550921,0.012693325,-0.011667788,0.09365058,0.0022399523,0.040129505,1.5885564,0.50254977,0.035386365,-0.08811881,0.037668094,0.0037606705,0.015787577,0.011300276,0.0066000503,-0.0020355359,-0.021848062,0.11216456,-0.062224507,-0.012017804,0.027849708,-0.012319897,-0.01142268,0.976868,0.98573226,50205.375,59.178703,373.81723,482.24017,17.226402,488.80597,0.00036697317,101.863914,-12937.65,MIRAI-GREIP_FLOOD
0.58234215,44.86333,63.355907,5980.718,-0.0121657355,0.007473069,-0.008939462,0.006496796,-0.059594892,0.0023014732,0.028419752,-2.2533028,-0.014948546,0.061971568,-0.0848107,-0.061507892,-0.018262334,-0.027283177,0.04626384,-0.017132316,-0.012910329,-0.04644234,0.019391775,0.047515236,-0.020857077,-0.01360791,-0.020305308,-0.020731457,1.0232903,0.9900315,54055.305,177.07095,380.55286,470.3078,-33.852547,505.12604,0.00015277868,94.04007,-12553.135,MIRAI-GREIP_FLOOD
3.7967606,41.865818,70.38056,2033.8494,-0.006064456,0.0116377985,-0.01084129,0.1543598,0.1087186,-0.019002132,0.022513889,3.3135495,0.63190675,-0.045851603,-0.05686603,0.0011534989,-0.00022108667,0.027144125,0.012416324,0.025121076,0.021796329,-0.0035858434,0.13592607,-0.0066846437,-0.0047465577,0.011775567,-0.03335583,-0.0045847427,1.0009286,0.9856993,51331.336,78.86686,648.9634,488.15244,95.52504,513.96387,0.00064956024,98.07537,15123.89,MIRAI-GREIP_FLOOD
-3.923296,53.15557,66.409996,2186.3716,-0.025408532,0.0022324985,-0.039629336,0.0015087927,-0.11379187,0.005078372,-0.03855743,-3.9039116,0.40883932,0.024693485,-0.15495048,-0.10020636,-0.009764367,-0.0213717,0.051862355,-0.07005484,0.01798321,-0.03246402,-0.101219535,0.04197363,0.026974335,5.261507e-05,-0.07041863,-0.011915275,0.99757147,0.9968254,62609.004,161.1942,593.3937,573.1539,-0.41407013,632.4932,0.00061894296,106.30464,-9768.009,MIRAI-GREIP_FLOOD
1.5214157,46.455284,63.88191,35040.74,-0.03125979,-0.0010064429,0.012068566,0.015182157,0.06688075,0.037358157,-0.0020933151,3.6405716,0.20084405,-0.0840824,0.07583211,-0.052642465,0.0018371694,0.011526182,0.005919002,-0.013258729,-0.028864758,-0.019773353,0.07565206,-0.06500106,-0.0071493112,0.050257646,-0.020640615,-0.04124152,0.9605829,0.965165,62321.914,57.653446,764.56866,588.4543,162.83118,609.2539,0.00016323791,105.12262,35980.02,MIRAI-GREIP_FLOOD
-2.7423992,49.054977,59.570885,-1883.9878,-0.048357137,-0.004289412,-0.00925505,-0.0014431587,-0.13091059,0.021216514,0.021433998,-1.15902,0.23228705,-0.07446609,-0.0004933402,-0.075714596,0.021195622,0.020022381,-0.01894249,0.00369824,-0.0068404386,-0.021530623,-0.0797686,0.10128386,-0.0027636392,0.07695486,-0.03256907,-0.026096717,0.97673786,0.96635723,58531.285,59.204395,755.8979,574.4229,117.89474,568.0668,0.0015951995,102.262985,12866.444,MIRAI-GREIP_FLOOD
2.5886307,47.243866,64.66598,4354.8105,-0.008813151,0.01764511,0.006056712,0.050258692,0.12138447,-0.02935051,0.0027006026,15.354512,0.5871833,0.06426544,0.046476975,-0.033598896,0.069529325,0.0134859495,-0.0068262313,-0.016804544,-0.019328909,-0.10579962,0.07371712,-0.01023777,0.012151716,0.04160495,-0.07209239,0.03695859,0.9858861,0.9794038,51620.156,63.71596,680.7908,497.7969,93.3015,512.29364,0.00063121074,106.92066,-761.0373,MIRAI-GREIP_FLOOD
0.51379204,45.599754,63.909496,10100.327,0.0035035796,0.0019242683,-0.009824252,-0.0017620638,-0.005011198,0.022229116,0.022901492,-0.45443237,-0.012354627,0.032574542,-0.03947493,-0.014348637,-0.011106885,-0.013453418,0.05648025,-0.011353408,-0.02006156,-0.00022080727,0.01349324,-0.023074875,-0.010307657,-0.029080693,-0.024807375,-0.04306321,1.050764,0.98572975,57746.33,170.54572,455.64276,538.61957,0.08262634,524.1752,0.0003516364,99.2058,1973.6885,MIRAI-GREIP_FLOOD
0.36827278,47.8296,65.542755,-609.7178,-0.01936654,0.005876286,-0.025867568,0.002746029,-0.014618231,0.018175626,-0.003962135,1.1416277,0.3184332,-0.051871933,-0.005150344,-0.04339136,0.011427282,-0.005798638,0.023621053,-0.041685794,-0.010373163,-0.014358172,0.019761741,-0.00022285806,0.01701218,0.04146511,-0.038884353,-0.01699058,0.97412586,0.98564756,59081.113,57.726837,702.72205,563.7586,118.62695,583.95276,0.0007411631,106.78841,12189.498,MIRAI-GREIP_FLOOD
3.257492,45.2896,68.88588,5698.7495,-0.0201586,0.012906164,-0.05563755,-0.0076183276,0.02079397,-0.0047112275,0.030574696,-0.30584335,0.008642226,0.11940982,-0.048524346,0.052343458,-0.029830335,0.012723123,0.03651218,0.013851581,-0.032342166,-0.06373414,0.09874368,-0.059335865,-0.036731992,-0.03083974,-0.056576822,-0.04542111,1.0460609,1.0136187,54815.77,178.3162,386.66058,516.5444,-38.74814,496.70224,0.00011182335,96.13191,-13600.538,MIRAI-GREIP_FLOOD
3.781454,44.056328,65.16109,2537.48,0.04346115,0.0081879,-0.016306667,0.008213756,0.09169292,-0.021559395,0.029529056,5.2173724,0.025645565,0.4032519,-0.062545836,0.06725015,0.014942675,-0.00083847437,0.015129745,0.003417409,-0.021543909,-0.013128949,0.12270874,-0.044871964,-0.0120922,0.01851718,-0.014075849,-0.014388392,0.9848681,0.9807942,55203.883,84.805504,630.15656,541.3557,89.380264,534.6351,0.0010880841,102.10605,10870.28,MIRAI-GREIP_FLOOD
4.4377174,42.36352,63.14003,791.52515,0.04528377,0.0025376775,0.0012344588,0.022095906,0.12089448,0.008517759,0.045503512,2.3989537,0.0014498085,0.5318529,-0.049560882,0.074131645,-0.0041471026,0.009068767,0.007482329,0.031239863,0.00037850812,-0.0091208,0.15277815,-0.084541924,-0.020119041,0.03846247,-0.008428161,-0.03701722,1.0064971,0.9823606,51924.754,63.253544,528.0491,480.55438,71.084145,478.71805,0.0005294943,99.515015,4920.5576,MIRAI-GREIP_FLOOD
2.9746914,43.763092,63.13219,1986.9204,-0.039466232,0.0035181679,-0.0043598493,-0.026911093,0.049147077,-0.0045515667,0.036315773,-0.9434521,0.34826872,-0.0044210535,-0.09350288,-0.02468896,0.0015755497,0.004535434,0.042693,0.0051771617,0.002629566,0.018235411,0.08896726,-0.055079784,0.010696788,0.024827735,-0.017042164,-0.047740076,0.97070134,0.9637569,53536.133,122.41612,441.98596,527.1892,34.1383,513.3071,0.00043609948,100.1873,-213.34256,MIRAI-GREIP_FLOOD
3.1611462,42.7964,75.30016,843.1238,-0.014197415,0.0089573935,0.009352727,0.0014625172,0.062064387,-0.033805955,0.02963748,5.740043,1.1232628,0.010887495,0.08054293,0.0065005245,0.020940311,0.027887784,0.015458629,-0.001523816,-0.0056829653,-0.03504181,0.09650022,0.032356896,0.0125263715,-0.0033175643,-0.043967668,-0.036906045,0.99291,0.95660764,48539.78,75.10777,642.30225,493.60745,103.491905,485.05258,0.0025311504,100.117455,9969.188,MIRAI-GREIP_FLOOD
2.7991295,44.54124,66.08758,4146.255,-0.006605666,-0.012589501,-0.0044439826,-0.015458717,0.05091255,0.0008208008,0.020001542,1.8274969,-0.3477153,0.013460627,-0.032353617,-0.012745121,0.011345657,0.0012307987,-0.010110307,-0.003977064,-0.014208518,-0.02198156,0.08490908,0.0372739,0.0033020554,0.0026825967,-0.025752679,-0.021478608,0.99896544,0.9743201,56760.176,76.7356,591.697,535.76984,78.32915,528.9722,0.00023840151,98.330215,-1775.771,MIRAI-GREIP_FLOOD
3.1411839,44.653107,66.391075,1503.8293,0.023821194,0.0021521403,0.013854524,0.0021304537,0.05470164,0.02460977,0.013346152,4.5893373,0.17894626,0.07768005,-0.042359784,-0.019323815,0.007046657,0.013900844,0.018139709,-0.03024104,-0.013925433,-0.057228062,0.093046546,0.028131684,0.020367716,0.03532412,-0.07171788,-0.0315874,0.9908259,0.9900552,49104.23,57.324993,576.3466,507.34396,79.65706,524.44037,0.00048863783,102.41922,7976.6865,MIRAI-GREIP_FLOOD
1.050497,45.210052,65.27843,1264.165,-0.009619136,0.004408539,0.0030566053,-0.008879437,0.027214406,-0.016018797,0.026995128,-1.6166198,0.08091595,0.023097107,0.101402506,-0.012647904,-0.0043824096,0.006119311,0.005934923,0.01781392,-0.004608701,-0.014211917,0.03257811,0.012645201,-0.0043775328,0.0046672076,-0.01961508,-0.027931044,0.9846452,0.9916101,53116.66,76.35303,343.74316,474.9483,-19.819443,480.50534,0.00033448363,102.10462,-38622.33,MIRAI-GREIP_FLOOD
0.0011882782,47.3179,63.978115,3177.0276,-0.0233079,0.059697963,-0.034172617,-0.012736437,-0.056908682,0.018489707,-0.044085164,-3.3315158,0.8074062,0.035674572,-0.068261005,-0.08354971,0.13473468,-0.00034100842,0.09435509,-0.024366241,-0.026139483,-0.00257859,0.0027304292,0.06930367,0.02166992,-0.015202268,-0.041659843,0.019105364,0.9406532,0.92660946,52974.645,115.35269,388.53113,487.1706,33.267357,576.7545,0.00042474864,98.73756,-1365.4146,MIRAI-GREIP_FLOOD
0.03545952,45.11498,64.487,2373.4414,-0.050243814,0.00465412,-0.03563496,-0.0034494926,-0.049291372,-0.031064183,0.032759618,-1.0465455,-0.017132236,0.027347973,-0.11982338,-0.026912194,-0.013532159,-0.008319196,0.040243715,-0.026801687,-0.028588496,-0.03540236,0.029570818,0.039623242,-0.01769771,-0.022818131,-0.016904876,-0.029241227,1.0195485,1.0120175,55851.555,177.70335,515.4887,536.8019,-11.35598,568.5821,0.00014744613,99.53975,-5674.6436,MIRAI-GREIP_FLOOD
0.2632618,46.043095,64.32025,4510.9243,-0.013691409,0.0069742887,-0.018287621,-0.008203729,-0.035766006,0.0017898559,0.030366056,0.16932535,0.09679977,0.0060196593,-0.056858227,-0.06024745,-0.011902048,-0.0059418753,0.05337508,0.013496999,-0.02936871,-0.0441672,-0.00017434359,-0.008239283,0.0014035287,0.018720157,-0.024353616,-0.02550837,1.0171609,1.0114726,57527.004,171.6257,469.87524,517.9187,-6.9507713,535.4131,0.00012938952,98.449524,-4181.0605,MIRAI-GREIP_FLOOD
-1.1298771,48.75229,64.23026,3457.703,-0.022298852,0.0012760161,-0.017789245,0.005951238,-0.07393213,0.0118774185,0.0034802244,-3.8212347,-0.0798734,-0.07449019,-0.10049521,-0.06006114,0.0003623683,-0.023632545,0.0666695,-0.025189877,0.009066336,-0.012296246,-0.019343436,0.026787033,0.0080208285,-0.0007344631,-0.043098498,-0.047709286,1.0228288,0.9965402,59494.742,172.87457,413.21082,534.80115,-22.770569,571.5311,0.00021456102,99.88369,-9790.545,MIRAI-GREIP_FLOOD
1.4522953,44.617325,65.247505,2604.7266,0.024263531,0.0076592304,0.010648867,-0.012629719,0.03250931,0.0010888925,-0.00077754725,-1.2437062,0.19719991,0.098332234,-0.07834087,-0.013468897,0.0048604417,-4.0070154e-05,0.016513454,0.038911667,-0.020249689,-0.003417572,0.04341942,0.009707152,-0.01809115,-0.0064591644,-0.02995371,-0.03710231,0.9818658,0.98117393,55954.39,81.590866,416.5099,533.4175,17.381298,545.6086,0.0003112058,98.930534,-13061.969,MIRAI-GREIP_FLOOD
1.4001961,44.94133,65.501465,3118.606,-0.009085032,0.01052488,-0.014006775,-0.008530529,0.005913416,0.03525887,-0.011441385,-0.44015098,0.52014154,-0.06352131,-0.096470505,-0.037320692,-0.019181972,0.022537969,0.005105729,0.012161577,-0.031903103,0.008944556,0.008813024,0.058494817,0.028016986,-0.00035645324,-0.034542665,-0.06294197,0.994314,0.99579453,53615.375,67.07228,435.611,507.11978,31.938099,512.2468,0.00022099649,98.59902,-7239.0303,MIRAI-GREIP_FLOOD
-1.3511124,47.265823,75.04713,5469.954,-0.05309272,0.0006307326,-0.047561035,-0.0057725566,-0.072348945,0.02485437,0.026376575,-1.607914,-0.089755505,0.07416799,-0.060864538,-0.058454607,-0.0100962315,-0.022687618,0.023207683,-0.025419258,0.016928373,-0.04864855,-0.012747884,0.10106525,-0.014451323,-0.0007414422,-0.039733756,-0.044496898,1.0345262,1.017065,55319.21,178.22519,486.16156,585.2064,-19.606663,588.14923,-0.00019141311,96.64676,-13898.799,MIRAI-GREIP_FLOOD
2.8526306,43.717392,64.65109,1640.6636,-0.013001503,0.0043100873,0.0030778558,-0.013420983,0.05409962,-0.030748464,0.029448027,0.20067447,0.40346998,0.033095356,-0.13860959,-0.023695517,-0.0034821746,0.023270465,0.053660765,-0.0021782191,0.005667247,0.0011125393,0.06933242,-0.02905267,0.0028347084,0.006854617,-0.018746037,-0.031861767,0.9558262,0.95490026,52863.812,84.686295,497.78052,506.63016,49.263264,517.91504,0.00045779333,102.7402,-1059.5979,MIRAI-GREIP_FLOOD
-0.7530098,47.094616,66.249756,3830.8625,-0.041898374,0.0013018063,-0.05083765,0.02170218,-0.09410934,-0.0376299,0.016538981,-2.9505086,-0.1399463,-0.021281226,-0.14063218,-0.04327476,0.014289397,-0.03338409,0.047008812,-0.06358972,0.010307873,-0.036328547,-0.010517418,0.06535739,-0.046347983,-0.020043612,-0.033357,-0.021341529,1.0465379,0.9863542,57127.145,178.18903,647.9193,562.9145,23.184065,586.51294,0.00032955455,100.301926,-2798.0288,MIRAI-GREIP_FLOOD
1.4157753,42.39768,72.88183,1428.0435,-0.030932866,0.032458913,0.001996134,0.0069872322,-0.00095162075,-0.008499426,-0.00089141075,-0.5829203,2.2732387,-0.017153375,0.079767704,-0.04335414,0.004800029,0.00970635,0.047940593,0.0061195437,0.011419937,-0.016360976,0.039114773,0.07180104,0.0039132754,0.016561171,-0.031200016,-0.059625424,0.9981662,1.0031644,49968.473,135.07565,563.4748,511.66113,41.89647,551.6332,0.0005263345,94.883224,-1767.2163,MIRAI-GREIP_FLOOD
-0.41301537,47.520027,64.448685,6843.8657,0.0023653079,0.003429607,-0.018354908,-0.003688149,-0.039257735,0.0030397442,0.01549936,-1.6648233,0.00014267862,0.07046879,-0.020949367,-0.068393715,-0.019380184,-0.012661278,0.033116493,-0.01785491,-0.0148416795,-0.03337262,-0.0063180327,-0.015386649,-0.015772775,0.0027786288,-0.03595202,-0.004734341,1.0193158,0.9992808,56331.66,169.79778,422.97153,512.967,-31.788837,522.3757,2.0120977e-05,101.22074,-17720.764,MIRAI-GREIP_FLOOD
-0.7671604,45.156387,64.16418,1322.7131,-0.04991039,0.019669533,0.0016300543,-0.012063545,-0.039069876,-0.02076954,0.03166052,-0.82177925,0.8794646,0.03255225,-0.051811166,-0.080625035,-0.0011656861,0.005490817,0.04019759,-0.03593062,0.0034015207,-0.0131713115,-0.002899766,0.029368626,0.0014520274,0.004024069,-0.030310493,-0.054698925,0.96646625,1.0015287,52976.156,168.47694,540.1753,505.07938,24.168255,561.15234,0.0004913632,100.94886,2156.201,MIRAI-GREIP_FLOOD
-0.060142517,44.85616,63.765152,3653.7217,-0.039904896,0.025806714,-0.03979649,0.021284385,-0.047205813,-0.023908503,0.010073766,-0.90406966,1.1218156,-0.0064336695,-0.049364537,-0.11162387,0.10312497,-0.0010154303,0.044897452,-0.02796467,0.0026012212,0.008251871,0.021237552,0.029826054,-0.030284377,0.020257145,-0.0021565706,-0.011522806,0.9735553,0.99491614,53268.35,160.72707,515.8093,531.3077,24.023617,587.41504,0.00058483006,97.983604,-5606.6406,MIRAI-GREIP_FLOOD
2.624981,46.675156,64.55589,6822.832,0.028170306,0.0064748223,0.0007897266,-0.018002389,0.04134734,0.0023756241,-0.013181249,-0.6706598,0.15229324,0.11778557,-0.08781421,-0.019918794,-0.015114473,0.027455382,0.028575692,-0.009725684,-0.011558054,-0.011929375,0.046064258,-0.045148503,0.015570089,0.0052658133,-0.051429514,-0.02271304,0.9810236,0.9627709,54779.715,88.72123,404.9603,507.63712,-12.208948,497.60904,0.00023421593,102.02545,-21489.922,MIRAI-GREIP_FLOOD
2.7356358,44.64258,63.844067,7394.1465,0.044134863,-1.0754913e-05,0.015813481,0.0014183874,0.07355757,-0.038579483,0.018910015,1.3534697,-0.21506073,0.09654318,-0.015989967,-0.023141172,-0.0045825313,-0.014577156,0.035387643,-0.006332672,0.012326119,-0.048700314,0.07603943,-0.03111575,-0.037121575,0.044661842,-0.053227823,-0.037833698,0.97476906,0.9599407,53183.46,96.441666,343.3599,511.10568,6.8843765,499.88696,0.00027108466,98.50394,-19860.28,MIRAI-GREIP_FLOOD
0.76180077,48.232754,64.89615,3976.3923,0.005614292,-0.006901352,0.0027534645,-0.010857507,-0.035798028,-0.027050272,0.03471267,-3.1888719,0.090631984,-0.0060463045,-0.04202019,-0.068530865,0.09266782,0.0033264281,0.058923528,-0.01667212,0.013850156,-0.0101782,0.0014487505,0.0066181473,-0.024048742,0.013431762,-0.039716512,0.0012634043,1.0056107,0.9606186,55529.816,118.79311,451.59955,535.5015,-7.298155,524.6926,0.00015304987,103.42803,-30357.95,MIRAI-GREIP_FLOOD
2.2058964,44.02587,61.993053,1814.7444,-0.023876883,0.10275545,0.017475724,-0.0005087238,0.019723732,0.024197396,0.019314166,-0.96227574,1.8016077,-0.03901962,-0.10338209,0.02588721,-0.0015687846,0.022743255,0.033957586,0.025621038,-0.009326536,0.01688352,0.11072105,-0.094712846,-0.005449087,-0.011130384,-0.016598927,-0.022833096,0.9611114,0.9484235,53048.223,64.43765,453.14572,520.98126,58.73282,507.4141,0.00047714997,100.20386,6450.037,MIRAI-GREIP_FLOOD
0.42469215,47.214592,64.31473,4153.3984,-0.022956831,0.0040377546,-0.011676157,0.0042926194,0.0072181933,0.043730497,0.036747374,-0.07022536,0.37427872,-0.002043154,-0.032783493,0.038406428,0.008399354,0.008535761,0.05887664,-0.008042668,-0.0051919906,0.031910393,0.017343879,-0.032034986,0.0059530954,0.010580435,0.011851372,0.013364537,0.96540713,0.9243334,58141.07,69.0831,685.48883,562.79297,148.68588,580.3469,0.00035071798,105.86508,39579.605,MIRAI-GREIP_FLOOD
1.3419456,44.77275,63.29265,4997.2397,-0.009172539,0.006894382,-0.0014887494,-0.007551437,0.0063322,0.032063004,0.009129885,-0.65702057,0.11869061,0.17273077,-0.043475483,-0.061811194,0.01580794,-0.007064342,0.0118026985,0.036946367,-0.015272317,-0.004477813,0.03459382,0.022447169,-0.028150562,-0.0067550433,0.0121434815,-0.011651897,0.9749346,0.9671872,53352.023,79.92907,324.273,509.39322,11.642384,507.0239,0.00036592525,97.32482,-25994.344,MIRAI-GREIP_FLOOD
1.635006,45.70624,63.34143,2770.6125,-0.023625454,0.014495145,-0.012070473,-0.01503762,0.04658521,-0.036726855,0.03254652,0.7670261,-0.027321946,-0.005217595,-0.088465735,-0.040855125,-0.0037223117,-0.050986648,0.046803247,-0.049178094,-0.0038418267,-0.02306768,0.07415646,-0.02467206,-0.036716163,-0.017457867,-0.021641748,-0.054401733,1.0169438,1.0326024,57307.414,178.71799,473.81244,529.5169,-18.449646,550.79663,0.000341997,99.08347,-914.91547,MIRAI-GREIP_FLOOD
2.0755596,46.143566,66.47236,716.1692,0.051016763,0.0055588526,-0.0028919103,0.00467636,0.019684916,-0.0079335915,0.0030744565,0.6743537,0.14541711,0.6300965,-0.015647296,-0.02688015,-0.00012135878,0.024103744,0.009010694,0.021497946,-0.0033107842,-0.032025043,0.05177933,-0.023104222,-0.008072912,-0.018754277,-0.05633782,-0.044151336,1.0034341,0.9925923,53465.094,73.65641,411.212,540.7757,27.886803,506.9692,0.00076683034,102.862305,-15454.727,MIRAI-GREIP_FLOOD
1.9571457,43.340603,63.730713,3799.7668,-0.014573287,0.012793193,-0.03070659,-0.009394813,0.03972537,-0.008756779,0.033059552,0.13212705,0.56697625,0.005461797,-0.020448335,-0.0011689356,-0.0065438333,-0.005062106,0.06393334,-0.009366706,0.009674154,0.03140196,0.0718196,-0.041412197,0.00296877,0.029912414,0.001225681,-0.05067984,0.9547541,0.93255776,55945.492,110.494064,618.5586,523.98126,60.52094,546.9896,0.00065387384,102.81596,9034.344,MIRAI-GREIP_FLOOD
1.3001347,46.867767,69.51573,3422.5068,-0.0056682248,0.0022989875,-0.052379526,0.011286608,-0.014096301,-0.030425137,9.3407e-05,-0.69409466,0.111275546,0.1061337,-0.09721149,0.0072521246,-0.02779795,0.012870666,0.045933645,-0.042449042,-0.045084544,-0.0473091,0.040552855,-0.01636566,-0.029432219,-0.035895303,-0.06848277,-0.019347094,1.0607661,0.991421,56138.12,176.75883,515.38074,521.81,-45.585526,525.43964,0.00018089537,101.46395,-18209.111,MIRAI-GREIP_FLOOD
-0.9180355,48.110695,62.72831,7795.671,-7.8519806e-05,-0.0019541674,0.0033983588,-0.004010601,-0.069632486,0.013799523,0.032831445,-3.397668,-0.037163634,-0.057081353,0.008155703,-0.0636318,0.007842778,-0.036720447,0.047664694,-0.00027209986,-0.014084643,0.015592637,-0.027086556,-0.0066693886,-0.018912362,0.070712335,-0.014948232,-0.028365692,0.99792486,0.96476674,56954.6,148.62314,421.08673,519.0668,9.546262,531.50256,0.00029568924,98.69806,-9795.703,MIRAI-GREIP_FLOOD
2.1248398,44.772648,62.592834,4649.473,-0.0134442635,0.00962729,-0.020468906,-0.004475791,0.043191552,0.014324891,0.0045716926,-1.6688781,0.047256924,0.12551437,-0.02236764,-0.010873488,0.0023077736,0.0008748658,0.01999039,0.032644443,0.016601445,-0.02309464,0.091336906,-0.050165486,-0.022312619,0.010160122,0.009048566,-0.0010554586,0.96317333,0.9624243,57383.438,74.815735,398.4261,531.73846,47.954353,528.6833,0.00033208507,98.20393,-10210.785,MIRAI-GREIP_FLOOD
2.5652409,47.7421,63.84144,3751.8623,-0.0034748297,0.045900643,-0.019539537,0.09396183,0.042228773,0.022565559,0.01304251,3.1761467,3.0251398,0.6368109,-0.035088643,-0.1397842,0.48228678,0.0070512057,0.010327463,-0.059356842,-0.0215052,-0.033448447,0.079182744,-0.023162918,0.015989525,0.029663628,-0.063270405,0.019277798,1.015744,0.95008296,54259.152,56.49052,590.95496,491.3826,88.55371,522.6924,0.0008448458,104.09687,7674.4976,MIRAI-GREIP_FLOOD
0.9121132,46.111946,64.08656,5349.9653,-0.0018350966,0.00058816373,-0.0069952896,0.0019243503,-0.031569913,-0.00962564,0.03606545,-3.5439568,-0.01500897,0.0689899,-0.003934223,-0.028727176,-0.011406959,-0.007506264,0.06395779,-0.024187371,0.0006185286,-0.04642034,0.009765804,-0.0020813718,-0.021441763,0.013271321,-0.038063496,-0.029565131,1.0014108,0.969018,54989.33,157.59668,446.97546,514.4257,4.3503876,519.8057,0.00035761477,99.92966,-13952.819,MIRAI-GREIP_FLOOD
1.8692951,47.314014,63.659378,128.83691,0.023460358,-0.0076268287,0.0040739262,-0.043627765,0.050242253,-0.011103573,-0.020077925,0.31263733,0.038175944,0.105856895,0.021133006,-0.046284985,0.0018672658,-0.0068605365,0.011157804,0.0019762805,0.0042647636,-0.04654622,0.047579885,-0.04544968,-0.04508514,-0.029725423,-0.02237033,-0.020365838,0.996516,0.99056745,55046.62,67.46976,334.82486,548.9694,16.767296,488.79962,0.0006324689,103.931206,-24504.596,MIRAI-GREIP_FLOOD
3.2250862,43.376022,65.84341,6157.4556,-0.002548769,0.003434625,-0.050123617,0.04528848,0.045074157,-0.044739325,-0.004073265,-1.6175976,0.30564886,0.017296761,-0.107315786,-0.11048407,0.42065927,0.01448366,0.098252535,-0.04801918,0.0042792177,-0.040814742,0.10635769,0.02174605,-0.0119441245,0.026870778,-0.07073052,0.04779514,1.0138525,0.9397628,47313.734,145.903,520.3518,511.8123,9.275391,553.65594,0.0002828008,90.19239,-13570.748,MIRAI-GREIP_FLOOD
-0.8292885,46.52431,64.02616,4135.8926,-0.006253049,0.008591565,-0.027969407,0.018537452,-0.086737536,0.0076597347,0.0137271155,-2.7050378,0.29205334,-0.04562628,-0.059455812,-0.04705888,0.009491282,-0.011844266,0.0464397,-0.04552944,-0.043991677,-0.0172036,-0.0075411797,0.05928568,-0.01618502,-0.018484697,-0.009511345,-0.040313583,1.0201247,1.0144795,54276.414,174.9435,593.49,526.92285,21.523548,561.6493,0.00028008118,98.822655,132.5512,MIRAI-GREIP_FLOOD
3.2103195,43.0352,67.72575,4062.371,0.015399336,-0.0032487966,-0.021123977,0.0014142169,0.056825712,-0.022541769,0.015724499,3.8324275,-0.239559,0.2338351,0.07291415,-0.04746612,0.119314946,0.0050130766,-0.008739539,-0.013498569,0.018861232,-0.015179803,0.0666759,0.009052896,0.0010568928,-0.0024337205,-0.030664552,-0.021206226,1.0110097,0.98415595,53688.844,97.02849,746.0556,496.31937,84.561035,503.9985,0.0006683094,99.48613,13000.645,MIRAI-GREIP_FLOOD
-0.28209305,46.470375,63.9239,2910.0278,-0.021239474,0.004273818,0.013960294,-0.001484204,-0.010163294,-0.024714163,0.011446756,-1.9638658,0.075831845,0.025715105,-0.052461,-0.11522864,-0.011609941,-0.01069229,0.05674995,-0.027121602,0.018887784,-0.030470537,0.017697334,-0.019266848,-0.01640424,-0.0031488063,-0.038617335,-0.020183112,1.0088983,1.002233,56739.637,170.34961,429.70242,502.06073,6.704446,525.8569,0.0005166863,100.18519,-4923.1035,MIRAI-GREIP_FLOOD
2.663662,44.420494,64.35579,5060.0522,-0.014419349,0.003457122,-0.018923635,-0.0012594479,0.03940606,0.020233316,0.031084267,-0.9863415,-0.00234209,0.03034813,-0.077096775,0.034352016,-3.2372773e-05,0.011002891,0.018882865,0.018877218,-0.012166425,0.0047207763,0.09351075,-0.0457751,-0.009264309,0.0039542597,-0.0033578463,-0.0067826267,0.99081004,0.9731199,57518.902,75.28521,464.3872,535.0345,58.684555,538.26025,0.00022505928,99.80792,-1064.9663,MIRAI-GREIP_FLOOD
-0.09876251,45.12614,62.449265,3366.2737,-0.0056640804,-0.0031618003,0.0041306857,-0.015402271,-0.036846288,-0.0051112976,0.03283986,-3.9344401,-0.031392567,0.08772753,-0.022577485,-0.10262641,-0.00010765903,-0.0085213445,0.042094048,0.024029726,-0.007938377,-0.0014235498,0.006303668,0.040817242,-0.028557748,0.040182512,0.0047741644,-0.03747237,0.96653825,0.9753435,54415.875,131.09311,367.30713,495.44925,6.2415314,501.2904,0.0004417549,96.56903,-12615.023,MIRAI-GREIP_FLOOD
-0.0939064,46.47975,63.9529,4399.731,-0.00997343,0.0036690382,-0.011654241,-0.0037469913,-0.03494806,0.007653637,0.027365118,-3.3786192,-0.095422834,0.02947701,-0.10052844,-0.0660723,-0.0033768085,-0.013103623,0.04925568,-0.013502555,-0.0028462242,-0.022734798,-0.002248764,0.020603353,-0.008222511,-0.004371556,-0.02181917,-0.043042544,1.0113075,1.0163202,57041.855,174.51425,424.71255,530.1402,-34.720196,537.9029,0.000168931,98.899284,-17567.041,MIRAI-GREIP_FLOOD
2.4396362,43.987022,63.575413,2761.8286,-0.008457591,0.016114032,-0.006471146,0.0055562374,0.06545723,0.0075508608,0.026429992,3.6266043,0.3460211,0.05153425,-0.007592793,0.012732657,0.008585785,0.029638616,0.004614624,-0.011811721,-0.002337976,-0.016170533,0.10382575,-0.04400823,-0.0030406192,0.018182369,-0.0056549395,-0.02823471,0.9897482,0.97597533,57560.484,67.86279,806.306,573.958,151.79736,586.0403,0.00053062337,103.54934,34697.875,MIRAI-GREIP_FLOOD
2.007639,44.06862,66.96443,3559.52,0.004288899,0.015499628,-0.007998011,-0.0036875063,0.036264844,-0.0055320817,0.011552087,-0.5410392,0.5311444,0.06884728,-0.052004304,0.010577854,-0.008749116,0.030786429,0.024831757,0.03706334,0.012180734,0.0026777107,0.05782342,0.011059518,-0.004200181,-0.02236266,0.0038324902,0.027531648,0.9807553,0.97086763,52788.516,86.220245,405.12332,503.9337,11.440584,516.1137,9.3530194e-05,99.63528,-19100.467,MIRAI-GREIP_FLOOD
0.92046547,45.086693,62.360733,2255.7551,-0.043801475,0.0078070215,-0.020745145,0.00909198,-0.020884179,-0.0004913617,0.073591724,-0.5368489,-0.07632381,0.08361712,-0.09122269,-0.054568343,-0.005577576,-0.019234631,0.040606588,0.0040665874,0.0059809955,-0.05027194,0.031139314,-0.016540125,-0.048152342,-0.0010475307,0.025592692,-0.018534617,0.9842632,1.0064808,57183.79,178.83029,460.4702,542.3348,-14.95842,577.0949,0.00021120512,96.6018,-5999.0303,MIRAI-GREIP_FLOOD
1.317503,45.756027,63.9539,4466.107,0.009116818,0.0016072612,-0.00069488306,-0.015317691,-0.0018842006,-0.005756358,-0.026167827,-1.6411214,0.016308947,0.049468175,-0.00885032,-0.09855043,0.039443243,-0.009580384,0.037493683,-0.014294775,0.0035882415,-0.025724549,0.03211367,-0.0198869,-0.015224474,0.01227805,-0.026375432,-0.0077328268,1.0181926,1.0081306,54341.7,169.31075,383.71118,514.03436,-11.672169,530.9008,0.00048395514,98.822334,-7794.6606,MIRAI-GREIP_FLOOD
-0.56152725,45.84615,64.530815,2481.4363,0.004745368,-0.007024941,-0.008326486,0.011719375,-0.07288059,-0.0041813925,-0.00808839,-5.3926272,0.034345306,0.046450727,-0.08594836,-0.07054939,-0.007653229,-0.007550348,0.046444602,-0.030249853,0.010017128,-0.023774795,-0.028181553,0.10075797,-0.003058936,-0.002873555,-0.029737853,-0.028217351,0.9839452,0.9824061,51370.05,154.36787,443.12872,501.33075,-8.700178,563.5569,0.000317126,95.462524,-16317.1455,MIRAI-GREIP_FLOOD
4.541485,42.35612,66.60132,2700.9546,0.01050908,0.010831775,-0.0074733812,-0.0010507925,0.10689146,0.00065340835,0.021915156,1.6699517,0.26125723,0.021641022,-0.08373543,0.009229736,-0.0015897691,0.017317157,0.014716404,-0.003372468,-0.0015754602,-0.020490501,0.1359449,-0.05185294,-0.0011243857,0.00695291,-0.0064864615,0.00068025663,0.99657893,0.99079543,52519.973,73.661354,490.3292,487.10828,63.42437,501.41937,0.00012211618,97.89406,2360.0981,MIRAI-GREIP_FLOOD
-0.06176567,44.839626,63.40524,4460.01,-0.020304501,-0.001662552,-0.0031852815,-0.012628279,-0.039453827,0.00034480647,0.008561862,-4.5949545,0.11499545,0.05878575,-0.03229619,-0.11180739,-0.003672581,-0.0134669915,0.041803237,0.0040523475,-0.014892113,0.0007830467,-0.013717115,0.045499038,-0.02019983,0.020669352,0.0014451938,-0.042760205,0.9798027,0.96948725,53680.746,137.5448,378.30255,516.5863,2.7509165,530.87476,0.0004659691,96.8344,-14260.13,MIRAI-GREIP_FLOOD
2.1574898,44.386276,65.21413,4854.0337,-0.024918668,0.00962403,-0.008931642,-0.006483884,0.015159732,-0.011270093,0.017969254,-1.6793916,0.22096916,0.06192244,-0.092247576,-0.077520505,0.12274086,0.019402387,0.014438665,-0.0011913152,0.0064234994,-0.007611345,0.06314403,0.025995439,-0.024971468,-0.008786846,-0.019789504,0.017035812,0.98665565,0.96316534,53016.453,85.270386,416.57758,487.2136,17.323729,494.75473,-5.535943e-05,98.21419,-18995.668,MIRAI-GREIP_FLOOD
-0.9263878,45.12808,63.96565,4904.0493,-0.030219186,0.0007301382,-0.030826552,0.0054764315,-0.053327605,0.0006797741,0.008361236,-3.7205229,0.03802492,-0.032394856,-0.017447636,-0.04258035,0.001612527,-0.02926103,0.044263117,-0.07526731,0.0027452642,0.0182107,-0.00073873997,0.038888313,0.0013090344,0.003926606,-0.0379618,-0.047488693,1.0109147,0.9743454,57096.49,168.23277,529.67676,560.2881,27.80498,593.33215,0.00048154884,98.311424,254.82971,MIRAI-GREIP_FLOOD
1.1681328,44.227715,63.995407,443.73462,0.012902917,-0.010442472,-0.011937133,-0.021690018,-0.015000168,0.009368716,0.0034778262,-0.4991877,0.04333889,0.2831116,0.039726853,-0.07569718,0.025835453,-0.0027060602,-0.012338887,0.025057262,0.0019954331,-0.020196665,0.02917391,0.08527063,-0.044936195,-0.019669197,-0.018421128,-0.035118535,1.0045575,1.0042912,51432.6,71.39145,361.95508,513.2254,22.879463,487.0279,0.00062581117,97.32095,-20759.648,MIRAI-GREIP_FLOOD
-0.026166916,45.329594,64.59995,4784.314,-0.020827252,-0.0012740194,-0.019171914,-0.0021422496,-0.028643636,-0.0026082504,0.011196294,-3.2626824,0.30397987,0.11568536,-0.06542687,-0.07829062,-0.0111359125,-0.0049488572,0.053031042,-0.04039094,-0.0051324,0.010115117,0.014277756,0.059782624,-0.002393853,0.0015409105,-0.044979297,-0.04145317,0.98898476,0.96280265,52467.414,163.05731,442.7212,506.91003,1.7438593,550.0393,0.00031307567,98.072235,-4386.084,MIRAI-GREIP_FLOOD
-0.6687374,44.10663,64.01001,2697.2205,-0.040032785,0.002673982,-0.009452396,-0.004960641,-0.059392594,-0.041253228,-0.0012197252,-1.2034631,0.07118404,-0.019555103,-0.021736668,-0.06823641,-0.012674406,-0.00982454,0.02956411,-0.026889926,-0.0077119,-0.027692318,-0.020233989,0.100012176,-0.004214458,0.02049003,-0.033458628,-0.053635575,0.9838915,1.0023675,54350.45,156.96365,538.41174,540.8449,26.600925,565.5885,0.00029283678,97.458336,490.63727,MIRAI-GREIP_FLOOD
1.6003246,45.527096,64.230675,12534.762,-0.034817964,0.0123318955,-0.015351158,-0.0031851933,0.03223416,0.025192192,-0.011391797,-1.4649525,0.34967744,-0.06165213,-0.18970042,-0.02923399,0.10260564,0.0031459145,0.05811201,0.04634188,-0.011455446,-0.010232049,0.055983603,0.010779641,3.3401884e-05,0.031962465,-0.016658507,0.003673248,0.9288406,0.92128515,56525.367,72.11778,430.65594,504.26077,51.126125,525.76044,3.3877834e-05,96.74982,-7022.5312,MIRAI-GREIP_FLOOD
2.1305141,43.703056,63.57457,4775.97,-0.0049352553,0.0066186576,-0.0132863885,-0.0039950297,0.049367063,-0.014279952,0.03428106,2.4775295,0.0057717413,0.06691701,0.012108832,-0.06588026,0.049708385,-0.0066494243,0.0535115,-0.0014155358,-0.0064209546,-0.009903017,0.075412095,-0.0593018,-0.022367798,0.054006703,-0.014016645,-0.015539514,0.953241,0.9519045,55884.383,143.50385,504.52094,513.83575,35.422596,516.1002,0.00049088424,98.6898,580.3265,MIRAI-GREIP_FLOOD
0.46774292,44.51866,64.274445,2549.873,0.012093777,0.0022302559,-0.0034993212,-0.010110944,-0.009231696,-0.0036124128,0.017194059,-0.58508873,0.33521518,0.09395471,-0.088845834,-0.03735216,-0.0012807696,-0.006111036,0.022770416,0.015537963,-0.0027950853,-0.0060694525,0.024056554,0.05362093,0.008985041,0.009277473,-0.039461218,-0.062894985,0.9900715,0.9748975,52946.766,87.508865,423.35287,514.93335,27.392654,539.2257,0.00057008216,99.21393,-14179.798,MIRAI-GREIP_FLOOD
-0.8854313,46.540676,65.78519,1756.4497,-0.02893295,0.0012403837,-0.022427784,0.00012457557,-0.041116245,-0.014716788,-0.027962176,-0.92658496,0.23536149,0.0023804046,-0.014097968,-0.056851562,-0.004319738,0.013003878,0.013378236,-0.0060535083,0.0067095365,-0.04037074,-0.01708448,0.08336827,-0.0024119136,0.0010977639,-0.02366428,-0.017652497,1.0099914,1.005928,56777.38,75.00904,535.39044,549.5664,55.686386,559.9062,0.0005173039,99.115166,-5068.8896,MIRAI-GREIP_FLOOD
-0.7140789,47.458233,63.726166,3440.6694,-0.043244027,0.008334175,-0.04305145,-0.0001579579,-0.052710295,-0.018093076,0.02551646,-2.367833,0.06739356,0.048514456,-0.060984284,-0.033988077,-0.0112184435,-0.027862374,0.043400507,-0.012987189,-0.05104709,-0.040697116,0.0328722,0.024876945,-0.0063943677,-0.06923308,-0.037601836,-0.023880348,1.0555829,1.0116324,59535.324,179.38408,526.93823,539.60785,-24.304558,568.425,0.00027127718,101.60528,4350.024,MIRAI-GREIP_FLOOD
-0.6458225,45.158447,61.473503,1590.6128,-0.024213845,0.0009948498,0.010462148,0.01200083,-0.044659644,0.0029724166,0.037398547,-2.2731867,-0.049369834,-0.00286581,0.04241757,-0.0517575,0.010909795,-0.018494612,-0.0029811356,0.010626534,0.01737472,-0.010974648,0.007042706,0.02327006,-0.016790038,0.0318425,-0.03428263,-0.01955013,0.9851624,0.9612739,56189.555,89.227394,532.47375,522.07697,52.353485,538.1491,0.0007903556,100.506134,-2907.3752,MIRAI-GREIP_FLOOD
-1.6467819,44.487186,63.860176,5267.416,0.028940655,0.003217288,-0.02225801,0.0057153176,-0.056222193,-0.007557711,-0.0059356354,-3.1821723,0.051183075,0.24570301,0.06792766,-0.13171451,-0.005062003,0.007466934,0.035299774,0.0022616005,0.023486696,0.016020268,-0.018626988,0.054435484,-0.037383746,0.040235654,0.016376307,-0.03352028,0.9588267,0.9867158,56412.254,138.75699,540.99475,537.6972,39.53505,541.63855,0.00059815834,99.39346,6349.8994,MIRAI-GREIP_FLOOD
-2.609869,47.78714,64.931305,1811.5513,-0.036606047,0.0068018623,-0.026032364,-0.005979386,-0.07679458,-0.015946599,-0.017880045,-3.2071767,0.42645153,0.08659106,-0.11565473,-0.1019879,-0.019855088,-0.0012777606,0.04877854,-0.05979508,-0.020555992,-0.023366068,-0.024547875,0.06776579,0.017570462,0.0040466674,-0.0635207,-0.03369901,1.0121036,0.99125224,59190.4,169.23665,602.79333,557.7091,18.6756,597.9012,0.00049033633,101.64676,1687.5549,MIRAI-GREIP_FLOOD
3.7224636,44.079124,71.39587,3794.6965,0.014468951,-0.0009181201,-0.008205714,-0.0043170797,0.07547862,-0.011400604,0.027262492,1.2392766,-0.030654438,0.3911856,-0.04063368,0.030236293,0.0031411082,0.026935397,0.003794888,-0.002734568,-0.0066871895,-0.043660864,0.1036157,-0.029119385,-0.018829532,-0.011216277,-0.009881504,-0.027693007,1.0162153,0.99992645,53790.324,82.38924,514.9463,541.4713,65.97062,529.6919,0.0002177799,98.06034,1718.5701,MIRAI-GREIP_FLOOD
1.4012566,45.51246,65.48025,2209.4421,0.041005015,0.0024553898,0.0058192224,-0.002279493,-0.0014153486,-0.03504642,0.0016099494,-0.76670027,-0.04178582,0.24871111,-0.11522417,-0.0915699,0.006457587,0.029574908,0.020805705,0.013559416,-0.005357533,-0.0113164205,0.012930334,0.03462851,0.009983363,0.046176657,-0.03679942,-0.021624863,0.9496849,0.967111,51917.35,97.03106,382.12292,509.46112,6.748193,509.16782,0.0028017466,99.79197,-26645.875,MIRAI-GREIP_FLOOD
2.1075058,45.833817,64.147705,13213.85,0.0215992,0.007412448,0.020869115,-0.008355053,0.060134105,0.015040729,0.0029196776,0.65601414,0.12867294,0.048501324,-0.060108196,0.0071019675,-0.00956405,0.0107506,0.0068169413,-0.004157452,0.0008899998,-0.021628495,0.061630726,-0.015402329,0.0014322484,0.018243104,-0.051322415,-0.027060147,1.0054164,1.011662,55102.555,57.790417,424.16583,530.5503,30.883316,537.19244,0.00021958601,99.67601,-5299.6196,MIRAI-GREIP_FLOOD
0.31518555,45.95589,61.92706,5325.139,-0.022603907,-0.0028066617,0.016814966,0.007890318,-0.046622254,0.0052331253,0.029917605,-1.2184792,-0.13227078,0.17949978,0.008116829,-0.06270731,-0.0040714815,-0.03069982,0.017733155,-0.005756039,0.009675905,-0.030019417,0.0028107166,0.009243791,-0.029581953,0.01696062,0.004461254,-0.029970858,1.0068139,1.0214016,58190.55,173.12798,477.83484,556.34735,12.662117,561.32477,0.00041830627,97.26712,-3230.545,MIRAI-GREIP_FLOOD
0.68501854,44.92034,65.149605,2957.3584,0.02102174,0.0017894875,-0.010534144,-0.013969431,-0.0019550128,-0.019377127,0.022915103,-1.7248547,-0.035811506,0.096782625,-0.007323231,-0.033779077,-0.0071888687,0.012750592,0.02574569,0.010677282,-0.0068809604,0.0074299094,0.02589655,0.020972041,0.004497259,-0.008124634,-0.013766762,-0.02853793,0.9926449,0.9690601,55439.96,97.54809,430.75946,524.2249,12.626808,525.5636,0.00027899537,99.46,-17419.344,MIRAI-GREIP_FLOOD
0.14019966,43.095314,63.39331,3679.272,-0.009831916,0.0014861523,-0.0051596574,0.029675042,-0.0393079,-0.028890157,0.01613484,-0.67185163,0.12482617,-0.016055103,-0.06845204,-0.03923797,-0.002379584,0.027017388,0.024854876,0.0035133911,0.007444806,-0.021948721,0.018520892,0.10358781,-0.012269457,0.0461685,-0.024802871,0.0039822515,0.9884185,0.96374136,53446.44,65.40126,523.4037,501.81915,72.49033,519.07,0.00044165237,97.5313,6038.4487,MIRAI-GREIP_FLOOD
2.7705002,45.85811,71.69851,3844.5652,0.0070094783,0.001107782,-0.012985025,-0.0052824775,0.06363042,-0.021438582,0.037137337,0.87232757,0.10054924,0.1008814,-0.05291736,0.035161197,0.008899317,0.024585754,0.035900675,-0.017968649,-0.007899277,-0.023109147,0.07116854,-0.04503423,-0.0036857743,0.011467171,-0.020672807,-0.021866774,1.0175958,0.97956216,55023.75,77.83264,447.11072,534.58026,45.62348,535.98486,0.00040270443,101.0995,-4454.852,MIRAI-GREIP_FLOOD
-2.0918903,49.989178,64.31695,11069.0,-0.01401224,-0.002758624,-0.0026576174,0.004766664,-0.111874856,-0.0023452519,0.015227693,-3.7116113,0.006739646,-0.01706298,-0.01851817,-0.097205155,-0.0074964697,-0.04186852,0.042607635,-0.052258298,-0.0220231,-0.013814315,-0.04818827,0.03378154,-0.0037843757,0.018416177,-0.018762056,-0.022498975,1.014508,0.9856149,58450.855,165.71263,404.023,510.46497,-32.475605,559.41736,0.00032116857,100.870155,-18433.21,MIRAI-GREIP_FLOOD
2.8659782,42.79897,64.270546,1583.749,-0.044493407,0.009095208,-0.048563436,-0.021071047,0.07116171,-0.04507511,0.023829563,3.877143,0.13322625,0.021669986,-0.04368831,-0.049194947,0.0058416086,-0.009593157,0.045328777,-0.013375955,-0.037830736,-0.04402245,0.125588,-0.05498947,-0.0013522222,0.008506484,-0.028413847,-0.010208244,1.0097761,1.026943,55254.68,176.35577,528.25574,544.084,-23.291061,561.21844,0.00023549092,100.750015,-9692.796,MIRAI-GREIP_FLOOD
1.5387878,43.5486,62.14279,6132.92,-0.021868581,0.0047757537,-0.027461613,0.05806412,-0.020263355,0.016684879,0.040898602,-1.414979,-0.1510768,0.12661651,-0.05147664,-0.029749379,-0.019027507,-0.020016048,0.034436338,-0.010729347,-0.0098958695,-0.026220113,0.05337304,0.018998573,-0.02970255,0.003589223,-0.017597362,-0.021943776,1.004843,0.9928744,55019.23,176.61737,450.18033,506.0421,-4.369356,537.1255,0.00023717506,91.58329,-3817.885,MIRAI-GREIP_FLOOD
1.3626575,43.962383,64.21814,2749.4028,-0.0054545514,-0.00040412694,-0.004283099,-0.0032360882,0.011815196,-0.015853368,0.024241515,-3.09583,0.0065129995,0.01555774,-0.054309756,-0.029428022,-0.010490893,-0.0022461126,0.046934567,0.005181823,-0.0031229923,-0.0051599042,0.04330665,0.0071870987,-0.007968946,0.020331323,-0.041080445,-0.051051795,0.9980177,0.98497117,54807.004,144.44478,401.6762,514.0341,-12.549868,528.8913,0.00038718522,97.1075,-18195.045,MIRAI-GREIP_FLOOD
0.62643814,46.52928,64.69792,4073.8684,-0.0070147123,-0.0007725991,0.0021737535,-0.008153579,-0.015252564,-0.0050205435,0.021478217,-1.9540112,0.08574286,0.06381393,-0.09406617,-0.010334471,-0.0077161686,0.010978672,0.035736926,0.008523682,-0.025743963,-0.0042379415,0.014520407,0.0048635816,0.0011470215,0.010290948,-0.008063739,0.0017443392,0.966172,0.95238215,54972.758,78.87657,361.4613,523.79236,12.238412,536.8057,0.00025653423,102.71824,-20875.52,MIRAI-GREIP_FLOOD
1.1409626,46.571323,60.85509,5447.58,0.017345138,0.010602572,0.022979844,0.0012088659,-0.04368271,0.039520867,0.058498513,-0.662166,0.11329285,0.3240508,-0.044862702,-0.10250142,-0.01060428,0.010316683,0.050860267,0.027158203,-0.025909442,-0.040887177,-0.0018208623,-0.01517993,-0.037607796,0.028921135,0.010836133,-0.025669072,0.97957,0.9855097,54843.27,162.29968,425.88995,511.68063,1.4763651,501.12732,-9.3377006e-05,96.418594,-17549.906,MIRAI-GREIP_FLOOD
0.69649315,47.765053,63.877243,4044.747,0.00713529,0.041768488,-0.0123191485,-0.016138678,0.023544524,-0.021029547,-0.0006954139,4.711003,0.96990216,0.12611254,-0.09390872,-0.05965294,-0.013046428,0.0064483983,0.05423279,-0.023323365,-0.028442482,-0.016032098,0.03624922,-0.03641832,-0.047212612,0.030151658,-0.013123119,-0.026272625,0.9715667,1.0197245,56135.938,168.43375,487.82108,503.13477,-16.393944,522.5083,0.0005580677,103.36381,-3513.7178,MIRAI-GREIP_FLOOD
2.803524,43.76523,64.0857,4184.302,0.009896037,-0.0012650936,-0.009059172,-0.009171252,0.032069247,-0.024060177,0.0068038097,-1.2847984,0.15340394,0.040179566,-0.1183962,-0.03746591,0.021193722,0.012755044,0.05857868,0.0019812724,-0.020313278,-0.0094612865,0.06492996,-0.015589188,-0.017560553,0.045304537,-0.016003434,-0.020250913,0.9335855,0.951238,52618.555,124.88162,429.42157,498.93677,14.392637,526.40234,0.00035592634,99.25595,-5225.382,MIRAI-GREIP_FLOOD
-0.42198372,47.46112,62.92164,4511.543,-0.020158581,-0.0056477375,0.009084436,-0.002610939,-0.019150076,-0.008265061,0.024870805,-2.4352684,-0.17739531,0.14687784,-0.020122353,-0.07289113,-0.010121829,-0.029118203,0.016998312,-0.009052282,-0.0003961427,-0.030251386,0.015220702,-0.020099282,-0.0456447,-0.009515597,-0.0020550936,-0.007206471,1.0285283,1.0163623,56640.57,178.49358,389.58124,521.2974,-38.88219,516.9709,0.00034711682,100.432755,-18154.02,MIRAI-GREIP_FLOOD
8.614512,43.69208,65.86893,2901.3833,0.03359282,0.029317204,0.030089933,0.10505878,0.3184276,0.0016310107,0.020046292,35.38729,1.2960411,0.61146474,-0.0330739,0.10882295,-0.0111053055,0.05015945,-0.017645132,0.01030093,-0.03500531,-0.09178476,0.26752084,-0.04263789,0.008172341,0.03072341,-0.090587944,-0.046506815,0.974291,0.99641794,44988.297,65.36943,642.55164,435.30618,73.012436,421.96027,0.0005979579,104.747444,-1298.0603,MIRAI-GREIP_FLOOD
0.2163868,47.506634,64.36358,6590.325,0.029506197,0.012536886,0.0007263734,0.007788883,0.015796728,0.039017923,-0.009009925,-0.2330358,0.3026489,0.6516968,-0.062906794,-0.018761786,-0.0048755757,-0.005480745,0.022777714,0.013606951,-0.017907806,-0.029968636,0.03943926,-0.007571246,0.017568069,0.020011455,-0.048721787,-0.058381036,0.9927693,0.98524934,57126.676,58.31711,528.2777,568.50354,67.06936,587.1169,0.00030194758,100.302124,948.605,MIRAI-GREIP_FLOOD
3.896227,43.74418,63.915016,7574.665,-0.07019061,0.008132525,-0.055580333,0.004510395,0.089567654,0.011446489,0.0016931235,3.2714572,0.06935761,-0.05689777,0.060500085,0.007532341,0.0750421,-0.018846288,0.012513603,-0.027438246,0.0038727187,-0.0032443414,0.16040814,-0.08074629,-0.018091563,-0.014311906,-0.0036093127,-0.0075641735,0.96857697,0.94142526,58567.62,66.33504,812.2128,567.4805,130.2251,564.73267,6.640896e-05,101.36097,15264.547,MIRAI-GREIP_FLOOD
2.1655788,43.15444,63.85404,4987.8257,-0.011026206,0.0077147256,-0.0019931374,0.0027248005,0.05434552,-0.0033439691,0.034398034,0.31028545,-0.073863186,0.06815347,-0.022062426,0.012345476,-0.004234922,0.00302854,-0.008860337,0.03243975,0.0027263397,-0.009835487,0.0858084,-0.020607835,-0.021362573,0.020353846,0.0118886065,0.011208508,0.97640413,0.9556018,54957.027,82.84637,494.19684,511.95068,46.548744,516.8616,-7.455204e-05,98.85792,-6899.1807,MIRAI-GREIP_FLOOD
-1.2870045,45.822712,65.537964,1368.7893,-0.011018234,0.0495766,-0.064073294,0.08946753,-0.11992095,-0.024308795,-0.0129930405,-4.8720484,0.6190987,-0.01218493,-0.030968051,-0.1100096,0.0031191402,0.00471774,0.0728618,-0.06284943,-0.0055694324,-0.021621339,0.0146718025,0.092151195,0.011065268,0.016773935,-0.01975105,-0.010552508,0.9511541,0.9775601,51832.88,153.58694,610.83936,501.58603,28.102543,578.9038,0.0019480018,95.59034,-3639.581,MIRAI-GREIP_FLOOD
2.834322,44.84995,70.78099,4447.9487,-0.018322136,0.0028202254,-0.0108200945,-0.019937105,0.029829731,0.0100366315,-0.014699936,-1.6304319,0.17251848,0.031485848,-0.02062089,-0.05897293,-0.007845703,0.018289763,0.039245892,0.0126283,0.008442536,0.003779442,0.09379214,-0.04104096,-0.003336158,0.0059249857,-0.021005187,-0.0022665132,0.99524474,0.97082907,55486.95,131.34651,381.1875,520.2296,-17.750534,499.90335,0.0003657986,98.65583,-12204.627,MIRAI-GREIP_FLOOD
-0.5666523,47.970604,63.695343,25319.98,-0.0057493336,-0.003434759,0.0044990447,0.0015848629,-0.012432162,-0.001063,0.028038127,-0.06449568,-0.15141049,0.09706218,-0.040252507,-0.074139796,-0.018073978,-0.023227133,0.03349229,-0.008821016,-0.012462461,-0.0239302,0.03093183,-0.04447066,-0.010299655,0.004447881,-0.055769403,-0.022879746,1.0261356,0.99505246,58450.137,158.79123,338.7023,535.1249,-9.380877,508.61505,8.981237e-05,100.8565,-16034.619,MIRAI-GREIP_FLOOD
3.6138134,44.93037,64.82062,900.7512,0.0652267,0.01719051,0.004110327,0.017885612,0.0929083,-0.01013094,0.03187369,2.6215768,0.32170978,2.0582726,-0.020936552,0.09388699,0.0013019833,0.003970079,0.0020395732,0.011951499,-0.0014996878,-0.031224709,0.13930583,-0.08705672,-0.008476944,0.00787831,-0.019903814,-0.015353398,0.9833054,0.97749484,54063.31,70.15519,540.04004,549.74915,78.95093,536.83746,0.00064218626,103.94499,6145.4707,MIRAI-GREIP_FLOOD
3.5976276,46.278137,64.573685,1543.4897,0.037006583,0.013574176,0.013234068,0.00042985007,0.07726064,-0.02789138,0.006493996,4.511484,0.21186945,0.17840949,-0.16939223,0.046930715,-0.011726356,0.032599173,0.019880038,0.01652037,-0.015780874,-0.04342953,0.100284874,-0.07951375,0.020849433,0.027763374,-0.057475124,-0.019713027,0.9602965,0.9791627,55150.773,80.716446,497.4943,546.9955,41.027496,543.30096,0.001183991,104.5478,5846.897,MIRAI-GREIP_FLOOD
2.4961662,47.53091,75.17853,3544.887,0.014933849,0.06658577,-0.01386787,-0.0016127635,0.045882918,0.0118858265,0.00077581964,1.6332294,4.011914,0.03777291,-0.048967186,0.032600664,0.012363778,0.0013408065,0.036967956,0.019957738,0.0062114187,-0.051976535,0.0663169,-0.027129825,0.015945822,0.04483459,-0.04802744,-0.031229287,0.99395436,1.0006572,52158.63,56.05393,471.87738,534.6817,20.652348,553.8121,0.00044938189,102.50431,-10443.58,MIRAI-GREIP_FLOOD
0.14984131,47.977352,64.68371,1321.0381,-0.0023529306,0.004425686,0.0007919478,-0.0053917374,-0.009150622,-0.002183012,0.0025304104,-2.4576771,0.18664761,0.123032436,-0.11147992,-0.021702372,-0.00089121977,0.01518394,0.0471801,0.026548075,-0.025930054,-0.0064945174,0.0061339736,-0.0041083614,0.016129088,0.017065851,-0.027163094,-0.03017059,0.9715331,0.97420007,54789.65,93.969315,381.898,512.7374,8.7890215,520.4643,0.00046122776,102.2622,-26510.29,MIRAI-GREIP_FLOOD
2.586712,44.304302,66.976006,4312.22,-0.0028792396,-0.0039837793,-0.01353028,0.026267117,0.0070846397,-0.02717714,0.039065145,0.46779996,-0.17295939,-0.017859474,-0.038474917,0.009700371,-0.012406374,-0.0073934062,0.045812048,-0.017926987,0.010508223,-0.018869407,0.07384187,0.01860172,-0.009419183,0.03745257,-0.048017696,-0.018255763,0.988388,0.96550685,54007.637,137.59604,532.84534,518.85333,15.570797,535.4428,0.00020826317,99.444595,-13210.887,MIRAI-GREIP_FLOOD
2.340784,44.240177,72.67327,4068.077,-0.040409025,0.004839802,0.0022763666,-0.005068379,0.03684004,0.010837001,0.02390961,0.41883236,0.14468777,-0.054812968,0.04705638,0.0035426626,-0.00052869506,0.017447071,0.0466761,0.01221619,0.0037866272,-0.007574525,0.07025683,-0.0029619185,0.007400347,-0.0046690274,0.0008603325,-0.0072165853,1.0012776,0.9746121,53826.504,102.04626,495.48566,519.4788,39.60205,521.32007,-0.00015250534,98.08883,-6118.3496,MIRAI-GREIP_FLOOD
0.624424,46.585735,64.63128,2391.7598,-0.02659673,0.008156433,-0.05001566,0.06778217,-0.047459,-0.019653523,0.011589931,0.14421982,0.081498064,0.03362604,-0.076833755,-0.034484413,-0.00986422,-0.016366823,0.061675157,-0.024139786,-0.029915866,-0.04685694,0.0385347,-0.0016581082,-0.025764955,-0.02242275,-0.035630763,-0.036373593,1.0430881,1.0115247,58708.363,178.09702,622.80615,543.3063,-3.1889248,573.2167,0.00023955484,98.03294,-6284.7627,MIRAI-GREIP_FLOOD
3.8279438,42.325256,69.249,-119.59863,-0.05170047,0.044830743,0.00017619459,-0.0023474887,0.062391758,0.003702222,0.0023142505,2.0256805,1.2296032,-0.04567526,-0.022791578,-0.001330045,0.011702048,0.016820023,0.021241931,-0.02045376,0.007756203,-0.017522484,0.12403023,0.023118159,0.020151425,0.019033706,-0.065805644,0.0037792884,0.9673512,0.96926326,48441.52,61.432297,401.0727,432.32172,35.283928,461.5937,0.0006343267,97.93064,-8832.036,MIRAI-GREIP_FLOOD
0.3302765,46.05478,64.41942,7016.3193,0.034931418,0.004569746,0.0014216313,0.037091512,-0.023697196,-0.017428905,0.0056492956,-2.9210706,-0.09828481,0.055996556,-0.08515396,-0.047246225,-0.026795536,-0.021286465,0.07807481,0.0032797502,-0.0032051862,-0.03289808,0.0046233535,-0.008497702,-0.03859733,0.033259828,0.0035915757,0.0065074116,0.98681796,0.9809067,56965.09,155.64056,484.02374,506.1296,-2.3361664,535.28955,0.00032869293,97.20214,-14041.957,MIRAI-GREIP_FLOOD
1.3910236,45.97031,64.876114,882.70044,0.0046212133,0.0076309517,7.337658e-05,-0.0014377943,0.023881672,0.024729569,-0.00054204836,1.165106,0.3675367,0.18863223,-0.055224605,0.0038671214,0.010418973,0.012772469,0.010964655,-0.0028156675,0.0010371394,-0.020770714,0.056722343,0.0055101058,-0.0040032715,0.015094049,-0.035139948,-0.039474316,1.0157936,1.001735,56238.91,58.05908,561.62256,564.67114,78.32864,574.2767,0.0004782942,101.61879,10438.962,MIRAI-GREIP_FLOOD
1.0574703,44.841534,66.196915,918.8052,0.008385758,0.0009947902,-0.02010971,0.01645588,-0.0097853225,-0.0064845383,0.03669416,-0.103200555,0.016771106,0.048048496,-0.035203733,-0.019729959,0.016785996,0.015086254,0.013928499,0.01586429,-0.0061283656,0.0010537868,0.023427665,0.040955275,-0.0066768588,0.024801854,-0.016879506,-0.035915036,0.99400336,0.9833187,53225.42,83.46776,589.5488,522.5487,81.40782,521.42847,0.0014684304,99.315636,8194.131,MIRAI-GREIP_FLOOD
0.8500328,43.89455,63.796112,4495.416,-0.0050296076,0.013707051,-4.9623195e-05,0.0047737216,-0.0024410104,-0.014486085,0.0009757071,-0.7803242,-0.047627516,0.10932113,-0.013688298,-0.051476132,-0.012990928,-0.03403822,0.03535353,-0.015414391,-2.2444874e-05,-0.032742456,0.0204072,0.0030959842,-0.010585535,0.018650725,0.0038778502,-0.017198768,1.0055416,1.0277706,55844.832,175.04568,549.65137,504.9265,15.672805,542.9032,0.00035012874,94.962,3023.9553,MIRAI-GREIP_FLOOD
0.3508339,46.840973,64.72102,1792.1423,-0.013172913,0.028205385,-0.025425535,0.0048431065,-0.031694934,0.035184886,0.018790843,0.44528335,1.236628,-0.018610213,-0.04615649,-0.004538824,-0.0036525482,0.019088758,0.013188263,0.015715688,-0.0144606065,-0.0030887267,0.016708672,0.01217642,0.0137779005,0.010827186,-0.0108937165,-0.032181993,1.0144867,0.9954409,55788.613,58.306,545.7736,534.8815,72.22876,547.58344,0.00045378576,101.09171,6957.544,MIRAI-GREIP_FLOOD
2.7860622,44.94777,63.606895,2285.1738,0.025434565,0.008495168,0.011874548,-0.016573602,0.07187227,-0.008819366,0.034514364,0.14009571,0.09967053,0.21993496,-0.06707716,0.0026238617,-0.0040661115,0.0145132765,0.03819565,0.025780872,0.00095247757,-0.0019933842,0.07863724,-0.08922545,-0.0046696467,-0.0022306223,-0.022565626,-0.037163008,0.98151976,0.9771107,54745.05,88.98331,427.57812,503.08475,24.56051,500.37463,0.0005080932,103.20595,-12694.898,MIRAI-GREIP_FLOOD
3.3582382,46.842686,65.47375,2605.7607,-2.8656796e-05,0.0072329254,-0.022174187,-0.015063775,0.090302415,-0.023510229,-0.0019272882,7.818402,0.13810788,0.022556083,-0.041019525,0.026748363,0.015590613,0.0036378298,0.023582699,-0.010137478,-0.020903235,-0.014799919,0.09286857,-0.021118969,0.035143815,0.018191053,-0.059562467,-0.024411276,0.9950643,0.97057974,53666.76,87.91356,483.83466,519.86017,58.810543,504.54263,0.00028294203,103.892105,-6086.479,MIRAI-GREIP_FLOOD
2.0126286,44.63862,64.259476,8223.069,0.0064422563,-0.0013122744,-0.012532767,-0.007387647,0.004767018,-0.004401282,0.02488419,-0.71614504,-0.20394245,0.022534886,0.04997126,-0.018396582,0.00047799014,-0.0067907292,0.014778231,0.00806074,0.03431461,-0.055761818,0.0776816,0.028354583,-0.017191133,0.009862156,-0.0061935326,0.019699374,0.9503003,0.9316206,56258.93,103.34799,492.81134,510.7866,27.613262,507.17365,-0.00021044769,97.1973,-13687.559,MIRAI-GREIP_FLOOD
0.8298378,44.547935,65.85944,1572.0708,-0.06316939,0.021585077,0.004736036,0.015106429,0.038859345,-0.01165708,0.01339129,2.001757,2.0939503,-0.10365773,0.37752178,-0.041802645,0.008761477,0.017508455,0.034228288,-0.01622494,0.02451753,0.0016690558,0.06971222,0.019563327,-0.014209716,0.004046833,-0.016824301,-0.015564138,0.95629424,0.9666418,51847.555,69.168594,517.6041,520.60565,81.109955,537.8636,0.00064121565,102.21945,-677.70636,MIRAI-GREIP_FLOOD
0.42992592,46.37539,64.09786,1343.8599,-0.0049894024,0.0014233588,-0.013907607,-0.011345352,-0.009579992,-0.02562345,-0.020469865,-1.4049952,0.18257305,0.02789462,-0.060084727,-0.08081653,0.10376375,0.023053788,0.038393736,-0.0012783706,-0.0032628048,-0.039958622,0.004062414,0.020811167,-0.00033186283,0.016032208,-0.035769224,-0.004608389,0.9556639,0.97516185,55292.207,82.95191,482.41348,542.9237,53.06138,547.5654,0.0008484188,101.38507,-6705.394,MIRAI-GREIP_FLOOD
1.8523979,46.575375,64.042625,6170.145,0.022741156,0.0035980789,0.0050490513,-0.0012671071,-0.0004957821,-0.026081698,0.023188222,-2.775002,0.1983823,0.0073881815,-0.11412774,-0.011329841,-0.02787212,-0.009120986,0.071115546,-0.023166118,-0.00396668,-0.011805481,0.045108974,-0.057624284,-0.0384328,0.028867459,-0.0070566586,-0.023437457,0.99415886,0.9748032,56536.605,162.57483,395.1276,516.8433,-5.0519505,529.9196,0.0004653907,100.96153,-5063.7725,MIRAI-GREIP_FLOOD
3.2703495,47.851727,66.71432,6722.25,-0.004546661,-0.0028516334,-0.02695958,-0.013520153,0.010287682,-0.0044554174,-0.0036997278,-0.00343287,0.059592683,0.045097545,-0.110845715,-0.10440448,0.2687714,0.017639104,0.015396964,-0.016037237,-0.03585019,-0.012759188,0.051589727,-0.000211861,-0.017529543,-0.03395439,-0.05232457,0.049684476,1.024457,0.9637389,55727.516,90.3044,446.66473,571.4917,29.48396,530.29926,0.00028079105,101.616104,-10161.808,MIRAI-GREIP_FLOOD
-1.1016045,46.864,63.030365,5562.941,-0.043581944,0.0057102623,0.009279267,-0.017108778,-0.06340035,-0.010875213,0.020920036,-2.8413796,-0.18935308,0.006075036,-0.05292649,-0.09813246,-0.008751918,-0.03171736,0.025503935,-0.014275907,1.2507662e-05,-0.04895631,-0.007871091,0.007839523,-0.026935095,-0.0021225214,-0.011536855,0.01294269,1.0110298,1.0100275,56277.605,178.43481,388.80878,493.62122,-24.36341,536.8413,0.0003854889,99.39223,-3814.6868,MIRAI-GREIP_FLOOD
7.3067923,43.640873,68.60391,2677.1475,-0.023400828,0.010547421,-0.021837847,0.09640037,0.23037118,-0.017063588,0.013369441,26.89502,-0.09798433,-0.01980616,-0.031532694,0.004189438,0.0011581964,0.0483276,0.058643147,-0.028931743,-0.047384072,-0.049900617,0.17927611,-0.04634061,0.02438048,0.037268464,-0.08316032,-0.029792504,0.99409604,0.9573138,48305.777,128.4591,610.4181,475.92963,58.36499,477.72217,0.00042868132,102.0078,-11448.738,MIRAI-GREIP_FLOOD
1.258543,43.581318,64.14065,3016.8643,0.0007962901,0.030022478,-0.008004786,0.027997632,0.01830509,-0.006871693,0.034308415,0.76388526,1.3979977,0.022512814,-0.07342857,-0.057923265,-0.007837425,0.03441508,0.01728656,0.00044423155,0.003906861,-0.0006295461,0.045559168,-0.024874553,-0.0046710693,0.027220313,0.0011683488,-0.031516936,0.978712,0.97855216,55845.285,86.919174,639.8341,530.65234,97.264,563.1719,0.00039863613,100.49494,18130.717,MIRAI-GREIP_FLOOD
3.8766747,45.2144,74.22299,842.48047,-0.08099798,0.008172403,-0.07279471,-0.0023867215,0.10308732,-0.031447377,-0.06529889,4.1102443,0.32884234,-0.09269114,0.069126874,-0.21951617,0.4658195,0.026639897,0.023770861,-0.03335391,-0.07523508,-0.0084211435,0.11798018,-0.028686924,0.0102205565,0.011481932,-0.09624031,0.00014270656,0.98976004,0.9584626,54723.047,86.97592,1387.9735,602.608,290.73288,585.2764,0.0017551974,96.283875,104809.5,MIRAI-GREIP_FLOOD
0.8266773,47.253834,63.54247,3890.931,0.007266141,0.0017382946,-0.015374673,-0.008855343,-0.032300994,0.01453221,0.013952471,0.020163834,-0.12554032,0.5897735,0.029816141,-0.11992341,0.20167768,0.018384945,-0.0020804675,0.012377514,-0.015805041,-0.018321015,4.4107437e-06,0.03303322,-0.029960426,-0.0050288276,-0.023151405,-0.022783922,1.0033555,0.9754518,54408.07,89.244064,537.9475,541.7799,57.969288,524.61005,0.00048025412,99.99301,-4885.5615,MIRAI-GREIP_FLOOD
-2.5780544,49.996212,66.21112,5531.2983,-0.033222668,-0.0060594156,-0.05207429,-0.0022215946,-0.1260905,0.0086575085,0.043040868,-1.1090181,0.06448412,0.10492266,-0.018004604,-0.1590058,0.007809946,-0.026639568,0.032518886,-0.052535996,0.019521419,-0.008466215,-0.07607585,0.06264503,0.0033100648,0.0275787,-0.051964045,-0.02544722,1.0092183,0.9647879,59482.766,168.72375,504.92987,546.86456,16.129627,557.0517,0.00046656292,105.6705,-7586.0596,MIRAI-GREIP_FLOOD
2.616455,45.596573,72.344124,2571.376,-0.015068471,0.0046368944,-0.032771282,-0.002946099,0.025671663,0.014496236,0.0063495245,1.4321204,0.5061728,0.10386458,-0.15026787,-0.046273187,0.0805042,0.012769684,0.019910567,-0.007099611,-0.0055207848,-0.016463665,0.042259634,0.033787865,0.03196095,0.02596555,-0.051089566,-0.008922954,0.9941312,0.9983463,52853.094,56.97022,412.4155,512.8901,23.355314,521.0401,0.0005011231,99.498375,-2248.9302,MIRAI-GREIP_FLOOD
4.0478,43.74457,64.97306,1494.8418,0.014307283,0.0073133083,-0.012135607,-0.0021683248,0.07294596,0.010472242,0.0010120613,6.073238,0.1571826,0.23097923,-0.09824599,-0.045202456,0.055347502,0.016647728,0.007999464,0.010682767,-0.032509882,-0.01902107,0.088596344,0.024154246,-0.010269981,0.014277537,-0.041105345,-0.025443673,0.9817415,0.972395,53571.688,84.81998,709.29004,531.3884,103.52427,505.49585,0.0015820161,99.13578,13315.983,MIRAI-GREIP_FLOOD
2.3937683,43.627502,62.882782,172.11133,-0.030209456,0.003314656,-0.015218418,-0.0033683316,0.03941743,-0.014412572,0.019200476,1.7179863,0.22166345,-0.010477322,-0.034214467,0.0036901655,0.011986655,-0.0016855635,-0.0037560705,-0.000523394,-0.010601511,-0.01982798,0.12235767,-0.038799725,-0.034670796,0.031306386,-0.018686516,-0.02266313,0.9691676,0.96749276,56522.168,65.61509,587.25256,542.11584,104.04663,537.42053,0.0007369522,101.31594,15144.089,MIRAI-GREIP_FLOOD
5.4817686,43.872585,67.941444,5854.5015,-0.009012873,0.0072752326,-0.019911379,-0.011601495,0.10070477,-0.0191781,0.020678027,6.9276276,-0.0036177784,0.009887832,-0.05983428,0.0329098,-0.0018239074,0.020573467,0.05245689,-0.0021753367,-0.01506004,-0.030807683,0.116146505,-0.04638303,0.015681313,0.021474626,-0.049163383,-0.027790498,0.9906929,0.98467445,52537.664,125.67734,489.73868,484.4601,18.96115,482.67365,3.9693798e-05,98.12243,-8180.5327,MIRAI-GREIP_FLOOD
1.275013,44.630177,63.69564,1948.366,-0.034080498,0.00824956,-0.024169542,-0.010731532,-0.00752056,-0.023952246,0.02851705,-1.085525,0.44956806,0.024994578,-0.074656,-0.03853802,-0.007205835,0.0058643427,0.04561954,-0.015831033,-0.023747373,-0.02274822,0.054531276,-0.025735004,-0.022460308,0.0022089935,-0.018869907,-0.0516237,0.9778375,0.9947488,54114.13,174.2919,500.7038,525.14594,22.17796,560.94806,0.00067130575,101.17595,7318.8604,MIRAI-GREIP_FLOOD
3.359167,46.677338,65.1084,7088.546,0.013190795,0.010191419,0.0018867454,-0.0057134624,0.09821576,0.013029238,0.013008678,2.5439477,-0.08138295,0.20798004,-0.027681887,0.026737567,-0.0137151955,0.012928655,0.039914664,0.005295025,-0.015673462,-0.034622148,0.074423134,-0.051537804,-0.015054015,0.0018669467,0.0016470626,0.027902387,0.984875,0.95771766,55694.797,72.845856,493.20468,533.0786,64.60877,529.6493,-5.2579024e-05,102.0182,-4065.4197,MIRAI-GREIP_FLOOD
-1.9164677,46.82489,64.28829,9009.538,0.0038083456,0.012443069,-0.044682063,-0.0025227913,-0.090158045,-0.004097125,-0.0033412594,-2.991908,0.2593378,0.032346092,-0.109493576,-0.08835159,-0.013762349,-0.008851792,0.04986379,-0.025184058,-0.01809942,-0.016459461,-0.030420303,0.072728425,-0.046714753,-0.028885115,-0.011643296,0.011739143,1.0483608,0.9830138,54090.96,175.87587,429.98495,521.9399,-3.0004444,524.15643,0.00031246745,100.459564,-516.1286,MIRAI-GREIP_FLOOD
2.069872,42.87033,64.64031,5536.936,-0.018260159,0.008169494,0.0007203268,1.0089949e-05,0.07110957,0.0007322879,0.022400385,1.253125,-0.09487425,-0.028480059,-0.031248938,0.022628801,-0.009421221,-0.022447355,0.022975225,0.04673937,-0.0036267797,-0.022706876,0.10727215,-0.017768702,-0.014708405,-0.0056787906,0.006071739,-0.03175798,0.9770752,0.96114856,56614.44,90.721436,500.83783,542.8855,38.846825,546.7657,-7.325194e-05,98.26498,-4966.502,MIRAI-GREIP_FLOOD
0.17283058,46.044247,64.918396,3883.0127,-0.017571893,0.009790827,-0.018755725,-0.0027391,-0.06276987,-0.008517012,-0.0180034,-1.0462043,0.0928334,0.00614712,-0.08566776,-0.12333799,0.09425949,-0.016985554,0.04615644,-0.013465865,-0.04330927,-0.04563382,0.0036613345,0.04538835,-0.009543246,-0.0005385978,-0.018900864,0.014118951,1.04465,1.0108349,54501.457,174.51453,499.84256,512.39026,3.5482807,542.76025,0.0004418824,98.27697,-2696.4888,MIRAI-GREIP_FLOOD
0.718153,45.3302,64.71602,36.63916,-0.040151775,0.015910372,0.0073955553,0.0065162326,-0.016775746,0.045471445,0.019915935,0.26666027,0.985904,-0.06001878,-0.05439121,-0.016678484,-0.004128193,0.013206702,0.009769447,0.0011547096,-0.0012604054,0.0067203864,0.026002169,0.046003535,0.024593405,0.03195387,-0.064020015,-0.048457377,0.98504496,0.9622916,52944.695,56.961025,519.98,500.39767,79.30819,526.7377,0.00054751773,99.1995,9633.527,MIRAI-GREIP_FLOOD
0.9512615,44.21988,64.01101,2090.315,-0.020536438,0.025436072,-0.012234979,0.045697045,0.00048257597,-0.005395296,0.015505432,0.8763559,1.9335787,0.021581212,-0.072808556,-0.03784214,0.05824547,0.023598934,0.00014360994,-0.0026588002,-0.014793791,-0.009014098,0.050809503,0.050304234,-0.0019110646,0.04536033,-0.012308321,-0.017553069,0.9773934,0.9795437,51950.74,68.765594,610.1529,495.5941,101.68752,534.77014,0.0011507994,101.034904,11666.404,MIRAI-GREIP_FLOOD
2.6105213,44.987732,64.52826,-602.13574,-0.0013041869,0.021386124,-0.005723769,-0.013307258,0.065271564,-0.003599017,0.016139528,-0.13812351,1.0695463,0.11286958,0.009446218,0.015078096,-0.00755679,0.01629093,0.03174517,0.027548501,-0.016144564,-0.026596032,0.08568233,-0.058787066,0.01670769,0.015520718,-0.04577352,-0.046679705,0.95211464,1.0070673,52427.03,157.08089,398.4599,496.9561,-9.944176,519.48126,0.001418903,98.89407,-22611.795,MIRAI-GREIP_FLOOD
3.8058624,44.584827,75.03506,1490.6489,0.010336599,0.019934637,-0.03515366,-0.00702737,0.07196255,0.00802645,-0.019936956,2.2681336,0.96974367,0.47193015,-0.17867538,0.016867662,0.0023099454,0.028664678,0.014495932,-0.011257542,-0.013071098,-0.007413332,0.09693509,-0.019762568,0.053715188,0.006933544,-0.032175355,-0.005514892,0.97308546,0.9909335,50123.527,70.14822,520.08453,509.967,48.50967,525.97986,0.00035517244,101.25017,11138.642,MIRAI-GREIP_FLOOD
0.5988083,46.98466,64.57688,-819.07715,-0.017828535,0.0014689042,-0.0016615517,-0.010448374,-0.012867987,0.0074087433,0.056025606,-2.6706917,0.04314242,0.06998143,-0.14165238,-0.031929635,-0.016707037,-0.0023925444,0.04171843,-0.011685122,-0.014246963,-0.029169798,0.050629795,-0.023954725,-0.0008659763,-0.018643582,-0.06576961,-0.056144007,1.0159388,0.9808483,57892.03,174.12831,469.83997,573.83057,1.7447262,581.25696,0.00065313105,100.56411,1442.0652,MIRAI-GREIP_FLOOD
0.86733437,45.19245,63.50214,1998.1104,-0.007901684,-0.016951628,0.00872983,-0.01873408,-0.022081958,0.0007938227,0.028556688,-2.2563362,-0.34836584,0.101220116,-0.017849091,-0.061968833,0.0014152824,0.0022126036,-0.0026129559,0.027908158,0.017194608,-0.00929179,0.0127206445,0.07668609,-0.034579333,-0.01746239,-0.028514827,-0.032734748,1.0024599,0.9829204,53284.01,95.4132,327.68918,519.8473,4.338538,506.68756,0.00038291092,97.34655,-27133.79,MIRAI-GREIP_FLOOD
3.5934334,42.744476,61.039383,3896.2942,0.0026820973,0.011259679,-0.0085399505,0.010679065,0.05606912,0.01246978,0.017636217,0.2852487,0.08584888,0.297803,-0.12829421,0.04450708,0.010067038,0.0021545636,0.016663767,0.021889746,-0.003782243,-0.011712568,0.119036674,-0.020654505,-0.027055752,0.038056854,-0.0017983234,-0.032599352,0.9477407,0.9548541,49803.535,68.60853,411.40118,482.85147,53.286835,489.54758,0.00022058282,97.60489,-6274.9116,MIRAI-GREIP_FLOOD
-1.2065849,45.999046,64.90209,3644.5664,0.0035131536,0.00058856606,-0.0021778676,-0.010645913,-0.060463607,-0.01702219,0.009848204,-2.2710092,-0.009734556,0.07610642,-0.11743725,-0.07776966,0.010745327,0.011778249,0.01868347,0.008712727,0.001655654,-0.02146535,-0.03987795,0.10704116,-0.00829447,0.005389313,-0.012688715,0.012204269,0.96613204,0.98414373,54921.832,91.722855,389.1543,508.55222,-15.357273,527.2995,0.00037965341,99.127205,-33482.13,MIRAI-GREIP_FLOOD
2.9698372,41.680077,72.61307,-716.5513,-0.028539551,0.0018776724,0.00967113,0.0027050043,0.052808575,0.010851632,0.012049399,2.0588007,0.06834329,-0.043933097,-0.0045767613,0.027955791,-0.0019388659,0.016938142,0.015699867,0.0073217317,0.0072812564,-0.028659537,0.08868486,0.08680848,0.015315396,0.04394043,-0.05318817,-0.042489152,1.0170506,1.000517,47334.867,57.24928,585.47266,495.69635,93.24405,500.39536,0.0006264156,94.235634,13231.784,MIRAI-GREIP_FLOOD
1.5798626,45.52896,66.37141,2663.1406,-0.017789133,0.0067929775,0.011082865,-0.005476141,0.040314198,-0.00543365,0.005622646,0.7063084,0.4378505,0.03813763,-0.051040854,-0.010879486,0.0014918576,0.010811518,0.018916994,-0.022049686,0.0048929313,-0.020124523,0.052475512,0.010010409,-0.0054209656,0.02081677,-0.05879877,-0.032006495,0.9919353,0.9881779,53891.188,58.84764,453.09064,506.87048,25.024687,540.33704,0.0004279335,101.58798,-12821.287,MIRAI-GREIP_FLOOD
0.765028,46.166805,78.79784,866.80615,-0.004695216,0.030835023,-0.0031412044,0.0015452966,-0.027524235,0.017935231,-0.01407955,0.7374414,2.4660203,0.06550155,0.011964924,-0.03650128,0.015015869,0.036631018,0.011828757,0.01698562,-0.015844766,-0.03473033,0.014898539,0.075611465,0.0173289,0.027309384,-0.02942118,-0.026605448,1.0156116,1.0084171,49939.812,57.345695,537.44324,514.8537,66.1738,527.76776,0.00066523155,99.33555,2980.129,MIRAI-GREIP_FLOOD
-0.6564579,46.57137,63.832775,2510.0083,-0.04108195,0.0047697485,-0.011536416,-0.006329208,-0.051187523,0.012712638,0.00097027747,-1.0265577,0.17896764,0.026141074,-0.008793416,-0.06573271,0.07116061,0.012841664,0.018418033,0.010158936,-0.013471574,-0.01525408,0.008931935,0.028573995,-0.014504056,0.00027373666,-0.027081406,0.016006745,0.9976146,0.98082644,57947.36,67.25572,568.1162,560.1825,97.87591,566.8289,0.00064437854,101.91128,7526.392,MIRAI-GREIP_FLOOD
3.4568558,43.658077,63.49167,2953.6616,-0.012690536,0.003820195,0.012032246,-0.047409102,0.07306599,0.020259766,0.02131801,-0.38633168,0.40672478,0.053725038,-0.17776209,-0.00054915436,-0.007990416,0.016994629,0.0001689326,0.022912309,-0.007640102,-0.0064000348,0.08369309,-0.023922564,0.031232692,-0.017056147,-0.020021236,-0.050360985,0.9664352,0.9785233,51076.254,73.43669,272.1845,452.32123,-11.234644,451.8184,0.0003168382,98.62375,-23006.105,MIRAI-GREIP_FLOOD
2.4198112,45.0731,64.42853,5659.3374,-0.018835519,0.009074741,-0.020802515,0.0132208085,0.07841165,-0.030918771,0.011112312,2.612881,0.15250222,-0.020746348,-0.022025155,-0.009036049,-0.0037733756,0.005742428,0.03646865,0.014451213,0.0022981688,-0.04321123,0.081394255,-0.0407045,-0.021015817,0.010972834,-0.040818423,-0.010791671,0.95237315,0.95794755,56662.047,74.626236,463.6576,545.48505,43.780197,541.52167,0.00023961811,102.175385,-6079.568,MIRAI-GREIP_FLOOD
0.17787933,48.84408,67.27472,332.64893,-0.0053162873,0.01007529,-0.009266006,-0.014899233,0.0128820855,0.036692277,-0.012438566,0.83030003,0.22164893,0.07282897,0.051568333,-0.016074425,0.011088662,-0.009462167,0.015207586,0.005216156,-0.017500965,-0.014327865,-0.008602023,0.0054818643,0.014594568,0.028663604,-0.03911479,-0.011963983,1.0071279,0.9982757,57591.242,58.76461,519.42773,554.9446,58.452972,582.6161,0.00044346246,101.67556,-9976.139,MIRAI-GREIP_FLOOD
-0.0995121,44.0612,63.44118,7048.5986,-0.0033623818,0.0016322766,-0.011746896,0.013427079,-0.049023196,-0.022525415,0.03766465,-2.6144912,0.094536215,0.07776916,-0.03791117,-0.06080665,-0.008198102,-0.025647404,0.05071926,-0.045918148,0.0016848743,-0.012789177,0.02253282,0.06865681,-0.04530937,0.03689084,-0.026174288,-0.040544048,0.96376103,0.97509015,52676.473,166.34058,424.55322,491.61084,-0.8525524,520.8999,0.00028514842,95.86119,-7405.743,MIRAI-GREIP_FLOOD
-0.52503204,49.223583,63.24447,757.8025,-0.0037974957,0.00041479617,-0.0037603593,-0.01609009,-0.025408322,0.029119814,-0.020539656,-0.0030562878,0.31678036,0.051634904,-0.054601707,-0.036106523,-0.00128532,-0.008816173,0.022199376,-0.0091090975,-0.009797994,-0.025939913,0.013804793,-0.011741802,-0.016547574,0.007210967,-0.047240596,-0.028557926,0.9792191,0.9799403,58399.957,58.910225,506.85208,578.14813,65.427795,582.7286,0.0006504785,106.29657,3007.5996,MIRAI-GREIP_FLOOD
0.41462135,46.971684,65.190895,2434.7256,0.009276447,-0.0017700751,-0.008880213,0.004419288,-0.026643047,-0.00368091,0.0176321,-2.7577586,0.14987123,0.14005019,-0.09231588,-0.06173711,0.00020982139,0.0034493068,0.059604824,-0.024878684,0.0051017664,-0.032749005,-0.0011118054,0.030355116,-0.0214375,0.01415085,-0.03619534,-0.029096834,0.9697394,0.9687582,52948.867,148.87898,446.09235,522.10675,7.407295,557.5199,0.00026097943,99.647545,-14799.057,MIRAI-GREIP_FLOOD
2.7856884,43.532475,62.343063,2683.1772,-0.018186964,-0.0067071924,-0.01468965,-0.015740717,0.04291609,-0.051341414,0.007152529,-3.792098,-0.19639528,0.114445746,-0.0068689324,-0.0723199,0.12280505,-0.016985191,0.042434946,-0.052769437,0.022772988,-0.017222103,0.09765732,0.0055163642,-0.04382674,0.046174236,-0.025954414,-0.024044978,0.9600203,0.9756783,48062.234,145.6568,342.3026,459.15314,5.2672663,478.02426,0.00248139,96.53715,-15759.961,MIRAI-GREIP_FLOOD
1.8849316,40.478527,63.761135,1237.917,-0.027995557,0.006210456,-0.005983014,0.004194438,0.02672657,-0.01965571,0.017483398,0.25868487,0.15229964,-0.0068109296,-0.035515465,0.020532627,-0.011057929,0.0026490726,-0.0057199365,0.008405344,-0.004047188,-0.0149493525,0.07350564,0.06854367,-0.0133917,0.0221477,-0.01310611,-0.04405526,0.98670006,0.9852703,54554.96,77.7348,567.2727,539.09845,88.86342,545.73566,0.00053455937,95.9822,15353.86,MIRAI-GREIP_FLOOD
-1.8058167,47.893887,67.776085,2122.2878,-0.030728985,0.013255092,-0.032305032,-0.006631753,-0.022610651,-0.039378718,-0.02946086,-1.1088395,-0.07368273,0.09450638,-0.058771595,-0.079830885,-0.0327508,-0.016093396,0.048593152,-0.07178232,0.0034183962,-0.06161863,0.016418636,0.025764728,-0.007803838,-0.010927651,-0.06703143,-0.0056963414,1.0285558,1.0347878,59740.367,174.5987,611.1481,580.3146,-6.396288,592.9799,0.00053991703,103.0763,-11845.952,MIRAI-GREIP_FLOOD
2.1463432,44.481945,65.31894,2717.1128,0.026228834,-0.00084300706,-0.009284174,-0.004899205,0.055641785,-0.011341384,-0.0055571925,2.0309918,-0.021059213,0.42043418,0.00015657395,-0.03432609,0.00028890185,-0.0011911849,-0.010170074,-0.01620187,-0.0023230468,-0.048326198,0.10497254,0.02161412,-0.02671971,0.008880644,-0.021002365,0.006339457,0.99279934,0.9942026,52947.203,63.476437,470.1744,529.56604,54.561867,521.65106,0.00051909435,100.056404,592.8274,MIRAI-GREIP_FLOOD
0.42965508,45.118988,62.562817,4499.7363,-0.033830203,0.0020080463,0.014491949,0.0026776402,-0.023416338,-0.013724188,0.023310456,-1.6158991,-0.07131979,0.018274315,-0.03134751,-0.05459939,-0.014367466,-0.02594634,0.039120555,-0.033830266,0.005501746,-0.04423003,0.046999514,-0.020077098,-0.045715928,0.018634427,-0.013997907,-0.016811421,1.0119748,0.9904034,55766.684,177.39415,427.44022,504.8918,-8.355755,532.7284,0.00038282335,98.07874,-4662.217,MIRAI-GREIP_FLOOD
1.7458134,42.69349,63.969215,-969.50195,-0.014142541,0.01963907,-0.014769566,0.0032382875,0.013455519,0.0072751404,0.028393809,0.06136644,1.243558,0.083601624,0.015731413,0.019958798,-0.010981782,0.030530391,-0.009987107,0.026681645,-0.0099575715,-0.016877621,0.078345776,0.033839073,-0.014118976,0.0024794613,-0.0030401768,-0.032613754,1.0006768,1.0021349,51170.805,66.555214,439.43982,489.67664,49.154465,495.1292,0.0006044324,97.38374,-4008.8186,MIRAI-GREIP_FLOOD
-0.14665985,46.712536,63.96216,8330.257,-0.027839858,0.011910581,-0.014297029,0.0028276239,-0.0321932,0.038413376,0.03799469,-0.94146276,0.32879055,0.11517636,-0.008561834,-0.088319644,-0.0064729634,-0.020774461,0.042232927,0.025517764,-0.03231662,-0.02940002,0.02902621,0.0153185995,-0.0055636815,-0.028222276,-0.021873135,-0.029751256,1.0187776,0.994329,54725.637,175.2746,405.21997,533.1918,4.6793785,545.5901,0.00019814228,96.89787,303.04907,MIRAI-GREIP_FLOOD
1.4493256,45.87623,65.68508,2187.2285,0.0035137031,0.0107258875,-0.019940196,0.0071892026,0.022721156,-0.0053719254,0.022772364,0.62042737,0.55871975,0.068391055,-0.05764146,-0.022532348,0.015925983,0.02552879,0.010469825,-0.003223503,0.011556162,-0.0040139677,0.03127724,-0.014553952,-0.0008007139,0.030333236,-0.015075717,-0.012931682,0.9952682,0.9865856,53235.516,67.192154,500.53058,513.1669,52.999123,528.8411,0.0005456057,104.0818,-6659.2666,MIRAI-GREIP_FLOOD
3.3038177,42.645836,70.40889,778.5227,0.0007983763,0.004624422,-0.018322304,-0.0061925943,0.07353329,0.009055026,0.032444485,1.9558246,0.335015,-0.003748089,-0.035134163,0.022988841,0.015324778,0.032919697,0.027155712,-0.004990003,0.008356198,-0.008804755,0.08643234,0.0014914536,0.03070767,0.0008380867,-0.022984788,-0.04364722,1.0022876,0.99385977,53623.965,71.95685,784.664,535.78174,118.31267,522.92017,0.00068220485,98.15897,21214.592,MIRAI-GREIP_FLOOD
3.5202694,43.524723,62.44249,8439.283,0.011628698,-0.01265259,0.0032293587,-0.008794521,0.07096486,0.011933184,0.04712429,-1.0710101,-0.48093528,0.20352891,-0.05439514,0.02093478,-0.0126997335,-0.004723794,-0.0014159223,0.04309231,-0.0053730095,-0.020867866,0.11987543,-0.045077026,-0.034614824,0.0049116593,0.0032773148,-0.010373694,0.9734386,0.95443356,54779.266,92.90879,346.82336,506.78183,11.40527,491.95837,-1.3811805e-06,96.99847,-22062.588,MIRAI-GREIP_FLOOD
-1.4606743,50.19904,64.89219,2809.6953,-0.024259461,0.0036676896,0.0014318782,-0.018512307,-0.028827464,-0.051492862,-0.027918946,0.892085,-0.012868941,0.066062346,-0.050275777,-0.09122044,-0.014499882,-0.003143889,0.041879855,-0.08689829,0.001454493,-0.06576492,-0.006531596,-0.028119538,0.011273705,-0.007951315,-0.07438584,-0.036475338,1.0712756,1.0234532,59271.918,176.43042,500.1988,581.8706,-12.411999,596.4787,0.0005953649,106.46246,-5103.951,MIRAI-GREIP_FLOOD
1.7810326,43.89733,64.06308,4362.626,0.008663329,0.0075683976,-0.007829625,-0.004918413,-0.002900879,0.003590865,0.018304732,-3.0652199,0.050050735,0.071945384,-0.11508532,-0.030308235,-0.010676765,-0.0087353485,0.018526636,-0.0036573084,-0.013196766,-0.01311158,0.061602116,0.049839072,-0.0018805172,-0.009181582,-0.014023965,0.0038400758,0.99859035,1.0125729,52653.99,175.78903,327.38205,459.7724,-39.08174,499.47583,0.00024650892,94.95626,-13937.884,MIRAI-GREIP_FLOOD
0.19116974,45.698544,64.09159,2442.634,-0.016390203,0.0036446971,-0.03511982,0.012706066,-0.03608954,0.022967383,0.01824817,0.6813794,0.4077734,0.33286715,-0.056876685,-0.035782795,0.12111264,0.0444125,0.0190894,-0.01626828,-0.0067115086,-0.0028896704,0.006859839,0.098063745,0.0072445995,0.03768787,-0.024832802,0.0012821797,0.9806588,0.97435373,54255.13,57.78117,712.2113,541.345,112.80017,533.56696,0.00041452877,100.20893,15425.809,MIRAI-GREIP_FLOOD
2.3681927,45.494404,63.678364,2984.9814,-0.024404617,0.0073678084,-0.012384329,-0.020578949,0.017016664,-0.008360812,0.010961209,-1.0504544,0.7542707,0.013823358,-0.052839413,-0.1772492,0.44704038,0.021576826,0.053915698,-0.00563405,-0.02421847,-0.02171529,0.027527094,0.0136686815,-0.010334874,-0.012795744,-0.04501119,0.016769232,0.9985916,0.9710354,52244.42,113.3299,375.64136,519.2064,5.0064983,522.6493,0.0004594007,97.12138,-21582.49,MIRAI-GREIP_FLOOD
1.8971138,45.23358,63.122814,3889.6665,-0.004697405,0.0018940823,0.012184734,-0.018403394,0.059497207,-0.00450606,0.039283246,-2.6245456,-0.07764017,0.11873232,-0.046765253,-0.016950272,-0.0061284634,-0.027420621,0.045526333,0.0001851283,-0.0125512425,-0.002653175,0.080539584,-0.08968067,-0.004074925,0.0028988637,-0.037002675,-0.054638725,0.98903584,0.9807476,55036.41,164.86769,326.2836,494.63608,-25.767895,509.4958,0.00053078897,99.206406,-16818.232,MIRAI-GREIP_FLOOD
0.62739754,45.29243,61.27162,6267.671,-0.0064785685,0.010244258,-0.030282196,-0.0024264741,-0.02840803,0.005464339,0.032629445,-0.6553103,0.032200508,0.03618687,-0.03396666,-0.0070824237,0.019659474,0.00671403,0.011553284,0.007844948,0.003846432,-0.01899204,0.036413074,0.00016420707,-0.021726573,0.037886098,0.016539266,-0.010860934,0.98916656,0.95054287,56469.867,67.59806,608.6877,548.2594,90.395645,554.39844,0.00029928534,98.908394,7515.277,MIRAI-GREIP_FLOOD
-1.1554718,47.548084,63.47525,1041.123,-0.05118887,0.0037293092,-0.038733736,-0.009871814,-0.034041725,0.0041782246,0.021054575,-0.7993392,0.218063,0.04848322,-0.12623684,-0.110127315,0.0028630383,-0.01586402,0.056938015,-0.029536372,-0.028306393,-0.01477652,0.015153825,0.0074804868,-0.023996608,0.005780598,-0.02186988,-0.04069848,0.9994223,0.9930372,56778.91,171.29698,448.89813,551.5067,25.980198,542.4597,0.0007885225,102.45646,11478.704,MIRAI-GREIP_FLOOD
3.3411942,42.640507,64.72801,2033.2769,0.010457532,0.012195646,-0.008026491,-0.006959744,0.09487177,-0.03538784,0.00022342196,7.7570176,0.2502488,0.08152807,-0.08725905,-0.052968964,-0.009534389,0.021740995,0.04659798,0.01097347,-0.034653794,-0.02774917,0.0990991,-0.0054458445,0.012407639,0.020001035,-0.06581649,-0.04047416,0.9665744,0.9903789,53310.848,128.03574,512.4697,517.53564,35.01087,526.7567,0.00045591377,99.61235,4786.577,MIRAI-GREIP_FLOOD
1.140522,43.278324,63.696815,2540.0618,-0.01267299,0.013910274,-0.009568015,0.004219148,0.036359232,-0.0013728288,0.034367677,0.19690138,0.46289027,0.06891409,-0.028448328,0.03688529,-0.008036776,0.008146292,0.009721698,0.014051378,-0.009028454,-0.008472771,0.08676988,-0.02751668,-0.022654051,0.0013222254,0.01882397,-0.034315236,0.99972254,0.9899323,58346.145,71.51381,566.75507,577.2681,80.778015,590.53174,0.00045426463,98.58431,12283.777,MIRAI-GREIP_FLOOD
-0.078424454,48.241055,63.93713,5362.256,-0.01002835,0.009522575,-0.01675996,-0.013124689,-0.0037422646,-0.005625792,0.016780073,-0.29345894,0.24381194,0.08828333,-0.070782796,-0.06395662,0.001129072,-0.03618602,0.020300495,-0.01712706,-0.016113924,-0.027578713,0.00091040134,-0.065971635,-0.025960863,0.00076295575,-0.02151785,-0.003321264,1.040277,1.0055804,58207.453,176.15039,643.3093,534.69073,14.663844,548.6489,0.00027600751,101.531,-3201.6694,MIRAI-GREIP_FLOOD
0.4968586,45.92046,63.46937,2352.6863,-0.039686527,0.010234635,-0.008703816,-0.016437057,0.003960808,-0.03106531,0.0002026395,1.965911,0.14603072,-0.019437041,-0.024265487,-0.13058613,0.1407641,-0.015439793,0.037144598,-0.037266187,-0.02099168,-0.06067673,0.04664159,-0.029476749,-0.018020406,0.019717928,-0.0075742877,-0.004004566,1.0151019,1.0291097,55662.656,175.63414,616.96204,587.922,20.589882,597.09595,0.00038914476,101.32977,397.34314,MIRAI-GREIP_FLOOD
1.8186665,43.07361,62.972923,7750.622,0.012301513,0.0010763219,0.001418835,-0.0039305952,0.0033317124,0.0028220932,0.038521048,-0.54635596,-0.15520436,0.09062215,-0.054929398,-0.044772293,-0.016356127,-0.014563484,0.036510356,0.026563972,-0.0046575395,-0.028331287,0.036830246,0.01294707,-0.029563386,0.005316971,-0.0011986634,-0.027644243,0.99320424,0.98861116,53316.195,155.81833,391.04852,509.2101,-4.90876,502.40295,-0.00014894867,93.96922,-15746.645,MIRAI-GREIP_FLOOD
0.23522949,44.084686,63.54115,4396.236,0.0024829526,0.0023354988,0.0003485009,0.0034631738,-0.027856106,0.0024600239,0.0068090716,-4.6268244,0.19607238,-0.0293559,-0.0106483875,-0.10162099,-0.0076791975,-0.009999884,0.040692095,-0.010331929,-0.0027892622,-0.010891505,0.027816176,0.04072567,-0.03257771,0.040096834,-0.0062341616,-0.028265277,0.94418776,0.9597113,52929.07,127.65975,480.75797,520.4461,37.335457,525.806,0.0005403655,97.36977,1127.6161,MIRAI-GREIP_FLOOD
-0.93278503,44.11489,63.138664,730.57544,-0.026636526,-0.0030445957,-0.016915688,-0.0050612153,-0.039440632,-0.0073375907,0.0023057056,-1.1421831,-0.016119404,-0.025094956,0.04826771,-0.018326264,0.003941423,-0.0034078164,0.025780726,0.017265463,0.0014833035,0.010645114,0.03203523,0.121967025,-0.04140008,0.04502596,-0.031382456,-0.020424064,0.97476906,0.96790445,51223.72,67.13516,437.01416,471.77057,40.384933,506.9392,0.000663009,97.00944,-12484.242,MIRAI-GREIP_FLOOD
4.5979834,41.69909,65.20959,1757.8494,-0.009987586,-0.0020896674,-0.012691385,-0.012908431,0.055864394,0.0110005485,0.02428023,2.3804784,-0.1378518,0.074162476,-0.10046675,-0.03317851,0.06619906,0.039833523,-0.014828064,0.02022038,-0.00651147,-0.012192003,0.082401276,0.026081704,-0.014235732,-0.0022157072,-0.013006486,-0.03163774,1.0027306,0.9955333,51907.32,99.277725,593.3168,521.406,86.45918,495.31128,0.00050446263,95.49161,12649.92,MIRAI-GREIP_FLOOD
7.460104,42.916702,74.423874,4975.1167,-0.050846506,0.015123366,-0.023078866,0.014295205,0.18899392,0.0061825295,-0.012935442,18.89107,0.021431146,-0.11211735,0.07248534,0.037839092,0.13154662,0.02358536,-0.006726184,0.000903327,-0.027633252,-0.024422329,0.17035681,-0.046710152,0.018707369,0.021702796,-0.06491832,0.014288111,0.9830333,0.9649387,53215.875,91.77094,918.2046,559.67883,187.4378,533.651,0.0004507465,100.16603,45792.18,MIRAI-GREIP_FLOOD
5.498703,44.11186,65.92589,4333.5986,0.023278736,0.008683317,-0.013010204,-0.009198338,0.1229378,0.007203011,0.015057271,4.648333,0.020263864,0.45958993,-0.06710489,0.03502113,-0.0042275907,0.030024279,-0.015340947,0.026619526,-0.025860254,-0.03426845,0.13950288,-0.07242554,-0.015913818,-0.015403455,-0.008756843,0.012839565,0.9888901,1.0073036,54580.88,88.05192,416.7304,518.2918,32.8616,482.61075,-9.286277e-05,100.55422,-15374.254,MIRAI-GREIP_FLOOD
1.08115,45.76249,68.35721,749.47705,-0.037424624,0.0068313736,-0.009003203,-0.009155125,0.012055131,-0.04693012,-0.0063324487,2.3419063,-0.0072870404,-0.012773442,-0.014084538,-0.09285092,0.0062295604,-0.017446093,0.04147641,-0.055098012,0.0083018225,-0.03664315,0.047643244,0.02570608,0.019864988,0.04353873,-0.06693718,-0.06841808,0.998364,1.0093535,57384.832,161.71553,564.9752,577.7839,40.19967,591.3153,0.00062974216,98.06009,-824.96783,MIRAI-GREIP_FLOOD
0.67313766,45.564587,101.482544,1355.6125,-0.057511933,0.00313924,-0.06945922,0.028045947,-0.011430193,-0.0090549905,-0.057967186,0.12946999,0.16869542,0.07311501,-0.034339152,-0.071221426,0.0009039789,0.007705376,0.06623223,-0.07786388,-0.019966794,-0.04993674,0.04407072,0.015306038,-0.020010399,0.0070856083,-0.033307124,0.0016070809,0.97983503,0.9959239,52222.75,151.01407,556.98663,558.7762,32.488876,573.95337,0.00046654994,98.645935,-5570.1416,MIRAI-GREIP_FLOOD
-1.6555367,48.366795,62.491013,10933.037,-0.03349331,0.013376526,0.0067375833,-0.0010925903,-0.06764272,0.026906233,0.044707656,-1.6120303,0.11126787,0.21539973,-0.034667592,-0.1070025,-0.0027384667,-0.025694147,0.027104996,-0.0014207093,-0.027583985,-0.032743044,-0.017777026,-0.010503633,-0.04551643,-0.009192903,0.007120375,0.0043349713,1.0334611,1.0082475,58124.254,178.34444,447.19998,534.6568,6.266987,538.11926,0.00014561851,99.93614,-1012.399,MIRAI-GREIP_FLOOD
1.190422,46.250023,63.36617,1482.9658,0.0014112052,0.015317941,-0.0039372407,-0.010907391,0.00870504,0.010497821,0.01695485,0.62731695,0.8017308,0.4345203,-0.045282595,-0.019597996,0.020906597,0.03436719,-0.0033307355,0.020150037,-0.020881493,-0.0221847,0.039378345,-0.013287072,-0.012752195,0.0038170698,-0.002752361,-0.013350507,0.968026,0.9694308,56005.28,78.17845,490.32782,548.50586,63.893063,535.13794,0.00052807125,102.243065,-1042.9143,MIRAI-GREIP_FLOOD
-0.87435913,47.340244,65.65911,1416.9924,0.0015228521,0.0021874635,-0.021484029,-0.010235383,-0.05821704,-0.02384997,0.0080815395,-2.1658633,0.1104694,0.050378203,-0.041169114,-0.060736123,-0.0062323776,-0.008064084,0.04388129,-0.03360398,-0.03751809,-0.06293117,-0.025636375,0.04944315,0.0180891,-0.024631418,-0.073601946,-0.038178667,1.0028558,1.0038528,56412.594,173.7755,485.14764,539.6817,-30.827042,591.0382,0.00032155993,100.977005,-13835.303,MIRAI-GREIP_FLOOD
-1.1664162,47.116634,62.691917,9704.325,-0.020736476,8.140877e-05,0.018125739,-0.0040122047,-0.03250263,0.014168033,-0.00580644,-5.5894666,0.3060763,0.053711366,-0.073121905,-0.10355561,-0.00382981,-0.021746665,0.052000415,-0.049638245,0.013043258,0.0018224958,-0.012682855,0.026826931,-0.02379044,0.016523955,-0.014929276,-0.047683936,0.9421571,0.95114547,52423.9,128.92352,404.391,507.4648,48.986187,547.75305,0.0004523779,99.83043,4125.772,MIRAI-GREIP_FLOOD
4.505539,44.272373,64.50086,12176.279,-0.0015433971,0.008751631,-0.017280167,0.0043274597,0.093288705,0.015576436,0.035986163,1.8837821,0.07838261,0.1422851,-0.054547094,0.038431216,-0.0063095293,0.012259007,0.019326597,0.016995277,-0.03385018,-0.02048434,0.1333999,-0.06935665,-0.025328912,-0.0104092285,0.0007229205,-0.0006380491,0.9919857,0.97813314,53913.9,84.82614,476.90466,520.995,40.390575,520.0883,-0.00029777363,98.133484,-1658.1475,MIRAI-GREIP_FLOOD
0.1513977,44.409985,64.4113,5243.747,0.012211626,0.0045182924,-0.0072174547,0.0042901183,-0.0135473665,-0.041204512,0.011296399,-2.8619046,0.24133338,0.012103244,0.02509886,-0.07392273,-0.007921854,-0.034108505,0.071444355,-0.03425414,-0.009574198,-0.040064804,0.014436007,-0.0014025494,0.002887256,0.0034662453,-0.053441897,-0.063804865,1.0091723,0.9884031,56732.754,162.24722,470.61676,535.3169,12.435349,566.6403,0.00039368958,96.29347,-6430.6562,MIRAI-GREIP_FLOOD
2.4292698,44.96865,65.2536,2396.959,0.0009908807,-0.0021475134,-0.04024207,0.0017383524,0.024203815,0.006181428,0.015562536,0.8779374,0.019480584,0.25670272,-0.062066246,-0.0378291,0.14601584,0.022210035,0.011491397,-0.023886945,0.003778846,-0.001630513,0.06058389,0.01506017,-0.011181559,0.002300993,-0.026829625,-0.02001079,1.0096622,0.98425233,52049.24,63.77854,534.0344,503.7274,71.125496,491.5552,0.00073647586,100.69678,5468.8364,MIRAI-GREIP_FLOOD
2.7612782,43.876255,63.71074,10926.297,-0.024545824,0.008940328,-0.044581514,-0.001887008,0.058787398,-0.027343882,-0.06603313,0.24283457,0.17753476,-0.06862399,-0.07785071,-0.11225528,0.28129488,-0.0021165377,0.08222998,-0.01869737,-0.011009221,-0.025521992,0.074962914,-0.01722216,-0.065197855,0.036754422,-0.02356159,0.05403786,1.0127659,0.9791805,53603.043,140.5687,417.8661,518.238,4.5414486,513.20514,0.0004211673,93.836136,-8253.709,MIRAI-GREIP_FLOOD
0.85445976,46.430977,68.14819,2508.3462,-0.012109754,0.0006481707,0.00461502,-0.011551686,0.03245585,-0.0017071748,-0.0107986685,0.689891,0.4139417,0.07509723,-0.09734408,-0.0051569566,-0.011133398,0.012716245,0.034478635,-0.006187004,0.007129572,-0.024170445,0.016030014,0.040477764,0.018751927,4.1287858e-05,-0.034533303,-0.035297208,0.9565792,0.97891706,54476.766,65.69217,433.31067,518.79706,18.851887,549.0664,0.0003694463,101.7629,-18705.809,MIRAI-GREIP_FLOOD
0.22447968,46.483624,64.02482,3688.586,-0.030824892,0.015522589,-0.0244237,-0.0070463354,-0.041379303,-0.017450776,0.021514691,-0.686285,0.52020127,-0.010127117,-0.05798791,-0.05998185,-0.0032796531,0.009683328,0.03842481,-0.00071028713,-0.0370812,-0.042602256,0.034686923,0.017019074,-0.023811636,-0.020017175,-0.019086244,-0.019093942,1.0186207,1.0138874,55592.38,177.36502,491.62567,528.96936,11.569379,562.30835,0.00021767482,101.56338,14432.99,MIRAI-GREIP_FLOOD
1.3079376,44.928284,66.59613,-266.59766,0.0054062344,0.048281666,0.0011263439,-0.00932574,0.0030432483,-0.0042334846,0.008281969,0.14174259,1.1851426,-0.055698283,-0.06422321,0.041162852,-0.018273605,0.024416374,0.023195013,0.0024237204,-0.0116401855,-0.013836835,0.07348931,0.021998487,0.04445567,-0.00040893443,-0.045529824,-0.042405307,0.9883157,0.9633732,53073.72,67.586395,474.1118,498.3502,42.390778,529.8615,0.0005594886,99.834076,1010.7856,MIRAI-GREIP_FLOOD
0.122880936,46.360367,63.91878,3575.1377,-0.0034990907,0.0024880753,-0.026159346,0.00626176,-0.05071768,-0.011343787,0.016813759,-0.9823952,0.23942697,0.08294732,-0.026246648,-0.05067599,-0.017143562,-8.902978e-05,0.04520157,-0.015662491,-0.045881834,-0.011015063,0.020369828,-0.0048647663,-0.028054249,0.01907587,-0.024366288,-0.037470296,0.9979908,0.98434037,54052.555,166.98119,480.1548,526.4252,17.956789,540.7123,0.00045205653,99.87154,4122.417,MIRAI-GREIP_FLOOD
-2.7783756,48.60384,62.768177,2211.3765,0.004406115,0.002255804,-0.00053200405,0.008417815,-0.11429076,0.011789502,0.015018323,-0.69748664,0.24143434,0.613311,0.03335906,-0.0882718,0.01613953,0.009583141,0.006727078,0.00710234,0.0020617899,-0.02113907,-0.06376195,0.07645239,-0.0044749468,0.01613929,-0.034931764,-0.036431726,0.99834406,0.9783197,55153.223,81.14473,620.11774,545.6811,63.40848,560.2999,0.001646326,102.82905,-2495.9556,MIRAI-GREIP_FLOOD
1.0887127,43.314804,64.22392,1734.4482,-0.0035425369,0.00372209,-0.009795345,-0.015447947,0.010691145,0.008220155,-0.00029057963,0.20148683,0.12906194,0.07478053,-0.06603707,-0.0514652,-0.00677727,0.019951778,0.017311487,0.007985969,0.0014491938,-0.0017488282,0.03378278,0.06722674,-0.0124115115,-0.021362096,-0.019514825,-0.06286959,1.0168823,0.9971918,52497.15,70.55116,411.70972,483.38574,26.656189,498.59766,0.00031800973,96.65245,-8870.514,MIRAI-GREIP_FLOOD
1.3178196,47.154465,65.496994,2429.8955,0.02347761,0.016864775,-0.014584339,-0.012963875,0.025910659,0.010936536,-0.005822645,0.8089647,1.0965712,0.5301368,-0.053019807,-0.0013269484,-0.0019099856,-0.00011755619,-0.007933526,0.004446255,-0.019934392,-0.008804401,0.040396452,-0.026771845,0.024034625,-0.025576472,-0.01686189,-0.04544552,0.9954414,1.0042902,54013.938,73.808784,404.93005,543.39343,25.384579,565.8537,0.00040875422,102.079445,-9301.252,MIRAI-GREIP_FLOOD
1.0123653,46.180058,77.57924,-120.52734,-0.022166837,0.0081278905,-0.012077212,-0.004839435,0.007088095,0.0071199294,-0.0033455994,0.34779727,1.0286914,0.1438491,0.25968635,0.022681486,0.0028496757,0.013652381,0.01645953,0.0026463019,-0.0058110687,-0.05131258,0.04030794,0.08427949,0.0426932,0.014395146,-0.07591028,-0.06377773,1.0225275,1.0129305,49308.633,57.576145,454.50537,515.1981,38.952805,529.16327,0.001050475,98.798515,-3835.2542,MIRAI-GREIP_FLOOD
1.7858353,46.258327,62.58459,25.041016,0.029867245,-0.001746494,-0.007315755,-0.0032186627,0.06523214,0.01592675,0.0030778092,-0.8188262,-0.17760837,0.5384243,0.0044771098,0.021613857,0.005161531,-0.0160681,0.015884971,0.029679324,-0.0035532168,-0.00033195596,0.07824659,-0.09478717,-0.050377823,0.044066276,-0.022611834,-0.043798756,0.9785682,0.9488505,56691.062,65.440025,465.81848,586.4191,65.36362,526.24194,0.0018816403,99.83802,406.58395,MIRAI-GREIP_FLOOD
-1.9912643,50.341442,64.13448,2367.733,-0.027772533,0.002451836,0.0059909606,-0.0022087758,-0.089337364,0.050701693,0.01974439,-3.9116297,0.30649644,0.034034517,-0.07695739,-0.11135557,-0.011910512,0.009345695,0.045507852,-0.028440012,-0.028534299,-0.035234384,-0.04877293,0.0651123,0.061207246,-0.0114963055,-0.05413267,-0.043154217,0.96706724,0.990342,55845.684,167.09233,461.3802,540.3709,34.56477,560.9581,0.0002538992,100.822395,494.57843,MIRAI-GREIP_FLOOD
1.0411949,41.6464,64.27867,3077.9414,4.5998022e-05,0.012490833,0.02705207,-0.01497822,0.041272283,-0.0041999724,-0.0015556556,-1.6746984,0.98487175,0.08214556,-0.037014518,-0.08763386,-0.006870282,0.01216445,0.03249984,0.026379654,0.001460989,-0.028730707,0.0539971,0.02943045,-0.003650498,-0.0025098328,-0.028871557,-0.055995587,0.94570273,0.9895891,50265.312,141.28107,416.67188,461.41843,-31.074402,481.07422,0.0003876611,99.5098,-20379.104,MIRAI-GREIP_FLOOD
-1.0572605,47.700996,64.44683,5722.1626,0.0062805787,0.009009729,-0.022809189,0.0020293177,-0.04383868,-0.023927756,0.015317491,0.25879753,0.16822195,-0.035884712,0.103056744,-0.05437784,0.0061681326,-0.016084762,0.054664254,-0.07767028,0.001150053,-0.040973987,0.018584251,0.019847056,-0.018288579,0.038072526,-0.038646873,-0.027287558,0.9678637,0.97564995,58873.4,142.73286,521.2829,548.74084,29.984364,569.7172,0.00035678415,103.936066,-6120.427,MIRAI-GREIP_FLOOD
3.266737,43.692543,74.586975,1696.3953,0.02554091,0.025696412,0.008136722,-0.011541143,0.07921261,-0.033085573,-0.009291034,8.821769,1.8558547,0.12246363,0.10054377,-0.025810622,0.014858234,0.041700296,0.0023569446,0.025766622,-0.023399794,-0.04688568,0.06983882,0.05419061,0.0050306367,0.0073219747,-0.07034889,-0.03397675,0.97145617,0.9881182,46634.684,77.72615,531.40247,492.75378,62.310215,494.99213,0.0020601556,100.79646,-6135.8306,MIRAI-GREIP_FLOOD
0.6026459,45.648773,63.509727,2617.984,-0.004773056,0.0068686376,-0.008985863,0.00937673,0.0108333435,-0.0004275958,0.015108839,0.683787,0.32586032,0.2910326,-0.08519623,0.030394765,0.0064314194,0.009407004,0.0054283673,0.0050635077,0.007249908,0.0051904703,0.028999627,0.0035029536,-0.022194885,0.024095979,-0.000659083,-0.008979094,0.9809422,0.98471916,57188.914,67.49474,547.3786,545.26074,85.68178,568.54694,0.00050525746,101.26345,9216.857,MIRAI-GREIP_FLOOD
-0.3001747,44.832195,62.70416,5304.509,-0.027585858,0.006557289,0.004509329,0.0017518305,-0.040713623,-0.012305817,0.01847818,-2.2615714,0.080935694,-0.036786772,0.018539498,-0.069398455,0.0046136635,-0.03007478,0.057030622,-0.027363805,0.008044461,-0.020667126,0.007943392,0.002554815,-0.018078072,0.048375,-0.0051671406,-0.05667427,0.9851509,0.9826159,57484.355,160.34378,523.08606,526.3054,35.90501,561.2798,0.00040738,97.83532,5000.0054,MIRAI-GREIP_FLOOD
0.15097046,43.93353,62.44222,2556.0537,-0.011277868,0.0025035688,-0.00030453084,-0.00046347268,-0.032221675,0.01658227,0.033221856,-1.1957684,0.28881675,-0.02443022,-0.038388476,-0.019575607,-0.015792916,0.0033994764,0.0055291364,0.01606716,-0.01286979,-0.011629159,0.03185588,0.06740616,-0.0054101716,0.024333347,-0.02934216,-0.057615593,0.99323803,0.9681469,51985.5,69.788506,492.34012,507.7701,59.89218,516.1994,0.00045524887,98.55435,-723.8776,MIRAI-GREIP_FLOOD
-0.5950546,45.51531,64.35486,5349.8496,-0.01770519,0.01030747,-0.006410049,-0.0009830258,-0.008704001,-0.029272018,0.023891998,-1.3478603,0.10255836,0.16522285,-0.0028650276,-0.098622814,-0.010871026,0.010159131,0.009666508,-0.028848685,-0.03270783,-0.05161815,0.0477826,0.016196,0.007948646,-0.058761567,-0.059377737,-0.03707878,1.0310459,1.0228484,57329.96,175.92813,437.20148,536.14105,-19.805786,544.7933,0.00035118274,100.35356,-5828.0684,MIRAI-GREIP_FLOOD
2.2685986,42.877644,70.641945,-118.67529,-0.028046947,0.00909098,0.0045801257,0.01731625,0.0006172117,0.002581614,0.03384244,1.1867377,0.33966702,-0.084412925,-0.010151527,-0.021108108,0.0006314721,0.033157304,-0.008993218,0.0029263366,-0.022875428,-0.028528482,0.055416644,0.07193055,0.010445226,0.021335373,-0.033769228,-0.02343105,0.9991223,0.9954847,51177.18,86.42758,545.58435,520.48456,63.128975,539.84827,0.00054456684,100.03344,2660.284,MIRAI-GREIP_FLOOD
1.0210934,44.223633,64.39995,2803.13,0.0129125565,-0.0035870557,-0.0058251247,-0.0083176335,-0.00477485,-0.0339728,0.018071137,-3.155262,-0.008298159,0.11375083,0.020398006,-0.10872592,0.011880765,0.0066296803,0.060126953,-0.018543968,0.02021278,-0.008988235,0.03339249,0.026060715,-0.02310967,0.02281376,-0.027162453,-0.017338902,0.9806919,0.9705064,53327.5,143.9194,416.22223,482.8633,0.41172218,500.54816,0.0003531527,98.25994,-13749.334,MIRAI-GREIP_FLOOD
0.570652,46.301376,63.406654,2942.7737,-0.026899708,0.0101538515,-0.014788639,-0.009881947,-0.03743249,0.0337101,-0.0032188836,0.09289366,0.49771684,-0.024593983,-0.07803372,-0.061611548,0.05773268,0.013904573,0.007232851,-0.019338023,0.0033140788,-0.0015282445,0.03150034,0.022094198,-0.0068094884,0.027947739,-0.018759262,-0.02361087,0.9861223,0.9778973,57676.72,56.461548,648.956,583.9392,115.178986,583.50214,0.0005438186,102.04384,19894.074,MIRAI-GREIP_FLOOD
0.33639145,46.206947,65.085785,4122.357,-0.02048053,0.0077731623,-0.0002754922,0.010430698,-0.028402856,0.0048813475,0.0069138967,-1.0102115,0.1997131,-0.047584888,-0.10722719,0.010008487,-0.00683264,0.02574347,0.019606465,-0.005577896,-0.010839026,-0.012431372,0.008918107,0.048858233,0.008656279,0.006229394,-0.028891679,-0.008195414,0.999311,0.9799528,54741.945,70.45436,461.90533,535.37524,54.852142,553.0759,0.00025229438,101.25694,-2087.2078,MIRAI-GREIP_FLOOD
2.463438,43.853737,68.18768,542.8142,0.02173927,0.0065507027,0.0062075513,0.0030755026,0.02785625,-0.0060194912,0.0075019333,2.433316,0.21866402,0.33962366,-0.045995038,0.00610366,0.006149227,0.020212524,-0.011042537,0.0094098635,-0.017934054,-0.022775829,0.070114255,0.082963064,-0.014844057,0.019558646,-0.033224333,-0.02225534,0.99713796,1.0077523,49251.406,63.306267,525.4083,498.98898,61.212486,492.3677,0.0011318697,98.47406,1222.2308,MIRAI-GREIP_FLOOD
-0.57507896,46.35371,67.84701,68.26074,0.00038534403,0.039491538,-0.00082542654,0.028295234,-0.06427943,0.022663124,-0.0014042924,0.618111,1.3284804,0.13128681,-0.016001422,-0.011931689,0.0029111186,0.028184531,0.010624802,-0.0013092207,0.00513908,-0.02218737,0.006847143,0.082702845,0.017495342,0.009999805,-0.033890035,-0.02582125,0.99992335,0.9938612,53693.484,57.769627,510.2601,517.22156,68.99614,556.08344,0.00070340186,98.62256,2436.9624,MIRAI-GREIP_FLOOD
2.1165657,45.98189,65.75347,1747.3938,0.018532727,-0.00020460784,0.009667067,-0.006144204,-0.0019312175,-0.008057875,0.019488072,0.1553095,0.028775927,0.14793746,-0.076626256,-0.06918597,0.038556084,0.029992184,0.031092213,0.00513372,-0.005715601,-0.004685046,0.021764517,0.044591352,-0.00196327,0.015334738,-0.016614582,-0.0101492265,0.98873687,0.972519,52453.617,114.74321,446.93475,507.10388,12.8739195,494.62393,0.00077914057,101.1113,-24507.55,MIRAI-GREIP_FLOOD
0.435606,48.160378,63.94358,20054.848,-0.017272621,-0.005033255,-0.020688407,0.0013264975,0.022164907,0.040509965,0.0141117275,0.47980952,0.2101808,0.096034974,-0.1089585,-0.0034292415,-0.013608353,0.0012575556,0.019380597,-0.0035476033,-0.0007980596,0.031950638,0.003599584,-0.02568573,-0.0021771342,0.014152847,-0.04216026,-0.018752845,1.0171428,0.9837091,56783.38,58.157463,474.99332,535.19586,51.907417,526.8559,0.00018933827,103.68945,1984.5498,MIRAI-GREIP_FLOOD
0.6424141,47.045895,64.69468,12537.21,0.047986865,0.008631459,0.012754685,0.0049465257,-0.0050729616,0.019977538,-0.008543468,-0.9783188,-0.00833638,0.43822467,0.013796015,-0.040121622,-0.015144098,-0.028430015,0.051884282,-0.041196045,-0.024552213,-0.014253836,0.02753675,-0.041192483,-0.0032391166,0.0055652447,-0.023815855,-0.016782578,1.0266755,0.9869018,55815.77,164.47502,439.3705,507.19675,-4.6638927,517.7343,8.721861e-05,98.45376,-2218.4614,MIRAI-GREIP_FLOOD
1.2615776,45.586243,71.637215,940.0039,-0.04401933,0.007187485,-0.0233035,-0.017244853,0.02484909,-0.022756182,-0.01788363,2.8838923,0.12036503,-0.011577466,-0.008125155,-0.030258577,-0.016788805,0.015223176,0.069332674,-0.03684211,-0.025064247,-0.05799759,0.054565072,0.0032168848,0.02699238,0.021912882,-0.08007003,-0.054954197,1.0285472,1.01405,57064.285,156.69562,509.28714,540.23395,-4.549074,543.27936,0.00031250046,100.580574,-6500.481,MIRAI-GREIP_FLOOD
2.3872814,45.252792,64.13464,1753.2463,0.03208974,0.0050353413,0.020868408,0.032151625,0.030898534,0.0028468687,0.015903369,-0.6740377,0.042346105,0.3165605,-0.07069225,-0.014537906,-0.018017715,0.019573335,0.027508868,0.040771604,-0.028555505,0.0039730314,0.07037902,-0.039316926,-0.0031321961,0.040499263,-0.043853194,-0.02734502,0.9729402,0.9699171,54139.3,89.541504,433.60934,496.28458,15.11708,493.80865,0.0011100481,100.66615,-21305.76,MIRAI-GREIP_FLOOD
2.085678,44.46352,64.62207,4327.57,0.0078111044,0.0026054704,-0.0032737479,0.054556783,0.07252801,-0.050604455,0.033957567,5.280595,-0.064756066,0.010347701,-0.10132861,-0.015060522,-0.027847474,0.010068378,0.009424597,-0.029994212,0.0113553265,-0.06054541,0.048882484,0.0522336,-0.020324355,0.07753857,-0.06864116,-0.014908237,0.9332555,0.9530396,50363.277,79.14018,471.20667,518.2457,24.136894,521.9595,0.00042910344,102.19118,-14853.679,MIRAI-GREIP_FLOOD
1.8747807,42.874424,63.40352,2276.7383,-0.007881903,0.07940468,-0.011166078,0.049457833,-0.007108221,-0.03912929,0.03784478,0.0155133605,1.302321,-0.03698302,-0.083975166,-0.017804205,-0.0055651055,0.007117772,0.05515495,-0.0033816742,-0.00979022,0.011533703,0.092669964,-0.011321446,0.0012429594,0.030966857,-0.00089749694,-0.0139429215,0.9644468,0.9325824,51543.51,74.54709,561.85315,482.13995,69.029205,526.26697,0.0005121365,99.98517,4607.8,MIRAI-GREIP_FLOOD
2.669426,43.119614,62.556446,8264.049,-0.018172473,0.00834693,-0.009044849,-0.009303517,0.033254474,-0.008528229,0.03957184,-0.55886567,0.29392526,0.072815396,-0.08463707,0.012188997,-0.020099033,-0.0020125508,0.05365879,-0.014245391,-0.04276669,-0.033558127,0.10008299,-0.037370995,-0.012609494,-0.004967316,-0.005881251,-0.030358505,0.97392714,0.97347564,51516.406,167.76605,429.58356,490.84488,-12.900646,497.52066,-7.898761e-05,100.190475,-8963.926,MIRAI-GREIP_FLOOD
1.2539387,44.362213,62.94277,2347.859,-0.01212581,0.007327807,-0.0052973395,0.031618144,0.037992496,-0.023408076,0.034803405,0.22724426,0.06591299,0.018737292,-0.034190625,-0.015148407,-0.0016526111,0.013020651,0.01328636,0.012632202,0.012220008,-0.006524115,0.0558787,-0.012161265,-0.017640619,0.03899945,-0.022094967,-0.016187891,0.97734594,0.967883,55295.953,76.638374,598.9065,523.80634,86.56304,552.34595,0.0005551176,101.15365,8954.358,MIRAI-GREIP_FLOOD
0.5456619,50.141636,64.95471,1881.0342,0.023903904,0.0040256213,0.01454315,-0.019034935,0.035850078,0.025238505,-0.013959162,0.1473214,0.13669981,-0.008863573,-0.0021989457,0.04527697,-0.013126713,-0.0055297697,0.020930689,-0.009245215,-0.016792804,-0.03504903,-0.002019465,-0.06674429,0.02022514,0.041979305,-0.08453862,-0.028234785,0.9870764,0.994665,60231.4,57.651073,510.77585,599.54626,59.0177,604.3043,0.00030479883,104.99088,-6979.871,MIRAI-GREIP_FLOOD
2.69351,44.68737,65.2765,1136.5984,-0.028793782,0.0124621345,-0.0041808584,0.02788414,0.06369577,-0.050292242,0.042229947,4.7237267,1.0781766,-0.03583217,0.1449471,0.009005016,0.007838624,0.0012675766,0.04164488,-0.010105515,-0.012660204,-0.050637133,0.07334918,-0.017533617,0.013827221,0.039257914,-0.06342548,-0.059092365,0.969108,0.9725572,50061.688,112.02188,563.532,513.58673,57.233948,548.32513,0.0006673479,101.73436,-875.7663,MIRAI-GREIP_FLOOD
3.0818653,43.88946,62.98047,-937.8711,0.016687635,-0.002972895,-0.0058654184,-0.0018346995,0.06271296,0.0043485635,0.015727386,3.6960003,-0.1671233,0.90567833,0.8419511,0.006508245,0.17928548,0.009254891,-0.022608113,-0.030091684,-0.0020866818,-0.017982533,0.093693614,0.028190214,-0.033462536,0.024715105,-0.016127989,0.01581248,1.0244075,0.99166155,48358.965,57.853626,604.9023,510.34448,95.33594,471.4523,0.00095166574,99.631325,3557.746,MIRAI-GREIP_FLOOD
-0.3711338,46.759308,70.036705,2242.1162,0.012305052,-0.007733947,-0.003849531,-0.007344582,-0.052798353,0.005297956,-0.00472859,-3.9854698,-0.18921591,0.13598618,-0.04512461,-0.092476115,-0.011936775,-0.002088016,0.03546143,-0.018642124,0.02262954,-0.027229983,-0.027255416,0.07770711,-0.0056552724,0.0082883695,-0.041146502,-0.03560586,1.0138533,0.9964885,53452.75,154.15895,378.65405,512.4001,-43.463364,527.0319,0.00036480033,96.93228,-35084.88,MIRAI-GREIP_FLOOD
-0.8821659,47.36449,62.7135,5014.4336,-0.014724795,0.007038933,0.008416859,-0.003134466,-0.04892815,0.010633544,0.03445504,-1.8675694,0.14856672,0.02325666,-0.02928445,-0.057257634,-0.019289523,-0.032875653,0.04120996,-0.008967257,-0.020197231,-0.035621744,-0.008862257,-0.014365326,0.024978574,0.017747127,-0.03963528,-0.05207947,0.9985327,1.0022408,58454.664,172.01424,518.4447,521.9533,-2.679367,550.52844,0.0003520194,99.46042,-6147.4917,MIRAI-GREIP_FLOOD
-2.6244202,50.232456,63.514866,6258.225,-0.04941947,0.009036744,-0.031196812,-0.0013111568,-0.12214976,0.00043500622,0.039710686,-1.6476252,0.4011576,-0.021413993,-0.12838161,-0.09815265,0.0052904445,-0.01471488,0.027717128,-0.020601897,-0.019618414,-0.019084105,-0.0417915,0.06680111,-0.017930642,-0.037640143,-0.044600002,-0.042462952,1.0438458,0.9959282,57783.3,178.94447,612.47815,550.2732,24.45144,609.09576,0.00019109505,102.39138,12707.06,MIRAI-GREIP_FLOOD
-1.8325214,48.998318,65.590065,3745.9526,-0.011948467,0.0024719748,-0.023872256,0.005306548,-0.095966086,-0.017747886,-0.03407479,-3.763898,-0.0684438,-0.010742116,-0.013607943,-0.12116917,-0.00075339706,-0.032790445,0.05594559,-0.079228014,0.0066846237,-0.030097377,-0.049040616,0.039113197,-0.0053553726,0.016128523,-0.050569303,-0.0003382843,1.0422918,0.98953515,58565.137,171.80104,578.1957,537.7728,15.062503,568.0435,0.0003986235,99.28215,-10438.061,MIRAI-GREIP_FLOOD
-1.3471603,48.63458,62.724564,4886.6714,-0.010241241,-0.0068554576,-0.01933958,-0.01369718,-0.061443165,0.0011822331,0.01663698,-1.0705676,0.3177239,0.06921482,-0.031446304,-0.07920155,-0.004942746,-0.01386144,0.012754319,-0.01722266,-0.008928936,-0.0040156487,-0.028437912,0.0025172306,-0.035676565,0.024951097,-0.028319027,-0.05923821,1.0052588,0.98046464,57609.914,170.93385,485.7185,558.5531,25.667505,550.1907,0.00051278475,101.250534,7867.544,MIRAI-GREIP_FLOOD
1.8908424,42.29465,66.98602,2235.5935,-0.03462954,0.02133712,-0.01633999,-0.0036921294,0.015743934,0.0058802282,-0.00853228,0.72133946,1.3597472,0.016582102,-0.114268154,-0.03774461,0.037646867,0.018501159,0.013639068,0.0063347444,0.017236866,-0.004666983,0.060392976,0.08294608,0.0044677802,-0.0064318394,-0.00012563076,-0.0062291417,0.99742025,0.9996067,51354.9,65.0761,461.55835,487.10547,43.40371,506.86472,0.00033244037,98.196365,-3722.0498,MIRAI-GREIP_FLOOD
1.5784779,44.401737,70.14615,2183.585,0.012270276,0.0072099143,-0.0132235605,0.0015390102,0.033989776,-0.0066206744,0.0067187333,1.2157936,0.35109705,0.34617168,-0.056955494,-0.037275653,0.009229152,0.037275247,-0.0034568785,0.0076561603,0.016667895,-0.00745967,0.054691017,0.026566481,-0.01830347,0.007301522,-0.024767384,-0.023526073,1.0018172,1.0030578,54025.44,81.62253,596.58496,541.0679,73.394005,538.4794,0.00071452843,99.050446,9027.843,MIRAI-GREIP_FLOOD
1.3604965,42.68331,63.52744,3643.73,-0.011490778,-0.0034884405,-0.017982539,0.0019765694,-0.001022785,-0.008022484,0.032665692,-0.5070543,-0.02652235,0.0353474,-0.049501218,0.010794987,-0.0016829517,0.012647481,0.009960964,0.009537166,0.0021543168,-0.013181062,0.04847443,0.066204086,-0.01155295,0.020039655,-0.017425828,-0.045996323,1.0040586,0.98115706,55188.1,81.7693,520.62866,521.04407,62.846836,537.6845,0.00041617302,94.71283,4686.17,MIRAI-GREIP_FLOOD
0.7869301,43.610973,63.78124,11549.365,0.0016246457,0.0031016853,0.018561564,-1.5884638e-05,-0.0049980553,-0.001076918,0.031964406,-2.695872,-0.18954061,0.03554223,-0.0068655983,-0.037230533,-0.013650874,-0.042281378,0.04663202,0.0231313,0.0109316865,-0.045055855,0.070780575,0.010883062,-0.030375635,0.011455767,-0.0048803072,-0.024583515,0.9822192,0.9890328,53646.105,156.26385,307.13422,499.4897,-47.815292,509.63028,-5.615833e-05,93.8384,-29517.143,MIRAI-GREIP_FLOOD
-0.32974052,47.615818,63.749622,16025.928,-0.038736645,0.01797363,-0.010349072,-0.006994314,-0.0472714,0.005624688,-0.017667048,-1.8974175,0.2662214,-0.05694391,-0.11479552,-0.041057453,-0.010257234,-0.035920445,0.037817515,-0.023727493,-0.034101672,-0.017809711,0.050904155,-0.00095464295,-0.019226395,-0.0429644,-0.007912721,0.007108794,1.0437301,1.0241386,55110.316,177.90631,509.70587,541.50366,12.463411,583.57153,0.00019679341,101.05696,5820.0693,MIRAI-GREIP_FLOOD
7.1813116,42.758213,71.62124,2892.124,-0.04815111,0.01624154,-0.020655476,-0.00043826364,0.18909395,-0.01107782,-0.03690966,11.09138,0.5784435,0.06717053,0.088323936,-0.016151901,0.09648586,0.011786901,0.028847843,-0.010762558,-0.0037161564,-0.038897052,0.12294513,-0.042583868,0.014869722,0.0035987317,-0.0859213,0.0011356547,1.0063741,0.95984894,50320.99,101.57991,532.60645,497.3991,54.622673,468.0049,0.00040718017,93.89172,-13598.862,MIRAI-GREIP_FLOOD
-1.3996639,50.172016,64.78913,2972.4592,-0.016774485,0.0059745023,-0.009990209,-0.01794002,-0.037844114,-0.024179945,-0.014710607,-1.0914681,0.1608968,0.043728113,-0.0015613809,-0.06799428,0.0031299212,-0.025468133,0.04177792,-0.068952985,-0.005239225,-0.028298728,0.00062799454,-0.036172617,0.017097164,-0.031888627,-0.07984463,-0.07934921,1.0675403,1.0238149,59604.14,174.67839,545.37354,575.42065,10.53591,584.5599,0.0005469527,105.046005,5470.919,MIRAI-GREIP_FLOOD
1.4680977,45.063847,66.07563,4214.4126,-0.04135639,0.0025588446,-0.02084299,0.0061662006,0.0107542,0.0217609,-0.010832248,1.3539636,0.3403807,-0.019874183,-0.12450791,-0.08222544,0.110235415,0.016654698,0.028704403,-0.010189362,-0.033801705,-0.0028526597,0.03629017,0.019384537,0.010383805,0.02564536,-0.0058611203,0.0056572165,0.98138344,0.9634248,57835.824,65.78961,557.14795,521.61774,96.98513,560.41364,0.00040624203,99.20799,4639.6196,MIRAI-GREIP_FLOOD
3.058651,42.671566,64.48054,5138.7915,0.01889531,0.0051524676,0.009111687,-0.00975481,0.050442964,-0.009408494,0.020499889,-1.8719087,0.1315893,-0.013490373,-0.11376402,-0.035351258,-0.0022475133,0.00035612378,0.024567878,0.023287285,0.024551682,-0.011031664,0.06205237,0.039137706,0.0035344576,0.0052123927,-0.024492495,-0.046138316,0.9767318,0.9628126,52405.223,96.42527,357.28537,493.6737,-6.7723866,499.5613,0.00017934319,95.49628,-16742.703,MIRAI-GREIP_FLOOD
2.3138008,46.8273,64.29483,978.8413,-0.0030380767,-0.009282343,-0.01870318,-0.009803327,0.040339533,-0.042634938,-0.033341594,2.142807,-0.25383893,-0.04263033,0.13935903,0.0042463,-0.020101322,-0.016351707,0.01039883,0.002791076,0.024536217,-0.07074737,0.061253786,0.0048441133,-0.054661296,0.045630928,-0.083607376,-0.003558984,0.97600377,0.9859571,52230.22,58.65442,443.36707,543.6672,48.238335,506.46283,0.0012636185,99.17527,-12655.291,MIRAI-GREIP_FLOOD
1.9976101,40.472942,63.128548,2274.1182,-0.022714175,0.008930713,0.011596322,0.024353812,0.030259375,0.0066314526,0.04935146,0.2225169,0.31839556,-0.1049712,-0.0430948,0.057015643,-0.03261123,-0.0067410897,0.0054811127,0.036483847,-0.019372173,0.012079621,0.113536716,0.035683565,-0.007662349,0.026710806,-0.017172381,-0.0719511,1.0050566,0.9715782,53524.723,72.14436,581.1699,539.58234,80.54332,564.63116,0.0003563068,95.67455,14418.443,MIRAI-GREIP_FLOOD
-0.9885025,48.680264,64.95577,15013.768,-0.018833907,-0.0044561513,-0.00826841,0.001065608,-0.01920549,-0.0018895848,-0.01765501,-3.3227577,-0.06801733,0.05229886,-0.06504673,-0.06793802,-0.00144184,-0.017412687,0.07497622,-0.04732612,0.0034539262,0.00080983154,0.0146873,-0.0079595735,-0.0073942407,-0.025072524,-0.056490846,-0.057274587,1.0341796,0.9614246,56757.465,160.28743,417.82056,519.9838,1.2959461,557.4343,0.0001681936,101.19483,-3070.528,MIRAI-GREIP_FLOOD
1.7731819,45.02737,63.820526,6073.9756,-0.008375104,0.0001090914,-0.011995545,-0.0077405805,-0.023464212,-0.0025947653,0.026834363,-1.1227095,0.06467076,0.009445156,-0.110108286,-0.026411962,-0.027173107,0.00831386,0.055597343,-0.005038008,-0.007313494,-0.017616106,0.025993168,0.0022983737,-0.009642036,0.014188338,-0.018248152,-0.0384041,0.98250675,0.9570315,52123.277,141.74811,365.41797,500.46408,-3.2835197,512.5782,0.00013249321,98.08565,-17814.533,MIRAI-GREIP_FLOOD
0.6119213,45.442345,64.16931,5250.9897,-0.017530382,-0.0025946,-0.015916983,0.021826394,-0.039771207,-0.019524394,0.027472928,-2.248489,0.017863585,-0.026485093,-0.02131316,-0.03969688,0.01358243,-0.024228116,0.03876333,-0.018977791,0.0041118404,0.00078713987,0.016274631,0.06452572,-0.00928524,0.032301236,-0.01691654,-0.008039231,0.9524373,0.95172185,52633.52,117.54146,476.09723,494.98697,23.11931,546.3285,0.0003299593,98.88767,-12610.949,MIRAI-GREIP_FLOOD
-1.2470245,47.3585,59.913887,1630.4265,-0.048508104,0.006095126,-0.015808662,0.016758729,-0.078868255,-0.011080524,0.010045204,-0.44035375,0.42367432,-0.0022564083,-0.09891902,-0.21867238,0.3343194,0.020103462,0.06963518,-0.0014226092,-0.034728415,-0.017475264,-0.035443783,0.012298181,-0.025557058,0.07414418,-0.02925898,-0.01821008,0.9603322,0.9595615,54732.547,151.79474,844.95087,561.40314,89.03371,579.21716,0.0019939377,101.198296,22424.625,MIRAI-GREIP_FLOOD
3.0329285,42.118576,64.114944,4367.491,0.024746208,0.003972499,-0.011377724,0.04643863,0.0552983,-0.030550491,0.022544954,1.5592461,-0.168415,0.040561296,-0.014164595,-0.043269727,-0.010418364,-0.019823367,0.02796584,-0.00715672,0.015752811,-0.0109338425,0.10690743,0.0066115535,-0.022025837,0.06740623,-0.03011206,-0.009285732,0.96271926,0.98113877,51634.645,128.0997,497.64743,485.98816,18.423517,508.02448,0.0004387938,97.260895,-8886.026,MIRAI-GREIP_FLOOD
0.8842087,44.186096,64.61318,2371.5513,-0.0054882653,0.0064294115,-0.0042974507,0.005685815,-0.0033664964,0.0026801876,-0.0061617536,1.0530517,0.106957376,0.34350836,-0.026502201,-0.016090639,0.049637016,0.019035073,-0.017697256,-0.01125601,0.0133469775,-0.040298086,0.044117272,0.08141684,-0.001413615,0.016027143,-0.020934206,0.013322888,0.9885897,0.9975856,52647.793,64.10897,565.61523,514.57605,79.99042,521.8448,0.00050532795,100.70879,3156.843,MIRAI-GREIP_FLOOD
0.36707878,43.68315,71.74933,922.2661,-0.0048587006,-0.011152528,-0.018975459,-0.0047802515,-0.025609413,-0.040209606,0.021796323,0.2679212,-0.30818272,0.008777416,0.15472922,-0.039726302,0.01580366,0.028251339,0.0055330573,-0.0028973352,0.013113467,-0.04156563,0.0013492703,0.13869438,-0.010699398,0.015621666,-0.029910378,-0.010096076,1.0083171,0.9962792,53376.254,80.70012,757.94806,513.66693,93.79195,494.09372,0.00057858095,97.47432,7418.876,MIRAI-GREIP_FLOOD
2.2333374,43.082256,63.33853,2870.4111,-0.041770436,0.0019361147,-0.041955918,-0.011742056,0.02467208,-0.054383904,-0.002743057,-2.2774043,-0.18087086,-0.024419779,-0.1763657,-0.11676431,0.23264396,-0.02832362,0.046317734,-0.02873174,-0.037508573,-0.012092515,0.09665227,0.009708314,-0.040595584,-0.017629547,-0.016303664,0.008290875,1.0429511,1.0140241,52247.996,177.89784,451.21408,545.44415,-20.018654,579.41016,0.00042552952,93.965935,-7045.1143,MIRAI-GREIP_FLOOD
0.8627758,48.195515,63.939,17421.545,-0.06286636,-0.008341674,-0.0006178301,-0.009787022,0.055520914,-0.018712133,-0.024663562,0.5181849,-0.22455575,0.026861077,0.7407472,-0.055188913,-0.0005573202,-0.024700642,0.0076376176,-0.037382837,0.05925353,-0.01757349,0.09859496,-0.049556933,-0.049394663,-0.012164811,-0.036711585,-0.037611958,1.0048475,0.9914387,56082.66,58.293587,477.71475,562.4419,67.25766,531.18005,0.00064077025,103.2449,6555.1865,MIRAI-GREIP_FLOOD
2.236477,43.085526,64.461075,2590.5122,0.009275227,0.0045044348,-0.009292154,0.048449077,0.046455897,-0.014541783,0.03881697,0.17028695,-0.0062612444,0.02699271,-0.0309023,-0.017345961,-0.0034933095,0.012301266,0.009869341,0.011587212,0.008925441,-0.013812037,0.076901555,-0.0038123576,-0.020729406,0.020156717,-0.006938898,-0.014089633,0.9984348,0.9886499,52857.73,79.50905,582.5099,504.28775,74.537605,516.8299,0.0005294694,97.88995,2080.4333,MIRAI-GREIP_FLOOD
-0.5955448,46.392918,63.907516,2730.734,-0.024151213,-0.0044897757,-0.017826583,0.005349793,-0.030955309,-0.001209724,0.028149448,-1.0601037,-0.06798149,0.009443163,-0.0028413348,-0.02986147,0.009148293,-0.00044294167,0.029324125,-0.008482257,0.00648628,-0.0020551076,-0.0016216636,0.02866218,-0.024207205,0.00625066,-0.022915151,-0.037747066,1.0102569,0.9730314,57605.008,68.30391,575.9271,555.4593,80.09602,566.8666,0.0004702345,100.80999,4743.1284,MIRAI-GREIP_FLOOD
0.8063812,45.692944,64.24031,3151.5554,-0.002537854,8.991733e-05,0.008518246,-0.011645009,-0.034141786,0.01339378,0.02825484,-0.11806679,-0.0038059056,0.1076387,-0.04258226,-0.097036794,-0.0046547386,0.004433538,0.03248964,0.03122566,-0.005526645,-0.030860737,0.0051950216,0.012911129,-0.022239711,0.012898425,0.0057165744,-0.0042829663,0.99619013,0.99729216,55514.07,154.24216,471.45428,537.7658,3.3023357,519.56464,0.00030184802,98.0282,-16324.897,MIRAI-GREIP_FLOOD
-0.04891777,44.51935,63.78227,1735.551,-0.05151198,0.007147051,-0.009477267,-0.014979789,-0.04515502,0.014000926,0.06953269,-1.7587085,-0.10373741,0.027525743,-0.11573118,-0.04977441,-0.028225025,-0.00094661955,0.009161284,-0.006622332,-0.025685309,-0.029350072,0.016194165,0.062418904,0.0061746407,-0.020771718,-0.03069305,-0.05406145,0.9984543,1.0199351,55796.3,178.63408,470.22134,553.3577,-22.714706,590.0381,0.00026347063,97.49729,-5603.9785,MIRAI-GREIP_FLOOD
4.4665756,43.804447,64.52832,3211.8325,0.0043151807,3.0122697e-05,-0.02920857,0.02522984,0.105429895,-0.020760365,0.024174878,11.376361,-0.36380205,-0.03705232,-0.0751641,0.02910113,-0.0037117058,0.020233084,0.007934472,-6.87968e-05,-0.020854548,-0.017808935,0.1191529,-0.0016930216,-0.00998431,0.027836116,-0.06662242,-0.0145515315,0.9910194,0.95365185,54782.582,85.34307,539.486,519.6052,68.48995,481.6357,0.00030550247,100.72166,-3641.976,MIRAI-GREIP_FLOOD
-1.3226166,46.32309,62.12983,4550.4204,-0.01890289,0.0044796877,0.001714793,-0.008818665,-0.06641343,0.0010600971,0.012687043,-2.3841186,0.31476575,0.013342703,-0.08342974,-0.08800414,-0.0028178897,-0.006445525,0.03647406,-0.007904315,-0.011598865,0.00986556,-0.0128362775,0.029592281,0.0062374794,0.027878363,-0.015728848,-0.019159367,0.9571235,0.9315794,53800.43,84.424866,470.969,519.24005,31.508888,537.4491,0.000385513,101.35778,-14081.696,MIRAI-GREIP_FLOOD
1.6217766,45.137337,63.613247,674.2251,0.009576528,0.013063997,0.008023175,-0.0033301401,0.024624633,0.014157768,0.024888711,0.32916582,0.81128156,0.12184402,-0.018032953,0.025895342,-0.019238934,0.00838824,0.018071461,0.01800621,-0.009081007,-0.028753944,0.07714045,-0.016124977,-0.0070444546,0.033764202,-0.03148616,-0.046541132,0.99100643,0.9817943,51553.22,58.430157,473.39526,505.18735,48.452858,528.37665,0.0005928086,101.325264,-6003.4824,MIRAI-GREIP_FLOOD
5.633646,39.500713,64.396454,1707.7258,-0.018363152,0.040060744,0.01389051,0.040273115,0.13462089,-0.005538021,0.055749923,3.0490255,2.0894084,-0.089051306,-0.07261726,0.09289783,-0.03204021,0.01689578,0.015707133,0.017927662,-0.017642265,0.0005047908,0.20776427,-0.07509545,-0.0029249303,0.0010541873,0.0016011903,-0.028923105,0.9864445,0.97837985,53841.08,70.62578,582.78235,515.8376,115.7008,535.43176,0.00037103012,98.38106,25796.791,MIRAI-GREIP_FLOOD
3.730629,43.355347,64.29112,2602.1594,-0.03917292,-0.0013058333,0.006041422,0.016366763,0.099754974,0.010138316,0.025276784,5.513292,0.24815293,-0.034567464,-0.09713405,0.0030287448,0.046623915,-0.027855854,-0.0015613856,-0.0040949974,0.016412402,-0.052554563,0.076200545,0.064577535,-0.004123042,0.059316583,-0.07785727,0.009356904,0.9575035,0.96307594,46622.344,57.26507,509.7606,425.2154,73.00896,451.88934,0.00056325534,96.95362,-5619.71,MIRAI-GREIP_FLOOD
-0.12471199,48.1284,64.11692,5741.9316,-0.035608195,-0.0014213397,-0.002744333,-0.006907644,-0.043619946,0.021630822,0.022701133,-1.9298141,0.2533834,0.05153265,-0.12599128,-0.055181194,-0.0063366476,-0.0029450562,0.04071966,-0.011809579,-0.01836602,0.0009587733,-0.017812014,0.015951987,0.011456291,0.004961109,-0.00032266136,-0.022369679,0.9570452,0.93218327,55200.18,79.309875,346.68686,508.59933,12.721624,540.8834,0.00020102129,103.6713,-21538.133,MIRAI-GREIP_FLOOD
1.3451271,44.00733,63.133762,7469.0186,0.012319348,-0.00033064932,0.008137843,-0.0055256407,-0.02138145,0.008906769,0.044131726,-2.6947513,-0.13870102,0.07758103,-0.044643693,-0.043940924,-0.018649483,-0.01711009,0.04147889,0.010409098,0.0015944103,-0.025447542,0.030696392,0.0042996365,-0.027403656,0.0256594,-0.0076204254,-0.011583007,0.9951072,0.9852803,53197.797,166.82861,361.86414,495.45212,-30.003456,481.79092,-5.5795055e-05,95.26138,-20325.621,MIRAI-GREIP_FLOOD
-1.3885784,47.106445,63.545948,1851.0725,-0.018879449,-0.0029263177,-0.017707966,-0.013917388,-0.077067204,-0.018716035,0.03673248,-3.7460065,-0.11518447,0.13855322,-0.10648146,-0.07552476,-0.00076423207,-0.0030566053,0.009939302,-0.00079315156,0.003601252,-0.041489236,-0.0014259219,0.044733804,-0.056497686,-0.019561023,-0.0027961424,0.0072833425,1.0083536,1.0042756,55881.926,179.08255,358.115,503.34027,-51.675446,540.44507,0.00045989963,99.3581,-13486.4,MIRAI-GREIP_FLOOD
-0.9976063,45.452026,62.607494,3136.645,-0.015853034,0.011009087,-0.01321319,-0.010170575,-0.015087239,0.0039972137,0.040970348,-0.76394343,0.23410961,-0.02507864,-0.037374992,-0.09260546,-0.021525597,-0.020510348,0.04631549,-0.00311126,-0.07139294,0.00019317493,0.029085815,-0.016209824,-0.020338083,0.0046610017,0.01566269,-0.025001246,1.0063016,1.0000203,58346.598,175.93477,536.7007,540.2447,16.117014,549.1944,0.00059218594,100.118935,14487.126,MIRAI-GREIP_FLOOD
4.0501595,41.97528,63.613754,741.1362,-0.015258273,0.010338192,0.0008510286,-0.003425131,0.09838208,0.009982028,0.026983267,4.830291,0.20428622,-0.03215444,-0.010570995,0.030560426,0.005847255,-0.004965486,-0.005345433,0.00735213,-0.00363698,0.018453002,0.13297975,-0.03211517,-0.012635192,0.031910375,-0.020205427,-0.05560664,0.99529004,0.9850055,56213.965,63.36344,780.6047,557.6483,163.03397,546.9493,0.00092640414,99.921196,44734.94,MIRAI-GREIP_FLOOD
0.94979095,42.743385,58.257553,7750.8457,-0.008608782,0.016961623,0.027510358,-0.002617274,0.013032211,0.018788887,0.04220902,-2.1370351,0.22215576,0.049944587,-0.022918535,0.0030372292,-0.010657816,-0.0017641298,0.010333996,0.039581686,0.0068403734,-0.012539969,0.09074855,-0.025000436,-0.033315964,0.030363772,0.009403284,-0.040180404,0.9371924,0.89928335,52479.008,68.28197,443.73047,519.4861,55.593376,506.5178,0.0004247787,98.3347,-6917.4736,MIRAI-GREIP_FLOOD
1.1265011,44.502716,63.91802,3665.8677,0.0071622613,0.0054957466,-0.0028739497,-0.006595219,-0.0065941513,0.0090490915,0.021947967,-0.8303971,0.25400186,0.09220168,-0.09323702,-0.07276881,0.08348212,0.02896379,0.031527556,0.023562063,-0.008805047,-0.003381325,0.006939769,0.071415655,-0.027593805,0.026957633,-0.007122508,-0.003942447,0.98453057,0.9684441,52230.496,71.6605,368.92102,498.63348,27.705658,491.95874,0.00040938793,98.13504,-19526.877,MIRAI-GREIP_FLOOD
0.9581146,47.632713,64.56722,3853.8164,0.013514964,-0.0038122379,-0.019974124,-0.00022760034,-0.011670243,-0.024784476,0.0048752083,2.2797751,-0.06681496,0.052090134,0.008903052,-0.054941192,-0.02017841,-0.009113996,0.03892971,-0.06467512,-0.0023412332,-0.028255202,0.03549987,0.0058120773,-0.03444218,0.0407597,-0.051892504,-0.02389862,1.0255969,0.99043757,57898.957,150.6911,460.71695,552.2866,26.382397,510.81442,0.00040955484,101.481384,-4565.196,MIRAI-GREIP_FLOOD
1.4361115,42.99195,63.684082,5342.176,0.0032674428,0.009066374,-0.023161456,0.022617837,-0.022587297,-0.02831794,0.024785066,-1.8533366,0.027177181,0.049236618,-0.08035939,-0.037668634,-0.02677766,-0.014623107,0.029430661,-0.02264326,-0.007821977,-0.031438515,0.030060291,0.04701859,-0.04925642,0.0009923882,-0.01588016,-0.0070997975,1.0224105,0.9898311,51593.71,176.4066,446.04047,481.4383,-24.21658,504.3969,9.913216e-05,94.44995,-14008.296,MIRAI-GREIP_FLOOD
-1.2599258,46.799015,63.122215,2889.9124,-0.060473606,0.020610124,0.0034630345,-0.018830143,-0.07882785,0.042323995,0.06281257,-0.6564512,0.73842794,0.012370422,-0.09309318,-0.07327067,-0.0144944135,-0.0008123275,0.021970458,0.018417975,-0.03754715,-0.03228339,-0.012565792,0.03982641,-0.0022831233,-0.0026316603,-0.023901414,-0.03033968,0.98160726,1.0092086,54950.63,175.75717,527.0669,558.9234,23.250938,580.6564,0.00018862975,100.32587,5528.98,MIRAI-GREIP_FLOOD
1.4953003,45.731693,76.00269,1411.3289,-0.017186698,0.01836283,-0.017463809,0.0038290129,0.021744102,0.011208538,-0.011253227,2.962288,1.6355437,0.4192331,0.086848736,-0.011030202,0.01787423,0.011722058,0.006469139,0.0024478044,0.004020636,-0.028318336,0.06430787,0.07186149,-0.012142762,0.013585117,-0.03867266,-0.009289532,1.0180111,1.0125502,49321.73,57.582283,524.8524,508.1211,66.46438,518.82434,0.0006720212,100.474556,3270.767,MIRAI-GREIP_FLOOD
3.740816,42.73372,78.49804,2134.948,-0.032882165,0.03547449,0.002354735,-0.007558351,0.067909256,-0.013711255,0.010608408,2.2248087,1.8896322,0.016279832,0.0001442805,-0.013674621,0.0012155155,0.05315121,0.016029937,0.031284537,-0.003079262,-0.022304395,0.11273301,-0.03392716,0.024482554,-0.0007966219,-0.048425738,-0.0049776584,0.9611264,0.96479684,51214.293,91.9922,463.368,490.82312,42.52524,502.41492,0.00039750163,99.66257,1085.498,MIRAI-GREIP_FLOOD
-0.75149345,48.25922,63.326847,7071.8335,-0.036487717,-0.0021673134,-0.005290436,-4.3852255e-05,-0.06309139,0.0068423776,0.04190305,-2.1310108,-0.12494814,0.014471484,-0.08808088,-0.031622905,-0.038627055,-0.027628973,0.039560698,-0.040512763,-0.008749048,-0.030492298,-0.0020036697,-0.0013270006,0.009294747,-0.00435604,-0.04550399,-0.058594923,1.0149319,0.9984822,57498.426,175.11237,416.4799,517.00684,-31.952381,559.96,0.00024148918,98.99752,-14123.581,MIRAI-GREIP_FLOOD
1.7001324,42.719334,62.850414,4443.4067,-0.006823493,-0.00038023666,-0.0042184466,0.02622102,0.03417174,-0.0194432,0.04114434,0.43609655,-0.2162177,0.07123636,0.029886995,-0.006847065,0.0008030403,0.0018450944,0.009858905,2.8354116e-05,0.0022009108,-0.026026778,0.09638232,-0.017262215,-0.0026858668,0.057573058,-0.006589419,0.00032656826,0.9778594,0.9503466,58935.387,77.15136,624.9093,555.1275,87.05691,560.9618,0.0004101253,97.359764,18083.959,MIRAI-GREIP_FLOOD
2.4569836,43.08798,64.383865,797.3867,-0.015955321,0.0015275587,-0.018506344,0.01046633,0.026107345,-0.02696484,0.034658212,0.4898677,-0.031392492,-0.027916757,0.00941906,-0.049465444,0.1339805,0.018566007,0.019702792,0.0015738187,0.0015839515,-0.027798245,0.07026994,0.043676905,-0.022004822,0.03930799,-0.03404491,0.002720924,0.97502035,0.95924765,49820.04,82.228546,510.96832,479.20334,68.26312,465.69104,0.0010810661,98.496635,-2415.4797,MIRAI-GREIP_FLOOD
2.8089485,48.059177,61.94053,7174.858,-0.01469774,0.043389525,-0.008389827,-0.027537553,0.081755064,0.046718083,0.013646886,3.9635088,3.2949398,-0.019351741,-0.09551674,-0.042340443,0.2466282,0.0067285215,0.018297918,0.012207538,-0.051196367,0.003963355,0.09620148,-0.11089613,-0.022147594,-0.0019969908,0.00043452717,0.015489702,0.9216305,0.9551549,58582.234,77.10113,493.67337,579.03485,80.65715,548.17584,5.1535317e-05,104.76633,8753.051,MIRAI-GREIP_FLOOD
0.90281105,46.395454,64.324295,4432.482,-0.012450189,-0.0017621923,-0.027896002,0.0032104969,0.010303067,0.02571415,0.025995396,-0.19481671,0.03438852,0.17276278,-0.040130895,-0.0034774328,0.0053743906,-0.011504459,0.025022164,-0.017796438,0.005262736,0.008090957,0.040525794,0.0073679243,-0.015365436,-0.010347679,-0.00526404,-0.010626138,1.0055923,0.9700025,55382.992,64.89271,435.66986,539.7277,60.21661,539.0912,0.000487183,102.17595,1655.6931,MIRAI-GREIP_FLOOD
0.9441986,44.00489,64.43129,6480.401,-0.019659225,0.07976768,-0.06745057,0.053279486,-0.05005393,-0.03504413,-0.0010277075,-1.8113818,1.5478526,-0.0012113713,-0.08680408,-0.09132549,0.08830177,-0.0031191483,0.092080645,-0.03132162,-0.008308598,0.027354581,0.070411205,0.008437844,-0.02598307,0.016679086,0.012682689,0.0018539838,0.9460046,0.96057284,52584.52,154.11115,561.54565,508.12848,34.99056,593.0386,0.00055789814,95.41771,3054.6707,MIRAI-GREIP_FLOOD
1.0372658,44.929287,64.24908,1552.2891,-0.0029505324,0.0004762709,-0.016145002,-0.008164191,-0.0050827274,0.008809112,0.0015571481,-0.8588064,0.13186854,0.059931394,-0.07502735,-0.04920259,0.00021745265,0.011707883,0.010094069,0.020509668,0.0029513612,0.0060154963,0.031124234,0.03886676,-0.018046292,-0.0030689675,-0.016255958,-0.039914656,1.0000548,0.9991618,54778.324,69.383354,405.13806,530.86365,34.36936,523.17706,0.00043369323,99.11862,-11659.827,MIRAI-GREIP_FLOOD
0.10221481,44.944923,62.081017,2162.6907,-0.018572625,0.00080579886,-0.009301564,-0.004126416,-0.021989463,0.013426887,0.020258993,-0.99773216,0.1403466,0.05465172,-0.019946259,-0.049352866,0.0031116114,0.0071771205,0.019011093,0.0043776864,-0.0021120277,-0.004227641,0.020110786,0.051088758,-0.013642676,0.015133127,-0.020396223,-0.043796584,1.0177783,0.9722029,53983.445,62.773567,525.3053,507.61984,59.06869,525.34186,0.00040349824,98.37302,2031.3865,MIRAI-GREIP_FLOOD
-1.9690876,48.554157,64.14254,5266.6284,-0.015370404,0.0071622687,-0.06913671,0.061390426,-0.10792872,-0.01986998,0.0039304607,-3.2437263,-0.076684415,0.08822444,-0.15549137,-0.07264286,0.064779885,-0.025554495,0.028070327,-0.036454953,-0.027161155,-0.01034473,-0.021156073,0.049141854,-0.062343214,-0.039477464,-0.008192327,0.013585722,1.0313759,0.9912859,56612.066,178.69989,592.3699,568.9905,-20.36525,594.7407,0.0002263619,99.311676,-6443.7607,MIRAI-GREIP_FLOOD
3.4770184,46.02783,64.44035,6347.918,0.0011153519,0.007942504,-0.015544083,0.0006811619,0.045434676,0.004549494,0.0037599425,0.18212432,0.24559352,0.06785005,-0.057641856,-0.038665824,0.14327137,0.03628461,0.010753301,0.002491218,-0.014007944,-0.033791468,0.08201796,-0.010272348,-0.020021422,0.009926192,-0.028946195,0.031872325,0.9904292,0.97174424,54093.94,72.744705,473.78998,511.48425,62.576263,500.09833,0.000213789,99.7126,-2208.75,MIRAI-GREIP_FLOOD
1.6716042,45.25837,62.94001,4836.4844,-0.033997145,0.005560488,-0.013108196,-0.008017987,0.023496803,-0.018392831,-0.008588297,0.30322057,0.14232278,-0.026473815,-0.013039278,-0.15439318,0.28844598,-0.014284115,0.056789402,-0.017520962,-0.016169257,-0.0474058,0.056918085,-0.032257657,-0.025738915,0.028214093,-0.02679978,0.005942257,1.0440104,1.0131122,55140.824,170.26967,574.07336,597.409,11.6104965,589.1694,0.0003732238,96.92928,-7326.871,MIRAI-GREIP_FLOOD
3.592249,44.891785,69.95201,2919.4927,-0.023401685,0.0062409807,-0.017322503,-0.0069814115,0.09446317,-0.012491463,0.00652055,10.976194,-0.003631711,0.036178898,0.099633,-0.03621843,0.023204653,0.0071362634,0.043995623,-0.02760185,-0.0070071314,-0.059661597,0.10597575,-0.039614603,0.018453924,0.017879603,-0.05301446,-0.006081173,1.0050634,0.9914577,55353.004,140.92686,620.99884,561.3931,57.40271,543.1843,0.0004198859,99.801895,-2874.81,MIRAI-GREIP_FLOOD
1.1788845,44.16414,62.81807,3541.6226,-0.02889525,0.00804351,-0.019884098,0.0031567581,0.017787788,-0.0049016066,0.0033087097,-0.21023297,0.07310613,0.07583513,0.23263907,0.0014289655,-0.0017555129,0.016086182,-0.002256725,-0.0014160387,0.0143524185,-0.019272987,0.09707707,-0.011577965,-0.030551631,0.017165946,-0.008451295,0.0013867114,0.9816736,0.98979706,53514.555,58.287994,450.2594,544.5424,66.16295,536.3383,0.00047394552,99.98475,-2781.5488,MIRAI-GREIP_FLOOD
7.4786377,38.54545,72.73593,2098.035,-0.016535843,0.0052223573,0.017752372,-0.005763236,0.16624132,-0.0075191557,0.024064293,6.4077897,0.040181786,-0.061942205,-0.003956016,-0.036625348,0.20091195,0.018400237,0.0011578389,-0.010697622,-0.00030685682,-0.025625275,0.20418453,0.018407855,0.0062727346,0.031683665,-0.040110033,-0.010203746,0.9985546,0.97735715,42552.742,68.00133,465.0609,396.88156,82.30748,385.16113,0.0008044454,92.09452,13358.582,MIRAI-GREIP_FLOOD
0.0569458,46.56488,64.49039,3919.8772,-0.026108794,0.00555696,-0.023639396,0.0011819116,-0.0119571425,0.046204545,-0.010562234,0.060040116,0.26696694,-0.06129436,-0.059308182,-0.02253158,-0.0027434828,-0.008100894,0.018678768,0.023278633,-0.021566702,0.009963325,0.03120941,0.025647787,-0.0066473484,0.0060148793,-0.028964562,-0.0455502,1.0213223,0.99164844,57918.15,57.122864,517.3941,564.7859,67.03436,573.84314,0.0003370356,99.905716,3370.376,MIRAI-GREIP_FLOOD
1.464777,47.54245,63.62533,-179.42676,-0.013529647,0.006497092,-0.010071419,0.0004009977,0.027298361,0.019954255,0.028670039,1.4262948,0.56787145,-0.024204774,0.04506457,0.0033102045,0.010710507,0.0032104505,0.02036982,-0.01617286,-0.018479923,-0.03078932,0.0585953,-0.06904879,0.009781407,0.050192393,-0.05642031,-0.045275375,0.9679227,0.9687613,57580.76,57.296936,686.3279,570.79425,104.429474,572.21204,0.0010738551,106.59765,10582.767,MIRAI-GREIP_FLOOD
2.2534637,45.141983,63.868164,7279.5405,-0.016453886,0.00014324486,-0.0006620679,-4.31519e-05,0.023896288,-0.0010549161,0.022756603,-0.90357995,-0.01217328,0.020204049,-0.04590457,-0.0013103057,-0.02158971,-0.0045122765,0.009096078,0.017355094,-0.0062070554,-0.013300499,0.06341565,-0.023678096,-0.0067140264,0.00047389884,-0.016154932,-0.03513679,0.9971796,0.96353084,55105.984,92.627884,387.43347,519.5217,13.397384,523.7331,0.000120212935,97.68478,-14707.295,MIRAI-GREIP_FLOOD
0.47326088,45.143326,64.677376,3794.207,0.0022666901,0.003909419,-0.020029584,-0.012568879,-0.010002609,-0.024247319,0.0015000114,-3.4209108,0.060254887,0.039104786,-0.033050783,-0.055871084,-0.0073689856,-0.010287407,0.05296804,-0.021956205,0.011749732,0.0020585954,0.0075665116,0.019783087,-0.003075588,0.037740972,-0.0105631715,-0.020879779,0.9783147,0.9881544,55092.12,140.47029,479.51385,502.01273,9.52309,533.7856,0.00034430777,97.21447,-11353.242,MIRAI-GREIP_FLOOD
-0.49284744,44.749218,64.631836,-65.62793,-0.018201485,-0.00984219,-0.025672985,-0.005726845,-0.04646214,-0.01915674,-0.001735054,-4.5445046,0.18529074,0.011436417,-0.060971506,-0.085957155,-0.0053112996,0.010687298,0.04413599,-0.013081551,0.012559983,-0.010051163,-0.015503287,0.10302635,-0.0074960683,0.02319583,-0.019551402,-0.032969374,0.956877,0.95660746,51963.85,120.23658,416.41248,516.7499,35.715004,539.77356,0.0015768962,96.426956,-1731.9099,MIRAI-GREIP_FLOOD
0.63850594,45.912945,64.485695,2815.4673,0.00809471,0.006050043,-0.02298179,0.021411879,0.026079599,0.019021675,0.040699176,0.52843785,0.31292439,0.15814887,0.04378745,-0.018007945,0.021928318,0.0047251815,0.0052081933,0.008371122,0.012957545,0.013741933,0.03613597,-0.029782468,-0.019546023,-0.0076972106,0.027727764,-0.011233742,1.000286,0.98324454,56791.887,71.74433,658.3422,546.3166,103.35688,554.1833,0.00036784238,101.61649,16731.861,MIRAI-GREIP_FLOOD
4.653618,45.11793,66.90229,3931.125,0.03727645,0.011610303,-0.009473417,-0.0121088205,0.100916326,0.0053900974,0.010485846,2.5710106,0.24455413,0.12783186,-0.10624289,0.04480879,-0.026138846,0.019406032,0.034772806,0.013030387,-0.02269613,-0.0296583,0.09822637,-0.0767732,0.0015902705,0.002636332,-0.028742075,-0.038243383,0.99715686,1.0002066,54571.312,75.04366,491.31497,529.7968,55.58238,525.1789,0.00032850797,102.41704,-2932.8855,MIRAI-GREIP_FLOOD
2.7138863,42.823353,65.61634,2092.4497,0.006288616,0.007905696,0.0064714486,-0.01086581,0.048066795,-0.01138005,0.023210738,1.1092815,0.35507286,0.14078328,-0.08738665,-0.021044293,-0.0016211976,0.021824915,-0.01400131,0.022467744,0.0034590205,0.007287538,0.08990741,0.013257334,-0.0008268468,0.006601052,-0.024608465,-0.026548656,0.97830915,0.9968806,52436.207,88.98364,417.46558,498.7467,16.423525,510.14645,0.00042749397,99.64873,-16131.562,MIRAI-GREIP_FLOOD
2.970436,47.203175,68.072075,4774.4556,0.018414566,0.012533821,-0.0017244346,-0.011855506,0.084510185,0.009738104,0.037833158,2.871681,0.089260116,0.13713422,-0.07164943,0.030487124,-0.022772675,0.0180129,0.03170528,0.03285873,-0.009710443,-0.03189232,0.053425968,-0.08217111,-0.0063990187,-0.017366968,-0.02198901,-0.0027135853,1.005935,0.98917335,56704.965,87.236404,433.56586,533.2774,25.791851,519.375,-8.275676e-05,103.474625,-14947.238,MIRAI-GREIP_FLOOD
0.09718704,46.697727,62.572083,396.54297,-0.018642185,-0.005140163,-0.018820906,-0.013433086,-0.04336726,-0.0072603947,0.021617785,-1.6530232,0.20803234,0.014007313,-0.06243337,-0.0654052,0.007586352,0.010975896,0.043354817,-0.017979508,0.008058808,-0.00441825,-0.012970924,0.03396282,-0.00402116,0.010671403,-0.014590219,-0.04268177,0.9627168,0.9579248,53211.977,75.72766,430.23395,544.73883,46.17025,548.3936,0.0007192111,103.07096,-5471.0693,MIRAI-GREIP_FLOOD
0.7135048,45.48946,63.824604,10091.395,-0.051520437,0.011278771,-0.0124621065,-0.0074081155,-0.008061189,0.015324416,-0.04135496,-1.1899881,0.34256655,0.021049652,-0.045362875,-0.059076816,0.05798154,-0.012216609,0.012649525,0.033615585,-0.002830841,-0.016595425,0.061552346,0.0009266027,-0.026037477,-0.008978929,-0.011206375,-0.0172854,0.9624076,0.9558585,56500.133,75.50343,449.25238,547.93,30.432434,545.7403,0.00019638837,99.67204,-15476.693,MIRAI-GREIP_FLOOD
3.9934082,43.6885,73.37657,76.464355,0.024492683,0.01295271,0.01462126,-0.013575444,0.092029564,-0.02510363,-0.0015964336,7.2262444,0.9835354,0.2659929,0.022008028,-0.008014016,0.015877835,0.030135058,0.014617234,0.020788627,-0.017646646,-0.037919633,0.10428023,0.023109352,0.0015343912,0.01092977,-0.051509425,-0.030122582,1.0045463,1.0001962,44933.96,61.935787,493.62814,449.10196,58.799973,452.10635,0.0015902293,100.857445,-159.52011,MIRAI-GREIP_FLOOD
4.4992456,45.969704,65.24284,66317.39,-0.060844533,0.008048371,-0.026167484,0.012627281,0.073998794,-0.010719794,-0.024475817,4.095501,0.53818226,-0.09375961,-0.09203795,-0.06268025,0.13067947,0.009100469,0.044036895,0.021700844,-0.016529372,-0.021833524,0.092072725,0.008886633,-0.006182336,0.0152354045,-0.042639032,0.03349525,0.95192546,0.93785685,53257.95,82.90103,505.43463,442.9585,63.350883,490.6661,8.396851e-05,99.441864,-16226.503,MIRAI-GREIP_FLOOD
0.1903019,45.27017,64.155594,2602.9885,-0.01370183,0.0035791136,-0.0076621776,-0.014326504,-0.030494558,-0.01485097,0.013167344,-3.1110935,0.07959199,0.043668527,0.005912725,-0.041590266,-0.0117072305,-0.014313927,0.06560049,-0.014002368,-0.011413073,-0.01733063,0.02485019,0.008820808,0.0050473283,0.0079243295,-0.035001017,-0.048578497,1.0093709,0.983889,54707.94,159.08385,499.923,505.1218,14.463778,533.5622,0.00041189743,99.3891,-3953.4329,MIRAI-GREIP_FLOOD
2.1327286,44.201843,65.741196,1824.78,-0.022295015,0.014100494,-0.013052922,-0.0030027924,0.03297229,0.017355401,-0.001444153,0.102387786,0.75816405,0.008518658,-0.11213301,-0.0008411845,-0.0044695064,0.02330751,0.026923968,0.0075258263,-0.013793122,-0.014755476,0.06412315,-0.0072788303,0.009453471,-0.006455567,-0.0016393512,-0.033558648,1.004049,0.9977711,56571.14,69.72571,542.0471,548.9931,80.115524,566.7692,0.0003394537,100.97013,8320.796,MIRAI-GREIP_FLOOD
2.8929672,42.374825,64.38143,6339.8403,0.024049051,-2.4616718e-05,0.009927344,0.004034877,0.022501025,-0.014850013,0.022615153,-3.9069667,-0.08498484,-0.013119455,-0.039843157,0.0035387184,-0.014864895,-0.023488702,0.04894866,0.019338232,0.011636386,-0.030808061,0.072208285,0.020167857,-0.0273678,0.037390605,-0.023571402,-0.022954801,0.97970045,0.95653,53823.03,132.93665,390.29398,491.61636,-15.412556,501.58597,0.00010734581,93.31531,-21058.545,MIRAI-GREIP_FLOOD
5.8912106,42.405285,65.32052,3113.252,-0.055792402,0.08752037,-0.033158746,0.019789604,0.15382364,-0.0029541738,0.024191944,11.3230295,2.4458716,-0.061753504,0.07994403,0.027474964,0.16838168,0.028352171,0.06645129,-0.03578646,-2.8652139e-05,0.008367187,0.2013849,-0.051582932,0.009550521,-0.017377688,-0.037865836,-0.019405255,0.9610954,0.9210106,49323.883,72.115616,1089.2595,507.578,260.789,555.652,0.00097432605,103.09574,112221.08,MIRAI-GREIP_FLOOD
1.517643,43.81305,63.08756,2485.6863,-0.012312586,0.013098008,0.0046435907,-0.008472621,0.007964648,0.012647332,0.0548691,-0.81243014,0.5199743,-0.002589412,-0.12082195,0.0015410967,-0.03880508,0.009980317,0.02975229,0.038674466,-0.028171554,0.0051168445,0.05296105,-0.0216032,0.008726366,0.013918681,-0.0038269022,-0.047426183,0.97963256,0.96222794,53413.65,101.24533,412.02667,511.8513,27.748947,530.9539,0.00030589942,97.362335,-9735.434,MIRAI-GREIP_FLOOD
2.1923466,44.975918,64.038345,9533.821,-0.022335285,0.0063445466,0.0061916,-0.007777451,0.02519345,-0.0053883614,0.0072031743,-1.5947559,0.23730828,0.020455934,-0.1188018,-0.013851842,-0.012939528,-0.003138231,0.01324784,0.02046556,0.002661799,-0.02689085,0.058371663,-0.015721666,-0.01489454,-0.005913293,0.0045871455,-0.033612955,0.9713481,0.95854306,54484.207,78.84401,403.59802,504.81598,13.97538,503.56165,-0.00029172568,98.106285,-18623.354,MIRAI-GREIP_FLOOD
2.4494572,43.80861,63.582466,1103.4287,-0.02367081,-0.00030767545,-0.0023517408,0.012458587,0.009438314,-0.015452331,0.0068744156,-0.763255,0.03340765,0.00041350722,-0.087571256,-0.067109115,0.1251966,0.018972022,0.017471297,-0.0005565258,-0.014095553,-0.02399361,0.044336557,0.06117832,-0.020777341,0.041174002,-0.042910744,0.00020664185,0.96307045,0.9549053,49819.668,79.55375,418.4931,475.55566,36.994408,467.27567,0.0019939686,96.32026,-15234.971,MIRAI-GREIP_FLOOD
1.4134407,46.641712,66.52918,146.88086,0.02154078,0.019690571,0.0058894116,0.008067212,0.042566217,-0.023072999,-0.0057987333,1.5617299,1.7866708,0.22434561,-0.098354585,-0.038201254,0.005639866,0.034198515,0.009865341,0.0070502884,-0.0043464056,-0.00881385,0.040509224,-0.004545461,0.014285052,0.0045763524,-0.050025836,0.0066826493,0.94807005,0.980324,49937.46,66.261795,430.18335,497.5422,35.981407,518.117,0.0039634947,103.650375,-21064.08,MIRAI-GREIP_FLOOD
0.10058212,44.82362,62.58136,1892.0852,-0.023301484,0.00433635,-0.00018330291,-0.009286105,-0.03369598,0.0021307003,0.040320553,-0.6151949,0.23386465,-0.0058708247,-0.049801216,-0.07916674,-0.0063290014,0.0173898,0.030350149,0.021224625,-0.028273497,-0.023798794,-0.0151872635,0.05193449,-0.0113200545,0.016324664,-0.012072585,-0.041455463,0.98277473,0.9979221,52973.547,166.09154,410.7383,483.71442,-29.508091,501.60974,0.00030560678,97.184784,-26461.98,MIRAI-GREIP_FLOOD
2.1212578,44.254753,63.951996,3792.1191,-0.006397143,0.0065238546,-0.0032169325,0.014309019,0.054874927,0.011265389,0.023020677,0.8864051,0.1295997,-0.022365544,-0.038788177,0.028775822,-0.0011391154,0.0024734717,0.018777378,-0.013703557,0.0031766435,-0.0200705,0.07291329,-0.030862926,4.951842e-05,0.047990613,-0.011049396,0.012422729,1.0032083,0.97489774,55208.465,57.35588,565.6362,551.1339,87.90163,558.7964,0.00017931742,99.489174,8961.168,MIRAI-GREIP_FLOOD
2.143589,44.876442,64.350426,2078.996,0.031096518,0.007019163,0.0010858779,-0.0021258157,0.03796161,-0.0020060153,0.0094086,0.34013027,0.12049676,0.33026892,-0.09881228,0.01097287,-0.010161448,0.01842889,0.020528458,0.009843064,-0.010114262,-0.022812292,0.051983654,-0.019527921,-0.0042464444,0.02767827,-0.023276377,-0.026143301,0.98037565,0.980456,53441.477,69.26235,469.79135,520.10944,48.68003,529.58093,0.00050484267,102.45203,-5951.593,MIRAI-GREIP_FLOOD
-1.3344231,48.693645,64.29394,4078.886,-0.04824993,0.00041530654,0.014197931,-0.002271236,-0.043890253,-0.01799698,0.071121395,-3.0557075,-0.30088505,0.028595533,-0.11824994,-0.07301848,-0.0025496525,-0.036260217,0.048052244,-0.026684672,0.012973223,-0.045916848,0.056750238,-0.008796444,-0.043281525,-0.034337275,-0.021771211,-0.076488815,1.0034357,1.0240754,57860.875,179.15671,420.83185,543.018,-56.830734,592.8536,0.00031743263,107.42992,-5467.5747,MIRAI-GREIP_FLOOD
1.8754425,44.630135,64.81978,1495.2739,-0.014518917,0.00202839,0.0026039174,-0.0010719708,0.0074040834,-0.03538459,0.0422906,1.0295217,-0.14173605,-0.079349466,0.0033457205,7.1479008e-06,0.0055186152,-0.0023837993,0.0072663086,-0.010126516,0.0022305828,-0.047432974,0.04791659,0.03551486,0.0034081656,0.028422005,-0.050103605,-0.013941748,0.98391676,0.9606809,56990.383,89.67345,509.18527,542.7476,67.06778,554.6511,0.00039658736,100.97568,1027.4241,MIRAI-GREIP_FLOOD
0.13961792,44.768803,63.965427,4516.311,-0.01267203,0.04297984,-0.002258215,0.026445294,-0.03209828,0.014625848,0.019943014,-1.2009926,0.326049,-0.022472367,-0.049148086,-0.034671497,-0.015163212,0.030089075,0.063333504,0.023257334,0.0076343673,0.0049092295,0.019357681,0.032454237,-0.0018441235,0.02731065,0.012159603,0.02669126,0.95466477,0.91330725,57033.73,78.5007,454.94592,519.6564,61.854458,547.0387,0.00017965208,97.60029,-1211.5398,MIRAI-GREIP_FLOOD
2.3286076,44.894478,65.5955,2294.7166,-0.013793966,-0.0003799349,0.0017627049,-0.0030443983,0.024915248,0.0009816553,0.023205508,0.4464082,-0.021795405,-0.021022663,-0.021776156,0.018862596,-0.007342989,-0.00977429,0.014281971,-0.013139423,-0.023255425,-0.04667802,0.074091494,0.020362426,0.0013993494,0.048137676,-0.06474017,-0.050867144,0.9979882,0.98001707,54135.61,57.793427,542.3908,548.5359,87.673416,561.6842,0.00039911375,99.45796,1617.7507,MIRAI-GREIP_FLOOD
1.3014412,45.778503,63.505882,4329.581,-0.0008690078,-0.006990952,-0.016801624,-0.010238992,-0.01613939,0.0040056715,0.034393337,-0.14250481,0.030882873,0.14594185,-0.018253472,-0.024714626,-0.0066044293,0.0239563,0.028998949,0.0031810347,-0.010471939,-0.033368856,0.01787883,0.041776497,-0.009233423,-0.022004042,-0.026158802,-0.06391193,1.00505,0.97219014,53477.887,84.96353,492.73022,520.1864,43.720734,523.30725,0.00035151574,98.533424,-12623.671,MIRAI-GREIP_FLOOD
-1.1871185,48.7182,64.41173,4155.9893,-0.023831798,0.0022010608,-0.024329836,-0.0065894285,-0.031725667,0.004435806,-0.0005219807,-4.363288,0.38218033,0.13295713,-0.07287133,-0.07573357,-0.001550214,-0.0063658273,0.034388695,-0.058028094,-0.016097326,-0.008335266,-0.021699905,0.037007064,0.0039008213,-0.0012322271,-0.050643824,-0.05380039,0.97597563,0.9562046,53606.95,166.08504,444.61206,547.9838,19.58393,589.95856,0.0013937717,99.24374,17391.95,MIRAI-GREIP_FLOOD
-2.1142921,48.805565,65.65565,3158.0918,-0.032161035,0.011464381,-0.0097786,-0.012110773,-0.07668535,-0.016639784,-0.010505379,-1.5779223,0.110537946,0.090816274,0.016682982,-0.1201675,-0.0037471496,-0.041347146,0.006869049,-0.084047645,0.036857944,-0.04875713,-0.0008009076,0.066700146,0.002521621,-0.00028642826,-0.055694044,-0.02263803,1.0650176,1.0612938,58878.11,177.30287,589.76587,584.50824,1.2115908,589.7381,0.0004383402,103.08777,-12541.901,MIRAI-GREIP_FLOOD
2.5280151,43.2242,64.46106,2007.8093,-0.02830347,0.03916302,-0.0047861063,-0.0058905086,0.07313974,-0.010103295,0.0029550586,1.3123395,3.2708507,-0.004788572,-0.07907504,0.014843997,0.004137724,0.013545852,0.022522096,0.024610555,-0.0009523076,-0.011726808,0.12286395,-0.054256704,-0.008161849,-0.009368106,0.012999473,-0.026223328,0.9662026,0.97588456,55878.25,68.700165,534.4153,542.75354,79.09758,549.4766,0.0005060909,101.58499,5628.306,MIRAI-GREIP_FLOOD
2.1651344,46.04636,64.043434,419.91943,0.0091430815,0.012585634,0.016552877,0.015510439,0.06712385,0.0121966805,0.01487245,7.7213926,0.41704077,0.0747496,0.020365596,0.053893708,-0.013947464,0.020286852,-0.008550057,0.0011056615,-0.024268964,-0.012992414,0.11844885,-0.056649256,0.0070675993,0.067926824,-0.045700796,-0.052343942,0.99107116,0.99606484,58162.066,56.68922,786.0198,605.2513,148.4455,598.47003,0.0010754752,104.16469,41903.297,MIRAI-GREIP_FLOOD
-1.3056545,50.218185,64.572754,4639.3047,-0.027533874,0.0071024895,-0.01129204,-0.005163442,-0.05259855,0.004922519,0.025116522,-1.3047616,0.13111784,0.09312487,0.011983904,-0.07567433,7.478893e-05,-0.029793756,0.039799307,-0.0068922713,-0.022851754,-0.049247943,-0.006691277,-0.02386198,-0.0037184265,-0.020712504,-0.031744387,-0.03493446,1.0256271,1.0080608,59635.277,174.83769,500.99905,568.47095,0.33916092,579.0738,0.0003505294,101.9936,-7794.309,MIRAI-GREIP_FLOOD
-1.3395443,46.67202,63.781586,691.75977,-0.04648429,0.01339252,-0.021839082,-0.018481737,-0.034119852,-0.04270384,0.008758445,-0.88969135,0.39430755,0.10312481,-0.066004306,-0.101241104,0.022892123,-0.0023881206,0.0017185789,-0.038100954,-0.017425828,-0.04280394,0.038524687,0.0034522822,-0.036952823,-0.06382296,-0.030625863,-0.004438199,1.0407718,1.0217626,57420.75,178.19455,642.86536,573.43677,13.219338,597.58923,0.0005639692,102.25494,10437.302,MIRAI-GREIP_FLOOD
1.039505,44.83578,64.51531,11827.887,0.010210619,0.002990106,0.0030423491,-0.014322079,-0.0092359595,0.03095999,0.0122786695,-4.2422705,0.25991058,0.049048975,-0.13749321,-0.03992912,-0.021496402,0.011362246,0.020220108,-0.009166979,-0.020160472,0.008531044,0.00013011694,0.048208337,0.025900668,-0.01793096,-0.021462958,-0.04075718,0.9943424,0.94808877,51036.918,115.74154,326.10944,474.3179,-40.302147,476.0192,-1.5941478e-06,97.20315,-37781.383,MIRAI-GREIP_FLOOD
-0.44248772,48.746616,64.28048,1165.001,-0.019685917,-0.0016390454,-0.003359646,-0.008382362,-0.024074817,-0.013374716,-0.008976727,-2.4931645,-0.09214541,-0.03231573,-0.013798734,-0.067157455,0.003771826,-0.029942282,0.03831937,-0.009058308,-0.021753687,-0.020395918,-0.019581974,-0.0010169037,0.009713135,0.056835752,-0.035491418,-0.035262424,0.9653196,0.9960399,56968.434,121.56656,473.0379,530.45416,25.930008,555.3977,0.00079044927,102.981125,-16556.29,MIRAI-GREIP_FLOOD
-1.4065838,44.49771,64.03204,2134.022,-0.016525775,-0.0069404454,-0.016980693,0.0026348794,-0.07809821,0.0034483098,-0.012992527,-5.308145,0.12763546,0.039494265,-0.09265843,-0.108158074,-0.016932962,-0.014977913,0.06421631,-0.027647046,-0.017215636,0.007835649,-0.00769192,0.13178824,-0.034120236,0.021369822,-0.007884129,-0.03916288,0.9418075,0.96388274,49495.13,151.53342,446.25964,489.15872,24.951477,556.69434,0.0006760215,96.447975,-1351.4619,MIRAI-GREIP_FLOOD
2.1713123,42.577972,62.212337,-1641.48,-0.0066210236,0.013426303,0.011457993,0.00034607574,0.04157047,-0.006408703,0.029890174,0.84084845,1.0015962,0.15666527,0.17209923,-0.01400139,0.007269473,0.025291795,0.009335428,0.020776846,0.0037471112,-0.015254052,0.08823216,0.017482243,-0.012527377,0.035964713,-0.013338465,-0.016279273,0.99264073,0.98267627,49666.176,57.64302,417.92242,471.27933,51.917995,479.84808,0.00069885416,97.350464,-9742.519,MIRAI-GREIP_FLOOD
2.37677,45.089077,62.5328,2279.9556,0.0040786806,0.0046257856,0.015076466,-0.009432371,0.028109523,0.002256034,0.0151335895,-0.2803986,0.15876299,0.15881935,-0.12155707,-0.013714397,0.01018224,0.0035696337,-0.0029690564,0.02735798,-0.03338806,-0.0053910213,0.05368519,-0.014949798,-0.0072224187,0.035260312,-0.024360046,-0.03747088,0.9554219,0.95911187,51751.375,77.920364,315.3542,498.62073,10.857569,508.4623,0.0013786596,99.357956,-20461.514,MIRAI-GREIP_FLOOD
1.2140465,45.220505,74.272354,-1428.6152,-0.014249718,0.035848748,-0.0014146091,0.015368878,-0.018607052,-0.0067361603,0.0041717105,1.946541,2.063332,0.02158015,-0.033619184,-0.04427481,0.025152747,0.038498774,0.021472838,-0.018700276,0.0108713275,-0.018018153,0.03342098,0.08117289,0.011743434,0.032598767,-0.03687775,-0.034116652,0.9713784,0.9708876,49446.72,57.728928,534.69336,491.50482,85.953766,523.3241,0.002635134,100.88201,10410.463,MIRAI-GREIP_FLOOD
-1.4656944,46.57401,64.41484,3708.0217,-0.018847076,-0.010749855,-0.031741355,-0.009133639,-0.06849046,-0.05331833,-0.013002051,-5.394952,0.040379226,0.07072796,-0.08932736,-0.04964043,0.005595648,-0.015958074,0.038465284,-0.12164238,0.009661912,-0.020583939,0.040311992,0.0665465,-0.031670228,-0.013179225,-0.048564803,-0.02562897,0.9852206,0.9857652,53397.93,170.39417,512.2671,522.38275,23.640247,581.0457,0.0005626251,101.68537,9437.042,MIRAI-GREIP_FLOOD
-0.47285843,45.713047,62.254807,4241.567,-0.022582924,0.008761663,0.0033183047,-0.01563388,-0.041524448,0.010600266,0.031039508,-1.0129726,0.10047064,0.009464434,-0.048277322,-0.07485994,-0.01721592,-0.009819794,0.031884726,0.0128477365,-0.027990406,-0.0027331524,0.018244147,-0.038533114,-0.04316613,0.026603526,0.02119356,-0.0076208445,0.9983845,1.0060623,56995.016,175.95624,452.51205,521.675,9.05608,532.1267,0.00046687076,98.43879,7982.772,MIRAI-GREIP_FLOOD
1.8006802,41.38654,62.270325,1317.0603,-0.017571341,0.014718379,-0.017643485,0.03221315,0.02692409,0.0008445041,0.03020814,0.8546411,0.4771659,0.029348692,0.0099363355,-0.0192261,0.032146648,0.0319873,-0.0038493099,0.014900427,0.006840094,-0.0058380933,0.07216346,0.016598698,-0.0037495978,0.022336876,-0.0039005186,-0.030152969,0.9930579,0.9712,54988.133,77.635704,756.60974,550.7485,139.49454,561.2371,0.0006757266,96.13356,32094.498,MIRAI-GREIP_FLOOD
0.46191597,43.417294,60.676895,4174.724,-0.037514262,0.000844635,0.0018824078,-0.0155065805,-0.03018218,-0.01639871,0.034519847,-1.585391,0.17772691,-0.010154321,-0.0022471696,-0.07267941,-0.021438204,-0.018011788,0.01463942,-0.02311632,0.0015434669,-0.019938644,0.04390222,0.023661645,-0.019228583,0.04043818,-0.016214151,-0.037829265,0.97686565,0.9764149,54237.855,166.54106,462.7938,526.88104,23.061804,525.6104,0.0005662793,96.234795,4828.1396,MIRAI-GREIP_FLOOD
1.6086807,45.209225,65.12067,1046.8064,-0.031840548,0.010776728,0.0008577574,-0.00019941665,0.032552022,-0.011044184,0.03598466,1.7134501,0.8409453,-0.058830857,-0.06573519,-0.0101478435,0.017088553,0.023869585,0.03939614,-0.007038815,0.009416597,-0.00040310435,0.0695343,-0.015929837,0.00039377715,0.023735205,-0.017614529,-0.020707065,0.9613029,0.96047515,51289.207,69.602165,522.1546,486.90225,72.90439,506.98334,0.0008417519,105.504616,7561.9146,MIRAI-GREIP_FLOOD
-0.35341644,46.921757,64.68876,4130.565,-0.0063974783,-0.0042966204,-0.017806094,-0.0023605272,-0.06561115,-0.012287163,0.02174839,-3.0641289,0.05856167,0.034996014,-0.05718376,-0.06653827,-0.012702174,-0.010128817,0.06244187,-0.02326714,-0.005390886,-0.0024271058,-0.00713557,0.022378718,-0.0066094333,0.009663892,-0.045514893,-0.03838675,1.0224935,0.97125834,57721.656,153.2153,427.9953,525.20844,-14.125288,538.7979,0.0003559899,99.454285,-14773.851,MIRAI-GREIP_FLOOD
-2.5951614,49.04264,64.77209,3517.7368,-0.0044408906,-0.00037481636,-0.018088331,0.0030958664,-0.12590276,0.012664659,-0.02502134,-4.4952755,-0.12680227,0.12564081,-0.037227456,-0.13239951,0.0061945603,-0.04238704,0.02066672,-0.055614118,0.014097087,-0.014050145,-0.044999003,0.117740385,-0.013885403,0.025544306,-0.028646473,-0.0029646605,1.0285935,1.0116985,57178.246,172.01414,502.55005,556.8935,7.1573563,578.2425,0.0003047131,98.47956,-7972.7837,MIRAI-GREIP_FLOOD
3.4600163,46.247475,65.00877,7691.4697,-0.00020214356,0.008003989,-0.007970981,0.0062258397,0.08847891,0.009887516,0.007061492,5.4995594,-0.09211994,-0.005423147,-0.02690524,0.01925899,0.014133388,0.0103121055,0.03352432,0.0009477977,0.004945826,-0.017872341,0.06859583,-0.060498014,-0.017430317,0.015484184,-0.005112528,0.04524476,0.97153556,0.9388743,56735.305,93.389046,460.20358,520.1204,44.07268,520.01825,-0.00011474038,101.87298,-13980.927,MIRAI-GREIP_FLOOD
0.7362671,46.187164,65.50348,2608.0786,0.018660346,-0.0026820695,-0.008422494,-0.021627475,-0.006927455,-0.0127663165,-0.004200891,0.33094144,0.24459042,0.09563638,-0.058210272,-0.05529057,-0.0017997936,0.013000874,0.029460952,-0.004656329,-0.013293023,-0.012427819,0.023305118,0.049970612,-0.0052403705,-0.029119909,-0.034531035,-0.060292404,1.0029746,0.97647727,53804.348,73.24843,379.2732,518.5067,17.101252,524.42096,0.00038888544,100.83724,-11370.609,MIRAI-GREIP_FLOOD
1.9039173,44.5353,63.7377,31.52832,0.0006438233,0.014686564,0.0033096247,0.014615089,-0.010348415,0.026138054,0.05096696,-0.93203926,0.26780728,0.218059,0.011314004,-0.037086513,-0.031896472,0.018967655,0.042269602,0.031409837,-0.02422252,-0.058806743,0.034168243,-0.01475411,0.00096701784,0.0020312506,-0.024727978,-0.036444474,0.98066235,1.0198863,54378.6,167.69406,404.01553,506.52417,-22.170403,515.94696,0.00026444494,94.002556,-28044.018,MIRAI-GREIP_FLOOD
-0.23574257,45.592693,63.703606,7063.2246,0.020281596,0.0075361445,0.026052907,-0.0071414164,-0.018388527,0.048418567,0.012094159,-3.1574159,0.008627176,0.15289459,0.010972804,-0.11852511,-0.010760776,-0.0062304875,0.032230284,0.029508632,-0.009831306,0.007861712,0.017919302,0.023519915,-0.016441967,0.004718483,0.0003733579,-0.033530712,0.9980677,0.990773,53638.742,156.5025,331.91278,476.78842,-35.38063,481.65323,0.00019493036,96.855415,-19396.629,MIRAI-GREIP_FLOOD
-1.1326885,47.050865,61.59719,5992.292,0.002580611,0.0020056583,0.0035331468,0.03238757,-0.0832199,-0.0046524247,0.03816111,-3.8472657,-0.039523825,-0.025168288,-0.05212275,-0.0752165,-0.00970667,-0.026275832,0.06871795,-0.012394263,-0.014972659,-0.027139861,-0.025681436,-0.0004616529,-0.020517072,0.056628715,-0.009740078,-0.006278325,0.97919124,0.9568746,57837.844,141.18843,505.15213,527.0811,17.037273,546.795,0.00035866315,99.34413,-10478.242,MIRAI-GREIP_FLOOD
-0.24065208,46.393585,64.2089,2451.1147,-0.017219469,-0.0035728626,0.017529022,-0.009084712,-0.024215436,-0.009902823,0.041486938,-4.4934654,-0.0029774755,-0.0014047883,-0.037883773,-0.019421563,-0.023920314,-0.020195002,0.062084083,-0.022575106,0.0011483487,-0.005989182,0.018424511,-0.021697043,-0.014795532,0.038074374,-0.044956386,-0.07353333,0.9869787,0.96383375,54727.082,124.21369,428.6037,512.9688,1.1542711,554.4268,0.00043893768,100.7095,-15416.821,MIRAI-GREIP_FLOOD
-2.1235962,45.702095,64.58014,1849.4185,-0.019708091,-0.0015162526,-0.0213557,0.010563634,-0.08679065,-0.015541421,-0.0024849875,-0.2876382,0.26235688,0.046353757,-0.03175405,-0.08330664,-0.0035271458,0.021182748,0.0077124354,-0.011393213,0.02216977,-0.01960095,-0.053426385,0.15349635,-0.009548635,0.01670465,-0.0415301,-0.009637986,0.98456097,1.0114546,55003.094,72.11268,567.55164,535.5365,73.96576,549.4174,0.00063026394,100.50374,1425.5042,MIRAI-GREIP_FLOOD
3.7038403,44.649918,64.598976,5588.1274,-0.020836398,0.0036428717,0.0040857564,0.0020744589,0.06314427,-0.019763855,0.02760348,4.073916,-0.013384968,-0.041934174,-0.13980074,-0.0026250398,-0.013891174,0.009861853,0.058997624,0.0052460143,-0.02321993,-0.020666506,0.09949112,-0.057972424,-0.0045452313,0.048025195,-0.02352191,-0.022367518,0.97727126,0.9578522,55002.684,113.20502,450.2452,490.60953,8.054408,486.546,0.00015438124,100.42611,-17716.457,MIRAI-GREIP_FLOOD
3.7514572,47.108273,68.45862,1291.0098,0.0010379776,0.0015689988,0.024871519,-0.0064259865,0.110909276,-0.022799235,0.013188709,13.373675,0.13852228,-0.02757404,-0.028066933,0.031004202,0.013559255,0.020658962,0.012421598,-0.0022710534,-0.0298898,-0.028703818,0.062435508,-0.007027932,0.02431132,0.044209767,-0.08477597,-0.010896054,0.9877883,0.94969714,48630.277,59.425472,528.54846,494.90497,79.28403,479.5863,0.0017114498,107.28348,1796.3755,MIRAI-GREIP_FLOOD
-0.63150024,45.65661,63.654114,5130.446,-0.016532118,-0.0041243075,-0.019014724,-0.0068228724,-0.058263354,0.021312393,-0.011806176,0.2481547,0.028972398,0.10698846,-0.07963755,-0.0838307,0.0154409055,0.01328814,0.021181347,0.008122813,0.0017921953,-0.014911985,-0.008891523,0.10813957,-0.019969374,0.025015045,-0.010203602,-0.031337433,0.967858,0.9555681,53555.297,73.63316,437.47876,513.8199,50.437923,509.78436,0.00035782353,99.810326,1193.4636,MIRAI-GREIP_FLOOD
-0.088508606,47.94609,63.625107,6100.6943,-0.001335172,0.01318366,0.01232721,-0.000720635,0.0054614358,0.039272115,0.04453313,-0.85430646,0.6056659,-0.021461193,-0.11086214,-0.020490175,-0.02125134,0.030358426,0.01336419,-0.0053853914,0.005389233,-0.02452098,0.013802826,0.003799874,0.02630803,0.031565428,-0.048558258,-0.018145278,0.9762744,0.97814596,57209.543,58.7557,489.14166,558.13165,53.80213,547.945,0.00016717234,102.47529,-2105.598,MIRAI-GREIP_FLOOD
4.6960554,42.197956,62.837505,3187.538,-0.027184451,0.0017869395,-0.020078175,-0.008223399,0.10070358,0.001801367,0.018276483,0.81936836,0.19816951,0.030005347,-0.06477786,-0.004848605,0.13718669,0.009249243,0.029675085,-0.009568444,0.002454538,-0.00613397,0.14006323,-0.04389359,-0.017163154,0.01729185,-0.01652253,-0.002050409,0.9808371,0.9557586,48754.395,64.21894,387.52576,456.4346,59.90417,457.8085,0.00048810098,97.27196,-5280.2812,MIRAI-GREIP_FLOOD
-0.8564472,46.948257,63.59969,3654.7993,-0.03895142,0.035607554,-0.03501609,-0.01718819,-0.08529257,-0.021277199,0.01851913,-0.9874244,0.5515604,0.04181269,-0.11873694,-0.07525903,-0.016695602,0.0031371415,0.040325508,-0.025214637,-0.036592003,-0.021719884,0.02004522,0.0016963409,-0.031596817,-0.031810574,-0.016845591,0.011452883,1.0152085,0.9957894,55119.277,176.84467,485.99835,522.17004,-3.8806171,540.81024,0.0004192551,103.24748,5464.897,MIRAI-GREIP_FLOOD
0.45874214,43.980362,65.993675,2656.2102,-0.0002861023,0.02918349,-0.02161158,0.071095236,0.003745555,-0.00830197,0.027800156,1.600596,0.92131996,0.037027743,0.035783425,-0.023226067,0.03951484,0.02081685,0.0341305,-0.003907904,0.0059546717,0.026470756,0.048767805,0.028435228,-0.010960753,-0.0040603313,0.01382564,-0.020742055,1.0016772,0.97192526,53094.164,70.40617,809.6394,512.4137,133.29907,549.9036,0.0007283645,99.90557,26840.428,MIRAI-GREIP_FLOOD
-0.22655106,44.108017,64.38531,3463.4988,-0.016240558,-0.0012946053,0.012595988,-0.0027573295,-0.05070991,-0.029499589,0.0059377495,-1.0967934,0.069611005,0.024478443,-0.020890582,-0.069753766,-0.0058972663,0.0075383573,-0.0055180117,0.008727185,0.0034916215,-0.0090240445,-0.0010385513,0.14080651,-0.035013027,0.025180992,-0.024586305,0.008809575,0.9891048,0.98991615,52331.87,76.42938,378.32904,490.30405,14.816785,506.63403,0.0003974632,97.18108,-23788.504,MIRAI-GREIP_FLOOD
2.5230923,44.692425,64.32455,3737.0752,0.00016202219,0.009195434,-0.0067357486,0.00018876977,0.04328955,0.015775518,0.040058434,-0.1738441,0.23323533,0.003952943,-0.09412535,0.0363965,-0.01746957,0.013641102,0.025637444,0.020056663,-0.013459381,-0.0015617954,0.092475355,-0.060009565,-0.008102543,0.0027966418,-0.0039883936,-0.032328535,1.0025855,0.9809312,55393.445,77.80156,519.9299,517.5168,61.785004,537.8569,0.00033135823,101.31165,2964.4143,MIRAI-GREIP_FLOOD
-2.2555103,48.21013,63.431606,1119.3884,-0.013448808,0.0054779663,-0.011294783,-0.0062416494,-0.11449998,0.0011214282,0.029001411,-2.289738,0.23825423,0.053927135,-0.08683526,-0.11263903,-0.0062298016,-0.015254357,0.032544017,0.00026217196,-0.032533485,-0.04045507,-0.0425393,0.058542993,-0.027780749,-0.012816349,-0.019651119,-0.006227717,1.0035707,1.0135542,57457.605,175.17679,596.01636,540.0303,17.966558,552.31494,0.00043706535,101.80869,-4240.415,MIRAI-GREIP_FLOOD
0.012931824,45.880447,62.30555,5079.8096,-0.020010194,0.0022517843,-0.010886358,-0.012309725,-0.048865438,-0.003934324,0.036867343,-1.475039,0.22593385,0.011537111,-0.043114506,-0.08382809,-0.013811066,-0.016346361,0.036073025,-0.0022293907,-0.028872715,-0.008633331,-0.0047284365,-0.0010020509,-0.024592375,0.01998458,-0.014838373,-0.03278759,1.0224096,0.97892815,55359.965,174.21294,535.0541,514.57184,14.261898,513.4252,0.00047502277,99.240265,2671.047,MIRAI-GREIP_FLOOD
0.5208988,46.964123,63.272247,2637.1162,-0.004222449,0.0037250554,0.005643673,-0.0047814306,-0.051752947,0.010496425,0.03783942,-1.5412319,0.11711668,0.15969217,-0.051627956,-0.051011197,-0.002917025,-0.004534265,0.06371865,0.007140096,-0.013405031,-0.049332075,-0.0055902004,0.0007528961,-0.015683245,0.0139993485,-0.011190953,-0.034109276,1.0137367,0.99755406,54878.266,176.10037,504.77786,504.04065,12.974585,533.0635,0.00028823307,98.87295,-2099.8345,MIRAI-GREIP_FLOOD
0.2973385,44.984924,61.069153,3959.7126,-0.041793786,0.00084312627,0.015334278,-0.016419271,-0.030569164,-0.013454176,0.054604266,-2.166442,-0.049739376,0.022886014,-0.05955714,-0.07430398,-0.009000934,-0.019255633,0.044547,-0.03608942,-0.002321573,-0.021082701,0.0132761,0.022236662,-0.01599053,0.013667963,-0.017449977,-0.039164886,0.9921875,0.98298997,53864.082,174.19872,420.6825,504.50665,3.5621815,534.8021,0.000315162,97.94803,-2669.9202,MIRAI-GREIP_FLOOD
0.055452347,42.409103,63.09328,6122.317,-0.022182576,0.006110396,-0.01684026,0.018656032,-0.045181774,-0.01523967,0.016802257,-1.5433397,0.1506948,-0.0025873631,0.0043719634,-0.046055056,-0.01979386,-0.033410426,0.03740138,-0.039074726,0.004048976,-0.01118191,0.023851395,0.06251426,-0.008249352,0.032906063,-0.006811195,-0.025057677,0.98122865,0.9774069,52452.52,168.24359,568.77124,508.08597,23.063475,548.1873,0.00025663732,94.692696,1729.4487,MIRAI-GREIP_FLOOD
2.1989346,44.87119,60.46467,6282.919,-0.000838032,0.005880354,0.019953445,-0.017581664,0.012556136,0.0019830018,0.058111906,-1.1041932,0.19085136,0.013785807,-0.04884576,-0.017981809,-0.011695466,-0.0023152772,0.053935565,0.0028030574,-0.049497627,-0.006752084,0.06084335,-0.08410376,-0.03110973,0.050123964,-0.005401266,-0.0336986,0.9639448,0.9639252,54011.53,166.5629,355.6395,491.77124,4.717901,500.22034,0.0004383385,98.07297,-4502.592,MIRAI-GREIP_FLOOD
0.8155136,47.2672,64.05555,4175.6445,-0.023592066,0.0041131135,-0.021136945,-0.0085554365,-0.015430357,-0.01877205,0.03504102,-1.0793157,0.037388418,-0.011581899,-0.03214623,-0.0073100575,-0.006619574,-0.009114616,0.050727703,-0.012683942,-0.0078110485,-0.03996724,0.019485235,-0.04153759,-0.007126341,0.0021280593,-0.038518567,-0.04268858,1.0379086,1.0177394,56579.23,175.3597,427.36365,534.07007,-22.317596,541.78186,0.00025170582,102.06576,-11390.048,MIRAI-GREIP_FLOOD
1.2140179,45.543144,69.84323,2988.3484,-0.062442943,0.014068018,-0.047684312,0.09016742,0.025040038,0.0016683427,-0.010028176,4.1734166,0.5653684,-0.13356806,-0.115683645,-0.066200994,0.098673224,0.027917322,0.013327496,-0.0316667,-0.0077961474,-0.009205005,0.052558184,0.048252933,0.0016767043,0.022040144,-0.038767196,0.06574645,0.9787116,0.93788755,53144.086,82.381294,621.3578,499.5954,90.52049,510.7717,0.0006691439,99.83424,-1542.3083,MIRAI-GREIP_FLOOD
1.223114,43.038296,64.95885,769.1919,-0.029227052,-0.0012356712,-0.01581752,-0.00745435,0.011472909,-0.031917304,-0.003222474,-2.9180675,0.17665315,-0.0068413373,-0.05838478,-0.057438,0.009404042,0.004030941,0.029833212,-0.00270769,0.024283018,-0.004371577,0.032702923,0.05225859,-0.00060572755,0.024374025,-0.04174897,-0.04713995,0.98181915,0.9763518,54012.113,98.36732,463.4084,528.943,47.525864,538.36194,0.00047705974,96.17866,-2163.0234,MIRAI-GREIP_FLOOD
-0.7355461,48.32583,64.95813,2813.582,-0.04121046,-0.0019972317,-0.06829518,-0.0025569745,-0.077377014,-0.0037587807,-0.016187033,-1.0244658,0.22144666,0.0145870615,-0.08512273,-0.11506628,0.091522075,-0.005350588,0.053541455,-0.038869612,-0.025302099,0.0032477267,0.004022479,0.03885994,-0.03357438,-0.011096936,-0.038847536,0.007825111,1.0234103,0.9632747,56901.47,172.65353,501.74628,540.96,1.6253147,585.12964,0.0005338623,102.52167,-4063.635,MIRAI-GREIP_FLOOD
1.9431114,45.644077,68.71482,522.30615,0.006360458,0.017682025,0.0037151016,0.033578735,0.04518208,-0.010287571,0.046281382,2.3556368,0.8687639,0.10722706,-0.05433151,-0.016803864,0.015170509,0.0370569,0.006359173,0.014439907,-0.00077838544,-0.00692565,0.06713909,-0.03622989,-0.006442316,0.0075413734,-0.012691244,-0.020020038,0.9981919,0.98712385,53112.965,89.78846,592.30066,512.75543,80.79303,508.63477,0.0007566686,103.73465,4801.628,MIRAI-GREIP_FLOOD
2.4901161,44.377316,66.15709,590.89014,0.036081012,0.011036474,0.003816646,-0.006507782,0.024693124,0.012460347,-0.0061671925,2.8250785,0.565672,0.46344385,-0.1458006,-0.028724462,0.013210899,0.038055144,0.0052110944,0.029779227,-0.019021954,-0.023385111,0.059791565,-0.0065993494,-0.0001169811,0.0017048267,-0.030278115,-0.031620733,0.98946065,0.9867251,53662.926,73.99008,637.4282,523.1696,92.612175,496.00388,0.0022607658,101.35866,18551.104,MIRAI-GREIP_FLOOD
2.8636627,45.225655,75.26751,1434.3877,-0.012559098,-0.008974782,-0.0061240583,0.009801089,0.07556535,-0.018269556,0.017085867,3.565393,0.0032880902,0.37712216,-0.033131752,0.015994368,0.04040393,0.008973227,0.0155632375,-0.042131566,0.025827192,-0.020569785,0.08571547,0.01192959,-0.012704934,0.014584782,-0.028928779,0.014880059,0.9847755,0.9463173,49306.1,70.5791,540.6481,512.2321,82.09464,504.40576,0.0011368659,101.58917,-1341.3506,MIRAI-GREIP_FLOOD
1.2291851,43.11584,64.338135,-1108.0352,-0.00641929,0.008765064,0.0019527692,-0.01015611,-0.006365899,-0.009511319,0.0026722741,0.95593435,0.6117879,0.0756796,-0.027397947,-0.012498637,0.015106536,0.023170248,-0.00667911,0.014520355,-0.01471502,-0.02245193,0.035603464,0.08840551,0.0060698623,0.030832652,-0.025959905,-0.047658313,0.99718416,1.003045,51906.082,69.059944,599.5675,514.3903,104.8242,518.9583,0.002367801,97.10358,21800.42,MIRAI-GREIP_FLOOD
1.3386669,45.965023,63.168545,4559.5664,0.00038245693,0.0009599663,-0.020730224,0.00327807,-0.001513972,-0.00022744003,0.0045353384,-0.53424096,-0.20055133,0.20963413,0.030038342,-0.08871363,0.19415163,-0.0064370036,0.015967011,0.00023103785,-0.0014973315,-0.02007324,0.039999843,-0.005455344,-0.03297596,0.045208205,-0.03323256,-0.00086454675,0.977495,0.978927,55157.848,112.024826,600.1731,527.50574,56.35312,522.9384,0.00085617555,100.53359,-3460.2676,MIRAI-GREIP_FLOOD
0.12906075,47.046055,64.83311,472.43262,-0.010566729,0.0016196814,-0.02611885,0.0015610602,0.008345269,-0.00015432364,0.02044806,0.33698606,0.09712312,-0.025692493,-0.009342524,0.011591614,0.020106735,0.0063980278,0.041542348,0.004084171,0.009074355,0.004740185,0.034376383,0.0142394975,-0.007863541,-0.006114971,-0.02411384,-0.002691457,0.99629265,0.96397024,56975.035,66.47181,574.5728,546.33386,87.61383,535.75415,0.0006524435,104.020004,5041.0684,MIRAI-GREIP_FLOOD
0.09931183,44.938118,63.222477,2906.0454,-0.02872209,0.01113401,0.0020305137,-0.006184708,-0.023869408,-0.005452005,0.069943175,-1.0909317,0.2886465,0.019126287,-0.05640017,-0.030846678,-0.016699517,-0.01414315,0.031664774,-0.013152856,-0.022888523,-0.04197974,0.019503772,0.0032424217,-0.018934108,-0.013124812,-0.021045336,-0.040155396,0.99230784,1.0097349,56166.773,175.86852,497.3257,524.775,-11.345636,552.3909,0.00021198556,98.619286,-11472.919,MIRAI-GREIP_FLOOD
2.273512,41.307034,62.02868,2660.4844,-0.017192863,0.010588921,0.015008559,0.0006663762,0.012082707,0.016807837,0.048313543,-0.85072076,0.15855773,0.0039738603,-0.05406078,0.0015120255,-0.0184097,-0.018246118,-0.016581077,0.02732882,-0.014916137,-0.014502099,0.08656865,0.029089313,-0.016404271,0.016534762,-0.014286179,-0.044095438,0.9902408,0.96580195,51764.62,74.521736,420.39743,496.2778,27.730625,492.24976,-0.00011602657,95.56619,-15507.882,MIRAI-GREIP_FLOOD
0.31980896,46.21439,63.784233,5431.0903,0.022584703,0.008932218,-0.0034860289,-0.001865202,0.0014638538,0.0155962575,0.02973519,-0.50762117,0.2920129,0.3890094,-0.086713746,-0.05725302,-0.0017658431,0.012730792,0.0007307809,0.010350374,-0.015764406,-0.006853873,0.015683174,0.044076383,-0.027201744,-0.02288128,-0.011620595,-0.016089749,0.9993869,0.9913431,53915.34,79.93156,385.07996,510.89517,20.459625,530.52826,8.2561586e-05,98.3604,-16909.785,MIRAI-GREIP_FLOOD
1.2237511,43.526184,63.40323,5196.886,-0.00107456,0.0033158928,0.0001554098,-0.0050045396,-0.013679277,-0.028609782,0.006135106,-1.25015,-0.022857187,0.10430546,-0.009142867,-0.054854717,0.017701907,0.013136176,-0.0018535974,0.009240745,0.021500312,-0.060335506,0.01748687,0.07595338,-0.030253028,-0.0001601316,-0.009354846,0.00598263,0.99197227,0.97712326,54513.633,90.84878,487.09692,520.3115,43.624756,521.46765,0.00018685588,95.807785,-8151.2925,MIRAI-GREIP_FLOOD
0.3471279,47.638145,63.87747,3964.5564,-0.006698873,0.0051220246,-0.011945415,-0.0038065917,-0.052817337,0.016373644,0.04200106,-1.7777209,0.07235683,0.12302908,-0.07481216,-0.061881036,-0.013075711,0.0016767299,0.03741973,-0.0056753214,-0.02630444,-0.027754981,0.008554578,-0.005691568,-0.013547874,-0.012613669,-0.024409069,-0.017936308,1.0155708,0.98678446,56289.2,174.83548,358.0136,523.40686,-22.16615,535.9536,0.00025625443,99.46838,-13966.808,MIRAI-GREIP_FLOOD
0.8512058,45.120277,61.373363,7018.79,-0.020630492,0.026345894,0.00943961,-0.016352722,-0.051079966,0.023167154,0.024280937,-0.6444799,0.4304877,0.027647037,-0.12968887,-0.051231176,-0.0053843297,0.0122217825,0.014680849,0.009874649,-0.0020026276,-0.0016504899,0.017429769,0.07789228,-0.019807365,0.00065303873,-0.009320266,-0.03282775,0.95837873,0.94804084,48333.95,81.402176,283.0551,456.2325,5.9683933,472.3596,6.488012e-05,97.10473,-23725.47,MIRAI-GREIP_FLOOD
2.5646515,43.4298,71.19341,1015.36304,-0.020006143,0.006997788,-0.0090041505,-0.01312359,0.03646715,0.00010877324,-0.00020316569,0.36912125,0.41792,0.017301437,-0.10199449,-0.0071116625,-0.0071429643,0.03166054,0.012406459,0.013168847,-0.012590749,-0.018392678,0.08190483,0.020816486,0.008315229,0.0019526016,-0.021591056,-0.03425362,1.0174541,0.9953623,52930.516,75.18817,505.41138,539.6531,66.27762,530.97577,5.769996e-05,97.60473,4271.2485,MIRAI-GREIP_FLOOD
-1.2702179,46.08401,63.487667,190.62402,-0.05529534,0.011516965,-0.02226384,-0.015701085,-0.024609884,-0.07085116,0.05351622,-0.6647357,0.366455,0.075230114,-0.10884716,-0.058257625,0.0025488627,-0.021016018,0.02900874,-0.036523376,-0.025561161,-0.048506368,0.07962924,0.023809789,-0.048665855,-0.061106715,-0.024402447,-0.028235978,1.0150812,1.0214099,55966.98,179.08217,642.19214,569.05084,16.031752,622.9354,0.00041956926,104.88974,17867.186,MIRAI-GREIP_FLOOD
1.8086147,46.610825,69.51741,335.76123,0.004028864,0.019350842,0.008964475,0.003135647,0.0549739,0.0032943538,0.019055827,3.5629122,2.343287,0.46097946,0.53649896,0.037349142,0.0162458,0.013664857,0.025648814,-0.013486424,-0.00669864,-0.009006154,0.08637434,-0.017056435,0.001893721,-0.0019877485,-0.027087644,-0.03526004,1.0075079,0.9771071,51864.867,56.97111,626.07214,546.37915,88.28085,552.9563,0.0005743798,101.8668,14025.835,MIRAI-GREIP_FLOOD
-0.055986404,46.37514,64.34914,2265.8845,0.013181206,0.0013617723,-0.011158356,0.0014566294,-0.040246665,-0.04123766,0.026705468,-3.9073129,-0.1301427,0.02272659,-0.08059845,-0.062426407,0.0016874928,-0.010497024,0.059647556,-0.063469574,-0.0006522797,-0.023338692,0.022790074,0.03104845,-0.0128271915,-0.0111889085,-0.04737569,-0.06961335,1.0171434,1.0063084,55651.277,174.27043,471.07404,553.034,-1.9549923,578.42285,0.00044661816,100.18666,2694.018,MIRAI-GREIP_FLOOD
2.4095612,43.82585,64.2508,4504.982,0.011171944,-0.0045434046,-0.027697226,0.010732959,0.03260647,0.008182008,0.04142403,0.056135595,-0.30175152,0.20171785,-0.046386488,0.003820206,0.0053667184,0.017172549,0.025004733,-0.0029537827,-0.024062362,-0.013744097,0.07753402,-0.0015495346,-0.011699023,0.012706552,-0.010624243,-0.02776728,0.99236023,0.9575265,57679.246,71.92657,622.12665,548.0279,96.19678,541.75336,0.00041201862,98.66943,12829.533,MIRAI-GREIP_FLOOD
2.4551811,48.57116,63.65568,6349.761,-0.012119225,0.004379612,-0.031129725,0.008092646,0.018842667,0.05376044,0.04664213,1.1928015,0.18419924,0.33086392,-0.0040284544,-0.0752443,0.2790092,0.026059493,-0.002398952,0.006857454,-0.039543904,-0.03426308,0.069915056,-0.060277514,-0.009417247,0.015151229,-0.04211808,0.0134961475,0.9953977,0.9524784,58763.7,75.690475,667.0668,574.3146,96.33961,538.8106,0.00025513928,102.82127,10556.808,MIRAI-GREIP_FLOOD
-0.1669941,45.010624,62.993866,2545.9282,-0.010261302,0.0040459316,0.025614323,-0.009330937,-0.045117654,0.0001809193,0.035702817,-3.212551,0.11110426,0.03851547,-0.0363096,-0.07839798,-0.0066991406,-0.020103024,0.04246335,-0.012031071,-0.013524106,-0.036718633,0.011929214,0.05163567,-0.0039673853,0.022305757,-0.021603372,-0.025766887,0.9708503,0.9929217,52446.207,172.28316,414.72693,486.7179,-1.6359215,543.0314,0.00036379404,98.74176,-5372.768,MIRAI-GREIP_FLOOD
-1.9682636,50.85766,64.86456,8472.373,-0.040666655,0.00072257215,-0.042882077,-0.010668331,-0.08570999,-0.014044483,-0.024272703,-0.88223565,-0.104004286,-0.00069582835,-0.057461455,-0.2303825,0.3822043,-0.036899783,0.08006706,-0.02626197,-0.02366293,-0.049092203,-0.03362322,0.030683814,-0.017722903,0.02154544,-0.0711944,0.028429475,1.0204995,0.98644406,60499.43,169.11642,534.798,617.0004,29.464218,643.33325,0.00040798564,100.89187,-3870.18,MIRAI-GREIP_FLOOD
2.417719,46.25796,64.59364,2833.1294,-0.008234185,0.02975044,-0.014268113,0.004462907,0.08761227,0.0010255276,0.0047902274,9.020668,1.6444638,0.13107276,-0.054419763,-0.0015064236,0.027032837,0.036356885,0.022294486,0.023710748,-0.0390789,-0.01378143,0.08713865,-0.090374336,-0.0019375747,0.038369805,-0.020173097,-0.03456483,0.9465283,0.97337407,58668.445,92.934326,728.33826,556.1028,121.521675,555.42523,0.0015856832,106.15755,30841.705,MIRAI-GREIP_FLOOD
1.4077148,45.43077,64.368065,4328.4897,-0.028846243,0.004580516,-0.019612767,-0.008238586,-0.0058965907,-0.005169792,0.018918611,0.29495013,0.32171774,-0.034018304,-0.076547414,-0.06475613,0.03925499,0.0077536697,0.05919859,-0.01374034,0.012400806,0.012145018,0.017858624,-0.03478758,0.0021044677,0.033000898,-0.007968199,-0.0574164,0.96855503,0.9664675,54934.3,147.93767,662.3657,531.6801,63.58189,569.7885,0.000557585,101.785934,10074.831,MIRAI-GREIP_FLOOD
3.0492554,44.046036,66.84401,3148.172,0.02165243,0.029874984,0.00066297594,-0.0019216364,0.05579084,0.0007269933,0.010470528,0.943684,2.33511,0.087003924,-0.07335831,-0.0042474456,-0.0066546905,0.024784107,0.021630429,0.019642513,-0.007290905,-0.03387917,0.07513654,-0.0061241295,0.002429008,0.014242867,-0.011448468,-0.034349926,0.98699915,1.0016729,51874.824,67.756615,428.88437,476.41174,24.713558,506.94907,0.00037896252,99.79074,-16594.494,MIRAI-GREIP_FLOOD
0.21842194,44.3805,64.598,205.28027,-0.022198223,0.012034535,-0.005378623,0.028045634,-0.023874102,-0.014028193,0.04179563,-0.0039987564,0.8971745,-0.056628548,-0.04952836,-0.02361742,0.0043289145,0.024102956,0.008973143,0.010499977,-0.0025945855,0.0027013104,0.020560622,0.090317704,-0.009834709,0.052844476,-0.022351129,-0.018214885,0.9571505,0.9723106,50242.086,70.49179,452.88297,472.88983,47.787666,505.69028,0.0014019259,99.89788,-12217.098,MIRAI-GREIP_FLOOD
-2.6557293,50.34569,63.93605,1146.115,-0.042173877,0.02425787,0.009035272,-0.006422973,-0.093154535,0.0415152,0.03915949,-3.06598,1.0227782,0.07816232,-0.03483197,-0.10877746,-0.021709057,-0.009857085,0.032010615,-0.038074687,-0.006108568,-0.036117032,-0.048507154,-0.003294356,0.060792495,-0.034977343,-0.05965995,-0.047414094,1.0104159,1.0086054,60259.82,174.46141,584.69495,572.786,21.098442,610.96014,0.00053231977,103.34084,3243.3286,MIRAI-GREIP_FLOOD
2.0409794,44.694363,63.97234,10665.854,-0.0043604616,-0.0028667096,-0.009361392,0.007791941,0.04019386,0.0167574,0.026136,0.7012156,-0.17027946,0.25318557,-0.05882781,0.0006096624,-0.00227739,0.00014511868,-0.0051098596,-0.019650145,-0.0021864101,-0.018194728,0.08398789,-0.018358424,-0.01875588,0.025002116,-0.0060293917,-0.0003348291,1.0108467,0.9948971,56981.54,58.392036,554.8706,569.7049,82.74961,553.21265,0.00024927733,99.10278,5104.4033,MIRAI-GREIP_FLOOD
-0.1829586,47.322777,70.54421,2350.7983,0.0018228684,-0.008593506,-0.025627244,-0.0060668737,-0.06949007,-0.0013240089,0.0145815145,0.65654826,-0.0747422,0.06108753,0.020202987,-0.10083828,0.08397692,0.014738657,-0.0090112155,-0.010675247,-0.0035429746,-0.020562531,-0.01845187,0.08724537,-0.027234387,-0.0040067546,-0.017720144,-0.042607114,1.0145273,0.9983263,55407.543,80.51738,758.03754,570.65717,88.59575,544.99207,0.0007929645,102.326744,3012.6458,MIRAI-GREIP_FLOOD
-1.5410652,51.034527,65.09644,1245.3579,0.013711935,0.0061092223,0.015415876,0.0063844384,-0.09207456,0.0052004117,-0.004570831,-1.2429357,0.19250095,0.2690902,-0.06627737,-0.13926038,0.08038535,-0.017826129,0.033998687,-0.06277137,-0.023140002,-0.035434864,-0.04849726,-0.022628194,-0.016770069,0.01896909,-0.029886441,-0.014855264,1.0374477,1.0071832,60753.938,175.19443,920.0479,547.28284,55.174076,570.0676,0.0006954888,106.254555,1316.5352,MIRAI-GREIP_FLOOD
-0.69581795,46.502415,65.409706,8177.6035,-0.034001492,0.012805802,-0.0052277907,-0.007948452,-0.02783377,-0.011431557,-0.007114112,-2.4538677,0.1406064,0.14847396,-0.05550517,-0.07953069,-0.013232681,-0.032218803,0.018638575,-0.039025996,-0.010446919,-0.005551041,0.052772105,7.207319e-05,0.015111601,-0.025312796,-0.043854177,-0.053693186,1.0540135,1.0392953,58378.875,174.48521,522.05853,567.87805,-35.338875,574.6383,0.0003573982,101.735306,-10476.525,MIRAI-GREIP_FLOOD
2.8103752,45.1585,69.47398,1213.2473,0.012929274,0.0061522904,0.018346705,0.01316153,0.048958987,-0.015111091,-0.005236219,1.9234219,0.053104427,0.18465713,0.03614647,-0.020126447,0.009107846,0.025930278,0.011667573,0.015563249,0.000902242,-0.038462974,0.039020717,0.05796666,0.005981894,0.04458659,-0.054405503,0.0008908566,0.9755254,0.9838131,47923.805,63.767014,440.6712,455.42896,50.10244,457.5382,0.0015287285,99.74244,-14192.912,MIRAI-GREIP_FLOOD
2.1728134,43.7955,67.28903,5053.8936,-0.013877412,0.020776197,-0.028036717,-0.0007608253,0.0059979055,0.014268875,0.010658867,-0.6800158,1.8455422,0.18259078,-0.0003727153,-0.08176948,0.19520229,-0.005241232,0.0074516092,0.010473937,0.0047258474,0.020028677,0.05447054,0.06589357,-0.0030477904,-0.006400617,-0.03930885,-0.0049156044,0.9767147,0.9682891,49424.26,115.582214,500.9118,512.3985,30.109034,557.63776,0.00030292317,95.788765,-7708.01,MIRAI-GREIP_FLOOD
1.7974491,44.696,64.567375,4333.486,-0.009361123,0.013080078,-0.01450406,0.073046654,0.0829625,-0.022446306,0.014967063,4.2705393,0.42083746,-0.046260692,-0.022142911,-0.0026104786,0.008147947,0.004844726,-0.005320441,0.013168884,0.014039373,-0.00511101,0.08718294,-0.057512403,-0.010229271,0.050188176,-0.0123316785,0.0032317918,0.9703788,0.9918702,56849.844,87.35909,591.075,541.7455,70.05822,552.4811,0.00033114216,101.11704,1556.3184,MIRAI-GREIP_FLOOD
1.1816502,44.402195,64.20525,2066.7942,-0.00017068349,0.0031162996,-0.0064596,-0.0008526351,0.0080916695,-0.026770318,0.010275947,-1.137778,0.42182404,-0.07245753,-0.09162978,-0.06704683,0.0375767,0.0066598784,0.04147654,0.02381636,-0.009992757,-0.023154158,0.026263952,0.05576619,-0.017702721,0.023679564,-0.024321467,-0.0098307235,0.9352247,0.9666259,53096.934,92.570816,407.3861,524.0883,34.632957,547.1837,0.0005451551,98.68663,-8817.376,MIRAI-GREIP_FLOOD
-2.350544,51.819275,64.14905,7157.157,-0.02948391,0.0057394686,-0.025854409,0.005217887,-0.08715821,0.031076446,0.036873274,-2.4297664,0.1417692,0.068066806,-0.096657604,-0.04901834,-0.010624799,-0.03012321,0.025599863,-0.050453287,0.015850231,-0.03602194,-0.036610365,-0.0038202812,0.016568389,-0.053782668,-0.065842375,-0.009025698,1.0365701,0.9884488,63880.137,178.07445,542.64514,570.6772,-10.0596485,594.73114,0.0002369451,105.07514,3998.9133,MIRAI-GREIP_FLOOD
-0.3044052,44.303833,63.55294,3082.1938,-0.025706518,0.01123212,-0.028433725,-0.00097417453,-0.043175288,-0.009364869,0.01370473,-2.3732858,0.12715691,-0.08481339,-0.063479476,-0.06554169,-0.001247581,-0.014841726,0.0426775,-0.037376374,-0.0042619114,-0.025377776,-0.01841563,0.08225917,-0.009907333,0.05178342,-0.0077172597,-0.04467827,0.98287946,1.0068718,56336.39,167.86334,731.891,550.46155,85.528885,569.5272,0.0006326185,96.86069,18780.705,MIRAI-GREIP_FLOOD
-0.23501778,44.73721,63.715206,8400.656,-0.011638123,0.0013118609,-0.00016359612,-0.0021156662,-0.04871218,-0.0014598947,0.025013927,-1.480691,-0.021152345,0.040915776,-0.06380689,-0.060392164,0.004303512,0.00956281,0.02014117,0.0037839403,-0.0020958064,0.010292464,0.018910766,0.06564588,-0.0321038,0.032192465,0.0057999464,-0.012741526,0.9700695,0.9485606,53935.38,89.90978,432.41687,518.32935,25.576904,537.80273,0.0001898848,97.181755,-12770.393,MIRAI-GREIP_FLOOD
1.2936897,46.33386,65.58363,2535.9,0.0036142394,0.005332357,-0.032787636,-0.015235051,-0.0126903765,-0.023596168,0.014946118,-0.49877405,-0.12858279,0.1721977,-0.048122257,-0.004377314,-0.0016578917,-0.015387797,0.009568077,-0.02129182,-0.006890609,-0.02910325,0.052166283,-0.0061208885,-0.016798897,0.013534054,-0.020684471,-0.06309895,1.0003685,1.0345418,55376.95,173.28639,412.6597,544.2966,-17.416931,544.04803,0.0007354648,99.14225,-13917.313,MIRAI-GREIP_FLOOD
1.6882286,47.47442,65.180786,1975.0527,-0.015064169,0.012692866,-0.0068925903,0.027499015,0.018914368,0.0030874745,-0.04411925,3.795278,0.7119923,-0.01716536,-0.063295506,-0.08348495,0.22942899,0.02012207,-0.0029277802,-0.03106919,-0.00077747274,-0.019248871,0.02971685,0.038833566,0.01811563,0.031875566,-0.057033084,0.05459823,1.0088445,0.9813416,51276.11,56.963074,617.6226,478.18793,107.67492,495.56287,0.0017517891,103.01798,1029.9429,MIRAI-GREIP_FLOOD
2.9422073,47.27227,64.5766,5499.9897,-0.032151744,0.025822414,-0.033241153,-0.0021663504,0.012863258,0.007254379,0.014800306,-0.4141059,0.49451557,0.008239894,-0.18865967,0.026517773,0.076423466,0.022391919,0.05296702,-0.036227446,-0.010532677,-0.0056781573,0.04926604,0.006515877,0.016779626,0.009422879,-0.024595818,0.019261071,0.96094346,0.9507306,53152.492,64.90072,395.34296,490.59116,41.96177,530.30585,0.00013337737,102.82239,-3518.0244,MIRAI-GREIP_FLOOD
-1.3314743,48.29186,63.852695,6396.0156,-0.02916917,-0.0012620239,-0.0077429106,-0.007623362,-0.054509416,-0.0072272024,0.012213633,-4.1285505,-0.014442577,0.18471393,-0.11249416,-0.052778706,-0.024471937,-0.036823303,0.06129524,-0.068355896,0.005844687,-0.032472625,0.060836196,-0.0016258099,-0.029856224,-0.039864484,-0.034069702,0.013264798,1.0402813,0.97570205,57126.45,177.33623,455.42535,523.7825,-2.025465,552.0018,0.00049634016,102.900406,4593.0503,MIRAI-GREIP_FLOOD
3.0186958,42.95259,62.811264,1327.1421,0.030259369,0.0065054963,0.0028176536,-0.015934557,0.06927203,-0.022038708,0.013202269,-0.5612049,0.18517898,0.21505782,-0.096897624,-0.00938414,-0.002948798,0.0018645776,0.052813273,0.005583102,0.0030338718,0.0033454318,0.089215755,-0.038544837,-0.02666257,0.022648899,-0.010437448,-0.05660968,0.9514231,0.9616545,48860.812,70.010666,381.4476,502.81073,33.554924,496.0696,0.0017374065,99.75556,-18369.957,MIRAI-GREIP_FLOOD
0.47484207,43.170937,63.990387,1480.5588,0.001103906,0.014796927,0.014074946,-0.0123914145,-0.014665522,-0.0013316376,0.01852089,-1.8106785,0.6970832,0.10943458,0.021213006,-0.07775037,-0.0074285506,0.010568657,0.026604654,0.0055674696,-0.0031013368,-0.022888502,0.01433897,0.08794648,-0.004135426,-0.0048789824,-0.027894003,-0.04272095,0.98602945,1.0094241,50838.543,160.44102,402.13486,467.79126,-25.594372,497.2958,0.000298532,95.393135,-26448.945,MIRAI-GREIP_FLOOD
4.1177816,41.298126,78.24946,697.92554,-0.0166555,0.0044454597,-0.022961635,0.019949025,0.071386024,0.007044128,0.013018947,3.9057472,0.3080165,0.18847756,-0.073388115,-0.05176412,0.17282096,0.04520659,0.01471067,0.012046587,-0.0208225,-0.017709095,0.12969583,0.05048651,0.0110284975,0.013090302,-0.0354569,-0.01702474,1.0047984,0.99743086,48228.61,64.198166,792.208,463.32608,122.60388,461.13565,0.0010636732,95.788376,28822.523,MIRAI-GREIP_FLOOD
0.6174202,46.379135,65.094925,4113.0347,0.00327643,0.00016733631,-0.002368933,-0.015679957,-0.012017224,-0.007949075,-0.008739861,-0.2936517,-0.034566887,0.117064506,0.01991695,-0.06795031,-0.0010283048,-0.01805244,0.027751697,-0.013038155,-0.019976623,-0.023963451,0.017043948,0.027294263,0.011103567,0.017155793,-0.028542694,-0.03667258,1.0127486,1.0275927,57168.62,149.9421,444.5647,517.3673,-7.3955917,525.4591,0.00025904385,99.41504,-19793.652,MIRAI-GREIP_FLOOD
2.1649113,44.78045,65.04528,2232.3406,-0.0044561457,0.0054152664,-0.0019476493,-0.013278139,0.061324738,-0.026000526,-0.011323223,1.9544554,-0.049187295,0.010143592,0.047212835,-0.057512313,0.005830835,-0.01616725,0.054311775,-0.011449767,0.0049720285,-0.06108357,0.07282066,-0.057882983,0.012930578,0.0036409707,-0.058355387,-0.020947272,0.9942609,0.99505204,57507.49,146.94101,479.22943,527.32245,13.041838,547.3397,0.00041161684,100.12728,-8219.399,MIRAI-GREIP_FLOOD
1.4365597,42.258736,63.680443,1442.3618,0.004409384,0.007369414,0.011588483,-0.0053969435,0.011824714,-0.014264137,0.018429207,0.18858004,0.65547174,0.043180093,-0.084737055,-0.037110932,0.0061997087,0.0034087151,0.018884625,0.021364827,0.00086101703,-0.003196979,0.044216394,0.050482657,-0.012829985,0.018598394,-0.020457234,-0.06364374,0.98538905,0.98076373,50237.04,73.87223,465.46063,489.60168,51.099762,514.7047,0.0011768757,98.49201,-1867.2029,MIRAI-GREIP_FLOOD
3.2324142,43.014168,70.21961,1634.0552,-0.025398344,0.010800104,-0.0018901634,0.0028390214,0.043042965,0.0035089948,-0.010350814,2.0644298,0.5639966,-0.048676044,-0.032245375,-0.03534038,0.06707715,0.03593531,0.009433277,-0.015795223,-0.00409432,-0.04039504,0.07700163,0.032534923,0.0034849718,0.003446868,-0.046242163,0.006761588,0.9874524,0.99758685,51667.055,76.608475,622.3804,518.7941,89.64125,512.2568,0.0005148215,98.19578,5770.359,MIRAI-GREIP_FLOOD
1.1430454,45.06146,61.08948,6268.084,-0.010251272,0.027798716,0.006768601,0.047117446,-0.0028478252,0.010541271,0.035170943,-1.2822964,0.42012137,-0.05949083,-0.08039854,-0.022699252,-0.0087340325,0.024335792,0.031330757,0.008102785,-0.001168095,0.0072733075,0.04079014,-0.042162426,-0.012123227,0.0482276,0.012419167,-0.0015501585,0.93671936,0.898332,54013.812,71.75366,561.9839,508.7336,70.00703,512.94086,0.00018226836,99.99015,-3013.394,MIRAI-GREIP_FLOOD
1.8552818,46.254562,64.366615,5680.753,-0.009235962,0.0020130642,-0.006086584,-0.010952536,0.03887032,-0.004799413,0.022888646,-1.2698798,0.0548726,0.06783798,-0.15998058,-0.017192453,-0.006006614,0.013864094,0.054316983,0.0143985,-0.027169853,0.011090631,0.045418978,-0.04065922,-0.016161276,0.03273322,0.0008170027,0.00197717,0.9595819,0.9398008,55850.406,74.14814,418.46344,511.06415,38.453545,511.3046,0.00021064896,102.99764,-10418.485,MIRAI-GREIP_FLOOD
1.9498863,45.069798,64.22411,623.9087,-0.028554108,0.013900749,0.002982451,-0.0020139602,0.019732585,0.025598839,0.010429929,-0.39063,0.9238018,0.04133051,-0.11725575,-0.026066154,-0.010086471,0.02534962,0.02467838,0.016035765,-0.012330088,-0.012027727,0.03759086,-0.02540968,0.01056699,0.0027674728,-0.024838623,-0.030341096,0.9757088,0.9752629,54908.613,67.37589,454.42358,512.32306,43.241386,516.70654,0.00051832997,102.880196,-5527.8228,MIRAI-GREIP_FLOOD
1.9133835,41.37587,63.054924,4054.2783,-0.011828923,0.0030569227,0.01329663,0.007771714,-0.01392521,-0.006104363,0.056922562,-1.0174131,0.0062781572,0.04370986,-0.006652139,-0.05829905,-0.017147062,-0.0024059229,0.03137513,0.020234471,-0.005395161,-0.020660762,0.041047335,0.06443645,-0.029888827,0.031701613,-0.015268713,-0.022729207,0.9759085,0.9701764,49690.34,158.66974,409.83862,475.60223,-0.452343,483.3845,2.0820604e-05,91.52119,-17195.445,MIRAI-GREIP_FLOOD
0.66773415,45.652496,63.55561,4482.8066,-0.0150682945,0.010121885,-0.0011194544,0.0002686251,0.014819413,-0.021186374,0.054887354,-1.378062,-0.07296256,0.071549945,-0.043673035,-0.010111163,-0.009038072,-0.03506947,0.027312528,-0.02607002,-0.026162796,-0.049965315,0.0801214,-0.022981491,-0.04299537,-0.04451547,-0.015032252,-0.030533686,1.0188922,1.0189453,57961.918,179.02866,456.14783,518.3134,-19.591827,545.6548,0.00028738266,99.321526,2099.5889,MIRAI-GREIP_FLOOD
0.07314491,45.06694,62.044563,2728.2507,-0.0026041921,0.012377075,-0.015688116,0.010286057,-0.037968703,0.01804744,0.017639842,-0.66669786,0.40504074,0.0034927204,-0.07599284,0.0069839368,0.0034131915,0.021052498,0.034493044,0.0057763746,-0.015671963,-0.010117105,0.035868883,0.03674976,0.00326426,0.036312923,-0.020365676,-0.04067245,0.9710099,0.97584,54997.367,58.00713,617.04504,546.1064,98.18367,559.8035,0.00049306656,100.73469,10631.334,MIRAI-GREIP_FLOOD
3.132555,42.17528,68.89282,4953.242,-0.003425721,0.0024190235,-0.00358755,-0.004189111,0.06752188,-0.008626895,0.010672338,0.36400223,0.0065359473,0.033064958,-0.043176703,0.016868861,-0.018345898,0.0032140315,0.009115682,-0.0036964053,0.0002078712,-0.023184296,0.09674084,0.03330265,0.0015116041,0.006345173,-0.03541585,-0.05256138,1.0153837,0.9928586,52648.332,67.65896,440.11737,485.5564,38.94214,493.60223,0.00020404105,95.359886,-2079.7961,MIRAI-GREIP_FLOOD
2.3409672,43.132122,64.48649,3389.097,0.0010179356,0.00841999,0.00016921898,0.0050302898,0.05575277,-0.0012671639,0.020695057,0.86563843,0.48301595,0.067112304,-0.10818138,0.0006075809,0.011783348,0.023921963,0.025124349,0.0136052,0.008537559,0.014960945,0.102938294,-0.0034930294,-0.012110531,0.005862261,-0.0042573363,-0.013360482,0.97221386,0.96489835,55546.324,80.18975,538.38306,525.12604,76.30034,554.8857,0.0005103869,101.382286,13154.91,MIRAI-GREIP_FLOOD
2.7425518,46.63607,64.947495,4949.7173,0.030238867,0.0060868785,-0.04053829,-0.00025282428,0.0698771,0.007308873,-0.019202044,2.9472663,-0.11141472,0.32897905,0.075603805,-0.036191132,0.08431202,0.018890414,-0.004247767,-0.021989187,0.0048072683,-0.014979686,0.08213389,-0.049600046,-0.043895487,-0.008771768,-0.0071077324,0.04991377,0.9837454,0.9998995,57493.62,63.544537,499.2609,549.8076,77.5484,518.9671,0.00058637426,105.8377,9739.32,MIRAI-GREIP_FLOOD
1.37994,44.06127,64.58534,1583.362,-0.0053889304,0.008269285,-0.009929874,-0.0077007795,0.02909749,-0.025224088,-0.0069811265,3.313239,0.62176216,0.0087785525,-0.074608766,-0.079370596,0.05478073,0.015572092,0.036317572,-0.0016655168,-0.01576277,-0.024006087,0.043138683,0.0026405675,0.010180449,0.02661556,-0.03649465,-0.010895374,0.9593551,0.9698556,55966.777,102.3526,653.2058,545.7605,80.28968,558.4016,0.0005332782,102.34334,12933.786,MIRAI-GREIP_FLOOD
0.5065632,45.704826,64.22374,2227.1826,-0.033783443,-0.0005643442,-0.019684145,-0.01083409,-0.040120296,-0.009447838,0.02455855,-2.1705122,0.13003482,0.052153967,-0.011020786,-0.06880437,-0.008186244,-0.001022066,0.05317977,-0.009024375,-0.0031526596,-0.036666825,0.01761055,0.0069120056,-0.011899407,-0.008248756,-0.027183112,-0.03964298,1.0267196,0.99808335,55279.59,173.68245,439.8155,524.67535,1.6315765,530.302,0.00040381367,98.39703,-3254.2869,MIRAI-GREIP_FLOOD
2.4736423,45.395447,62.967037,12345.84,-0.008080573,0.001070585,-0.0052338676,-0.009533286,0.027116382,-0.026035404,0.05289823,0.9930933,0.15461822,0.12156303,-0.006033294,-0.022546696,-0.02570941,-0.0044626184,0.054410316,-0.0071639004,-0.039391,-0.047270678,0.10489553,-0.0658761,-0.04307413,-0.017820816,-0.026975326,-0.032936454,1.0479488,0.98641276,53767.523,176.1957,405.67303,525.2856,-20.65855,499.78238,-0.00018755895,99.36235,1440.9119,MIRAI-GREIP_FLOOD
-2.4257984,52.404415,65.28922,2784.1196,-0.020066492,-0.0072105476,-0.015722403,-0.002251449,-0.08591039,0.021286614,0.00048607355,-3.8675475,0.1707238,0.10756225,-0.13322452,-0.09154166,0.00023710355,-0.014975743,0.04651023,-0.061978962,0.023419999,-0.016935835,-0.08350551,0.025703376,0.01303975,0.009533312,-0.046210926,-0.039333966,0.98346645,0.97834665,58179.78,168.8176,466.34518,553.1045,0.8116436,589.78955,0.00045700153,105.996796,-11536.836,MIRAI-GREIP_FLOOD
2.5588589,41.017944,63.07838,85.77881,-0.030626826,0.011072311,-0.01028189,0.005398875,0.050543256,-0.012463652,0.023511324,1.8413385,0.58913785,-0.032847457,0.49213108,0.020925451,0.010911056,0.0055683125,0.012352582,-0.011324644,0.0024389802,0.016262338,0.11642599,-0.008612702,-0.016013857,0.030020356,0.018764514,-0.032607615,0.9733104,0.9790947,54693.934,58.478188,672.80664,526.6839,133.70657,542.4896,0.0008084086,97.84078,34870.5,MIRAI-GREIP_FLOOD
0.0835762,45.21848,63.944607,8057.9526,-0.011733658,-0.008047008,-0.0022212788,0.0017877292,-0.035837248,0.015730917,0.024592087,-2.6064422,-0.053727817,0.029621439,-0.08804963,-0.028296098,-0.032206956,-0.012389965,0.04204783,-0.003618584,-0.038721047,-0.016457874,0.013402641,0.0742801,-0.00888134,0.0219401,-0.022255134,-0.06466343,0.9966732,0.9630691,53461.973,154.19574,365.32257,501.18423,-0.7374592,520.5056,0.00017750029,93.56637,-8624.205,MIRAI-GREIP_FLOOD
2.601591,44.218357,63.467033,1377.7043,-0.017061666,-0.008504347,-0.00088956906,-0.009531048,0.052100547,0.012882391,0.023998337,0.50243574,-0.032661773,0.0653674,-0.061642237,0.00876632,0.0014213434,0.0092670405,-0.011455369,0.001956378,0.0023184111,-0.049434956,0.09995383,-0.019930866,-0.0016854703,0.01769271,-0.021044126,-0.033661485,0.9986049,0.98260623,54361.992,70.36361,465.88693,510.38065,63.587383,503.7505,0.00047991547,99.231445,2395.6184,MIRAI-GREIP_FLOOD
-0.37750244,47.021523,64.20173,2524.4404,-0.035485506,0.017542556,-0.024223568,-0.0093230205,-0.029814398,-0.009538303,0.0088586835,-0.5086267,0.22422028,0.019413041,-0.06689019,-0.067738846,0.0024167064,-0.0104609495,0.04099068,-0.004204926,-0.003524837,-0.039132684,0.0033738613,-0.026114583,-0.0071458803,-0.016189095,-0.014753703,-0.032385103,1.0290428,1.028785,58625.6,177.48015,501.91605,548.7581,-2.6125507,564.3624,0.00033951396,101.5244,-990.36945,MIRAI-GREIP_FLOOD
-1.5501804,45.374123,63.800663,1728.4199,-0.02318536,0.009212046,-0.025201328,0.0015350726,-0.10389392,-0.046401076,-0.0033789081,-4.784983,0.67067695,-0.052694604,0.046913557,-0.0962333,0.0042564096,-0.010736453,0.044640083,-0.04630577,0.006587603,-0.05640787,-0.052713156,0.1458925,-0.0037858263,0.06312097,-0.045095958,-0.05814688,0.9593377,1.0215747,53970.395,158.95837,644.70447,537.21674,62.367306,585.11505,0.0014310548,97.22042,5144.771,MIRAI-GREIP_FLOOD
-0.40880775,46.065147,64.13681,4715.3657,0.004442204,-0.0019300388,-0.0034468714,0.001909477,-0.04866934,-0.022747999,0.014231715,-3.4569163,-0.029263344,0.007653869,-0.04491862,-0.10080777,0.027152076,-0.0028465409,0.052417036,-0.009612496,0.012648589,-0.0102187265,-0.023158073,0.047381226,-0.02046884,0.034722585,-0.01578848,0.011897631,0.9927677,0.97373974,53967.55,131.72673,472.4073,506.3014,-8.009972,530.5645,0.00028202368,98.557045,-25215.766,MIRAI-GREIP_FLOOD
5.5853615,41.67131,60.981834,6049.104,0.055455152,0.023702128,-0.020907804,-0.0083380705,0.13116626,-0.022679491,0.028678808,8.686268,0.17632408,-0.042469323,0.16868146,-0.030228067,0.14527658,0.053930823,0.05293999,0.026106546,0.021551099,-0.037750587,0.14260828,-0.075103074,-0.05574089,0.07757115,-0.027487965,-0.02019685,0.96099955,0.92630374,50757.906,111.60169,754.1253,514.02203,110.14636,436.7039,0.00064923475,93.813225,45301.57,MIRAI-GREIP_FLOOD
0.5088768,47.37494,64.367805,3785.0532,-0.009363712,-0.0004949197,-0.0414752,0.0027329868,-0.0486049,0.011786031,0.0089853415,-2.1847062,0.072368674,-0.013089346,-0.021467293,-0.0724114,0.0018212736,-0.02681109,0.036080524,-0.05262123,0.005455762,0.0024967268,0.012907624,-0.003567092,-0.024126738,0.039501905,-0.020639848,-0.020054469,0.97549635,0.9647248,57903.203,158.55751,485.32794,529.70026,31.41993,547.112,0.00052043656,100.53476,-1635.4629,MIRAI-GREIP_FLOOD
1.2079659,45.29128,64.82898,1151.5278,-0.014425188,0.0072789392,-0.0037048804,-0.004445154,0.025510598,-0.0021434028,0.011688765,0.23702681,0.250813,-0.033048965,-0.05116461,-0.018741617,0.0070579904,-0.019285975,0.015156618,-0.0049065985,-0.020913526,-0.017498499,0.06433284,0.0023396797,-0.010194494,0.012615496,-0.032650683,-0.048805248,0.980182,0.99353087,57467.92,58.755493,514.423,561.4338,78.04857,586.33435,0.0004374032,100.10121,7571.9663,MIRAI-GREIP_FLOOD
-1.6164303,46.327305,65.96597,-23.845215,-0.04245098,0.014753582,-0.05743619,-0.0024443835,-0.10557956,-0.0040134643,0.018398669,-1.8972325,0.55007225,-0.020993447,-0.13524961,-0.08594002,0.004960754,0.0012157811,0.013804521,-0.005471986,-0.023913195,-0.041892454,-0.011431217,0.098937444,-0.02433327,0.012559446,-0.0030344818,-0.009673907,1.004409,1.0358064,55172.695,178.06564,601.22766,564.05664,6.4812307,591.16113,0.00054487924,100.66096,-1059.041,MIRAI-GREIP_FLOOD
-0.53133965,46.905376,63.116936,5335.323,0.00029439107,-0.0032437153,0.008554195,-0.014468654,-0.055413745,0.010043596,0.032341782,-1.8512015,-0.07478966,0.1231847,-0.06398932,-0.09698206,-0.0082739545,-0.01276466,0.03298509,0.0035569025,-0.02829691,-0.0227671,-0.023092985,0.026956266,-0.012563562,0.009109352,-0.02505695,-0.032369465,1.0007571,0.98712045,55509.293,167.2269,357.8086,505.33188,-18.964062,515.00214,0.00032753003,98.34312,-17851.988,MIRAI-GREIP_FLOOD
0.4678898,48.588116,63.95683,4852.479,-0.006531989,0.008613962,-0.009359772,-0.011671655,-0.009142734,0.012046863,0.0091307135,-0.275954,0.39021847,0.16465572,-0.05764109,-0.035563853,-0.008312049,-0.0049812766,0.03580872,-0.0079836035,-0.030495293,-0.0318869,0.01489836,-0.049362063,-0.0017187977,-0.016040014,-0.011139525,-0.00817662,0.9882947,1.0053793,56787.742,172.69974,420.3294,503.1087,-2.2256145,520.42206,0.00036001584,103.3849,-4134.222,MIRAI-GREIP_FLOOD
-0.81900406,46.202057,66.53773,3457.4941,-0.0034701638,0.0014057047,-0.023415934,0.028861342,-0.044001468,-0.015174233,0.00904646,0.038270533,0.20387219,0.021303773,-0.09818326,-0.053307172,0.024924522,0.026444903,0.035340466,-0.015173723,-0.00314001,-0.011882236,-0.032165468,0.099077426,0.013403669,0.039308373,-0.01995613,-0.007053725,0.9936832,0.9818307,53170.43,72.99364,560.4801,522.2011,70.93533,557.8656,0.0005163571,100.62257,-1791.9924,MIRAI-GREIP_FLOOD
1.0135555,45.35264,65.96046,144.50098,-0.02147749,0.015065155,-0.032724366,0.024042448,-0.0073162634,0.01048396,0.00990579,1.5909116,0.5851724,0.10371301,-0.05386701,-0.032861125,0.21157205,0.03755009,0.025601787,-0.009240982,-0.010144106,-0.030820502,0.009914041,0.0809251,0.016727487,0.0042679524,-0.03160606,0.011139073,0.9953254,0.9714817,50912.03,63.383823,566.027,470.14822,80.11321,497.10098,0.0014858906,99.60196,5956.5386,MIRAI-GREIP_FLOOD
1.0813217,41.247967,62.995827,363.64014,-0.012190546,0.0025090263,0.0034964806,0.04700608,0.004131443,0.006701501,0.02903783,-0.5035691,0.20348367,0.12617946,-0.04263763,0.018824682,0.0033787494,0.010720109,0.013238171,0.022424202,-0.014691886,-0.0021184282,0.0717864,0.0716654,-0.021963526,0.054800496,0.0068106456,-0.0326894,0.9615615,0.964337,54243.72,71.641594,670.5558,527.0624,129.9426,535.45123,0.0020163245,94.64702,31117.066,MIRAI-GREIP_FLOOD
-0.7682686,49.378872,65.066,5895.7837,-0.024374964,0.0027406013,-0.047834817,0.0067698136,-0.055450805,0.021123122,0.013497936,-1.8213379,0.16859922,0.009089018,-0.09100254,-0.037965648,-0.018490884,0.0051051797,0.032388404,-0.04530382,-0.01350688,-0.015792878,-0.009179473,0.027893992,0.017453833,-0.00011158525,-0.05856602,-0.067243464,1.016839,0.99329627,56847.25,172.28658,453.1504,562.05115,-0.82460785,579.5637,0.000113384114,101.04543,-1952.2959,MIRAI-GREIP_FLOOD
3.7066364,43.8663,68.99413,3719.0278,0.007257396,0.002764279,-0.03785334,0.025507588,0.06306162,0.0044665574,0.009716537,2.397706,-0.0008954108,0.22618428,-0.14733732,-0.0143238045,0.09423259,0.034859765,0.022809228,0.0057927473,-0.012335229,0.009944019,0.08855456,-0.016705403,0.008653134,-0.007989925,-0.023941234,0.01427559,0.985208,0.9747663,52672.863,92.68641,579.973,515.83234,59.604874,517.4391,0.0003967997,99.70919,6485.628,MIRAI-GREIP_FLOOD
-0.62630653,48.26032,63.719357,15162.463,-0.02707612,-0.003931044,-0.02216829,-0.005159372,-0.06468374,-0.035100285,0.033864524,-1.7997923,0.14300688,0.086929806,-0.03437605,-0.0019875448,-0.01665449,-0.017758999,0.026139153,-0.05503259,-0.008358152,-0.03304821,0.034227967,0.0051528355,-0.05329573,-0.056491755,-0.053357154,-0.040282514,1.042832,0.9764541,57010.12,177.62534,500.04858,533.25885,-3.1283646,559.089,0.00036052294,104.23871,13620.446,MIRAI-GREIP_FLOOD
2.386692,44.695385,84.08785,286.10205,-0.0027695112,0.0023857418,0.021585036,-0.017404763,0.047041163,-0.030600775,-0.0077114087,4.0703506,0.07785847,-0.022965306,0.4102692,-0.035304207,0.02082551,0.03521068,0.025992077,-0.019646494,-0.008229338,-0.014682817,0.07359165,0.075334534,0.009858376,0.042392407,-0.043799758,-0.044335444,0.9963583,0.9775903,41035.99,55.83703,416.13202,478.86548,63.571087,454.27313,0.0033895583,95.108505,-4039.6096,MIRAI-GREIP_FLOOD
0.18952179,45.89209,73.65944,257.16406,-0.017778348,-0.007115666,-0.0045129983,-0.0073869736,-0.045145057,-0.029302206,0.008557275,-2.6630995,-0.09726229,-0.0653686,-0.027052036,-0.046409793,0.0062298817,0.0019548228,0.061701097,-0.0062132673,0.012806255,-0.021387562,-0.024708629,0.108939044,0.019492803,0.016472435,-0.062273555,-0.062125273,0.9914263,0.97748816,52193.375,110.75808,451.6137,518.8284,16.177916,551.7801,0.00066854566,96.642044,-18769.283,MIRAI-GREIP_FLOOD
-0.42531013,46.932655,65.61436,3532.938,-0.009431521,-0.0033893702,-0.025367826,0.005153142,-0.050350264,0.005512636,0.004252619,0.30880755,0.013565347,0.07675673,-0.08553879,-0.044898704,0.00373285,0.013986563,0.024164682,-0.013964826,0.013799092,0.015895195,-0.026155114,0.07120329,-0.021102566,0.015074023,-0.007483125,-0.0023985375,0.9914061,0.97873294,56708.89,75.10906,478.5096,543.85016,63.22177,550.902,0.0005170095,100.85979,254.29008,MIRAI-GREIP_FLOOD
3.1356964,43.46318,74.94923,1630.0911,-0.006386675,0.0923166,0.011477153,0.003868059,0.03013457,-0.0125697665,0.016271558,0.7618586,2.4191566,0.06892451,0.016396042,-0.015259433,-0.001352351,0.033503145,0.038870864,0.008958507,-0.0134074055,-0.01662791,0.1070348,0.001974497,0.03301147,0.0105074365,-0.039965115,-0.006060265,0.9669325,0.9558376,46933.84,82.297646,476.4932,444.66202,22.33021,490.36307,0.00051887333,99.221085,-15425.269,MIRAI-GREIP_FLOOD
-0.076164246,47.29666,63.54802,1295.3774,-0.0222194,0.01825707,0.00045213848,-0.005884055,-0.016040664,0.0016961811,0.023227207,0.09492707,0.65773,0.15442362,-0.060180523,-0.08188653,0.014210855,0.01415842,0.030306632,0.008046812,-0.0230917,-0.042863842,-0.010746002,-0.05087609,-0.030457847,0.029376272,0.016469846,-0.013480362,0.98501873,1.023998,57348.445,173.8837,509.0533,539.229,18.07859,553.77655,0.00048211293,101.80566,-5399.128,MIRAI-GREIP_FLOOD
-0.87654686,46.301983,67.279755,1105.748,-0.032136522,0.009881245,-0.02821615,-0.0041246857,-0.073588215,-0.0074617127,-0.008474595,-2.2698307,0.61494374,-0.008612945,-0.07260725,-0.08345924,0.00407573,0.017529909,0.043021034,-0.028892692,0.001468379,-0.021247886,-0.0015527606,0.07540717,-0.013287199,-0.006194799,-0.018103123,-0.019592896,0.9991503,1.0121173,53689.684,172.80933,537.4828,538.8416,8.01559,586.43024,0.00053387653,101.166405,-1303.727,MIRAI-GREIP_FLOOD
0.19638443,47.23201,62.321472,4317.356,-0.058684014,-0.004165487,-0.03747438,-0.004233993,-0.046268366,0.019072382,0.013647934,-0.12705016,0.04836475,-0.0032363832,-0.052173823,0.016186083,0.096547894,-0.002180892,0.018401554,-0.024284238,0.00541158,-0.015902637,0.017250419,0.06063999,-0.015991531,0.06832903,-0.050766066,0.01076606,0.9790803,0.9521388,54222.7,56.49008,508.1611,537.0933,96.025024,541.38336,0.00045113964,100.75286,4916.358,MIRAI-GREIP_FLOOD
-0.52934074,51.523403,68.16614,-1742.1963,-0.016431572,0.041280393,-0.005077375,0.012937198,-0.037753522,0.02026197,0.00080149854,1.7421362,5.085021,-0.12232005,0.086484104,-0.04243037,-0.009215675,-0.006655832,-0.004572957,0.003969851,-0.01846791,-0.060421154,-0.00478673,-0.05070893,0.053703044,0.06503028,-0.060764734,-0.039296966,0.9813575,0.9934562,59543.723,56.248158,780.85297,608.3786,104.433464,631.9241,0.0019822675,107.57334,2289.9336,MIRAI-GREIP_FLOOD
1.8342247,44.620056,64.85695,1054.428,0.0026604813,0.021208337,-0.011721194,0.008816559,0.008532228,0.023850119,0.0034803944,0.4866745,1.425375,-0.0070492453,-0.029277688,0.037988074,0.0066689416,0.022761174,0.015514897,-0.0034436025,-0.002954516,-0.014004447,0.051757455,0.006071111,0.0063413987,0.03308865,-0.016900986,-0.03986483,1.0057518,0.9901111,53815.02,57.134953,635.00903,564.5783,108.61249,569.933,0.0005179447,99.83769,19410.764,MIRAI-GREIP_FLOOD
1.3467178,45.434006,63.77252,-173.62256,-0.02100873,-0.0036379395,-0.0083351815,-0.008757859,-0.041255288,0.021508086,-0.011162949,-0.29905605,0.17513588,-0.004931735,0.043766446,-0.10405264,0.20405054,0.0245006,0.01682457,0.010746209,-0.008488408,-0.041563645,-0.010216117,0.15743358,-0.03132476,-0.012143493,-0.053934127,-0.022810437,0.99615294,1.0020449,50628.668,63.88031,335.3084,490.4183,27.915312,485.46237,0.0006921748,95.88762,-18724.684,MIRAI-GREIP_FLOOD
-1.1842251,48.08844,63.891857,5670.97,-0.014980322,-0.0025002793,-0.019800028,-0.0034813345,-0.07796701,-0.0243956,0.031400945,-2.999674,-0.06502719,0.0104478365,-0.06873329,-0.05162652,-0.013170286,-0.030900294,0.043800667,-0.03765081,-0.009842379,-0.036852926,-0.03768313,0.021899335,-0.017504215,-0.0061183376,-0.049582306,-0.0260466,1.0280412,0.9982094,56278.164,176.28377,471.9843,509.9764,-26.856312,539.89264,0.00029159908,101.24579,-12880.583,MIRAI-GREIP_FLOOD
-0.0052280426,46.528355,62.888752,7723.9873,-0.023400111,0.012477889,-0.028786475,0.011173081,-0.055048153,0.0058212103,0.051337235,-1.6481111,0.051152453,0.13387765,-0.018601337,-0.042774748,-0.015196443,-0.03612679,0.047147866,-0.0011902303,-0.01977341,-0.059064556,0.032630086,-0.010335604,-0.05006063,-0.028619736,-0.0043778913,-0.014403116,1.0165558,0.99499285,57525.11,178.68028,458.3603,518.53174,-20.004501,528.9324,-8.985303e-05,98.24616,-8948.354,MIRAI-GREIP_FLOOD
-0.80135727,48.970272,59.841923,590.21313,-0.0376404,0.00023930147,0.01019986,-0.0033269606,-0.08404262,0.020480134,0.04355724,-1.3134868,0.21961462,0.08275501,-0.101621896,-0.055773713,-0.0087738,0.002119271,0.023401693,-0.005011433,-0.0002331892,-0.04173936,-0.04392624,-0.01157412,-0.04676584,0.028694652,-0.010166964,-0.029814297,0.9929702,0.99016017,56910.312,174.40063,566.4524,563.5627,37.851444,566.10535,0.000558588,101.959694,-3589.7075,MIRAI-GREIP_FLOOD
0.8014507,41.829117,63.52455,3349.7646,-0.02518525,0.011747918,0.00049126334,0.0070383856,0.015322166,-0.02060035,0.029990546,-0.29449725,0.8394945,-0.038953282,-0.046644405,-0.019031683,-0.0043110843,0.0038805325,0.017803105,0.013535248,0.00024407636,-0.0010070764,0.054765105,0.016023569,-0.019974303,0.0234719,0.0024355063,-0.038640477,0.97433805,0.95740026,54901.152,90.742615,578.86,540.9512,74.009796,562.88416,0.0004201265,98.53835,10077.433,MIRAI-GREIP_FLOOD
0.35471344,47.59596,63.050976,-157.59424,0.012439884,0.0074029486,0.0046505127,0.014834761,-0.019928657,0.019654611,0.016275935,0.5554127,0.46880418,0.16937582,0.009948368,0.0076419576,0.02001067,0.014346221,0.009349882,0.00011092052,-0.01283069,-0.028122978,0.024043798,-0.0046208194,0.0066402066,0.06386417,-0.04290881,-0.0106262965,0.9782734,0.96698195,55679.023,59.195305,697.2745,530.4004,100.26422,546.80084,0.0017384874,104.331726,10128.354,MIRAI-GREIP_FLOOD
7.8349514,40.297657,67.55723,2874.6392,-0.012648114,0.017643524,0.013696134,0.05782572,0.21123369,-0.021007882,0.031460512,14.625933,0.70357376,-0.09404622,-0.07098971,0.09352129,-0.0072117904,0.010867416,0.015615648,0.022836369,-0.0043512764,-0.031463016,0.18694156,-0.041061055,0.0336512,0.02794167,-0.061891712,-0.045674793,0.9747642,0.9727078,50798.676,94.75897,820.098,498.04907,147.49472,507.19357,0.00090957887,96.97387,32864.297,MIRAI-GREIP_FLOOD
-1.92206,48.806557,64.707565,5043.3037,-0.0057789683,-0.0043602963,-0.0013127015,-0.0054841163,-0.102228336,0.027436402,-0.0050468254,-3.5938764,0.07214516,0.040888283,-0.0125719225,-0.120452866,-0.0014475862,-0.018275073,0.035686977,-0.01441261,-0.012827853,-0.02068359,-0.054947972,0.052052174,-0.0005159108,0.00755222,-0.03243387,-0.041268844,1.0168792,1.0005424,56515.406,159.19733,432.32617,537.1985,-6.648756,551.3804,0.00034034968,99.31955,-12914.812,MIRAI-GREIP_FLOOD
1.6378021,42.530533,66.12324,1841.2043,-0.0027033687,0.017065246,-0.017096832,-0.0051018186,0.010858899,0.010907325,0.009780688,1.0499964,1.0247679,-0.0076866704,-0.1327284,0.004485706,-0.00089190895,0.040830642,0.024401933,0.009890105,-0.008228754,0.012933377,0.06351066,0.03964328,0.0053091603,-0.006284616,0.004056976,-0.0536843,1.0043472,0.9816191,54097.64,73.24387,587.4324,521.52576,97.34805,522.7292,0.00053956936,99.02466,20607.16,MIRAI-GREIP_FLOOD
0.425169,47.117783,63.6444,7650.517,0.014072631,-0.011140369,0.004727631,0.0019369753,-0.055693753,0.003324912,0.040788285,-5.010706,-0.16451132,-0.0048404746,-0.08231826,-0.0016050367,-0.03758278,-0.033026565,0.07328015,-0.031061366,-0.010050776,0.016172627,0.0017502904,0.0035779213,-0.00044076936,0.006649287,-0.049570106,-0.08336073,1.021834,0.9404492,54155.52,139.33829,422.955,499.51505,9.985375,518.3166,0.00039948028,99.0035,-4527.8433,MIRAI-GREIP_FLOOD
1.902668,46.220104,65.702194,367.34912,-0.016124543,0.07620662,-0.021998202,-0.0011628194,0.0092172325,-0.0064727874,0.009453859,0.4775769,2.0292943,0.016861852,-0.08199797,0.004619928,0.022190211,0.024774035,0.03882518,-0.010996879,-0.0014895876,0.03127477,0.06896752,0.0027073657,0.030006105,0.009922827,-0.0318303,-0.017824605,0.96615267,0.9478076,52480.617,69.77143,453.40607,500.57468,51.11417,541.25885,0.0019040928,100.075485,728.5878,MIRAI-GREIP_FLOOD
-2.0566845,48.272636,64.76906,7167.6777,-0.033703797,0.013051567,-0.06349427,-0.0034964853,-0.108758286,0.0221023,0.004351423,-1.6900153,0.42218897,0.08178818,-0.1440814,-0.08433743,-0.01125916,-0.013878921,0.034286216,-0.05508426,-0.022277804,0.0030291965,-0.000562191,0.06883998,-0.024659952,-0.046954345,-0.026945489,-0.0035412237,1.0341305,0.9757443,54174.344,176.15012,477.01645,548.58527,-2.448616,570.7466,0.00033537994,103.58864,10483.865,MIRAI-GREIP_FLOOD
0.45246887,44.25024,61.92647,1477.0315,-0.0021521188,0.002079896,-0.021035515,0.0051294714,-0.04242094,-0.017319769,0.022219513,-1.9957142,0.091567405,0.03623515,-0.032547086,-0.05647766,0.004572756,0.025416046,0.022493562,0.015354381,0.013317198,-0.0054834597,0.012398183,0.06383098,-0.028194483,0.040613268,-0.03021425,-0.02392968,0.9685439,0.9522349,52119.81,75.75099,592.6432,510.83878,83.99234,494.85193,0.0009924575,98.55398,4025.8184,MIRAI-GREIP_FLOOD
0.81599617,47.828815,64.6373,3053.003,0.018486565,0.00024542585,0.0071707293,-0.0051036347,0.034637816,-0.008833906,-0.023975903,3.434747,-0.14435601,0.37624466,0.10519692,-0.033860058,-0.0007304288,-0.0056496356,-0.02140332,-0.0086377505,0.0014597736,-0.07074432,0.04697001,0.040467706,-0.030920578,0.020179458,-0.062758476,-0.009415288,0.9954356,0.9911094,54348.066,58.847775,458.93466,572.67255,73.097336,555.6897,0.00032051874,102.390724,-9087.028,MIRAI-GREIP_FLOOD
3.7747898,43.388203,77.93309,1330.9241,0.028052842,0.004032338,-0.0045176223,0.08009041,0.090394646,-0.0150059955,0.014342338,5.3156447,0.04390074,0.6051308,-0.012158993,-0.0007613143,0.01819461,0.035896175,0.0050526205,-0.016991328,0.0059060147,-0.025066165,0.100604415,0.028896635,0.007495109,0.020023882,-0.038229644,-0.024645103,1.010564,0.98835564,49779.973,70.00971,1025.9834,508.9663,142.19138,507.84525,0.0008911751,100.54121,26908.736,MIRAI-GREIP_FLOOD
0.067640305,46.48386,63.50352,176.70996,-0.030834883,0.005954311,-0.011917156,0.00434568,-0.0066801663,-0.0025353902,0.0029906537,0.5562961,0.70024157,-0.086000085,-0.034529645,0.011574916,0.011041046,0.0013673119,0.030622039,0.0035631936,-0.013359731,-0.036897488,0.012049615,-0.0049299328,-0.014861649,0.052570254,-0.025988577,-0.020333614,0.96414244,0.9795643,57413.27,56.91497,529.4299,556.4646,87.40099,571.4963,0.001240007,101.105156,1815.8225,MIRAI-GREIP_FLOOD
2.6426277,45.149868,67.39348,1747.7888,-0.0424809,0.01913262,-0.0373288,-0.0015199907,0.04465504,0.0046051964,0.005082898,1.1902463,1.5142224,-0.0796963,-0.06062057,-0.060424283,0.1429309,0.0307669,0.025209328,0.026212325,0.0070961,-0.005277521,0.04983163,0.017469145,0.018918574,-0.013385625,-0.038040373,0.031795204,0.96281004,0.9616753,53118.56,79.116455,405.27386,497.09628,47.7324,516.77576,0.00039897746,99.84608,-3703.746,MIRAI-GREIP_FLOOD
0.5484009,43.513905,63.824375,7108.1006,0.01771613,0.004445672,0.0029016496,0.0049820663,-0.045480534,0.02772046,0.03342201,-3.9274387,-0.10585618,0.037842143,-0.08808318,-0.06915972,-0.008465316,-0.035972822,0.042733505,0.040619742,0.008825095,-0.0069036894,0.0058495402,0.08979088,-0.02510596,0.023243567,0.005427827,-0.008415337,0.9904676,0.9708794,52796.785,137.66296,378.68475,501.23218,-10.708817,524.5802,1.2316901e-05,91.07341,-23120.543,MIRAI-GREIP_FLOOD
1.311924,45.983303,62.303444,763.7053,0.019879693,0.012407296,0.013793867,0.019448102,0.014524065,0.015319333,0.010521334,0.009371996,0.37161815,0.48729572,-0.010755322,0.02778095,-0.011736088,0.021512257,0.011634078,0.01665271,-0.0020567048,-0.025608625,0.050912857,-0.045867316,-0.002904262,0.055408746,-0.0546566,-0.04348785,0.980395,0.9853028,55504.19,58.90359,652.55493,537.586,85.11373,558.8381,0.00091344584,101.38109,11602.055,MIRAI-GREIP_FLOOD
-0.1708622,47.60705,64.82852,4652.628,-0.0041821506,-0.0015196201,-0.010808161,-0.007854351,-0.04438837,-0.010035146,0.019742118,-4.2410564,0.060726658,0.025185537,-0.03043519,-0.080939375,0.0060943007,-0.013053387,0.05845809,-0.02263268,0.0088650165,-0.009123398,-0.01378876,0.008656444,-0.00683003,-0.00016373699,-0.038642004,-0.05210791,1.0091689,0.9901524,56173.12,152.74979,404.0464,543.1776,-2.8763828,557.3825,0.0004010194,100.12942,-12790.124,MIRAI-GREIP_FLOOD
0.26609802,45.696045,65.88584,2561.0884,-0.0043895375,-0.0015380975,-0.0012433878,0.020177215,-0.03824486,0.026450166,0.0136963725,-0.08214331,0.14693925,0.08414804,-0.031560317,0.002571689,-0.0029761882,0.0026752427,0.011204943,-0.005800803,-0.000745696,-0.027079802,-0.009808123,0.17376427,0.01403963,0.04759209,-0.06975265,-0.046291642,1.0059937,0.98732257,51949.227,57.14635,494.60654,500.44275,69.56926,536.1749,0.0005798503,95.29831,3175.3367,MIRAI-GREIP_FLOOD
0.700119,45.253304,65.49391,2880.08,0.004814174,-0.0006645173,-0.027485944,-0.006339151,-0.044886537,-0.018590413,0.016983803,-0.123119235,0.28349432,0.06244842,-0.10624171,-0.08090273,-0.012497212,0.015529572,0.059479706,-0.0141956825,-0.0071275625,-0.008620256,0.015635252,0.028770607,-0.0056695836,0.022912135,-0.024436342,-0.02398378,0.9724078,0.9683024,52868.496,145.55688,491.17523,525.339,13.490562,555.7384,0.000506866,103.06416,-7314.774,MIRAI-GREIP_FLOOD
1.476532,45.801624,64.02565,1709.9514,0.018285243,0.04506073,-0.008982854,0.0015902981,-0.0035882555,0.00955301,-0.0046433182,0.5193241,0.99025834,0.10826385,-0.115901336,0.025463287,0.008792664,0.019066552,0.024190953,0.0044471305,0.011880001,-0.0029568654,0.06299609,0.0007679165,-0.010899595,0.012063146,-0.033998575,-0.022819312,0.9864286,0.9991171,52196.996,57.993114,444.42508,500.9652,37.23622,532.5442,0.00043650783,100.13385,-2570.1194,MIRAI-GREIP_FLOOD
1.4758854,45.377556,64.22626,5885.075,-0.011157532,0.0032876811,-0.010375196,-0.006070258,0.01747404,-0.034838434,0.0014834618,-1.7889619,-0.21082556,0.016411819,0.102559656,-0.014775416,0.0079341745,-0.044594944,0.028734503,-0.039047334,0.02892417,-0.04518243,0.037054956,0.014282268,-0.045970265,0.05467069,-0.038292374,-0.03830456,0.9748072,0.983755,55602.04,131.71991,450.5003,536.85895,34.117596,553.8583,0.00026385975,97.23118,-3055.0996,MIRAI-GREIP_FLOOD
0.6012211,46.935635,77.08048,-38.648926,-0.044204347,0.0077387267,-0.043606788,-0.009224858,-0.036526427,-0.0001976249,-0.0038576568,-1.8957231,0.5601722,-0.012699905,-0.07148424,-0.0384786,-0.008505032,0.03490289,0.03527047,-0.008826315,0.023562953,0.0046422286,0.0013409257,0.03966078,0.026251297,0.024380459,-0.05385603,-0.04700622,0.9878531,0.9835671,51416.438,134.15407,469.61362,528.55457,-3.6409607,523.85724,0.0005107004,100.50812,-18263.275,MIRAI-GREIP_FLOOD
2.1818905,45.51906,64.44923,393.98047,0.009633451,-0.003470522,0.007983818,-0.01686067,0.04773037,-0.021577049,0.04603549,-0.5942576,-0.27460212,-0.0049671903,-0.025563896,0.04918851,-0.029762778,-0.016285239,0.02791269,0.0067880237,0.011221901,-0.012556956,0.09902072,-0.05043288,0.00467584,0.0254084,-0.069759175,-0.06572529,1.0103159,0.96582735,54368.44,65.68532,360.9231,489.75513,19.139534,495.71204,0.0004937954,103.49127,-15480.344,MIRAI-GREIP_FLOOD
-0.182724,45.82573,66.44203,2415.544,-0.016250886,0.0024840075,-0.046428107,0.0015973911,-0.04490401,-0.014290549,-0.014162437,-2.7511656,0.1870445,-0.080726236,-0.052529916,-0.0430865,-0.0061237956,0.006395285,0.063749954,-0.06649258,0.0037548179,-0.032113533,0.018325388,0.04442571,-0.013756287,-0.019622149,-0.055031247,-0.029221259,1.0372306,0.9806282,56509.61,172.48941,552.76416,548.1058,7.177099,569.99194,0.0003941845,97.40178,-9984.328,MIRAI-GREIP_FLOOD
1.1197643,46.341167,65.046844,4469.852,0.009179943,0.0015605759,0.00034813536,0.0036197824,0.038837373,0.00087326916,0.023806917,0.58758694,-0.06913439,0.028815938,-0.08405189,-0.031826064,4.7991052e-05,0.0076732035,0.023147982,0.0014760997,-0.0065533165,-0.025122872,0.024088144,-0.02705252,0.010383105,0.011263782,-0.026729606,0.019807175,0.99330246,0.97239846,56673.133,77.468414,529.26996,518.79834,46.307365,529.08826,0.00032694265,104.15996,-6013.4688,MIRAI-GREIP_FLOOD
-1.1227417,48.568676,63.24576,2461.9507,-0.05525329,0.021026863,-0.038330585,-0.0068007633,-0.09497059,-0.04468531,0.023258457,-1.9262807,0.3758687,-0.0048479997,-0.1303449,-0.13866319,0.090581805,-0.041278496,0.023898382,-0.007630684,0.00078428537,-0.05701138,-0.011431277,-0.0014509186,-0.06090311,-0.0185111,-0.0045583304,0.0048364047,1.0574739,1.0176479,58481.402,179.56364,643.6492,619.4473,-8.089676,648.25604,0.00049083546,102.67433,8842.336,MIRAI-GREIP_FLOOD
0.61815643,47.369175,65.480064,1729.0542,-0.011694728,0.0018391606,-0.026551468,0.0009378753,-0.014577631,-0.0045012385,0.0073192054,-0.0824759,0.3116532,0.020610254,-0.06290856,-0.05986039,0.059108686,0.031250477,0.014737777,-0.0137547385,0.012525436,-0.0049730856,-0.018158197,0.04048988,-0.0068931384,0.02114233,-0.019964695,-0.02541073,1.001698,0.99702823,54155.855,68.33088,557.15857,538.0626,81.09704,530.4141,0.0006165558,101.49829,6949.547,MIRAI-GREIP_FLOOD
1.2316036,48.545937,64.638824,3673.6814,0.044347662,0.0028790848,0.007953298,-0.0055191102,0.054715738,0.026256114,0.015040545,0.67830086,0.368166,0.117777795,-0.13121286,0.025786404,-0.0041917614,0.029557662,0.0429618,0.00096770935,-0.004769119,0.0079413075,0.028879225,-0.1095989,-0.013725378,0.041737776,-0.04822156,-0.033298373,0.9753993,0.99035335,59448.41,57.683445,509.14886,585.814,49.102905,586.9452,0.00032625435,105.64212,11959.349,MIRAI-GREIP_FLOOD
-1.9738998,47.03685,64.77584,2857.3982,-0.019208904,-0.003375106,-0.016726438,-0.0038054592,-0.07121075,0.017667156,-0.003692808,-5.037516,0.16083592,0.0035473518,-0.10308935,-0.10298278,-0.0205607,-0.009094876,0.013853677,-0.0493048,0.015771618,0.008169933,-0.05173546,0.1080199,0.040143874,0.008135756,-0.06912314,-0.046076708,0.9712338,0.96081465,53489.31,143.37698,430.8545,519.5751,14.561218,560.8137,0.00021409568,96.49474,-9462.113,MIRAI-GREIP_FLOOD
1.0358753,45.701035,66.920334,1678.8013,-0.013063194,0.008484465,-0.024295464,0.0018651368,-0.029855547,-0.029853659,0.04569617,-1.2446427,-0.07344707,-0.004849648,-0.07803134,-0.03549157,-0.0041387784,-0.026579805,0.04286244,-0.040518753,-0.025630107,-0.056129653,0.04174757,0.018411778,0.01700853,0.027177311,-0.07995202,-0.077943295,0.9903057,1.0006448,55980.152,172.33054,479.57886,532.5014,-4.67453,565.1317,0.0008084398,99.816216,-10536.905,MIRAI-GREIP_FLOOD
1.193922,41.969337,63.155518,2779.1099,-0.022753384,0.014772329,0.012005215,0.019151002,0.008863289,-0.0003270764,0.023341484,-0.96167505,0.79712003,-0.097708546,-0.072576776,0.024790904,-0.017587109,-0.009134672,0.0074295183,0.034485623,-0.018675247,-0.011520729,0.08546555,0.024472082,-0.011121707,0.027898535,-0.010195476,-0.04475531,0.98129123,0.966251,53862.605,79.007904,545.9427,539.3426,68.432785,565.1984,0.00032462255,96.590294,1700.1248,MIRAI-GREIP_FLOOD
-0.768734,45.79431,63.091656,19377.75,-0.0031161588,0.0027093648,0.014374072,0.0012713111,-0.05812528,0.023406964,0.008880195,-3.1765442,-0.021045802,0.0007236749,0.030938538,-0.13237673,-0.0032390722,-0.025763577,0.04253095,-0.007039602,-0.009662685,0.0068379054,-0.009524703,0.042940598,-0.013282768,0.014804593,-0.03318364,-0.046582527,1.0122358,0.9730005,55014.56,172.49324,400.40125,519.0295,10.162485,527.8677,0.00046714046,95.82847,1070.061,MIRAI-GREIP_FLOOD
1.3194904,46.995102,74.402534,-510.7373,0.04010117,0.014583768,-0.019445905,-0.0077022696,0.013251167,-0.0059329397,-0.036377396,2.6719193,1.5367137,0.5990303,-0.007595848,0.0038048578,0.016741209,0.02742939,0.018701056,-0.010674185,-0.017861845,-0.01688827,0.0032089353,0.07636718,0.012833076,0.030002845,-0.07618177,-0.01531568,0.9754181,0.9952133,48895.785,56.002567,520.5775,520.54315,66.38968,521.87274,0.0027739415,99.88824,6001.0845,MIRAI-GREIP_FLOOD
0.1754551,47.721233,64.479385,4752.1997,-0.015184326,-0.0075141178,-0.0037415302,-0.012518274,-0.07178573,0.028819025,0.016402548,-4.8486824,0.20172633,0.0327262,-0.07322378,-0.1002077,-0.005836863,-0.008477451,0.037134435,-0.025444828,-0.015721567,0.0167279,-0.013623059,0.06968419,0.006589745,0.00174677,-0.032390058,-0.051390752,0.96990037,0.9514752,51632.367,155.59521,263.48367,488.5907,-20.388252,523.3106,0.0005442698,97.52525,-19553.164,MIRAI-GREIP_FLOOD
-1.114851,48.202396,63.00197,5750.4883,-0.011228061,0.011972072,-0.0034159794,-0.021451334,-0.015619038,-0.015600695,0.0064055366,-1.342411,0.19794816,0.05997185,-0.06644588,-0.066442356,0.0039513265,-0.0069271913,0.041252933,0.003941986,-0.05645426,-0.034732975,0.017104328,-0.053286426,-0.04510992,-0.03514621,-0.009076171,0.009564286,1.0373597,1.0133685,57250.62,178.46596,503.86627,541.4365,7.38239,566.469,0.000376779,104.0578,17104.115,MIRAI-GREIP_FLOOD
-1.9253521,47.235744,65.163956,2737.3013,-0.012978304,0.005060584,-0.028344594,-0.00036386214,-0.08716061,-0.010097232,-0.0053776056,-2.4956586,0.1631595,-0.0177924,-0.068940096,-0.09950513,0.009537174,-0.006405576,0.06903905,-0.02247803,0.010676113,-0.03972875,-0.05719596,0.07894192,0.013000886,0.012065699,-0.048422832,-0.037212748,1.0257834,1.0127481,58366.867,171.23444,631.68994,576.1048,24.626385,604.2946,0.00036046113,99.93505,-4626.769,MIRAI-GREIP_FLOOD
4.8608503,41.995434,67.93163,1280.3945,-0.039960217,0.025138779,-0.034488473,-0.0114321895,0.15175064,-0.035103187,-0.008322104,13.867132,1.1092912,-0.018579135,0.119645774,-0.018582422,0.006412338,0.01720928,0.037378382,-0.0015009753,-0.0184705,-0.07280075,0.12300992,-0.019656567,0.021870598,0.03202402,-0.06124048,-0.05490791,0.9824054,1.0238329,52138.695,152.78442,687.6342,529.3291,79.314705,540.2799,0.0006400256,95.94713,10634.666,MIRAI-GREIP_FLOOD
-0.34080887,45.204365,63.826878,5171.9375,-0.029327523,0.009536087,-0.022223108,-0.004427556,-0.052107535,-0.005088941,-0.009587632,-1.998204,0.15362358,-0.08001028,0.023354793,-0.057621434,-0.0056730076,-0.01801392,0.03638822,-0.036183767,0.0027983077,-0.020025115,-0.0020945668,0.02029486,-0.0028234744,0.015108162,-0.009795566,-0.035574578,1.034471,1.0137665,57041.547,171.65263,528.2447,536.7245,9.967146,551.2998,0.00042606844,99.40071,-2314.038,MIRAI-GREIP_FLOOD
1.2590752,46.330624,62.575665,2736.0884,0.010967282,-0.0038340532,0.001934378,-0.010461025,0.042159848,0.05073303,0.025875187,1.880355,0.22604427,0.123737454,-0.011681932,0.0008027628,-0.0016831249,-0.013105504,0.009928615,-0.014728343,-0.013728873,0.008035166,0.079102576,-0.06633693,-0.0074825594,0.062194463,-0.034942027,-0.06677965,0.9806119,0.95045614,54594.223,57.699867,513.9494,556.7431,82.1035,524.2657,0.0012462399,103.16031,6560.668,MIRAI-GREIP_FLOOD
0.06489372,48.767834,64.07748,3767.122,0.009882328,0.00440684,-0.0047397986,-0.0058114403,-0.02355312,1.5120022e-05,0.025030784,-3.180132,-0.00870496,0.063594535,-0.11375183,0.0046032714,-0.010510831,-0.017893389,0.06797277,-0.011409283,-0.04775539,-0.03628896,0.017010927,-0.03676886,-0.0044659176,-0.021525465,-0.033125184,-0.029292999,1.0168316,0.999404,57778.156,177.26599,482.6997,524.70215,-12.681118,558.18933,0.00034291256,101.84213,1170.7375,MIRAI-GREIP_FLOOD
1.131525,44.5513,63.162865,3600.5547,0.004901793,0.005467446,0.0012088032,-0.006733569,-0.0067204814,-0.0123847015,0.024015877,-2.680083,0.19630855,0.01158269,-0.019482294,-0.043374225,-0.0024068363,-0.014887026,0.061325427,0.011774734,-0.018605743,-0.019700434,0.041353643,-0.018355306,-0.009814222,0.037626117,-0.019412505,-0.038805816,0.97612643,0.9775059,56235.76,148.99612,443.52777,521.8166,16.87667,540.47266,0.00040707696,98.3391,-5251.451,MIRAI-GREIP_FLOOD
-2.3022137,48.36354,63.027058,12271.242,0.0012670644,0.0061134095,0.018314132,0.0022902312,-0.053075418,0.028782219,0.013149839,-2.744492,0.060121894,0.15069488,-0.0672349,-0.06305513,-0.015014092,-0.025023343,0.04412038,-0.060738012,-0.043058567,-0.008744066,0.029676616,-0.016489398,-0.046625085,-0.0010498322,0.010703601,-0.0033339206,1.0014708,0.9996983,58475.04,175.5843,434.7868,502.5943,8.781587,529.1912,0.00023927965,100.86428,11655.441,MIRAI-GREIP_FLOOD
0.3608532,47.94488,62.294823,15707.652,0.0361047,0.0053046294,0.023654012,-0.014811839,0.064315215,0.026998287,0.015012741,-0.40433598,0.06948278,0.039251134,-0.04180269,0.031701908,-0.022362238,-0.02243385,0.030185219,-0.017378079,-0.011200564,-0.0077969297,0.047338545,-0.08784598,-0.0020664278,0.03131539,-0.041796938,-0.061684035,0.9819213,0.96504694,57404.645,57.75086,535.6638,577.03406,50.692913,581.8381,0.0002251713,102.92734,-10821.063,MIRAI-GREIP_FLOOD
-0.012962341,45.400227,60.10462,4357.5923,-0.015262045,0.06524417,0.066438295,-0.016330868,-0.024064528,0.010204963,0.046718918,-2.7115254,0.45595556,0.08031362,0.581044,-0.052599996,-0.008588479,-0.029045383,0.07889531,-0.021322396,0.0063165557,0.043423623,0.042855144,-0.020078205,-0.0013394188,0.02436518,-0.0013051135,-0.06884338,0.9483316,0.94996756,52769.676,145.53334,371.2342,449.65662,12.2230835,484.32736,0.0007158458,97.00025,777.6968,MIRAI-GREIP_FLOOD
3.7587852,44.8944,63.08706,12730.939,-0.028580204,0.023097841,-0.018133974,-0.0027448314,0.02790646,0.037022423,0.028281454,-0.2626214,0.23375319,-0.08302827,-0.075960726,-0.03188129,0.21519008,0.014015155,0.009052385,0.037259344,-0.009974969,-0.017148888,0.09446442,-0.044213608,-0.020049866,0.006180457,-0.00611851,0.03926176,0.9555468,0.91299045,53289.926,97.24344,448.60577,522.73956,44.53309,499.25546,-0.000478865,93.81551,-13759.86,MIRAI-GREIP_FLOOD
-2.0146027,47.604477,63.20225,2545.1223,-0.037070498,0.009958256,-0.0040679285,-0.003945964,-0.08480801,-0.027648117,0.015321272,-3.4173698,0.117499046,0.057603575,-0.029426904,-0.08992393,-0.006601264,-0.03307679,0.011612965,-0.07098405,-0.00661402,-0.015928136,-0.006935954,0.061551843,-0.02106129,-0.035274427,-0.0079908585,-0.04772306,1.0506632,1.0186121,57124.65,179.06424,679.4291,574.4376,33.71098,630.15375,0.00043375598,101.797585,12447.795,MIRAI-GREIP_FLOOD
0.7227173,42.886234,63.659863,3193.9922,-0.007998235,0.002241387,0.034490213,-0.013401835,0.0031851856,-0.009753627,0.020034544,-1.9480453,-0.16116986,0.01354262,0.012491326,-0.024088377,-0.0007836371,-0.0012784917,0.008598062,0.025113318,0.00940503,-0.023637738,0.050760984,0.04501533,-0.016956424,0.010810073,-0.01768133,-0.017369058,0.9789127,0.9600682,53481.656,84.87346,455.0101,501.34546,26.23093,495.11072,0.0002504253,97.882744,-11284.507,MIRAI-GREIP_FLOOD
-0.73202324,45.71596,64.67755,1235.8679,-0.010840678,-0.0087148035,-0.032290585,0.04739135,-0.041957088,-0.03428835,0.004351393,-2.3248887,-0.35499454,0.00537904,0.04683504,-0.107319176,0.053848494,-0.028385963,0.023399023,-0.039109826,0.016574726,-0.016647171,0.00594908,0.06565297,-0.0046620006,0.03881675,-0.04457283,-0.01807135,0.9896995,1.0084814,54477.535,164.2266,527.1858,547.5631,8.970291,592.56683,0.0009076411,98.31721,-10338.049,MIRAI-GREIP_FLOOD
0.5729408,45.969486,63.370712,3073.7734,-0.05734181,0.0021772003,-0.029134303,-0.012308999,-0.040894747,-0.055191334,-0.00015942613,-1.7735035,0.3686823,-0.041487735,-0.1189315,-0.15511772,0.26350585,-0.030717272,0.060220137,-0.05510384,-0.006207763,-0.019217102,0.08510625,0.005394648,-0.035589885,0.0024074153,-0.031332556,-0.0017776527,1.0263374,1.0056376,54303.273,174.63528,508.2622,577.078,3.2767172,601.2841,0.00055895146,100.84534,1880.2341,MIRAI-GREIP_FLOOD
-0.085445404,45.737103,65.81605,971.2593,-0.03188409,0.068003446,-0.03200606,0.017133912,-0.060557604,0.040737186,0.01946682,1.0433619,2.45638,-0.02513317,-0.04068166,-0.025596857,0.014777509,0.018515972,0.030879619,-0.00018243678,-0.0023243623,0.029361129,0.019545197,0.03649911,0.016626246,-0.020433776,0.01574094,-0.0229281,1.0156462,0.98460245,55852.824,69.25939,647.522,526.9588,109.76905,559.3602,0.00070203835,100.163475,16845.863,MIRAI-GREIP_FLOOD
0.025278091,46.127777,64.47165,8471.865,0.040457305,0.0049360925,-0.010325844,0.0009822397,-0.04732272,0.008021011,0.013731627,-3.5096269,0.021130962,0.018622143,-0.096862644,-0.030165082,-0.0142261805,-0.009317318,0.07156232,0.0038828282,-0.013013005,0.0038557127,-0.0065339208,0.004876568,0.0037672184,0.020908566,-0.009457547,-0.0045030285,0.99011874,0.96399164,53647.25,139.53569,503.41583,505.20975,0.0048732758,520.09125,0.000107264976,97.96214,-2925.2793,MIRAI-GREIP_FLOOD
3.1982117,42.881927,62.40902,165.91211,0.0005446654,0.09154893,-0.0031573814,-0.014684732,0.052682534,0.00010729011,0.0071839495,2.7654095,5.4592714,0.06846571,0.46180725,0.019382773,0.08977335,0.013800029,0.020912848,0.0070480113,0.000704797,0.01658913,0.14876544,-0.055531677,-0.003478378,0.0009893242,0.006243051,-0.03326546,0.9763697,0.9872671,48883.188,59.196053,593.44714,469.86746,95.63837,479.49463,0.0009689217,99.151535,20417.646,MIRAI-GREIP_FLOOD
4.967415,45.800247,65.52311,3984.8853,-0.030070726,0.021191329,-0.026121361,0.031181766,0.15782881,0.0018600404,-0.055305034,21.196611,0.8320802,0.11580586,0.019328123,-0.068664804,0.36709502,0.008504702,-0.019498326,-0.02518097,-0.06478983,-0.054320138,0.13704818,-0.03411133,8.3635096e-05,0.020618517,-0.0565316,0.036657754,0.9841308,0.96251816,52829.832,70.974625,747.7135,504.86255,140.73593,488.48495,0.002116576,105.57141,15331.734,MIRAI-GREIP_FLOOD
-0.9328098,46.72042,62.156967,10959.727,-0.024817975,0.0049393186,0.022437666,-0.002874354,-0.053383358,-0.006895,0.027955506,-2.8792827,-0.07901755,-0.0023088045,-0.1219569,-0.054967687,-0.0116544925,-0.049628675,0.051254824,-0.026605984,-0.004051309,-0.005073766,0.007566929,0.004315864,-0.02620064,0.0076816673,-0.026812676,-0.031350844,1.0076514,0.98598325,56153.59,174.5182,409.82733,545.3073,-15.847469,576.1603,1.6824924e-05,98.21938,-7358.984,MIRAI-GREIP_FLOOD
2.3434372,45.281128,64.76473,2402.418,0.017063994,0.008241849,-0.030520985,-0.0096337935,0.024407463,-0.024221666,-0.015761508,1.997729,-0.16588451,0.24695754,-0.021271829,-0.0059347693,-0.009730316,-0.015179581,0.023164108,-0.049545683,-0.009925008,-0.041509416,0.068635345,-0.006794793,-0.0028291205,0.019906662,-0.036851387,-0.029057318,1.0192654,1.0375087,53946.105,174.54639,465.40924,520.355,-3.5605145,531.4425,0.0003106636,99.05429,-9053.185,MIRAI-GREIP_FLOOD
-2.4028244,50.165676,65.92822,-554.9863,-0.018763034,-0.0063694166,-0.030596612,0.050751068,-0.09330986,-0.028337229,-0.011726653,-3.2417908,0.26326552,0.016251631,-0.05415436,-0.08990425,0.010101776,-0.011935652,0.07157196,-0.056853477,0.005318043,-0.030278198,-0.041105866,0.030178744,0.025599528,0.03495021,-0.057978183,-0.03471859,0.98327786,0.9603153,57676.24,141.78922,603.223,554.18427,38.603546,618.25574,0.0030847061,100.95254,-3339.0996,MIRAI-GREIP_FLOOD
0.7150974,47.174553,63.51604,7392.4004,-0.019004479,-0.007475114,-0.027661335,-0.00027143396,-0.030357132,0.007851059,0.0074037067,-1.2662735,-0.18131287,0.07848357,0.0023176335,-0.045823127,0.092925966,-0.00080152415,0.018629396,-0.016256493,0.002431171,-0.03090306,0.026134431,0.034210782,-0.024017787,0.022192942,-0.016601767,0.013081187,1.0053582,0.9597341,57451.305,65.50016,557.72327,561.39404,90.636604,556.02893,0.00032766408,99.10523,5862.023,MIRAI-GREIP_FLOOD
-0.4605446,45.65699,64.99798,1246.7339,-0.027912883,0.02038609,-0.04205944,-0.012003644,-0.02666117,-0.037039395,0.0065024244,-0.3045925,0.5366587,-0.0015094131,-0.09767796,-0.08368779,-0.007653372,0.015164668,0.049931314,-0.009328475,-0.013039354,-0.029352969,-0.0002618432,0.013412979,-0.023372866,-0.009098711,-0.0082272515,-0.029992681,0.9891591,1.0123073,56399.836,175.15186,575.8777,542.2525,17.199049,568.5615,0.000519663,100.48403,5812.944,MIRAI-GREIP_FLOOD
2.2099228,43.935547,64.630714,2975.9404,-0.012444909,0.010754005,-0.009429677,-0.0028847565,0.013582515,0.004005634,0.028948423,-0.2069366,0.64067054,-0.03586549,-0.07043124,0.0053722644,-0.015366782,0.024157038,0.021036524,0.0063845655,-0.026720509,-0.013323735,0.048915923,-0.011094867,0.014357621,0.011786077,-0.014474431,-0.04415767,0.9961941,0.9719266,53747.695,80.8017,498.34555,531.11847,64.70143,539.64575,0.00019163641,99.70738,444.9298,MIRAI-GREIP_FLOOD
1.3955536,45.021347,64.56784,5865.662,0.0106090205,0.0041154493,-0.020935982,0.004387053,0.028114112,0.012697029,0.028856855,0.022227108,0.58925444,0.1835969,-0.059774697,-0.0010796776,0.0075806673,0.014171608,0.037217937,0.016613698,-0.02810739,0.025146259,0.06687838,-0.0025830565,0.0010869489,0.006686644,2.9834919e-05,-0.053054918,0.9720853,0.9512883,53384.42,79.3472,423.8745,533.64343,53.241535,535.05634,0.00026090114,100.23683,-981.7906,MIRAI-GREIP_FLOOD
0.3150425,47.42711,64.70203,4754.646,-0.0068615656,0.005119331,-0.020558676,0.009441913,-0.011837605,0.001230684,0.0049407687,-1.9439893,-0.12298411,0.029498467,0.01995086,-0.0019893982,-3.678538e-05,-0.037491683,0.044588838,-0.037561808,-0.0030799815,-0.015993604,0.019937277,-0.02238577,0.007230455,0.009430331,-0.04878087,-0.041988973,1.0251987,0.99938875,58032.465,165.08824,438.9264,536.2479,-12.592569,552.3933,0.00026466334,99.06547,-15078.008,MIRAI-GREIP_FLOOD
-0.002111435,44.178215,64.42187,3802.2334,-0.003829291,0.0059087253,-0.006019103,0.006841784,-0.02386718,-0.014876501,0.011622441,-1.3321652,-0.100043505,0.09498381,-0.02062102,-0.033632897,-0.01190919,-0.015316765,-0.017019171,0.014338626,0.032349113,-0.013193253,0.038352072,0.10472469,-0.03953937,0.050106496,-0.0075114234,0.005602557,0.94802743,0.97916204,55427.633,81.426285,431.57828,535.30615,36.05928,539.1756,0.00042069907,97.671875,-11663.664,MIRAI-GREIP_FLOOD
0.12628937,46.15494,64.40866,879.55225,0.004728781,0.017200492,0.0018891715,0.0036458408,-0.046199083,-0.0312158,-0.0046214717,-0.4305712,1.1601043,0.05653605,-0.11609158,-0.044298653,0.010073403,0.044170827,0.048840005,0.023275392,-0.014074754,-0.019008482,-0.012306929,0.04023052,-0.006180004,0.023166118,-0.0274796,-0.04221099,0.9491604,0.985104,53379.965,87.95326,608.8362,504.02124,65.339745,525.9237,0.002949095,100.92627,6808.2217,MIRAI-GREIP_FLOOD
-1.7165394,49.451977,63.89006,5965.8545,-0.04810311,-0.0047150054,-0.016198814,-0.0034148027,-0.102214225,-0.009692114,0.026624834,-3.6530275,-0.08983217,0.039326273,-0.11357606,-0.029983437,-0.00632929,-0.033869855,0.03440754,-0.040856183,0.005038823,-0.0036777463,0.0045742393,0.02140616,-0.03448276,-0.014126096,-0.025826607,-0.016884465,1.0251325,0.9901738,57256.08,176.58841,428.7222,540.8973,-20.787079,564.2986,0.00039197024,103.4029,-8828.026,MIRAI-GREIP_FLOOD
0.9596977,47.233177,69.19971,803.88086,0.038387388,0.010291355,-0.010805707,0.0011665093,-0.0016319836,-0.017427525,0.0017390121,1.0348942,0.59171575,0.60567075,-0.06511114,-0.0054993527,0.019745613,0.038212422,0.02033737,0.025966614,-0.021033637,-0.0043204194,0.021865487,0.008822339,0.013813797,0.0049547176,-0.03332634,-0.018353224,0.972262,0.9768941,52383.16,78.35344,465.83615,517.39233,25.370401,518.89624,0.0030571842,103.1214,-16597.414,MIRAI-GREIP_FLOOD
-2.207491,46.984,62.775974,1676.302,-0.04579484,0.02079297,-0.006282069,-0.0075737718,-0.094106585,0.016933776,0.030294852,-0.754534,0.32817987,0.007775239,-0.11804669,-0.11621952,-0.0031547335,-0.028183427,0.035296932,0.008504995,-0.021450374,-0.008367928,-0.06773877,0.047963973,-0.0079871975,0.030418668,0.0058660936,-0.032643795,0.9842153,1.00524,57063.9,175.33069,578.4331,553.0883,29.203918,597.96466,0.00041829734,97.719475,424.32767,MIRAI-GREIP_FLOOD
2.941536,44.49486,64.16334,-189.56006,0.008136247,0.029632682,0.0027539534,-0.00020688027,0.058519915,-0.00096846547,0.009784113,2.1151018,3.2303529,0.07839601,-0.10171313,0.027249195,0.0061911303,0.02267818,0.02454706,0.018994387,-0.0212341,-0.024895051,0.08270687,-0.017275793,0.020163206,0.06770518,-0.038030468,-0.07004321,0.9781527,0.9751563,51026.58,58.772865,533.61224,511.77478,83.225624,536.2612,0.002052501,100.68289,14530.901,MIRAI-GREIP_FLOOD
3.300167,44.856808,64.4866,3534.2598,0.017170828,0.010128687,0.0014493614,0.01652621,0.09066941,-0.022962175,0.0252251,4.044243,0.48680916,0.10290076,-0.118585795,0.0036475714,0.0055223936,0.038044233,0.025113143,-0.000601667,0.0104451915,-0.03794453,0.10582769,-0.0559352,-0.016269827,0.027237065,-0.027289715,-0.0034024473,0.9676748,0.9833854,53790.86,68.958466,600.59216,513.45074,72.018234,528.93756,0.00053708255,104.89451,7134.5283,MIRAI-GREIP_FLOOD
-2.0083332,46.65506,59.999306,2274.2322,-0.03847546,0.018655408,0.0014430308,0.05344775,-0.09226314,-0.0060829343,0.029885884,-2.5142286,0.32213363,-0.065013364,-0.0808904,-0.06900503,-0.006288405,0.016104897,0.043474432,-0.021896325,-0.00046372414,0.022114437,-0.024524868,0.02954912,-0.011158018,0.052473024,-0.0056497054,-0.023052944,0.96278715,0.9384383,55131.52,86.26921,572.97363,529.6388,79.2496,558.69775,0.000509414,101.253914,493.74225,MIRAI-GREIP_FLOOD
2.0141068,43.669407,64.464935,2991.401,-0.0103516495,-0.0029942484,0.0034911325,-0.008828349,0.008968523,-0.019241232,0.02580332,-2.2474449,0.046702005,0.08417346,-0.023681901,-0.031199034,-0.0076895314,-0.0034209061,0.06441933,-0.009205215,-0.020569487,-0.027768832,0.06889713,-0.0030696874,-0.019447101,0.0070868237,-0.03173011,-0.039361414,0.983858,0.9603961,52722.215,156.55495,393.45334,498.39294,9.779139,511.80905,0.0003648752,95.90345,-7838.552,MIRAI-GREIP_FLOOD
3.4746456,43.580257,81.25613,-423.80713,0.026311174,0.026541365,0.01115095,0.013701865,0.0771129,-0.004658606,0.0050281477,7.2732873,2.1670103,1.2995036,0.52783465,0.071268946,0.02834954,0.014416136,-0.002995166,-0.008765542,-0.0107999,-0.052706257,0.11209208,0.021627005,-0.016675789,0.030254284,-0.020340273,-0.030809514,1.0270253,1.0069066,47764.94,58.152153,713.6206,513.3394,119.25855,506.46237,0.0009434819,98.871216,23121.65,MIRAI-GREIP_FLOOD
1.2366905,45.666367,64.02229,3284.6162,0.00025830232,0.0022142893,0.012230031,0.009187672,-0.0182511,0.026288867,0.012180762,-2.459465,0.16729318,0.030702889,-0.08781892,-0.047662623,-0.012504081,0.015314921,0.040879138,0.017091539,-0.018454902,-0.01045308,0.024062097,0.0008337759,0.0017142552,0.013475485,-0.03139149,-0.037770666,0.9605496,0.9598263,52649.266,132.88847,389.7193,514.9572,4.1874533,531.2868,0.0002983135,99.24317,-16248.306,MIRAI-GREIP_FLOOD
-1.8745594,46.42059,63.668137,882.6914,-0.012725824,0.009690776,-0.013973313,0.004325762,-0.097283885,0.00952045,0.02903091,-0.58830464,0.21876974,0.056406073,-0.03485829,-0.12929833,0.00976629,-0.017018784,0.034931272,0.0015690783,-0.035187792,-0.008062701,-0.038560033,0.05426695,0.0053145085,-0.01087204,-0.01880355,-0.05195944,0.99976146,1.0179856,56913.438,172.2151,602.22974,553.6615,39.898964,589.874,0.0005608669,97.75352,8352.618,MIRAI-GREIP_FLOOD
3.0309658,44.923695,63.6944,3328.351,-0.0056336634,0.05007874,-0.0077577126,-0.0071927668,0.038339566,-7.580675e-05,0.02766367,0.8264766,2.9286604,-0.021311205,-0.13400699,-0.008405572,-0.0044550505,0.031237964,0.042549998,0.032275185,-0.02702432,0.014249159,0.08629012,-0.10327532,-0.0057321517,0.011077345,-0.005534943,-0.051856827,0.9580687,0.97029775,54288.152,70.459656,467.43005,514.9198,43.122643,534.06104,0.00040612108,102.93977,4523.3022,MIRAI-GREIP_FLOOD
1.5470562,43.867798,64.00904,2319.8596,-0.009972983,0.009119846,-0.007044961,-0.011109377,0.0067914296,-0.0057373755,0.016747203,0.76383865,0.5401757,0.0035230815,-0.073210195,-0.021344775,-0.014660644,0.018232636,0.0424136,-0.0039129704,-0.00405167,-0.010084751,0.064225554,-0.03116945,-0.014642803,0.017335791,-0.0032612914,-0.00080504455,0.97635216,1.0017633,53163.766,155.80429,510.64,512.7949,19.283255,520.08545,0.00030763497,101.17002,-3120.7576,MIRAI-GREIP_FLOOD
1.1486111,43.665314,62.34573,2681.463,-0.02248413,0.009554378,-0.00021226937,0.010009288,-0.0010455893,0.018226441,0.028104922,-0.5782635,0.28670415,-0.015917528,-0.06951301,0.005867174,-0.004418163,0.013404928,0.014252692,0.014352912,-0.018717062,-0.01129636,0.057609975,-0.012117065,-0.010764541,0.0308197,0.018222932,-0.0336316,0.9877349,0.9644838,57204.652,74.27919,560.01416,556.7642,96.98927,579.9242,0.00041340443,99.19513,12796.577,MIRAI-GREIP_FLOOD
1.0961819,45.872486,64.543236,4686.9316,-0.011104028,0.0008507482,0.013158444,-0.000966981,0.005549263,-0.007946259,0.01934368,-1.1876235,0.10979617,0.012730564,-0.08065876,-0.02679291,-0.009060846,0.0005045673,0.015621166,0.0038014958,-0.014472382,-0.031021863,0.027284741,-0.00021580608,-0.006031771,0.034317616,-0.03327187,-0.010339961,0.99839264,0.9630943,56775.35,67.141365,436.12033,508.98047,25.735115,538.4916,0.00013190033,99.523056,-19221.906,MIRAI-GREIP_FLOOD
0.41984367,43.590275,62.928146,7850.834,-0.019271526,0.00877402,-0.00047177076,0.0115326885,-0.033830978,0.028280571,0.057911124,-2.960604,-0.038350213,0.021588923,-0.05134741,-0.024288699,-0.025946511,-0.036010474,0.018591305,-0.007508313,-0.034290485,-0.005142116,0.035075307,0.053383034,-0.018903086,0.00147391,0.0045433035,-0.06539734,0.9977553,1.0003816,54839.125,172.60968,448.3098,522.609,12.810207,531.8256,0.00021772279,94.484436,2276.512,MIRAI-GREIP_FLOOD
0.1235199,45.359066,64.43713,5220.414,-0.005845027,-0.006873473,-0.020139635,-0.0008465964,-0.06625168,-0.010906598,0.021075567,-3.367209,-0.16167769,-0.0038870052,-0.01589419,-0.074329734,-0.004152007,-0.026101293,0.059755538,-0.016550452,0.01673721,-0.013903505,-0.021580696,0.086501285,-0.012021913,0.009555619,-0.02587523,-0.040125094,1.0127294,0.98595405,53224.906,157.27617,392.02277,496.573,-12.373577,519.22394,0.00018590536,94.63362,-19803.18,MIRAI-GREIP_FLOOD
3.3043919,44.275032,64.571785,1708.4443,0.023396889,0.005822825,0.010607476,-0.004405406,0.053698845,-0.042055756,0.014176274,0.95710444,0.023312343,0.10693855,-0.053616967,-0.0028780242,0.0071292906,0.009043402,0.005558827,-0.005472931,-0.004630368,-0.033599928,0.11926764,-0.011608184,-0.025016889,0.012345201,-0.039785687,0.0027389824,0.9685981,0.97183484,50329.918,73.31377,328.62946,492.76535,32.658916,483.41788,0.0017313452,101.44107,-15539.573,MIRAI-GREIP_FLOOD
-0.6925659,45.291336,63.5281,4992.086,9.1828406e-05,-0.0010600461,-0.013951741,0.0010833441,-0.057442285,-0.014329435,0.009095798,-3.1985908,0.26773113,0.039361384,-0.07911667,-0.103211924,-0.0023418076,-0.016563993,0.05958946,-0.0062119123,0.022539161,0.0025694538,-0.031236708,0.03616619,-0.015830124,-0.00025212765,-0.010143257,-0.03825536,0.98657733,0.9568827,53451.207,121.977356,455.08795,524.07275,12.9704075,542.62354,0.00022069972,97.82439,-12071.693,MIRAI-GREIP_FLOOD
1.2623482,44.659775,63.983273,7520.5703,-0.009876228,0.016338596,-0.001672213,0.004833108,-0.008877531,0.001990648,0.041372735,-0.3688246,0.5369911,0.045972817,-0.051914264,-0.047557957,-0.00994009,-0.0115446225,0.059921503,0.011583338,-0.015114693,-0.032911647,0.029171228,-0.009658526,-0.022520153,0.019906657,0.009235026,-0.01457515,0.9766982,0.9806891,54337.008,158.4801,473.41962,507.7223,-0.6038265,538.0319,-0.00034806877,97.45184,-14423.895,MIRAI-GREIP_FLOOD
-2.0099773,47.014874,63.32339,4119.116,-0.0065620244,0.0047700056,-0.00063099666,0.0068631815,-0.12411123,0.0044782464,0.03352449,-1.2730603,0.07920806,0.01964071,-0.053070303,-0.1174898,-0.007251095,-0.026450202,0.05430313,-0.0120954905,-0.0037736678,-0.022447467,-0.0791139,0.07081926,-0.009872234,0.019472169,-0.006639231,-0.021877587,1.0020216,0.98396784,55561.145,167.90013,708.70526,545.90216,52.75888,574.2377,0.0002947646,97.566795,2202.2515,MIRAI-GREIP_FLOOD
-0.7065258,46.43913,63.333015,1718.3835,-0.049649086,0.010375705,-0.024464948,0.006129475,0.0016547637,-0.035703752,0.022407494,1.1990516,0.022711752,0.05447905,0.010906029,-0.05174295,-0.024566649,-0.008872309,0.044468418,-0.033192843,-0.059267506,-0.049002245,0.022560894,-0.04449741,-0.015350542,-0.012660586,-0.02975479,-0.025601428,1.0087111,1.0213625,60314.547,175.31992,527.7393,549.51276,-0.5455589,565.0158,0.00044769602,102.45472,-513.646,MIRAI-GREIP_FLOOD
3.3340225,41.477066,64.33601,2544.353,0.0006410293,0.007871743,-0.013616227,-0.0030344946,0.06849699,0.007720167,0.016233774,1.1594718,0.19861467,0.26316473,-0.05774408,0.01759433,0.00618291,0.018632406,0.0014882116,0.005034851,0.006210571,-0.019249203,0.10467762,-0.0023500954,-0.020392558,0.003222779,0.020314978,-0.028205244,0.99905133,1.0039709,54547.72,73.7751,600.1383,541.0278,99.70431,539.7082,0.0004527834,96.93198,16185.045,MIRAI-GREIP_FLOOD
-0.266325,47.46683,63.656914,2915.2683,-0.01932125,0.0053311125,-0.0022682105,-0.007762456,-0.037501983,-0.007107998,0.0014982233,-1.567761,0.36097705,-0.04499431,-0.109075345,-0.045775242,-0.0005211253,-0.009114341,0.07008016,-0.009366063,-0.01438777,-0.026717741,-0.0033299923,-0.018102398,-0.017229168,0.025637297,-0.004206216,-0.045995176,0.9663006,1.0011293,55042.848,171.12033,475.59515,515.8422,9.961406,562.28326,0.00046691677,102.36575,-1005.7426,MIRAI-GREIP_FLOOD
1.6153164,44.553967,81.47971,2253.7458,-0.02200407,0.011256434,0.008273832,-0.00064829737,0.054344133,-0.041281186,0.008416943,3.9040692,0.75868136,0.0461606,0.117463626,-0.034376286,0.018310985,0.014589654,0.03859327,-0.0040548947,0.018747685,-0.031732205,0.06699759,-0.015958726,-0.0070991945,0.023802837,-0.013224373,-0.037048288,0.98795927,0.98626053,52779.258,117.353874,603.3075,531.6517,76.10806,547.12256,0.0008797644,101.75095,4840.5425,MIRAI-GREIP_FLOOD
-1.6957836,47.484493,61.96426,10758.21,-0.015892578,-0.0034443405,0.0001550233,-0.0005236715,-0.0974068,0.021412356,0.02568582,-2.1005805,-0.10405324,-0.025583137,-0.07177216,-0.105819836,-0.011910974,-0.020271156,0.04685663,0.00931275,-0.004988543,0.005345801,-0.033746123,0.04175311,-0.009850339,0.039198812,-0.024661094,-0.048052005,0.97570306,0.941434,53816.957,126.53363,354.1171,512.3383,3.1528692,534.9256,0.00013044759,95.96355,-20983.24,MIRAI-GREIP_FLOOD
4.061695,44.28221,65.170845,4177.2104,-0.00010631047,0.006473224,-0.021392632,-0.004138741,0.099991,-0.010284308,0.014777536,2.0682497,-0.010991618,0.020519637,0.02323811,0.027514443,-0.0009845643,0.010987291,0.032246787,0.019191334,0.0043694163,-0.03454116,0.10470396,-0.046160378,-0.007848225,-0.013493826,-0.0069546187,0.0071862987,0.9971769,0.9624183,55352.312,78.33423,495.6157,512.3191,63.09971,511.46146,-2.9080067e-05,99.04035,-3264.3564,MIRAI-GREIP_FLOOD
-1.5647793,48.20137,64.22633,3281.6702,-0.04085362,0.0036332791,-0.007806713,-0.00083487475,-0.070076466,0.004031277,0.04898312,-1.7293103,0.056778975,0.07309821,-0.09083577,-0.084592625,0.00071012037,-0.02302175,0.054562405,-0.026012883,-0.00422108,-0.022755506,0.004329264,-0.0051063327,-0.022905298,-0.0017313263,-0.02158131,-0.0049187895,1.0020024,0.98251486,57652.49,174.45462,468.12552,535.0962,-0.4301796,572.27246,0.0003945937,104.36958,-8877.036,MIRAI-GREIP_FLOOD
0.66444206,47.69004,64.31755,5378.5356,0.0049084052,-0.006057784,-0.009916022,-0.023882015,0.015679158,-0.008604046,-0.009979026,-2.312704,-0.0442647,0.14823024,-6.5695494e-05,-0.04944172,-0.017973376,-0.0106840525,-0.0025616866,0.01240007,0.01709708,-0.028839272,0.030742347,0.016184086,-0.031637058,-0.030665005,-0.0026587537,-0.0022016373,1.010934,1.003813,57174.633,71.091835,295.4043,547.70483,-6.9717693,536.0451,0.00027723855,100.41902,-35653.965,MIRAI-GREIP_FLOOD
5.355052,43.089855,75.61047,2568.6665,-0.007827626,0.03891517,-0.018785253,0.050677247,0.14758469,-0.027914714,0.007928011,12.325009,2.6798468,0.0061986595,0.012984218,-0.05697853,0.11519094,0.041644454,0.045808665,0.024486037,-0.03163749,-0.027520455,0.16766596,-0.06668294,-0.005682714,0.009600324,-0.046714652,-0.015125124,0.9988537,0.99980295,48857.85,110.8176,571.66455,466.29065,40.27014,476.4919,0.0006369772,102.16009,-9345.862,MIRAI-GREIP_FLOOD
-0.6484394,46.543896,67.89119,-478.90625,-0.0343056,0.010190477,-0.018165367,-0.02372841,-0.024556583,0.01316311,-0.02989385,-2.7533345,0.35567346,0.08079837,-0.07718046,-0.117604546,-0.007268611,0.010805502,0.022346934,-0.017542625,-0.014099064,-0.033066627,-0.0076043606,0.030753708,0.024276653,-0.04245329,-0.037935868,-0.04268231,1.0217394,1.0208226,56665.555,171.7209,487.68958,568.7738,1.2904329,585.9243,0.0006015599,97.476105,-2079.698,MIRAI-GREIP_FLOOD
3.1156502,43.443897,66.86969,2059.7588,0.004824139,-0.004507225,-0.011327695,-0.015034238,0.041794233,0.010847827,-0.014956165,0.15643734,0.15970466,0.18512048,-0.044897255,-0.005189539,-0.0012825279,0.015164714,0.0039033126,0.012923621,-0.011542226,-0.0060018944,0.0778777,0.050042737,-0.019749803,-0.013555265,-0.026614178,-0.054410376,1.0106711,1.0065103,51772.035,71.92828,402.36322,511.63147,38.745804,500.37103,0.00040702487,97.49236,-4494.694,MIRAI-GREIP_FLOOD
1.3348961,44.022675,59.36157,3834.1182,-0.042622983,0.016213408,-0.030449461,-0.0019558996,-0.0011248114,0.023410529,0.0026648538,-0.8133409,0.065476984,-0.0899837,0.044924013,-0.042434108,0.00814341,-0.029259792,-0.019884992,0.01635466,0.01836915,-0.00092731323,0.08288121,-0.043178968,-0.055517793,0.046086702,0.022946466,-0.04363962,0.95650834,0.9585929,58763.83,69.91781,671.5506,594.5248,113.40663,548.8058,0.0005189018,99.75286,4796.828,MIRAI-GREIP_FLOOD
0.6269398,45.884304,64.29536,4033.513,0.0023521855,0.0070690596,0.0015453249,-0.011987321,0.002796012,-0.0082040485,0.027011454,-0.80964375,0.28312322,0.06815388,-0.105176434,-0.029973201,-0.00810145,0.010800421,0.032381766,0.017392179,-0.01519652,-0.003834893,0.020660698,0.0023286268,0.005050758,0.018102879,-0.0144649,-0.05329439,0.97684455,0.9672341,54452.445,85.782974,442.02457,499.2122,20.86921,521.47723,0.00028670524,100.61214,-11821.695,MIRAI-GREIP_FLOOD
2.6055698,42.519638,61.884193,14731.736,-0.01935352,-0.007616249,-0.0149870245,-0.00021677092,0.048823707,0.022851715,0.035284873,-0.8614621,-0.12873925,0.06317589,-0.0801627,0.035764325,-0.035074513,-0.0031257793,-0.0036358042,0.024471294,-0.0007156143,-0.019277161,0.11828679,-0.014958057,-0.02352783,0.0017114705,0.027252195,-0.054787625,0.99708843,0.98453,55356.496,74.76035,489.74136,528.8443,60.254593,530.9001,-0.000157913,95.2967,149.65012,MIRAI-GREIP_FLOOD
2.7550812,45.601654,66.7333,4327.3706,-0.00917646,0.0016255524,-0.021878945,-0.0022297008,0.04229074,-0.0067562507,0.0065488834,1.9719406,-0.073767,0.187873,0.022317292,-0.049334783,0.12501727,0.022107903,-0.017177379,-0.0100444155,-0.0016620243,-0.013375122,0.0844658,-0.001790274,-0.023696424,0.003974943,-0.040540017,0.053525418,0.9890985,0.9770934,52818.87,86.78408,385.9749,521.31793,35.530518,496.06693,0.00032228287,100.91579,-17927.291,MIRAI-GREIP_FLOOD
-1.3264179,46.80934,62.59762,5118.006,-0.0053356867,-0.007868625,-0.029281396,0.031684782,-0.072611384,-0.023622636,0.0059560942,-3.1606798,-0.18292755,-0.04965976,-0.056787744,-0.15161814,0.1595472,-0.013272546,0.046658922,-0.04257664,-0.014743961,-0.007708994,-0.03167987,0.021683497,-0.030633897,0.062209234,-0.018711638,-0.005406346,0.99889547,0.98167074,55635.918,174.462,641.3505,549.0612,21.56555,563.8608,0.00058748556,97.0431,8954.269,MIRAI-GREIP_FLOOD
1.393816,41.782223,66.3904,1645.6467,-0.014741326,0.005683731,-0.017234247,-0.00095941493,-0.008820852,0.0006241916,0.016295884,0.11022425,0.39948505,-0.028122226,-0.11383867,-0.0224557,-0.006517596,0.033868816,0.029299766,0.008651557,-0.027197558,0.0031125406,0.025246382,0.1229351,-0.0011092075,0.015359511,-0.007098703,-0.056059845,1.0138932,0.9954899,51936.39,71.508804,528.99524,499.2702,80.54182,508.96692,0.00040414394,94.56752,12641.336,MIRAI-GREIP_FLOOD
2.265829,43.957764,64.19841,2898.0132,0.0026146695,0.0052128616,-0.0039633387,0.039944485,0.04906977,-0.00096993987,0.034845237,0.049680352,0.07660693,0.1362866,-0.076553166,0.03446702,0.0006291941,0.01764902,0.02824704,0.017037774,-0.01568606,-0.009457836,0.09001672,-0.012289374,-0.017424863,0.03031702,-0.0066183554,-0.01991167,0.9981477,0.9723012,55026.152,66.44414,485.38855,512.16223,60.75274,529.5716,0.00037582652,100.02208,1823.6963,MIRAI-GREIP_FLOOD
1.0191765,45.286304,64.26883,758.59106,-0.0011407398,0.0037537247,-0.013392023,-0.012821572,0.009558255,0.0017664273,-0.008178401,0.88408566,0.20085679,0.21610606,-0.03113513,-0.04141664,0.0026110825,0.006077774,-0.008741053,0.000551492,-0.0067792507,-0.030561514,0.040677965,0.030203264,0.011156843,0.005444959,-0.029505208,-0.019429618,1.0038103,1.0038188,55048.797,63.715614,447.17075,532.7485,49.371166,537.7139,0.00059556443,100.717995,-4246.4595,MIRAI-GREIP_FLOOD
0.33986092,45.638515,63.728138,5120.6577,0.0027216412,0.0023928832,0.019323805,0.0005714074,-0.027177246,0.009510174,0.042681545,-2.9696937,-0.044546183,0.12748876,-0.048135463,-0.05368344,-0.0007755849,-0.006307927,0.027785111,0.020028528,-0.01129643,0.0007828651,0.008668363,0.010866019,-0.01247317,0.018627869,-0.010072434,-0.02120835,0.96317035,0.95957077,53181.887,101.63017,297.74933,478.59045,-34.92884,503.68427,0.0003366368,98.22011,-42800.516,MIRAI-GREIP_FLOOD
2.17873,44.218517,64.26151,2760.6458,-0.003185384,0.005199946,-0.010435502,-0.015961604,0.055860974,-0.009666058,0.033903193,1.8696005,0.06863155,0.10014692,0.0026329234,-0.03641817,0.003072297,0.013345022,0.026580118,0.009822123,0.005133329,0.020190507,0.055125296,-0.04742295,0.0045608683,-0.004676678,-0.011050984,-0.036021635,0.98408896,0.9641016,55783.11,100.451225,559.182,509.39758,58.048134,513.87665,0.00033793584,101.88424,10898.16,MIRAI-GREIP_FLOOD
1.8895607,45.55519,65.88678,809.51953,-0.005306201,0.0013897008,-0.024917351,-0.0005572997,0.038764726,0.002079092,0.015106371,0.41931015,0.20743974,0.15863447,-0.048724726,0.027182374,0.008676405,0.024993772,0.014203899,-0.015763367,0.010620946,0.009279748,0.047679245,-0.014167715,-0.00030905474,-0.0052021933,-0.016612766,-0.043198317,1.0132763,0.9922069,55107.883,68.62903,490.31866,521.7882,69.59079,512.8088,0.0005409611,100.26875,3461.08,MIRAI-GREIP_FLOOD
2.230299,44.368214,64.7825,2213.0015,0.017926553,-0.00042434037,-0.0023945724,0.005259357,0.012953419,-0.012756689,0.04320216,-1.2615609,-0.12353985,0.033893924,-0.021605985,0.025110394,0.0016422957,-0.0041572284,0.031075386,0.0099548595,-0.00037743244,0.0014529238,0.07692015,-0.0012389347,-0.022760637,0.029980768,-0.012596048,-0.014565539,0.9845422,0.962819,55685.973,89.82959,475.12936,524.44525,54.813515,532.8237,0.0005318943,98.61471,-2485.2683,MIRAI-GREIP_FLOOD
0.998003,46.47659,68.52415,2324.3574,-0.03334371,-0.0028130915,-0.021615867,0.0012422538,-0.020110518,0.017223025,-0.011374648,0.7471708,0.28540522,0.04117623,0.010488461,-0.047120966,0.0024894108,0.009963195,0.035395898,-0.03752638,0.02151683,0.0074455696,0.024229884,0.09494697,-0.0051081856,0.016974498,-0.061290547,-0.052283883,0.9895677,0.98972654,54958.055,58.00339,532.4746,542.686,77.29501,570.269,0.00060435093,101.149,4860.9253,MIRAI-GREIP_FLOOD
0.33859634,45.932404,68.25057,5343.629,-0.045848373,-0.003975837,-0.0053593796,-0.009521057,0.0009868275,-0.013935226,-0.016218385,-3.0775447,-0.0340671,0.15031375,-0.035390798,-0.08409883,-0.020733707,-0.025940668,0.039084762,-0.03929565,0.015292481,-0.039983034,0.07196379,0.019522456,0.0031263614,-0.033187326,-0.06254264,-0.022249185,1.0642422,1.000978,55462.15,176.99544,447.41837,535.07916,-30.144058,549.07623,0.00024521153,98.944275,-6886.0015,MIRAI-GREIP_FLOOD
2.7114468,44.646107,68.35093,1866.136,0.0002034381,0.005245242,-0.0011338736,0.008428655,0.04665917,-0.020492645,0.011939994,3.5974884,0.17653602,0.03155389,-0.041783076,-0.011570625,0.00063770823,0.035431217,0.0014852267,-0.0073078084,-0.011664172,-0.04776871,0.075520754,0.031881355,0.010594478,0.019781768,-0.04373534,-0.0044068415,0.9990507,1.0009375,51309.543,69.57023,586.34595,489.69812,74.83737,495.73196,0.000533936,101.787445,4492.24,MIRAI-GREIP_FLOOD
2.375679,46.04006,66.71117,2446.3794,0.0037628412,-0.007016287,0.03107913,0.014388478,0.01238477,0.0027202927,0.036064792,1.6875353,-0.23451023,-0.057632543,-0.08722014,0.0019969372,-0.034513816,0.004543639,0.00896356,-0.0005430728,-0.024555016,-0.004848549,0.052021086,0.03452554,0.010066634,0.04879055,-0.070357546,-0.04316344,0.9948682,0.940783,54727.938,80.59674,490.74817,528.23834,55.82737,508.95563,0.002962188,97.74161,-6986.525,MIRAI-GREIP_FLOOD
-1.9780655,48.625805,63.217197,7996.52,-0.021278571,0.0024578262,-0.005420819,-0.009667543,-0.042756647,0.005020131,0.0085498225,-1.1589482,0.19583523,0.08443475,-0.09857303,-0.09087953,-0.0110065965,-0.023715777,0.067610174,-0.030063778,-0.015009092,0.009308768,-0.023765206,-0.030794809,-0.0051899604,0.009683114,-0.0068553397,-0.010970709,0.9718188,0.95790815,58232.492,149.79628,429.94067,518.4478,8.671634,538.16376,0.0003566764,104.83195,1473.0908,MIRAI-GREIP_FLOOD
0.4857273,45.61364,63.80282,9155.662,-0.0239572,0.005517279,-0.03068478,-0.009430214,0.0051492155,-0.06266504,-0.0032434217,-1.4920216,-0.0351908,0.13510825,-0.05581029,-0.07452747,0.074123554,-0.015416109,0.051935088,-0.042667627,-0.006213635,-0.045967285,0.08284575,-0.015170274,-0.06287167,-0.030191334,-0.020392787,0.026380282,1.0400927,1.014088,54890.53,173.01447,410.5299,532.782,-22.327957,540.1507,0.00035798165,100.22017,-11723.705,MIRAI-GREIP_FLOOD
3.662939,44.045784,63.70935,5504.0557,0.0032712985,0.012567552,0.0010700687,-0.01476445,0.054221965,-0.0014644238,0.005250501,2.8697891,0.1651575,0.1356496,-0.03657672,-0.11290967,0.18516864,0.032615483,0.02080107,0.0024898676,-0.033648096,-0.022111632,0.09685266,-0.050825395,-0.020745985,0.029113267,-0.021164192,0.012561305,0.95264035,0.947053,53504.566,95.816956,467.46588,499.6122,36.41681,466.7688,0.00033679395,99.92028,-29.355865,MIRAI-GREIP_FLOOD
1.3394451,45.986565,63.50404,3148.1455,-0.0049275253,0.013175151,0.007920258,0.010781287,0.04472529,-0.0343946,0.0037846295,2.3560658,0.66545373,0.031660713,-0.030348707,-0.0051427167,-0.0073861443,-0.011160792,0.0580149,-0.012988931,-0.0026169582,-0.041199677,0.04756868,-0.07079465,-0.021219667,0.035268426,-0.01639697,-0.022007478,0.9514149,1.0188794,58019.31,142.45435,471.1589,513.1317,5.0447264,548.03156,0.00051032554,106.32651,-26910.586,MIRAI-GREIP_FLOOD
3.9835453,43.801956,63.963665,1168.2017,0.0040315557,0.008456177,-0.017418666,-0.0033214751,0.08652951,0.0067425175,0.018558864,1.4719024,0.3665861,0.17479403,0.0032842718,0.02352149,0.006966181,0.026645128,0.019122224,-0.0030838884,-0.0041662995,-0.021606904,0.12517273,-0.090650186,-0.0053873714,0.0122676985,-0.003785831,-0.031829186,0.9917284,0.9803168,53644.984,65.9735,542.52997,520.74603,90.412224,500.83646,0.0005123171,100.68024,14355.555,MIRAI-GREIP_FLOOD
-0.619545,44.852432,63.558525,1177.5361,-0.004993351,-0.0062436815,0.01848293,-0.013248785,-0.030206317,-0.041251235,0.0069161714,-4.05018,-0.2985492,0.08932188,0.076640405,-0.09608143,-0.012871127,-0.008418922,0.042368524,-0.012457216,0.0026528444,-0.03009984,0.02637899,0.033947084,-0.01204735,0.0054662544,-0.022021063,-0.016752683,0.9637554,1.0031166,54003.508,150.68114,377.97968,491.14438,-20.681782,525.1154,0.0005379717,98.12701,-26077.736,MIRAI-GREIP_FLOOD
-1.1071529,48.410156,63.128674,7859.3965,-0.021053713,0.004466053,-0.00024827197,-0.0013541299,-0.07241964,0.018177822,0.039229766,-2.8645787,-0.008314028,0.020044439,-0.10889981,-0.05693943,-0.014709452,-0.027340658,0.05192483,-0.0057784747,0.0023288466,-0.027457876,-0.015554428,0.007909785,0.002683727,0.0026695966,-0.0346943,-0.0284871,1.0015066,0.97853404,56004.938,176.9367,380.30334,502.885,-32.175278,552.1353,0.00013934937,99.14223,-11636.409,MIRAI-GREIP_FLOOD
1.622652,47.11278,69.660934,880.3711,-0.0024189055,0.0030429119,0.0063931965,0.00283893,0.005675763,-0.03716895,0.0038791774,-0.5126096,-0.006956607,-0.0192331,0.007245689,0.00449514,-0.00071827316,0.00361952,-0.00793965,0.0036236783,-0.0054397434,-0.018459134,0.021073401,0.07041141,0.002048281,0.023229953,-0.077323474,-0.014577972,0.9795474,0.9668737,50350.684,66.375465,442.30908,514.2869,49.07339,496.6979,0.0025078692,97.35565,-16877.797,MIRAI-GREIP_FLOOD
1.3586807,44.53234,64.02572,4354.9062,-0.020806111,0.0037234349,-0.0035225647,-0.005335879,0.016860448,-0.0031137117,0.027977467,-1.0515144,0.043830853,0.06022474,-0.092683464,0.010000454,-0.00076852174,-0.0009756256,0.029626738,0.02297036,-0.003306216,0.006523775,0.051110923,-0.015409437,-0.013300462,0.016653838,0.009093582,0.0019658078,0.9816498,0.96411985,56319.04,83.45953,464.36325,531.12537,54.94064,556.1883,0.00018737186,98.89734,-5305.5776,MIRAI-GREIP_FLOOD
1.1758957,44.06112,70.603485,-1090.543,-0.030023608,0.040597524,-0.008689124,0.028716391,-0.008183517,0.003715348,0.013788611,2.3372574,2.2421448,-0.12269978,-0.101460695,-0.04193945,0.016514314,0.07125461,0.05191262,0.013372369,-0.01756379,-0.009800036,0.033932686,0.05714185,0.018120473,0.016681928,-0.034901753,-0.025279377,0.9726581,0.95950705,50555.22,75.20261,803.8443,493.48468,118.48968,512.8625,0.0015166405,100.07077,26816.684,MIRAI-GREIP_FLOOD
1.766283,46.833763,63.94364,21500.818,-0.022692513,0.032098886,-0.003071786,0.0063352073,0.1032116,0.03506044,0.034856394,11.508642,1.0307574,0.09614742,0.020857623,0.034350622,-0.01657732,0.0186354,0.008092019,0.060052592,-0.015952129,0.02257574,0.049167395,-0.06154826,-0.038089707,-0.020250462,0.013542956,0.018396359,1.0091944,0.9913782,56539.234,63.8057,526.21136,528.2098,66.65809,480.34906,-0.00022281376,104.852974,6640.841,MIRAI-GREIP_FLOOD
-0.09035301,49.34974,64.20095,5056.2817,-0.03357694,-0.009401778,-0.0058105076,-0.004244357,-0.04392068,0.004902356,0.030902756,1.6449163,0.0011726469,0.1098729,0.09673473,-0.10224758,0.010984632,-0.022923205,0.0016668672,-0.043817885,0.009994133,-0.020192454,0.006367326,-0.0505751,-0.01626895,0.015007816,-0.058234315,-0.033550873,1.0370972,0.9701659,60375.867,167.86043,666.3544,561.99994,48.524307,530.99835,0.0005503676,103.980545,4788.401,MIRAI-GREIP_FLOOD
0.12407684,45.852737,63.99,211.71436,-0.022167107,0.012872914,-0.023559863,-0.010705985,-0.01488586,-0.031758953,0.027454996,-3.944779,0.2284964,0.072275214,-0.13204254,-0.035410583,-0.02102889,-0.005361531,0.016953627,-0.054624345,-0.02042435,-0.030616205,0.040217996,0.03218001,0.02380862,-0.011668383,-0.05397457,-0.062091615,0.99602556,1.0055088,56380.96,175.20885,477.6131,546.13245,-6.4023514,569.49634,0.0009422628,97.51583,634.29205,MIRAI-GREIP_FLOOD
0.85588074,45.11075,61.767525,8616.434,0.014013115,0.0024703469,0.024621196,0.0017938853,-0.03596724,-0.014392355,0.039704185,-2.1118252,0.09356184,0.04369127,-0.019351853,-0.046053186,-0.024848757,-0.021180928,0.05068197,-0.004689279,-0.017595857,-0.039776057,0.041999042,-0.018843543,-0.027585596,0.04263769,-0.0167353,-0.013562169,0.9660528,0.95578665,54032.8,159.38467,376.77408,470.64767,-20.999306,489.30923,0.00018961188,97.32728,-15886.836,MIRAI-GREIP_FLOOD
0.50850105,46.85565,65.72329,1565.4102,-0.01674715,0.0020719275,-0.023179952,0.0033845925,-0.013357203,0.0127895465,0.0077659073,0.40515727,0.26825994,0.3287959,-0.046710193,-0.011545251,0.00827369,0.019203749,0.0051382557,-0.0139747765,0.014399404,0.0054830266,0.00011873245,0.061483,0.004374427,0.016070426,-0.0187548,-0.03235964,1.0154209,1.0037922,54417.355,57.369396,498.64694,531.7468,69.61517,528.4763,0.00054991135,99.23259,6253.6343,MIRAI-GREIP_FLOOD
1.429739,43.602287,71.67221,2844.5952,-0.03360541,0.020606183,-0.026453128,0.00031625107,0.046226263,0.014555937,-0.0135990195,2.288033,1.819997,-0.103399076,-0.03164788,-0.021437388,0.04371601,0.031384654,0.03163528,0.0011091307,-0.0068990164,-0.009869723,0.07043743,0.008801183,0.024967235,0.0014151994,0.016568039,0.0026586838,0.9994733,0.98273915,55800.438,72.34085,767.3141,545.4863,137.27632,573.7078,0.0005532782,100.01005,27701.75,MIRAI-GREIP_FLOOD
1.7814331,43.264297,67.336975,454.2688,-0.041552126,0.05258084,-0.006584469,-0.0013541504,0.025353786,0.0011721154,0.012243892,1.6716512,3.2863667,-0.06705873,0.20949227,-0.02324325,0.01638314,0.024875436,0.0065052835,0.0046232436,0.007762997,0.017012442,0.058472335,0.026280085,0.00890898,-6.156857e-05,-0.013624325,-0.020933218,0.99575156,0.9872191,50688.53,65.73366,648.2111,490.0491,98.35025,502.72375,0.0007870932,100.38382,17405.229,MIRAI-GREIP_FLOOD
1.8587761,41.89756,64.74718,2881.5503,0.010800798,-0.0029328966,0.042822625,-0.010740141,0.038130924,-0.015463346,0.003335327,-3.877142,-0.109689996,0.017812546,0.6030457,-0.041168757,-0.0023490551,-0.010756402,0.04323447,0.012409877,0.020112673,-0.0045797834,0.056714237,0.04288635,-0.0014723628,0.013663694,-0.024104303,-0.05457319,0.98700994,0.9843716,51716.36,125.763275,417.39453,493.11444,10.715252,500.84177,0.00036825033,94.96501,-9389.834,MIRAI-GREIP_FLOOD
3.9756088,45.33918,66.63807,3765.1357,0.006468091,0.0011887177,-0.019559372,-0.0067358585,0.0660569,-0.01351779,0.016617473,-0.44560587,0.04209867,0.012919864,-0.040120333,0.050194595,-0.009441844,0.022782717,0.03540364,-0.019292112,0.0013934681,-0.017419219,0.09005302,-0.035249457,0.036170006,0.00560462,-0.06222424,-0.04004669,0.9878925,0.95550734,51405.72,84.32221,407.4923,515.748,34.801964,511.00433,0.00018516665,100.96048,-9266.837,MIRAI-GREIP_FLOOD
0.7868118,46.388767,63.290966,13630.977,0.012677656,0.014731093,0.0015107822,0.006573385,-0.049327254,0.024022637,0.03235629,-2.2647583,0.13154139,0.16881579,-0.06483616,-0.032836445,-0.015506923,-0.028462786,0.050054364,0.02598986,-0.038483866,-0.044214014,0.016841888,0.008853128,-0.030041022,0.0033370208,0.008652596,-0.003366014,1.0059389,0.991161,52171.535,174.75883,364.22223,503.12018,-13.067844,528.00085,-8.7909124e-05,95.41398,-7340.9375,MIRAI-GREIP_FLOOD
-3.3987598,51.301384,64.04608,9714.916,-0.03530385,-0.004540931,-0.013982061,0.00016786903,-0.112868465,0.0478287,4.1646417e-05,-3.4000406,0.18422437,0.038085386,-0.143347,-0.09665038,-0.0054084826,-0.057332978,0.06690657,-0.0831178,-0.009445296,0.045206554,-0.07176751,0.0060379747,0.009250992,0.023793725,-0.033517223,-0.01965157,1.0197796,0.9359491,61374.395,163.4444,472.9931,550.848,23.759504,600.36865,0.00041559036,103.310585,-4212.065,MIRAI-GREIP_FLOOD
0.81770897,47.708733,64.73262,4767.2793,0.0045458414,0.002695313,-0.008840908,0.0027731769,0.062101826,0.0226111,0.04005123,-0.44264388,0.3098037,0.05170209,-0.06378944,-0.03402276,-0.01613416,-0.017295275,0.041519642,0.034370728,-0.0029427186,-0.006164387,0.049137652,-0.10800096,-0.010099618,0.0024186121,-0.0058823405,-0.039873734,0.98586637,0.9619301,58411.652,66.439674,435.29382,541.9299,46.106422,551.1444,0.00016841308,104.93117,-1031.665,MIRAI-GREIP_FLOOD
3.8080692,42.809307,64.28948,2515.6338,0.008161188,0.007684722,-0.0071316636,-0.00061792135,0.09766783,0.022954255,0.015022548,3.2766333,0.19712794,0.093153104,-0.13374613,0.031009872,0.0020852454,0.015215917,0.01662607,-0.017644051,-0.021200985,-0.027355356,0.14257091,-0.03905649,0.007841286,0.057731874,-0.020799942,-0.015238063,0.98226124,0.9848761,51270.945,57.989334,567.09753,495.78143,75.36101,510.96072,0.0003855565,99.47039,8968.897,MIRAI-GREIP_FLOOD
2.0023785,47.557945,64.452156,2824.6162,0.02319594,0.058701318,-0.020553365,0.0073126266,0.00053071417,-0.008555082,0.008083511,1.5268675,2.595028,0.16765548,-0.123683594,0.02105758,0.008515862,0.015121346,0.026756134,0.010204356,0.00491268,-0.021932788,0.060065806,-0.06957178,0.015070375,0.0037002703,0.0030247308,-0.016932502,0.98458725,0.99560845,55776.92,77.622955,565.87,520.7594,68.67401,559.8897,0.0005081155,105.47713,7457.755,MIRAI-GREIP_FLOOD
0.19551659,48.340134,66.17876,1181.1594,-0.010744109,0.00080095226,-0.015878692,-0.005736486,-0.0028952071,-0.026373828,-0.030469662,3.5198538,0.0012263656,-0.0051403977,0.081084594,-0.07464518,0.0171737,0.0018251827,-0.010095908,-0.036394134,0.020092485,-0.06845558,-0.025851846,0.11366414,0.008052708,0.011863801,-0.07008757,0.009844838,0.9901324,0.9755259,52509.793,64.97975,659.0112,545.9364,107.857834,526.7469,0.0021813624,99.43879,-2459.2683,MIRAI-GREIP_FLOOD
-0.5477371,46.28085,64.54566,-334.72852,-0.035391264,0.027019138,-0.04698711,0.0023801725,-0.050898366,-0.02224584,0.006714107,-2.3308828,1.5589206,-0.018046755,0.027633924,-0.10132854,0.0025433996,0.0015736464,0.06423078,-0.054179847,-0.010413081,-0.045753047,-0.0182361,0.028014788,0.00047547743,0.0106276795,-0.024818543,-0.05955426,0.9838026,1.0021123,56239.223,161.85898,551.81665,544.2055,40.66191,601.9954,0.0006091558,101.24541,10583.535,MIRAI-GREIP_FLOOD
0.64348793,44.201725,64.269714,3320.3047,-0.00928427,-0.0012428983,-0.0025351765,-0.0018208601,-0.004353132,-0.057634965,0.022741454,-1.4219921,-0.13348612,-0.041843966,0.43232056,-0.045066882,0.016035277,-0.018216586,0.048316024,-0.021485236,0.03359239,-0.0049903616,0.04278797,0.008515293,-0.01755678,0.055530578,-0.019114496,-0.043095194,0.986018,0.99375576,55636.082,131.44833,527.1113,529.36456,44.491787,544.55536,0.0005141272,99.0177,7801.597,MIRAI-GREIP_FLOOD
-2.1413326,49.77544,63.69026,5460.6196,-0.02439414,0.010517571,0.009313313,-0.004275828,-0.085936464,0.039185304,0.021425383,-1.8683124,0.186491,0.11486234,0.058975875,-0.10248426,0.013992982,-0.025035217,0.014100582,-0.03852826,-0.01631005,-0.013636777,-0.033683836,-0.0047845794,0.0013116142,0.010157298,-0.039490998,-0.035236478,1.0307412,0.9977676,59636.41,174.26466,683.93005,556.1475,58.535343,557.9019,0.00038355892,101.64277,12542.575,MIRAI-GREIP_FLOOD
-0.58259773,45.288944,62.368244,1218.0159,-0.016588481,0.0028818639,-0.0096197715,0.00075356284,-0.02595509,0.0017638371,0.029454751,-1.2013834,0.007935315,0.11001329,0.03743236,-0.010172351,0.0071065584,-0.019797215,-0.0072761853,0.016304862,0.008155186,-0.018750325,0.03790772,0.0361272,-0.02437253,0.043978203,-0.030324457,-0.019532686,0.98020744,0.9767087,55551.547,64.88637,489.63968,534.89264,51.566013,551.2385,0.0007071207,101.81994,-10404.408,MIRAI-GREIP_FLOOD
2.0540695,45.46583,65.04305,-145.02051,0.016575526,0.01563889,-0.00075089745,-0.0014615635,0.048873127,0.0063233036,0.00987718,1.0734506,1.0154276,0.09430795,-0.01363497,0.014794944,0.0052499073,0.010752947,0.012991251,-0.0008079596,0.0140346475,-0.024743935,0.034026206,0.0010720231,0.019696884,0.03532552,-0.04614254,-0.029970057,0.96813494,0.99590814,49572.082,58.491417,382.51273,485.239,25.252071,503.94333,0.0016509882,101.5326,-17844.166,MIRAI-GREIP_FLOOD
1.3474503,48.05045,64.1328,3330.9932,0.00161645,0.013132309,-0.03680186,0.01012382,0.03820381,-0.0070955143,-0.036724076,5.4722505,0.06527045,0.9422625,-0.07044768,-0.026437331,0.15040256,-0.023257604,0.038961962,-0.0122884,-0.034263995,-0.045620754,0.061920762,-0.028731704,0.007699739,0.046417646,-0.054424334,0.026635135,0.9564799,0.9447029,57301.477,93.20155,560.38086,533.31213,56.73325,535.4319,0.00037547428,105.063446,-1899.9009,MIRAI-GREIP_FLOOD
-0.62649345,47.99353,64.90029,4968.026,-0.02488676,-0.0011411681,-0.017659625,-0.0022456022,-0.0005513653,-0.011576527,-0.0031524268,-0.72808075,0.18139438,-0.020183317,-0.044676457,-0.017568149,0.009824052,-0.003694566,0.041556913,-0.026091421,0.01992001,-0.009142928,0.0145228505,0.00044656548,-0.001237276,0.024840489,-0.033948958,-0.0021700095,0.98849094,0.9604743,58422.67,67.954155,468.1161,547.60175,55.63446,577.7189,0.00025856087,103.73396,-11422.093,MIRAI-GREIP_FLOOD
-1.0122433,47.11625,63.469555,5848.7715,-0.045738608,0.0028477665,-0.00086620916,-0.008417611,-0.069161035,0.009596734,0.046058014,-1.9826081,0.17455594,0.031356804,-0.11670904,-0.089716196,0.00896302,-0.017039655,0.03115924,-0.036739532,0.010326709,-0.026395556,0.01623696,0.042223793,-0.006239876,-0.015203586,-0.049696125,-0.039770532,1.0182111,0.98366106,55001.066,176.21121,519.5042,554.4122,22.491158,567.35736,0.00033856853,101.58308,1885.313,MIRAI-GREIP_FLOOD
0.38636017,47.163185,64.35069,1754.1489,-0.042225007,0.0023259546,-0.051350936,0.022842586,-0.025865084,-0.028862756,0.015063809,-1.8290076,-0.0074914843,0.037440855,-0.061658032,-0.019431975,-0.012399002,-0.024002811,0.043090843,-0.056268815,-0.006938218,-0.028202163,0.061038196,-0.020382866,-0.03291868,-0.019424153,-0.03145668,-0.022154227,1.0138963,1.0105067,57747.04,177.60486,526.3397,525.29645,-6.3577614,552.47766,0.00046919368,102.6877,-11964.573,MIRAI-GREIP_FLOOD
3.6053047,44.291992,72.88255,1652.5212,-0.011026551,0.09240559,-0.014903145,0.011379636,0.039693832,0.0013452378,-0.0032742112,1.5536746,3.091207,0.007819123,-0.023227753,-0.043678265,0.023032375,0.02630301,0.008355415,0.0011289027,0.011087082,0.0039957184,0.09565741,-0.005660879,0.019607412,-0.0042740977,-0.043997854,0.0062158145,0.99090064,0.991726,48645.996,68.397606,442.53796,447.6968,14.633554,481.28586,0.0006448067,101.1913,-18436.666,MIRAI-GREIP_FLOOD
-0.41031265,46.966263,72.707,1982.8464,-0.019589813,-0.0044909716,-0.037668027,-0.006038061,-0.027755527,-0.04183127,-0.028125342,-2.171938,-0.031274103,-0.001336392,0.063858725,-0.05218858,0.012285488,0.02564908,0.028541312,-0.040080592,0.022265995,-0.011348211,0.0027872324,0.060628805,0.006969394,0.02473872,-0.060185228,-0.0126489615,0.983436,0.9836592,52254.18,117.767426,565.478,541.9479,42.697784,549.902,0.0020908343,100.780426,-6879.472,MIRAI-GREIP_FLOOD
5.1344376,43.181427,68.770164,3065.6047,0.019846747,0.014382406,0.0043866714,-0.02289377,0.095190346,-0.009231076,0.03190878,2.0012414,0.25878313,0.0103591,-0.079612814,0.07689257,-0.0635844,0.030558836,-0.003610514,0.023993041,-0.032967,-0.03645981,0.12735498,-0.047752332,0.026525857,-0.0071700984,-0.06543054,-0.058381427,1.0182664,0.99241894,51772.297,79.79858,384.45886,508.79538,21.393297,492.77252,0.00025379867,99.107155,-13066.3545,MIRAI-GREIP_FLOOD
-1.1996155,46.23271,60.99643,4158.4497,-0.048049055,0.004128435,-0.01170226,-0.007213677,-0.09045675,-0.009567674,0.031216258,-1.4287534,0.14318159,-0.020491026,-0.099744454,-0.09122945,0.012199531,-0.0046218233,0.022200573,-0.017473958,-0.00787313,-0.019704975,-0.01716274,0.059155937,-0.045979522,0.022902422,0.018364977,-0.012906536,0.9929561,0.9909686,53124.07,176.5669,494.92844,544.652,5.14534,560.5904,0.0003858143,100.32699,185.17029,MIRAI-GREIP_FLOOD
0.4508686,47.237938,64.46594,2200.1506,-0.009768744,-0.00084028015,0.002242094,0.0021593692,-0.023385892,0.040113352,0.0072735334,-0.11536527,0.22023068,0.08357506,-0.06458547,0.0047867885,0.014589873,0.0070619485,0.0039024604,-0.0044111907,-0.0177303,-0.008363574,0.007979631,0.070249796,0.016521515,0.03335984,-0.039784707,-0.02916226,0.9847678,0.98000824,52791.594,57.316315,386.49377,519.523,40.537605,539.6885,0.000736741,100.53456,-5935.4565,MIRAI-GREIP_FLOOD
0.044984818,45.53893,62.389225,2782.5308,-0.029936958,0.019486273,-0.021575782,0.02389119,-0.020910842,0.023982272,0.028886387,0.8809991,0.7547707,0.17272668,0.046558622,-0.03489684,0.08522832,0.02419763,-0.011369417,-0.015781164,0.014698438,-0.013004059,0.017479539,0.0033066717,0.0018302887,0.041414335,-0.018519748,-0.017325249,1.0013514,0.9709122,59383.35,58.29701,863.5376,578.1127,153.2167,585.96704,0.0007614152,102.65996,34436.37,MIRAI-GREIP_FLOOD
-2.7921333,48.389683,68.48998,-1118.9175,-0.035153806,-0.012076213,-0.037042316,0.010209966,-0.095382094,0.015101708,-0.018229594,-5.0646243,0.52401507,-0.09094726,0.08020459,-0.097469755,0.016068,0.012667215,0.050294206,-0.025165798,-0.003986347,-0.025000779,-0.073831975,0.15154067,-0.004736879,0.039326496,-0.08653257,-0.058023468,0.94932973,0.96464473,52479.56,125.719925,521.2274,527.50476,40.777596,581.65497,0.0013949543,97.59701,-9290.904,MIRAI-GREIP_FLOOD
2.7378025,43.26143,63.880417,8096.0264,-0.023985708,0.0042336853,-0.020810917,-0.007948297,0.030639995,0.0045903674,0.045101646,0.13102704,0.036063336,0.024017941,-0.035396125,0.014409617,-0.017691454,-0.023869427,0.04809901,0.011583691,-0.026340865,-0.020752579,0.09445727,-0.035708386,-0.009929006,0.0068851393,-0.013110291,-0.03461444,1.0113235,0.9836265,53265.21,167.99272,389.15906,488.61606,-10.698458,490.8919,-7.862366e-05,95.35895,-7410.2573,MIRAI-GREIP_FLOOD
6.527688,44.35806,70.98527,871.8428,0.01824974,0.012457947,0.008512809,0.0066402815,0.22724271,-0.024262857,0.019160815,27.64457,0.5014617,0.042957224,0.055796713,0.049610138,0.008456855,0.04726447,0.006915233,-0.00489993,-0.026174914,-0.05650918,0.1678766,-0.021242335,-0.0074104224,0.034601096,-0.08561523,-0.022656899,0.9895892,1.0072795,45514.664,59.097237,569.5371,496.97217,87.933975,459.63617,0.000759062,104.35701,8832.826,MIRAI-GREIP_FLOOD
-0.25637817,44.36479,68.061264,3500.8403,-0.022211336,0.0046206224,-0.018875584,-0.0024982323,-0.033819817,0.013349077,0.0028010295,-0.19041407,0.53528756,0.045519467,-0.05927296,-0.04255719,0.00020876527,-0.0025163684,-0.01480641,-0.0026185531,-0.0022328412,-0.0068160007,-0.0011916161,0.12889825,0.014132138,0.01104048,-0.027686883,-0.015182175,1.0197791,1.0136868,53146.25,73.07226,522.1633,529.7772,50.683125,559.5518,0.00025140634,97.42208,-6160.57,MIRAI-GREIP_FLOOD
0.9187374,44.86545,62.776157,13286.223,-0.05146442,0.013139275,0.01099117,-0.018597586,0.008043127,-0.01480339,0.029292807,0.1338557,0.16408427,0.08680918,-0.03793192,-0.0999879,0.0045918445,-0.041746005,0.037438463,-0.014093688,-0.020509848,-0.029375914,0.109149635,-0.058629926,-0.03381222,0.001863559,-0.011810329,0.0028663222,1.0222116,0.9860194,55073.305,175.60846,455.88995,568.67444,-5.2684917,573.73987,0.00020875383,98.81724,5535.0444,MIRAI-GREIP_FLOOD
-1.1963501,45.43519,62.028778,1877.987,-0.007637543,0.0022093644,0.009401142,-0.004345449,-0.05009275,-0.026317965,0.0153908795,-4.9323497,0.3489658,0.022905776,-0.080387145,-0.09096001,0.00068064034,-0.023703353,0.03674736,-0.003539105,-0.0029953127,-0.016021121,-0.010901511,0.05013615,-0.020356337,0.06760769,-0.008890805,-0.017529909,0.93357193,0.9789246,53023.055,135.47385,460.66904,503.28076,21.68155,546.7192,0.00222534,99.052,-12420.652,MIRAI-GREIP_FLOOD
2.1177216,44.39978,64.760826,3094.188,-7.7132136e-05,0.0012232586,-0.020225497,0.029818023,0.038922306,-0.042206723,0.025088802,1.8838193,-0.021423621,-0.051044393,-0.018527819,-0.0031784177,-0.0059665637,-0.004049749,0.046625406,-0.02432701,0.0047636684,-0.033830117,0.06171328,-0.020919448,-0.018438494,0.04467092,-0.06103145,-0.030858612,0.98574555,0.9751973,55628.348,123.406845,642.7959,514.03235,53.768642,525.64404,0.00041754477,99.172966,389.06952,MIRAI-GREIP_FLOOD
1.4178104,42.755222,63.660637,4328.96,-0.027479,-0.0019183786,-0.017351575,-0.0024057392,0.0018572779,-0.028838178,0.022322364,-1.5053673,0.029872801,-0.017519597,-0.041688323,-0.047814377,-0.002745828,-0.026501928,0.054606006,-0.031487957,0.01982278,-0.013826376,0.04629445,0.026297608,-0.025451334,0.035299875,-0.017467137,-0.04148712,0.95959777,0.98119855,52463.71,161.1769,463.14264,499.89575,25.308475,550.5042,0.00038989575,94.58961,798.86096,MIRAI-GREIP_FLOOD
-0.9432697,46.26823,63.318264,5320.726,-0.018454123,0.0009272396,-0.01865786,0.018632876,-0.10316123,-0.019450221,0.028214477,-1.2448359,0.11737559,0.027594697,-0.07388912,-0.09156018,-0.017231807,-0.0093575325,0.050943896,-0.034161326,-0.004941509,-0.024730496,-0.030314088,0.07478468,-0.021184139,0.022894122,-0.020559093,-0.030193686,0.997556,0.96993524,52552.754,171.1195,526.5427,503.81927,3.0968704,544.13806,0.00021538293,99.09608,-8510.434,MIRAI-GREIP_FLOOD
-0.40221786,46.248035,63.200096,3881.9778,0.007152464,0.0015903596,0.0025543058,0.0023949768,-0.038734972,0.012012139,0.0013704295,-3.6911235,0.16447154,0.029401796,-0.057983402,-0.082144946,0.0041964347,-0.002087527,0.05519644,-0.012219487,-0.0034599495,-0.0014607375,-0.017207146,0.017333996,-0.033191327,0.03424732,-0.009490199,-0.044711612,0.9561858,0.98326373,54374.77,146.85461,441.37988,531.1031,30.311035,565.6012,0.00044069922,98.84193,309.5728,MIRAI-GREIP_FLOOD
2.616022,43.793312,64.87864,1761.6455,-0.0600432,0.06943189,-0.061526343,0.010537148,0.102632836,-0.02023533,-0.017895514,11.120289,2.2434459,0.0230378,0.06756385,-0.073829204,0.05190734,0.034126315,0.046700686,-0.01877005,-0.022324042,-0.013185617,0.11955863,-0.0375316,0.022573723,0.0040643103,-0.05665632,-0.021594558,0.97010565,0.96286416,53029.71,105.815216,746.5475,501.81293,116.25512,522.5614,0.0006915757,103.72636,28136.89,MIRAI-GREIP_FLOOD
5.9378138,41.564575,72.681595,1148.3,0.0068821106,0.00837564,-0.0025039841,0.07797196,0.15741555,0.007099822,0.021254823,8.050627,0.18895613,0.10605927,-0.0020578504,0.080580994,0.0007695164,0.025644274,0.0028234394,0.023124184,-0.004075605,-0.033431776,0.18584996,-0.034741003,-0.0029951404,0.013878285,-0.03225606,-0.029619884,1.0103663,1.0047268,49161.094,68.77879,689.7916,484.3376,107.33708,476.57483,0.0006714154,98.46662,16763.6,MIRAI-GREIP_FLOOD
2.848135,42.4209,62.03282,457.55005,-0.02491808,0.004353695,0.020204747,-0.003798154,0.071733065,0.010486514,0.058691185,1.1927441,-0.026729178,0.11933491,0.017461363,0.06993103,-0.006529161,-0.021844883,-0.03340211,0.008769239,0.014163263,4.4042245e-05,0.17019099,-0.059749555,-0.0337726,0.03655871,-0.007873344,-0.021210287,0.98041975,0.96893823,51396.348,62.906696,441.21887,492.96185,66.2269,496.98706,0.0011841401,101.12859,3738.5928,MIRAI-GREIP_FLOOD
0.74461555,47.31837,64.81606,2757.5356,-0.007181158,-0.00090033555,0.0013077003,-0.012743232,0.0042683994,-0.006220359,0.018478742,-0.91185594,-0.1433128,0.1191252,-0.026540833,-0.049771763,0.008090913,-0.00478358,0.02267754,0.009711309,-0.0071974583,-0.0064638723,0.019810438,-0.024174407,0.011214282,0.012587968,-0.02546503,-0.015012173,0.98934674,0.9772363,56561.633,108.00314,411.98682,522.4589,7.798502,534.06836,0.00028735294,102.77063,-25502.424,MIRAI-GREIP_FLOOD
0.6976757,46.345833,69.005455,3863.0789,-0.01412791,0.0012811496,-0.037193414,0.00991911,-0.023764359,-0.046526637,0.0062179705,0.9632554,0.025098993,-0.024970587,0.022873236,-0.09839791,0.16792013,0.014640231,0.056813143,-0.0035633054,0.0015873555,-0.06365314,0.001969993,0.057335716,-0.008955003,0.014422051,-0.059280828,0.038006026,1.0049822,0.9741422,54644.344,137.53314,614.7698,538.9929,39.65503,557.78015,0.00032183775,97.0247,-7831.7495,MIRAI-GREIP_FLOOD
-0.24507332,47.811954,63.148758,5978.8086,-0.021830266,0.0055292556,0.020553729,-0.008668058,0.010077657,0.02268127,0.029426629,-2.232397,0.29620162,0.009072403,-0.010786428,-0.05775899,-0.002809178,-0.023207698,0.04115039,0.0038212026,-0.018763043,-0.019664142,0.04069698,-0.05456605,-0.0049975445,-0.010541022,-0.045658834,-0.06419076,0.99971384,1.0032878,57963.797,169.60318,412.83038,542.0664,-6.3890514,557.22046,0.0003290934,102.28917,-3647.1875,MIRAI-GREIP_FLOOD
2.585867,42.857952,64.169304,3173.593,-0.017623309,0.00850998,-0.01125529,0.006901125,0.016397502,0.0076164887,0.046310045,-0.1841414,0.4083315,0.018065978,-0.09493477,0.03576424,-0.022683533,0.012911212,0.020999175,0.0045753224,-0.007343683,0.0022077654,0.070839405,0.021904018,-0.0006404752,0.019830195,-0.014456825,-0.0520483,1.002296,0.97600055,52409.555,74.545334,476.93002,485.5142,54.414387,513.38403,5.1094525e-05,98.98967,1557.6975,MIRAI-GREIP_FLOOD
0.14537048,45.348003,64.722206,1923.6084,-0.018475823,0.007458925,-0.012684023,-0.008742175,-0.040019512,-0.030640982,0.0067782705,-1.7502408,-0.013271719,0.0026145577,-0.024469465,-0.043152157,-0.015221508,-0.017082095,0.02777501,-0.03615296,-0.023898453,-0.060489863,0.01912266,0.04782166,0.011001461,0.019873824,-0.06088286,-0.06563412,0.9940532,1.0174619,56282.82,170.57074,530.7024,551.41846,18.657948,578.4878,0.0004423791,97.76834,172.46075,MIRAI-GREIP_FLOOD
-1.2421913,46.696335,64.94657,1561.4236,-0.0059718452,-0.003337127,0.009275921,5.517155e-06,-0.097518355,-0.01412408,0.011680284,-2.4584923,0.20004052,0.08116028,-0.08039595,-0.109116025,-0.011621805,0.028035142,0.050769582,-0.0037707435,0.0043250574,-0.027182247,-0.058869004,0.09918557,-0.013080127,0.017913459,-0.026730824,-0.020710725,0.9818526,0.9743369,54509.316,137.79945,525.3141,538.4283,28.627075,553.4881,0.0004649473,99.04192,-9065.863,MIRAI-GREIP_FLOOD
2.4237728,44.259872,64.675705,5125.51,0.007693562,0.010132476,-0.019214734,-0.005966925,0.031920284,-0.0029860176,0.008653646,2.3828013,0.028309595,0.11017468,-0.006146673,-0.09079744,0.19625294,0.0424274,0.0227109,0.009105065,-0.00030998606,-0.026946113,0.032189667,-0.0020711347,0.0057014264,0.016362626,-0.031942047,0.0013158377,0.9804368,0.95063376,55598.395,94.32932,692.11554,521.2685,86.42323,509.87646,0.0004909787,99.95864,12618.606,MIRAI-GREIP_FLOOD
-1.3825016,45.922504,64.7813,3488.7815,-0.003790548,-0.00406654,-0.029659357,0.010228902,-0.05440443,-0.058082823,-0.017849134,-3.731154,-0.29712206,0.029728616,0.15412396,-0.071472414,-0.00649354,-0.026283171,0.069264084,-0.041319676,0.021130795,-0.022481821,0.00475353,0.04377377,-0.030639676,0.041459776,-0.021907039,0.0028518494,0.9687777,0.9796882,57841.13,142.9114,474.46063,512.82196,19.622622,568.9977,0.0004171154,98.12555,-8461.663,MIRAI-GREIP_FLOOD
2.2996216,42.452896,71.80231,5305.0386,-0.014541585,0.0052343938,-0.02299038,-0.0023211231,0.031930737,-0.0024349056,0.0036683935,0.6816821,0.69492936,0.0003356114,-0.054837212,-0.046781782,0.024430487,0.02650611,0.035291344,-0.0029150164,0.012687658,0.0012071803,0.064279616,0.036426432,-0.005217681,0.009561739,0.0064439233,-0.00065337867,0.97799814,0.95929086,52635.598,91.13963,520.33234,525.2298,63.254337,534.9921,0.0002529825,96.54834,-2465.4248,MIRAI-GREIP_FLOOD
0.53788567,46.958126,64.48185,35279.04,-0.048866827,-0.007889479,0.0043472834,0.011045559,0.029902512,0.010883053,-0.0007634144,-0.20540428,0.3346111,-0.013160117,-0.03366359,0.0071685524,0.0018980833,-0.0035271654,0.020306796,-0.030318044,-0.012641867,-0.0022793142,0.042585433,-0.011318641,-0.0030113524,0.013401653,-0.064485654,-0.040661067,0.99024385,0.94871396,56446.547,58.059174,564.448,534.70703,85.52579,560.35065,0.00025166795,103.01755,976.886,MIRAI-GREIP_FLOOD
3.9847107,43.441452,68.21848,-5.385742,-0.0011864398,0.006448224,-0.003076971,0.0033610542,0.07385262,-0.001894806,0.016548388,4.1243787,0.4354779,0.09162021,-0.07873489,-0.0027911551,0.0035792496,0.042443853,0.017688965,-0.012732683,-0.021198781,-0.02103501,0.108017266,-0.004082802,-0.0052699354,0.051583905,-0.05930134,-0.037259005,0.98624873,0.98959094,49501.098,58.83606,585.7945,501.0617,83.155136,502.43417,0.0006085025,101.06529,14296.384,MIRAI-GREIP_FLOOD
-1.1256714,46.718674,64.427,1112.8296,-0.026850283,-0.00063783675,-0.03319853,-0.014345213,-0.048884653,-0.04664421,-0.008591402,-5.0720444,0.007920042,-0.005988907,-0.0893852,-0.08022411,0.009228184,-0.00895325,0.05867682,-0.025037052,0.0015158718,-0.027441105,0.0008482933,0.042649265,-0.0004544994,0.02868265,-0.03821073,-0.034959905,0.96518755,0.99600816,54970.31,150.92581,449.04733,529.22363,6.7474737,561.28204,0.0011185027,101.64246,-11569.216,MIRAI-GREIP_FLOOD
0.47815514,46.09259,64.76189,-2.947754,-0.015345277,0.0007289312,-0.014354346,0.002587615,-0.015681922,0.006329824,0.012973787,0.5938451,0.32082018,0.114076555,-0.024298307,-0.04330899,0.00013515167,0.020383986,0.018272739,-0.0036318554,0.01069703,-0.019682381,0.018516004,0.042440724,-0.0040045544,-0.0034720846,-0.0314454,-0.029423384,1.0039887,0.9893224,53755.85,64.49334,457.22818,520.2278,55.828896,525.29315,0.0006439408,102.53211,-5357.9756,MIRAI-GREIP_FLOOD
2.9476795,46.454353,64.83629,3325.1323,-0.027486144,0.009841326,-0.010505561,-0.00045321137,0.09592297,-0.015790652,-0.021641674,7.390755,0.3320182,0.052625023,-0.025373645,-0.023378849,-0.011950725,-0.02071928,-0.0045786146,-0.019044902,0.016899474,-0.019163523,0.09207326,-0.044220537,-0.046457417,-0.01344486,-0.060743276,-0.036159284,0.98303515,1.0116787,56096.543,64.78899,568.43066,579.9785,78.433365,541.15857,0.00044109247,104.26106,-1140.7424,MIRAI-GREIP_FLOOD
1.0621529,45.971054,61.039547,3498.5469,0.011211223,-0.00769408,-0.008207566,-0.013919887,-0.029165568,-0.0016910711,0.06660307,-2.2465327,-0.10562895,-0.055847023,-0.049773425,0.000103474595,-0.00037221238,-0.04269227,0.05345192,0.0032288255,0.0059815636,0.01987626,0.043459892,-0.032706298,-0.017964814,0.0510246,-0.02782676,-0.057152122,0.99717265,0.94671386,54129.754,113.31335,463.4577,510.19427,30.621813,511.10403,0.00075732905,102.40138,-10774.989,MIRAI-GREIP_FLOOD
0.23271179,46.396416,65.13695,491.08618,-0.0047992915,0.007827547,-0.030413998,0.000560157,0.015384959,-0.008256503,0.011064444,0.76133955,0.6083027,0.17230184,0.09262544,-0.029870033,0.023289148,0.0046157977,0.021610983,-0.0024718,0.015678808,0.01003676,0.031457186,-0.017382644,-0.010602657,-0.022176092,0.0025906041,-0.035914123,1.0019078,0.9932904,56304.76,71.44089,626.6924,555.6409,87.54849,567.42065,0.0007904925,102.34926,10781.552,MIRAI-GREIP_FLOOD
1.149313,43.564713,63.98298,4336.094,-0.0050978083,0.00087315583,0.0016444549,-0.011440583,0.017190754,-0.015824813,0.020076053,-2.227931,0.08694359,0.052282184,0.044506818,-0.09320037,-0.007346655,-0.0042154407,0.038781628,0.02430117,0.036745973,-0.010363175,0.021655083,0.0018889346,0.00133903,0.03174484,-0.02026152,-0.038344197,0.9903192,0.9794558,54148.004,127.43537,486.48483,504.38434,4.108553,510.09744,0.00017096702,97.43709,-5060.128,MIRAI-GREIP_FLOOD
-3.901394,49.644,66.06355,3415.103,-0.026794534,-0.0036933494,-0.04508691,0.0007313601,-0.114785984,0.011041634,-0.03606767,-2.9510884,0.174279,0.009734574,-0.014552863,-0.16278431,-0.009715378,-0.01897035,0.035055384,-0.06471144,-0.014356417,-0.033568103,-0.11230123,0.15230367,0.026472041,0.0112959845,-0.06410033,-0.021432461,1.0033786,1.0050778,57772.203,158.7538,533.7058,548.456,23.933922,607.1336,0.0002659426,96.64511,157.85822,MIRAI-GREIP_FLOOD
0.18465805,46.858852,79.92479,419.97168,-0.041755926,-0.0025066757,-0.046281498,-0.0058226497,-0.044331394,-0.012662558,-0.05291589,-2.6200464,0.057085715,0.057939146,0.039511252,-0.07899618,-0.012378685,0.0017734012,0.038346514,-0.0710124,-0.011333964,-0.048993707,0.0021240115,0.09256802,0.009556258,0.01955029,-0.06193707,0.0031299796,0.9939659,0.9847338,51083.145,144.62672,509.12677,542.13,18.174292,556.0544,0.00053893024,97.892395,-14391.168,MIRAI-GREIP_FLOOD
3.754366,44.0316,65.88981,2081.2034,-0.010169185,0.019986248,-0.0119686555,-0.009743611,0.10826648,-0.01600555,0.029148359,5.4415936,0.75839424,0.02173881,-0.08364778,0.013629442,0.00097222993,0.03159953,0.01626114,0.019037154,-0.017001519,-0.019751277,0.107555926,-0.05479413,0.0076873386,0.0027138903,-0.00964187,0.00059983693,0.9756062,0.98754096,53943.688,83.6319,548.44556,504.90112,66.90637,508.6394,0.0003301439,102.907425,3440.6487,MIRAI-GREIP_FLOOD
0.41274834,47.875156,64.20679,1130.6814,-0.0084288595,0.011437358,-0.005234424,0.017301165,0.0030076532,-0.0017662038,0.004732546,1.3988934,1.6858661,-0.006259447,-0.071829975,0.0022327946,0.0073151994,0.01822507,0.041779164,-0.0068992563,0.010767629,-0.029885683,-0.016370475,0.029161062,0.010722823,0.06268549,-0.0593405,-0.01063371,0.94738346,0.96630925,53470.184,56.97275,481.7127,501.1743,58.30373,545.96655,0.0016750456,102.5672,-12510.753,MIRAI-GREIP_FLOOD
1.6672211,46.070515,64.20563,2278.3347,0.0020653196,-9.0349466e-05,0.008222274,-0.014470982,0.024519568,0.0076370523,0.0038525765,-0.4023558,0.22515036,0.04357314,-0.042099837,-0.010024238,-0.012892203,0.013168344,0.0028673606,0.010250499,-0.01405647,-0.0051563373,0.05672264,-0.018280875,-0.013751265,-0.0004571327,-0.04289368,-0.06407561,0.989099,0.96478915,54908.15,67.97046,442.48428,558.7717,57.21394,532.42206,0.001737287,100.12501,-2097.9434,MIRAI-GREIP_FLOOD
0.20435715,46.84583,63.976948,4361.9106,-0.016093437,0.008321341,-0.019599104,0.0002302099,0.014558056,0.016085843,-0.017695904,-0.46272147,0.28169912,0.06600498,-0.027890503,-0.011981995,0.003112485,-0.01405143,0.022443524,0.008432543,-0.014681648,-0.009263702,0.052958786,-0.026831435,-0.0078077386,-0.008941664,-0.026899287,-0.0010024477,0.99386907,0.99944985,59412.918,56.412346,506.4323,570.79785,62.809628,590.80896,0.0004060847,100.58814,2679.6277,MIRAI-GREIP_FLOOD
0.7710781,45.74987,67.04122,794.5906,0.0075783483,0.021487564,-0.036594342,0.0030420215,-0.0012269812,-0.011178667,0.008290626,1.0963446,1.6416253,0.13633774,0.012730042,-0.027888626,0.01766997,0.026601851,0.0011702254,0.013033135,0.0077691902,-0.0066714315,0.016504586,0.01708917,0.0077429176,0.010166932,-0.008094873,-0.04089608,1.0199775,1.0070146,54392.824,69.625565,651.2992,533.7175,95.93319,544.9225,0.00075002626,101.6976,15678.552,MIRAI-GREIP_FLOOD
-1.6356392,47.918846,62.789196,2435.088,-0.035572983,0.011068775,0.018326063,-0.009340775,-0.058714002,-0.019067211,0.044590577,-1.3446019,0.21071671,0.11833274,0.043517206,-0.12434237,-0.0008155144,-0.040474016,0.014664551,-0.00875899,-0.009670746,-0.048757143,0.0032128096,0.015919723,-0.029091682,-0.03642206,-0.04668307,-0.04398814,1.0378978,1.0071696,58471.355,178.9284,592.74677,560.9862,37.684216,592.13544,0.00038463692,100.84908,15810.121,MIRAI-GREIP_FLOOD
2.3958511,45.52648,64.53287,8087.4336,-0.0017749332,-0.00015228614,-0.018124124,-0.0034398553,0.018590674,-0.010171361,0.00461241,-3.7949944,0.3591048,0.09086098,-0.06276624,-0.024354335,-0.024202993,-0.0058471877,0.056987684,-0.027381053,0.015167033,-0.015781496,0.055779934,0.007353362,-0.00039952807,-0.0064060604,-0.029330349,-0.032637306,0.9688819,0.9382592,52764.957,133.24744,403.78882,514.59485,6.736293,542.3766,0.0002486796,98.746056,-3795.364,MIRAI-GREIP_FLOOD
-0.89279175,46.56972,63.516544,5147.217,-0.010694432,0.0007359124,0.0012878818,-0.0029636582,-0.0767194,-0.02218887,0.016219003,-3.0743046,-0.11206292,0.025166202,0.034696482,-0.07901922,-0.0015620455,-0.02610892,0.04472541,-0.009894724,0.014961541,-0.03439051,-0.007956445,0.017980983,-0.029413596,0.03552212,-0.00023555942,0.0003323704,0.9757635,0.9839373,57779.883,146.59622,473.0996,522.3531,7.1550503,528.2668,0.00038524793,99.11164,-13823.539,MIRAI-GREIP_FLOOD
-0.10303688,47.573578,65.43253,1462.0483,-0.00041858293,-0.0007835738,-0.022121463,-0.006150854,-0.00986002,-0.05519808,-0.006154082,-2.6082594,0.12001776,0.04365411,-0.050545134,-0.03802771,-0.0006170459,-0.0059873657,0.04442241,-0.020318523,0.010749208,-0.055010147,-0.041168034,0.046034336,0.0141589325,0.02542896,-0.0713204,-0.0005955901,0.96308416,0.98495173,53762.402,102.463104,489.7041,542.029,40.207333,565.23724,0.0008302995,103.215836,-12554.034,MIRAI-GREIP_FLOOD
0.25045586,45.40248,65.7663,1240.5305,-0.0049482845,-0.00084533164,0.00077039003,0.004337926,-0.014837252,-0.031774808,0.033147868,-0.5377327,-0.033047937,0.07460822,0.45637858,-0.0060774293,0.009227045,0.004421887,0.009004426,-0.010537518,0.0052795885,-0.023888687,0.0437811,0.025934521,-0.0021881028,0.0130989365,-0.030613117,-0.042388856,0.99985325,0.9838337,55781.266,76.83933,587.5325,541.0395,76.15255,553.0235,0.0007734815,101.24532,7054.9805,MIRAI-GREIP_FLOOD
-0.6966152,46.868614,65.12913,1357.0278,-0.02019291,0.048922587,-0.0041085877,0.0047794227,-0.04614424,0.0036739283,0.015522182,-0.018678308,0.8346918,0.004429724,-0.0022106618,-0.042888843,0.0038300424,0.016698899,0.0060909893,-0.00018797815,0.013160471,0.009445049,-0.007859468,0.05135622,0.014903786,0.007991723,-0.03391978,-0.0034140516,0.99506253,0.9835591,54237.35,68.02122,392.8173,512.41846,13.66268,555.5388,0.00039562277,99.43245,-17871.959,MIRAI-GREIP_FLOOD
-0.57793236,44.670654,63.773666,3896.4104,-0.021035478,0.0050817733,0.015303014,-0.02052459,0.016608074,-0.052120335,-0.0068817707,0.19343525,0.073160894,0.036637444,0.32767814,-0.10324189,-0.006162859,-0.031320896,0.04795222,-0.032330334,-0.00073168427,0.013594467,0.036950946,-0.04540073,-0.0168754,0.024043417,0.0062773842,-0.03833811,0.9831502,1.0223033,57273.168,152.81024,482.98108,529.05115,14.318776,541.8307,0.0007345315,103.96982,-3558.5818,MIRAI-GREIP_FLOOD
3.5222034,42.77505,65.870926,-282.8877,0.0022606924,0.024518102,-0.0018017413,-0.002602805,0.07462185,-0.004939162,0.019321473,2.9421084,2.0778732,-0.045937452,-0.011478196,0.053481814,-0.0012420266,0.02124047,0.019896513,-0.0023546675,-0.0014529098,-0.022130197,0.12460327,-0.023997327,0.01185191,0.03756576,-0.035810225,-0.049714006,0.988487,0.9844002,49762.582,58.397747,613.37915,488.9259,96.6238,509.99905,0.0013966388,100.27035,16528.227,MIRAI-GREIP_FLOOD
3.569687,44.83307,64.49496,3625.6353,0.03599386,0.009346901,0.004808181,0.0006282851,0.079665504,0.007268237,0.022373531,0.6904965,0.18866079,0.26059926,-0.0356986,0.067523725,-0.04654603,0.0076572127,0.016954603,0.045095287,-0.0169011,-0.03622981,0.12580341,-0.10319526,-0.0028023333,0.0045979153,-0.038216244,-0.059517913,0.998595,0.9832661,54822.27,68.32884,438.04614,537.044,52.84364,528.0324,0.0004345678,99.72839,242.7822,MIRAI-GREIP_FLOOD
-0.19929123,47.169376,64.135956,2561.3506,-0.0030077528,0.006476357,-0.00043771695,-0.010297239,-0.04382006,-0.004936091,0.0006219698,-2.861867,0.03622926,-0.020848198,0.008785388,-0.04562781,-0.0048674303,-0.025542015,0.023857841,-0.039469287,-0.022151785,-0.03938385,0.008262217,0.025266876,0.0013706437,0.015032487,-0.051317923,-0.03613315,1.0094112,1.0269971,56190.418,168.77037,552.9016,537.30396,21.044771,573.255,0.0006232278,100.771645,1452.7439,MIRAI-GREIP_FLOOD
0.8713417,45.158894,63.316383,1921.6758,-0.018260308,0.000941392,-0.011434114,0.015625343,-0.008167675,0.014909374,0.0039702887,0.48482382,-0.17702755,0.17733979,-0.06848174,-0.015962563,0.06225151,-0.0007291557,-0.01159565,-0.00425105,-0.015454931,-0.028507676,0.050586164,0.010045323,-0.017436732,0.051028658,-0.022475988,-0.0065038726,0.9693024,0.96212494,57497.875,74.05278,701.0368,555.12146,103.64905,558.61035,0.0010209938,100.85632,13615.061,MIRAI-GREIP_FLOOD
2.5783405,45.120758,64.74039,2093.1335,0.0029606652,0.0051098354,0.007562248,-0.011199798,0.06007096,-0.007970849,0.024001852,-0.3777702,0.049056016,0.017770171,0.01705417,0.05288541,-0.0053578503,0.0069921697,0.0049668876,0.013799222,-0.0067113712,-0.01704922,0.070046306,-0.035569053,0.005264345,0.0075139124,-0.041936655,-0.034214467,0.9909634,0.9737526,52930.176,66.28806,426.3999,519.9877,36.848656,526.1099,0.0001927242,101.57735,-10081.129,MIRAI-GREIP_FLOOD
-1.3847466,47.15271,64.38684,4293.648,0.020177456,-0.0022990583,-0.015782151,0.0032617666,-0.03818491,0.013942264,-0.015332458,-4.162175,0.20348418,0.19779637,-0.062995695,-0.08179016,-0.005285639,-0.020075979,0.05466124,-0.043070987,0.015613498,0.022849021,-0.027842522,0.0471079,-0.0031005614,-0.014478618,-0.04086151,-0.03149382,0.9862599,0.963882,53437.555,146.34541,440.61664,513.01184,-5.1954384,575.47626,0.00040578612,97.36547,-12206.707,MIRAI-GREIP_FLOOD
0.8171959,45.044926,64.708984,4858.4326,0.0037042052,-0.0037811801,-0.014595004,-0.01455679,-0.02864481,0.008332677,0.0077399095,-3.2543654,0.06172473,0.01955203,-0.09475841,-0.042671658,-0.005301068,-0.0025068223,0.052718613,0.016443666,0.021018496,0.027169593,0.010526657,0.030055467,-0.012727716,-0.00026012072,-0.007590651,0.0029730983,0.9964555,0.9622959,53846.977,127.01825,381.51398,498.85175,-3.1124058,512.3145,0.00012840913,97.41517,-17412.686,MIRAI-GREIP_FLOOD
-0.37260818,46.012993,64.08196,7914.822,-0.007943147,0.0059495466,-0.013391109,-0.00754244,-0.05970259,0.012984001,-0.0008317549,-2.5032449,0.19651747,-0.0031866878,-0.10398652,-0.0745394,0.009535983,-0.013746891,0.02257137,0.0022094278,0.008825165,-0.010647987,-0.012091517,0.014910425,-0.022996442,0.015321493,0.013202734,0.014770616,0.99162984,0.98935044,55195.61,139.57278,459.58167,546.32184,-7.12043,530.0643,1.2796256e-05,101.31811,-16369.989,MIRAI-GREIP_FLOOD
2.3547573,44.094116,63.867863,3957.1038,0.002894951,0.0071799974,-0.005170717,-0.02155002,0.03418624,-0.010650573,0.00954847,1.2466075,0.047382466,0.092286706,-0.009917001,-0.04346706,-0.013041101,-0.007466883,0.013840126,0.0023400644,-0.025865603,-0.012984762,0.08186269,-0.035105493,-0.014027889,0.009951838,-0.013275163,-0.021885028,1.0143744,1.0297393,55315.547,170.81912,333.43143,516.5384,-21.142643,504.88425,0.00029398972,98.18828,-10944.183,MIRAI-GREIP_FLOOD
-0.39966774,44.361816,64.08189,3462.6587,-0.0034724083,-0.0025982545,-0.0140446,-0.0019809653,-0.060068592,0.014869366,-0.011167504,-3.8476448,0.10292567,0.018558962,-0.042992786,-0.084180824,-0.014380795,-0.0039114105,0.02731656,-0.009043318,0.014638204,0.0059801294,-0.0060521364,0.11246964,-0.016673923,0.01566198,-0.02228313,-0.012829972,1.0020083,1.0069354,53720.934,164.0682,407.4298,507.1293,4.406376,523.3106,0.00040642114,95.2776,-4082.6135,MIRAI-GREIP_FLOOD
0.08975029,46.6612,68.87238,-262.6543,-0.00072441995,0.015521777,0.003760471,9.08114e-05,-0.0009312546,0.013492594,0.010155133,0.77747,0.93757224,-0.035753705,-0.065207325,-0.015546429,0.0035978926,0.01661113,0.0384447,0.00799464,0.0012911903,0.010187052,0.034778833,0.024216115,0.019295191,-0.006060044,-0.04147168,-0.033296075,0.9900123,0.96456766,54630.273,69.08033,447.9262,533.5368,43.914864,546.8401,0.0006456441,102.33452,-5439.475,MIRAI-GREIP_FLOOD
0.062282562,45.409286,63.579105,5521.0454,-0.0052110944,0.0037786432,-0.019013917,0.05262177,-0.07981376,0.0011448638,0.019452142,-2.3486404,0.028702911,0.09588272,-0.05714841,-0.101919875,0.062386226,-0.0060078595,0.04685799,-0.0021932041,-0.016788205,-0.011475104,0.0073851943,0.046245746,-0.036791,0.05149226,0.004108739,0.015009677,0.9727835,0.9639611,52453.395,160.34715,508.7489,521.1133,18.439283,543.2363,0.00041989348,95.41711,-12097.346,MIRAI-GREIP_FLOOD
2.2783642,44.832005,64.91467,4621.682,0.0058805197,-0.0007037744,-0.012102594,-0.00203764,0.037168294,-0.0017923594,0.03591386,-0.48419082,0.0398331,0.14787605,-0.09502844,-0.0032418128,-0.005611263,0.014725627,0.022575531,0.011207335,-0.0053241476,-0.017607857,0.06198865,9.016693e-05,-0.0068750614,-0.01442319,-0.02317492,-0.023969997,1.0055687,0.97877884,54020.184,80.81461,355.23676,506.6395,9.441915,517.0617,0.00012991326,97.48351,-17191.049,MIRAI-GREIP_FLOOD
2.2014408,41.907524,64.489265,922.15796,-0.0136503745,0.0055457246,-0.0065878965,-0.0077554085,0.02483939,-0.01211957,0.020593356,1.0029947,0.09448242,-0.06095262,-0.065288514,-0.03171154,9.681843e-05,0.0047243712,0.01769099,0.019381799,0.006108517,-0.008516194,0.07381493,0.060581062,-0.00031854492,0.028715357,-0.034339264,-0.027507005,0.97087866,0.97181064,54237.59,93.02277,544.16003,516.78815,71.22945,526.0104,0.0005006905,97.43992,11313.804,MIRAI-GREIP_FLOOD
0.5552769,45.74028,64.33454,4603.5405,0.006679306,0.009848709,-0.027856024,-0.0021326963,-0.009269755,-0.026414823,-0.017871985,1.5321038,0.17426887,-0.031528316,0.06506791,-0.07801759,0.005376205,0.009864689,0.048306026,-0.03721938,0.0020912942,-0.017427998,0.009752095,0.04148605,-0.008128004,0.019000279,-0.049328573,-0.01491335,0.992665,0.9630236,57654.387,138.59732,651.9935,530.475,53.12052,524.3944,0.0004088033,99.852356,-7615.2856,MIRAI-GREIP_FLOOD
3.5396957,42.342,68.09413,2758.1836,-0.009722504,0.0063326373,0.026558543,0.0102885105,0.09934664,0.0039847447,0.020626524,1.6461742,0.42913836,0.030033045,1.0523305,0.04480151,0.018376205,0.014013767,0.038140997,-0.006803442,0.009762378,0.01458727,0.1254549,-0.034108255,0.0064350083,-0.008948924,0.0104107885,-0.032089204,0.99746186,0.9799787,52785.125,67.81112,663.8418,504.64905,111.22928,512.97986,0.00058936025,98.55234,26508.695,MIRAI-GREIP_FLOOD
-1.0500793,47.24873,65.84044,1813.3784,-0.009544798,-0.0061762254,-0.00241708,-0.016077349,-0.06322652,0.03360433,-0.014951815,-4.1126976,0.065938324,0.08011889,-0.07773118,-0.08075866,-0.003969774,0.015376942,0.011748868,0.005275095,-0.015109363,0.0030540768,-0.036159456,0.09344922,0.007141644,-0.01947577,-0.039251417,-0.013428934,0.9816277,0.97355026,53574.13,127.72955,345.60706,524.2521,-28.411892,543.85406,0.0003644855,97.99831,-29532.793,MIRAI-GREIP_FLOOD
0.1787281,46.199547,64.52282,4544.3027,-0.016765833,-0.0006816536,-0.04880779,0.013530652,-0.057801284,-0.024536094,0.011478517,-1.583447,0.08809485,-0.02937178,-0.13179599,-0.030259531,-0.02717082,0.006291927,0.037005857,-0.026042303,-0.010455159,-0.00582336,0.035740614,0.024810761,-0.04102829,-0.009287227,-0.020338336,0.0031912792,1.0262387,0.9903524,56219.836,171.54866,476.99353,521.01624,-27.229126,526.7352,0.00028878334,101.724686,-14861.719,MIRAI-GREIP_FLOOD
2.1667137,42.70128,69.27126,-509.0005,-0.0016515516,0.0040310975,-0.009619073,-0.0061011235,0.034895834,-0.008736384,0.024695152,0.32042032,0.19437057,0.024634346,-0.027617607,-0.0025547948,0.005693778,0.028530518,0.023765953,-0.015541395,0.004554619,0.0015283702,0.072098196,0.038420297,-0.0010228856,0.017291114,-0.013324583,-0.044223744,1.0117732,0.98957884,49030.6,62.00234,426.65692,465.51068,50.41039,471.99615,0.00053999806,97.74067,498.854,MIRAI-GREIP_FLOOD
4.9583683,45.119827,69.676056,1951.5549,0.0060651544,0.007999504,-0.01049301,0.004807934,0.12744209,-0.00044569664,0.01883469,12.25862,0.40866733,0.13873746,0.073435664,-0.038848784,0.18202876,0.03643041,-0.0051361322,-0.03377883,-0.018154826,-0.05732745,0.13116759,-0.021981679,0.011411692,-0.016909769,-0.06551475,-0.00046452507,0.99607086,0.9896564,48246.363,65.72471,739.5084,500.87613,96.0732,465.94424,0.0008849931,104.995224,12950.54,MIRAI-GREIP_FLOOD
0.24624634,44.919407,64.38281,998.48486,-0.028171455,-0.010372192,0.006940153,-0.03380837,-0.023758387,-0.027731802,0.016782258,-1.6634405,-0.08089308,-0.05779521,0.008758063,-0.08454597,-0.016105918,-0.025361506,0.006823684,0.014288269,0.019003864,-0.04762063,0.04139465,0.02018965,-0.03850936,-0.004926205,-0.02767033,-0.071822,0.9859763,0.990333,56277.008,115.79474,443.22308,565.7945,29.656706,555.02313,0.00064491853,99.16226,-7968.6274,MIRAI-GREIP_FLOOD
2.7287712,47.680817,70.33991,6845.4834,0.017149407,0.004775884,-0.01999528,0.0067113894,0.057769857,-0.008395769,-0.0069227093,4.3078947,-0.11874597,0.6768042,0.022203494,-0.05853405,0.116564386,0.014496215,-0.0236558,-0.013523281,-0.015652483,-0.041399866,0.058647335,-0.0615053,-0.0012129056,0.019034322,-0.025618915,0.035537608,0.9940296,0.98913914,55781.777,90.51701,533.807,560.6307,49.736256,526.7288,0.00052107754,104.82089,-6764.052,MIRAI-GREIP_FLOOD
-0.17770958,45.494675,66.477554,683.25977,-0.034439307,-0.0009685121,-0.015080171,-0.024105323,-0.04614959,-0.0065204618,0.0119362455,-0.31562734,-0.074468546,-0.0072762924,-0.08049126,-0.14225306,0.02875402,-0.0052648224,0.025397928,-0.011188159,0.002502841,-0.0538729,-0.013427377,0.06643114,-0.012027856,0.018316861,-0.026017591,-0.030135509,1.0282135,1.0213107,56546.97,176.61884,663.5576,568.8549,32.87052,578.72687,0.00051320344,97.52919,2963.1592,MIRAI-GREIP_FLOOD
1.2094498,45.957718,76.36163,1815.4355,-0.088286564,0.000810448,-0.06490753,0.0018299461,0.018509638,-0.027095404,-0.023148403,1.937433,-0.059921846,0.043448027,-0.06794548,-0.055741712,0.06332969,-0.00852425,0.0369049,-0.072846666,0.004487708,-0.037541233,0.11410874,0.022285243,-0.036873184,-0.021238355,-0.04716695,-0.020552102,1.0589932,1.0343039,55859.785,176.25385,596.71826,591.64124,-12.4387,578.0326,0.0003976237,99.94796,-6784.8223,MIRAI-GREIP_FLOOD
0.14928246,48.950417,64.69072,4276.068,-0.04522748,0.008684133,-0.05095233,-0.012388192,-0.06344051,-0.010337787,0.022725813,-1.0008249,0.4660125,0.0069410726,-0.10954632,-0.041207895,0.008655468,-0.011710049,0.04792796,-0.01766212,-0.027313363,-0.013475928,0.024897039,0.00050483644,-0.02513134,-0.021453366,-0.035162028,-0.017855145,1.0212289,0.98844963,57240.81,178.07925,501.24802,555.0031,9.732592,577.3816,0.0004507416,104.634926,-1763.9441,MIRAI-GREIP_FLOOD
0.96115494,43.478683,72.62631,-160.96533,-0.025603067,-0.0016000454,-0.011947946,-0.005433941,-0.022922086,0.00025875343,-0.00026214635,0.008361518,0.15812106,-0.010891016,-0.044899937,-0.02125405,0.00153999,0.02947755,0.03387687,-0.005895812,-0.0049702753,0.0012068264,0.0061463714,0.14703803,0.015309924,-0.00038309954,-0.041340534,-0.055988465,1.0044376,0.9931206,49802.582,69.65659,531.15625,501.93665,73.6241,512.8974,0.0011807786,95.572525,5215.792,MIRAI-GREIP_FLOOD
3.9112415,41.76511,62.013004,2110.4133,-0.0068522524,0.002435534,-0.011174012,0.0044195545,0.05584357,0.00066205685,0.016571857,0.77078295,0.06437281,0.016274914,-0.10794234,-0.018224558,0.14673774,0.025632296,0.014905689,-0.008296481,-0.005762805,-0.009440397,0.115630925,0.026839448,-0.014527343,0.039542407,-0.02271791,-0.022902908,0.99675894,0.96958077,48464.715,64.156166,426.26526,449.6317,63.457905,460.11072,0.00056924636,96.383934,540.9962,MIRAI-GREIP_FLOOD
1.3225365,44.869984,63.522266,4274.4023,0.008217291,0.0017453801,0.00063980464,0.018508801,-0.026044833,-0.04127473,0.038420968,-1.7255447,-0.008130074,0.04254342,-0.034145698,-0.051293675,-0.015071568,0.002536364,0.056655474,-0.0018977979,-0.00462234,-0.030016134,0.02923137,-0.0125707025,-0.021208111,0.057437867,-0.0052617444,-0.017655209,0.9592019,0.96624374,53770.457,128.94913,474.0129,493.62564,16.432219,514.7547,0.00038821407,99.30744,-10696.745,MIRAI-GREIP_FLOOD
1.995512,44.171803,64.99735,1315.6084,-0.026650375,0.0027815346,-0.012193335,-0.0106769735,0.06260581,-0.022808203,-0.004150411,1.8930078,0.011214763,0.03244578,-0.013219098,-0.050802127,-0.011558253,-0.0008102413,0.023344826,0.009449789,0.0059104944,-0.028144604,0.060655534,-0.059190948,0.013578197,0.023815101,-0.04701761,-0.052565,1.003029,1.0152965,57723.94,163.31256,475.1761,568.28204,19.859863,552.1747,0.0004737852,96.88736,-1264.3555,MIRAI-GREIP_FLOOD
1.0027485,45.71848,64.33056,3749.9214,-0.018429518,0.00036253408,-0.040043183,-0.013219959,-0.018685922,-8.226489e-05,0.028787421,-1.4863687,0.086463556,0.06764854,-0.056391712,-0.039664015,-0.015147454,0.008906549,0.023693413,-0.008329352,-0.0048636505,-0.016423859,0.051258504,-0.007053044,-0.0263199,-0.013270786,-0.011897501,-0.02540002,1.0160801,1.0045418,54010.94,174.57985,324.79013,519.7346,-40.329174,508.57632,0.00045348424,99.217834,-21938.51,MIRAI-GREIP_FLOOD
0.2590599,51.65197,68.89533,3007.3154,-0.03441131,-0.010710931,-0.031437393,0.00086942496,0.08073872,0.05148573,-0.01569504,6.8875055,0.45002836,0.116507635,0.04123459,-0.0048760744,0.0065491237,0.028016193,0.010534687,-0.05572176,-0.018658143,0.026791243,-0.02425909,-0.02833743,0.072215155,0.002518443,-0.100690015,-0.037025098,0.9982529,0.96645546,61961.074,57.59955,910.9821,639.5759,176.48648,603.1464,0.0006120424,110.39861,48050.87,MIRAI-GREIP_FLOOD
2.210434,42.270397,62.938477,3198.557,-0.02404846,0.08379561,-0.0114375,0.010967996,-0.07095054,0.025311133,0.02034398,-0.18713188,1.1491789,0.06293164,-0.111395255,-0.033875845,-0.011420094,0.008247075,0.0224794,-0.01571763,-0.009626503,0.016552035,0.07702857,0.041754637,0.01643101,0.023768796,-0.04728266,-0.037692703,0.9840592,0.95886594,47578.152,62.28589,485.909,450.07187,62.168472,471.13156,0.00039618154,99.35162,6709.8228,MIRAI-GREIP_FLOOD
-0.60164833,46.729435,64.58227,6286.361,0.00836254,0.001971259,0.02753088,-0.018349336,-0.018332917,0.013166696,-0.009621702,-2.2252774,0.16499045,0.05381437,0.0061050802,-0.09844289,-0.0037591953,-0.018069055,0.021479927,-0.029421672,-0.0064697233,-0.042784877,0.015325189,0.004540443,-0.006591007,0.0023633486,-0.061617605,-0.045099437,1.006707,1.0102427,56446.4,158.80103,438.37732,555.1839,-7.0857716,563.6984,0.00036151306,100.25563,-7054.9067,MIRAI-GREIP_FLOOD
0.6391659,46.393475,63.358215,6604.04,-0.008823927,0.007562389,-0.0155899,0.01681324,-0.04073894,0.0013160316,0.024411457,-1.1780362,-0.10005744,-0.004174998,0.030910468,-0.03137464,-0.005662525,-0.017346628,0.041423373,-0.0351569,-0.015367373,-0.023964077,0.021867573,-0.040976297,-0.02195348,0.035177384,-0.003918214,-0.010925335,1.006072,0.99592143,57592.94,169.24228,491.0822,527.4805,8.939027,530.1374,0.00028998833,98.6028,-6187.1855,MIRAI-GREIP_FLOOD
0.5847893,45.959232,64.13894,366.08252,-0.020829245,0.0031707447,-0.0030615088,-0.00797261,0.0127308,-0.0076753264,0.0038896222,-1.5428483,0.06346526,0.0396668,-0.0009470247,-0.07494707,0.0077828164,0.00085179694,0.020981032,-0.0029682089,0.015673583,-0.013052177,0.04770243,-0.029991766,-0.027990138,0.0065012113,-0.030243192,-0.02248506,0.97117025,0.96397424,56317.766,72.291046,422.9432,545.0132,40.58524,537.42255,0.00045484246,103.124596,-9566.556,MIRAI-GREIP_FLOOD
1.6734486,42.18709,64.50422,909.22974,-0.035349224,0.0034479205,0.035083394,0.0014183688,0.085275896,-0.039203234,-0.019772094,2.2056875,-0.093776494,-0.035892714,0.9566237,-0.056517083,0.0015283466,-0.022064675,0.023521442,0.010254559,0.021881955,-0.02815743,0.10781437,-0.008716514,-0.032035567,0.026235987,-0.034590144,-0.04504513,0.9598391,0.988626,54775.035,102.83157,480.7171,541.045,50.54589,529.36786,0.000540759,98.45095,3750.6145,MIRAI-GREIP_FLOOD
0.83399963,45.66983,64.74226,1092.8787,0.016288517,0.026269952,-0.032485373,0.0062568053,0.02343474,0.010639882,0.007022014,2.3356504,2.0046153,0.8606059,-0.0854986,0.011986285,0.04706878,0.011248965,0.0166308,0.0135440305,0.0064765057,0.0038341666,0.06107819,-0.026357742,0.005832778,0.023080211,0.017400045,-0.021274986,0.9836154,0.9899421,56190.773,67.27818,681.2543,550.77264,109.69836,561.08234,0.00089409994,103.74595,18822.844,MIRAI-GREIP_FLOOD
1.8983803,43.646687,63.862774,170.50244,-0.028398056,0.0028416794,-0.011441616,0.0025094193,0.0075922552,0.0071721906,0.012044566,-0.278046,0.45846123,-0.0010605343,-0.08489397,-0.0023374986,-0.002656298,0.029366259,0.022891633,0.0058075925,-0.0077762846,-0.010032727,0.03439969,0.034913935,0.011391841,0.030192439,-0.021894187,-0.03943956,0.98060757,0.97165626,53412.33,67.98311,536.56445,514.88025,94.900566,521.0623,0.000671266,99.45986,12656.586,MIRAI-GREIP_FLOOD
1.0737438,40.793243,64.28471,3135.8413,-0.0144213885,0.003736242,-0.023595821,-0.002945328,-0.006035777,-1.6468111e-05,0.021391958,-0.06273651,0.0800017,0.028066617,-0.06671758,-0.00748143,-0.019415854,0.009786504,0.0069524813,0.024350734,-0.010723759,-0.021440472,0.059063196,0.11527958,-0.01764321,-0.0014598737,0.004796358,-0.05471408,1.0171412,0.9997524,54378.188,74.88684,532.35284,544.01263,76.901665,550.3256,0.0003236517,93.9535,11868.57,MIRAI-GREIP_FLOOD
1.5132446,45.864437,63.660847,997.6931,-0.016924838,-0.0013963281,-0.021305181,-0.011967202,0.057816014,-0.048402652,-0.015954858,-2.7584105,0.18786249,0.17189124,-0.09397257,-0.0800607,0.07014253,0.012435353,0.068099044,-0.033209756,0.010679722,-0.04321207,0.046951532,0.005851696,-0.023202732,0.013513453,-0.060081884,-0.041989792,0.9706135,0.988243,52854.867,138.06529,402.11758,549.80023,17.327497,554.39825,0.00073904375,99.32497,-11436.699,MIRAI-GREIP_FLOOD
0.48492432,47.359756,64.60853,5416.4106,-0.015472291,0.0087475255,-0.03960623,0.029089166,-0.045671523,-0.02215038,0.010961736,-0.51261497,-0.058071796,0.008242912,-0.058634784,-0.02731446,-0.019869179,-0.02014471,0.042340793,-0.033633426,-0.02137702,-0.050685115,0.026091576,-0.029160691,-0.024489833,-0.003118188,-0.009051449,0.01584551,1.0298748,1.0085522,58033.17,175.53127,483.34955,561.34937,-14.591333,573.9171,0.0001561413,101.85708,-10242.71,MIRAI-GREIP_FLOOD
1.6791248,44.266182,65.62842,3221.537,-0.040950693,0.004766783,-0.041577365,-0.005012641,-0.007579429,-0.00910172,0.03444639,-0.4472661,0.12362978,0.043953437,-0.03847956,0.0039369566,-0.01647749,-0.005649021,0.02653843,-0.032867543,-0.025954973,-0.03601694,0.0964576,0.025164953,-0.017215194,-0.005558587,-0.03340749,-0.04681371,1.0298219,1.0127412,56442.086,176.73639,466.83728,545.70886,-16.771557,545.55237,0.0002550055,97.39894,-8851.445,MIRAI-GREIP_FLOOD
2.844946,44.435055,66.12212,-2108.4937,-0.033113945,0.07909723,-0.004987025,0.07261229,0.029875027,0.013412898,-0.062926,5.946384,4.2805305,-0.033094395,0.07352633,-0.08872446,0.037393894,0.073559105,0.06343393,-0.035274237,-0.06444205,0.0023322087,0.07240665,0.076234095,0.05490489,0.03516902,-0.060140558,-0.007915319,0.9630397,0.88954604,42559.07,57.245575,649.6835,447.90826,91.21677,514.4872,0.007513231,95.816925,-702.1514,MIRAI-GREIP_FLOOD
1.9804955,43.6072,62.93329,1392.2644,-0.06036391,0.020451056,-0.03134138,-0.0007617231,0.0030686473,-0.016674666,0.068503164,-0.78954375,0.25764623,0.03317841,-0.08191702,0.024151154,-0.015089373,-0.0018888293,0.040701944,-0.015540916,-0.039175965,-0.02421387,0.08830154,-0.024486912,-0.022012822,-0.016857443,-0.03735732,-0.039185096,0.98770607,0.96868014,53612.023,177.79257,545.8756,523.578,22.441738,567.55005,0.00030896885,99.09326,7794.028,MIRAI-GREIP_FLOOD
-0.58141136,47.71905,65.269325,4152.9707,-0.009396783,0.007071116,-0.02432315,0.007486579,-0.056400664,0.006450124,-0.020199593,-2.2161872,0.13883296,-0.015354767,-0.01616472,-0.0631028,0.0033846502,-0.022109173,0.044868447,-0.03642187,-0.02470046,-0.013614435,0.0022295117,0.019762792,0.0014533126,0.015074717,-0.02930559,-0.020463794,1.0151943,1.000353,57916.504,165.04909,490.67017,540.2939,4.655424,575.80524,0.00023110247,98.80029,-7504.29,MIRAI-GREIP_FLOOD
0.31246376,46.337715,63.21968,3188.3472,-0.03437957,0.023488412,-0.003186157,-0.015355415,0.04419812,-0.044016965,0.013715083,1.4446882,0.4088944,0.03714619,-0.119564936,-0.08393492,0.018274212,-0.01933161,0.03504404,-0.024477093,0.00199168,-0.0403575,0.11352098,-0.08526692,-0.038506914,-0.03429289,-0.018856924,0.0367359,1.0191433,1.0362204,57564.805,176.96799,544.8651,568.1406,-5.7939224,591.7209,0.00042192673,102.46373,11025.258,MIRAI-GREIP_FLOOD
1.3885937,47.99439,64.59356,140.11475,0.03427554,-0.006717344,0.017872881,0.0026197215,0.031726032,0.019706372,0.003796604,2.346503,0.22715943,0.0906676,-0.1466798,-0.013387773,0.007900226,0.00015093945,0.06199711,-0.02533805,-0.044553496,-0.052343454,0.035893023,-0.0017312207,0.013580355,0.040172257,-0.08263539,-0.012646615,0.9904458,0.96923715,53239.742,55.468437,577.69824,567.34845,83.12551,608.1378,0.00049143634,105.29437,6270.6753,MIRAI-GREIP_FLOOD
2.9968147,41.665688,63.585922,237.78662,0.013588544,0.026386468,-0.012426999,-0.00080817373,0.059534825,-0.001282501,0.025440812,1.0832726,1.8081667,0.43275225,-0.06271584,0.03454623,0.0066057257,0.026677791,-0.0058196066,0.024714267,-0.0066866307,-0.0075118146,0.09385735,0.013350417,-0.0055531375,0.025007356,0.002834741,-0.051609784,0.9901649,0.992684,49530.5,70.14249,513.3682,491.4673,78.804855,494.38098,0.00058378757,94.93533,6735.6665,MIRAI-GREIP_FLOOD
3.4437943,44.408405,64.2617,-1155.0254,-0.031915512,0.003223908,-0.0057300366,-0.017400669,0.101459175,-0.027350841,0.008159437,8.784677,-0.08648069,0.008711684,0.17665854,-0.012135216,0.014604228,-0.013959093,0.004666443,0.000557662,-0.008152881,0.00096063595,0.13546759,-0.0714279,-0.015911372,0.008722752,-0.04916308,-0.05713524,0.9825262,0.97265226,58183.57,98.73984,484.67188,583.13043,62.242622,552.11365,0.0006524524,102.77097,-877.15424,MIRAI-GREIP_FLOOD
0.3912239,45.525772,74.319756,-1385.4976,-0.025479704,-0.0017955113,-0.022108458,-0.0055060396,-0.030918682,0.0030380762,-0.008921496,1.1839867,0.4078016,-0.010909325,-0.03444467,-0.055583782,0.005352043,0.040198658,0.03246577,-0.00762579,-0.024727548,-0.015109978,0.0041621327,0.091045015,0.017024362,0.008590994,-0.04109551,-0.038871035,0.99638504,0.99640656,52930.258,66.11796,559.08813,518.6982,82.31262,517.6981,0.00097165274,100.30337,10360.067,MIRAI-GREIP_FLOOD
3.5177727,42.868515,73.52695,2039.571,-0.006908793,-0.00083113083,0.0057928567,0.01689255,0.06800119,-0.046514288,0.042251214,1.2220026,-0.17055513,-0.013681807,0.041602127,0.02956616,-0.011920715,0.007885279,0.0127670625,0.008667739,0.000841124,-0.034844205,0.11865842,-0.004814039,-0.016835064,0.034978565,-0.048417296,-0.027555425,1.0047245,0.9814322,51394.156,85.87662,459.02768,504.30115,41.979973,509.40973,0.00038550678,99.38238,-11232.233,MIRAI-GREIP_FLOOD
0.5406761,47.278366,62.5321,10414.934,0.008094654,0.02236386,0.015581354,-0.020756042,0.051041424,-0.0147141,0.040038392,3.4251366,0.29548028,0.2518093,-0.05900688,-0.07384998,-0.012254369,-0.010879057,0.050346084,0.037213694,-0.041544452,-0.06276009,0.05895734,-0.10184242,-0.058998536,-0.019800853,-0.012348577,0.0059738476,1.0201668,0.9932884,57762.715,178.37263,463.4173,530.9936,-21.034348,524.4151,0.00012628603,99.787895,10776.9795,MIRAI-GREIP_FLOOD
0.4936695,47.26509,64.21631,10509.199,0.027435755,-0.0020657994,0.043144446,-0.010580096,-0.0024021948,0.029520886,0.016072255,0.28296882,-0.022890193,-0.12609066,0.011485255,-0.0051261857,-0.015585485,0.024753435,-0.022476293,0.007569282,0.011754836,-0.07752685,0.053949,0.058261406,0.046847206,0.042196788,-0.12436302,-0.04837501,0.99905455,0.97907037,58553.008,56.46747,606.25574,567.00745,44.202053,556.865,0.00022815408,102.20247,-2234.6553,MIRAI-GREIP_FLOOD
0.27578163,44.965855,65.0984,4665.694,-0.010996432,0.0031874,-0.019406827,-0.0014778523,0.029599002,-0.029909492,0.0050827395,0.058987737,0.16402727,0.02584713,0.39427805,-0.04116746,0.006917561,0.010726321,0.046825923,-0.014580365,0.017287858,0.0051236153,0.04371947,0.012979346,-0.013650499,-0.00674566,0.024567813,0.004493417,0.98825496,0.9747249,55618.19,71.70888,536.29285,533.5517,71.26093,555.24695,0.00045901112,102.31316,4928.862,MIRAI-GREIP_FLOOD
0.96883965,45.28373,62.54144,8852.055,-0.016428256,0.01015071,0.0051827426,-0.008917666,0.009522777,0.03636803,0.017379867,-1.378367,0.37579057,0.04031958,-0.10058858,-0.06823511,-0.005262059,-0.0066365534,0.0268997,0.04135037,-0.016597098,0.01060055,0.047820985,-0.03349595,-0.01348183,-0.009501345,0.007196236,-0.05019547,0.95766824,0.94029063,54037.496,98.217026,370.26038,507.3093,11.766329,514.51306,-3.191807e-05,98.094604,-9856.194,MIRAI-GREIP_FLOOD
0.13977623,46.901276,64.74684,5357.431,-0.010652765,-0.0076134624,0.007097935,-0.0065948972,-0.009979414,-0.005462025,0.04271176,-2.6763997,0.13418683,0.0287343,-0.08613694,-0.0021274295,0.0051179416,-0.008492772,0.06675479,-0.019669237,0.0065245526,0.013768503,0.019176126,-0.0031749976,-0.013368692,0.00097581884,-0.020136481,-0.022561746,0.9745383,0.9401748,55288.47,102.86476,421.99933,520.895,22.91131,541.7463,0.0001626244,103.46236,-7501.589,MIRAI-GREIP_FLOOD
-0.76395035,46.871098,63.62939,7089.756,-0.01407163,0.004565801,0.0031994889,0.00672657,-0.026843825,0.01885176,0.024353795,-1.4730945,0.12461592,-0.0015724637,-0.027312098,-0.027733516,-0.006313821,-0.02874843,0.03547197,0.013603998,-0.0013386202,-0.036827195,0.01602447,0.0150289675,-0.0037034624,0.03942266,-0.030881578,-0.0532043,0.98630905,0.9506533,56054.47,67.08298,521.77264,526.94977,48.365456,568.2115,0.00031121325,99.20779,-6475.748,MIRAI-GREIP_FLOOD
2.2180748,44.99742,64.909706,3365.419,0.020289423,0.007026867,-0.004147708,-0.003981805,0.034900423,0.0126974415,0.017786216,-0.39860165,0.16390806,0.00028975308,-0.05704166,-0.008469414,-0.028635208,0.0025517773,0.024842534,0.0121067315,-0.03308998,-0.025335971,0.038788617,-0.03562731,0.0028018025,0.002867611,-0.020414788,-0.036774654,1.0111629,0.99287397,54895.516,65.43544,454.28293,514.2923,32.569103,533.5869,7.67586e-05,100.09351,-13218.222,MIRAI-GREIP_FLOOD
3.4834652,44.554695,64.009766,1157.3455,0.009479727,0.0093807895,0.012213007,-0.007913254,0.08933287,-0.0039248727,0.01361965,2.760632,0.25545922,0.20516086,-0.02516339,0.013931575,-0.012449616,0.009149843,-0.005855621,0.0066963397,-0.0043152063,-0.030331314,0.10011035,-0.051913846,-0.017729454,0.021809544,-0.04442364,-0.021861298,0.9717741,1.0016322,50555.312,62.960163,365.91962,478.03488,11.887325,485.6903,0.00046496248,103.02115,-27415.238,MIRAI-GREIP_FLOOD
5.2743864,43.66429,67.61246,4147.8276,0.0062830653,0.0055321055,-0.016539035,0.011998852,0.14221944,0.019973844,0.035644174,9.908317,-0.15256771,0.2068527,0.18246865,0.06949386,0.03108841,0.021062901,0.003297422,-0.030476777,-0.01047609,-0.018908488,0.15214348,-0.07890636,-0.015601458,-0.0099274805,-0.008422368,0.0060541555,1.0055531,0.964196,57696.312,64.30529,752.75275,595.6376,174.06677,555.13245,0.0005012677,102.85014,54989.555,MIRAI-GREIP_FLOOD
1.2433777,45.917587,74.630844,3015.4849,-0.02610654,-0.0012337602,-0.0055694045,-0.00473352,-0.0025788145,-0.015959216,0.0047168927,0.23313558,-0.020159258,0.01176346,-0.0148714315,-0.056783743,-0.0044315793,0.030209355,0.020138873,0.007019192,0.0004416937,-0.035207048,0.033845484,0.03331417,-0.0002693152,0.010695522,-0.017596614,0.034651,0.9910959,0.9610961,53842.45,84.34195,438.88135,530.0614,48.15987,524.2403,0.00025437737,100.9249,-7450.5513,MIRAI-GREIP_FLOOD
-2.0432491,48.227943,63.65317,146.87012,-0.0010287855,0.014630601,-0.03561246,-0.00012656674,-0.09191385,-0.03598293,-0.0049023633,-4.517461,0.048709042,-0.011230501,0.037613783,-0.12136155,-0.008757692,-0.0037175743,0.037558515,-0.08362304,0.011489172,-0.100091286,-0.056353927,0.05282102,0.01219371,0.02121689,-0.06369698,-0.02238674,1.0036211,1.0432942,60710.926,168.67082,611.462,579.0481,25.42785,596.9458,0.0009261126,99.68163,-4793.7534,MIRAI-GREIP_FLOOD
-0.2877407,44.079247,60.11036,4831.0796,-0.005862508,0.0011981762,-0.012122283,-0.0042416165,-0.06257771,-0.0031188484,0.028816082,-2.1117957,0.040677324,0.10222995,0.0015638396,-0.08597654,0.0058175414,-0.0018772762,-0.002094661,0.030951591,0.0048253266,-0.014919404,0.008756578,0.06408088,-0.037043907,0.036279183,0.0046034623,-0.05388476,0.96092474,0.9466421,54096.516,82.30006,549.82477,534.6094,61.296066,523.956,0.0004671595,97.67713,-2095.259,MIRAI-GREIP_FLOOD
-0.13916206,47.76944,65.56195,4233.647,0.0072202827,0.011638894,9.413343e-05,-0.004877088,-0.00702467,0.039052162,0.0072724717,-4.885542,0.26493007,0.097848736,-0.012167002,-0.061337333,-0.00986501,-0.017191721,0.031927958,-0.02417938,-0.0027934113,-0.031525817,0.009284258,0.0111188395,0.035842687,-0.0012703694,-0.050730664,-0.06963021,1.0315808,1.0102105,54797.695,171.44061,451.3813,547.1152,-5.9272594,575.3069,0.00027995062,95.47056,-9704.243,MIRAI-GREIP_FLOOD
2.6618252,43.8033,63.740562,5903.6904,0.0068328064,0.02718336,-0.018951217,0.009213417,0.028517107,0.01608019,0.035880085,0.6212019,0.40843493,0.15843064,-0.12997806,0.009066138,-0.0048577315,0.02187036,0.017703377,0.011385981,0.0015239138,-0.00481199,0.05968654,0.0135093825,-0.008031345,0.042541295,0.014831804,-0.011785933,0.95943576,0.9646238,51666.746,64.52392,381.47986,498.08298,38.13539,504.6604,0.00023414262,97.64593,-4971.964,MIRAI-GREIP_FLOOD
2.0033588,44.17881,67.41714,186.07764,0.005134633,-0.0010213814,-0.0015779864,-0.008270866,0.026272543,-0.02292336,0.0116733825,-0.3308785,-0.06951348,-0.009755938,0.014021842,-0.013764065,-0.011137999,0.013210095,0.023902608,0.0029931124,0.010275756,-0.026395444,0.04577285,0.036505412,0.0019986066,0.007061229,-0.0667443,-0.053748272,1.012914,0.9811538,52395.367,66.99011,457.30667,488.09158,52.45837,500.03513,0.00050021434,97.41275,-7469.949,MIRAI-GREIP_FLOOD
-1.2259426,47.894257,63.341225,8122.467,-0.029229026,0.0032062053,0.0072667557,-0.006669245,-0.071237735,0.032085866,0.038197637,-2.115891,0.14082746,0.036195923,-0.074191906,-0.110547364,-0.0052432003,-0.028673079,0.05417807,0.013418125,-0.011468971,0.0033284863,-0.03012079,0.032033667,-0.007825972,0.012024351,-0.003997106,-0.053539112,0.9826985,0.96457475,55054.344,147.26137,396.04178,519.8563,7.9332914,552.6073,2.4031397e-05,97.861824,-12115.696,MIRAI-GREIP_FLOOD
1.795599,45.0435,63.741184,-191.21582,0.003820248,0.036233585,0.0033490197,0.024463957,0.005136607,0.009161198,0.009189531,0.5961656,2.44564,0.18543476,-0.13067411,-0.00562496,0.010160703,0.03862038,-0.00970004,0.009440942,0.0020707445,-0.043725636,0.056514442,0.0044877823,0.008796437,0.06103175,-0.040798604,-0.01178136,0.97896814,0.99370784,51706.918,58.8774,506.41904,507.89713,63.31234,529.5092,0.00078937627,101.97303,813.4687,MIRAI-GREIP_FLOOD
2.2759838,43.26335,64.090195,4323.6777,-0.009086438,0.003079621,-0.0151781915,0.009354151,0.027661663,0.0140731875,0.0244778,-0.059638977,-0.14101641,-0.014960131,-0.03172397,0.00035005622,0.01068193,3.6810525e-05,-0.0016343035,0.0024940772,0.0014643231,-0.022665842,0.079508305,0.01657848,-0.021093376,0.02883049,-0.008662663,0.006176932,0.98940134,0.962366,55318.45,72.144226,558.72705,548.7605,98.801285,544.21173,0.0003785789,98.61829,9810.756,MIRAI-GREIP_FLOOD
0.77407074,45.28826,65.01241,2788.387,-0.014633656,0.0043551777,-0.015216978,0.004721219,-0.009902773,0.0046241,0.0074256696,0.03337705,0.17724472,0.05237431,-0.08054975,-0.03186963,0.004567878,0.013074584,0.0051974086,0.00019656494,-0.02046433,-0.026458886,0.021260858,0.044642024,-0.0021113898,0.0057138978,-0.010711224,-0.0268765,1.0054303,0.9926375,55504.465,70.67729,497.15622,533.329,61.439995,550.58234,0.00041212677,99.927635,626.32874,MIRAI-GREIP_FLOOD
-0.06306839,44.41696,64.09897,5093.9585,-0.017707389,-0.0007967874,-0.011329534,-0.0009953174,-0.019936427,-0.03155262,0.0097729,-2.1790535,0.14894491,0.03656264,-0.037167944,-0.045968313,-0.005555932,-0.027451877,0.054252334,-0.03062594,0.0075363875,-0.009750001,0.041856706,0.021552386,-0.025446655,0.011222026,-0.02758543,-0.058005672,1.0134435,1.0025642,54412.777,167.73495,472.59113,548.5019,-1.9869308,558.16876,0.000467989,100.23176,1018.1299,MIRAI-GREIP_FLOOD
2.0468712,44.69291,64.239235,2067.4592,0.0018572435,0.010594747,-0.020253763,0.005155453,0.04803253,0.005267716,0.016114732,0.5341791,0.31548852,0.03043506,-0.029340478,0.025747672,0.0061387294,0.003987928,0.018212277,0.00987579,0.0064416556,-0.017787496,0.10593063,-0.050284408,-0.009320297,0.027988423,-0.021725865,-0.0076082437,1.0044413,0.9902466,56353.957,57.92336,547.4147,542.85895,74.60443,547.4494,0.00043881946,100.64146,9969.381,MIRAI-GREIP_FLOOD
-1.0371246,46.038036,63.521496,3314.22,-0.013120182,0.0019367592,-0.0196898,0.00031655468,-0.0694364,-0.013677718,0.027411433,-3.1099439,0.069489636,0.030348204,-0.048240628,-0.056483164,-0.015029422,-0.006351648,0.042605467,-0.024924777,-0.034385163,0.0076788333,-0.019967437,0.004081785,-0.026245251,-0.0053569,-0.02225833,-0.028918393,1.0133458,0.9869142,58164.152,169.94571,513.6388,541.33887,12.106545,546.0574,0.0004817219,99.565575,3550.7551,MIRAI-GREIP_FLOOD
1.1417713,44.75626,72.069244,4471.145,-0.078561336,0.006554577,-0.030523818,0.0038034052,0.0062435903,0.042216178,-0.006287964,0.63698065,0.91713643,-0.07817285,0.005672276,-0.08712032,0.14510684,0.02541415,0.022238221,0.0035576848,-0.0057662395,-0.019882517,0.034947157,0.049040187,0.013695618,-0.012066661,-0.02044807,0.0065484736,0.9846444,0.95145106,54206.32,83.12924,547.3801,542.0957,80.35401,558.3683,0.00012803616,96.85304,-7006.592,MIRAI-GREIP_FLOOD
1.2782764,46.623432,64.04716,3859.7537,-0.03449944,-0.004371297,-0.004130588,-0.031216148,0.04454215,0.016200313,0.021839418,-0.25272226,0.30961332,-0.007243929,-0.070821084,-0.0029839016,0.011426705,-0.0019555865,0.03164119,-0.032506842,-0.006885191,-0.0009981357,0.075877845,-0.053734343,0.008096115,0.014355857,-0.03780146,-0.067841575,0.9811356,0.9722619,53828.207,57.4571,466.36572,537.0897,57.964798,533.1497,0.00041556108,102.36869,10518.731,MIRAI-GREIP_FLOOD
4.2746696,45.4331,66.11271,2373.2815,-0.0094900085,0.0012070275,0.0006197952,-0.0014108157,0.08115193,0.009673479,0.012688012,1.5194795,0.070247725,-0.0036777742,-0.08967993,0.019522883,-0.003626,0.00028344803,0.004775077,0.0015187496,0.0005786773,-0.026629938,0.09528804,-0.017986907,0.0074808807,0.023699624,-0.078474686,-0.02588201,0.98420507,0.9589013,53399.062,66.65526,362.01953,509.56824,35.644753,495.4913,0.0002891536,100.07867,-14960.6,MIRAI-GREIP_FLOOD
2.7166862,46.136864,64.92273,5138.3877,0.031215373,0.003877918,-0.00058513833,-0.012695081,0.059529938,-0.0070429635,-0.017771825,-0.0063399076,0.07351569,0.14377314,-0.059297975,-0.0067255413,0.024165941,-0.012639057,0.026589628,0.0012453413,-0.0127652325,-0.028316855,0.07891786,-0.053768065,-0.025829466,0.011092383,-0.021462338,-0.012844063,0.99565256,1.0082029,55971.23,165.93877,357.58234,519.7807,-45.82246,523.2213,0.00023250813,99.84728,-32372.709,MIRAI-GREIP_FLOOD
1.3218765,44.16369,61.248676,5443.038,0.004922226,0.0046118046,0.012115967,-0.0036637594,0.018893778,0.021345243,0.021818615,-0.7710413,0.10622387,-0.0058618,-0.03427748,0.024992678,-0.024804039,-0.0081337,0.024021557,0.0054058433,-0.014590523,-0.028403932,0.07942331,-0.006315002,-0.014493684,0.057688534,-0.029101342,-0.05715918,0.9894759,0.9564157,53355.766,58.341705,494.44943,512.51917,48.20359,527.2116,0.00030393104,98.22288,-6159.4062,MIRAI-GREIP_FLOOD
-0.2562294,47.769173,64.52804,6051.284,-0.022895476,0.009216147,-0.06254669,0.0024156782,-0.042821705,0.039332915,-0.024094488,-3.702611,0.5519994,-0.11279054,-0.14613162,-0.094066575,0.2414737,0.0017742673,0.07978532,0.003938256,-0.030322941,-0.014522469,0.005484879,0.061358936,-0.0006380002,0.02299236,-0.06357118,0.03418939,0.9630689,0.9488456,54247.723,112.097824,574.1566,549.7996,63.64339,591.0934,0.00047131703,97.1653,-6883.958,MIRAI-GREIP_FLOOD
-0.32710075,46.353233,65.00913,3501.9736,0.0002813805,-0.0041318065,-0.0141105205,-0.008964322,-0.035419263,-0.02071049,-0.02037028,-4.415277,-0.022632701,0.026627036,-0.05519408,-0.059937134,-0.010411377,0.0021215668,0.043860544,-0.021560416,0.015452356,-0.036786027,-0.013977885,0.036311302,-0.009312889,0.020329049,-0.028653478,0.0046635885,0.97834265,0.9944982,54884.902,145.01035,467.93073,527.2609,0.054944992,546.7574,0.00040339172,99.83787,-15241.255,MIRAI-GREIP_FLOOD
0.4259243,47.615475,63.42421,3289.6753,-0.030206475,0.013589135,-0.027193593,-0.002133866,-0.0068538915,0.00062492385,0.009462682,-0.23437488,0.33125934,-0.012317224,-0.09286785,-0.072806664,0.115777865,-0.018462947,0.062211744,-0.032895323,-0.04836688,-0.027080392,0.011723042,-0.04583033,0.0023045717,0.039640017,-0.023780122,0.0014198199,0.99248904,0.9928755,57817.625,164.60687,646.02344,536.1633,52.87026,563.68494,0.00045000354,102.24635,3207.9124,MIRAI-GREIP_FLOOD
1.9660397,45.149822,66.82011,-1025.8394,-0.0019584503,0.0034683165,-0.011975711,-0.005145315,0.0055783,-0.022579627,0.009895516,0.29453403,-0.07000961,0.08029887,0.36073726,-0.0012172665,-0.00055386126,0.0034567853,-0.014138866,0.028931165,-0.0011018082,-0.019738998,0.05730927,0.021395879,-0.032330263,1.03446655e-05,-0.030655287,-0.03567515,1.0140527,1.0155016,52748.246,65.06914,466.4527,525.83905,52.256485,514.9145,0.0016618936,100.82775,-9328.033,MIRAI-GREIP_FLOOD
3.5654526,44.796818,63.54469,4233.779,0.0046489574,0.0062796087,-0.030172262,-0.010016471,0.09439853,0.02128946,0.005562969,0.27137554,0.14403042,0.03581887,-0.07026502,0.01995017,0.01151698,-0.007326961,0.006885184,0.04363752,-0.004328047,0.012512993,0.1311552,-0.11142013,-0.022265652,0.008141769,-0.0055074925,-0.029257338,0.9982387,0.9901445,59824.164,72.57338,482.33286,556.0902,61.94032,541.71765,0.00024111061,99.3273,2732.6206,MIRAI-GREIP_FLOOD
0.35721016,44.58052,62.333763,5167.2256,-0.01030757,0.0077998764,0.015894739,-0.0068657803,0.014552815,-0.007298575,0.04827017,-0.7817538,0.15118252,0.08876049,-0.037581317,-0.074643105,-0.01517867,-0.019442782,0.05287459,-0.0046557,-0.017385716,0.004054811,0.012539744,-0.040291537,-0.018899964,0.03199308,-0.006606886,-0.05764305,0.9785193,0.9618348,56007.965,154.2539,449.58124,494.41858,9.846409,510.82693,0.00038704206,98.95763,-5417.0166,MIRAI-GREIP_FLOOD
0.2632103,45.181416,64.01629,6534.734,0.0025990512,0.0010129212,-0.0064023933,-0.006221168,-0.050374255,-0.014601671,-0.00015468104,-3.9518886,-0.16848317,-0.009919926,0.009962338,-0.060472082,-0.021483665,-0.026355095,0.03401988,-0.01750649,0.03296278,-0.036235996,0.016907275,0.028382612,-0.027199315,0.031154737,-0.012169945,0.010043475,1.0057169,1.0020816,55640.066,169.12128,380.4538,520.4054,-27.010738,530.8674,0.0002298226,97.1871,-16005.892,MIRAI-GREIP_FLOOD
1.5268955,43.727737,62.045475,1306.7097,-0.015984109,-0.00095042953,-0.0126510775,-0.0018786149,0.011895552,-0.026598502,0.023132231,-0.21590126,0.004225597,0.013796983,-0.026870018,-0.04590679,0.043392386,0.009632785,0.0038038148,0.011242911,0.010130856,-0.02016126,0.054916263,0.038959883,-0.030780641,0.024665792,-0.02361253,-0.029635753,0.9715084,0.95629036,53515.574,79.86621,537.46936,508.81146,82.57004,498.742,0.0005363959,98.708145,3920.553,MIRAI-GREIP_FLOOD
3.5747871,44.795815,66.45474,985.2334,0.0028965902,0.014202185,0.008341323,0.22449099,0.12352191,0.003712094,0.039286196,12.6503525,0.54467523,0.056602173,0.016599294,0.001985333,0.012876275,0.045092683,-0.017531281,0.0007343991,-0.005162242,-0.024397254,0.14183986,-0.01984178,-0.005281081,0.039637297,-0.04236303,-0.010868059,0.9918916,0.98131216,53120.06,58.77417,989.8213,512.267,141.09525,517.00806,0.0022702084,102.878746,19717.797,MIRAI-GREIP_FLOOD
4.5739202,41.69245,67.68498,5373.539,0.004469808,0.0052705067,-0.016955236,0.012156566,0.104489654,0.022732146,0.03388952,1.921743,-0.06478028,0.54065186,-0.0265223,0.04767558,0.0005447734,0.008991937,-0.0070043793,0.0040748063,0.0149625335,-0.02193654,0.1474399,-0.03241767,-0.024821525,0.006212478,0.018801786,0.006585885,1.0019318,0.9951472,53604.113,75.55156,560.0643,527.24646,86.5929,519.44476,-8.988487e-05,96.52964,9170.365,MIRAI-GREIP_FLOOD
-0.2699871,44.11997,62.766712,4284.23,-0.001074085,0.006286113,0.0061461353,0.00092428917,-0.02956638,0.04657972,0.021593511,-0.68350446,0.06627159,0.3717072,-0.020030562,-0.013676433,-0.0056012557,0.004747091,-0.0073034964,0.030635158,-0.015219684,-0.010914066,0.036994994,0.06999204,-0.016223988,0.03244525,-0.011138156,-0.027398953,0.9921789,0.9749373,54144.055,66.085434,493.3453,519.7133,55.52946,533.1641,0.00035217332,96.946236,-2282.397,MIRAI-GREIP_FLOOD
-0.08033562,44.796223,63.229874,2677.6582,-0.021433635,0.00065050647,-0.008267854,0.005298937,-0.025080742,-0.035211697,0.020732673,-2.9437275,0.024287624,-0.044066586,-0.031416707,-0.03494377,-0.00870009,-0.03664585,0.051632375,-0.06310838,-0.011706584,-0.014529242,0.02644968,-0.013384079,-0.0058814255,0.03712648,-0.03466998,-0.04999662,0.971301,0.9843772,55528.426,163.04326,502.18103,512.7819,23.464853,572.8319,0.000636881,100.331665,3651.7969,MIRAI-GREIP_FLOOD
6.0984173,44.440243,74.05714,894.6028,0.0017597899,0.011031669,0.0008598529,0.04347238,0.16714191,0.013454771,0.024889046,16.716064,0.38534895,0.21285617,-0.02236723,0.06056171,0.023877984,0.04997514,-0.009462902,-0.018361952,-0.03594382,-0.05199273,0.16041297,-0.013443322,0.014619276,0.05766809,-0.075003535,-0.03666965,0.9733942,0.9801423,46923.11,66.45814,725.3365,468.38217,100.66916,451.98596,0.0017135243,104.05053,11776.643,MIRAI-GREIP_FLOOD
3.3437424,44.417023,73.44248,686.3833,-0.0076298877,-0.0026833771,-0.005002208,-0.0042176987,0.07023302,-0.020730272,-0.018394778,1.5578276,-0.16764967,0.10615255,0.09208795,-0.046771742,0.008945099,0.024602933,0.031315655,-0.003501568,0.025401274,-0.054965556,0.07477969,0.028299522,-0.008512402,0.0192646,-0.07851021,-0.017229427,0.9683633,0.9819601,50396.336,130.99426,470.88324,518.76245,21.222868,512.15405,0.0005276819,95.98673,-7751.8594,MIRAI-GREIP_FLOOD
-0.6553955,48.418686,65.15219,643.09595,-0.0059400685,-0.0011806748,-0.015215351,0.002518522,-0.041672066,0.03144862,-0.01313508,0.5887315,0.29801542,0.042996548,-0.056594312,-0.018523464,0.0018991431,0.017911106,0.017597128,-0.021904074,-0.0017088652,-0.018023765,-0.056732535,0.07342489,0.032962043,0.041110292,-0.042279102,-0.010375985,0.9767945,0.9847563,55649.11,57.337875,505.14914,537.8072,62.129086,572.565,0.00078786304,103.01529,-6608.4277,MIRAI-GREIP_FLOOD
2.3010979,46.676716,64.40396,5661.7446,-0.025719363,0.0789377,-0.10931305,0.036460645,0.052388057,-0.04909437,-0.066606455,9.539034,2.725134,-0.10012914,-0.12779166,-0.06761371,0.17652698,0.012969103,0.1273547,-0.026031332,-0.05638687,-0.07328949,0.04164666,-0.011830203,0.023512628,-0.009273481,-0.051985167,0.033341914,1.0112867,0.9739908,54538.48,147.33841,594.9319,508.72104,46.03054,544.96173,0.0005105925,99.47811,3877.344,MIRAI-GREIP_FLOOD
-0.09737587,45.306087,61.031708,2760.1846,-0.006604437,0.006453011,0.027527444,-0.01231104,-0.04435233,-0.0054215263,0.060740888,-3.6470776,-0.0065636635,0.124011755,-0.021979408,-0.06007719,-0.0035004248,-0.006160806,0.006989455,-0.0055021793,-0.007142557,-0.04984777,0.043888748,-0.0071450328,-0.07199596,-0.018299596,0.02489746,0.027060203,0.98575896,1.0096549,53477.64,178.38719,389.04254,511.93494,-18.736023,532.92206,0.00037030148,100.433426,-3664.7678,MIRAI-GREIP_FLOOD
1.9785156,45.34908,63.705856,2196.4968,0.031133665,0.0069432794,0.0139702745,0.007562072,0.054673128,-0.0045099864,0.008741751,2.0259168,0.16309379,1.1490681,-0.08613403,0.012840987,0.0067850174,-0.008893841,-0.007975683,0.0018569035,-0.015638426,-0.050012633,0.0997358,-0.0013793595,-0.0155858155,0.04517688,-0.052510966,-0.023793744,0.96799994,0.9821238,52148.133,66.695145,536.51715,538.69165,66.61952,555.1795,0.00037647743,102.632545,-651.9287,MIRAI-GREIP_FLOOD
-0.3188572,45.91305,62.266907,3014.5586,0.0040689297,0.01684684,-0.0014145137,0.012489254,-0.032084107,0.03426096,0.027621677,-0.29378247,0.2906033,0.55500066,-0.054686382,-0.04185429,0.0020301782,0.013249692,0.0035379175,0.0321822,-0.0085779065,-0.024177229,0.02922982,0.011544907,-0.028227063,0.028850283,0.010449117,-0.015463499,0.98697644,0.9702962,57662.57,67.93265,496.66586,540.7693,65.51222,543.53265,0.00045194715,99.91312,-2505.9204,MIRAI-GREIP_FLOOD
2.3133698,45.080517,66.18482,3336.8462,0.011833714,0.013012274,0.011550189,0.024883738,0.07014652,-0.014867214,0.0229569,6.460541,0.45987758,0.11733451,0.011079683,-0.017567087,-0.0011510364,0.019277956,-0.0026567793,0.0053271465,-0.029599873,-0.053213075,0.08711153,-0.021405144,-0.014865928,0.002377011,-0.012631252,-0.011626351,0.9954298,0.9950599,55231.08,78.90025,602.7517,542.63385,70.223785,563.3992,0.000368189,103.949005,2276.7637,MIRAI-GREIP_FLOOD
-0.5543461,46.694153,64.375885,3602.3232,-0.028135115,-0.0035103862,-0.051878955,0.0071201357,-0.07248202,-0.01745082,0.010982771,-2.3987184,0.1438557,-0.0065622386,-0.08267167,-0.07644626,0.07972018,-0.029718366,0.04702121,-0.07287706,4.0465966e-06,-0.007900697,0.008777857,0.062271375,-0.020720305,0.01122272,-0.04131721,-0.017909348,1.0236158,0.98463047,56478.715,173.63705,604.23364,557.4269,14.485573,592.31616,0.0005380842,100.25402,-7044.4155,MIRAI-GREIP_FLOOD
-0.41713905,43.84691,64.215675,3426.3823,0.0016315654,0.011798092,-0.02308906,0.008712279,-0.040550306,-0.029505298,0.011614644,-3.10809,0.65422237,0.07665658,-0.054526195,-0.058433242,-0.0068641896,-0.012453537,0.06975481,-0.037076227,0.0042512547,-0.00666474,-0.026547253,0.05760134,0.0017531565,0.013670519,-0.010712905,-0.037831806,0.9797546,0.98535603,54168.125,157.86066,564.1581,528.7659,36.71659,581.4238,0.000534358,98.590225,2583.965,MIRAI-GREIP_FLOOD
0.5564289,47.002274,64.998886,4127.894,0.0016382057,2.2206455e-05,-0.008641238,-0.014228806,-0.025485838,-0.0200163,0.012443332,-1.7412255,0.12668799,0.10209736,-0.003293939,-0.059615463,-0.027600551,0.004815194,0.045929845,-0.017733216,-0.028209798,-0.027084688,0.0037730336,-0.026584644,0.0054406724,0.0020626606,-0.046406273,-0.06839524,1.0377796,0.9991542,57817.816,165.39973,447.9228,543.1901,-10.230539,536.13153,0.00045559052,100.13892,-10170.486,MIRAI-GREIP_FLOOD
-0.476202,45.801853,63.287064,7936.505,0.013445981,0.005111497,0.01000668,0.002375879,-0.06129001,-0.030104944,0.008522616,-4.088198,0.13214794,0.004437212,-0.017686445,-0.044593703,-0.03178701,-0.028773902,0.03847791,-0.05686391,0.007288735,-0.028822184,0.009035051,0.029258635,-0.02730668,-0.0010760815,-0.031393636,-0.020888459,1.0377527,1.002596,56028.633,170.93181,476.65247,507.3926,-7.7875137,521.9255,0.00043999095,96.97609,-2789.9502,MIRAI-GREIP_FLOOD
3.8421516,45.49291,63.36777,3067.765,-0.0397276,0.015119783,-0.04422939,0.0028231312,0.112168595,0.016801706,-0.017685184,10.614773,0.2765056,-0.13447087,0.06770481,-0.047034055,0.21249819,0.0030151894,-0.01251452,-0.030181166,-0.016486416,-0.032435995,0.11765814,-0.04558776,-0.0117874015,0.050575413,-0.055830706,0.018612979,0.9929793,0.95907754,55985.78,59.42791,1102.3574,559.2699,248.62564,520.57587,0.00073731894,102.78017,63779.066,MIRAI-GREIP_FLOOD
6.451396,42.40943,64.375244,6967.4277,0.029662287,0.012618914,-0.019034354,0.001847572,0.16620003,0.019064572,0.05592844,9.497239,-0.109767556,0.050998982,0.0129497405,0.08795586,0.006313228,0.014722504,0.0272093,0.0396139,-0.0015080534,0.0006547384,0.17966384,-0.06463947,-0.032488808,0.011031974,0.008902269,-0.009120031,0.9797889,0.94140714,56007.32,75.71913,520.52936,527.45435,110.24437,494.98145,8.342262e-05,96.862976,21247.383,MIRAI-GREIP_FLOOD
0.38441277,45.92755,63.58739,5893.668,-0.010367491,-0.008577678,-0.0064462842,0.009319112,-0.004869288,0.018114148,0.016988171,0.035823524,0.0012556463,0.06893464,-0.028701946,-0.017088857,0.00947439,0.0026738783,0.018719623,-0.0082037635,0.0033767708,-0.028760647,0.039789498,0.06690301,-0.022186372,0.030754797,-0.019234935,-0.034605928,1.0144365,0.98769486,54474.4,58.772827,574.1311,552.9309,97.01589,561.06616,0.0004132378,100.22874,8439.757,MIRAI-GREIP_FLOOD
2.7946796,45.232582,64.85099,2954.0244,-0.013145952,0.009906092,-0.035801142,-0.0035925133,0.07221344,0.01575692,-0.011004627,2.0918796,0.63769543,-0.023219353,-0.06366712,0.013283053,0.018671094,0.019299181,0.024389591,-0.006871824,-0.011691231,-0.0066499645,0.09587461,-0.052487705,0.020680523,-0.00038904487,-0.010861083,0.007861516,0.99106914,0.98985255,55562.387,63.52157,607.0206,521.9981,89.206825,540.9225,0.00042340433,102.53019,11084.02,MIRAI-GREIP_FLOOD
2.4995842,44.135868,63.915756,3945.8684,-0.01402403,0.0031739858,0.019729955,-0.01726274,0.06677225,0.007654926,0.016591346,0.94707966,0.057095848,-0.081739604,-0.013949012,-0.0062918756,-0.009168196,-0.013257556,-0.021019962,0.034541316,0.0092846425,-0.020203592,0.10630959,-0.014032623,-0.008158335,0.017653028,-0.053685047,-0.07045512,0.99059874,0.9763637,52557.09,64.82829,380.05005,536.3662,48.86526,517.22125,0.00047684956,98.83701,-6138.987,MIRAI-GREIP_FLOOD
4.3631697,42.17692,67.15111,-489.60645,0.023250189,0.029160649,0.020463748,0.026703894,0.12491962,-0.0015744945,0.0070415763,14.15798,1.9462574,0.22003086,0.013484748,0.11019472,-0.021242127,0.0105294855,-0.016666569,0.021880142,-0.035244126,-0.030523308,0.17577094,-0.02240165,-0.010880968,0.05036916,-0.022265047,-0.045137666,0.99500716,0.99620754,55259.863,56.497055,903.73956,599.1603,215.76404,583.092,0.003153135,98.40162,81922.72,MIRAI-GREIP_FLOOD
1.2724056,45.587902,64.271645,5105.55,0.012667304,0.004724896,-0.015319871,0.0062488895,0.0009473339,-0.0020121508,0.016656566,-1.8039815,-0.248449,0.11488041,0.020914443,-0.030762283,0.005395947,-0.048471432,0.024535598,-0.040520854,0.020573132,-0.03186087,0.05242431,0.005680515,-0.01871175,0.03133738,-0.034906574,-0.023888664,1.0230662,1.0247395,55943.703,170.91986,367.56635,496.4305,-19.046883,513.47034,0.00024654268,96.924255,-15117.221,MIRAI-GREIP_FLOOD
2.0068626,44.632313,64.61972,14090.738,-0.052664176,0.0016378198,-0.0198582,0.00585524,0.012687238,0.021742731,0.015110813,-0.120230556,0.12327409,0.0010615773,-0.15073147,-0.028622415,0.00429419,0.020837767,0.018300468,-0.005053049,-0.0028874725,0.00984244,0.059922457,0.02893422,-0.026521534,-0.010519758,0.0067042746,-0.004416015,0.99603593,0.97031856,53961.293,68.37945,452.11093,536.24207,72.40315,543.66943,-4.6954534e-05,98.93436,4114.154,MIRAI-GREIP_FLOOD
-0.32204628,45.40209,62.932693,3864.3213,-0.015257444,0.0024028372,0.0015431014,-0.004096791,-0.062704995,-0.0055992706,0.016828507,-1.1212318,-0.042860936,0.09067376,-0.05767648,-0.095005006,-0.0059602754,-0.012046377,0.022740573,-0.014758242,0.021581855,-0.025225192,-0.0098719,0.048025213,-0.029771337,0.020131718,-0.006548534,-0.020711536,0.99882114,1.0064977,53651.51,172.97778,415.9765,515.0727,7.0934753,536.62036,0.00036970823,96.9971,-6028.63,MIRAI-GREIP_FLOOD
3.472231,46.66712,65.41112,6774.805,-0.035632,-0.003523104,-0.018352961,-0.0040608402,0.01813769,0.011295868,-0.0035504159,0.31458992,0.10447188,0.051209107,-0.15782891,-0.03264258,0.13026099,0.01648985,0.0027044723,-0.004523527,-0.010985989,0.013513111,0.0490849,0.012218631,0.0029967306,0.00027569127,-0.039852373,-0.002944544,0.99524647,0.96925175,52587.645,81.884476,351.06537,498.35437,23.139568,510.38736,0.00028273917,101.25646,-13313.123,MIRAI-GREIP_FLOOD
3.7471313,42.473892,75.610405,310.83984,0.013600459,0.0071039535,0.008890605,0.0125009855,0.05770489,-0.029408023,0.01957923,3.0219283,0.2680401,0.24401951,0.006768517,0.02424848,0.009240033,0.043918416,0.010987026,0.0078122686,-0.011113049,-0.04146102,0.10025334,0.083128706,-0.011455725,0.020630933,-0.044860635,-0.039746337,0.99846345,0.9968222,44464.926,67.37434,495.8172,460.51974,60.003742,454.1992,0.0019566636,97.44498,-2024.6118,MIRAI-GREIP_FLOOD
3.1362228,44.528046,78.85866,321.812,-0.01165741,0.008291305,0.026777273,-0.01667339,0.060492568,0.017482078,-0.0059934356,0.0711388,0.030078065,0.08298513,0.084422685,-0.030985808,0.0028205868,0.018315716,0.02253839,0.044269856,-0.019949751,-0.034377404,0.07699305,-0.0007475429,0.002961054,0.016034894,-0.07106365,-0.030286457,0.98008263,0.98329467,50129.06,68.07719,363.72235,474.19046,-6.385515,465.50247,0.000654394,99.60924,-24815.277,MIRAI-GREIP_FLOOD
-3.5668392,49.836086,63.45772,6863.5977,-0.033075724,0.0057768957,0.015699828,0.018050203,-0.14337854,0.039589584,0.012047175,-3.6648617,0.09956816,0.020783983,-0.03215515,-0.13896409,0.008414235,-0.068164244,0.050676838,-0.0042150123,-0.023038581,0.017511897,-0.06703502,0.051410563,-0.02292212,0.023290873,-0.0013666507,-0.05053708,0.98553014,0.9782497,57090.523,156.6593,512.27014,546.0042,7.2678204,595.8411,0.0003915334,100.69859,-21617.793,MIRAI-GREIP_FLOOD
0.90717125,45.08355,63.876072,2257.7947,0.022141002,0.0075273006,0.019596351,-0.014993921,0.028444977,-0.02421942,0.04395515,-0.9986279,0.22864404,0.11562623,-0.03190759,-0.031279508,0.003932739,0.035846896,0.042062536,0.006495905,0.03159956,0.0077875373,0.036477387,-0.039615832,-0.009665648,0.008818373,-0.013578424,-0.024077555,0.9638223,0.97188175,53573.426,99.323814,473.90295,504.818,32.55785,504.52167,0.000562673,103.43389,-1313.8799,MIRAI-GREIP_FLOOD
-0.15468597,49.583904,64.39767,5710.3057,-0.020662902,-0.0037718446,-0.023059137,-0.0051269513,-0.04475587,-0.030016925,0.004834486,0.15253085,0.13816965,0.01790918,-0.05498565,-0.03957928,0.007012494,-0.0065863132,0.0379802,-0.038645156,-0.011885063,-0.03891361,0.009597242,-0.027279757,-0.039083097,0.011999903,-0.03074024,-0.020243127,1.0316302,1.003282,58337.266,172.43903,506.33347,560.952,-13.668737,557.8698,0.00031084495,105.16742,-12220.897,MIRAI-GREIP_FLOOD
-3.3315296,51.077423,64.576416,3503.9172,-0.017444544,0.010991928,0.0058137346,0.0068648974,-0.10855516,0.03484765,0.013564413,-4.075446,0.17610787,-0.010071536,-0.061741702,-0.121614456,0.0072211246,-0.047921218,0.05172659,-0.02968552,-0.0049617584,-0.013887435,-0.09611887,0.048341136,0.00777153,-0.004562633,-0.044304464,-0.047729645,1.0281594,1.0254967,60164.66,175.71967,608.9696,542.32635,23.912304,590.38556,0.00034850472,99.678795,-1320.9863,MIRAI-GREIP_FLOOD
2.6340694,43.21404,65.29336,2884.811,0.007089795,0.0048385356,-0.025093973,0.08540542,0.061025627,-0.010985225,0.03750826,1.426636,-0.03976813,0.09955041,-0.039350953,0.009835389,0.0067083,0.023679148,0.011798442,0.008121025,0.00039650127,-0.019144615,0.10436112,-0.018983776,-0.0149666555,0.01712946,-0.0063322484,-0.022146804,1.0118799,0.9943344,54198.105,76.66841,711.359,531.5656,105.252525,545.44354,0.00040915186,97.40926,15137.613,MIRAI-GREIP_FLOOD
0.13725853,43.96382,62.72887,1848.4553,-0.017746877,0.0040583108,-0.0013553887,0.0046237963,-0.034786,0.008982048,0.010368288,-0.7781981,0.17871417,0.07382851,-0.04099045,-0.037993047,-0.006477959,0.024490172,0.0011834549,0.014200212,-0.011379063,-0.017764576,0.0078395605,0.087143,-0.024438616,0.025366286,-0.007848143,-0.04968738,0.996769,0.98788035,53706.742,68.46851,547.4425,534.63055,84.3468,545.13794,0.0004502718,97.56648,9663.817,MIRAI-GREIP_FLOOD
2.0182667,43.949944,63.769817,4576.369,0.007345881,-0.010226708,0.009714157,-0.0108735515,-0.036714517,-0.014900921,0.038037166,-6.025198,-0.011853203,0.025917202,-0.07604724,-0.045927458,0.0063576074,-0.025984868,0.06274064,-0.04405828,0.02771845,0.018175937,0.047411144,0.059794433,-0.024905525,0.037040424,-0.042482913,-0.061224125,0.9695473,0.9474507,48386.94,133.56671,339.8418,442.1391,-14.909084,477.73904,0.0003892922,96.2853,-16916.682,MIRAI-GREIP_FLOOD
4.8905106,42.330856,67.85286,2459.6475,-0.026042651,0.0025528357,-0.0004786742,0.005138388,0.11109875,0.0018022762,0.021825219,1.314481,0.09726438,-0.05564254,-0.1194648,0.07572613,-0.004908548,0.01798321,0.019937322,0.019540831,-0.015663771,-0.015743867,0.13924825,-0.030938763,-0.003219156,0.008428224,-0.020831933,0.004889751,0.9925821,0.97294873,52228.117,77.74646,416.13974,498.21158,48.49979,490.81607,0.00010810865,97.09979,-561.0413,MIRAI-GREIP_FLOOD
0.97031784,45.65947,63.11886,1703.6328,-0.020889577,-0.0090791555,-0.018407889,-0.01701989,0.008489644,0.026673388,0.029393492,0.7004354,0.030454092,-0.042841993,-0.015158614,-0.046139058,0.01705794,-0.007451493,-0.0068482617,0.00020837877,-0.0010809139,-0.025843665,0.07827437,-0.03182494,-0.01722172,0.021218117,0.0017275754,-0.037863676,0.99097663,0.97607106,58535.258,66.890526,580.02246,592.8743,101.52918,578.51825,0.00065500906,103.0313,8868.56,MIRAI-GREIP_FLOOD
0.46748924,46.893417,65.81742,4856.46,0.00366495,-0.0043458757,-0.044099905,0.008311071,-0.036911607,-0.038260862,-5.68456e-05,-2.60724,0.123127535,-0.017650317,-0.098363414,-0.028273076,-0.013052105,-0.01775547,0.07231451,-0.0419683,-0.003873317,0.006740475,0.020853877,0.021156497,-0.01591023,0.02934018,-0.045383856,-0.0095005045,0.99733555,0.95289457,55716.59,149.32732,430.89316,516.7655,-17.217918,544.191,0.00028218102,99.64542,-18903.691,MIRAI-GREIP_FLOOD
1.5337067,41.516056,65.10614,1083.0295,-0.024975888,0.019373113,-0.022980362,0.0077254674,0.027979307,0.016965767,0.026507007,1.1153709,0.7003551,-0.015924634,0.01484921,-0.021327863,0.031678177,0.029223727,-0.003325045,0.0012695603,-0.0020469585,-0.0064141396,0.0631395,0.016972527,-0.012918058,0.0015926221,0.02787739,-0.016339986,0.98733926,0.98582613,56858.297,74.7726,790.34973,578.876,164.146,581.50635,0.00046187238,97.576904,44554.3,MIRAI-GREIP_FLOOD
1.4245167,44.687744,67.31729,2037.8223,0.0075227763,0.0028308015,-0.013890814,0.07938961,-0.002503165,-0.0044137537,0.028118249,-0.055716753,0.1898416,0.023255914,-0.090458244,-0.067131236,0.04792267,0.029598556,0.038196605,0.005056481,0.0046936097,-0.0026029628,0.026738703,0.06067134,0.0090237865,-0.00039542443,-0.03445227,0.0027758814,0.9944675,0.968267,50902.023,108.59788,645.5705,504.20465,61.36756,533.8066,0.0006141167,99.57718,-2404.7925,MIRAI-GREIP_FLOOD
-1.6162548,46.19085,62.296482,3408.686,-0.02550865,0.00812269,-0.007286779,0.013946349,-0.08735313,-0.012967372,0.022250168,-3.1163988,0.23678742,-0.009513869,-0.0420179,-0.06721293,-0.0061767856,-0.02707565,0.057358876,-0.032262277,-0.0039476575,-0.024638284,-0.022196531,0.028118443,0.0024353666,0.04128962,-0.0066980766,-0.016376019,0.95917386,0.9702965,56291.977,160.17186,537.817,554.22217,30.23336,596.37274,0.0004793157,100.38181,-4147.971,MIRAI-GREIP_FLOOD
-1.2115479,48.288315,64.152916,3121.9924,-0.042686157,0.0018487232,-0.025716182,0.0036478543,-0.0998737,-0.0029192357,0.038180016,-1.8647404,-0.11759069,0.042428307,-0.09862782,-0.08087144,-0.0073540257,-0.02392038,0.027985817,-0.01644076,-0.014284013,-0.030498665,-0.033653736,0.02204889,-0.036208298,-0.006024344,-0.009428695,-0.015927056,1.0048456,1.0009441,57535.996,176.21399,462.76074,549.13324,-0.19934464,582.9963,0.0004406444,101.30187,-7953.513,MIRAI-GREIP_FLOOD
-0.95560455,49.080635,63.716347,1491.6279,0.017256156,0.010505956,0.0072194654,-0.009554047,-0.02281014,-0.00970809,-0.01028061,-2.542702,0.3620202,0.24465492,0.048585687,-0.025520204,-0.009196173,0.0015760912,0.0044085877,-0.032840177,-0.0045042927,-0.054123543,-0.008720756,-0.03895056,0.02408649,0.009198717,-0.05356434,-0.018310383,0.9635361,1.0300148,57251.793,162.6438,396.4935,554.072,-9.276649,585.611,0.0005611664,104.16486,-13350.333,MIRAI-GREIP_FLOOD
-1.6370201,50.077633,61.202,5748.778,-0.022612307,-4.9177557e-05,0.014660738,-0.012311938,-0.0468802,0.0417647,0.070358455,-1.343468,-0.053597283,0.128458,-0.07164861,-0.102043405,0.00036981702,-0.026592173,0.025924243,0.011895349,-0.00847394,-0.004402064,-0.028876781,-0.05363645,-0.047573727,0.046911184,0.0025478192,-0.00221584,0.99298793,0.9767109,58475.184,176.39319,329.9126,516.7594,-17.012844,514.6828,0.00033545768,102.327156,-12665.343,MIRAI-GREIP_FLOOD
-2.07617,49.685066,62.99594,5102.215,-0.016474115,0.010896653,0.014729284,0.0014503765,-0.0898801,0.049590398,0.019362828,-2.832344,0.52403903,0.058702305,-0.028833577,-0.11580273,-0.00032107718,-0.013557227,0.021940826,-0.018081237,-0.013264546,-0.006619799,-0.064416945,0.040054064,0.025174366,0.025113935,-0.024472695,-0.02146787,0.94823766,0.9823866,54659.31,163.18335,408.3374,530.9082,9.466038,569.55914,0.00031484992,100.30537,-12767.924,MIRAI-GREIP_FLOOD
-1.9239197,47.3647,63.61763,6168.051,-0.048370752,0.0067663016,-0.029557277,0.0006694589,-0.08898681,0.011288282,0.0070526656,-0.17098367,0.36350134,-0.036376636,-0.06254853,-0.068771295,0.05337302,0.0043804524,0.029712778,-0.012831202,-0.003260912,0.007584444,-0.04060048,0.08428697,-0.019671276,0.0011265674,0.006682859,0.0012686383,0.9716338,0.94431967,55733.3,80.197876,495.15976,549.5388,66.94015,575.85333,0.00036667072,101.13723,-10229.783,MIRAI-GREIP_FLOOD
-0.37464333,45.899887,61.557785,25950.057,-0.009529506,0.017114196,-0.00018161489,0.03617909,-0.073116474,0.021976314,0.04299812,-1.9396732,-0.10242343,0.11420705,-0.13325883,-0.01789649,-0.039295807,-0.06039097,0.048555903,-0.037120298,-0.04023006,-0.0010018703,0.016702652,0.02121308,-0.02538871,-0.031714235,-0.021940436,-0.025506854,1.0279292,0.9559681,55550.23,177.04547,458.846,505.90527,-6.661274,524.9841,0.00010550098,95.213684,6959.8857,MIRAI-GREIP_FLOOD
3.2160015,43.012756,63.501293,6491.2197,0.0068430416,0.030617664,0.0018863752,-0.0020183728,0.06948354,0.0060135014,0.025452565,-1.2548766,0.39267486,0.06548782,-0.13643345,-0.017803581,-0.012611705,0.007473365,0.0697622,0.022895705,-0.0052113133,0.017060746,0.06623328,-0.05082273,-0.029825944,0.0060485546,0.00021704007,-0.026359448,0.9586423,0.9534561,51066.445,122.651886,418.1186,471.91968,2.0938368,495.40338,0.00016440047,95.867905,-13469.933,MIRAI-GREIP_FLOOD
-2.3180447,46.657974,63.609493,2475.4302,-0.016031848,-0.001619361,-0.0052221376,-0.008288353,-0.1014698,-0.013482135,0.0012407335,-6.898054,0.12225709,-0.07078317,0.04346617,-0.09586484,0.00151973,-0.024737783,0.03292601,-0.029272959,-0.0014636153,-0.0061923033,-0.040756345,0.104587704,-0.020286145,0.032234564,-0.036191523,-0.0507383,0.962053,0.99667156,53989.29,135.74818,497.03915,527.1866,10.781662,574.3868,0.00053337234,99.496605,-13203.2705,MIRAI-GREIP_FLOOD
3.482994,43.87089,63.800716,2124.9814,-0.0003749784,0.013216001,-0.0016700779,0.0032695557,0.06528881,0.008075625,0.017902851,0.8144274,0.25817305,0.01500055,-0.03204529,0.021624766,0.0032517097,0.014313187,0.030376859,0.010179141,-0.023382146,-0.01953693,0.10580248,-0.0599153,-0.0074207243,0.03567058,-0.014813842,-0.020657966,0.97202027,0.9689407,55809.527,67.310715,567.90173,524.1253,89.53337,532.03064,0.0005337904,100.985855,4972.6626,MIRAI-GREIP_FLOOD
1.6368675,44.358406,64.76505,8385.397,-0.02232667,0.013824001,-0.01750207,-0.008946001,0.005094297,0.026463471,-0.0014405628,-1.8846796,0.08710221,-0.03441282,-0.11507105,-0.028692208,0.035741486,-0.0028918078,-0.0061835907,0.044113107,0.031616885,0.004416164,0.017660022,0.02761214,-0.022108432,0.0035027158,0.009434436,0.020616611,0.9822702,0.96223414,55008.023,90.78652,507.3123,521.00757,44.36299,518.4399,-0.00027717726,94.93238,-4851.596,MIRAI-GREIP_FLOOD
2.5509167,42.6659,71.25621,1598.3286,-0.025376812,0.009600763,0.038278632,-0.00545863,0.051844954,-0.023812786,-0.008694479,1.7199993,0.39205846,-0.022130692,0.981727,-0.018894201,0.011203407,0.017799009,0.016168574,0.0035532657,-0.0062419125,-0.018470963,0.09471393,0.018331781,-0.006840109,0.002783751,0.0048907613,-0.013157891,0.99820006,0.9971678,51921.223,69.74617,526.3762,506.27234,85.89946,499.2934,0.00058061414,97.859344,8873.484,MIRAI-GREIP_FLOOD
2.4492207,42.83525,66.47931,294.48682,-0.011768983,0.0038366795,0.02691936,0.012958511,0.07102627,-0.008418188,0.025321864,1.267591,0.2155178,0.05931826,0.47826377,0.015447881,-0.006770842,0.004241802,0.010775052,-0.0033778837,0.009067933,-0.002605766,0.10406113,-0.0006720945,-0.010776011,0.019958466,-0.035399288,-0.044987127,1.0224793,0.9932207,53724.83,58.4602,556.5867,495.21832,74.02634,520.8608,0.0005236614,96.50292,13699.779,MIRAI-GREIP_FLOOD
2.4270916,45.91701,65.64239,1526.8049,-0.008927117,0.004488319,-0.00077426434,-0.005697658,0.070655175,-0.031069385,-0.006867009,6.437341,0.12552303,-0.0655203,-0.07508455,0.008225584,0.014588696,0.0038675498,0.026130881,0.0041833054,-0.0072536916,-0.028640587,0.06007576,-0.0138196675,0.028086184,0.011358863,-0.06374477,-0.03928915,0.99505574,0.9650223,54784.42,88.017365,600.8538,542.5857,80.42825,549.92084,0.00054843794,103.84311,7180.3506,MIRAI-GREIP_FLOOD
1.5541687,45.939613,62.907417,3649.7021,0.016594293,-0.0047716782,-0.017398426,-0.0074592726,0.011125615,0.016220832,0.0052486896,-0.28777003,0.03751165,0.04780965,-0.12405246,0.03515346,0.006205457,0.023639502,0.048267238,-0.026302457,0.005209213,-0.0030640233,0.028116822,-0.013179025,-0.020011626,0.06217267,-0.020727104,-0.015986567,0.97966,0.9557432,55148.152,57.480854,476.0204,551.1576,73.592224,547.4276,0.00037731527,101.04439,5638.0576,MIRAI-GREIP_FLOOD
2.318163,46.34415,62.54445,2169.4846,0.031715795,0.010329486,0.026386779,-0.016910998,0.042630054,-0.007276596,0.0070712594,0.36336118,0.2441016,0.39543378,-0.05420111,-0.050615836,0.058052666,0.019601641,0.04374712,0.023237482,-0.010580519,-0.03503893,0.06317878,-0.09890877,-0.01026044,0.031474225,-0.024306245,-0.017940592,0.94088167,0.9979489,55150.684,129.8642,370.13757,503.98187,-17.159122,497.5843,0.0005188729,101.714424,-27710.969,MIRAI-GREIP_FLOOD
-0.780529,47.708878,64.34543,6142.9585,0.0069939345,-0.0048305374,-0.027457949,0.03596222,-0.07166708,-0.008935862,0.019855069,-1.6992435,-0.094318956,-0.0648153,-0.052127406,-0.051301397,0.02589107,-0.022655822,0.06355415,-0.03157172,0.01289814,-0.021703307,-0.014468491,-0.0009714403,-0.016341198,0.04595719,-0.020216366,0.008414741,0.9713409,0.95483625,57423.76,154.94997,480.58746,557.94403,14.520616,584.6151,0.0003742263,100.048805,-8691.488,MIRAI-GREIP_FLOOD
2.2290955,46.515903,64.73925,1122.6135,0.03667118,0.035071466,0.0019419426,-0.0067804693,0.06736384,-0.0036732457,0.01998362,5.577132,3.0052848,0.10369921,-0.024313096,-0.007950402,0.017588986,0.029061642,0.042938896,0.026658455,0.0143323075,-0.021322222,0.06358969,-0.06141794,-0.009016681,0.0058184657,-0.041232884,-0.056391314,0.9812131,0.98683864,51368.36,58.42033,663.4943,517.72156,85.06564,542.23627,0.0007926355,106.23871,22911.178,MIRAI-GREIP_FLOOD
1.1895943,45.320103,63.71646,3369.2212,0.005604308,0.007127646,0.015771614,0.008926704,0.0023872675,-0.00027724018,0.016940527,-1.1329083,0.16239606,0.06307555,-0.08986291,-0.029626137,-0.004017018,0.02898021,0.009100911,0.016713405,-0.01060489,-0.02991704,0.022852063,0.029846864,-0.0095772715,0.017866284,-0.016704418,-0.017547797,0.9801612,0.9793989,52573.004,74.52121,462.40985,512.672,38.0534,530.96576,0.0003033043,100.69987,-15146.136,MIRAI-GREIP_FLOOD
-0.08516884,45.05863,63.984207,2539.7288,-0.00113694,0.016154168,-0.006242257,-0.0013802516,-0.006970182,0.00011953234,0.0023514265,-0.25806332,0.26383576,0.13233955,-0.03740552,-0.035029285,-0.0022580447,0.0018127542,0.031036913,0.005888343,-0.004937337,-0.03028059,0.01650405,0.05714544,0.0030091102,-0.006877382,-0.025707819,-0.029752579,0.969796,0.9645199,53046.168,66.3386,415.9393,495.76773,19.749683,524.6649,0.00045682542,99.110115,-20121.504,MIRAI-GREIP_FLOOD
-0.8267174,46.909145,63.803577,6664.7173,-0.0091013955,0.014719135,-0.008306043,0.0077148746,-0.0827805,0.017570466,0.03140255,-3.167378,0.040865302,0.107902974,-0.13347316,-0.09322737,-0.0077935024,-0.029679539,0.0699691,0.0076865354,-0.009428465,-0.030475963,-0.015392482,0.042080186,-0.055436734,-0.007232383,0.032308083,0.006287452,0.9988226,0.9995632,54967.39,177.40982,384.4517,477.12335,-0.60134315,516.33746,0.00022519623,97.73563,-5865.5884,MIRAI-GREIP_FLOOD
2.7922935,43.225822,65.54416,2855.0723,-0.005830638,0.0020120025,0.0022300077,0.010660834,0.05284828,-0.009613799,0.011431467,1.7318113,0.011441186,-0.0024118088,-0.025146104,-0.015379368,0.0009480677,0.023398532,-0.001560729,0.01048759,-0.008020507,-0.028757073,0.06808692,0.03722865,-0.0006011687,0.015854497,-0.032148052,0.0006647408,0.99384725,0.98000515,53085.06,72.97922,547.35443,505.77087,80.84569,503.9301,0.0003527556,97.999016,3152.4175,MIRAI-GREIP_FLOOD
-0.09799957,46.748676,64.26714,4015.8247,-0.0082485275,0.005380826,-0.01354968,-0.002307144,-0.049286865,0.018961119,0.014555341,-2.5547643,-0.13750678,0.06426768,-0.06773632,-0.046247397,-0.010984006,-0.0015476951,0.042771656,0.0055006193,-0.032882113,-0.04850463,-0.00042247772,0.023237113,0.0018367264,-0.013955473,-0.036199983,-0.023152633,1.0250024,1.0119622,57125.965,176.22113,446.69342,513.5815,-37.833008,535.68225,0.00015039633,97.450356,-18859.05,MIRAI-GREIP_FLOOD
-0.51186943,45.7424,62.626266,1117.0852,-0.0035758317,0.008518335,0.004921418,-0.02219791,-0.024564615,0.0028531295,0.029363928,-0.75071824,0.2690697,0.12916538,-0.087377414,-0.093924195,0.013847897,0.005596513,0.041816648,0.015251805,-0.010527059,0.0011335406,-0.013198912,0.019141477,-0.01094419,0.012760893,0.0030889036,-0.024795344,0.95878977,0.9676702,53678.027,128.7124,547.62274,524.6412,41.59071,522.614,0.0003940604,99.54442,-3920.597,MIRAI-GREIP_FLOOD
-0.6403599,46.348118,64.6372,2534.6272,-0.019622345,0.018090228,-0.013374917,-0.004136616,-0.028605292,-0.0060501606,0.040738784,-1.2414622,1.4096014,0.022478951,0.000100228935,-0.07041416,0.010608245,-0.012050163,0.035560653,-0.014350524,-0.023313275,-0.02058723,-0.030353189,0.040075216,0.018977676,0.014089707,-0.04565269,-0.06232875,0.97328055,0.9979299,53863.723,161.65857,467.74292,511.70383,-9.945272,570.09265,0.00033990038,98.90489,-19301.469,MIRAI-GREIP_FLOOD
1.8709583,44.405533,64.883026,3192.5781,0.01104203,0.0071035028,-0.012578512,0.0031972073,0.040391948,0.01745044,0.0047228974,0.09356314,-0.044219103,0.11178241,0.05085218,0.015293486,-0.013166628,-0.0019993167,0.0067213317,0.022458244,0.005988148,-0.017159928,0.076734364,0.0060180593,-0.021713447,0.009149468,-0.0150701385,-0.030859608,1.0187479,1.0063379,54438.367,58.71285,439.6103,522.9328,36.359577,522.29614,0.00032886863,97.88647,-8308.988,MIRAI-GREIP_FLOOD
0.886837,43.65334,64.31308,3151.52,-0.0103794215,-0.0007365569,-0.016692221,-0.005359374,-0.004371373,-0.023491727,0.030976001,-0.86378574,0.008998215,0.04208501,0.08695097,-0.026014326,-0.0035811942,0.0053028017,0.019214047,0.016362138,0.015873998,0.024061186,0.043266892,0.0412896,-0.007829444,0.010678383,-0.0013040565,-0.020332357,0.9836058,0.9671488,52245.508,84.055786,479.0461,488.55566,44.74552,500.84634,0.0005054612,99.43539,-5023.3965,MIRAI-GREIP_FLOOD
0.32435417,44.01333,63.9873,4651.981,0.006174771,0.010766894,-0.005010199,-0.010474916,-0.0023350073,0.0028146738,-0.003782555,-0.7801939,0.07164769,0.4606296,0.0179572,-0.062219836,0.025301898,0.0024406984,-0.032903284,0.023932273,0.016636807,-0.016084703,0.04182321,0.049608137,-0.01621747,0.033733577,-0.0051961234,0.014803296,0.99620306,1.0037745,53060.133,66.52432,444.08582,529.60864,26.786789,521.4596,0.00035839103,99.61805,-22797.932,MIRAI-GREIP_FLOOD
1.2025719,47.021046,76.30229,650.9043,-0.0050897803,0.035776276,-0.0019217958,0.021500902,0.012578679,0.016131846,0.025853612,1.3446631,2.6185699,0.110114634,0.01926023,-0.010517988,0.018614918,0.020968478,0.014865341,0.0060209073,0.013401212,-0.024284605,0.027213454,0.014427307,0.009457268,-0.01656107,-0.021190757,-0.03618986,1.019075,0.9970446,51268.492,70.62613,603.5398,500.42514,66.22812,510.73685,0.0007426364,102.77038,1498.6892,MIRAI-GREIP_FLOOD
3.2477074,46.671898,67.55276,-3.4453125,0.073982544,-0.00027063116,0.016025903,-0.010651535,0.07306629,-0.018385421,-0.01797603,6.151042,-0.40882066,1.1077459,0.681409,-0.03918279,0.0061257486,0.021261161,-0.013980113,-0.0046322355,-0.009701246,-0.024817213,0.101445615,-0.080720454,-0.039494768,0.0028921932,-0.020611614,0.0042292476,1.0005045,1.0087587,54541.574,81.543976,335.80054,545.43024,13.741483,481.31134,0.001346597,109.23303,-31975.754,MIRAI-GREIP_FLOOD
0.7231064,45.53836,64.17189,7237.6973,-0.033434868,0.0051089376,-0.008599508,-0.0016852204,-0.045326844,0.02663467,0.020149674,-1.3350489,0.38806397,0.047886614,-0.038942143,-0.05805216,-0.0009048245,-0.00044196378,0.05110739,0.0014294684,0.003529205,0.017481972,0.020460427,0.073760025,-0.0190446,-0.009916104,-0.014608705,-0.019695872,0.9640359,0.93395305,50294.125,128.53906,392.29095,506.65414,23.132309,540.7579,6.6235734e-05,97.21501,-15191.738,MIRAI-GREIP_FLOOD
1.5065403,46.117977,65.37491,1592.4927,-0.0100126015,-0.00065278634,-0.024700722,-0.0039025962,-0.00017214008,0.0043214457,0.007828779,-0.98543525,0.1896891,0.028006956,-0.12447302,-0.038582593,-0.0048453454,0.02228022,0.021277845,0.01596179,-0.023595719,0.016899832,0.034723938,0.0030857583,0.026667442,0.017233856,-0.034794442,-0.03862362,0.9736317,0.935325,54574.875,88.04813,410.94568,533.32385,26.434996,519.06055,0.0017155488,99.41316,-7396.8936,MIRAI-GREIP_FLOOD
1.9593868,44.077267,62.574497,32002.121,-0.043230236,0.0038428076,-0.007213903,0.0033714105,0.06258848,0.01751939,-0.02961015,0.42012823,0.08330631,0.14087123,0.12973121,-0.018248698,0.06099057,-0.050000098,-0.016840702,-0.029555053,0.0609375,-0.030770302,0.12085825,0.009686085,-0.046992324,0.036822196,-0.008590253,-0.038089845,0.9658,0.98198086,53132.59,58.978386,410.98096,506.27448,68.22287,519.7966,0.00039344124,96.1992,-6125.7793,MIRAI-GREIP_FLOOD
0.6463947,44.72501,64.081314,1394.1426,0.002831947,0.0107457535,-0.015362574,0.0011134333,-0.0012121173,-0.005067654,0.020865101,0.3612594,0.43053007,0.15463603,-0.032413036,-0.018267129,0.0066530504,0.02393963,0.006001685,0.008615417,-0.004606247,-0.032130364,0.036161065,0.006643293,0.0038784696,0.012865584,-0.012418594,-0.038071677,1.0122489,0.9941332,56853.676,65.137634,652.3289,549.8209,105.18123,552.31165,0.00067209103,100.46135,21917.076,MIRAI-GREIP_FLOOD
2.297533,44.71835,66.1346,4173.586,0.013599165,0.008323383,-0.022938436,0.004824547,0.032774344,0.0043929177,0.004019849,1.0767014,0.083388716,0.22023298,0.037955485,-0.041713677,0.043842103,0.0023778714,0.0199602,-0.014183287,0.007934923,-0.03762371,0.0620237,0.02515694,-0.005244878,0.025581384,-0.010039982,0.029645648,1.0026237,0.9960652,54132.473,62.006695,487.9361,507.5424,66.78195,513.6996,0.00064107974,98.09444,5194.386,MIRAI-GREIP_FLOOD
0.7739277,43.80997,73.10239,2954.2808,-0.059845224,0.00023003295,-0.020062977,0.004675071,-0.0014867214,-0.0053264583,-0.00957344,-1.9543245,0.009475872,-0.026820444,-0.06321007,-0.030918784,-0.0006434191,-0.024221253,0.051010706,-0.03326922,0.016760381,-0.03435351,0.037876308,0.059343904,0.009282936,0.0146620255,-0.047236662,-0.047844023,1.0042161,1.0099723,53669.996,167.62006,496.86157,555.79767,-4.316183,590.96356,7.777837e-05,95.43626,-11487.511,MIRAI-GREIP_FLOOD
-1.2333469,49.628017,64.3381,358.56885,-0.02136457,0.030760279,-0.0049892045,-0.024915798,-0.020474065,-0.007978781,0.033560164,0.9049854,1.4545971,0.08459084,-0.03619879,-0.1137406,0.01481037,0.0013607694,0.030537248,-0.0064540748,-0.023918949,-0.04282305,-0.0038481355,-0.053274892,0.014088757,-0.015640441,-0.039837457,-0.03377916,0.98691416,1.0471812,59993.824,176.69246,584.14624,574.06525,18.43203,583.71387,0.0005872714,107.22657,8523.124,MIRAI-GREIP_FLOOD
0.8026638,47.416,61.610832,9821.183,-0.020939142,-0.0012576467,-0.0028523104,0.0040834155,-0.008552011,0.029674418,0.041358687,-1.6710148,-0.000679791,0.018087622,0.0049723126,-0.016125595,-0.019193286,-0.037325963,0.046998132,-0.00320578,-0.0072135143,-0.016634032,0.04882717,-0.07925654,-0.02838569,0.031208757,-0.029697403,-0.01684101,1.0129018,0.9611501,58718.3,168.1057,426.64978,528.1381,6.5287523,522.6931,0.0002570245,99.269646,-10035.071,MIRAI-GREIP_FLOOD
4.313053,42.01542,64.17242,2971.1016,0.013187408,0.0068543027,0.006494182,-0.0047510215,0.09274476,-0.012065347,0.014049772,2.6324568,0.05414356,0.032648154,-0.08134626,0.010213303,-0.002466465,0.0043028127,0.017670842,-0.002791821,-0.0051763095,-0.043628212,0.13279319,0.0047734147,-0.0026032655,0.04673957,-0.026085412,-0.009653772,0.99303067,0.9842491,48363.46,58.902626,400.59912,458.862,42.622734,475.92212,0.00041548972,98.36995,-8655.279,MIRAI-GREIP_FLOOD
2.345026,43.233818,64.233,3501.623,-0.008820704,0.030205572,-0.0048940047,-0.0065165604,0.04704588,0.0021006009,0.020186126,0.9471008,1.651567,0.015135201,-0.103809446,0.018580372,0.0030941248,0.02391829,0.023363031,0.015814288,0.0022882083,0.0004210323,0.087077916,-0.0033572873,-0.017564006,0.00152922,0.01699572,-0.013900947,0.98607963,0.99027807,50389.527,68.37058,462.12152,471.65338,52.438026,502.71027,0.00032694128,100.065605,-5078.2095,MIRAI-GREIP_FLOOD
-0.41560173,47.35182,63.83899,4711.7812,0.011847507,0.004396588,0.011704749,-0.005681356,-0.03315702,0.019423898,0.023064889,-2.0610178,0.017521603,0.35304445,-0.037160475,-0.05397148,-0.011503204,-0.010326513,0.03267456,-0.01093883,-0.042978894,-0.046225045,-0.008166075,0.022255393,-0.008401077,0.0056399535,-0.023560472,-0.034325603,1.0081618,1.0125492,55029.855,173.30139,381.80966,485.42145,-20.485096,507.71768,0.00018906279,98.21521,-16803.428,MIRAI-GREIP_FLOOD
0.5943699,47.242577,65.03879,883.81177,0.005244883,0.010852194,0.00543986,-0.0024642504,0.015942264,0.018374518,0.02763736,0.4132179,0.6815491,0.23100924,-0.02841141,0.009976671,-0.0066650356,-0.0027661351,0.010972395,0.0036204932,-0.005145946,-0.016958512,0.029330373,-0.023974117,-0.008418838,-0.009462879,-0.016585004,-0.052528262,1.0030833,0.994499,56663.258,76.28721,549.6073,571.0894,78.731606,575.0424,0.0010236296,102.79987,4873.6294,MIRAI-GREIP_FLOOD
2.8475895,43.029087,62.81371,3534.5625,-0.033359013,0.012461337,-0.018817544,-0.006643632,0.01815752,0.008885434,0.011523195,0.1724425,0.32649472,0.013114082,-0.033259902,-0.06749351,0.10604437,0.026636235,0.005989112,0.015969753,-0.015596562,-0.015714334,0.089420795,-0.013316867,-0.034635764,0.016962614,0.0013702083,-0.02288822,0.96774113,0.9570665,53291.953,80.97758,565.22253,530.43604,89.866714,502.45068,0.00049551786,97.84578,10492.452,MIRAI-GREIP_FLOOD
0.6687069,47.229156,65.04166,2903.3887,-0.0108379675,0.0023124171,-0.033949807,-0.0102161905,-0.025643533,-0.009038345,0.011886122,-2.6930072,0.009597167,0.024052065,-0.10190907,-0.028450638,-0.012608471,0.0013748324,0.05578414,-0.0013576588,-0.029156141,-0.033894252,0.01593715,-0.0006810576,-0.0049187057,-0.016710492,-0.048547722,-0.028692922,1.0185921,0.9847963,55846.234,176.23856,417.90988,520.3126,-17.457073,547.38885,0.00032925216,99.421875,-7662.672,MIRAI-GREIP_FLOOD
0.058282852,45.710415,65.18784,3403.601,-0.008706124,0.002542215,-0.030182702,0.00486863,-0.005595102,-0.0072133825,0.01716208,0.82575,0.11711035,0.053524192,0.0030742958,-0.04376716,0.019810637,0.013351368,0.014713611,-0.027586486,0.016700227,-0.020651268,0.023741066,0.027543725,-0.00085649546,0.02185579,-0.012747668,-0.008834693,1.0040021,0.9841323,57382.387,71.38994,624.796,553.2615,91.84928,569.1792,0.0006281624,102.2474,7028.8477,MIRAI-GREIP_FLOOD
0.15440941,46.928394,63.6923,7000.513,-0.023956437,0.0053748097,-0.016883988,-0.008252392,-0.012358546,-0.025698991,-0.018132662,-0.5670357,0.14117935,0.012660733,-0.099643365,-0.10777263,0.22008422,-0.023158178,0.036037255,-0.027754903,-0.04556855,-0.03793996,0.05893874,0.0057110474,-0.021504834,0.0004206784,-0.0374956,0.031540066,1.0562665,1.021726,53801.152,175.66193,455.23175,540.3042,-39.679638,568.3411,0.0003405867,97.79746,-9215.874,MIRAI-GREIP_FLOOD
3.290598,41.274536,61.07069,1161.5542,0.013659855,0.06760092,0.019601455,0.0045851464,0.051308885,0.004393046,0.039156742,0.54163325,2.5073779,0.14899659,-0.049194187,0.046586547,0.0007764417,0.03089603,0.015014809,0.0031392276,0.0032865582,-0.0152044315,0.12399256,-0.023166517,-0.010702555,0.047950678,-0.011297887,-0.03168693,0.9726891,0.967355,47979.645,58.416912,462.72253,452.40866,54.572773,462.07364,0.00031397474,95.484055,-3612.392,MIRAI-GREIP_FLOOD
0.64390564,45.306934,71.58229,2628.5054,-0.03495033,0.0022386564,-0.011619264,-0.006066069,-0.0031209681,-0.012977978,0.0029880763,-1.913239,-0.015652848,-0.0015783124,0.049751855,-0.035736714,0.0018502636,-0.0074685966,0.03870837,-0.014030755,0.014610628,-0.035598803,0.03166741,0.021407725,7.9413876e-05,0.004552412,-0.04973389,-0.033903714,1.0051974,1.0197963,53249.605,166.13524,444.438,513.895,-36.62918,546.5447,0.00020832577,98.44582,-27883.86,MIRAI-GREIP_FLOOD
1.0249634,46.025993,64.153015,6554.3447,-0.0082908375,0.0016229261,0.0017384253,-0.00616989,0.015133446,-0.0068234554,-0.00814148,-1.2752018,0.1497135,0.0422991,-0.066473216,-0.062317625,-0.019020675,-0.017929925,0.032523807,-0.037616123,0.00039108563,-0.03648954,0.057478666,-0.008850737,-0.0014970405,0.0042947065,-0.02404317,-0.0018180534,1.0075414,0.9908419,56530.06,165.83395,402.8053,517.6604,-19.865047,539.41376,0.00027907704,97.53751,-2439.6936,MIRAI-GREIP_FLOOD
0.9934292,45.201534,64.689064,4181.519,-0.023030825,0.0006804876,-0.0284268,-0.0017403547,0.00042052567,-0.021068618,0.024078868,-1.3918207,0.009022355,-0.023298085,-0.01675475,-0.0078056096,0.010038995,-0.007875668,0.03806358,0.0020665303,0.019169457,-0.0076430053,0.047731817,0.0049845492,-0.0062841373,-0.009865794,-0.0061502913,-0.023780556,0.9953768,0.96457356,56779.97,87.12051,448.0825,544.1048,41.49871,557.87866,0.0002505777,100.81589,-7717.1606,MIRAI-GREIP_FLOOD
2.9764576,43.86529,64.209984,4250.131,-0.029256891,0.003104807,-0.026987337,-0.006615491,0.033408783,0.03596291,0.00547532,0.5827057,0.17870098,0.0073411497,-0.09448816,-0.015275172,0.005187211,0.01924766,-0.0009954022,0.002122745,0.0043241354,0.006374698,0.09420681,-0.016937312,-0.0007391232,0.01617574,-0.002654423,-0.019162375,1.0031803,0.98174894,54220.258,65.21611,531.28705,515.53827,72.59414,512.3132,0.00031484666,100.803444,8080.958,MIRAI-GREIP_FLOOD
0.6272545,44.321495,70.14064,1052.8665,-0.012694652,0.005764089,-0.028886965,0.0062191193,0.0035115136,-0.0022376892,-0.009610114,0.93544763,0.043637287,0.3436982,0.09752456,-0.0491485,0.026327316,0.029361947,-0.014819076,-0.00469584,0.023697859,-0.014963718,0.02481258,0.08076563,-0.0033726706,-0.0034998986,-0.013662215,0.0030791946,1.0281465,1.0179777,54774.996,66.811646,502.86765,524.8642,62.166714,519.218,0.00063245004,98.155464,632.38696,MIRAI-GREIP_FLOOD
-0.06665611,45.918262,64.39649,3481.8486,-0.030559614,0.012947909,-0.0056276983,-0.0071365586,-0.017464241,-0.022247687,0.038995754,-2.194862,-0.04306024,0.09897393,-0.08828644,-0.046861243,-0.01165894,-0.029583333,0.037491985,-0.033907503,-0.005574138,-0.02984137,0.027708232,-0.007896855,-0.00073741656,-0.018144906,-0.034161627,-0.06314994,1.0145365,1.020952,59096.254,177.20798,471.84076,541.1977,-21.39687,574.3757,0.0003272745,101.50066,-6143.0283,MIRAI-GREIP_FLOOD
1.2919731,45.406242,69.794395,-2242.4756,-0.061159987,0.0006326623,-0.012602199,0.012294137,0.036754195,0.036372006,0.01387704,2.323885,0.7828763,-0.08841332,-0.05228021,-0.035580624,0.028405393,0.038711496,0.03958323,-0.014022168,-0.007007506,0.0012342399,0.04762441,0.009384986,0.021926,0.010668639,-0.02477942,-0.044408746,0.96774286,0.9631065,58577.38,58.108852,992.2191,580.67004,211.0777,588.06964,0.0005780041,102.25828,68780.49,MIRAI-GREIP_FLOOD
0.1881733,48.145264,66.32825,735.85864,-0.0010432117,0.013711636,-0.018678831,-0.0021327876,-0.011288699,0.035957374,-0.008021767,0.36869174,1.1178131,-0.081490085,-0.032683916,0.0016483851,-0.005992579,0.012868762,0.019703455,0.026563693,-0.0041075633,-0.0049086753,-0.0043087006,-0.008423125,0.02060408,0.0116689885,-0.04644323,-0.038520917,1.011272,1.0105267,57586.254,57.43706,564.52136,558.5745,60.553707,577.2746,0.0005467347,102.87971,4552.6123,MIRAI-GREIP_FLOOD
1.0461216,48.499268,65.168915,5027.2144,-0.023611149,0.0038223707,-0.04714316,-0.00877648,-0.011547787,0.010567744,-0.018146018,2.2921834,0.46541184,0.12717949,-0.042276636,-0.15451632,0.4234065,-0.006651045,0.07287668,-0.026822228,-0.055322856,-0.0075595216,0.02886635,-0.0064053256,0.0030434923,-0.003000031,-0.049612902,0.022765096,1.0112795,0.9685883,57000.387,155.77367,513.0325,566.7574,19.324402,578.059,0.0006120051,102.27749,3902.1838,MIRAI-GREIP_FLOOD
1.4044514,43.335213,62.714947,6474.8447,-0.026077438,0.0014789364,-0.022485543,0.036617305,-0.064885885,-0.00998982,0.041514937,-1.2138402,-0.059055645,-0.012154392,-0.060804337,-0.020485146,-0.010668763,-0.026672695,0.061333586,-0.01928183,0.0044786,-0.01795629,0.033027828,0.051439457,-0.036137547,0.025730206,-0.010995608,-0.022446578,0.9817393,0.9603473,51577.168,171.27805,500.25778,525.64874,15.254737,558.0156,0.00017995389,95.05099,-7527.3794,MIRAI-GREIP_FLOOD
1.49996,44.340916,63.101414,4864.7676,-0.012293662,0.010078598,-0.018083958,0.0070809214,0.013726708,0.0041550486,0.029291186,0.6350508,0.21644844,-0.010773222,-0.10461591,-0.016778955,0.039538857,0.020343598,0.007930867,-0.0049310643,-0.0060925796,-0.026485603,0.07383555,-0.02954605,-0.0062326947,0.011426965,0.0033120392,0.0144067425,0.9775715,0.9682216,54323.477,77.599464,564.46185,520.84064,82.0506,517.30035,0.00046241126,101.66441,6160.914,MIRAI-GREIP_FLOOD
5.0381336,43.01267,66.73875,3496.4917,0.02786059,0.011663141,-0.011746431,-0.0031301577,0.106460005,-0.02081712,0.0032025552,1.9902512,0.35056806,0.45607495,-0.08671911,-0.016482344,0.048802298,0.023960944,0.007559391,-0.022180052,0.010462984,-0.01225741,0.12147969,-0.03601085,-0.004469501,-0.0062515843,-0.0052227685,-0.015894115,0.99244004,0.99149257,47611.273,66.81854,399.15457,483.3924,31.412876,468.96667,0.00041026616,100.76931,-13443.216,MIRAI-GREIP_FLOOD
-2.6060486,51.60874,64.08361,7394.474,-0.030262958,-0.011032309,-0.0070408965,0.01738985,-0.12354431,0.014357711,0.025049582,-5.6977386,-0.15961675,-0.015377622,-0.039482195,-0.07370343,-0.005209766,-0.067515284,0.041216727,-0.08157137,0.0010650652,0.0067725126,-0.022248328,0.04677861,-0.017662592,0.01955592,-0.04850103,-0.05376922,1.0184138,0.9701372,60902.91,173.1619,522.11554,542.63513,8.357518,594.9878,0.00054745335,99.11417,-7312.796,MIRAI-GREIP_FLOOD
1.751339,46.835045,68.43556,484.5918,0.017414,0.03508167,-0.007160096,0.00294983,0.010191366,0.036003232,0.00057726866,1.3494247,3.9673805,0.03482411,-0.027417598,-0.0010753283,0.00080552505,-0.012119737,0.02879218,0.025683474,-0.02952541,-0.04353833,0.012536883,-0.003813341,0.037509628,0.045067202,-0.041919656,-0.05213626,0.99556166,0.9977994,53197.77,57.657394,585.3148,533.2877,67.01566,581.28217,0.0006216809,100.16742,3880.3127,MIRAI-GREIP_FLOOD
-1.880825,47.326504,65.39508,3833.4614,-0.02497964,0.0030479,-0.060057864,-0.0006463025,-0.073918134,-0.017677048,-0.021297362,-4.687495,0.11017935,-0.027800985,-0.026062861,-0.090872504,-0.004425915,-0.022503357,0.06047409,-0.05420158,0.022839168,-0.0044333143,-0.034281194,0.05262057,-0.0023537874,0.011131532,-0.03095704,-0.014084753,0.9799377,0.9895571,58289.42,158.67769,516.5964,551.2399,32.115448,608.75977,0.00052665535,101.97762,-5410.962,MIRAI-GREIP_FLOOD
0.36276054,45.142967,62.24219,9999.803,-0.025377315,0.0067007253,-0.0032131444,-0.0051235873,-0.06289585,0.034301322,0.032092053,-1.9791644,0.25073922,0.015830133,-0.052503824,-0.07691011,-0.0014662071,-0.0080527915,0.049432404,0.016842244,-0.02359042,0.009030471,0.0018789768,0.052198645,-0.008340835,0.031516667,0.0123275295,-0.03436387,0.96195316,0.9471355,51269.33,153.74084,375.47086,494.3271,14.556929,510.13367,3.4541066e-05,93.62395,-11875.077,MIRAI-GREIP_FLOOD
-1.9613953,47.993896,64.58337,11883.895,0.022854563,0.004132004,5.2526593e-06,-0.0035720523,-0.062146984,0.020575041,-0.007956297,-5.639903,0.13376766,0.08109057,-0.063413724,-0.12209193,-0.0042604017,-0.010496545,0.035927955,-0.027948845,0.008179386,-0.025962412,-0.027152717,0.070813194,0.0153121315,-0.01998117,-0.045403443,-0.023385359,1.0008733,0.9932444,56069.11,151.52481,411.8426,505.06076,-11.307072,531.81964,-4.6148794e-05,97.230835,-16382.282,MIRAI-GREIP_FLOOD
2.4309921,42.962296,63.930645,3041.628,0.004220754,-0.0025039339,0.022151858,0.00017676316,0.02933891,-0.008126775,0.003162243,2.064019,-0.10083512,0.023655508,-0.040418245,-0.026636755,-0.014611105,-0.0010028481,0.0005707517,-0.012456611,-0.0012253993,-0.02392535,0.08636409,0.100699574,-0.034634475,0.047719367,-0.02483954,-0.0124931885,0.9849848,0.9857066,49616.793,57.356983,470.0902,500.70856,77.569725,508.70422,0.00047016967,97.10949,-686.28345,MIRAI-GREIP_FLOOD
4.2080975,43.349285,66.42324,749.2742,-0.0048142485,0.0033099211,0.011639976,-0.011527901,0.098323405,0.0025473447,0.046385095,-1.0654037,0.18813047,0.030276194,-0.058369357,0.029066892,-0.0097229695,0.008671292,0.037026025,0.006080172,-0.005039079,-0.005102358,0.10561234,-0.07275004,0.04205322,0.011738143,-0.07302209,-0.06784678,0.96673983,0.9375358,52526.953,95.58009,421.23816,515.86694,33.94934,518.5292,0.00033164633,100.521126,-4128.183,MIRAI-GREIP_FLOOD
-1.4673443,50.639706,62.781246,2028.8665,-0.026724378,0.007684815,-0.016303493,0.050818693,-0.11438781,0.01671909,0.047146894,-2.348684,0.13450028,0.13981712,-0.1252743,-0.08252478,-0.005939995,-0.021350019,0.0450254,-0.013761159,-0.0029447326,-0.05862703,-0.05429566,0.0151272025,-0.04317245,-0.008678119,-0.0037312973,-0.040012,1.0121094,1.0113996,58482.176,178.62901,575.83923,581.17834,0.9263325,599.5431,0.0003053786,101.55561,-14186.197,MIRAI-GREIP_FLOOD
-0.35259438,45.228718,64.40456,2305.412,0.0021717418,0.011944212,0.02866337,0.0007796399,0.007930579,-0.018913548,0.026914787,-0.9511955,0.8505177,0.21256581,0.9389543,-0.013832564,0.009198627,-0.01026865,0.020574147,0.0072839805,0.021828022,0.016548524,0.0330019,-0.012665686,-0.0047366065,-0.017042886,0.013695041,-0.03087002,0.99585056,1.0058181,55934.72,83.62814,545.93896,534.6974,55.82254,555.5552,0.00072262064,101.5249,976.12915,MIRAI-GREIP_FLOOD
2.6259918,42.662437,62.94477,6819.8857,-0.0017492194,0.005100757,0.0048705656,0.017700708,0.014623379,0.017285034,0.0409246,-1.9990344,-0.2815948,-0.007590679,-0.082659565,-0.051981352,0.0032635636,0.0062021613,0.031541314,0.040567346,0.01959936,0.004190975,0.07227349,-0.016767753,-0.025131924,0.04740963,0.012930028,0.00940008,0.9620862,0.9419434,53976.668,111.24516,430.41943,487.77747,18.05458,475.0249,0.00013457591,96.22669,-12003.525,MIRAI-GREIP_FLOOD
1.6338139,43.700424,64.66379,1409.5454,-0.02170668,0.032063097,0.005820815,0.017319767,0.035148438,-0.029605567,0.034077674,0.3591972,2.229212,0.08982445,0.41020855,0.056572814,0.020777596,0.0070881,0.016502772,-0.017267704,-0.0029846793,0.029411001,0.09706247,0.028764997,-0.027573744,0.03474426,0.012074876,-0.032130748,0.9488447,0.9590838,50664.516,65.18816,507.98822,494.4715,92.18753,524.7688,0.0024745436,99.59502,9468.164,MIRAI-GREIP_FLOOD
0.1763134,45.01206,65.5508,4535.5786,0.0035441294,-0.0009527392,-0.026137901,-0.0004332699,-0.021374019,-0.024926977,0.014446553,-1.7501509,-0.08667164,0.059481926,-0.028617587,-0.08739997,0.014622353,-0.0072522084,0.04566539,-0.018533085,0.027930308,-0.009915846,-0.015775204,0.04475281,0.0052634696,0.024097338,-0.023434605,-0.012108468,0.9762954,0.98818886,53645.88,153.55069,529.9686,505.6303,17.302723,550.1438,0.00037112928,98.65047,-10131.303,MIRAI-GREIP_FLOOD
-1.3246136,49.32119,64.87757,4299.142,0.025239289,0.0015290786,0.0034803222,0.009431652,-0.03598325,0.016207047,0.0041703857,-2.9647899,0.23234181,0.19992816,-0.014013292,-0.077488676,-0.008128913,-0.022512957,0.042603068,-0.036004182,-0.009551786,-0.015189108,-0.01448518,-0.030444285,0.008231273,-0.013007438,-0.05370503,-0.043733973,1.0087384,0.9854202,57972.125,169.16843,433.1248,558.1719,-2.972252,575.1909,0.00044420065,100.92063,8702.843,MIRAI-GREIP_FLOOD
0.7427311,42.610092,64.10938,2834.959,-0.01962566,-0.0011669992,-0.02563984,0.012462658,-0.009190742,-0.0062273247,0.027017815,0.3194208,0.113218054,0.053215627,-0.024734184,-0.027765278,-0.009823401,0.025462285,0.01257033,-0.0057079736,0.0069037545,-0.0061875954,0.036713123,0.09183943,-0.0062257927,0.03206613,-0.015281198,0.005932059,0.98048985,0.97671187,53321.32,63.713898,460.17987,494.4601,68.409195,504.3421,0.00053944637,97.61972,4463.608,MIRAI-GREIP_FLOOD
-1.7088318,48.366806,62.069637,6916.241,-0.035847332,-5.015731e-05,0.0035787956,-0.0006383285,-0.077130675,0.024941076,0.01699211,-0.97833157,-0.3114703,0.07788779,0.009671505,-0.13537548,0.009227901,-0.04274081,0.022021772,-0.051735826,-0.007226541,0.004128106,-0.042430878,-0.022755675,-0.020784894,0.060500957,-0.012818871,-0.028792813,1.0119755,0.97968924,61339.508,172.22057,482.11316,566.91364,20.165138,568.64355,0.0005961016,99.75517,3822.5784,MIRAI-GREIP_FLOOD
1.4690304,45.211998,65.65243,2214.912,0.010534608,-0.0019236462,-0.0032224786,-0.006144398,0.018275768,-0.006205484,0.020565486,-1.2415977,-0.12551281,0.080887705,-0.009339637,-0.050738424,0.0059210225,0.006775856,0.02415331,0.018724183,0.023711462,-0.008977027,0.02732426,0.056664612,-0.00506534,0.018533802,-0.039679907,-0.01249724,0.99317116,0.96976054,52417.562,88.03419,386.97656,481.6841,14.548473,489.74533,0.0002626896,98.932045,-24018.273,MIRAI-GREIP_FLOOD
0.31258965,46.289642,63.726868,3456.7407,-0.02155941,0.0014259181,-0.01568664,-0.0038770053,-0.018276382,-0.013327128,0.06893653,-2.51621,-0.10184154,0.06911995,-0.095489115,-0.018007606,-0.011386478,-0.026382001,0.052692696,-0.028141895,-0.02408836,-0.016512277,0.038366616,-0.023818696,-0.01217546,0.024309497,-0.05184979,-0.048839938,0.99458474,0.9820664,56700.094,177.35898,392.97113,513.5688,-19.731575,545.9491,0.00038653574,101.214294,-5747.127,MIRAI-GREIP_FLOOD
1.058773,47.26991,64.861786,3198.5337,-0.0131981615,0.03129334,-0.026867976,0.010896041,0.08324666,-0.07038199,-0.0062786415,6.74324,1.3964798,0.11585747,-0.010082143,-0.043026958,-0.0062005636,0.010278452,0.09947026,-0.03181406,-0.0017249654,-0.07801896,0.03429675,-0.03385367,-0.013258416,0.014694199,-0.047924336,-0.009320126,0.960503,0.99611235,53395.004,136.90613,564.18665,516.6466,24.963577,569.1643,0.0004058232,105.89092,-13704.6045,MIRAI-GREIP_FLOOD
0.24066925,46.308594,63.534626,3575.3188,-0.015117552,-0.002328663,-0.009196892,0.002858691,-0.03114297,5.6036515e-06,0.028514583,-3.839212,-0.04170461,0.0076773013,-0.067574516,-0.010786843,-0.0048612575,-0.025492348,0.054317195,-0.033435084,-0.008940519,-0.010584322,0.032985866,0.0007779077,-0.017931359,0.027044972,-0.023396237,-0.030466892,0.9655679,0.9723839,53492.46,156.0512,449.25558,511.65674,15.0675125,556.29865,0.00041368505,99.22431,-8897.668,MIRAI-GREIP_FLOOD
2.3770332,43.811,66.596535,768.85645,-0.028478084,0.010798163,-0.051581483,0.07384182,0.059145324,-0.05229566,-0.006624509,6.3576975,-0.13716942,0.008472073,0.0856545,-0.071795866,-0.0023556582,-0.00050701667,0.03986152,-0.009740916,-0.029217044,-0.049816515,0.10426974,0.021909595,-0.005006201,0.045652684,-0.037183814,-0.04035127,0.9615188,1.0282296,52196.73,163.14943,474.87183,489.56363,4.2371197,516.24384,0.0011757017,98.47175,-19693.492,MIRAI-GREIP_FLOOD
2.809927,43.331955,66.911644,1321.7651,-0.006443877,0.016914247,0.0010131975,0.021793136,0.047975115,0.030431326,0.012010756,3.0201533,0.67930704,0.4140306,-0.02118218,0.0007203128,0.05130246,0.027310181,-0.025936142,0.0054943096,-0.005009398,-0.018189266,0.056203842,0.02210233,-0.0010535843,-0.005326073,-0.011539766,-0.035496075,1.0112119,1.0189915,54032.85,85.138245,892.7137,538.8674,134.41101,537.8608,0.0007572173,99.16356,26467.281,MIRAI-GREIP_FLOOD
1.0959702,44.477055,63.586678,4104.912,-0.041789006,0.01307815,-0.022914033,0.0099117495,0.024977624,-0.027255528,-0.001088609,2.610055,-0.24165761,-0.0057311542,0.06046787,-0.025503043,0.011313987,-0.040973738,0.036994264,-0.026638482,0.0247617,-0.024278067,0.052465737,-0.034582973,-0.012010359,0.022682868,-0.0073741,-0.026677039,1.0074137,1.0348557,59005.5,170.07098,539.9524,574.7237,23.602375,582.87006,0.00036555115,98.8462,-449.05005,MIRAI-GREIP_FLOOD
2.6498394,42.786777,70.5979,-1.0683594,-0.000856854,0.0038447,-0.014143121,-0.0019626312,0.029881572,0.008897774,0.013223894,1.0966463,0.45411918,0.18001778,-0.082774006,0.044061933,0.0048989593,0.032568444,0.009303483,0.009867106,0.0042059785,-0.0023326185,0.07168102,0.048586573,0.010786032,-0.00031676958,-0.014930608,-0.043440998,1.0111734,1.0038762,50957.867,65.02727,476.11038,509.84332,66.283455,505.28815,0.0008045143,97.49578,9952.197,MIRAI-GREIP_FLOOD
-1.1367645,48.1485,64.85376,2233.3276,-0.013879685,-0.0076166065,0.0066258246,-0.009116239,-0.067405894,-0.009467182,0.019375192,-4.77204,0.06920294,0.08227855,-0.07195866,-0.061921827,0.00048344582,-0.0068947906,0.061714873,-0.043140717,0.018986955,-0.00410283,-0.024364889,0.020926801,-0.0052951393,0.0062621813,-0.04583481,-0.021405686,0.9783367,0.9558978,54320.688,127.49086,453.9939,523.3499,6.5683746,564.59357,0.00044488886,104.84886,-16100.282,MIRAI-GREIP_FLOOD
1.5422134,47.15121,64.320564,1853.676,-0.055947095,0.008035383,-0.021391416,-0.0205351,0.05437039,-0.0457775,0.012671723,5.2637296,-0.09895527,0.07126625,0.016058885,-0.019257985,-1.6905367e-05,-0.022930741,0.032069605,-0.06608675,-0.01578379,-0.016518258,0.07922214,-0.06176559,-0.016023071,0.018518392,-0.044096168,-0.047614094,0.9983494,1.0148219,55174.98,162.27954,530.2005,529.0131,39.50478,537.3882,0.0005552378,105.109184,-450.73444,MIRAI-GREIP_FLOOD
-0.816164,45.027824,66.36341,2707.4875,-0.0071287337,0.004856253,-0.03421133,0.014766705,-0.042884238,-0.018824983,0.027809307,1.7696073,0.514173,0.001117643,0.1258907,-0.07294885,0.08244122,0.031552672,0.021457931,-0.02398569,0.0046074344,-0.00879289,-0.017558157,0.09268032,0.02585407,0.02007467,-0.024133557,-0.017800104,0.99630636,0.98685366,55678.562,79.59911,1093.4476,523.2749,142.4104,547.6108,0.0014056498,102.19152,26242.752,MIRAI-GREIP_FLOOD
0.95504,48.433323,62.718838,8722.743,-0.04627592,0.009416771,-0.012594209,0.017932815,0.0026404755,0.017704986,0.054752953,2.5204134,-0.038343433,0.054476332,0.03653283,-0.0067160698,-0.0055118795,-0.04784091,0.04804507,-0.0062369835,-0.03774883,-0.054224037,0.040731966,-0.09702052,-0.026450975,0.022614587,-0.03458746,-0.022560097,1.0285894,0.99532086,60513.434,175.26747,472.61212,543.731,-4.4686356,539.5534,-0.0002224587,103.058624,-11102.532,MIRAI-GREIP_FLOOD
0.12490654,47.28546,72.88848,114.73096,-0.02353342,0.0042536715,0.0043496815,0.002709877,-0.0038684122,0.013392104,-2.1206215e-05,1.3113086,0.00562869,0.023987114,0.09437662,-0.054887865,0.016235376,-0.018018642,0.008944798,-0.0040507177,-0.002844066,-0.054179534,0.029560864,0.036567435,-0.0011944794,0.01899971,-0.056861337,-0.022806395,0.9876471,0.99936193,56314.645,56.697124,502.13187,562.19336,76.64433,579.2675,0.00043540657,99.390175,2999.0742,MIRAI-GREIP_FLOOD
-2.8164082,48.45897,64.43725,12773.32,-0.028109122,-0.0034695347,-0.024441743,0.0033125977,-0.091200456,0.0019303308,-0.052808106,-6.592544,0.07302604,-0.08664763,0.07374514,-0.13111888,0.00265543,-0.009420695,0.046141613,-0.003510653,0.07604402,-0.025426961,-0.041547954,0.1006656,-0.031397298,0.0245584,-0.039350953,-0.038341217,0.95788145,0.99477994,54955.098,131.02457,480.97116,540.22815,31.921082,584.37494,0.00034701097,97.947525,-8856.056,MIRAI-GREIP_FLOOD
2.0436,43.598038,67.62106,-2023.3301,-0.038231462,0.004591241,-0.0163405,0.005572364,0.028587006,0.025974311,0.009758921,3.2951427,0.35222578,-0.075344756,-0.016223878,-0.05481583,0.060056444,0.016295357,0.00535517,-0.025964621,-0.0060099713,-0.0072565717,0.08477515,0.071490414,0.009107284,0.042914115,-0.03548397,-0.0374285,0.96892756,0.98822135,58308.6,56.67585,1246.291,613.21045,285.69406,618.2823,0.00082385866,100.142296,111270.96,MIRAI-GREIP_FLOOD
-0.50242424,45.468258,57.99927,5622.131,-0.04662536,-0.00054999813,-0.0266814,-0.008185665,-0.041795336,0.011434309,0.0075174863,-2.184833,-0.006223172,-0.025700726,-0.053795073,-0.028856982,-0.00030703656,-0.02453984,0.013320171,-0.02175923,0.038701978,0.012299762,0.04469514,0.030122552,-0.038609043,0.059675284,-0.030480923,-0.043296214,0.9632232,0.94315803,55447.574,57.5834,500.21478,544.0844,80.88596,539.60486,0.00050553476,98.882805,3513.7356,MIRAI-GREIP_FLOOD
4.0949764,43.53592,66.83697,-566.85693,0.007860734,0.009028325,0.009958736,0.013905878,0.09679016,0.012887914,0.0099424,4.211239,0.22603011,0.028583724,-0.09542549,0.006782515,0.021098116,0.031187125,0.0012134016,-0.0010717334,0.0036080554,-0.01852011,0.104236364,-0.008095204,0.0046606315,0.017640086,-0.03959351,-0.026889184,0.9981993,0.9956017,49494.22,63.585686,685.8051,457.11987,98.965,450.38516,0.0007530374,99.73536,9538.538,MIRAI-GREIP_FLOOD
1.1487007,43.81604,64.72845,3315.1133,-0.010495315,-0.0004883334,0.0044429232,-0.0071310266,-0.008923387,-0.015481095,0.0008888426,-3.9589386,0.063754335,0.028072465,-0.100323744,-0.020237014,-0.002691353,-0.007424829,0.05547341,-0.0023909053,0.004490842,0.01107559,0.048123658,0.04277318,-0.009799784,0.0055188537,-0.050574422,-0.06540513,0.9849747,0.9355633,53395.78,101.6273,473.6439,495.56863,26.449368,524.88043,0.00019859313,96.920616,-10449.221,MIRAI-GREIP_FLOOD
3.2396202,46.124367,85.567154,399.82275,0.05147873,0.012892522,0.027448962,-0.006720585,0.04741033,0.012293713,-0.015719416,4.726721,0.60451305,0.92460084,0.18017495,0.018162843,0.014543782,0.009698075,0.036435533,0.026966648,-0.041669678,-0.072545886,0.07896507,0.065538466,-3.8610306e-05,0.03019391,-0.087588295,-0.06608164,1.0368905,0.98498595,43009.977,54.843567,390.21927,508.38724,14.463716,501.85574,0.0016063077,97.16905,-24329.451,MIRAI-GREIP_FLOOD
3.211359,43.673717,64.009605,2262.9321,-0.004983563,0.009190376,0.016841345,0.008051037,0.05831781,0.0066164862,0.032930084,0.7021068,0.61006194,-0.021319969,-0.048596874,0.027453534,-0.008435804,0.013869496,0.014094852,0.0067818537,0.0017529447,-0.016940843,0.09242493,-0.033748664,0.0051483884,0.04000377,-0.05741155,-0.031504344,0.9856542,0.9755345,51505.47,59.065,465.63223,492.08585,48.992073,511.39386,0.00044711135,101.79829,-3145.9094,MIRAI-GREIP_FLOOD
0.15434647,49.449078,63.371765,6838.3643,-0.018747956,-0.002621761,0.011874909,-0.018888174,-0.019714616,-0.0040008593,-0.009127789,-0.7476778,0.21013089,0.08092101,0.023887053,-0.08139984,0.063132934,-0.014881456,0.02823039,-0.0168495,-0.00412066,-0.049416505,0.033929527,-0.04320883,-0.03151986,-0.01775759,-0.03539267,-0.0075742505,1.0151856,1.0060116,58430.48,169.48337,409.48163,572.37665,-0.5214939,547.6031,0.00036482705,103.93525,-8488.645,MIRAI-GREIP_FLOOD
-0.14124107,46.495728,64.37711,11698.118,-0.02589513,-0.009731262,-0.014579245,0.002118244,-0.04290197,0.0062258686,0.003168718,-3.5284605,-0.0018906593,-0.020423524,-0.030671801,-0.07939055,0.0020323538,-0.03079529,0.059872065,-0.01751078,0.015809938,-0.007239845,0.019160151,0.05069075,-0.026843682,0.0013647508,-0.020486822,-0.04752276,0.985483,0.9574902,53671.445,137.39786,377.73242,510.16077,3.039998,543.87964,0.00018127983,95.69206,-19642.482,MIRAI-GREIP_FLOOD
-0.46051788,47.97699,63.801838,7671.9453,0.02538063,0.0037629448,-0.0026463275,-0.0034564664,-0.034157246,-0.004361268,0.0107029,-2.9499562,0.01101546,-0.0013092533,-0.031782288,-0.047624763,-0.016854731,-0.027085504,0.063176736,-0.038298126,-0.014871317,-0.0037526013,-0.001920402,-0.039034765,-0.029256048,0.032081183,-0.0057111215,-0.010264748,0.9988456,0.9711504,58078.043,161.70648,422.03833,531.76263,2.586194,544.27826,0.00043014222,100.88627,-4668.852,MIRAI-GREIP_FLOOD
5.4217596,42.37931,71.50182,3774.0928,0.009691435,0.007485407,0.017340295,-0.02332419,0.106415294,-0.0006442523,0.016297769,0.959385,0.083620876,0.043429233,-0.087077014,0.019768298,-0.0083010355,0.035169896,0.016273275,0.047791213,-0.012075511,-0.0034128502,0.12120372,-0.037812762,0.0066078384,0.0123948995,-0.041247398,-0.010885744,0.98054516,0.960598,53984.645,88.077675,348.95792,495.09854,6.7763853,476.86008,5.7096797e-05,95.29938,-15488.583,MIRAI-GREIP_FLOOD
-0.37442017,47.072132,64.24659,3749.1365,-0.017586626,-7.677451e-05,0.011745371,-0.021332586,-0.023706896,0.005202628,0.028212722,-1.6200304,0.2567593,0.04499793,-0.058773197,-0.079378456,-0.016518472,-0.002365564,0.038595658,0.0026930263,-0.012799546,-0.027649395,0.01282686,-0.021665886,0.0032442575,0.006464182,-0.019145522,-0.03896765,1.0016268,0.99152213,57651.574,163.65413,418.96307,541.9865,-12.377827,556.8022,0.00039752212,101.06264,-11294.497,MIRAI-GREIP_FLOOD
0.48070145,45.81212,63.57232,5613.171,-0.01651934,0.0008303634,-0.0060646585,-0.0021671923,-0.0056358986,0.028014898,0.02625624,-1.4044309,0.16007137,-0.0017664023,-0.05229515,-0.058323216,0.010326226,0.008503123,0.030466244,0.0027108425,0.00331725,0.028274696,0.032405496,-0.019236181,-0.01978893,0.028164685,-0.014342692,-0.021403553,0.97313535,0.9417812,54915.305,87.10561,460.80856,532.8191,47.14243,548.7991,0.00027321966,101.31189,-6222.904,MIRAI-GREIP_FLOOD
1.0751781,44.737175,64.660965,4313.9126,-0.000557201,0.014597693,0.0094515355,-0.006712609,0.006653769,-0.010662356,0.035651594,-1.7617018,0.56555027,0.031729817,-0.0760869,-0.025100429,-0.009184909,0.012713195,0.055571787,0.017128773,-0.0038950192,-0.0006932905,0.04022008,-0.020833585,-0.003394927,-0.009942223,-0.0037104823,-0.018549584,0.9780433,0.95742637,53402.844,102.676834,447.739,503.7675,14.850661,524.94696,-0.00010253645,99.670364,-11237.502,MIRAI-GREIP_FLOOD
-1.9361801,47.863987,63.627754,222.3003,-0.038644064,0.009267558,-0.07807455,0.061402645,-0.08493492,-0.026087949,-0.016481973,-2.638784,0.19270718,-0.035412963,0.011472925,-0.12300524,0.063959315,-0.007961862,0.051306654,-0.11505138,-0.020999571,-0.06543635,-0.015251875,0.05063497,-0.00047274632,0.036654785,-0.047556974,0.008530518,0.9555979,1.006832,58443.836,170.25534,780.8387,549.4885,42.72179,620.08875,0.000894887,98.5004,-3071.7175,MIRAI-GREIP_FLOOD
3.2807388,45.03897,64.246735,6242.595,-0.012144287,0.008207793,-0.0050484273,-0.0048028957,0.08625681,0.015459443,0.031778883,-0.79242563,0.24108781,0.019422857,-0.10062586,-0.0020021992,0.0042983848,0.007329159,0.012035133,0.036084972,0.008140238,0.0036810944,0.100286424,-0.09401312,-0.015728658,0.0069444925,0.013383262,0.0018323027,0.9775152,0.9702812,54323.082,78.460846,421.88345,507.6152,33.469563,509.4838,-0.00046410994,100.43364,-7900.9287,MIRAI-GREIP_FLOOD
1.5704174,47.61167,64.332054,12772.273,-0.036268305,-0.013094339,-0.029842751,-0.00755367,0.015594083,0.02876198,0.0022566598,-1.9769223,-0.48888195,0.064581275,0.0011577643,-0.03941576,0.019107617,-0.02133074,-0.0003622938,0.023579152,0.030987833,-0.00454966,0.062437654,-0.0154928295,-0.037017904,-0.016238267,-0.0018883124,-0.011674314,0.9954285,0.94112855,59312.08,81.2005,461.93195,577.3374,67.2305,546.3867,0.00011386599,100.092575,-3204.0193,MIRAI-GREIP_FLOOD
0.12485504,47.187477,65.95253,2498.7593,-0.014370659,0.009094407,-0.027951129,-0.00973076,-0.022944564,-0.0016626721,-0.018883549,-1.7452824,0.05786139,0.03902341,-0.024398591,-0.025440935,-0.010445522,-0.0007429719,0.05432975,-0.035901066,-0.034478415,-0.04045906,0.030543804,0.018358335,0.010720076,-0.003549531,-0.04304884,-0.0347506,1.0469036,1.0154166,56880.203,173.28851,490.7158,537.356,-3.3449974,552.63257,0.00022141432,98.99739,-3982.6008,MIRAI-GREIP_FLOOD
1.6154308,43.495323,68.75893,3193.4048,-0.027885912,0.0030956094,-0.044076856,0.010159784,-0.0036081783,0.017488336,-0.009244475,-0.40900302,0.19327982,-0.09565109,-0.010631586,-0.06585324,0.1515045,0.01667022,0.03321844,-0.00582085,-0.011066095,-0.007582246,0.030894697,0.056720782,0.008433786,0.0079861665,-0.027632657,-0.004354045,0.9848128,0.9872867,54330.496,123.40279,822.71826,556.5623,95.935295,589.82385,0.000508724,96.89346,15755.5,MIRAI-GREIP_FLOOD
-1.0799904,47.534,64.95288,990.77954,-0.014004482,0.0052145044,-0.027170971,0.020702442,-0.07674084,-0.00721494,0.019134672,-2.2345846,0.31556872,-0.017178968,-0.11049245,-0.069310874,-0.0026053418,0.007026829,0.05224524,-0.027492514,-0.014954153,-0.03015156,-0.024680912,0.04924724,-0.0053282874,0.011780151,-0.040725302,-0.032871697,0.98275864,0.9943682,56122.105,172.2474,549.8712,530.448,17.61537,587.87305,0.0004221821,101.0598,-673.9635,MIRAI-GREIP_FLOOD
1.114603,46.870956,70.46553,-456.34082,-0.014468271,0.0019525097,0.006337927,0.0045270207,-0.008851806,-0.039910465,0.010492402,-0.05777335,0.23907839,-0.02410799,-0.053945575,-0.0637784,0.00544731,0.032294836,0.012568558,-0.029992316,-0.021014165,-0.023260765,0.019788265,0.047691725,0.014474688,0.010526808,-0.048832353,0.014717935,0.9498961,0.9529681,50068.973,89.100586,469.93344,526.8783,28.057003,550.11206,0.0012456373,104.86464,-14213.381,MIRAI-GREIP_FLOOD
3.7482414,43.55322,64.706406,3877.6296,-0.014941057,0.005152367,-0.015651863,0.03285847,0.10022831,-0.017990109,0.034390178,8.392956,-0.20292549,-0.016721958,0.03337692,0.022039784,-0.0011816694,-0.0016575446,0.024868848,-0.00020951033,-0.016912466,-0.046624318,0.122971475,-0.02888508,-0.0018810551,0.028101481,-0.034189854,0.011144959,0.97001034,0.96357155,54772.76,98.075714,544.55646,517.2364,57.362835,525.63806,0.00021559632,100.08151,-3427.1145,MIRAI-GREIP_FLOOD
3.9280796,45.537777,64.3873,2095.3591,0.03244514,0.00011214614,-0.0008261204,-0.013896795,0.09594462,0.022546135,0.010600124,1.5532963,0.25225228,0.21996287,-0.0531704,0.03409848,-0.0053073526,0.0280549,0.011237255,0.02431255,-0.024427671,-0.02849958,0.13080007,-0.09754389,-0.025404572,0.02517363,-0.0013416773,-0.021750256,0.9831509,0.9943491,56274.184,71.22392,434.18634,535.9706,54.50537,513.16345,0.00039633998,101.72952,-254.64685,MIRAI-GREIP_FLOOD
2.1255035,43.590244,64.00324,8460.064,-0.009888633,0.008106973,0.004918489,-0.0028349347,0.029847438,0.0073551377,0.020629114,-0.48457575,0.39996415,-0.03510103,-0.107416205,-0.020941755,-0.015100652,-0.005920115,-0.009778951,0.00873831,-0.024818415,-0.024415236,0.066262186,-0.027390128,-0.005438771,0.01985423,-0.014059685,-0.028816301,0.9964327,0.9865902,53721.81,66.66119,442.9989,501.05832,23.125849,511.16425,-0.00022076377,99.15188,-12147.744,MIRAI-GREIP_FLOOD
2.6140728,44.935104,66.12108,-100.282715,-0.02810021,0.015645662,-0.030781899,-0.035218995,0.07453195,-0.034270596,-0.020955091,7.361337,0.17198509,0.01117289,-0.05227846,-0.12732328,0.115600064,0.016748851,0.01610695,-0.023152508,-0.052963145,-0.043188766,0.12561077,-0.049608808,-0.015797025,6.139744e-05,-0.013033023,0.009067952,1.0117886,1.037967,54696.965,173.31863,520.3733,599.6835,4.016842,578.8569,0.0013623887,99.28905,-4585.9355,MIRAI-GREIP_FLOOD
0.95495987,44.78703,62.51389,10157.117,-0.024164718,0.0019882203,-0.00092890346,-0.0056675146,0.006417433,0.027927183,0.026986247,-1.6742568,0.06476858,-0.018222969,-0.09493635,0.009604701,-0.024589775,-0.012551461,0.013221886,0.021824982,-0.018821944,-0.028313585,0.07579774,0.00013270229,-0.012439493,0.0029313343,-0.015961021,-0.04043488,0.9929175,0.9570448,54061.586,70.941666,430.668,509.73462,24.53557,516.2805,3.832538e-07,98.7273,-13665.913,MIRAI-GREIP_FLOOD
2.5867538,44.245842,64.216,4486.1953,-0.007213596,0.014471282,-0.032593533,-0.009089845,0.049594164,0.0047181076,-0.02270129,2.653985,0.109270915,0.04735407,0.03621958,-0.062123828,0.1674429,-0.0069799274,0.014602472,0.00038671307,-0.015316442,-0.02033322,0.08131951,-0.013716894,-0.022528304,0.008841859,-0.003700056,0.008594798,0.9792383,0.97353,58399.465,93.77913,579.381,584.36646,95.562935,580.39166,0.00046157144,99.803734,6289.4653,MIRAI-GREIP_FLOOD
1.3093681,48.303787,70.51267,3746.163,-0.008919145,0.10090058,-0.015584631,0.009830101,0.0006131958,0.024810959,0.0232544,1.6270564,4.448806,0.07308428,-0.026925283,-0.029754516,0.0030665079,0.015675077,0.028287288,0.0164169,0.0044468325,0.007825316,0.037123382,-0.059732366,0.015818687,-0.015202175,-0.006628637,-0.0031127315,0.9914673,0.9863256,55218.836,79.3709,593.5147,495.88766,52.075832,525.05,0.0005770751,104.93008,-718.4952,MIRAI-GREIP_FLOOD
-2.5420284,46.46908,58.779247,9658.296,-0.016087867,0.005088195,0.02640174,0.0071608173,-0.112320945,0.03778916,0.028871408,-5.1286597,0.00259839,-0.061109554,-0.092580274,-0.07712371,-0.020169772,-0.031803906,0.027559489,-0.0038504368,-0.039490122,0.015218566,-0.042761087,0.07018045,-0.020037387,0.04476886,-0.0014602859,-0.04142618,0.95121187,0.94396824,54020.184,158.05286,480.19147,526.99036,24.847816,546.91583,0.00027305027,95.325554,-2982.3115,MIRAI-GREIP_FLOOD
0.29058266,43.967133,66.71086,723.66724,0.01628713,0.0055245953,-0.01922531,0.023934305,-0.014765058,0.008468226,0.039125077,0.8047074,0.03410458,0.38892552,-0.021263223,-0.031783987,0.015620177,0.017213244,0.00044474378,0.009035979,-0.003447719,-0.008238376,0.03636229,0.039924376,-0.0062957304,-0.008584586,0.0100522945,-0.041201167,1.0049498,0.99254274,57519.82,78.09059,773.41376,580.16766,128.41681,584.0174,0.0009139662,101.307594,38353.766,MIRAI-GREIP_FLOOD
-0.9143257,46.6946,63.871456,5548.8877,-0.0070239045,0.00064330176,0.010147811,0.017942326,-0.08980345,0.005404768,0.023185927,-3.2112813,0.014147236,0.04366754,0.037995495,-0.082755454,4.482828e-05,-0.015662892,0.054358017,-0.020333732,-0.006461388,-0.03871771,-0.021565855,0.082333215,-0.015436913,0.023196585,-0.033710934,-0.04105807,0.97970265,0.9703746,54607.87,155.84607,512.47314,524.478,22.942205,566.55597,0.00023581885,97.26399,-8553.398,MIRAI-GREIP_FLOOD
0.37216377,47.33559,64.82774,-448.00244,-0.032568157,0.014900294,-0.012903867,0.00896017,-0.024173113,0.019467112,0.011780112,-0.34111142,0.98485816,-0.028305212,-0.08987415,-0.015573624,0.019712338,0.033900395,0.05623062,-0.022734929,-0.0065195537,0.032694127,0.005180478,0.012873723,0.017058436,0.020462606,-0.011647869,-0.021266706,0.96646947,0.9373641,55280.863,74.70503,578.8656,523.85425,90.3372,565.6067,0.0014562635,104.79442,5058.505,MIRAI-GREIP_FLOOD
2.8702755,45.548412,66.20192,4862.0894,-0.016586274,-0.0033030442,-0.050080437,-0.012043371,0.026429044,-0.018292217,0.0019043521,0.049191236,-0.024683325,-0.032003205,-0.07756252,-0.021873716,0.12407368,-0.0036652992,0.05521677,0.013181532,-0.006713893,-0.012827663,0.072750926,-0.0041509303,-0.012077792,0.0069769095,-0.031518035,0.02280794,0.97384214,0.9434544,57376.19,93.67079,441.39313,515.4515,36.025734,524.2869,0.00032191724,100.68137,-5028.6733,MIRAI-GREIP_FLOOD
-2.9213943,48.310715,65.50933,3380.755,-0.013784913,0.005109679,-0.024293497,-0.001641832,-0.1074564,-0.013661803,-0.023981735,-2.0464869,0.5898191,-0.01947868,-0.076871954,-0.12063234,0.01984602,-0.008237296,0.04813868,-0.047516987,0.00600243,-0.030702522,-0.07386339,0.060901325,0.0063350354,0.006304603,-0.026828166,0.0049983244,0.98764783,0.9865069,56254.34,149.9707,605.7331,563.2072,38.19702,607.38904,0.00052213593,103.24686,-2768.71,MIRAI-GREIP_FLOOD
-0.31382942,48.00911,70.01041,12455.593,-0.035302788,-0.0074062753,0.005247928,0.015583369,-0.039790347,0.014572058,-0.0042540394,0.19226891,0.23239993,-0.11672233,-0.041913554,-0.057560463,0.012133028,0.03914229,0.033337705,-0.014828023,-0.0152749065,0.0315258,-0.0037587285,0.04907114,0.011547621,0.019980382,-0.03078261,-0.0478754,0.9942608,0.9208188,55296.266,58.380245,585.05664,557.76184,90.10465,563.2291,0.004792751,101.23898,-1294.138,MIRAI-GREIP_FLOOD
1.7036476,44.698902,69.34152,-1501.1875,-0.03715213,0.008752018,-0.026143607,-0.010470665,-0.017614445,-0.009173842,0.016343283,-1.0381532,0.24590415,0.111687675,-0.06457047,-0.045127966,-0.009882029,0.005768244,0.023347465,-0.024904674,-0.03428086,-0.049295347,0.075574696,0.04411867,-0.009455124,-0.013904539,-0.049787536,-0.07131958,1.01626,0.9958618,53210.945,177.26949,570.2043,548.8495,25.157257,578.8435,0.0015811331,95.67032,8166.9893,MIRAI-GREIP_FLOOD
-0.7501316,46.089855,63.3594,9491.557,-0.013921874,0.0019000055,0.025401162,-0.011591001,-0.056115963,-0.0077046566,0.034617346,-3.8244257,0.09890476,0.08106513,0.005349368,-0.059894413,-0.010682614,-0.033707738,0.03827569,-0.048197564,-0.0025844201,-0.004886212,0.0146487355,0.038954593,-0.031006105,0.009238904,-0.029283036,-0.035757467,1.0134305,0.9761881,53252.117,170.05649,408.9723,492.81253,0.9522915,505.77466,0.000436356,99.845474,-58.647125,MIRAI-GREIP_FLOOD
0.39406013,44.695263,65.43528,1209.5698,-0.017945614,0.02582932,0.0009511458,-0.010611734,0.0039031776,-0.012155877,0.012178741,-0.43905222,1.8324269,0.015940998,0.024411704,-0.06176544,-0.0073188725,0.024291186,0.018004525,0.006198534,0.0067952555,-0.038634676,0.024662137,0.0072736335,0.009983383,-0.0073370775,-0.01260023,-0.015539393,0.97585464,1.00628,54016.434,118.34329,503.61356,503.9354,-1.5899811,525.62195,0.00026344458,102.353645,-24082.3,MIRAI-GREIP_FLOOD
2.7498188,42.635883,72.51978,2683.3843,-0.024797346,0.021773214,0.08809567,0.006778845,0.091895446,-0.01957338,0.019419024,3.529935,1.2416476,0.0056156144,1.2330952,-0.05848046,0.00204141,0.013123622,0.017626848,0.032138187,-0.0032670773,-0.009668669,0.09158707,0.022427198,-0.023926508,0.016954785,-0.008574272,0.002265023,0.97241604,0.97684073,47381.902,78.86534,440.49243,447.6482,22.365503,449.3189,0.0003139552,99.17242,-20316.66,MIRAI-GREIP_FLOOD
-1.3448353,46.931995,64.09644,3046.5425,-0.011925315,0.0097067645,-0.017789591,0.04050378,-0.054589055,0.0042859716,0.008781256,-1.9919481,0.12558144,0.0869109,-0.06117638,-0.095876634,-0.01750111,-0.008069262,0.03576222,-0.0011122413,-0.0010090391,-0.021738363,-0.02542907,0.031598948,0.0137007795,0.032177523,-0.04104072,0.0002484303,0.9759679,0.99139583,57216.12,164.81767,503.85278,506.304,0.48569107,542.7638,0.0003775779,98.17941,-18709.334,MIRAI-GREIP_FLOOD
3.0217648,44.372925,66.88361,1909.8342,0.023566477,0.0690456,-0.021360332,-0.0032576963,0.033912536,0.012521924,-0.005631179,1.9919441,2.229284,1.0817971,-0.12149822,0.003246204,0.060710963,0.01895908,0.00035629142,0.0226845,0.0020933198,-0.009082736,0.08803576,0.009056763,-0.011004805,-0.008835133,0.0029305415,-0.019043194,0.9960677,1.0139967,50275.168,67.4858,401.78442,485.9557,27.304733,504.18015,0.00042456598,97.84039,-12850.798,MIRAI-GREIP_FLOOD
6.9567995,40.685883,66.771034,-88.38623,0.04419906,0.009633768,0.023015715,0.010181397,0.1639247,-0.009895758,0.04117173,7.782215,0.22258745,0.22477224,-0.025997594,0.0652933,0.009732318,0.018138187,0.0018499838,0.029981872,-0.008152171,-0.013747282,0.19338435,-0.03313135,0.011659652,0.02719885,-0.0378826,-0.05058741,0.9806866,0.9695396,42240.89,66.00383,436.12677,403.0223,66.248146,385.43463,0.004686941,95.98721,-118.51062,MIRAI-GREIP_FLOOD
1.8780289,43.956966,60.972584,5487.887,-0.010011856,0.00861803,-0.011233263,-0.007469813,0.013905648,-0.0025844835,0.03068069,-1.7721968,-0.13541132,0.11868583,0.15573627,-0.009513445,0.0397113,0.013058318,0.0022041379,0.0012262026,0.013929622,-0.02172189,0.06902945,-0.024686355,-0.023379417,0.035861712,0.016480308,0.015374917,0.96722984,0.9478626,55782.566,65.64587,431.09967,527.0029,54.206486,504.03833,7.575139e-05,97.841675,-8257.907,MIRAI-GREIP_FLOOD
0.946167,44.774788,66.8449,2812.4907,-0.023079282,-1.8130988e-05,-0.027462037,-0.0057462077,-0.026709294,-0.023717202,-0.0019582734,0.8451769,0.19324383,-0.10293149,-0.10090124,-0.11374466,0.23290585,0.026852123,0.027450401,-0.0006144354,0.00065506436,-0.043855365,-0.010856986,0.09017244,0.013950102,-0.002884774,-0.035881057,0.0058315974,0.99599385,0.98092353,53888.44,82.36544,562.755,515.08484,71.54263,530.6068,0.00049250503,96.37699,4876.059,MIRAI-GREIP_FLOOD
5.089608,42.476177,71.19283,544.6914,-0.032163978,0.013562438,-0.00017624116,0.013056251,0.08845186,-0.013322887,0.025496814,4.134618,0.63875026,-0.054004274,-0.065269776,0.04575048,0.0101044765,0.050965585,0.008589787,0.007956949,-0.00796622,-0.0025712047,0.13265443,0.0067929938,0.010596082,0.03355596,-0.03812186,-0.030093756,0.9806908,0.9658783,48561.652,72.15269,537.2473,474.81656,93.12888,462.8062,0.0032308332,97.806496,12797.939,MIRAI-GREIP_FLOOD
0.58023643,45.67018,63.74594,3770.2122,-0.041112397,0.017307539,-0.0036758138,-0.007069292,0.012229156,-0.00591142,0.026651237,0.7594714,0.026585307,-0.049741946,-0.0838001,-0.079635784,-0.008521627,-0.01501159,0.046707485,-0.05453523,-0.023199067,-0.01844339,0.07285291,-0.024550257,-0.026700623,0.00938756,-0.013366176,-0.034129504,1.014412,1.003114,57094.88,176.50072,537.25684,533.34357,15.0511465,561.92267,0.0004414784,100.30554,11417.279,MIRAI-GREIP_FLOOD
0.07983208,47.02837,64.24455,816.2473,-0.013605187,0.0018264015,-0.024918923,-0.010560566,-0.01733146,-0.047972187,0.04241027,-2.2706344,0.23629926,0.07736501,-0.14564411,-0.0037892908,0.0019631565,-0.004980513,0.08368294,-0.063595116,-0.023275346,-0.029719792,0.0328604,-0.0066550276,-0.0062547415,-0.016049823,-0.06387853,-0.075365745,1.0009878,0.9824453,56672.56,172.82881,550.496,547.32635,19.86461,596.6868,0.0004015856,104.71132,7680.6997,MIRAI-GREIP_FLOOD
0.557497,44.489998,63.961597,1312.6191,-0.021978104,0.020691503,-0.013247682,-0.0013426876,0.032719087,-0.005115335,0.02416908,-1.1856391,1.5431631,0.045019966,-0.0875902,-0.06184041,0.0014072749,-0.0039748987,0.043824945,0.036709234,-0.005557013,0.026440814,0.031059504,-0.04236112,0.0012953277,0.02404501,-0.009295935,-0.06393311,0.9559084,0.9564789,55119.297,96.04764,474.7256,522.7994,42.080566,550.9017,0.00064977317,100.62894,-1799.804,MIRAI-GREIP_FLOOD
-0.05835533,49.267807,71.88178,868.31934,-0.040735632,0.026461786,-0.038810268,0.0064829173,-0.023589889,0.023334779,-0.043741833,1.0477477,1.0120894,-0.011785206,-0.10937813,-0.0012518838,0.010856508,0.015861714,0.022973627,-0.021945495,-0.004840514,0.010934611,-0.016941905,0.041996326,0.049942605,0.010082856,-0.054154932,0.00039361417,0.98651993,0.96051365,54644.55,57.193405,521.7085,546.4529,72.59048,566.7839,0.0017356443,101.64453,15866.031,MIRAI-GREIP_FLOOD
1.4751282,42.942474,64.41791,1994.7083,0.004991051,0.011166862,0.016384397,-0.008632347,0.036435597,-0.032227613,0.03313287,0.88816094,0.9047649,0.0034815446,-0.045620125,-0.019932875,-0.0010119843,0.0015533343,0.010538934,0.0035662344,0.013072889,-0.027302165,0.06470698,-0.011746585,0.00787867,0.014285724,-0.027723256,-0.014822723,0.9605521,0.9737495,53422.19,99.44969,600.27124,536.64185,69.15436,558.87476,0.00053506333,101.07469,8792.213,MIRAI-GREIP_FLOOD
-1.9068985,47.795975,66.3542,1629.4058,-0.029169887,-0.0067001292,-0.047725275,0.0072177113,-0.115551226,-0.01511646,0.008712026,-3.4157019,0.1887341,0.01615481,-0.031103894,-0.10409343,-0.0012560355,-0.0011086464,0.03447454,-0.036180437,-0.0004279008,0.016797358,-0.030235648,0.10537671,-0.001781336,0.028192708,-0.056066085,-0.044046693,0.99018794,0.9747056,54692.438,142.17761,508.23456,549.9068,8.870884,572.0668,0.0010730792,99.26933,-14385.5625,MIRAI-GREIP_FLOOD
1.2808609,47.70605,71.50632,6811.087,-0.026411379,-0.004204852,-0.036456786,0.005724709,0.04915309,-0.01921125,-0.023108415,1.3455536,0.19970438,0.040808022,-0.031598147,-0.012083821,-0.0034414888,0.02136862,0.028874852,-0.038303796,0.046816222,0.0012945989,-0.0059526563,0.042097777,0.045854434,-0.0012042641,-0.074846715,-0.009049037,0.9663161,0.94590414,54462.586,67.73523,414.38202,559.6688,46.062878,568.6085,0.0010066435,99.86363,-3140.632,MIRAI-GREIP_FLOOD
1.4445477,45.40474,64.36461,1410.3884,-0.029018939,0.00090102473,-0.039645847,0.0014852117,0.034575727,-0.020577252,-0.0031599146,1.1918201,0.4696743,-0.028793698,-0.104542434,-0.041645065,0.035380993,0.0128498655,0.038185272,-0.008355504,-0.018646752,-0.012490022,0.055903137,-0.026401026,0.018487766,0.03521444,-0.02149168,-0.0019914284,0.9391475,0.93638885,54300.13,77.43843,560.126,539.96313,87.8459,547.1354,0.001307234,103.490776,6306.775,MIRAI-GREIP_FLOOD
2.6355038,44.73012,67.75061,640.23315,0.034630228,0.0090886215,0.004314326,0.0030967195,0.03458269,-0.0019483897,0.0063536735,2.6481948,0.40601254,0.4327783,-0.026170168,-0.021169141,0.07038519,0.03563877,-0.003452627,-0.009251948,0.0011194358,-0.018437421,0.046562254,0.07500241,0.011583502,0.017041199,-0.042405188,-0.0031255372,0.99227536,1.0016725,46253.75,58.80681,562.713,481.08804,55.03799,488.7384,0.0008501946,99.58896,-6917.7017,MIRAI-GREIP_FLOOD
-1.3700771,48.076977,61.730717,12265.403,-0.018530278,1.1142343e-05,0.029673867,-0.014932576,-0.086379275,0.03414967,0.013551617,-4.5023313,0.0054624677,0.0018205494,-0.06675794,-0.11835864,-0.0051532406,-0.030466858,0.050293557,-0.015323391,-0.0045558275,-0.014336474,-0.035420716,0.05809417,-0.015668705,0.021440852,-0.0071737585,-0.01170935,0.9870385,0.9679214,52827.906,165.86731,272.6399,464.60318,-19.483494,491.85406,0.0002829366,97.073425,-16134.513,MIRAI-GREIP_FLOOD
0.11964035,44.885906,70.06802,-1305.9932,-0.048248254,0.07307946,-0.031573344,-0.002390281,-0.08736197,0.019612012,-0.027660366,-4.2369113,1.8372248,-0.09513962,0.039285585,-0.07433309,-0.00092025095,0.01738579,0.050129957,-0.035591215,-0.014722701,-0.036480337,0.013231039,0.10699038,0.017043864,0.010727489,-0.036215387,-0.018556653,0.9939483,0.9738085,50406.04,141.32065,502.65146,508.83914,33.194084,553.07104,0.0005063007,94.229935,2132.0352,MIRAI-GREIP_FLOOD
2.1393242,43.264732,64.55738,923.39355,0.0077749784,0.0011048577,0.028719064,0.017813487,0.057361737,-0.009616253,0.048537515,1.8538535,-0.3008334,0.14500348,0.3615883,0.006404617,-0.037745718,-0.0011658482,0.018586103,0.042278316,0.001741196,-0.01816977,0.098870575,-0.033976655,-0.01312296,-0.0035214145,-0.034647282,-0.041919243,1.0026909,0.98982203,54877.965,96.218315,470.97894,482.2456,9.19002,477.33313,0.00047514477,100.258156,-21596.547,MIRAI-GREIP_FLOOD
-2.9140186,46.761208,64.465935,5392.6553,-0.016983435,0.0034039211,-0.03948655,0.020953527,-0.107280366,-0.016707063,-0.017838437,-5.429752,0.04744073,-0.09103533,0.031001244,-0.08316421,-0.002170165,-0.013640046,0.08237309,-0.035567727,0.014572779,-0.010933065,-0.043195903,0.11192799,-0.026764426,0.03293957,-0.0046582893,-0.022102464,0.9495222,0.98015046,55108.645,157.82863,520.6005,524.94696,37.152283,596.3456,0.00049580506,98.15219,-940.51215,MIRAI-GREIP_FLOOD
-1.0139236,49.163406,64.384186,11428.383,0.0011278689,0.005369043,0.0048096315,0.001168806,-0.030523436,0.014211006,0.0037827762,-3.3217092,0.1274857,0.060709193,-0.0917514,-0.03601352,-0.008694678,-0.01984462,0.05507424,-0.024620054,-0.018010095,-0.017887915,-0.0035970807,-0.013452419,-0.00627215,-0.015446237,-0.03601668,-0.021469425,1.0027475,0.9856567,55997.125,172.29724,358.17157,525.10333,-18.096424,568.58014,0.00025037667,100.26507,-6470.8687,MIRAI-GREIP_FLOOD
3.594616,42.727943,71.46512,2887.832,0.0063830707,0.009261944,-0.006599291,-0.014278175,0.037548028,-0.025556767,0.009469513,-2.1966283,0.21083108,0.10024065,-0.05847836,0.0010624295,-0.009902676,0.020234969,0.027243474,0.0053601665,0.015543789,-0.03350424,0.06553215,0.046053566,0.020640587,0.014112881,-0.058992334,-0.020646427,0.9669118,0.96979374,48234.77,136.42099,412.6046,469.4283,-24.02945,501.05637,0.00018006367,96.96215,-27983.432,MIRAI-GREIP_FLOOD
3.242981,45.510742,64.679756,2534.6077,0.051142156,0.0008309222,-0.00674956,-0.0049086767,0.0842536,-0.01472055,0.018947454,1.710253,0.32411653,0.29121774,-0.085009776,0.041971162,0.008265095,-0.004390008,0.030382857,-0.023556,-0.00023582485,-0.017250359,0.08955628,-0.041626625,0.013577102,0.044079542,-0.058692805,-0.04225343,0.98877394,0.9858178,50052.258,57.678867,435.7304,519.0436,42.224598,531.55273,0.00043906292,101.40045,-2655.452,MIRAI-GREIP_FLOOD
-0.6398144,48.90691,65.04313,2652.4578,0.02175378,0.018797481,-0.013512358,-0.00031821057,-0.015070042,0.014780457,-0.007736515,0.24820364,1.865781,0.36159334,-0.048669927,0.0022128224,0.009431582,0.021875635,0.031787224,-0.03006094,-0.013700235,-0.02140128,-0.013661325,0.017829597,0.021973759,0.029336458,-0.05292661,0.003277082,0.9776674,0.99095404,57281.02,58.109283,587.33813,576.45526,87.92436,616.7847,0.00047812623,105.33441,5523.6514,MIRAI-GREIP_FLOOD
5.130965,43.616444,75.5399,1535.7251,-0.039494507,0.0034341034,-0.0068623293,-0.008681837,0.12726091,-0.015431521,0.0151087735,8.450121,0.26980942,0.027926564,0.0071108337,0.034396753,0.013970772,0.03835587,0.013700675,0.009062066,-0.011466787,-0.02747859,0.13773638,-0.07080484,0.0310677,0.0040457016,-0.06879051,-0.028813004,0.9827932,0.9613488,53784.97,104.25998,572.32983,544.10345,95.55573,524.36017,0.0006972509,101.511696,15268.845,MIRAI-GREIP_FLOOD
1.3123837,44.2135,64.543,3770.8816,0.020367179,0.0114454795,0.002083499,0.024786586,0.035439707,-0.028594088,0.01136989,1.8890965,-0.03304384,0.14160141,-0.05980224,-0.04121515,0.006907131,0.009913006,0.039625093,-0.0010021823,-0.0043492997,-0.0056840805,0.06947321,-0.030526642,-0.012280073,0.031160498,-0.007709851,-0.022632191,0.9725782,0.9761635,55622.64,95.41423,612.7938,537.79755,66.81704,547.75226,0.00050532585,102.30393,5790.2153,MIRAI-GREIP_FLOOD
2.0829353,44.45102,75.483025,2824.2046,-0.046796333,0.03987753,-0.0003836793,0.0023807928,0.039753508,0.01137175,0.004381421,1.8065118,1.5305545,-0.09424831,-0.028293077,0.0028463826,0.00070854643,0.028221218,0.05332528,0.012053609,-0.008668766,-0.0074363123,0.039541543,0.02148999,0.024681434,0.002358706,-0.0051635876,0.0008210633,0.98430717,0.9507451,52478.62,79.58541,620.6369,513.5301,89.76618,541.3414,0.00039089215,97.6125,7332.2817,MIRAI-GREIP_FLOOD
1.0048618,45.34324,63.510002,1959.3257,-0.00892721,0.013176008,-0.0029605837,0.0055582435,-0.011053119,-0.0002543832,0.010586953,0.28157717,0.47992226,0.06746088,-0.13692039,0.020946223,-0.0021706363,0.03690827,0.024876513,-0.023398025,0.014333844,0.00044450164,0.021962821,0.040064555,-0.007197046,0.0365942,-0.027681902,-0.025452789,0.96993595,0.96909434,51741.414,57.365494,513.0454,508.19504,75.33632,524.7086,0.000659892,101.72597,7687.622,MIRAI-GREIP_FLOOD
-0.37267494,45.509853,62.477196,305.48828,-0.017380636,-0.0008397176,-0.0006591552,0.005924692,-0.051981457,0.013662323,0.03286444,-0.0028235912,0.24225758,0.02855584,-0.04965342,-0.027767852,0.011762166,0.023557099,0.0321647,0.005799015,-0.015739784,-0.016810685,-0.016979575,0.08538568,0.00048466725,0.022252545,-0.031198658,-0.041505244,0.9758825,0.95185643,49903.676,69.400696,503.60876,496.4489,71.05634,501.48517,0.0018021911,99.66294,-1680.3652,MIRAI-GREIP_FLOOD
1.7245865,44.55365,63.96563,2061.1113,0.00081793405,0.020096878,-0.0021859957,0.0006675981,0.017107632,-0.013678805,0.011205556,-2.141714,0.3161085,0.15897837,-0.16589688,-0.02425979,-0.005294901,0.015214948,0.02568997,-0.016060501,-0.004992881,-0.021205561,0.0624606,0.0034613905,-0.02321585,-0.0015414332,-0.005336581,-0.004492309,0.9628773,1.0001462,52020.273,168.20963,402.24838,480.00803,-32.44835,523.1062,0.0003373131,97.71001,-25917.81,MIRAI-GREIP_FLOOD
0.26371574,47.96087,73.08988,1227.6843,0.038030177,0.023729702,-0.0037559913,0.020949177,-0.005443086,-0.0039994074,-0.03356354,2.3544858,2.7018147,0.38330203,-0.02224396,-0.025542002,0.034327716,0.03485739,0.040942635,-0.010004336,-0.039430745,-0.025466103,-0.002788484,0.049791753,0.053620316,0.036652017,-0.062322162,-0.0560686,0.9774635,0.9527069,50100.547,54.58411,618.058,537.8967,98.67764,562.25464,0.004618434,99.71355,9792.088,MIRAI-GREIP_FLOOD
0.52143097,43.899834,62.85278,4737.4897,-0.033447266,-0.000985477,-0.024643725,0.029267674,-0.058983974,-0.0008099235,0.028849922,-2.9576209,-0.16825049,-0.012601958,-0.05996695,-0.065318264,0.039239794,-0.03167832,0.041561242,-0.024043795,-0.0011965656,-0.021417685,0.02113384,0.052101437,-0.033274144,0.0066303886,-0.0055760844,-0.014739361,1.0273103,0.9867588,53181.957,176.66547,531.0372,558.22253,13.774888,577.71967,0.0003792753,94.925354,-3346.4578,MIRAI-GREIP_FLOOD
2.4303074,43.01218,64.22714,2255.5542,0.00042026863,0.0042320983,0.007546057,-0.00791575,0.049755096,-0.029436035,0.020335808,1.177645,-0.080498196,0.123511136,-0.046472073,-0.014032733,-0.0018264219,0.0022123754,0.008882605,0.017506415,0.00048457645,-0.012188623,0.08403152,0.008177056,-0.031158559,0.021344986,-0.0083025815,-0.011960817,0.9614533,0.97093934,54968.668,87.05197,454.42764,506.46762,46.545715,511.5318,0.00038413727,99.12811,-3453.918,MIRAI-GREIP_FLOOD
-0.2989502,45.969707,69.58605,522.6677,-0.031020848,0.018344142,0.0052444916,0.013396603,-0.03316296,0.026991475,-0.011308873,0.48540515,1.5555613,-0.063132,0.066599675,-0.028835109,0.01335742,-0.0035187555,-0.016948083,-0.010163415,-0.014381519,-0.025468413,0.015030682,0.06768625,0.014745418,0.032955784,-0.031310488,-0.007276702,1.0105512,0.99662864,58810.78,58.2745,807.04205,628.82526,170.73135,644.4754,0.00029292895,100.7526,30945.51,MIRAI-GREIP_FLOOD
-0.007741928,45.02971,64.94783,2495.786,0.01940709,4.3768436e-05,0.009227774,0.012844696,-0.042757638,-0.026326904,3.8626604e-06,-3.9380426,0.0639099,0.090836965,-0.050455354,-0.114546135,0.0680213,0.021846704,0.039560627,-0.0123928245,0.015082827,-0.0038774498,-0.012678206,0.0699186,-0.03540164,0.010381146,-0.031091647,0.00040674582,0.9917217,1.0000483,52639.0,132.20941,448.56122,519.6336,-17.78059,534.988,0.00049445854,97.15287,-28258.355,MIRAI-GREIP_FLOOD
-0.69374275,45.910538,75.95298,2350.0032,-0.047622215,0.0036988033,-0.026845291,0.012529864,-0.07395042,0.021600993,0.0080605475,-1.365181,0.12336841,-0.06609255,-0.054466926,-0.05491303,-0.006097132,0.0052995654,0.03754943,-0.0012378488,-0.0076386468,-0.016142266,-0.022552967,0.10279046,-0.013520596,0.008836569,-0.035050433,-0.039019283,1.0179391,1.0112802,52505.234,162.19199,552.76904,558.1943,-2.2514591,567.0793,0.00016736328,95.74279,-15649.834,MIRAI-GREIP_FLOOD
-1.7584648,48.072975,65.45257,3010.7402,-0.037136633,0.015742855,-0.013975721,-0.009574055,-0.04808165,0.0015302334,-0.013755243,-1.8408828,0.5271947,-0.02149567,-0.084379874,-0.07828868,-0.010582574,-0.005975524,0.04034677,-0.045673236,-0.013004106,-0.04874404,-0.0072121024,-0.006379353,0.013267025,0.0015350711,-0.040356137,-0.000925092,0.9964178,1.0125768,57767.305,173.77368,593.07153,553.488,25.039415,598.7831,0.00033588323,103.796524,2322.5955,MIRAI-GREIP_FLOOD
-0.44365692,46.451317,63.770004,14278.5,0.017715447,-0.0036471074,-0.014739278,-0.004530884,-0.020000145,0.005467182,-0.02122528,-0.7292652,0.058806647,0.02316407,-0.06921655,-0.056512173,-0.01488788,-0.003402084,0.01191703,-0.007164203,0.0007380266,0.010946029,-0.010856748,0.07302842,0.007602409,0.0040531913,-0.058262963,-0.08143553,0.99932444,0.98062253,55066.08,57.57107,515.9116,552.53925,67.065346,543.3241,0.0004161034,99.65245,4793.0024,MIRAI-GREIP_FLOOD
1.2095146,44.630257,66.36008,2972.932,-0.00023853965,0.041138526,-0.010751068,-0.003279981,-0.022300998,0.008002283,0.01684738,-0.7401235,0.7095382,0.028055515,-0.0962379,-0.0607802,-0.019720033,0.03282909,0.023833469,0.011585247,0.006320267,-0.0075526065,0.017781198,0.033106852,0.008794669,0.018851072,0.0045408728,0.017457325,0.96501833,0.97034836,51627.14,81.730804,397.87762,490.28326,-8.401016,486.68088,0.00016486885,99.42806,-21773.74,MIRAI-GREIP_FLOOD
2.6803417,43.595406,64.1814,4903.6274,-0.0028408505,0.013007364,-0.0033173012,-0.0015280597,0.012542836,0.0012798148,0.02272243,0.4292711,0.591252,0.055846035,-0.1526665,-0.02661798,0.032586854,0.027177444,0.018812612,0.008687707,-0.021344103,-0.013066445,0.08414996,0.0077354643,-9.20333e-05,0.019756585,-0.010530333,4.076399e-05,0.96560234,0.9715712,51923.082,79.24664,372.9779,477.42642,35.356827,502.1683,0.00028031392,99.60338,-6190.1733,MIRAI-GREIP_FLOOD
5.152627,43.052036,97.325325,15182.299,-0.0237538,0.017682208,0.09321542,0.021057636,0.19200926,0.031577963,-0.030203942,21.312685,0.9462231,0.10076873,0.21539646,-0.07180694,0.024066078,0.020386742,0.013154654,-0.035878878,-0.015553749,-0.08362029,0.12145066,0.03996195,0.028122235,0.053863153,-0.07664627,0.0041912682,0.98302627,0.9428455,42053.957,55.457714,490.87708,448.48895,101.84626,423.90704,0.001582843,92.746635,8702.998,MIRAI-GREIP_FLOOD
2.8694382,44.60176,64.401024,2363.1357,0.029192345,0.01517013,-0.024821196,0.03782004,0.084563315,-9.9550234e-05,0.00981005,6.671456,0.055585615,1.0404973,0.05061584,0.060617037,0.013047337,-0.018111775,-0.035483673,-0.00408608,0.004537725,-0.019805964,0.10843706,-0.001734607,-0.01858386,0.05408924,-0.023650797,0.0050120335,0.98456764,0.99383354,54425.547,64.30841,656.7565,545.58,120.07796,541.8556,0.00082588254,102.948105,12350.449,MIRAI-GREIP_FLOOD
-0.7310467,47.536926,64.24846,3799.8672,-0.012331958,0.0061146426,-0.037228584,-0.014919253,-0.059609182,-0.017790386,-0.012360596,-1.82545,0.02335213,0.08286442,-0.08869205,-0.0587818,-0.0029880197,-0.0044332677,0.029425493,-0.04108444,-0.012443788,-0.034298435,-0.011570513,0.009401571,-0.020313447,-0.019143771,-0.020699406,0.0106940875,1.0180832,1.0111839,56944.637,175.51321,452.65137,536.38336,-2.117323,549.65735,0.00036304301,101.95439,6.1643066,MIRAI-GREIP_FLOOD
1.1501522,45.192474,67.05473,2056.5234,-0.025113434,-0.0001951009,-0.008306866,0.005904147,-0.021737142,0.0042905407,0.0139573105,0.24622893,0.23426227,-0.017133228,-0.08503883,-0.029335411,0.0038740213,0.031189192,0.014883408,-0.008373087,-0.0015523657,-0.011536944,0.01001364,0.09366352,0.0009892625,0.022994466,-0.022050738,-0.029618682,0.9896489,0.98568,51287.137,68.04101,424.67883,484.61847,38.524906,512.9085,0.00041231533,101.02131,-8993.776,MIRAI-GREIP_FLOOD
-1.2481613,47.52684,64.635666,4577.311,-0.025196712,0.003367853,-0.034739297,0.030101899,-0.11098942,0.016422866,0.024235703,-2.095919,-0.013383701,-0.012354291,-0.05982916,-0.08296951,-0.010258122,-0.04098905,0.034065496,-0.014811464,-0.0072337613,-0.015728643,-0.04517722,0.07756584,0.0023874547,0.0069023604,-0.03305652,-0.05453361,1.0358839,1.0115391,58051.62,175.53079,508.53055,550.7004,-15.384777,570.82,0.0002117762,95.89169,-13992.835,MIRAI-GREIP_FLOOD
-1.0893688,46.77298,65.95763,4327.4746,-0.024411043,-0.0011065191,-0.023397153,8.773804e-05,-0.0679913,-9.678013e-05,-0.011541547,-0.7293179,0.11844392,0.03993301,-0.053463154,-0.051128253,-0.009473601,0.014216175,-0.008331979,-0.008261249,0.02587143,-0.017451894,-0.024783611,0.119904704,-0.0031587924,0.00027073664,-0.009340405,-0.0076170727,1.0222795,1.0127827,56049.742,68.24519,557.51685,553.17236,66.04368,566.32056,0.00045799394,99.461815,143.53499,MIRAI-GREIP_FLOOD
0.08364105,47.14579,69.40416,5205.2773,-0.033432737,0.014299258,0.0060406025,-0.002327916,-0.0016344478,0.043427985,-0.0031697983,0.14646244,1.5739812,-0.01570786,-0.050258063,-0.022036927,-0.0015067513,-0.0058368733,-0.008641867,0.012294952,0.0017564092,-0.017387392,0.005521536,0.050236527,0.037318137,0.03433962,-0.08853868,-0.063521676,0.9861086,0.97822785,54875.594,57.088116,527.938,543.03424,36.391968,554.78815,0.00052503386,100.045685,-1598.9443,MIRAI-GREIP_FLOOD
0.46710587,45.305416,71.69485,3831.2407,-0.061622716,0.0014481841,-0.027850883,-0.02201256,-0.04768704,0.018549206,-0.029555034,-0.15263712,0.1895579,-0.03145138,0.027327232,-0.13980287,0.1093568,0.01180652,-0.016198918,0.014247691,0.00041980762,-0.030632932,-0.0041490793,0.09505557,0.01543711,-0.0214013,-0.037582338,-0.0133312475,0.9990616,1.0090117,56680.797,94.81612,547.71204,563.45013,50.388542,551.50494,0.00040379135,96.27716,-4136.5806,MIRAI-GREIP_FLOOD
4.6273375,44.689777,72.51233,11903.963,-0.07652152,0.0040474217,-0.06452306,0.012553135,0.12859388,0.0026298924,-0.05234775,13.365459,0.3561939,0.25614145,-0.1601631,-0.062500104,0.16243123,0.044056404,0.013923785,-0.04951922,-0.06498599,-0.037359696,0.12552309,-0.0067520007,0.058640815,0.016350036,-0.09085502,0.010541993,0.9669161,0.9432547,54276.492,115.52553,649.1647,554.4984,78.46461,550.444,0.00017219488,100.43914,5870.9517,MIRAI-GREIP_FLOOD
2.9321918,41.171303,67.515686,2729.4597,-0.041650556,0.00475332,-0.004341551,9.3659386e-05,0.05066227,-0.00787885,0.021012409,-0.26781774,0.20680735,-0.035123535,-0.03725243,0.019789005,-0.011539958,0.008209445,0.017836139,0.004781196,0.0035817688,-8.3139166e-05,0.09377754,0.030833242,0.0026352657,0.0048429193,-0.019186925,-0.047929987,0.99451,0.977884,53074.902,84.8666,469.07056,501.78592,47.569763,514.2865,1.7081475e-06,96.55007,953.8426,MIRAI-GREIP_FLOOD
0.8031082,44.60846,66.21103,3308.2515,-0.022255192,-0.00094057614,-0.021027077,0.0022655325,-0.007757053,-0.02753558,0.014520593,-0.7603822,-0.11510907,-0.0077690645,-0.025876038,-0.08237532,0.043218806,0.0013693096,0.029219419,-0.02027489,0.027683325,-0.02136185,0.031549454,0.022741493,-0.01864596,0.00966445,-0.034623247,-0.008792168,0.981835,0.9960263,54421.387,154.98735,508.79437,531.66486,12.855944,555.8549,0.00036486864,98.755516,-10032.385,MIRAI-GREIP_FLOOD
-0.588068,44.674076,64.80181,799.5735,-0.009439223,-0.0035405047,-0.022705525,0.024603983,-0.03765803,-0.03155557,0.005062786,-0.5021584,-0.053961467,0.13950911,-0.039380103,-0.041094996,-0.0016883757,0.015432985,0.015618768,0.014025813,0.0045327004,-0.01972893,0.0047352314,0.11605922,-0.029136764,0.03705833,-0.019971292,0.015240871,0.97090816,0.9813985,53307.62,80.543625,423.95203,497.5223,34.055557,504.28888,0.0025084203,97.26466,-18422.514,MIRAI-GREIP_FLOOD
3.3551998,43.5194,74.43294,2824.7686,0.016119998,-0.00073665375,0.019748079,-0.010703899,0.061373897,0.0037753996,0.011674961,3.5500636,0.026221644,0.2557573,0.017706897,-0.029584298,-0.0027741864,0.019739058,0.0023555523,-0.023218371,-0.023170004,-0.04869837,0.1018545,0.029268738,-0.00020994106,0.056192838,-0.054950297,-0.03684254,1.0111903,0.9882088,46874.85,58.05141,428.71912,480.5507,26.497473,476.72006,0.0004229478,99.37621,-9298.546,MIRAI-GREIP_FLOOD
2.019575,45.907204,63.88407,4314.015,0.020623969,-0.017169222,-0.009772552,-0.010616205,0.029394545,-0.0119005125,0.025697704,-0.57856905,-0.52409595,0.18956923,-0.029341856,0.012321445,-0.0052629965,-0.009559494,0.005323724,0.027238455,-0.004455417,-0.038800493,0.057826996,-0.012692294,-0.036887906,0.0032823393,-0.010210088,-0.028268024,1.0180541,0.9694561,57445.367,76.82927,463.7817,542.61926,49.63444,527.0991,0.00034584827,100.03969,-7774.6235,MIRAI-GREIP_FLOOD
2.482914,44.65878,64.30045,2158.3105,0.014279427,0.00023649633,0.004377328,-0.009834231,0.03724148,-0.012110918,0.020030422,0.60600865,-0.08878887,0.016010772,0.06102176,-0.016096044,-0.0018425282,-0.00414229,-0.028945992,0.015032554,0.0029584533,-0.040801264,0.07593036,-0.023612158,-0.022410208,-0.00024345354,-0.019847678,0.024545927,0.99496514,0.9941902,55786.46,76.61752,416.0074,520.07477,25.95802,499.27512,0.00043091312,100.897285,-19697.37,MIRAI-GREIP_FLOOD
0.9234638,45.498684,64.91953,4069.515,0.01494685,0.009193129,-0.00792912,-0.015591226,0.004598821,-0.004113782,0.004560803,-0.23926115,0.115257934,0.08094206,-0.03261075,-0.06382792,-0.0013351458,-0.0013616821,0.037136264,0.005230643,-0.016649138,-0.013500301,0.013051391,-0.021014016,0.0110430885,0.01138808,-0.041863337,-0.021690568,1.0059006,1.0042399,56361.58,154.18935,437.66034,522.5467,-15.154259,530.0826,0.00041824722,101.00187,-18975.22,MIRAI-GREIP_FLOOD
-0.078897476,45.98008,63.991367,1921.4258,0.012996707,0.017836941,0.020498548,-0.004498789,-0.01865978,-0.017425768,-0.0076133055,0.40621138,1.0288768,0.3110404,0.3646034,-0.10561644,0.075779706,-0.006299666,0.010031144,-0.0154075315,-0.018074878,0.0060855458,0.03778237,0.003468599,-0.021913564,0.019822694,0.0005860673,-0.019693013,0.985121,1.0463235,53723.684,148.04385,489.18372,492.89774,-8.017624,525.13293,0.0007058432,103.60612,-17821.508,MIRAI-GREIP_FLOOD
1.8039665,45.204006,70.27224,-591.65234,-0.017991424,0.009196728,-0.011583959,-0.0019276676,0.018885512,-0.0048276624,-0.0047281617,1.1300496,0.64808494,-0.0117655,-0.054410692,-0.01501954,0.0077034566,0.023549728,0.0146724675,0.014032137,0.0002963841,0.007848771,0.05313456,0.018929886,-0.012483588,-0.010585143,-0.032172415,-0.0063670333,1.0082098,0.9957151,53685.43,63.833744,491.49466,525.7251,72.247795,525.0676,0.00070033036,100.65588,5187.9663,MIRAI-GREIP_FLOOD
0.35444832,48.51305,70.15709,-587.4321,-0.030807093,-0.008477175,-0.0074687526,0.0014881118,-0.004249124,0.009962228,0.009215318,1.348429,0.21118587,-0.021140745,-0.023204638,0.008160208,0.0026764425,0.014470916,0.022954103,-0.04377414,0.0022262335,-0.05266904,-0.007600248,0.06304018,0.019176532,0.06300182,-0.07699911,0.0065531675,0.9771425,0.9559149,51075.633,56.397057,467.55438,535.5541,78.50273,551.48364,0.00058110483,103.32855,-7799.062,MIRAI-GREIP_FLOOD
-1.2779045,47.80673,64.12493,6672.7305,-0.010511688,0.022958918,-0.016020404,0.019142492,-0.07122707,0.002864955,0.039539,-1.5594089,0.5238312,0.06645403,-0.08911536,-0.05615084,-0.0153258,-0.028084885,0.051042505,-0.027320039,-0.016104694,-0.011664158,-0.04007274,0.0129639795,-0.0177564,-0.007019341,-0.025829079,-0.023802806,1.0150286,0.9721848,55932.664,173.57944,566.09656,531.49677,13.723683,564.4992,4.0873652e-05,100.37652,-6620.1514,MIRAI-GREIP_FLOOD
0.8712826,44.62339,68.53579,361.48682,-0.011133187,-0.0042327764,-0.022278188,0.015939891,-0.0065289326,0.0059852046,0.0164942,1.2567369,0.14233342,0.53511107,-0.0023389794,0.009398318,0.00921598,0.013138846,0.00020863488,-0.032779373,0.019941673,-0.0066045066,0.07102841,0.105219506,-3.907131e-05,0.005408969,-0.0414117,-0.028305724,0.9928667,0.997899,53512.477,57.760796,679.6085,543.8456,102.87764,534.8459,0.00079523004,99.91521,16319.596,MIRAI-GREIP_FLOOD
1.0153923,45.41032,64.5575,1364.4841,-0.023209928,0.006310643,-0.0143840015,0.0042406553,0.005176088,0.0064297747,0.012532108,0.81791663,0.3815293,-0.08213891,-0.03381409,-0.02052095,0.012211724,0.0042149844,0.016750932,-0.022271872,-0.016810216,-0.023195267,0.059928417,0.016615976,-0.0022814982,0.024997445,-0.03483867,-0.022386909,0.98860765,0.9885946,56506.043,58.613358,604.26794,563.9193,97.025475,572.9224,0.00055226113,101.76557,6404.02,MIRAI-GREIP_FLOOD
-0.94838715,46.52907,63.740223,1414.8389,-0.029225832,0.008626352,-0.025501493,-0.00084683666,-0.03150741,-0.034962997,0.008498671,-0.3390255,0.18240213,0.047840215,-0.053932257,-0.06699322,-0.011084303,0.008781379,0.03761518,-0.03884343,-0.017909773,-0.030522823,-0.00095790625,-0.0034461578,-0.023049058,-0.020369072,-0.03408372,-0.022136392,1.014372,1.0135982,57540.176,174.38155,690.1476,546.8322,41.598114,563.0588,0.0005062387,101.86092,6143.415,MIRAI-GREIP_FLOOD
1.0269051,46.316315,72.39471,2480.792,-0.046976026,0.001210939,-0.082986124,0.026139958,-0.010762701,-0.044878613,-0.02933573,0.8606905,-0.06593683,-0.018113997,-0.07905573,-0.039860327,0.022474103,0.014211459,0.06940662,-0.09097177,-0.01592668,-0.044950366,0.05888778,0.0004436821,0.007892543,-0.015552835,-0.04450544,-0.004051244,1.0254213,0.9769451,54866.14,170.45279,598.3356,558.8886,22.28725,573.4998,0.00033926556,101.5698,-10189.343,MIRAI-GREIP_FLOOD
-1.3445492,47.78349,63.426582,3572.3372,-0.013458541,-3.375858e-05,-0.027938813,0.0005035866,-0.082427934,0.00994953,0.02138172,-0.12967253,0.05107057,0.2671092,-0.030001454,-0.06944702,0.017584015,0.016602432,0.0013450347,-0.0026558805,0.014449729,-0.015729204,-0.032393813,0.07559501,-0.016486797,0.014120983,-0.014482887,-0.04349939,1.0010216,0.9803898,56014.207,71.73156,534.9655,538.3945,70.66984,549.6213,0.0005907853,100.76027,1016.1576,MIRAI-GREIP_FLOOD
1.9314346,42.430733,63.32388,3048.755,0.008494238,0.0099678105,0.011580967,-0.0020278816,0.05063557,0.010676846,0.010917861,-0.4384849,0.23738924,0.06811158,-0.04810622,0.030303102,-0.0014324913,0.0016155606,0.021776102,0.046101265,-0.00080849975,-0.009146276,0.088688314,-0.007909394,-0.007579737,0.017324926,-0.009099654,-0.027987622,0.96847373,0.9601104,54949.23,68.340256,451.5125,503.4089,48.10933,521.8623,0.00043281,97.82735,-1992.8503,MIRAI-GREIP_FLOOD
-0.40763283,43.997234,62.4315,1010.3777,-0.017558165,0.01874127,-0.0053939084,-0.005718238,-0.013042271,-0.0010949682,0.016359791,-0.15599597,1.342282,0.022033332,-0.06335146,-0.04648467,0.008706092,-0.0011826307,0.0008269539,0.03803397,-0.0053802202,0.009662187,0.015990913,0.041348897,-0.020044958,0.045432482,0.007999436,-0.041127622,0.9549527,0.9720288,53649.45,69.43713,586.9114,540.82623,96.20105,556.98975,0.0007451494,98.72602,10902.369,MIRAI-GREIP_FLOOD
2.7602005,43.629333,64.67118,5247.5786,-0.010775597,0.0054109152,-0.0021214387,-0.0013728401,0.033234693,-0.0064135753,0.01971591,0.19806635,0.16723908,0.0068011507,-0.056109894,-0.017497294,-0.006393091,0.009974333,-0.015738538,0.0148277,-0.0119167,-0.02286971,0.07467544,0.013107343,-0.00740671,0.022953697,-0.015197528,0.005201446,0.9705307,0.9858551,52571.305,78.38454,407.61746,490.70023,14.343965,498.88513,3.4676676e-05,99.98778,-20245.414,MIRAI-GREIP_FLOOD
-1.1294174,45.88883,73.79862,3497.8726,-0.028042383,0.0027880948,-0.03257075,0.008701249,-0.07791961,0.011985767,-0.0124596,-2.7511125,0.022704227,0.00038059428,-0.11054772,-0.075081564,-0.01646988,-0.0020982465,0.041149326,-0.041720137,-0.017360799,-0.047168784,-0.008941174,0.10291796,-0.008218457,0.0006651494,-0.02895397,-0.010595917,1.0142838,0.98938316,52707.668,174.37296,466.2322,541.57166,-17.986515,572.27856,0.00011429167,95.40968,-8551.8,MIRAI-GREIP_FLOOD
3.5629044,43.480522,65.09953,2191.6277,-0.0021390617,0.0071583386,0.0003044214,-0.004500514,0.06517655,0.010500193,0.028389012,-0.004190564,0.6032017,0.017028615,-0.110118695,0.020577975,-0.011502372,0.011278758,0.008388431,0.016075002,-0.015199267,-0.005624676,0.071554124,-0.02459067,0.010461299,0.018080778,-0.03143678,-0.033477627,0.9922032,0.9884433,53313.84,65.95034,393.08325,487.23898,25.858196,498.62717,0.00032593738,100.02541,-12663.516,MIRAI-GREIP_FLOOD
2.9218693,45.09558,62.162857,7324.008,0.006562695,-0.00314244,0.009104579,-0.0028690845,0.058963083,0.019854445,0.034707587,1.6740571,-0.31713867,0.03912615,0.04043766,-0.022997692,-0.0032112442,-0.026903942,0.021219645,0.032807723,0.024523752,0.004677465,0.107961,-0.11575439,-0.05102916,0.036600757,0.0046892418,-0.014683481,0.97469735,0.94828546,58474.812,113.472916,360.3971,524.85846,1.1666527,491.29398,0.00017812464,99.0389,-16891.418,MIRAI-GREIP_FLOOD
2.5659351,45.35325,64.880714,1059.3452,-0.010764449,0.034102123,-0.026676323,-0.006688777,0.043496758,0.008615788,-0.027406063,3.1775265,3.4793947,0.07626543,0.011973976,-0.07267101,0.18877189,0.009365849,0.008602239,-0.0077822707,-0.020399978,-0.019305112,0.09024036,-0.0012177788,-0.023180086,0.010255028,-0.004429971,-0.009412616,0.9676103,0.9913584,53013.656,57.985893,503.74823,516.2152,93.124695,531.0317,0.0014902002,101.8913,2648.4778,MIRAI-GREIP_FLOOD
1.5796013,43.432945,64.575134,3073.351,-0.010789082,0.0062155523,0.0023413682,0.00020125322,0.01278208,-0.00510092,0.020302821,-0.7774719,0.4009034,0.038362153,-0.11148758,-0.039475597,-0.00741351,0.014127849,0.0145187,0.007084226,6.818678e-05,0.018734125,0.031224191,0.033321153,-0.010640182,0.017603291,-0.02168195,-0.040223442,0.9811912,0.9651606,52783.73,76.02849,406.8769,494.43857,14.403455,511.2671,0.00030160602,98.91421,-12967.829,MIRAI-GREIP_FLOOD
1.0498753,46.62183,70.08271,3871.1887,-0.041185267,0.01594528,-0.022432802,-0.008291441,0.04705721,-0.010653485,-0.040867336,1.3150302,-0.16132915,0.021520695,-0.020493168,-0.053658843,-0.013784714,-0.0047573587,0.049724482,-0.033226945,-0.038708664,-0.056031268,0.10416174,-0.04667781,-0.01125833,-0.012681746,-0.032020263,0.026612196,1.0374423,1.0207751,57810.832,175.72974,452.5386,566.2536,-16.290123,568.2873,0.00016467166,98.221886,-5400.443,MIRAI-GREIP_FLOOD
0.93369293,43.839863,62.42352,2018.7368,0.020990392,0.0030969915,0.021706965,-0.013079069,0.0013510445,-0.024853904,0.031359468,-2.177538,0.15992525,0.082459114,-0.09720875,-0.017919693,-0.00068411045,0.009515909,0.047257327,0.019103743,-0.02458535,-0.0037744408,0.028658032,0.009056126,-0.013220697,0.03299067,-0.003960808,-0.055025548,0.9604514,0.9583348,52164.055,83.58919,406.64447,507.28226,22.5533,523.29944,0.00048308691,99.25255,-17641.316,MIRAI-GREIP_FLOOD
1.066967,44.18059,63.92401,6870.91,0.023704657,0.011640674,0.0011076196,0.0018338315,0.023237258,0.003947154,0.042620745,-1.6273594,0.17720509,0.012140459,-0.07125254,-0.018528527,-0.021022936,-0.0062673725,0.02530313,0.05319237,-0.022581127,-0.008640298,0.0664497,-0.00918419,-0.014809746,0.010292182,0.009162793,-0.0077621355,0.9821449,0.9703222,54232.5,94.13076,399.222,504.39563,-1.6524906,514.9579,-0.00020154296,96.669266,-17847.076,MIRAI-GREIP_FLOOD
1.5850735,46.58803,70.11568,3366.8704,-0.042226292,0.0857706,-0.013101916,-0.0050599654,-0.030704191,0.02580011,0.01783799,0.76517236,1.9619669,0.06896718,-0.092771344,-0.041048616,0.014959562,0.030151168,0.035036698,0.0011583744,0.001519192,0.013234651,0.050059855,-0.015848825,0.0010339078,-0.051191486,-0.0037113065,-0.008004717,1.0000085,0.9695701,54002.47,82.25351,449.20407,521.0186,51.845867,539.6824,0.00045780034,100.98738,528.6177,MIRAI-GREIP_FLOOD
3.091093,43.373688,62.52687,4745.1357,-0.010476903,-0.00025837496,-0.02446061,-0.0049684453,0.033643134,0.028708028,0.048658,0.55864537,-0.1154626,0.06907279,0.0112986555,-0.007349499,0.0064717396,0.018214239,0.0137144495,0.023283625,-0.024860471,0.00085697044,0.09627932,-0.04972635,-0.016993104,0.043023445,0.007424019,-0.036632583,0.95395964,0.92304635,57696.242,83.49283,587.53174,542.2357,97.65111,518.4189,0.00052460766,98.699326,20996.818,MIRAI-GREIP_FLOOD
0.8059101,43.991558,64.4648,-474.2256,-0.032438494,-0.0039925487,-0.023663681,0.026569624,0.0032997942,-0.03403929,-0.003994354,-3.2684822,0.2521785,0.030736212,-0.061847277,-0.09759118,0.003486304,0.016695952,0.04407424,-0.018758064,-0.0009144633,-0.04907698,0.014023721,0.07746641,0.0016571162,0.0796156,-0.034633532,-0.035473146,0.90807635,0.952262,48069.613,133.22449,438.75415,489.6104,22.327194,524.16327,0.0045636185,95.83768,-17862.408,MIRAI-GREIP_FLOOD
0.46970177,45.32302,73.16252,356.46875,-0.0074999775,-0.0063278764,-0.017237255,-0.0035344828,-0.007916514,-0.021945706,0.0103050275,0.7129194,0.09835887,-0.013179079,-0.015547197,-0.016155217,0.009768046,0.018832989,0.02982882,-0.030930648,-0.0067124562,-0.020386606,0.014869094,0.06072343,0.013055289,0.00962825,-0.036338937,-0.027594231,1.0040842,0.97480667,53577.004,72.19933,499.0821,551.2094,71.57668,552.52496,0.0008511937,99.892525,2386.4932,MIRAI-GREIP_FLOOD
2.116846,43.085068,66.09413,171.27441,-0.016614772,0.003397428,-0.0011439784,-0.002873974,0.019485857,0.031444672,-0.0020827795,0.58518004,0.28900293,-0.0682296,-0.08373744,0.017042335,0.0044965204,-0.008257715,0.01511446,0.008813165,-0.022345431,0.026100427,0.05640912,0.06730991,0.0051499205,0.034222413,-0.04868284,-0.07092282,1.0001267,0.9819493,51770.785,58.09856,489.4292,512.5145,76.21565,536.7011,0.0012091404,96.69267,10867.958,MIRAI-GREIP_FLOOD
-1.21949,47.387997,63.419327,4362.2993,-0.03435529,0.0043122144,-0.009024927,-0.011424241,-0.078871556,0.0059470786,0.025915373,-1.4682274,0.28116834,0.056474805,-0.07496108,-0.11214405,-0.0026346429,0.00012813136,0.0434755,-0.010121613,-0.0077269524,-0.022247078,-0.02040869,0.043511596,-0.022441167,-0.022789195,-0.027634567,-0.004416071,1.0147531,0.98036736,55306.973,175.51527,432.86237,524.8204,11.114382,542.74445,0.00029541092,99.828026,-2050.6565,MIRAI-GREIP_FLOOD
0.92588234,42.305416,64.20857,3545.3572,-0.020967063,0.007993186,-0.034251817,0.0027916096,-0.014067212,-0.027940214,0.027558107,-0.87407315,-0.014519467,-0.002884008,0.12729639,-0.017222635,0.00033260696,0.017108694,0.0026972173,-0.0032109162,0.013368588,-0.021909676,0.034670234,0.04485725,-0.015137231,-0.00829369,0.013498047,-0.003836546,0.99055874,0.9895385,57132.61,82.407394,609.5252,565.9222,93.5055,563.1341,0.00033582706,97.61018,16858.92,MIRAI-GREIP_FLOOD
2.4874039,46.56899,64.33009,2454.5886,-0.0005633384,0.006178103,-0.014814371,-0.014359379,0.09076946,0.010774444,-0.01630576,0.08336508,0.15149796,0.1348813,-0.14274114,0.025365427,0.0020050604,0.017636819,0.016929492,-0.014693189,0.00950823,0.005686637,0.08327252,-0.073612556,-0.007293848,-0.01915132,-0.010942583,0.00601138,0.99990255,0.9925985,56627.074,63.212685,429.33194,531.8563,52.214237,528.294,0.000292021,101.59047,-6390.42,MIRAI-GREIP_FLOOD
2.3897667,43.74735,63.13089,1654.939,0.017359322,0.0078532295,2.2819731e-05,-0.013467616,0.055796996,0.028620679,0.02121615,0.4689808,0.31539947,0.35146114,-0.073142506,-0.0047084317,0.0035137627,0.00930413,0.010833916,0.018110126,-0.01514728,0.013658272,0.09000558,-0.018095883,-0.022700746,0.008532959,-0.0010555005,-0.047814503,0.9887402,0.9767759,51219.977,61.489906,346.47504,476.21863,26.422813,481.04297,0.00042146852,98.247154,-11963.281,MIRAI-GREIP_FLOOD
-1.0066109,46.584946,65.400604,-435.78564,-0.016576272,0.003234171,-0.020948287,0.013995245,-0.09359539,0.0070239096,0.018048072,0.29694492,0.33260393,0.04268416,-0.02062834,-0.031086767,0.018100595,0.026802473,0.014256837,-0.0064708013,-0.02251175,-0.013794621,-0.040688455,0.15482728,-0.0066609485,0.044438355,-0.031024842,-0.015142456,0.9845998,0.97751445,52045.38,57.823555,524.2827,506.9554,78.43023,518.5461,0.0028722598,99.15244,1354.2363,MIRAI-GREIP_FLOOD
1.7832279,47.580914,62.948296,2208.963,-0.038982917,0.016741548,-0.00067574903,-0.0047478066,0.045636207,0.028290506,0.017280402,2.2972581,0.98912895,-0.015239023,-0.07928443,-0.014202056,0.012260391,0.02473727,0.015251605,-0.0032144552,-0.007653392,-0.032206293,0.06740552,-0.108499296,0.015054781,0.03365828,0.0007289136,-0.008998186,0.9507118,0.9516911,57746.773,74.3409,562.6838,542.7228,91.06262,537.10266,0.00055157585,108.410324,5976.7993,MIRAI-GREIP_FLOOD
2.6632385,45.622215,76.17075,-16.388672,0.055904582,0.02151558,0.0029555568,0.06587932,0.038404863,-0.0074535618,0.007836408,5.270016,1.3755846,1.4961959,-0.056915205,0.05087965,0.033701345,0.028553952,-0.008241957,-0.00080182217,0.0003755791,-0.044437215,0.085598886,0.051923685,-0.003986433,0.041461393,-0.04646948,-0.035613075,0.9915823,0.9746985,44389.57,57.565727,744.54913,476.43784,92.0583,471.5762,0.0032718878,101.604614,6265.6743,MIRAI-GREIP_FLOOD
2.4347115,44.257603,63.471653,1722.0049,-0.011360216,0.0006583072,-0.020228453,-0.020843841,0.016580135,-0.017383523,-0.021589072,-0.3928504,0.33285633,0.12557647,-0.13429834,-0.13939954,0.22381905,0.007090354,0.04639613,-0.019642467,-0.04287407,-0.023880046,0.06810033,0.00045598674,-0.013432275,0.025503378,-0.040083908,-0.032584935,0.975686,0.9795359,50700.152,158.14993,483.62573,521.83075,24.560488,535.42615,0.0020259158,97.28448,6170.516,MIRAI-GREIP_FLOOD
0.044589996,44.836613,64.86799,2022.23,-0.028488217,0.008171412,-0.018747205,-0.010635457,0.0049191513,0.0034314794,0.00889778,-1.7079709,0.57222205,0.10410224,-0.015807632,-0.10407335,-0.006564715,0.012426948,0.02527602,-0.0077090734,-0.008877254,-0.040436838,0.023199081,0.026384765,0.030613042,-0.005596373,-0.041583885,-0.055366836,0.9849476,1.0008593,54753.91,162.31299,442.78378,525.6669,-12.788628,554.71075,0.00035345048,100.599266,-10099.067,MIRAI-GREIP_FLOOD
-0.16241074,44.466328,62.51036,2816.0654,-0.030787516,0.0037040745,-0.01071466,-0.0047976132,-0.046487667,-0.031540614,0.020653654,-1.9235842,0.106428534,0.026474616,0.032643855,-0.0978916,-0.0028220136,-0.022523928,0.029113483,-0.023868002,0.023086695,-0.029023401,-0.016146183,0.045814373,-0.012008954,0.05215375,-0.021385774,-0.045530457,0.9829351,1.0053983,56530.023,159.60767,614.172,537.3252,50.63516,553.0344,0.00048445875,96.93798,7910.355,MIRAI-GREIP_FLOOD
-0.2993431,46.13503,63.949337,1716.5464,0.010003279,0.016104152,-0.0146448435,-0.008617406,-0.028284771,-0.009347833,-0.008815272,-2.5140924,0.2557058,-0.072614856,-0.041888725,-0.086347945,0.0011904667,-0.0027938047,0.03988136,-0.065395966,-0.021882445,-0.01701305,0.000105559826,0.02043947,-0.01131617,0.0076173157,-0.015631935,-0.06274152,0.9993933,1.0192178,57077.81,171.21053,576.1234,557.78076,27.84471,570.7736,0.0006038706,100.6114,7780.0728,MIRAI-GREIP_FLOOD
1.9520245,46.836792,64.05497,4039.3945,0.034893356,0.008487319,0.025174,-0.017685223,0.063400276,-0.043980554,-0.04898473,4.7963114,-0.15333211,0.08636266,0.15242976,-0.05468131,-0.016792106,-0.019372243,-0.0026128907,-0.02771113,0.027229564,-0.067147434,0.042898,-0.03756475,-0.041216206,0.011783533,-0.038992625,-0.02213317,0.9946794,1.0053027,56575.79,97.36862,455.66058,577.1854,40.940853,541.6926,0.0005915812,101.19028,-15065.361,MIRAI-GREIP_FLOOD
2.04068,44.791203,64.32286,948.22534,-0.023506887,0.0041710376,-0.024130207,-0.0022294233,0.03651633,-0.011020674,0.050649248,0.64720345,-0.03820001,0.09928152,0.02508879,-0.01662361,-0.023420213,-0.010418258,0.04423846,0.0008703768,-0.012758657,-0.03515017,0.06851965,-0.07085594,-0.016763596,0.004376578,-0.03165901,-0.04577678,0.9895331,1.0021124,56809.61,172.47311,421.82935,531.52814,-2.7455025,535.0047,0.00040268624,98.3958,-14664.712,MIRAI-GREIP_FLOOD
1.8082466,43.70542,63.790363,3895.2507,0.016683389,-0.00031258538,0.0014611101,-0.0037138981,0.008150434,-0.013188943,0.038046204,-1.0181279,-0.06302605,0.06941275,-0.07219499,0.0034848554,-0.028636498,0.016709978,0.028523378,0.025228048,-0.010244389,-0.02160398,0.057615995,-0.009364221,-0.008849849,0.019149344,-0.020286284,-0.044641726,1.0044324,0.9768736,54299.19,83.88221,429.87207,500.89954,33.87816,511.00174,0.0003951208,97.71692,-2223.392,MIRAI-GREIP_FLOOD
0.9486046,48.044518,65.6306,5903.5874,0.039132006,0.003138983,-0.03191772,-0.021535365,0.031281136,0.022992216,-0.016247945,1.0869428,0.25466394,0.92693245,-0.03269731,-0.029007655,0.020567982,-0.001107268,0.0028813863,-0.0207734,-0.011557796,-0.00811492,0.055335402,-0.025436632,-0.00212454,0.00045915134,-0.026088767,-0.037172582,1.0101151,1.0044543,56485.258,57.927788,536.98486,585.43994,80.523865,563.1239,0.00049474766,103.36466,10632.536,MIRAI-GREIP_FLOOD
-0.5040474,44.42819,63.788857,3275.642,0.0022501592,-0.0017434206,-0.016687123,0.046946857,-0.07954652,-0.0042326446,0.013313575,-1.7507582,-0.08353996,0.028983613,-0.04556121,-0.08904795,-0.019589404,-0.015210119,0.03978701,-0.00810522,-0.022886815,-0.024423469,-0.008141518,0.085912354,-0.032178674,0.053550832,-0.008770571,-0.02243434,0.9668229,0.9889147,53165.25,155.76015,579.5689,511.34406,35.45127,550.15985,0.0004503489,94.85682,2506.0664,MIRAI-GREIP_FLOOD
-0.8160038,45.76079,64.03711,2961.0127,0.004833946,0.027337587,0.06542095,-0.026646717,0.0019928003,-0.041670963,0.0047303713,-1.3027873,1.7872367,0.102237575,1.2683243,-0.15915653,0.08926355,0.015998367,0.05649727,-0.011088149,0.0033582328,0.007241759,0.0053981543,-0.007967531,-0.0099042915,0.0033011893,0.011805588,-0.021459907,0.9685514,1.0128827,54357.547,119.15959,485.12128,499.29456,-5.37595,517.3361,0.0007219263,103.06264,-21393.904,MIRAI-GREIP_FLOOD
-0.23937035,48.03724,67.82415,3078.5745,-0.02836545,-0.0016486902,-0.041933477,-0.0019736115,-0.05624485,0.008901415,0.021352096,-0.72484803,0.07399476,0.009511075,-0.0577746,-0.062507235,-0.004210021,0.014093418,0.028842162,-0.013997566,0.0020694826,-0.029335322,-0.0007261038,0.020837653,-0.020765888,0.0051140552,-0.025155414,-0.015284229,1.0070987,0.9977883,56861.14,167.844,409.19604,576.5879,-22.361435,572.1263,0.00030168728,101.084366,-20849.508,MIRAI-GREIP_FLOOD
1.1022701,43.36273,64.09326,1497.3623,-0.034643658,-0.0026307798,0.026633868,0.004871135,0.032888547,-0.031804614,0.016113823,0.042895615,-0.081049316,-0.09794657,0.47804293,-0.021373618,0.008396528,-0.004214053,0.009710248,-0.0009092316,0.016826095,-0.0014878111,0.054360986,0.030393595,-0.013869935,0.026191657,-0.036145642,-0.025923517,0.98189145,0.95826215,55455.098,66.72598,492.1788,515.52136,70.32315,536.5702,0.00047054345,98.11113,-1543.2703,MIRAI-GREIP_FLOOD
1.5451508,44.477947,62.018574,9397.627,-0.015490396,0.0053924937,0.013343308,-0.0008800197,0.005167756,0.0128176715,0.03529955,-1.4738946,-0.06354014,0.007206313,-0.036940683,0.00015220139,-0.015018093,-0.038447805,0.05072326,0.013407862,-0.02503578,-0.039479718,0.07827556,-0.04211551,-0.03213167,0.014626608,-0.010678092,-0.014745954,0.98932314,0.9885051,56184.582,171.47318,393.53754,528.3907,-16.295425,532.1568,5.1005525e-05,96.11293,-13437.844,MIRAI-GREIP_FLOOD
3.0610466,44.86353,64.33319,1391.1382,0.003685709,0.0018425282,0.024218548,0.016244669,0.0909852,-0.028387511,0.033886828,5.6760116,-0.07766699,-0.053064838,-0.021340765,0.029433018,-0.0054716873,-0.012908557,0.016789805,0.010435422,-0.015026044,-0.036646385,0.09687966,-0.018226236,0.0024110777,0.035034265,-0.05386457,-0.030696526,1.0012944,0.96456146,51253.766,67.79519,544.8999,484.71216,81.19519,501.7058,0.00066645135,102.92134,1417.7014,MIRAI-GREIP_FLOOD
1.6313019,46.28892,68.781364,2087.7126,-0.023691727,0.015109657,-0.021479215,-0.0042107995,0.03265152,0.0065920893,0.010595248,0.21307707,1.0515484,0.021472229,-0.052690104,-0.0040772185,-0.0015812196,0.024922844,0.009822663,-0.01057709,-0.008769523,-0.017798644,0.030720532,-0.010932638,0.016998192,-0.0035988376,-0.010982085,-0.022166204,0.9923945,0.9979088,55113.36,73.278,473.40955,524.7432,51.468937,548.8244,0.00030713144,101.06591,-4690.918,MIRAI-GREIP_FLOOD
-0.84090805,46.30628,63.809525,2378.251,-0.011723562,-0.0021077388,-0.026739843,0.006534987,-0.072250515,-0.014067335,0.004627374,-4.3942237,-0.095138445,0.023566455,0.021135576,-0.090381294,-0.007990498,-0.02232311,0.03510225,-0.039984886,0.03130057,-0.035860755,-0.004077375,0.05192012,-0.03749152,0.027204908,-0.037387352,-0.015790058,0.9701676,0.9894603,56669.0,156.7219,539.85754,535.07904,45.112976,550.94226,0.00071002496,98.256386,759.02905,MIRAI-GREIP_FLOOD
2.5417156,44.8408,64.67515,3683.3518,0.026997074,0.0075679542,0.0054992037,-0.011496762,0.049571827,-0.0062533543,0.014168879,-0.42533553,0.036892958,0.15391009,-0.044981744,-0.010886815,-0.001686934,0.0143145695,0.030144244,0.021835227,-0.0007877499,-0.018585764,0.032977104,-0.022247067,0.015670212,0.021458019,-0.029986808,-0.025296848,0.9729776,0.97932935,53517.387,102.33089,450.8337,499.71725,11.635946,509.51776,0.00027960862,100.0905,-20681.57,MIRAI-GREIP_FLOOD
2.649849,43.03421,63.629852,2746.6099,-0.008681686,0.013472338,-0.0014150911,0.008434593,0.031876862,0.015414931,0.042879265,0.25283474,0.49363208,0.075128764,-0.04443949,0.05651502,0.0066650915,0.0022493629,0.018995762,0.023057215,-0.015667606,-0.009127445,0.09539944,-0.015612512,-0.0067966394,0.0128496755,0.014968568,-0.023422426,0.9761585,0.9604627,54644.188,77.220825,461.73218,534.94775,67.906166,547.7668,0.00037911878,97.57666,297.06497,MIRAI-GREIP_FLOOD
1.1195984,42.46468,63.654285,6082.952,-0.022782749,0.0063268743,-0.010573234,-0.0008711479,0.04638549,-0.007866176,0.016186714,1.9189519,-0.17774792,-0.050121028,0.4242353,-0.01124543,0.004382035,-0.013247209,0.039883252,0.0027359184,0.01806627,0.041439515,0.09074134,-0.022794299,-0.03803767,0.033724166,0.0491604,-0.026461987,0.9461994,0.95610154,56949.707,110.17958,539.59094,526.8435,52.080196,534.5302,0.0004279335,98.68465,9157.385,MIRAI-GREIP_FLOOD
-1.6770554,50.057575,63.578632,716.8176,-0.030408405,0.014463146,-0.0018315669,-0.004861982,-0.047412604,-0.0015158905,0.03424085,-2.636803,0.83646405,0.12270772,-0.09239423,-0.07832739,-0.012288831,0.0039930735,0.060393345,-0.062231988,0.0057582697,-0.051477894,-0.034557283,-0.00027272478,0.022965636,-0.024381252,-0.06032523,-0.057856698,0.9474495,0.9717213,57931.82,172.78651,481.8976,554.9145,28.297638,614.2179,0.00053130963,103.26612,10127.494,MIRAI-GREIP_FLOOD
1.4625912,45.490665,62.899136,5682.63,0.0068364944,0.0049048937,0.027253486,0.00040504523,0.0018041721,0.026613178,0.038410235,-3.179162,0.00930272,0.06976271,-0.10647902,0.0018575275,-0.013480744,-0.011587761,0.058206,0.026834605,-0.022062985,-3.5329722e-05,0.036043167,-0.026228005,-0.029870244,0.03827777,0.013900429,0.0036237668,0.9476939,0.95970714,54370.75,139.12308,348.9939,483.88345,-6.1619415,508.13885,0.00035313496,98.96448,-22989.479,MIRAI-GREIP_FLOOD
4.558526,45.284863,64.76176,4114.742,0.026645174,0.0010671391,-0.018535692,-0.009167087,0.14031678,-0.0069542765,-0.010236133,11.348518,-0.20660819,0.6927912,0.113299936,0.05442553,0.012390963,-9.5292926e-05,-0.022404943,-0.0027130963,-0.009906785,-0.053023577,0.14493853,-0.08820569,-0.023293467,0.0017421821,-0.00924928,0.01264458,1.011215,1.0204353,56242.094,68.79852,508.00824,531.5309,66.25348,500.62067,0.0004488325,105.04715,2545.3347,MIRAI-GREIP_FLOOD
0.5644455,46.51292,64.28875,-1168.314,-0.021596625,0.0041916124,0.03024656,-0.02685499,0.015944272,-0.009773156,0.007429814,-0.8391918,0.2990808,-0.015002459,-0.032156847,-0.05344214,0.01995922,0.0069503393,0.023784926,0.010480372,-0.025226198,-0.02256174,0.045918882,-0.059982743,0.010167494,0.0015621725,-0.02974563,-0.017870083,0.95746994,0.9929976,54864.65,130.246,408.34753,520.37976,-16.515404,542.98254,0.0015300883,104.04921,-33409.457,MIRAI-GREIP_FLOOD
3.8500748,44.61558,68.135765,1624.5056,0.02455528,0.0064426586,-0.0002545747,-0.014299485,0.067303576,-0.017183756,0.0010606716,3.201737,0.20597073,0.19083588,-0.075085126,0.0060380716,0.0056819045,0.027651673,0.009483671,0.009941868,-0.01174118,-0.020960622,0.07299447,0.0026999784,0.02952215,0.005391231,-0.06621412,-0.039536316,0.97428584,0.9853927,50229.18,92.515236,431.78027,502.5865,15.080478,492.85788,0.0014723261,98.90746,-14341.227,MIRAI-GREIP_FLOOD
2.9154816,45.67132,64.57483,697.5718,0.03130456,0.01530715,-0.0015873695,0.014652747,0.093280554,0.011436165,0.032744672,7.356459,0.773696,0.33289507,0.00719415,0.07370737,-0.011208963,0.014657209,-0.00022396911,0.015297039,-0.018845804,-0.040771656,0.11288506,-0.06704149,-0.007748962,0.028200258,-0.036953945,-0.04971213,0.9996207,1.008966,55198.887,66.619316,786.4694,557.0888,114.854065,557.6895,0.00073822093,105.014595,21618.54,MIRAI-GREIP_FLOOD
-2.3648071,48.453773,63.0797,3154.8115,-0.04924947,0.00025344267,-0.0073124673,-0.000940958,-0.15289026,0.014909061,0.013816079,-0.301831,0.058959085,-0.006071022,-0.12758756,-0.14988127,0.029009903,-0.001426232,0.016727757,0.004925658,0.00023448374,-0.047361366,-0.08337915,0.14139958,-0.01626207,-0.0007460313,-0.02745482,-0.016258877,1.0179672,1.0070671,54478.344,175.06491,608.62744,592.30676,25.80679,606.26056,0.00026100894,99.28962,-5524.1953,MIRAI-GREIP_FLOOD
2.1278572,42.68481,64.30738,1100.1191,-0.026637867,0.0011031403,0.0013015023,-0.0061600143,0.025462683,-0.0117345145,0.032211617,0.32993096,0.16957597,0.009658485,0.14923735,0.009788066,0.011642851,0.013915671,0.01782759,0.0006667571,0.005911584,0.011378908,0.069258094,0.037181426,-0.012049953,-0.006233931,-0.007146019,-0.044278435,1.0014542,0.97959095,51011.113,74.34097,469.18164,478.17056,61.453197,497.14084,0.00051012007,97.66659,3238.4119,MIRAI-GREIP_FLOOD
1.2155609,46.03913,64.29475,6590.5283,-0.04286807,0.0050104302,-0.02596528,-0.009693868,0.020922974,0.026364855,-0.013760934,-0.7281755,0.36588147,0.019377073,-0.12380585,-0.03533998,-0.005898803,-0.009192674,0.033721454,0.0077327616,0.0012426544,0.0012282608,0.042483866,-0.018005168,-0.005797568,0.0030964543,0.007971077,-0.03938731,0.96086234,0.9636259,55688.016,67.856674,477.40417,531.9728,56.246075,539.28094,0.00030984698,101.209366,3576.3208,MIRAI-GREIP_FLOOD
0.3086071,45.27898,63.32569,7110.333,-0.03205347,0.0009454898,-0.02025469,0.0038649912,-0.04664974,0.0070437975,-0.006582851,-2.5254822,-0.035900764,-0.05654268,-0.07189374,-0.05148688,0.023719197,-0.022794563,0.023392826,-0.009584999,0.019771812,-0.008497372,0.0150126815,0.04211054,-0.02867597,0.030305017,0.0049045775,0.012569319,0.9819036,0.97960025,53304.375,159.68866,425.02155,507.9562,-5.186592,542.25696,0.00016858333,94.65773,-10371.566,MIRAI-GREIP_FLOOD
-2.0236015,50.912025,64.81215,1511.6931,-0.04438447,0.010225423,-0.018349528,-0.0065398137,-0.029214108,-0.022581577,0.025635917,-2.2603648,0.015180855,0.0971598,-0.06683195,-0.08602205,0.0033191226,0.0006882474,0.061317794,-0.05833202,-0.015167394,-0.04062306,0.012152851,-0.041514974,0.0024217414,-0.015881315,-0.067228705,-0.07054026,1.0101271,1.0203786,60649.863,174.50331,515.0916,593.0873,16.272165,607.56976,0.00058199535,106.69221,8407.424,MIRAI-GREIP_FLOOD
1.6980305,48.04091,69.83895,4212.6313,0.0087123355,0.0012278332,-0.007774585,-0.0044366866,0.003609863,-0.009944407,0.014215207,-0.93184495,0.06351898,0.071131825,-0.04547724,-0.059363432,0.10539013,0.023338784,-0.004706164,-0.0057456503,-0.0013577449,-0.029983886,0.027517378,0.03564926,-0.020821854,-0.0009607477,-0.027764093,0.005410332,1.0275996,1.002024,54045.82,72.299484,404.01733,548.2352,11.692875,526.93854,0.0004498327,103.224655,-30150.979,MIRAI-GREIP_FLOOD
0.967762,43.946117,65.48953,1512.856,-2.3636967e-05,0.0016904991,-0.009161814,0.0056061447,0.012420965,-0.015898975,0.027941251,-0.4668324,-0.14121325,0.06818989,0.015822869,0.01230233,-0.027101224,0.0055391435,0.0034408784,0.013075845,-0.0042447797,-0.026041634,0.053703308,0.019101344,-0.011984807,-0.008742296,-0.0067503145,-0.033083566,1.0208098,1.0009526,56723.41,79.3157,514.9065,550.56714,56.376534,561.75433,0.00036400644,98.28934,-902.46454,MIRAI-GREIP_FLOOD
0.98794556,43.834736,68.903534,269.5879,-0.021960475,0.037537057,-0.004471191,0.0014805215,-0.03168518,-0.008540774,-0.00064323423,-0.3862592,1.2668977,-0.009947735,-0.076797634,-0.033070132,-0.010913977,0.04425718,0.04243363,-0.006100633,0.0013945671,-0.011919242,0.025926769,0.05946741,0.007942544,0.00814621,-0.025021752,-0.029828519,0.97898746,0.9745872,51485.305,106.53796,620.57544,503.85648,62.835114,528.06635,0.00049224513,98.49558,8155.1562,MIRAI-GREIP_FLOOD
3.9569283,42.331432,64.27194,1670.4219,0.029724201,0.07784161,0.0017889519,-0.009653968,0.034102246,0.0107437875,0.016972,1.1250348,2.593148,0.11691249,-0.13898356,0.016782772,-0.006932985,0.03921213,0.028918989,0.031461935,-0.017775107,0.0017958833,0.11335707,-0.042399976,-0.002262916,-0.016430186,-0.0069305953,-0.043696888,1.0015122,0.9929929,51509.418,65.84874,471.32855,490.43704,58.05931,489.7844,0.0005142101,98.75511,10616.612,MIRAI-GREIP_FLOOD
1.5724125,41.683025,64.41814,5915.1064,0.001797257,-0.0014897546,-0.0048603024,-0.0032858986,0.0046697506,-0.012544562,-0.003307946,-1.4319997,0.017936824,0.0238262,-0.07333542,-0.049538888,-0.00978022,-0.0021071546,0.011123558,0.018559525,0.0052622333,-0.020708356,0.0582242,0.09006475,-0.009227434,0.03735676,-0.008275676,-0.0028332416,0.9704809,0.9615271,51391.812,99.91562,435.62164,497.20517,26.175,507.9247,8.317265e-05,92.82561,-15163.314,MIRAI-GREIP_FLOOD
-2.655136,49.155876,64.43553,4290.771,-0.022581909,0.0076478273,-0.0022138096,-0.002584251,-0.08272931,0.02399502,0.024309566,-4.2443156,0.1191196,0.11746726,-0.14157407,-0.10915266,-0.0029965693,-0.04659599,0.0561324,-0.04974438,-0.040784568,0.018263109,-0.024374902,0.08483929,0.014840674,-0.013523383,-0.02729947,-0.043970816,1.0002475,0.99016255,56674.29,176.57465,435.9289,528.25604,0.119478226,588.85504,0.00041970628,98.09949,3923.6218,MIRAI-GREIP_FLOOD
2.5623112,45.030354,64.64897,3784.6453,0.0036015455,-0.0063182726,0.007054498,-0.00016731396,0.021255951,-0.008519126,0.020957764,0.6023306,-0.41977182,0.17148969,-0.03922094,-0.02139796,0.004284158,-0.0011812104,-0.0094282245,-0.005854401,-0.013674481,-0.006898963,0.08186716,0.028455121,-0.0053721364,0.026160281,-0.041236747,-0.016897159,0.98898304,0.96147585,54340.234,81.38708,451.1037,513.15375,40.29832,510.11508,0.00041926402,100.957184,-5057.2524,MIRAI-GREIP_FLOOD
1.8479042,44.735596,62.76351,4815.603,0.0008557737,0.0031733972,-0.017174438,0.003455468,0.021791365,0.002994496,0.025043912,-0.26697242,0.09714301,0.080461435,-0.062919386,-0.022981297,0.005473767,0.015327498,0.0068979803,0.0075667067,0.005575237,-0.0064989924,0.06983137,-0.008608634,-0.02598784,0.016150683,0.01519065,-0.018139292,0.9872011,0.9677425,53874.742,73.374435,428.641,529.91266,50.394527,522.1015,0.00029093795,99.47901,-5337.5586,MIRAI-GREIP_FLOOD
2.9532204,45.467297,66.36038,4535.147,0.030193128,0.014329763,0.0068800966,-0.0049401494,0.08429022,0.012768203,-0.0034736749,0.5905038,0.24129143,-0.015814915,-0.094885156,0.023162868,-0.03158914,-0.00079431105,0.005909563,0.048444312,-0.011530901,-0.042934325,0.07561034,-0.055044767,0.0045377505,-0.0073291613,-0.044246335,-0.03183742,1.0080279,1.005287,55104.043,74.06663,522.33405,516.07227,25.842602,533.9728,-0.00011208751,100.63907,-12704.4795,MIRAI-GREIP_FLOOD
0.04793358,47.175415,65.2952,5709.38,-0.03523169,-0.0021521216,-0.023663387,0.013849342,-0.007916631,-0.0011555175,0.008383693,-0.33750916,0.14737375,-0.034263093,-0.023139687,0.012469395,-0.0018309016,0.0065617356,0.04131298,-0.019871041,0.028832696,-0.031251594,0.0007736087,0.06331579,-0.0026049325,0.053920627,-0.040068,0.009705568,0.969054,0.9504451,55325.926,70.12567,494.21094,518.4066,76.30919,565.0802,0.00016824168,99.36329,-9644.062,MIRAI-GREIP_FLOOD
1.5344906,47.465126,64.60832,4800.28,0.022899784,0.0041556186,-0.00861737,-0.017064879,0.018946324,0.004549401,-0.000500374,-1.3744524,0.18390772,0.17471352,-0.028308444,-0.042039976,-0.008065601,0.010398579,0.045961324,0.017459337,-0.01889928,-0.015909571,0.024607897,-0.06511246,-0.012146556,0.008529063,-0.014806215,-0.045816846,1.0160515,0.9978909,54618.62,170.05174,325.27014,537.2281,-28.797348,514.1715,0.00041148634,99.14862,-17924.299,MIRAI-GREIP_FLOOD
0.9685192,44.60814,63.657146,5095.043,-0.02227541,0.009897237,-0.0085983975,0.003519483,0.015346391,0.01384431,0.009800914,-0.95412743,0.37612945,-0.056468397,-0.092045814,-0.0059692375,-0.011768125,-0.0022567902,0.02781268,0.022828583,-0.021241747,0.002988251,0.05358231,-0.018537762,-0.007464942,0.011479337,-0.004933048,-0.07293451,0.98483,0.96728706,56370.055,71.39474,557.91174,550.1907,76.75766,568.626,0.00036118075,100.637955,5275.975,MIRAI-GREIP_FLOOD
3.8231487,44.018475,75.08724,2907.0667,-0.008884546,0.0031645757,-0.015297454,-0.0076685096,0.06408478,-0.022933716,0.026295286,0.8157226,0.22688733,0.1350582,-0.06905122,-0.024565857,0.004094798,0.03749423,0.0075180638,0.0064780517,0.008660503,-0.019712979,0.075945914,-0.005599501,-0.019262055,-0.0018446369,-0.02167312,-0.03262872,1.0101929,1.0043912,50543.97,80.74451,427.21423,505.40305,39.001316,494.19894,0.000316674,98.95762,-9791.263,MIRAI-GREIP_FLOOD
-0.69275856,46.26961,65.12243,3413.7183,-0.01057946,0.00062182546,-0.009809718,-0.00867115,-0.033680476,-0.011461923,-0.015257559,-2.937783,0.07277898,0.064328685,-0.071843185,-0.0765779,0.008254259,-0.007887458,0.04524814,-0.004997384,0.02649716,-0.0037756842,-0.027103364,0.04771163,-0.0032072747,-0.022617973,-0.01945638,0.0008255616,0.9835194,0.99464357,56253.438,132.27193,498.96234,534.52734,21.295834,571.01624,0.00037819147,99.63925,-12781.781,MIRAI-GREIP_FLOOD
-0.3201847,46.772907,63.373257,3160.2856,-0.023180861,0.00769066,0.0049547153,-0.003971959,-0.038257144,-0.028298685,0.010067228,-1.1606581,0.18916816,0.003104359,0.01761667,-0.075616844,0.007506908,-0.02990582,0.042190943,-0.02990333,-0.0004712958,-0.059583243,0.023076534,-0.013541111,-0.012056386,0.01787273,-0.06563136,-0.030419245,0.99704385,1.0070778,58602.68,169.47604,527.07214,564.77936,23.536283,587.9998,0.00025374457,100.09078,514.8806,MIRAI-GREIP_FLOOD
1.0057106,43.091103,66.44587,2168.2595,-0.0172505,0.019291883,-0.025859013,-0.009724621,-0.035194457,-0.007726043,-0.010192747,-0.74033356,0.7897837,0.008601322,-0.04378107,-0.066155024,0.0035224855,0.00048529822,0.023187611,-0.0049901055,-0.00025167596,-0.037283365,0.029621601,0.058945462,0.0006358209,0.020161856,-0.01526035,0.0022187177,1.0028412,1.0338384,54018.418,174.37881,544.7998,538.32623,20.220894,575.20667,0.00036084536,97.026436,3675.047,MIRAI-GREIP_FLOOD
-0.8261719,45.145863,64.2622,4308.758,-0.018803556,0.0010679847,0.060481675,-0.014781331,0.00013636425,-0.013438392,0.014489617,-2.9633193,-0.2100204,0.010062977,0.6997851,-0.10867008,-0.0068663764,-0.016773187,0.0514851,-0.002437532,0.006517223,-0.026744228,0.03341484,-0.018380128,-0.022085365,0.0028762058,-0.00046913978,-0.00766145,0.9679297,1.0088804,55995.277,147.32774,389.6258,492.61,-49.993073,506.50406,7.403799e-05,101.05942,-37362.832,MIRAI-GREIP_FLOOD
2.7205238,44.938885,65.80405,-627.6284,-0.0021361094,-0.0012767053,-0.016295154,-0.015080641,0.040546115,0.00092769915,0.013988094,0.18781519,0.16234085,0.023807649,-0.035609007,-0.0077556535,0.0041459515,0.01471528,0.021974701,-0.001978837,0.011452389,0.0007134117,0.063179195,0.011714746,-0.015531779,-0.0024931377,-0.033885907,-0.042484693,1.0163759,1.0015604,52540.312,63.34161,401.36053,512.8312,40.596058,496.8142,0.000618821,100.07758,-8272.379,MIRAI-GREIP_FLOOD
0.7666149,44.174522,68.69565,113.13281,-0.01903212,-0.004079839,-0.007139426,-0.0140645,-0.0358283,-0.020652369,-0.0032273377,-3.9210749,-0.086300015,0.040212553,-0.023907188,-0.10802948,-0.0008679721,0.01051932,0.03715726,0.0047527812,0.010146102,-0.044724885,0.020848751,0.07773228,-0.0144713335,0.023159413,-0.02381752,-0.028811943,0.97092086,0.99871206,52351.31,146.72098,434.5549,512.71204,18.102901,503.99454,0.0022744494,94.94316,-9511.698,MIRAI-GREIP_FLOOD
3.311737,46.12141,68.15432,4208.4087,0.026837101,0.016128782,0.010714346,-0.012185562,0.0825034,-0.015889311,0.017380891,1.6030887,1.1652588,0.135526,-0.07203267,0.007860962,0.0015100649,0.031708322,0.018562138,0.015044317,-0.0050605717,-0.025539642,0.09089428,-0.04042372,-0.01059702,-0.0029128778,-0.034062445,-0.0023959856,0.9753804,0.98589146,52669.324,71.55054,445.85138,515.4282,20.154802,530.488,0.00026555525,103.940575,-15353.344,MIRAI-GREIP_FLOOD
0.14516449,47.282818,63.78911,6767.6885,-0.017818011,-0.0051322915,-0.009369264,-0.0013875047,-0.021932261,0.003937206,0.017138133,-1.9136071,-0.08034978,0.036074273,-0.07671078,-0.015529358,-0.015260741,-0.025325567,0.0408239,-0.004610289,-0.01796503,-0.03129997,0.057371974,-0.013687055,-0.018646676,-0.01166454,-0.048139427,-0.017029993,1.0442905,0.9866518,57256.414,176.75642,455.05334,546.67126,-45.607628,560.8723,0.00024583485,100.78318,-15949.637,MIRAI-GREIP_FLOOD
-1.8251381,46.609795,62.72898,7269.656,-0.006366838,0.012448209,0.007552206,-0.0028803402,-0.077746406,0.015530173,0.0055143703,-2.8406644,0.22148636,0.047050104,-0.07423119,-0.1251548,-0.017659253,-0.027845852,0.04804025,-0.016836995,-0.025810236,0.007278416,-0.03376937,0.016153833,-0.027763564,0.04087378,0.022409689,0.0033361185,0.9510688,0.96094984,55711.99,160.77231,470.09653,514.2444,24.24942,534.63403,0.00046682282,98.646935,621.51184,MIRAI-GREIP_FLOOD
1.7355576,47.412083,66.41595,3570.0757,0.0006526988,0.0036681404,-0.004560342,-0.0030304415,0.027386319,-0.00091428985,0.025622379,0.42365187,0.3211142,0.10560718,-0.108441055,-0.024280211,0.008644852,0.02376641,0.0068602758,-0.008400533,-0.0012027193,-0.019582607,0.062346756,-0.050960638,0.0039959163,-0.00608115,-0.04637275,-0.021985872,0.9964344,0.9894994,55267.35,78.4781,476.70273,537.6916,40.707695,527.2147,0.0004947915,106.14938,-3233.2378,MIRAI-GREIP_FLOOD
1.9018993,44.593513,67.40239,2228.1462,-0.0091648465,0.037651584,-0.030608151,0.006018101,0.021108866,0.010689829,0.0070589334,2.1087162,0.75049615,0.013514308,-0.07819473,-0.032166377,0.08475631,0.04889162,0.04980807,-0.021695131,0.014624067,-0.021157496,0.0509395,0.04286522,0.01104846,0.01898639,-0.04571833,0.020090641,0.9724677,0.95200026,51227.793,57.844543,550.431,506.83527,94.96669,526.19275,0.00056095555,100.78628,13158.255,MIRAI-GREIP_FLOOD
0.49785423,45.117348,65.223206,2423.168,-0.012890825,0.0050191176,-0.01322362,0.00428142,0.0011325711,-0.0025345054,0.019597357,0.067501545,0.31880295,-0.039317492,-0.039232414,0.0020684116,0.008892811,0.02201432,0.034843825,-0.018269736,-0.005047852,0.007133926,0.02026385,0.0043068784,0.008567359,0.011307891,-0.0009743683,-0.028477022,1.0047436,0.96944696,56516.574,68.81864,568.82367,542.6889,91.08103,556.8414,0.00042057756,101.321,9002.259,MIRAI-GREIP_FLOOD
1.148283,48.011173,67.75793,516.09375,0.01666619,0.005386168,-0.0073847217,0.0091729155,0.016115703,-0.025675792,0.012951868,2.3574457,0.32241288,0.08019754,-0.025372844,-0.01908204,0.032460015,0.031138947,0.030105263,0.0041735778,-0.008314063,0.0057219295,0.03660685,0.0001350157,0.030405642,0.025827028,-0.066642374,-0.06780713,0.9762633,0.97575456,53634.297,77.00522,751.745,498.49753,77.43074,496.05276,0.0025157763,105.33557,2170.8171,MIRAI-GREIP_FLOOD
-0.107522964,45.985348,63.97957,4881.39,0.0031771697,-0.0010094641,-0.012347266,0.02369281,-0.032382086,-0.05029165,0.02176354,-0.6845263,-0.16411936,0.030427571,0.014238859,-0.08208153,0.0034480398,-0.011809779,0.051845815,-0.045444522,0.022639716,-0.024833534,0.006725669,-0.018657185,-0.03482245,0.05342436,-0.026454892,-0.007504187,0.9948945,0.98302895,57965.387,154.77121,535.2918,529.65967,26.415668,528.23364,0.0005311148,100.41329,-4554.44,MIRAI-GREIP_FLOOD
4.4910803,42.546856,70.1511,2140.9954,-0.01587738,0.011819668,-0.02947013,0.0005446132,0.065428115,0.02875399,0.009654908,2.168332,0.4304198,0.032995164,-0.08072183,-0.01276716,0.07604613,0.047346845,0.013299201,0.008794576,-0.023792276,-0.0068110647,0.12694359,-0.037060037,-0.015055723,0.0002974167,0.011043459,-0.03305719,1.0076689,0.9972366,54060.707,75.47122,775.5699,554.0754,147.05347,540.31354,0.00065018726,98.4449,40773.125,MIRAI-GREIP_FLOOD
3.4243755,42.422203,65.16791,1541.8855,0.022599138,0.010290759,0.0030396087,-0.0066676787,0.08248184,-0.008352864,0.013515104,0.5832783,0.47440898,0.076817416,-0.07030635,0.010034879,-0.008973266,0.022853287,0.024717443,0.011389082,-0.00024865847,-0.0073569217,0.10354799,-0.019427875,-0.0066804783,0.010403312,-0.01967896,-0.05557587,0.99855506,0.99072075,50934.27,64.37873,414.6252,465.6305,40.37136,485.62393,0.000527928,98.84308,-4751.7295,MIRAI-GREIP_FLOOD
-0.68333435,46.873817,65.29341,3111.4678,-0.022575017,0.009458903,0.0041393493,-0.016437434,-0.033361763,-0.014990622,-0.025543664,-0.9032601,0.053747784,-0.010326578,-0.022389209,-0.085174434,-0.018800689,-0.008226185,0.037448328,-0.005695522,-0.02316353,-0.04089281,-0.0026798844,-0.00018319489,0.0018123304,-0.0016932201,-0.032348964,-0.012539289,1.0284897,1.0255002,57772.594,169.51349,483.7598,526.1626,-28.690468,553.4536,0.00027993153,100.3102,-12803.724,MIRAI-GREIP_FLOOD
-0.5354252,47.335075,63.04787,6273.9697,-0.0015875138,-0.008789106,0.017759182,-0.01039427,-0.054274023,-0.021735078,0.013595734,-3.281846,-0.07270246,-0.0121749835,-0.06841862,-0.066254854,-0.018191297,-0.021690302,0.042928077,-0.03435596,0.002619573,-0.011069881,-0.0063090324,0.018730195,-0.020331498,0.025896285,-0.035009146,-0.036317255,0.9991107,0.9770046,54260.03,165.02107,356.8089,486.10342,-31.128853,520.837,0.0004906386,100.4231,-20342.736,MIRAI-GREIP_FLOOD
0.957634,45.626778,66.11015,-312.97168,-0.012942215,0.027904112,0.0013714097,0.024524758,0.025827903,-0.010889088,0.023854317,3.4216735,1.9587785,-0.0427356,-0.06482949,-0.004186807,-0.0130789,0.01900344,0.048161194,0.008843605,-0.0056541665,0.002883356,0.050055683,-0.057337563,0.019372882,0.02707795,-0.022262286,-0.064790525,0.98342514,0.9856176,55942.207,93.04084,683.9923,531.41895,84.02326,558.0631,0.0007052119,104.385864,12806.874,MIRAI-GREIP_FLOOD
-0.7285881,46.783978,64.4595,6134.4976,0.013158673,-0.0006977804,-0.018724272,-0.0045541613,-0.047033794,-0.02157633,-0.020680407,-3.9479213,-0.02656534,0.048989296,-0.05705224,-0.07425742,-0.019257994,-0.013998056,0.055412754,-0.043647956,0.009419456,-0.01713337,-0.02550596,0.013899038,-0.020081045,0.0306778,-0.008946884,0.019610014,0.9806131,0.9744849,57551.543,149.49725,475.61227,529.9082,-0.7330837,552.7839,0.0004266709,99.16365,-14562.953,MIRAI-GREIP_FLOOD
-0.07211685,47.080185,64.19448,4511.0537,-0.01750236,0.008621714,-0.029832322,-0.015604719,-0.013835687,0.0063448674,0.035498537,-0.36423385,0.21436664,0.038540877,-0.13464898,-0.04193304,-0.011269308,-0.013802292,0.034058597,0.021621067,-0.040388465,-0.003299974,0.025660515,-0.0292315,-0.011531882,-0.0043816306,-0.038034834,-0.03828521,1.0166844,1.0062723,57964.434,174.7493,419.77295,544.25244,-19.005096,547.09265,0.00035415648,100.449974,-6377.6694,MIRAI-GREIP_FLOOD
3.0617504,47.55632,64.032234,4152.3115,-0.0013673864,0.009982615,-0.017175991,0.0011441986,0.05644446,0.021562995,0.024601754,0.5183552,0.2766609,0.085646495,-0.07343678,0.044890907,0.002003617,0.01807734,0.026000934,-0.010853758,-0.004163736,-0.00480243,0.05643016,-0.10465024,0.020199481,0.023994165,-0.009749927,-0.021837028,0.98341614,0.97060543,57280.31,79.94694,542.1929,536.68933,75.27692,550.19415,0.00037289504,105.687614,3298.0342,MIRAI-GREIP_FLOOD
5.949912,44.121098,89.73779,3019.6758,-0.035352938,-0.0081355795,0.046314713,-0.01008925,0.15840073,0.0061506936,0.009203617,20.645895,-0.14291784,0.12997492,0.21495438,0.0057113077,0.009200222,0.0353824,0.007896557,0.0010199845,-0.047816753,-0.061416708,0.13954931,0.03731648,-0.00032870332,0.0147087695,-0.090782344,-0.023980474,1.0161107,0.9659649,48366.55,66.35923,683.4452,483.46103,89.13145,437.72058,0.00040645603,96.61364,-3501.6616,MIRAI-GREIP_FLOOD
1.446394,44.90655,63.641476,5945.573,-0.026176576,0.016625576,-0.024164729,-0.006478814,-0.008247966,-0.009690417,0.045435734,-0.537135,0.059795707,0.03804344,-0.08069321,-0.025211122,-0.02460996,-0.01328109,0.0435578,-0.020778736,-0.028500082,-0.041331183,0.049096823,-0.023745174,-0.02380005,-0.017958155,-0.021802727,-0.053980418,1.0289153,1.0100583,55542.03,177.6908,420.3741,491.4189,-39.072025,512.01733,-0.00011229243,98.55047,-13970.356,MIRAI-GREIP_FLOOD
1.861536,47.38989,66.67171,2034.968,0.0025612302,0.010631129,-0.0034174114,-0.011497839,0.045334317,0.0017474272,-0.005170747,-0.083911896,0.35892513,0.045747735,-0.102949515,0.02903458,-0.0053123315,0.020474529,0.038348418,0.0008664513,-0.017010432,-0.015218375,0.048775434,-0.05226208,-0.0018124538,-0.021597914,-0.026305951,-0.017744653,0.9993956,0.99053645,56892.223,70.236374,472.3671,531.47485,47.57238,545.34607,0.000350271,104.48668,-2773.508,MIRAI-GREIP_FLOOD
0.08387375,47.43888,63.7238,6399.288,-0.053794168,-0.009587959,-0.020596793,-0.00080797443,-0.032810688,0.029240418,0.029755889,-1.6557128,-0.058711056,0.030787658,-0.0073541882,-0.05494865,-0.0116977645,-0.030611781,0.028761715,-0.028013721,0.0069006393,-0.013846708,0.010277808,-0.008772025,-0.021044172,0.024116859,-0.023235086,-0.03357354,1.0032718,0.9710195,58026.42,162.33601,424.22803,541.8134,29.668854,536.8545,0.00032492608,101.011406,-1824.354,MIRAI-GREIP_FLOOD
0.73353577,46.46605,65.24309,587.87744,-0.015402488,0.002414013,-0.0052944664,0.0065838555,0.00986376,0.016508337,0.015883554,-0.36210942,0.16346692,0.1718366,0.10531458,0.04100686,0.0014840903,0.002168594,0.019003006,-0.012363139,0.010612429,-0.0024104351,0.04674685,0.007348903,0.0014083693,-0.008171589,-0.022579543,-0.024862211,1.0274408,1.0010277,57085.574,58.60387,481.01892,541.2845,70.32358,568.0076,0.00050191715,100.41831,9897.268,MIRAI-GREIP_FLOOD
1.7764435,46.356438,64.44196,1759.1716,-0.005047163,-0.0030832828,-0.0012887898,-0.00057802536,0.029059144,0.00208617,0.01091254,3.8265975,0.21310493,0.044243656,-0.09962991,-0.040923502,0.036823895,0.030442946,0.04100249,-0.041532364,-0.021519719,-0.045079336,0.07028258,0.022145335,-0.04036042,0.035350196,-0.058957405,0.012311543,0.95985293,0.9492409,51416.324,57.046757,495.49927,523.2353,70.920715,509.46854,0.00047314772,105.98692,4647.457,MIRAI-GREIP_FLOOD
2.3983898,43.91743,64.604774,-1504.8062,-0.000106347725,-0.0034860861,0.047337044,-0.04192513,0.05762559,0.012088247,-0.022943895,-2.200266,-0.053195994,-0.014094727,0.5153238,-0.098083355,-0.007501308,-0.012631937,-0.0031281728,0.03031673,0.0074169547,0.014081888,0.077370405,-0.020745508,-0.012157282,-0.04373454,-0.03828387,-0.053008232,0.9957463,0.99951684,52600.0,70.01464,294.4784,482.11044,-30.96481,462.90677,0.00068402797,98.33413,-37791.586,MIRAI-GREIP_FLOOD
-1.8936253,49.666515,62.857273,6606.4434,0.0028903317,-0.0046969824,0.023462165,-0.0059383377,-0.03806863,0.04243073,0.0050326088,-3.5520062,0.19398677,0.09257936,0.070952594,-0.098351285,-0.010912455,-0.02847375,0.015615789,-0.025605518,0.0021499349,-0.020531015,-0.0043602586,-0.05736505,-0.03434713,0.021106338,-0.026688367,-0.033052366,1.0005392,0.97715265,60611.418,150.47375,396.78156,580.10925,9.594311,556.8316,0.00047403915,102.05855,-3230.5918,MIRAI-GREIP_FLOOD
3.0770588,44.39236,64.234024,357.67285,0.045416623,0.012161541,-0.012310812,0.0005852636,0.078440964,-0.005420707,0.009930689,4.870712,0.46991575,0.9250283,0.31678602,-0.038301773,0.09824971,0.022218535,-0.008635501,-0.022706777,0.013688451,-0.0028838497,0.10188544,-0.04756812,-0.018103765,0.031990405,-0.0012994697,0.00038339756,1.0001233,0.983647,51514.105,58.9318,597.19275,512.2156,87.9545,494.23618,0.00095337036,103.42981,13533.639,MIRAI-GREIP_FLOOD
0.93032074,44.62061,62.99424,21638.918,-0.011422996,0.009767679,0.0059541827,-0.00035253912,0.0014387025,0.0150207635,0.025970336,-1.0834701,0.11753384,0.0051379763,-0.0997905,-0.017100383,-0.016572168,-0.021900203,0.016065992,0.03368088,-0.021557394,-0.0067287544,0.05704236,0.0102557745,-0.02722215,-0.0040933536,0.01666032,-0.04561355,0.9830646,0.95662177,53918.723,73.99388,428.96088,518.36163,31.884491,534.82983,-0.00023780928,98.16332,-11707.112,MIRAI-GREIP_FLOOD
3.5205536,44.09734,64.1918,6673.9683,-0.045433346,0.010875874,-0.015885131,0.009158149,0.06948158,0.022959972,-0.0012256182,0.20863712,0.35542327,-0.017367065,-0.11719906,-0.0066149607,0.0038353547,0.0031433068,0.008627902,0.022633247,0.018323157,-0.005756831,0.10516578,-0.049145643,-0.008360973,0.014678641,-0.0048948126,-0.010987547,0.9872456,0.97434604,57106.72,70.94443,485.71252,552.7368,68.51689,549.36975,-9.647095e-05,97.612915,-2327.1648,MIRAI-GREIP_FLOOD
-0.6572418,44.206516,64.134514,2343.1812,-0.045789644,0.048496693,-0.031277552,0.0011481697,-0.07286385,-0.011420805,-0.00010211952,-1.1311626,0.9113377,-0.037436247,-0.09130122,-0.09602365,-0.010192423,0.004652287,0.045958407,-0.009106834,-0.015600096,0.003802958,0.023791492,0.046698608,-0.019076189,0.004606108,0.0061363494,-0.01179289,0.97192764,1.0080253,55567.453,168.04259,531.00903,505.62585,32.5977,552.39435,0.00054003164,97.597115,11174.428,MIRAI-GREIP_FLOOD
0.6475067,45.950703,64.61417,1307.1582,0.006899815,-0.0038740884,-0.0151998,-0.010267944,-0.018415164,0.0052359845,0.0028410926,0.43970442,0.09912135,0.08083974,-0.04996699,-0.0137288235,0.0041068625,0.021005098,0.017420312,-0.008275387,-0.00415314,-0.03161306,0.0062642694,0.05882902,-0.0051883818,0.000121080084,-0.025203181,-0.03490685,0.9994559,0.9933606,52768.77,63.889008,393.2343,503.46307,30.750738,519.00415,0.00047827244,100.56203,-10190.001,MIRAI-GREIP_FLOOD
-0.4324093,45.69039,64.60789,7063.7695,-0.016058102,0.003462561,-0.007044109,-0.0038997557,-0.015160734,-0.014625367,0.01661807,-1.9486127,0.23370074,-0.013788788,-0.06501222,-0.035370965,-0.01681593,-0.012251617,0.069448516,-0.02020118,-0.012951759,-0.014048127,0.025377274,-0.0063454006,-0.012174644,0.004992379,-0.025874335,-0.05287988,0.99157095,0.9810353,55542.344,150.23729,452.54962,521.64355,-6.595213,547.5764,2.727237e-05,100.06166,-10900.478,MIRAI-GREIP_FLOOD
-0.4185009,46.504635,63.931557,4614.6396,-0.021028316,0.002045139,-0.03159228,0.004934821,-0.0337096,-0.025498044,0.01196891,-1.4075224,0.06319212,-0.0017024018,0.0033814274,-0.054519568,0.0010326187,-0.022186242,0.061283767,-0.082641505,-0.006841165,-0.040927738,0.03392321,0.007437874,0.008229482,-0.0039965264,-0.065186426,-0.044689998,1.038355,0.99820745,56282.2,174.22131,501.48624,559.8338,-16.860989,587.25037,0.0004135968,101.812996,-6843.7866,MIRAI-GREIP_FLOOD
-1.6732025,49.751827,62.912815,2249.872,-0.05783873,0.0024821374,-0.014221868,-0.0072601675,-0.066712424,-0.010722465,0.057977434,-2.0570061,0.08107085,0.09036239,-0.07426362,-0.054190665,-0.008456536,-0.032952346,0.004121498,0.002511926,-0.017880991,-0.03648449,0.019506395,-0.022341883,-0.06793966,-0.0535951,-0.006510485,-0.012235976,1.0246588,1.0013475,57556.67,179.39688,560.97327,565.7774,-3.5846367,585.4982,0.00030588338,103.54806,-6688.902,MIRAI-GREIP_FLOOD
5.6528206,42.052246,64.15852,1726.8706,0.011659194,0.032999374,-0.0009273179,0.11146914,0.19738048,-0.031692997,0.04868857,18.780233,2.5862,0.16325572,0.011398251,0.086180076,0.02279908,0.02418888,-0.011549391,0.01022376,-0.024666067,-0.029413406,0.1999318,-0.016613193,0.010323584,0.074983336,-0.03370342,-0.022222735,0.94524056,0.9521635,41968.562,57.812977,745.5403,426.33966,112.84688,426.24063,0.004684663,100.41582,8772.807,MIRAI-GREIP_FLOOD
-1.440424,49.080227,65.45703,4864.246,-0.038216002,0.013262882,-0.023586825,-0.007417775,-0.04230182,-0.009209533,-0.025237838,-3.062038,-0.13024016,0.035652183,-0.13331732,-0.06402275,-0.005604223,-0.047491074,0.039089918,-0.042141825,0.018502705,-0.029179819,0.010234475,-0.007099178,-0.014917208,-0.025086815,-0.053693164,0.021395314,1.0670063,1.017592,58764.67,178.4047,461.1137,567.3571,-32.961514,577.7916,0.000185446,102.526566,-13745.906,MIRAI-GREIP_FLOOD
0.6187458,45.11224,64.03275,13106.695,0.004456425,0.002114422,-0.0060887076,0.0051531196,-0.039488018,0.019877022,0.015780238,0.72427344,-0.2433577,0.20949581,-0.09152449,-0.0643318,-0.025278067,-0.03499241,0.024473779,0.0009147031,-0.020167558,-0.01777215,0.037009656,0.047499556,-0.0420634,0.012232968,0.0023920508,0.0023316778,1.0180557,0.9986557,53767.65,163.61066,362.50012,486.668,-22.82336,479.79333,-4.889157e-05,94.61751,-15874.493,MIRAI-GREIP_FLOOD
-1.5473614,50.686745,64.46301,5397.1646,-0.010733073,-0.00867481,-0.018142385,-0.0062973234,-0.057174616,-0.037270583,-0.006324344,-2.5306609,-0.108600065,-0.01350764,0.029830184,-0.07525528,0.0052138544,-0.04344494,0.045340132,-0.07687135,0.018433645,-0.04775036,-0.027140617,-0.03210341,-0.017135296,0.061435442,-0.049276285,-0.027452057,1.0042322,0.9945206,61342.45,144.6652,534.7984,571.6516,43.949913,581.58673,0.0004361504,105.85373,-5072.4395,MIRAI-GREIP_FLOOD
-3.4384747,49.178196,62.82676,3178.0874,-0.02871897,0.038401965,0.021821065,-0.00073138805,-0.10962252,0.006101146,0.020822987,0.5352349,0.9333215,0.0195717,-0.07893864,-0.16725597,-0.0036758499,-0.047989186,0.0272468,-0.028253207,-0.040945888,-0.011953636,-0.035914063,0.012061241,-0.037565105,-0.023269463,-0.0073028537,-0.011231898,0.99821615,1.0064833,57898.17,175.91187,521.0419,547.34955,19.625002,592.4085,0.0007297356,105.240295,18007.87,MIRAI-GREIP_FLOOD
-0.5534153,45.22071,64.87542,7458.374,-0.017652862,0.0010636597,-0.011315378,0.0034640902,-0.016994754,0.008387428,-0.005337007,-1.343096,0.18615343,0.026737696,-0.06924675,-0.028109029,-0.009131982,0.006962628,0.018114831,0.016656464,0.017361507,0.0019631116,0.0040867925,0.10100679,-0.02187958,0.0037091796,-0.00916053,-0.01417375,0.9629605,0.96091914,53649.29,79.24427,434.76416,536.1349,42.374786,561.326,0.00012024808,98.4013,-11146.993,MIRAI-GREIP_FLOOD
-0.6147938,46.576252,64.476944,3228.6685,-0.004162928,-0.0028348211,-0.025146253,0.000689771,-0.05707325,-0.028395606,0.018380195,-3.413177,-0.0458627,0.019602545,0.030297391,-0.1016991,0.135175,-0.011010444,0.03690744,-0.037094016,0.0052966923,-0.026279623,-0.03067714,0.10875281,-0.009379273,0.047733445,-0.05325497,0.0018426776,0.96001756,0.97474223,51662.51,120.42403,512.27234,508.06403,31.526207,559.74097,0.0010366257,98.88645,-11626.0205,MIRAI-GREIP_FLOOD
2.1933746,42.277668,64.91882,1595.064,0.00058695674,0.014432768,-0.007927486,-0.00236209,0.032903906,0.0011045608,0.0137366615,0.717229,1.0205599,0.09531881,-0.06335829,0.0114098415,-0.0018064227,0.026999678,0.0076703024,-0.00011153519,0.0103052,0.019707086,0.09110826,0.012111298,-0.0020178244,-0.009522016,-0.016571313,-0.03688361,0.99013096,0.99160194,53436.668,67.519325,540.46814,518.02594,75.58641,527.83734,0.00060569315,100.3936,12434.944,MIRAI-GREIP_FLOOD
2.4959106,43.556156,64.192726,2588.4448,-0.0034289993,0.011837754,0.0035983347,-0.0016278025,0.06125608,0.0062862113,0.025328413,0.21078414,0.50419146,0.008519328,-0.084848076,0.03999248,-0.03325289,0.014669832,0.023489725,0.03191656,-0.010976893,-0.02421867,0.096282244,-0.04051041,-0.009121733,0.018636506,-0.009660599,-0.05590932,0.9940667,0.9849276,53255.2,67.86716,445.9364,502.8007,45.476753,509.38556,0.00041980902,99.88176,-2260.6829,MIRAI-GREIP_FLOOD
4.8535633,44.68849,65.10468,1865.1616,-0.01631551,0.024079401,0.006162501,-0.0062675104,0.18971336,-0.022586867,0.013929412,12.773625,1.5004365,0.0986306,-0.12801766,0.05212057,-0.009994716,0.0010053674,0.035997927,0.010549365,-0.03211788,-0.04211907,0.10143167,-0.07163067,0.031420015,0.02278633,-0.0998018,-0.059610754,0.97107375,0.9603289,51145.51,78.82256,489.14282,465.80075,38.085674,488.2678,0.0003998282,104.581665,-13272.579,MIRAI-GREIP_FLOOD
-0.88409996,50.49627,65.04031,43267.066,-0.061003357,-0.0069224746,-0.028604325,0.005947634,-0.0029825643,0.02362421,-0.044063725,0.54966205,0.38722634,0.0538582,0.006314479,-0.03933263,0.0028293375,-0.027651586,0.024832489,-0.020859072,0.019802067,-0.010053892,0.0038437247,0.004371609,0.010172095,-0.009722299,-0.04525806,-0.01784407,0.96702963,0.9799653,61834.883,58.27645,515.1279,564.4475,74.95744,607.6702,0.00031714342,105.90377,-345.83252,MIRAI-GREIP_FLOOD
1.6976604,42.412453,63.910236,1295.2471,0.014878295,0.015983919,-0.004195601,0.0027025996,0.004164691,0.007256478,0.009384432,0.7155359,0.57990617,0.28278512,-0.048231352,-0.044600792,0.0033491056,0.040127635,0.00077442266,0.011833677,-0.018788897,-0.033023242,0.053625166,0.06421517,-0.0022127712,0.030763978,-0.011021284,-0.030102398,0.985197,1.0031337,51209.176,71.09851,671.2555,523.4959,109.442505,528.5211,0.0006630921,98.61973,18275.139,MIRAI-GREIP_FLOOD
-0.010793686,43.693726,64.076744,1850.3391,-0.02918924,0.007927935,-0.027083205,0.0005241856,-0.031164275,0.0076458207,0.008267925,-0.33544397,0.27619347,-0.067088075,-0.07572886,-0.01853396,0.005908732,0.014396349,0.005643107,-0.0019241823,-0.0035871286,0.000681621,0.015055835,0.069455124,0.006567291,0.022073237,-0.001779669,-0.036373843,0.99777097,0.99618477,55583.227,66.03432,701.5286,552.1149,114.735115,564.4426,0.0005964295,99.26533,18197.896,MIRAI-GREIP_FLOOD
-1.2932987,45.198048,64.87119,1588.2192,-0.037425686,0.004179371,-0.03405846,0.008557149,-0.0333023,-0.00094758696,0.0012307172,0.09119016,0.54725194,-0.07028238,0.0410771,-0.06454804,0.009520284,0.023059227,0.010734204,-0.005869544,0.003882451,0.03379518,0.01637125,0.043606184,-0.006117085,-0.0064296043,-0.009068189,-0.0070714015,0.9855955,0.96318096,58323.707,67.54704,600.91614,552.141,89.321915,570.1035,0.000574095,101.78069,5168.4004,MIRAI-GREIP_FLOOD
1.6699295,46.297577,67.819214,1271.3901,-0.00091124326,0.025919644,-0.011057982,-0.007505937,0.054622725,0.015145233,-0.0013688183,0.99066824,2.3863637,-0.02807308,-0.047182743,0.014578577,-0.010794886,0.014823459,0.02776184,0.023966275,-0.01271953,-0.0035104621,0.057082355,-0.041760463,0.00076557975,0.0018074247,-0.031126585,-0.055879004,1.0046781,0.9981577,55838.293,58.091328,494.0573,558.72064,66.15933,567.3084,0.0004857721,101.98625,6696.381,MIRAI-GREIP_FLOOD
2.7620964,47.505962,71.170044,3286.4863,-0.046073914,0.009867655,-0.025120798,-0.00019758381,0.06371362,0.029156134,-0.019729024,4.5809636,1.0065467,-0.0370587,0.0023913942,-0.054700617,0.1616857,0.017507259,0.017464794,-0.011147614,-0.023900535,-0.020277843,0.06985217,-0.037828103,0.013474529,-0.018866856,-0.047751367,0.03034464,1.0002872,0.97567195,55412.883,65.54859,622.77905,540.87805,97.204124,537.7327,0.00064450625,104.240036,9449.325,MIRAI-GREIP_FLOOD
2.388338,43.81209,64.45862,741.97095,-0.016123481,0.02349385,-0.0043000537,-0.0068247835,0.03886311,0.029635932,-0.0023036613,-0.82822907,1.4070069,0.00063180923,-0.06350133,-0.012553995,-0.017411256,0.03880686,0.0062897103,0.031008178,-0.020566748,-0.012361416,0.03631854,-0.017498234,0.024462126,-0.0138609065,-0.033138715,-0.052989736,0.9577087,0.96249557,53452.797,83.912605,434.18335,524.0617,27.189194,523.9019,0.00038216234,100.872635,-5865.057,MIRAI-GREIP_FLOOD
0.54190254,42.87973,64.34664,-42.89453,-0.017138164,0.11355125,0.0011559878,0.0021190357,-0.07101964,0.0072688246,0.02021245,-0.16279173,3.3763123,-0.0020502508,-0.06174524,-0.06934685,0.0065597086,0.019999508,0.020545898,0.015449339,-0.016841784,0.0015377579,0.037997484,0.13597219,0.016096273,0.01272345,-0.027954662,-0.03514941,0.96999323,0.9687627,48138.367,71.0007,408.57953,441.26776,29.096558,490.25244,0.0009179286,95.25939,-10452.555,MIRAI-GREIP_FLOOD
-1.4821033,47.31546,64.59371,2986.4695,-0.016035657,-0.0028456952,-0.041138425,0.0028597359,-0.07070326,-0.027681965,-0.008250979,-3.2719831,0.07391996,-0.082668595,0.008555408,-0.042678755,-0.011868205,-0.015572934,0.059123725,-0.04848752,-0.013711153,-0.03684584,-0.0041942596,0.045517776,-0.017895875,0.016257398,-0.012143663,-0.0035590865,0.9492179,0.984541,57472.805,154.69849,474.34662,548.1335,33.48095,596.4499,0.00036201547,101.3174,6288.124,MIRAI-GREIP_FLOOD
-0.11047554,46.799946,62.62458,2970.2385,-0.0073781325,0.056755323,-0.000984224,0.0033175747,-0.015640708,0.017599076,0.022583948,-0.6620275,2.0120618,0.09746396,-0.09435673,-0.030762376,-0.006418972,0.012471307,0.022406373,0.01552187,-0.009104879,-0.0071961987,0.043183684,-0.027139928,-0.012136361,-0.00081315986,0.0071303775,-0.0013458356,0.96369684,0.96108246,55608.066,71.835556,432.30936,526.0868,55.693813,543.9177,0.0004109001,101.56702,-6471.0366,MIRAI-GREIP_FLOOD
4.232235,44.75446,63.60673,1261.5469,0.03379388,0.014191699,0.029088574,0.011874241,0.09991064,0.0102972975,0.03248811,2.5220242,0.2634729,0.26481146,-0.063694164,0.017202778,-0.0016631853,0.025196468,0.008705923,0.03621395,-0.019131985,-0.038962364,0.123539984,-0.10274762,-0.02406708,0.037062675,-0.023689974,-0.0022750162,0.9608362,0.9766957,53834.742,69.159424,443.33237,505.42044,56.26535,495.63373,0.0005166344,105.02495,-7474.954,MIRAI-GREIP_FLOOD
1.8625145,44.983208,72.634,1236.3386,-0.0061697885,0.027023492,-0.009868289,-0.0006649066,0.024601307,0.0038604978,-0.0011554151,3.3151083,2.5363028,0.122719415,0.030844418,-0.06979601,0.13386169,0.035531625,-0.013428481,0.019654341,-0.012708684,-0.027382812,0.056373358,0.062719524,-0.0054035997,-0.024039065,-0.040328205,0.01002551,1.0070685,1.0024858,48594.027,72.65335,531.69525,482.54312,51.708622,482.04767,0.000971179,102.07572,-6098.634,MIRAI-GREIP_FLOOD
2.7982388,43.44928,63.829884,7054.3867,0.030150231,-0.0010216235,0.00074628275,-0.005067902,0.075805135,0.012753537,0.021972302,0.14410484,-0.016107855,0.029088015,0.010758749,0.06834878,-0.03307433,-0.00719971,0.015555449,0.0017783372,-0.017077614,0.00023839064,0.123858035,-0.054489303,-0.007314996,0.042404026,-0.029564777,-0.053126313,1.0091034,0.9801721,52180.52,57.524853,440.88055,530.2981,65.89074,514.57556,0.00033098774,96.11996,5206.644,MIRAI-GREIP_FLOOD
2.0342083,43.27945,70.02439,5021.3555,0.005363757,0.005704425,0.03618135,-0.014633811,0.079500094,-0.006317174,0.007460345,-0.6064404,0.22260049,0.14474654,0.5836564,-0.04896369,-0.005500372,0.005072546,0.022901144,0.020965783,0.008377069,-0.0046248036,0.078777075,-0.011546584,0.015681736,-0.033391196,0.0040862104,-0.030524213,1.0046486,0.98908937,52989.273,89.62872,383.2674,492.81122,-11.470547,495.28845,-7.490469e-05,96.89245,-19052.008,MIRAI-GREIP_FLOOD
0.90991783,45.07439,68.84083,-446.94727,0.007665157,-0.005002157,0.022415528,-0.026926754,0.012688151,0.03201104,0.005519616,0.011600852,-0.17286357,-0.0569295,0.028902905,-0.011782776,-0.045787424,0.015632506,-0.0058199605,0.008680689,-0.005371,-0.035577875,0.060200095,0.055004455,0.0149571225,0.025452534,-0.052158788,-0.052967653,1.0370245,1.0060838,53795.742,58.406075,476.29718,550.1665,40.233803,519.20636,0.00055776205,97.61223,-7614.7446,MIRAI-GREIP_FLOOD
2.3538818,44.081345,64.00987,7354.331,0.017508501,0.010771029,-0.0019891863,0.0029661094,0.06236121,0.0025452818,0.013413841,-0.076177,0.25851575,0.09384,-0.045540012,0.021736277,-0.0026277401,0.012568016,0.024695406,0.003668568,-0.010062758,-0.02893334,0.09623152,-0.024935942,-0.01620033,0.027446281,-0.0029106298,-0.011254138,1.0023305,0.9886937,51853.223,57.11445,448.54977,521.6758,51.569115,517.95654,5.216553e-05,97.84147,-3607.5615,MIRAI-GREIP_FLOOD
1.7638493,46.63458,66.29906,686.9387,0.01493443,0.024339888,0.007106843,0.0062298463,0.03352644,0.0059082145,0.057062306,3.1433775,1.94704,0.023654036,-0.00418704,0.012289736,0.0015807837,0.02206047,0.030391796,0.005786759,-0.0072130463,-0.027101152,0.07080978,-0.094606616,0.020604271,-3.3879187e-05,-0.012236348,-0.039492644,0.9867881,0.9721423,56807.883,83.737274,624.0233,573.53424,90.66864,576.37225,0.0011951695,107.64458,8781.177,MIRAI-GREIP_FLOOD
1.527729,42.574913,63.901592,2671.5503,-0.015745774,-9.830296e-05,-0.011150376,-0.009501503,0.0076972544,-0.022808852,0.012506604,0.49680513,-0.030708753,0.09148159,-0.062447246,-0.061694536,-0.02166918,-0.010743829,0.017985703,-0.0029212981,-0.0038423785,-0.054666325,0.05256915,0.05018977,-0.01917252,0.009778895,-0.019004954,-0.026984282,1.0187718,1.0191007,53520.848,176.64728,412.6248,488.77695,-7.507925,514.0657,0.00036788968,93.84357,4271.0557,MIRAI-GREIP_FLOOD
-0.24704361,47.12722,65.60024,888.1416,-0.0025256723,0.0040381905,-0.011647796,-0.007596198,-0.021605415,0.0018828694,-0.021263493,-0.90045094,0.25565872,0.019963935,-0.13118637,-0.06294337,0.0019618005,0.032815445,0.03448825,0.004127696,0.016926063,0.01367919,-0.0038303733,0.038887322,-0.013379189,0.010545082,-0.014020808,-0.026802674,0.9552053,0.9718977,55267.66,76.870224,431.794,532.17523,36.231163,531.41064,0.0005860849,103.426544,-7188.734,MIRAI-GREIP_FLOOD
2.1440792,45.094215,64.21527,2249.7107,-0.038352527,0.03732827,0.0044289557,0.023418793,0.04679475,-0.007516812,0.03175021,2.6589217,2.0636036,-0.05961635,0.15218857,0.022540774,0.01084452,0.0008076057,0.036079254,-0.040206965,-0.004211464,-0.017351864,0.09382653,-0.026215075,-0.0006435369,0.04453569,-0.042211354,-0.024759581,0.97944444,0.9580848,51203.8,57.11783,545.00104,502.86737,71.18417,545.41046,0.00058806216,103.8803,646.3999,MIRAI-GREIP_FLOOD
-1.712141,47.296013,64.3309,7373.083,-0.007962872,-0.0040579233,-0.008829778,-0.0070121447,-0.07157206,0.03302253,-0.0047812215,-3.110653,0.012262464,-0.07190136,-0.16094603,-0.0993959,-0.011757308,0.019623077,-0.0016807066,-0.040019415,0.0020092912,-0.017317459,-0.044557154,0.09588791,0.0442919,0.025010522,-0.032464854,-0.02568809,0.96692866,0.9474345,54486.074,103.36637,411.9909,520.01575,-14.403643,522.8094,0.00012999518,101.911674,-26151.053,MIRAI-GREIP_FLOOD
1.435854,44.584145,68.62292,1156.355,-0.028470485,0.004302391,0.002707278,0.021260902,-0.0049304776,0.036053985,0.025256965,1.676231,0.6444096,-0.04073576,-0.05547144,-0.040455576,0.020455385,0.04981651,0.047427103,-0.011860904,-0.023541695,0.0062974216,0.04619986,0.116520904,0.011957077,0.03655368,-0.08859815,-0.062356755,0.94224393,0.9079537,49332.375,57.36463,465.92612,477.71964,69.80928,498.63568,0.0037415691,96.79461,2161.2332,MIRAI-GREIP_FLOOD
-0.2605114,45.324104,63.514576,975.62256,-0.029846638,0.00041470677,-0.01702464,-0.0022026645,-0.051849112,-0.011444129,0.0231101,-3.2000613,0.37023664,0.028424319,-0.06868397,-0.054201573,-0.012992694,0.003636242,0.038137555,-0.01608614,-0.021776654,0.0046985736,-0.017724633,0.06145301,0.00042519765,0.03184034,-0.04826155,-0.081562914,0.95961434,0.95540595,51735.35,146.34547,481.79443,536.654,40.21624,570.4959,0.0013453162,97.77839,4456.827,MIRAI-GREIP_FLOOD
2.1592445,42.405262,63.569904,1885.8828,-0.011903764,-0.0066807508,0.03697229,0.0023180665,0.052567713,0.0031242631,0.04309112,-0.37235343,-0.20623189,0.054437347,1.008635,0.0054602884,0.0092322985,-0.0048588915,0.01823894,-0.024603128,0.013690421,-0.0053883204,0.09413099,0.036197282,-0.007562043,0.026884971,-0.015307312,-0.032870814,1.0188907,0.9868714,49689.75,58.044174,401.74652,463.21014,37.921597,468.8497,0.0004994188,95.89263,-4396.347,MIRAI-GREIP_FLOOD
4.372465,42.14791,70.82037,2475.5425,0.02779521,0.0062862174,-0.0067584496,0.03342063,0.070691414,-0.0069316267,0.033494182,0.44504464,-0.0025407225,0.61619574,-0.061919473,0.0747956,-0.008634124,0.023081958,0.011056872,0.025929054,0.00082070474,-0.019416105,0.117838204,-0.0055211587,-0.006050484,-0.013516061,-0.012868505,-0.024508841,1.0265826,1.0014776,50630.65,93.01698,424.9709,492.03467,24.75203,490.4857,0.00023929775,94.73884,-11995.602,MIRAI-GREIP_FLOOD
0.37138176,44.647,62.36354,3473.047,-0.055965785,0.013900332,-0.025508326,-0.016415527,-0.026208753,-0.005002711,0.07012203,-0.59324694,0.18876018,0.065079324,-0.066933975,-0.07026533,-0.0061347294,-0.0066436594,0.018168144,0.019981561,-0.038773507,-0.043104112,0.017993033,0.002150461,-0.045059603,-0.027936578,-0.007466366,-0.020108514,1.0077131,0.99645036,56022.99,179.06712,468.1164,531.9092,2.441743,541.6067,0.00021349647,97.67048,7232.2437,MIRAI-GREIP_FLOOD
3.76869,42.808178,63.38145,457.08154,0.028071525,0.0056871544,-0.0035699853,0.034915745,0.09859246,0.0011852285,0.046765074,3.0173647,0.15821658,0.4318203,-0.0011229515,0.07115808,0.015439744,0.0030838605,0.005123401,-0.0011185603,0.014899701,-0.010352534,0.16434532,-0.05645906,-0.011569536,0.03195769,-0.0024745055,-0.0076039224,0.98869395,0.96598524,51358.44,62.311558,564.412,499.07108,102.830246,488.693,0.0010348513,101.64613,12963.23,MIRAI-GREIP_FLOOD
-1.9087105,47.873226,64.907074,-281.3418,-0.036039695,0.001973997,-0.07077125,0.04409055,-0.094893515,-0.026512943,0.025240695,-3.0286436,-0.024950353,-0.0683474,-0.19104944,-0.062915504,-0.012273201,-0.017815828,0.049597852,-0.06302855,-0.034876015,-0.041160464,0.029431522,0.06118847,-0.03707171,-0.04178006,-0.007442054,-0.027019206,1.0088199,0.9957134,58771.703,178.81529,673.921,553.2212,-1.7838249,616.1976,0.00038501498,100.57594,-4357.7188,MIRAI-GREIP_FLOOD
1.9179764,42.434456,64.07089,3073.514,-0.0069873687,-0.00075009087,-0.011193281,-0.004904538,0.0073279906,-0.023184922,0.03319346,-2.7908924,0.26253793,0.10018626,-0.023475744,-0.05252143,-0.012315511,0.0011036592,0.055399906,-0.009199147,0.022609368,-0.010741068,0.043897986,0.02204338,-0.0034442032,0.015607474,-0.042336732,-0.04634376,0.9882011,0.96345127,52888.723,161.43185,446.28082,503.77505,10.358647,532.2085,0.0005360104,95.61251,-3958.7927,MIRAI-GREIP_FLOOD
-1.3078995,47.727837,66.09791,4221.002,-0.042470068,0.0017606501,-0.033886686,-0.006815692,-0.058228336,-0.015366516,-0.023399122,-2.4986718,0.09690631,-0.007282048,-0.08932853,-0.048215598,-0.01581854,-0.008571715,0.05390235,-0.05214499,-0.01633394,-0.017981976,0.010430038,0.002107378,-0.00784381,-0.022531446,-0.041060224,-0.011927131,1.0330514,0.9961757,56795.105,172.49765,541.3314,559.41486,6.07872,583.9705,0.0002919956,102.31159,-4542.2583,MIRAI-GREIP_FLOOD
0.13798523,47.929565,65.08665,1290.9207,0.008480567,0.0025369585,-0.0060443208,-0.015591952,-0.006858377,-0.027454093,-0.027818494,0.14195448,-0.0868924,-0.005271537,0.061999742,-0.09674619,0.0001518596,-0.009171366,0.03230365,0.0014299992,0.042613722,-0.04042477,0.0057322383,0.013096949,-0.02509188,0.015653536,-0.01977301,0.0030859094,0.98867875,1.0079597,56872.453,108.44154,384.62793,568.06854,7.973922,564.07043,0.00033502755,103.75091,-30082.938,MIRAI-GREIP_FLOOD
0.79006386,44.9285,63.62988,6654.5044,0.010255854,-0.0012343525,0.013843857,-0.005037705,-0.012993846,0.0076994775,0.0318235,-3.8697243,0.041306898,0.0853339,-0.066402555,-0.0498106,-0.008503974,-0.018612536,0.057154704,-0.019622456,-0.0037654326,0.01636889,0.033796012,0.01884563,-0.006600588,0.025742242,-0.03485842,-0.0669366,1.0051261,0.9697766,54080.383,164.54202,403.4502,484.92902,-27.498314,519.81946,0.0004327268,98.183556,-12634.929,MIRAI-GREIP_FLOOD
-0.23889732,46.06136,64.92645,4016.974,-0.0016024522,-0.003919168,-0.011447676,-0.004157986,-0.041924283,-0.003210681,0.008765467,-0.892097,-0.05016227,0.05939308,0.0005703978,-0.0712875,-0.006825657,-0.012146662,-0.00048444606,-0.0063750194,-0.008143111,-0.008167321,0.012055039,0.053036194,-0.010384312,0.012483915,-0.034306243,-0.031401116,1.0079999,1.0213569,57400.83,159.54442,442.28772,543.0901,-21.404758,546.2123,0.00030779612,97.991066,-18011.016,MIRAI-GREIP_FLOOD
1.5805321,43.048016,68.697876,14393.885,-0.06174992,-0.0017717179,0.0063255476,0.0145358,0.042052478,0.0018915482,0.0049676467,0.24106145,0.18414769,-0.06405079,-0.06718832,-0.031038692,-0.007125258,-0.0014590984,0.016827503,0.008097285,0.010339077,-0.013871679,0.093067825,0.0722472,-0.019176839,0.010445806,-0.031752802,-0.060423795,0.9754478,0.9574572,54397.203,66.179214,417.48535,533.0545,74.910255,553.40454,0.00017771895,96.49144,1036.5581,MIRAI-GREIP_FLOOD
1.7058411,46.512108,67.8138,817.2583,-0.0047189184,-0.0019759566,-0.005553202,-0.0014064981,0.04665216,-0.03439857,0.0024440163,6.7083607,-0.11456168,0.122271776,0.13852352,0.0010129623,0.01292821,0.013745816,-0.02440544,-0.033038735,0.0026939902,-0.053016566,0.060564756,0.049840547,-0.007439765,0.010461426,-0.06102547,0.018256303,1.0129766,0.99079394,51183.844,65.737206,517.1869,535.4857,68.67182,522.6422,0.0006517702,104.1013,-6958.3276,MIRAI-GREIP_FLOOD
-0.42162704,46.577774,63.152523,528.88135,-0.011257044,-0.00015363097,0.020287063,0.012041713,-0.06164507,0.0013228628,0.009163971,-5.457204,0.24692364,0.10723932,-0.004320517,-0.09669282,0.008076474,-0.0038571516,0.04970707,-0.0028568273,-0.017938517,-0.028143238,-0.0072758794,0.02107099,-0.019860892,0.07279976,-0.02579286,-0.038086884,0.9503989,0.9499381,53838.613,137.23651,475.0299,505.1112,36.164978,518.4501,0.0054696407,94.987816,-4277.1743,MIRAI-GREIP_FLOOD
2.9720917,41.129547,62.191902,31328.703,-0.030672807,0.012136489,-0.0060687563,0.003261727,0.042880155,0.020339826,0.029784927,-0.32742667,0.1288236,-0.08490854,0.0055828877,0.029059349,-0.001785034,0.0046222424,0.020712137,0.038697526,-0.005457613,0.016473673,0.14282513,0.0050306274,-0.028589554,0.024040394,0.04378201,-0.028359564,0.94697946,0.9074336,52356.066,86.291985,487.68835,520.8737,78.160416,499.19232,-0.0002880338,95.39831,2454.9646,MIRAI-GREIP_FLOOD
-0.113975525,45.062103,64.73157,2246.457,-0.017427657,0.012084143,-0.015976917,0.0006277375,-0.04923077,-0.011576637,0.010712681,-3.6164632,0.6471349,-0.05515348,-0.08328069,-0.0386607,0.0065188743,-0.0003139954,0.06227815,-0.010620359,-0.003647597,-0.005943314,0.017499387,0.06425581,-0.0094801895,0.025375016,-0.017280221,-0.015425567,0.9757927,0.97408164,52904.477,125.68022,504.81583,507.56558,23.966133,553.823,0.0004031571,100.622955,-8694.582,MIRAI-GREIP_FLOOD
2.3888874,44.735023,64.62064,3797.1099,-0.015502466,0.024915604,0.036626164,0.0036547927,0.04690718,-0.014857864,0.0086465515,0.45381707,0.8921668,0.032667637,1.1667646,-0.0702393,0.20061441,0.017028112,0.051015016,-0.03830996,0.0011607166,-0.022086462,0.066939235,0.026374852,0.0056682015,0.037586313,-0.025147904,0.011229076,0.99366504,0.97385347,49149.418,55.926647,442.88727,473.23727,49.269577,487.70743,0.000554041,97.52803,-1370.4902,MIRAI-GREIP_FLOOD
0.15689278,44.45914,66.29748,1699.7507,-0.015044397,-0.00055521727,-0.022372266,-0.0098576695,-0.022736276,-0.02745251,-0.015699549,-2.1061425,-0.041083753,0.0059080683,-0.027896352,-0.076784864,-0.005114669,0.005952036,0.038128804,-0.009953183,-0.00069083646,-0.0102797,0.0094181895,0.049582314,0.009684925,0.013490243,-0.03459911,-0.031124253,0.98134756,1.0003506,55867.113,151.16403,495.63068,521.08746,18.543915,561.9405,0.00043083768,97.40527,-1997.8552,MIRAI-GREIP_FLOOD
0.7503185,47.227036,64.22256,4784.1025,-0.024317566,0.004397743,-0.008015517,-0.019567043,0.028122352,-0.060832888,-0.018650375,2.8041925,-0.13202001,0.0766402,-0.06798115,-0.043153126,-0.017531179,-0.040184096,0.049345586,-0.06598541,-0.0015971903,-0.031261593,0.061532736,-0.06442935,-0.03380574,-0.0032617943,-0.0374074,-0.012797106,1.0370362,1.022306,58639.39,176.28046,400.6352,495.6657,-40.281605,507.33423,0.00040294876,102.30819,-22244.363,MIRAI-GREIP_FLOOD
0.28474617,44.50636,63.76963,1898.168,-0.055955403,0.00606085,-0.02244977,0.008380387,-0.020808008,-0.0017814978,0.0003934768,0.52924824,0.22516474,-0.012470371,0.03486368,-0.024247503,-0.0055876398,-0.0048585143,-0.0018368661,-0.0073723816,-0.0022974308,-0.041378558,0.047053695,0.07375145,-0.0051429984,0.038637552,-0.05427649,-0.030022882,0.9845615,0.99462616,56912.215,57.078243,591.67224,551.9665,103.83392,565.51917,0.00055344065,98.39992,9250.551,MIRAI-GREIP_FLOOD
2.021822,46.32527,72.120445,3321.7104,0.010004844,0.005451755,-0.0030295947,0.036563154,0.045292355,-0.012660479,-0.011423804,10.852907,0.280069,0.19703585,0.051144093,-0.06718925,0.08228656,0.025225347,-0.0015560258,-0.037931554,-0.019276088,-0.03163412,0.047957122,0.12459975,0.0069543207,0.029570015,-0.07622033,0.036488876,0.9846545,0.94647217,45884.27,72.91987,650.8519,452.05582,87.062904,455.32425,0.0024461974,101.64297,-9571.166,MIRAI-GREIP_FLOOD
-3.2112236,50.727577,64.30494,4700.5396,-0.02671539,-0.001256842,-0.014543886,0.005864002,-0.065617144,0.018367387,0.0111141885,-1.228792,0.30199355,0.13254076,-0.045892853,-0.092360415,0.0029342228,-0.036745667,0.058858752,-0.052482583,0.022880599,0.028226558,-0.053948164,-0.012276902,-0.024714323,-0.02548597,-0.021128811,-0.037889987,0.98736787,0.9589182,58973.99,140.47095,419.9394,573.4497,26.446098,595.735,0.0005692975,105.117935,-1748.9451,MIRAI-GREIP_FLOOD
0.64629555,45.00571,67.283104,2688.8796,-0.004957067,0.00041109696,-0.009239481,-0.004792003,-0.0063762907,-0.0057112775,0.0023933384,-0.2385515,-0.0016878545,0.09816107,-0.019257268,-0.02500214,0.0037262675,0.008761202,0.016756985,0.0035102013,-0.009567423,-0.029440252,0.00250113,0.09657402,-0.0021155574,-0.026932899,-0.039524905,-0.028399201,1.0211902,0.99517584,53750.023,81.52707,452.7105,520.84515,28.503048,534.6601,0.0003357161,96.972,-13503.966,MIRAI-GREIP_FLOOD
-1.5601921,48.342693,64.288216,3708.4546,-0.007665334,9.840727e-05,0.0041652936,-0.0074224225,-0.04978004,0.014438205,0.0038158335,-2.6100378,0.19115818,0.08845323,-0.052332923,-0.11320105,-0.009595967,-0.0074148127,0.03708663,-0.008255987,-0.009324661,-0.017259214,-0.012738526,0.0040737833,-0.0146589065,0.0072977203,-0.020791057,-0.01803841,0.9873759,1.000259,57694.55,167.07724,405.55487,525.55804,-12.50466,531.23816,0.00039204845,99.311356,-15452.944,MIRAI-GREIP_FLOOD
2.4603424,41.541832,69.706764,396.52148,0.0067704264,0.0048329066,-0.009513644,0.0043430743,0.046943493,-0.0052462276,0.01666673,0.93517506,0.27739906,0.27608573,-0.010157655,0.030775927,0.004707175,0.024515187,0.005444591,0.00050903764,0.006243782,-0.0025882479,0.078944325,0.07435362,-0.004575667,0.0083026,-0.013925804,-0.033021037,1.0085579,0.99855393,48892.215,66.072624,485.60126,478.75555,63.656075,483.59488,0.0005552635,96.165115,4903.092,MIRAI-GREIP_FLOOD
0.48295784,47.728073,62.29546,7161.4556,-0.018309508,-0.0036283915,-0.017156927,-0.032503128,-0.0088971015,0.012017848,0.051985268,-0.7053102,0.30707017,0.035229456,-0.08523892,-0.024056436,-0.016851367,-0.0005676178,0.03897387,0.0033822702,-0.038554583,-0.008286088,0.0032865405,-0.065996535,-0.0051885797,0.016619591,-0.008520651,-0.052434932,0.9891993,0.9716491,56950.883,153.71167,381.38184,521.3605,-14.466782,495.86395,0.00016084204,103.568985,-16931.057,MIRAI-GREIP_FLOOD
-1.388422,44.679695,63.457993,6625.478,-0.02899179,0.007309654,-0.022584975,0.026559258,-0.08096937,0.014714655,0.013067991,-2.1641767,-0.09271039,0.0017621368,0.023739904,-0.10630867,-0.00045145117,-0.03962584,0.03190597,-0.0014245976,-0.008476178,0.0018655136,-0.024221182,0.06610271,-0.026141891,0.027692579,0.01744894,0.0034920033,0.9718292,0.9692171,54646.477,155.69035,507.99026,538.6816,33.545605,561.5753,0.00027862153,94.74489,-5571.4517,MIRAI-GREIP_FLOOD
-0.32115746,48.652344,63.93673,5966.9746,-0.030555628,0.016149648,0.00040176092,-0.0059840763,-0.007987587,-0.024787912,-0.018805057,1.00082,0.03981954,-0.062585875,-0.038390525,-0.045199208,-0.015898509,-0.034982216,0.049471118,-0.065411806,-0.0126816,-0.040795054,0.015850425,-0.04553367,-0.0070734853,-0.008725444,-0.029037286,-0.007548909,1.048242,1.0265899,59232.668,174.5944,509.99173,545.12,5.61452,558.72003,0.00035302757,100.912445,4156.708,MIRAI-GREIP_FLOOD
2.5549335,42.54716,64.35319,3660.2283,0.024376914,0.012585329,-0.010949118,-0.013367248,0.054915577,-0.028327135,0.025146445,1.1970601,0.3276993,0.27070117,-0.054094326,-0.029624261,0.027429515,0.006031329,0.033214964,0.011806324,0.0063312426,0.008494997,0.0691098,-0.015544719,-0.013116119,0.013546129,0.020951947,-0.027754484,0.9576488,0.99518234,52332.69,121.2893,543.3185,507.4801,46.46261,524.7408,0.00039114463,98.04005,5837.889,MIRAI-GREIP_FLOOD
1.1682816,45.237007,63.256767,10155.779,0.017248569,-0.00039406866,0.018376451,0.002071473,-0.029315492,0.009149845,0.03963692,-4.5326815,-0.02145849,0.014441682,-0.02698796,-0.045219157,-0.011244657,-0.020427423,0.064532116,0.011712698,-0.002699052,-0.0035925722,0.028044939,0.0071847853,-0.029323624,0.034745246,-0.015834548,-0.03135535,0.9831206,0.93960077,53790.61,128.9206,361.1637,482.87924,-8.73704,510.64072,0.00016827838,94.060814,-19792.576,MIRAI-GREIP_FLOOD
2.5490208,45.204742,68.6451,943.4668,-0.020031484,0.00052099675,0.0021754531,-0.016593536,0.08130581,0.0054948353,-0.004296778,1.5106425,0.42679363,0.06955132,-0.040636305,-0.009528859,0.008767293,0.014230806,0.028363664,-0.037215058,-0.004911695,-0.0010030763,0.086815715,-0.020218037,0.026770897,0.037928432,-0.056434315,-0.029649062,0.99476075,0.97874534,50087.133,57.6091,475.36084,497.5603,51.19988,510.0851,0.0005136997,101.2723,2579.36,MIRAI-GREIP_FLOOD
1.3033295,46.334236,64.166695,4265.0493,0.022550048,0.009329709,-0.011681279,-0.021296928,0.040141262,-0.04621516,-0.017383972,2.1333432,-0.019455327,0.1485408,-0.023631293,-0.037361976,-0.0063774134,-0.015147265,0.027179182,-0.04419321,-0.016449874,-0.0047699083,0.03678763,-0.03531016,-0.0036745844,0.025839392,-0.03367661,-0.027829017,0.9988872,1.0239538,54803.25,164.151,449.4677,522.6261,2.7086754,532.8862,0.00037140478,101.64026,-9928.802,MIRAI-GREIP_FLOOD
-0.5457859,46.18792,64.36686,1979.5215,-0.05158273,0.004644833,-0.023904335,0.0021107562,-0.07541461,-0.002940406,0.0227656,-3.3821206,-0.005389452,-0.025788605,-0.14182265,-0.06131679,-0.0072402395,-0.03060123,0.038396113,-0.027866969,0.0037322706,-0.03267196,-0.0076950192,0.079031765,-0.007206933,0.010805297,-0.015391517,-0.052762516,1.0265551,1.0216115,56317.312,178.6868,509.88687,557.3848,-10.834095,592.4006,0.0003601013,98.04567,-7341.193,MIRAI-GREIP_FLOOD
1.638382,43.654007,63.66425,1863.5061,-0.03104224,0.005385002,-0.004819846,-0.001123201,0.030399878,0.004144747,0.007938122,-1.5578289,0.14707097,0.0008358434,-0.114990585,0.018281922,-0.012107543,-0.007137204,0.02525451,0.0233961,-0.0071273157,-0.0028299075,0.07746184,-0.012728269,-0.007671621,0.00829063,-0.026846768,-0.052843586,0.97985774,0.95329285,54682.97,69.07726,433.02765,525.29285,50.129158,529.944,0.0003309608,98.07384,-7656.477,MIRAI-GREIP_FLOOD
1.0942211,44.258743,63.232433,2169.1616,-0.022372147,-0.0016635765,-0.0020185905,-0.0023865856,-0.03534268,-0.008194533,0.047208253,-2.1216338,0.031481154,0.025597312,-0.072368994,-0.05535226,-0.013811747,1.7359853e-05,0.049928494,0.002503274,-0.00056205783,-0.028148524,0.017096996,0.06046169,-0.03591865,0.023549791,-0.024971522,-0.04333058,0.9927819,0.98460513,52002.105,173.27429,495.9182,495.86725,19.988749,516.511,0.0003799037,94.72294,-3507.1147,MIRAI-GREIP_FLOOD
2.2582264,41.561966,64.55526,1698.6035,-0.007637096,0.0010500102,0.0043698307,-0.011134273,0.015139509,-0.011835383,0.023650073,-0.116341114,0.020077003,0.0071746106,-0.05455838,-0.036046125,-0.006289284,0.013424128,0.011621067,0.02776587,0.013825584,0.00032579526,0.050177157,0.093391195,-0.007903406,0.013494113,-0.008902544,-0.025136169,0.97873116,0.9731766,52937.215,108.49286,457.7612,497.71124,39.5485,507.05408,0.00033227733,94.889984,-3137.9702,MIRAI-GREIP_FLOOD
2.5358467,47.18467,76.46815,1462.383,-0.06666419,0.026719546,-0.06821264,0.019313773,0.07581798,-0.03621778,-0.030919489,12.539404,1.4411901,-0.043093756,-0.006732922,-0.027489651,0.03368098,0.01853369,0.058740385,-0.06317661,-0.04288135,-0.0838067,0.07176697,-0.0022037476,0.019950576,0.0148443235,-0.061619334,-0.031738862,1.0214543,1.0088934,52143.797,165.0203,890.6025,526.94666,81.94488,529.7471,0.0008881704,102.26322,3557.4082,MIRAI-GREIP_FLOOD
0.050554276,47.694317,64.08663,1420.2576,0.008931457,0.0033496663,0.0057358597,0.035262574,-0.008118337,0.033708777,0.034283392,0.8803078,0.1697109,0.06703149,0.012590866,0.015564234,-0.007955332,-0.016308997,0.0075806393,0.007241177,-0.023444595,-0.021436814,0.024370372,-0.019040301,4.5350753e-05,0.03299113,-0.025157763,-0.030909369,1.0205038,0.98776394,60873.953,56.84765,811.5347,609.2977,136.3807,620.9652,0.0005816597,103.47445,23711.736,MIRAI-GREIP_FLOOD
0.068870544,44.93196,63.94388,6785.42,0.0040503033,0.007254937,0.0076912595,-0.007405236,-0.00047506392,-0.004167321,0.02535711,-1.0310049,0.13556801,0.07366566,-0.03339027,-0.041659437,-0.0037481722,0.008317068,0.025934184,0.037707012,-0.009913767,-0.024504468,0.025351882,0.013797774,0.0007144222,-0.0013320311,-0.004685195,-0.0121407015,0.9946247,0.9649055,55757.77,81.928665,485.95444,525.99194,28.880096,538.78625,-2.1131083e-05,98.31428,-9724.531,MIRAI-GREIP_FLOOD
-1.4182396,46.41669,63.011288,4074.197,-0.054976214,0.06813448,-0.029649924,-0.0048892866,-0.07814874,0.037523426,0.024017684,0.028755665,1.3801243,0.025951289,-0.080748096,-0.13249817,-0.0061555537,-0.030796723,0.033026677,0.014175653,-0.060213987,0.013247525,0.014364302,0.0076536345,-0.025041448,-0.030125862,0.018594353,-0.00043607317,1.0291636,1.0000093,57076.89,177.65762,591.80505,548.5185,19.792173,553.3138,0.000207324,100.208,8841.431,MIRAI-GREIP_FLOOD
-0.4023819,44.70947,63.659184,8405.779,-0.016547205,0.042213205,-0.032479398,0.007978413,-0.0994869,-0.014903646,-0.018516943,-4.087919,0.72632897,0.025907721,-0.068223044,-0.14792216,0.22525974,-0.016733773,0.07536823,-0.030309234,-0.02294615,0.010480242,0.004553497,0.117233895,-0.049785133,0.02383654,-0.003099069,0.01949326,0.95118546,0.9466042,48034.258,143.29213,420.78815,473.82867,1.4921637,550.19476,0.00032815852,91.24112,-17588.588,MIRAI-GREIP_FLOOD
2.5989475,43.914665,81.11419,689.59717,0.0007100962,0.009429698,0.011239018,0.038592324,0.024502762,-0.028692966,0.009235515,3.1197236,1.0736266,0.07019889,0.089881904,-0.020614078,0.015996398,0.046126984,0.022908198,0.0049054576,0.005616965,-0.04406618,0.06439793,0.1370902,0.009759317,0.041366145,-0.07046364,-0.006149998,0.9758209,0.96353096,41015.59,58.971596,429.79724,405.81464,44.911674,424.62952,0.0034548142,97.88829,-11247.215,MIRAI-GREIP_FLOOD
-0.85155296,49.7765,64.18524,3069.8918,-0.027570492,0.0037674003,-0.032017138,-0.015155341,-0.030081028,-0.043147128,0.0041901157,0.3361529,0.20614263,0.119960144,-0.00038238242,-0.07406013,-0.020225761,-0.005285847,0.047773726,-0.060744453,0.002703392,-0.038568795,0.042176068,-0.013383967,-0.024428643,-0.05612728,-0.06402312,-0.0192407,1.0919282,1.000303,59378.312,177.14442,442.5478,570.80774,-12.557859,558.319,0.00053813914,104.56589,1405.8745,MIRAI-GREIP_FLOOD
-1.240715,50.257767,64.507935,5478.569,-0.009227869,-0.0010077766,-0.0284589,-0.0059915083,-0.031235674,-0.011222793,-0.010749374,-2.4805098,0.069084026,-0.014318207,-0.017603986,-0.052570436,0.008938408,-0.026024226,0.06159902,-0.10482034,-0.0006055739,-0.023766262,-0.037100196,-0.04781587,-0.00042023603,0.017089032,-0.058618583,-0.02776648,1.004667,0.98419327,60775.4,157.67108,439.33337,575.66876,29.166128,593.7698,0.00046759684,106.241425,-1526.9316,MIRAI-GREIP_FLOOD
3.4826183,42.306282,64.01365,5673.9966,-0.00028331764,-0.0042711617,-0.026887055,-0.002873078,0.079245925,0.012939528,0.04542822,0.32999665,-0.05857471,0.05883837,-0.047113247,0.061039537,-0.0007315762,-0.0034348574,0.025924144,0.012769824,-0.011869339,-0.014942374,0.14080578,-0.027918154,-0.02851517,0.0036276353,-0.0014632381,-0.04210252,0.9917082,0.969465,56645.805,77.89225,514.2194,551.92206,78.625656,555.29333,0.00030651505,96.631516,3700.03,MIRAI-GREIP_FLOOD
3.3050022,42.458763,66.45643,828.4187,0.020569928,0.013349782,-0.0031347503,-0.0047242255,0.050498635,-0.010427725,0.024543332,0.39627022,0.559415,0.05985956,-0.051411577,0.026869893,-0.024939327,0.026461866,0.011143851,0.030109808,-0.0060412497,-0.015489753,0.0882929,-0.009033651,0.0045458274,0.0042253835,-0.011616693,-0.04435826,1.0086057,0.9988901,50739.438,82.15128,436.41656,497.19455,42.04471,499.93,0.0004908914,96.99335,-6591.634,MIRAI-GREIP_FLOOD
-0.5230236,46.797455,62.433365,1422.7148,0.011758021,0.02628833,0.004098371,0.046583503,-0.03492172,0.015792023,0.053013075,-0.63700294,1.2226644,0.22835037,-0.004418064,-0.016801443,-0.002768552,0.014740175,0.0028073927,0.0035495404,-0.005734528,-0.038571075,-0.007062614,0.03843174,-0.025168322,0.027091697,0.0066125114,-0.051674243,1.0006549,0.9935319,55165.355,74.0045,598.10077,523.8448,77.551575,553.1164,0.00042925845,100.00189,5086.1147,MIRAI-GREIP_FLOOD
3.333828,44.074448,64.60185,2867.201,-0.004453892,-0.007062883,-0.024404766,-0.0072740274,0.03251927,-0.016005805,-0.018444171,-1.1306906,0.2390848,0.03333763,-0.13221116,-0.06305765,0.10916757,0.045306735,0.043784954,-0.0036473852,0.002871831,-0.009025516,0.06571537,0.034953516,-0.009553366,0.006777747,-0.053352956,-0.008322605,0.961502,0.9412925,50927.375,95.199814,376.01505,506.57822,22.426556,505.2369,0.0003199909,97.980194,-12082.006,MIRAI-GREIP_FLOOD
-1.7174778,48.32627,63.804012,8411.166,-0.012513268,0.00034706295,-0.0062717963,-0.0072647943,-0.10181165,-0.035280257,0.0032506837,-4.4202037,0.015230625,0.04942563,-0.09295045,-0.10999463,0.03998555,-0.04240073,0.06831951,-0.05362159,-0.017169718,-0.017952744,0.012212455,0.002190929,-0.053393602,0.007055578,-0.03080733,0.03369943,1.0446175,0.9587484,58748.758,175.1731,384.75833,533.3872,-5.340109,521.5018,0.00053947454,100.5202,2645.9866,MIRAI-GREIP_FLOOD
-2.5891953,49.866207,63.298874,783.7666,-0.0102406265,0.01456486,0.0015500258,0.009921919,-0.08864464,-0.012081772,0.007668477,-3.3797765,0.060791925,0.19224423,-0.12831318,-0.08055069,-0.0048331656,-0.010587637,0.02931956,-0.02916971,-0.02936253,-0.024079403,-0.042188287,-0.0193685,-0.041487038,-0.039071698,-0.0140771065,0.0041458663,1.025748,1.0171595,60715.105,178.84787,629.4707,553.91425,5.7659245,605.85455,0.00052075187,103.71257,1289.5181,MIRAI-GREIP_FLOOD
-2.43322,44.988655,58.14583,5772.0645,-0.016268972,0.022047577,0.019968644,0.0009099803,-0.11368222,-0.011244909,0.049856246,-2.3047647,0.4241207,0.027304294,-0.003333576,-0.10389041,-0.017565267,-0.02429019,0.040484637,-0.04310959,-0.03373118,0.0046309317,-0.049301922,0.041137807,-0.017068934,0.012054356,-0.0280488,-0.049929142,0.9795297,0.9474112,53097.996,171.23659,567.12476,537.0334,41.170242,556.9698,0.000644742,99.14755,2343.8992,MIRAI-GREIP_FLOOD
-0.61530495,47.773308,66.044395,4639.7188,-0.018820468,0.0049596773,-0.026707686,0.0050439187,-0.059941553,-0.00010992051,-0.0056508253,-1.7639384,0.042782407,0.014412811,-0.094449826,-0.044846084,-0.010362957,-0.013461381,0.039134704,-0.028957449,-0.020981522,-0.020727906,-0.0055508018,0.012678794,-0.015879337,0.0067565218,-0.024048856,-0.01727477,1.006427,0.99827415,56504.984,168.23645,513.7566,539.0927,-2.1698685,563.02747,0.00028670253,100.92663,-12946.413,MIRAI-GREIP_FLOOD
1.8837681,44.686634,63.93707,4534.587,0.01508029,0.0041756085,-0.004274803,-0.013121235,0.04611937,-0.027294107,-0.020650469,-1.6628284,0.23728168,0.03733163,-0.022409791,-0.0897915,0.022324627,0.0015076483,0.04539795,-0.022279061,0.02071982,-0.0060922652,0.04903817,-0.031347085,-0.013015573,0.025522504,-0.044639707,-0.018401299,0.9916758,0.99236417,55209.22,150.44418,450.0041,527.35645,0.054433823,532.1798,0.0005561217,97.30615,921.32056,MIRAI-GREIP_FLOOD
2.4413376,44.255615,62.727386,3697.2249,0.017570812,-0.0034303893,0.009322913,0.008625279,0.047364764,0.011572145,0.040208854,-0.8142662,-0.17732051,0.08963777,-0.079808876,0.05454474,-0.03335907,-0.011415383,0.0068836426,0.034368195,-0.0007738685,-0.009065083,0.10977173,-0.047245845,-0.011736932,0.039937835,-0.03549401,-0.055894706,0.9922648,0.9586747,56657.69,70.9232,521.4273,520.15894,59.36479,525.43427,0.0005346099,99.88063,2942.2488,MIRAI-GREIP_FLOOD
0.4578743,45.2,64.22511,1844.6558,-0.015414558,0.00560588,-0.014952255,0.0046765055,0.006868096,0.0031368476,0.020603465,-0.1484114,0.47384316,0.15583062,0.18030024,-0.0011850847,0.01024001,0.016654838,0.0026809378,0.004714653,0.021101682,-0.0039249007,0.057510257,0.013026139,-0.03399964,-0.0024179614,0.021779174,0.0116560925,0.9838577,0.9846187,55618.02,69.35607,470.99362,566.06274,78.61101,558.98944,0.0005775377,103.04889,2842.86,MIRAI-GREIP_FLOOD
3.773243,43.77243,64.86052,3254.9375,0.017269906,0.003906219,0.0121343965,-0.010258899,0.09707817,-0.023425736,0.018896645,1.2047024,-0.08959487,-0.0012630038,0.021568378,0.011149355,0.008999869,-0.01984013,0.009526675,0.012084613,0.014723718,-0.019399788,0.10347283,-0.017673729,-0.0031021982,0.02679683,-0.052881856,-0.0075111813,0.9873445,0.9714919,52446.94,67.54994,402.1027,480.2788,33.548874,500.47507,0.0003776636,100.43262,-18342.342,MIRAI-GREIP_FLOOD
0.73093796,45.410767,65.6629,1693.4338,-0.020087456,0.04003051,-0.0010433141,0.0007729306,-0.02037389,-0.007884278,0.045903105,-1.0257263,0.9883218,0.039080292,-0.06609004,-0.031875946,-0.0024365734,0.019212801,0.047379028,-0.01281704,0.000280994,0.01813846,0.032548904,0.008884834,0.01372132,-0.0050870096,-0.02756,-0.024957411,0.98465514,0.9459947,52931.652,91.814995,434.4972,488.30542,24.763023,526.8938,0.00038908457,101.544975,-10192.166,MIRAI-GREIP_FLOOD
-0.040977478,48.548904,64.70931,12136.746,-0.037670214,0.008490459,-0.03749641,0.015207233,-0.070810035,0.039261278,0.047952652,-2.875953,0.0527918,0.06833877,-0.12885574,-0.016637325,-0.025914704,-0.0111831715,0.050641824,-0.026588568,-0.020381626,-0.0071883057,0.0031690001,0.041113187,0.007164194,-0.022229545,-0.06610416,-0.0505989,1.0195242,0.955665,55124.035,174.68799,421.05554,529.20526,-18.702526,553.4007,0.00011688956,98.07852,-8783.336,MIRAI-GREIP_FLOOD
-0.4733963,45.83279,63.937035,883.3992,-0.040048216,0.017838739,-0.021175697,-0.005302709,-0.028326469,-0.03034826,0.009575791,-0.2040422,0.57204854,0.009198784,0.033230994,-0.08619745,-0.0051417407,-0.005117557,0.034485385,-0.041499376,-0.008235003,-0.053820703,0.0025879145,0.02118371,-0.0024193618,0.023380687,-0.024321109,-0.055049106,0.97880703,1.0268214,55632.023,166.52036,684.2169,553.8761,69.38814,581.75287,0.0013320544,101.36356,11932.779,MIRAI-GREIP_FLOOD
3.9653568,42.457752,63.790302,2639.747,0.013749396,0.00079715246,0.039616838,0.015120605,0.14444596,-0.009522846,0.0365049,10.736473,-0.20345089,0.013225524,0.6153633,0.050708797,0.004481813,-0.015450819,0.020971682,-0.0028069736,-0.020344516,-0.033250455,0.15894336,-0.04214059,-0.015761878,0.039385524,-0.026427118,-0.014444644,0.9888547,0.9751284,49283.363,56.584843,534.0012,488.20258,79.55913,494.39185,0.00051881606,101.08122,5795.5405,MIRAI-GREIP_FLOOD
-0.7331066,44.624752,63.68978,924.98584,-0.021294273,0.0060614385,-0.02370067,0.05155511,-0.047926024,0.005105143,0.042432114,0.3187564,0.1573062,0.04199076,0.011131185,-0.016185,0.010674873,0.025452286,0.026544984,0.022875205,0.0022031926,-0.00270586,-0.008377373,0.07965682,-0.011887405,0.022594806,-0.011517311,-0.03833539,1.0091147,0.98986864,55583.355,75.22629,782.8146,533.5349,112.82784,548.9326,0.0009781879,97.28904,16584.896,MIRAI-GREIP_FLOOD
3.7327824,44.126427,66.357216,3694.5044,0.023216344,0.0059697377,0.017839214,0.049150344,0.08911918,-0.028585449,0.030871823,5.0348907,-0.1507696,0.18103851,-0.045518667,0.0024918094,-0.011432085,0.019749941,0.018254194,0.0071097068,-0.012578732,-0.031063393,0.11075938,-0.017009217,-0.018579572,0.019515831,-0.04998725,-0.0005970895,0.99401605,0.97850484,52180.52,95.23104,465.59323,507.724,22.665169,503.14053,0.00021668385,99.9602,-18029.195,MIRAI-GREIP_FLOOD
-0.71354294,45.271816,63.813805,2057.1702,-0.025505569,0.003638297,-0.07100947,0.079903536,-0.049230017,-0.042012,0.01223629,-1.5719905,-0.15557143,-0.14505175,0.020589374,-0.055422127,-0.0075255944,-0.0037684245,0.06351241,-0.09019177,0.0011303043,-0.042632096,0.014863849,0.032023318,-0.011590123,0.03854686,-0.035182364,-0.023835607,0.9578937,1.0096997,58943.895,169.47348,812.0557,558.3033,63.197514,603.9913,0.00045053381,98.16324,14479.53,MIRAI-GREIP_FLOOD
1.0980549,45.75939,64.5038,3144.3643,-0.017072823,0.008186399,-0.0031672046,-0.021159092,0.033307254,-0.0060287155,-0.0062468834,-0.0077722073,0.25672144,0.095602185,-0.026630072,-0.06891768,-0.0009678695,0.008421097,0.03406391,0.0074525126,-0.01101446,0.003414126,0.04206848,-0.041195996,-0.014382804,-0.001740267,-0.011274232,-0.00869749,0.99319565,1.0042393,55363.47,167.00537,432.52118,528.9221,2.4815235,541.41473,0.00036466704,98.60888,-1796.1025,MIRAI-GREIP_FLOOD
1.7076569,43.505272,64.40698,4424.878,-0.019674405,-0.0012065693,-0.031661388,0.007599429,0.015551486,-0.013762463,0.01301281,0.22100389,0.09553399,0.019688245,-0.04419111,-0.026411965,0.0031054404,0.010646725,0.023433436,-0.0037961314,0.0062661106,-0.009551546,0.06834638,0.06274522,-0.025088051,0.013230764,-0.015815452,-0.043226473,0.9875833,0.98199487,54686.125,66.34155,511.3028,533.7651,79.47484,527.82715,0.0004238783,97.673836,2738.715,MIRAI-GREIP_FLOOD
-0.6561527,45.91032,62.989376,1736.2505,-0.022873646,0.00068419054,0.017609801,-0.008007035,-0.02349369,0.009600686,-0.0011894619,-1.5404556,0.07185861,0.02820585,-0.013007911,-0.073733374,0.0027589463,-0.0100045595,0.000556414,0.010482822,0.00887887,-0.03256134,0.013809204,0.001200892,-0.031108076,-0.013026504,-0.021417197,-0.030768473,0.985271,0.9750631,57078.004,83.331245,474.1577,549.7824,35.232697,564.112,0.00046287448,101.164825,-11038.652,MIRAI-GREIP_FLOOD
-0.23328209,49.493534,63.71516,1390.2593,-0.024391877,0.0010767317,-0.007429658,-0.01322716,-0.0039074365,-0.00204038,0.010038243,-1.9468603,0.003611818,0.13274442,0.011504888,-0.08121662,-0.008877183,-0.031006344,0.023905493,-0.020618875,-0.01798663,-0.037279356,0.026794374,-0.08255922,-0.00424223,0.020153843,-0.026228357,-0.02781529,0.98813415,1.0154439,58735.703,174.96268,473.58978,568.66595,-2.353466,575.3163,0.0007469584,103.77343,-14427.498,MIRAI-GREIP_FLOOD
1.9658852,44.552223,63.16738,8740.935,-0.0003360305,0.012420894,-0.019009572,-0.011400198,0.036848474,-0.048650425,0.026777696,-0.3170619,0.08325744,0.10116846,-0.07963889,0.0046264846,-0.023805683,-0.046394005,0.04837664,-0.0077318395,-0.016112711,-0.057073344,0.10017973,-0.05266961,-0.038305394,-0.0057698996,-0.026301455,-0.012460285,1.013128,1.0102521,55076.074,177.46469,433.93683,516.06116,-33.427578,554.1548,2.3240224e-05,101.34465,-7919.2524,MIRAI-GREIP_FLOOD
6.1130257,41.672077,69.0599,828.3584,0.019422159,0.028379763,-0.017620182,0.112986974,0.15533033,-0.004058683,-0.00031665666,6.0120435,1.5742661,0.3801394,-0.08616041,-0.031987462,0.34989354,0.03853293,0.016054044,-0.019973459,-0.013313252,-0.053288005,0.17132527,-0.011658442,0.0043751136,0.026634585,-0.039201736,-0.005921051,1.0111527,0.9702055,41863.617,58.494152,605.4291,396.39844,85.34445,396.47498,0.0023327565,96.89139,6753.058,MIRAI-GREIP_FLOOD
-0.53404045,47.44585,63.965645,5490.3174,-0.059302825,0.012336832,-0.01772731,-0.010620239,-0.014201313,-0.0007095287,0.044184893,0.9865464,0.031634264,-0.018636439,-0.09536192,-0.03907294,-0.022763269,-0.03677071,0.038002186,0.02815247,-0.015402654,-0.036110405,0.0021541119,-0.059158698,-0.0004041777,-0.01916332,-0.029669434,-0.050580766,1.0441623,1.0309039,62083.95,178.0782,535.1897,558.0263,-15.545403,569.09296,-0.000114213515,101.793205,-338.8864,MIRAI-GREIP_FLOOD
2.0033588,42.88849,70.83862,1507.3369,-0.014182458,0.07541705,-0.0018901168,0.0600945,-0.0018673288,-0.040136095,0.001711389,0.6975051,1.391204,0.05139744,0.32509744,-0.06094274,-0.0013387668,0.024730807,0.075563736,-0.0049385894,-0.0014721788,-0.040524483,0.096576214,0.013361045,0.0011996063,0.011202778,-0.03003849,-0.042757858,0.98713267,1.0057819,51195.32,163.99179,570.5513,478.91406,-13.485069,533.0539,0.0006622894,96.15369,-14270.133,MIRAI-GREIP_FLOOD
-0.38095665,50.128223,63.66928,9646.985,-0.008893431,0.00045248494,0.03194631,-0.014645914,0.026970142,0.011142142,0.035580583,-1.7062941,0.21064898,0.20976485,-0.0015519932,-0.036571845,-0.017762024,-0.028934443,0.042008102,-0.01890662,-0.027188603,-0.0278702,0.017758429,-0.085870914,-0.013656356,-0.03229759,-0.024064297,-0.048819765,1.0347271,0.9947897,59179.004,174.76364,363.4945,517.5186,-31.50906,526.0218,0.00046366686,103.6443,-19303.5,MIRAI-GREIP_FLOOD
-0.54161835,48.46617,74.38605,3112.8545,-0.03854094,0.005357435,-0.02727545,0.033978745,-0.08666718,-0.019463351,-0.029703233,-3.0286741,0.25114706,0.002818592,-0.11002469,-0.053114846,-0.011972632,-0.00065471977,0.05476392,-0.067490205,-0.004888044,-0.057877347,0.0003732443,-0.01053297,-0.011589286,-0.0014329387,-0.021862354,-0.0030825753,1.0338658,0.9898822,56788.598,173.41605,588.7678,583.09125,-1.0684605,610.66284,0.00036806872,101.47543,-11676.626,MIRAI-GREIP_FLOOD
1.0620785,44.540985,64.65829,6344.249,-0.013410801,0.0015362088,0.0049289176,-0.004295427,0.0106153395,-0.007109588,0.030967647,-1.4698501,-0.05255145,0.040099323,-0.097581305,-0.046858456,-0.021855978,-0.008984026,0.024203092,0.008673714,0.0010302663,-0.010886741,0.05442071,0.005628525,-0.012818605,-0.019190002,-0.037891116,-0.062175862,0.99435383,0.9396637,55201.766,94.72022,381.4312,517.7315,14.217782,534.4822,0.00011957326,98.097626,-14215.422,MIRAI-GREIP_FLOOD
3.021553,43.968464,64.84249,2658.3286,0.016145153,0.009286944,0.010754069,-0.014691166,0.0731173,-0.0074130953,-0.014966508,4.1815133,-0.15491952,0.08024423,-0.022923658,-0.036297135,0.0050472342,-0.0035011536,-0.018396601,0.028244969,0.010236752,-0.010415045,0.09825271,0.015024106,-0.034093853,0.025739972,-0.0016131345,0.005469732,0.9791629,0.97774005,53919.914,73.16345,343.5707,516.38025,38.931755,484.68735,0.00033399015,98.9896,-13060.849,MIRAI-GREIP_FLOOD
1.8868904,42.056957,67.91199,1441.9612,-0.024911702,0.0062892116,0.025628014,-0.0034768325,0.048953846,-0.012912569,0.012848375,0.5909796,0.388405,0.008160154,0.95678395,-0.034537144,0.02697359,0.0146886725,0.020223308,-0.018991565,0.018790051,0.011504939,0.07922816,0.033567388,-0.01317522,-0.007350556,0.018416591,-0.015777672,1.0061555,0.9985062,51506.188,68.05156,545.20044,519.5888,91.5063,525.4307,0.0005816957,97.755875,16082.216,MIRAI-GREIP_FLOOD
1.9190407,44.5123,62.662254,1816.47,-0.0029928982,0.05914278,0.018739568,-0.0102069145,0.04890404,0.023303758,0.012352014,-0.86356544,0.6860635,0.09478636,-0.10669447,-0.02237961,-0.013373718,0.013708936,0.0022047246,-0.0018078461,0.004090676,-0.023778556,0.04813224,-0.021357043,0.0678754,0.02767968,-0.06192769,-0.04009515,0.95459855,0.9649031,54214.72,63.64625,351.06885,481.3141,-12.614319,510.28143,0.00038897907,98.257744,-29261.44,MIRAI-GREIP_FLOOD
0.3370819,47.11419,64.25671,5654.97,-0.00413239,0.0041563525,-0.025982406,-0.005033123,-0.04494959,-0.027989417,0.029186785,-0.24001992,0.017040072,0.08828413,0.0031988136,-0.031993665,-0.007758733,-0.019138407,0.017341433,-0.06416331,-0.027945373,-0.048718378,0.03791046,0.032230187,-0.0038668374,-0.00031979638,-0.06258795,-0.03206954,1.0351826,1.0075079,56785.105,175.51904,431.57092,547.5117,-18.457203,556.8387,7.8052006e-05,100.37552,-7675.455,MIRAI-GREIP_FLOOD
-1.8453503,47.935036,66.431404,1827.3528,-0.035190303,0.00988164,-0.026756825,-0.008628537,-0.040534943,-0.005926355,-0.033479348,-3.5052977,0.37095928,0.013438778,-0.027355256,-0.105262235,0.15258162,0.009284126,0.052547894,-0.020077901,0.026453732,-0.029513363,-0.052770138,0.08532513,0.0060543185,0.00023426604,-0.03209933,0.04219381,0.96861327,0.97485614,57225.72,91.550446,414.0421,533.52405,15.239578,601.50275,0.00050162314,99.953026,-29586.32,MIRAI-GREIP_FLOOD
0.35061646,44.21337,58.344933,5132.976,-0.012099798,0.00664275,0.042818442,-0.0141053265,-0.06832881,0.027563607,0.064068526,-4.494409,0.07592803,0.115124255,-0.09669512,-0.11347733,-0.008632109,0.024610108,0.024047086,0.007347897,-0.011668085,-0.025230525,-0.02527064,0.11199903,-0.019210031,0.025308196,0.02121893,-0.02284836,0.9413273,0.9522208,46070.71,147.65793,188.4639,428.54565,-31.12447,438.9026,7.461771e-06,91.458176,-43179.348,MIRAI-GREIP_FLOOD
0.85209846,46.062172,71.14095,183.11426,0.017881323,0.005833069,-0.0010146457,0.019195974,-0.03164825,-0.0316232,-0.00377442,0.22166264,0.46810454,0.036665756,-0.09230342,-0.044746228,0.023060186,0.060503624,0.059551872,0.01414058,-0.015550506,-0.0031858683,0.0098462105,0.060077664,0.017370753,0.037093602,-0.016699929,-0.02772891,0.9629594,0.9497352,51696.0,78.7219,497.19522,480.69986,54.954857,488.89673,0.004660611,100.18921,-5455.91,MIRAI-GREIP_FLOOD
3.1801224,42.12545,67.16553,2355.9119,-0.037456613,0.023732461,-0.0036716554,0.027834168,0.09959719,-0.023680404,0.023632256,9.006214,1.8495344,-0.15570995,0.066180415,0.041184016,0.0005197823,-0.005657226,0.034312002,0.015536501,-0.009331996,-0.035035495,0.10154116,0.020087145,0.012632314,0.020327447,-0.04056927,-0.054001883,0.99084085,0.99185646,52979.188,112.03119,652.3602,532.73615,73.19115,554.5004,0.00030938786,97.474655,7042.4897,MIRAI-GREIP_FLOOD
0.285841,46.195282,63.962112,1445.8015,-0.0010611117,0.037358258,-0.014955364,-0.0006892849,-0.010389786,0.006799773,-0.0057283626,0.51188445,0.5757116,0.0776899,-0.062256273,-0.0005129259,-0.004305649,-0.006635026,0.052176185,-0.0089974785,0.030145971,0.011132899,0.0053530335,0.05833791,0.026881218,-0.00067650573,-0.020348353,-0.023915142,0.9721972,0.96757,53670.992,63.100872,417.50818,506.64902,37.61689,563.25275,0.0003480307,99.50342,-7293.91,MIRAI-GREIP_FLOOD
0.46269798,45.467556,64.07772,3108.8606,-0.012529976,0.0015628968,-0.01734542,-0.0005438067,-0.027121218,0.00780634,0.023091767,-2.406671,0.15437914,0.0469392,-0.058738943,-0.07466434,-0.003135604,0.0040067453,0.030479532,0.0032503298,-0.01998503,-0.012318836,0.013768792,0.027149092,-0.023311635,0.00871937,-0.0052794768,-0.03125059,0.9845814,0.99861175,54231.07,164.01025,385.82056,526.3089,-2.8411808,527.48425,0.0002416107,97.215775,-11819.474,MIRAI-GREIP_FLOOD
2.6916904,44.94281,63.94209,23554.775,0.0130826775,0.0011601521,0.0032071676,-0.002219404,0.048267297,0.025030011,0.025863204,-1.830101,0.24820694,0.029891614,-0.15340364,0.006683031,-0.021823768,0.0068981573,0.02423858,0.022356141,-0.012817942,0.023281032,0.06300306,-0.0431364,0.0307169,0.01154363,-0.05183969,-0.06787083,1.0045669,0.9375003,53576.824,81.34263,434.24634,501.95908,24.434662,500.16595,9.701267e-05,99.02525,-5866.149,MIRAI-GREIP_FLOOD
1.4100418,46.857788,62.209427,1807.2446,-0.011321268,-0.010517899,0.0065498753,-0.027320175,0.05958224,0.024997965,0.012878805,0.14332563,-0.009812564,0.06938927,0.50732285,-0.018947523,0.059899695,-0.006898269,0.012057562,-0.055906788,0.034062047,0.006742077,0.07953578,-0.06896284,-0.0021391502,0.026931183,-0.008029681,0.015328448,0.9761161,0.95226526,56416.41,58.117386,510.71027,568.1885,94.8134,536.7772,0.0005603738,105.33043,13786.772,MIRAI-GREIP_FLOOD
2.1486626,45.411865,86.86777,-306.6504,-0.044459894,0.0011936723,0.015780564,0.021546297,0.058200322,-0.003681776,-0.0024395809,10.538311,0.44633478,-0.16020475,0.027922876,-0.09314446,0.036483604,0.03572613,0.05373727,-0.04103127,-0.031921364,-0.052181937,0.004482746,0.12572056,0.039632067,0.06263297,-0.09035765,-0.019094892,0.9440875,0.9084935,41815.67,56.869026,589.4263,415.064,101.06554,423.66452,0.0038655424,96.38582,-3079.8618,MIRAI-GREIP_FLOOD
0.079916,44.800827,71.352974,3599.778,-0.07314724,0.002211771,-0.026751857,-0.019513821,-0.024193088,-0.047834508,-0.005030702,-2.0271773,-0.046452936,-0.00010376796,-0.07990843,-0.124196306,0.120516635,-0.015143475,0.045707062,-0.023350555,-0.04625958,-0.030109107,0.048217,0.03815589,-0.02173433,-0.02506186,-0.04839976,-0.013831116,1.0568713,0.973615,53606.164,178.07652,605.9358,582.89075,7.621415,609.6264,0.00038380356,95.83516,-1899.9646,MIRAI-GREIP_FLOOD
2.2637768,43.313667,62.616665,28029.363,-0.013959229,0.061902154,0.0123803215,0.010830083,0.005735036,0.014415737,-0.014846602,-0.972149,1.0459552,-0.05148437,-0.073025666,-0.027216354,-0.011588073,0.015390004,0.03626114,0.01529134,-0.029342558,0.02222809,0.09384,-0.0299744,-0.005311393,-0.008242421,-0.012119719,-0.044192202,0.9721708,0.93522215,53081.08,71.21231,421.65338,495.6246,49.640522,512.3098,5.731215e-05,100.71854,-1921.7324,MIRAI-GREIP_FLOOD
0.4923706,43.998596,64.85158,269.4829,-0.0137538165,0.0031307351,-0.0072334586,0.003887071,-0.012200819,-0.0087801,0.025163917,-0.21871006,0.28162476,-0.05702661,-0.027625617,0.009378757,-0.0149132805,0.011558206,0.008975392,-0.0017403904,-0.009061109,-0.023783233,0.047163248,0.075008854,0.0031722407,0.03043473,-0.046423234,-0.056966614,0.99867237,0.98641884,52757.438,63.5781,480.9137,497.1309,58.71028,527.07404,0.0010391418,98.99804,5778.0645,MIRAI-GREIP_FLOOD
0.9070606,46.927795,72.70504,-227.77393,-0.018040292,0.0060593747,-0.01653319,0.0016233936,-0.012523886,0.0010313868,-0.022900945,4.727094,0.3132596,-0.07705883,0.05460979,-0.06396626,0.029499907,0.028443059,0.016087383,-0.02022187,-0.0187746,-0.014195137,0.03626603,0.07298758,0.00010718126,0.022051565,-0.057307854,-0.019439938,0.9884757,0.9727482,53016.1,58.766678,780.71857,543.4553,119.11466,523.16003,0.0024596096,103.3242,13727.212,MIRAI-GREIP_FLOOD
3.3757648,43.961243,65.06705,4580.0117,0.0032812636,0.006085526,-0.0018626638,-0.003494416,0.042447954,-0.023169257,0.025574993,-2.149512,0.23424454,0.021121327,-0.124991246,0.0006001163,-0.005542253,0.027347889,0.05647544,-0.0064264517,0.004127086,-0.005161823,0.07540572,-0.033562772,-0.0030357577,0.016788768,-0.042281315,-0.025654878,0.9680419,0.9655072,50205.754,110.70311,377.144,469.87476,-13.508085,484.06097,0.0001403034,99.53116,-26533.004,MIRAI-GREIP_FLOOD
-0.82458496,47.181404,64.86075,4991.264,-0.012461253,0.009587706,-0.014229698,0.0011791958,-0.02746906,0.028148457,-0.028598223,-4.0365686,0.3327438,0.02756998,-0.05357353,-0.081728205,-0.004054103,-0.020154536,0.057063024,-0.021075347,-0.012571552,-0.010607097,0.0011336803,0.020136967,0.022426456,-0.002356238,-0.029429344,-0.03782657,1.007382,0.98474216,56407.133,160.73715,483.65512,527.14056,3.1429758,571.3108,0.00027959727,97.780975,-4747.5747,MIRAI-GREIP_FLOOD
-0.5713558,47.02581,64.457245,3792.6226,-0.022310223,-0.00019169599,-0.014424713,-0.009507273,-0.052813552,-0.02324808,0.005027121,-2.667339,0.116657354,0.037827708,-0.0574682,-0.06304405,-0.00765891,-0.01877751,0.05545219,-0.0314437,0.013915349,-0.022084288,0.01411891,0.009030935,-0.012749821,0.0118137,-0.020173874,-0.02827269,1.013256,0.99866694,57323.78,170.4727,558.6274,556.96216,18.825758,582.8877,0.00048216747,102.5483,-2775.1716,MIRAI-GREIP_FLOOD
1.4020653,44.019245,63.64603,146.18799,-0.015247796,0.060553458,-0.01000933,0.032315064,0.0058141407,-0.0045228405,0.03353311,2.4143791,5.2782145,0.058322474,0.050755054,0.04301667,0.037258472,0.024246925,0.040882472,-0.0058963057,-0.009096338,-0.0012075575,0.08000362,0.008312641,-0.014508576,0.051165678,0.020647433,-0.060479976,0.9673904,0.9643517,49750.58,58.47202,832.36285,485.33176,150.57285,527.0073,0.0035325203,99.7072,32142.854,MIRAI-GREIP_FLOOD
0.083070755,46.314095,65.0183,402.73535,0.0003203191,0.008050409,-0.017520647,0.010216075,-0.018708427,0.007038144,0.0075906743,0.39276725,0.33917055,0.3321371,0.46346995,-0.009319679,0.0593475,0.016370887,0.0010263454,-0.012123649,0.00348764,0.0055997027,0.018450141,0.057943854,-0.024890417,-0.0016294105,-0.012714173,-0.013307573,1.0262768,1.0047766,55026.38,64.728165,576.4156,541.9395,86.56999,539.1225,0.0008008877,101.35588,7305.82,MIRAI-GREIP_FLOOD
3.623455,42.479717,61.664772,-825.6499,-0.04912771,0.018044481,-0.003741302,0.0026600177,0.05220779,-0.027206574,0.0042447844,4.04981,0.5023205,-0.100383155,0.043243933,-0.09185772,0.2977673,0.0140352845,0.00024998095,-0.00934123,-0.007163132,-0.06070149,0.104952514,0.030533504,-0.014591418,0.0361301,-0.06817113,0.0062659755,0.97895527,0.9578852,48502.67,67.38295,643.13306,501.18417,99.70008,468.01755,0.0009555994,96.51622,9794.896,MIRAI-GREIP_FLOOD
-1.0673199,48.996235,64.92233,4201.671,0.0021987408,0.0020223998,-0.013750279,-0.0066359155,-0.07803987,-0.0067253215,0.0010776147,-2.2166286,0.15201183,-0.017415382,0.0034053065,-0.14007285,0.12823649,-0.0037341658,0.05490326,-0.007047578,0.00034907367,-0.027321357,-0.014831662,-0.0028254052,-0.023293236,0.019703776,-0.036423177,0.031483866,1.0158935,1.0033618,59014.91,156.42773,481.08258,575.60785,2.286767,567.85114,0.0005264971,104.91904,-15525.807,MIRAI-GREIP_FLOOD
2.824831,43.76406,62.912163,1522.4724,-0.014283534,0.005141612,-0.007991189,0.002923751,0.05334311,-0.00234158,0.02339416,0.36956412,0.18197426,-0.022819536,-0.033818375,-0.013477856,0.0023112306,-0.007130182,0.008659413,0.006384412,-0.011854567,-0.03681446,0.09881616,-0.042965196,-0.004899525,0.0393752,-0.03230022,-0.024111567,0.97377044,0.96812934,56062.188,64.528275,571.02057,537.8081,92.993576,546.94147,0.00061691727,100.74441,9919.659,MIRAI-GREIP_FLOOD
4.003064,44.457607,65.40109,3710.3865,-0.018855738,0.004305442,-0.011177911,-0.0016263087,0.08451648,-0.011211116,0.029514816,0.86164165,0.12785451,0.03439343,-0.11973494,0.014585764,0.0009534936,0.0039723516,0.0049854815,0.0072224713,0.0012289267,-0.022978373,0.0959906,-0.041888498,0.009243753,0.0073145693,-0.037632458,0.011426019,0.98948735,0.9733008,55587.348,76.68506,435.0622,495.72952,41.469337,513.3124,2.5230256e-06,101.3871,-9431.227,MIRAI-GREIP_FLOOD
0.66511345,47.749058,64.6058,4195.0693,-0.016259138,0.0041655055,-0.031407885,-0.0052228826,-0.016857695,-0.022657715,0.010910333,-0.7486018,-0.0006458163,0.0035617873,0.03457865,-0.009072417,-0.00054015033,-0.020164305,0.05414071,-0.03716465,-0.001890636,-0.040099975,0.022513866,-0.024872944,0.00068811,0.026138894,-0.040118873,-0.036653128,1.029843,1.0227083,58941.723,173.505,536.09814,555.30554,6.0336695,552.48883,0.00028601312,101.47493,-11172.433,MIRAI-GREIP_FLOOD
1.6954002,43.784447,65.297264,999.1594,-0.011926441,0.007946304,-0.0028325315,0.011871862,0.018502064,0.003911957,0.021996606,0.6996891,0.08578816,0.02250961,-0.0641395,0.00997791,0.0073066764,0.016276754,0.0005736714,0.0060224533,-0.0099054035,0.0033230148,0.07130128,0.035368662,-0.024665827,0.02387576,-0.017561726,-0.02072924,1.0104693,0.9916573,54302.395,67.08815,539.7977,537.34845,81.48124,552.72345,0.0005428941,100.369774,7434.0435,MIRAI-GREIP_FLOOD
0.9433384,45.644375,64.521255,3829.1152,0.008473824,0.00035108253,0.0019927346,-0.008526723,-0.002358294,-0.042919926,-0.001103708,0.29214728,0.14478165,0.04217412,-0.05487758,-0.06772963,-0.011852977,0.0052004075,0.035048775,-0.019382646,0.0037404057,-0.023522852,0.03975755,-0.015834743,-0.0069527514,0.025230952,-0.024600033,-0.006192187,0.98139286,0.9848008,55289.223,134.58115,464.54224,530.40314,-12.130421,544.9739,0.0004010557,101.329155,-24093.557,MIRAI-GREIP_FLOOD
6.8614645,41.221428,69.638596,1162.3279,-0.03747067,0.010058471,0.028306372,0.027474625,0.16525728,0.013640916,0.025691312,10.212094,0.6714886,-0.1317423,-0.111969374,0.06765419,-0.014624136,0.022557009,0.02344507,0.02397868,-0.032118235,-0.035381906,0.16017872,-0.0033871045,0.026312212,0.03843467,-0.07450915,-0.039664585,0.9877732,0.9552543,47314.62,70.0181,518.562,438.04062,72.68451,455.73782,0.00029301582,98.171616,3999.9788,MIRAI-GREIP_FLOOD
2.8464508,43.343273,64.71899,4164.8975,0.028017055,0.005718052,0.00830226,-0.008733838,0.074331254,-0.014379477,0.025310177,0.5009931,-0.017169638,0.14772438,-0.01737611,0.028982619,-0.005340094,0.010828608,0.023964308,0.03084448,-0.007057967,-0.010536829,0.10836995,-0.0074713114,-0.020904042,-0.0078124315,-0.0049900636,-0.02470278,1.0053507,0.97443354,52855.32,76.998474,454.9465,508.57324,39.527985,514.57715,0.00024217501,99.61126,-2227.1816,MIRAI-GREIP_FLOOD
-2.9052715,49.81994,64.539986,1667.7683,-0.03577005,0.0039047103,-0.00888726,-0.008168853,-0.08179512,0.02475761,-0.009593671,-1.100662,0.3928939,0.017406397,-0.064222,-0.0638273,-0.0007964484,-0.0056884345,0.0329269,-0.0131182205,0.002522096,-0.0127981305,-0.052009344,0.04285675,0.0018006563,-0.031154122,-0.020593403,-0.03191244,0.99654806,0.97529507,58221.01,72.225716,535.4818,562.52075,50.10402,590.38873,0.0005547924,104.441154,-5156.2476,MIRAI-GREIP_FLOOD
1.6602077,43.766907,62.786163,3382.275,-0.022971127,0.01156886,0.0043025333,0.0050378204,0.062113725,0.019512022,0.021352258,-0.2211988,0.6315123,0.074747324,-0.03955035,0.0018387428,0.008526738,-0.0031364802,0.0016452512,0.025485419,0.013215451,0.0069738226,0.06766623,-0.022187825,-0.043908417,0.032841187,0.006916225,-0.024210762,0.95547324,0.9720704,53951.13,61.799877,371.54382,514.7077,24.187386,503.9732,0.00046106882,99.38449,-17388.934,MIRAI-GREIP_FLOOD
1.9294319,46.646595,69.660645,3400.9985,0.0038555078,-0.0071711834,0.020251565,-0.02025258,0.049211733,-0.02754493,-0.01228323,-0.1124686,-0.44106597,0.102411196,0.58724743,-0.026715871,0.0072806827,-0.0053543225,0.006379322,0.018368233,0.022687126,-0.03315237,0.056439042,-0.01208566,-0.019440267,-0.024917906,-0.029300805,-0.0032035727,1.0187888,0.994458,56557.99,87.84143,408.2224,538.11346,13.410848,520.21967,0.0002945566,101.92473,-22773.371,MIRAI-GREIP_FLOOD
-0.16278267,46.471615,60.8706,308.2046,-0.0012099277,0.005105283,0.0032805512,-0.008662909,-0.0031982735,-0.017811662,0.020511143,1.0002142,0.09662356,0.27090317,0.11107597,-0.02190122,0.020330245,0.0005195476,0.0007749675,0.009618363,0.008425958,-0.018389001,0.033557057,-0.012461212,-0.026436366,0.03681653,-0.009123654,-0.034057613,0.97868156,0.9606487,55229.535,70.4863,600.9524,520.42505,86.69943,525.0775,0.0010527183,103.72241,5547.1196,MIRAI-GREIP_FLOOD
-0.905138,45.468067,63.353497,1982.3623,-0.04432126,0.009738863,-0.038786933,-0.015478464,-0.022965947,-0.06434095,0.03905119,-0.4635811,0.3481935,0.0624086,-0.07419558,-0.028868428,-0.024256332,0.017629057,0.015697123,-0.023811229,-0.026595986,-0.032818288,0.07043904,-0.014650711,-0.064967886,-0.06940296,-0.011335876,-0.0108957,1.0164738,1.0204258,56487.824,178.77057,544.163,555.33374,-17.676609,584.9591,0.0004740517,106.14583,10443.754,MIRAI-GREIP_FLOOD
1.4232845,46.311657,69.32169,2257.652,-0.0023192633,0.026952345,0.0021870574,0.009361387,0.023848007,0.025841173,0.03924544,0.5532981,0.70008755,0.18125746,-0.019938324,-0.019353986,0.011842794,0.017891694,0.010945954,0.0065935403,0.0061849086,-0.016321672,0.0353207,0.014218017,-0.015918067,-0.006537137,-0.008029182,-0.021268168,1.0160755,0.99771065,53151.195,62.861645,409.0581,501.1326,35.054474,508.82104,0.00019845001,98.31668,-6275.596,MIRAI-GREIP_FLOOD
2.8841019,42.64843,65.4893,191.07568,0.008846977,0.007204438,0.010644304,0.027239505,0.044088744,-0.029525984,0.013046648,0.95416605,0.40635765,0.112595186,-0.104875274,0.0551356,0.003979225,0.013784941,0.004553371,-0.0034251623,-0.002283682,-0.027208682,0.09543902,0.027363194,-0.003469328,0.039004978,-0.022498688,-0.021207437,0.9878998,0.99235207,51550.973,58.675182,492.5749,498.78564,67.074234,522.40247,0.0010623132,98.96927,7082.6836,MIRAI-GREIP_FLOOD
4.6670485,44.933834,62.021885,3635.431,-0.03032273,0.08037912,-0.013927412,-0.009784549,0.061627194,-0.0149932075,0.007013795,3.032427,2.0351396,-0.044250272,-0.2179274,-0.059593566,0.41064444,0.03239624,0.094771616,-0.0162671,-0.044442113,-0.023129808,0.123585284,-0.069246046,-0.0056924727,0.016617237,-0.018343423,0.017492259,0.943383,0.9322669,50312.996,105.01628,416.79166,470.49496,42.580776,491.62396,0.0003568233,98.32859,-426.8119,MIRAI-GREIP_FLOOD
0.27005196,44.730244,65.196495,3480.1323,0.0034709834,-0.008130077,-0.0015095086,0.038992293,-0.017107641,-0.014378754,-0.0012293528,-1.2147408,-0.24468929,0.033437878,-0.0470442,-0.04722546,-0.0032383644,-0.00030932017,-0.014233302,-0.009952936,0.027447788,-0.0036123488,0.0028824806,0.14421612,-0.03845126,0.04412845,-0.046070755,0.0236529,0.9788349,0.9927789,52119.145,72.95578,481.76013,489.35983,47.07024,507.7744,0.0010098406,97.01991,-17116.61,MIRAI-GREIP_FLOOD
-0.10180092,47.495926,64.8012,200.60205,-0.019582242,0.023531033,-0.00737196,-0.016185535,0.008271731,-0.004300952,0.00255164,-0.26446772,0.7401684,0.13424104,-0.10620885,-0.033121187,-0.014172758,0.015317147,0.051998578,-0.025170399,0.0026259013,-0.03299355,0.02737683,-0.044719018,-0.0010739453,-0.016444135,-0.028876195,-0.037912644,0.96967614,1.0069786,54582.805,168.6469,535.37494,516.92096,7.2151756,559.44946,0.00066751346,103.055084,-5690.869,MIRAI-GREIP_FLOOD
3.5260735,45.032692,63.708794,3053.9067,0.031088365,0.0044686235,-0.002224173,-0.007316004,0.04432951,-0.010537922,0.024098938,0.027607799,0.2532943,0.22470348,-0.1060826,-0.008847466,0.0050358553,0.016185531,0.045492128,0.007619671,0.0066177826,-0.0042759674,0.08731389,-0.07207225,-0.0029458897,0.04141212,-0.014630549,-0.038113117,0.96079093,0.9461079,50966.11,91.33744,389.6085,495.09702,31.118584,485.82648,0.0011245995,101.90018,-7489.214,MIRAI-GREIP_FLOOD
4.319557,44.427002,68.08201,20284.355,-0.019576589,0.006347806,0.014172766,0.003091031,0.079822354,0.026507938,0.038630854,0.8451826,0.13725927,-0.028781507,-0.116680995,0.042590998,-0.012772068,0.013828177,0.000669756,0.010498691,-0.02311077,-0.034464236,0.13247055,-0.033912666,-0.0109952185,-0.016734485,0.009009018,-0.023283975,1.0154258,0.99726874,52860.47,76.74532,472.758,523.87915,48.324593,529.3956,-0.0006446526,99.19007,-797.1385,MIRAI-GREIP_FLOOD
0.48461533,44.233376,64.64762,2719.0696,0.0062529463,0.0017430928,0.0030008121,-0.0049786973,-0.030147174,-0.029173117,0.0033117458,-2.8884683,0.07236905,0.00778418,-0.06430687,-0.07501261,0.04303443,0.02263911,0.04382301,0.0059747556,0.00732874,-0.02585533,-0.01947254,0.08433588,-0.005126563,0.02164504,-0.017843634,-0.0053120498,0.9707414,0.9857483,50583.61,117.51738,476.55035,484.7808,7.2900114,505.39307,0.0003583015,98.31225,-23557.473,MIRAI-GREIP_FLOOD
7.329667,41.031868,72.98913,2247.6765,-0.015689336,0.007590265,0.025665838,0.035663094,0.21241842,0.003537706,0.030371081,18.93177,0.22334954,0.013975332,0.030255955,0.0938436,0.009853981,0.02248072,-0.0036631804,0.0013371557,-0.04275642,-0.07054167,0.20536375,-0.03708981,0.022527162,0.027044157,-0.060455598,-0.02481113,0.9979184,0.9801349,49605.777,71.80957,727.79333,480.77582,132.36496,476.66855,0.00042684993,99.0041,26009.451,MIRAI-GREIP_FLOOD
2.0319996,46.532093,77.18483,1740.7891,0.009316037,0.008043935,0.002622339,0.027466565,0.032247875,-0.021041524,0.03124181,3.9571,0.6766442,0.20575173,-0.021820115,0.014587101,0.027723147,0.025007797,0.01527103,-0.0073441765,-0.015611743,-0.03631194,0.03755182,0.059693065,0.035550438,0.026322825,-0.06831214,-0.003950121,0.98957676,0.9581697,49552.527,75.55586,655.4296,502.3025,83.04309,521.1459,0.0009548743,101.79119,-1794.0044,MIRAI-GREIP_FLOOD
0.30340576,42.666924,63.820026,2268.5571,-0.0027426984,0.027304575,-0.0035550958,0.0018315293,-0.05144109,-0.05328897,-0.001211476,-4.7659283,0.4282047,-0.051146783,0.060947645,-0.08317769,0.017078169,-0.0017588958,0.06670936,-0.018351633,0.019487318,-0.052949272,-0.00800246,0.11494277,-0.028284471,0.043643683,-0.043718442,-0.02833305,0.937649,0.9735954,50229.37,136.94984,554.5354,481.125,45.234863,540.29596,0.0006159236,94.186874,6532.123,MIRAI-GREIP_FLOOD
2.083475,45.49679,64.76166,2926.0938,0.028853232,0.009161244,-0.014549436,0.017752223,0.06771014,0.00522767,-0.0008445885,1.0503175,0.18044439,1.0762637,-0.08829698,0.05308487,0.010028955,-0.006299317,0.00077389646,-0.0052354857,0.016495787,-0.030792877,0.0988366,-0.03255836,0.010984087,0.009725673,-0.015434382,-0.012056175,1.0027615,1.0008816,57483.113,63.355083,607.0625,556.28394,80.166115,571.8717,0.00038632832,101.550674,6808.975,MIRAI-GREIP_FLOOD
1.5566025,44.861664,63.56595,3271.5088,-0.034118503,0.0062034973,-0.0013006106,-0.022343267,0.02613221,-0.023292117,0.035932057,-1.462853,0.080000505,0.038901873,-0.099859454,-0.01565238,-0.014120901,-0.01629553,0.039446834,-0.014882645,-0.022717537,-0.06095683,0.10161817,-0.021722134,-0.021643268,-0.016611625,-0.024836473,-0.005849218,1.0080969,0.99638224,54657.82,178.79944,469.20673,496.17126,-14.7883415,535.01447,0.00028211472,99.21825,-601.2164,MIRAI-GREIP_FLOOD
1.5522518,43.12489,64.24308,7649.881,-0.07457233,0.03680164,0.030931456,-0.005994829,0.13690455,0.051352024,-0.03418512,4.1106462,2.8813825,-0.0063158665,0.5524174,-0.07044367,0.013818088,-0.017718812,0.0082144085,0.089713715,-0.010471648,0.013705587,0.13257831,-0.11354827,-0.018230282,-0.0429193,0.02851951,-0.10499494,0.95070505,0.9695434,57956.68,79.58138,602.6463,560.2491,33.25375,553.75073,0.00026406493,101.36084,-2366.5605,MIRAI-GREIP_FLOOD
1.9028931,43.56579,64.585976,-54.89502,0.02543645,0.004717207,0.00748903,-0.021526685,0.011638576,-0.001183101,0.015585666,1.0243136,0.2553254,0.31440854,-0.035682265,-0.058268018,0.00035362132,0.031308778,0.0012346497,0.050754733,-0.024023492,-0.004118588,0.061876714,0.020903902,-0.018685514,-0.005346595,-0.0164222,-0.034559652,0.962384,0.9905452,51596.664,116.63038,397.97372,538.043,10.384035,514.5132,0.001763255,97.7709,-12803.434,MIRAI-GREIP_FLOOD
-1.6393776,46.53619,62.69353,4531.0605,-0.022179587,-0.0073524015,-0.041721705,-0.0025255424,-0.083461136,0.009948151,0.008903818,-1.83935,-0.29082918,0.15431169,0.0921867,-0.09262837,0.007821179,-0.0017310586,0.0071450877,0.0058536,0.021284146,-0.010988306,-0.036046743,0.11684922,-0.045171894,-0.0036446308,-0.0049553765,-0.032975577,1.0077903,0.9887765,56221.86,77.47289,534.4828,551.88715,62.366688,556.6073,0.0004770317,98.10583,-3692.64,MIRAI-GREIP_FLOOD
4.6813974,43.342472,68.295784,1959.04,-0.0044992473,0.011248437,0.00026057707,-0.008082756,0.118484996,-0.007136659,0.014387501,3.6051736,0.4856463,-0.03611759,-0.0029926188,0.04880398,0.008852192,0.007456303,0.029368864,-0.010047703,-0.026738077,-0.034620058,0.12903118,-0.059678663,0.0095310565,0.020195888,-0.027104625,-0.01345597,0.9954482,0.9784617,52205.33,67.02217,521.68036,495.2521,74.834,514.93225,0.00040853646,100.25795,3178.6694,MIRAI-GREIP_FLOOD
-0.6704941,45.001644,62.163395,4612.4644,-0.033005174,0.0013179256,-0.0018717209,-0.0025484213,-0.051637918,-0.009723486,0.014791906,-2.8425689,0.1536916,-0.016380545,-0.06283242,-0.07085129,0.0018490659,0.007007015,0.03655381,-0.01600857,0.011442745,-0.00641895,-0.0022389293,0.05332894,-0.020521877,0.03397005,-0.008199112,-0.027524905,0.94654,0.9312715,51808.848,104.67599,449.7911,519.5648,39.753586,527.65533,0.0003802475,100.04527,-10507.298,MIRAI-GREIP_FLOOD
1.0602875,44.119892,64.29143,3698.8616,-0.0016872585,0.0047984216,0.0016333349,0.009124956,0.01281937,-0.024778306,0.028607327,0.067424774,0.27164674,-0.00907123,-0.042561546,-0.020018749,0.0022973372,0.021721665,0.023790235,-0.0044916803,0.0071584196,-0.021172578,0.033135474,0.031023294,0.00018644147,0.029748155,-0.020802367,-0.039663076,0.99127173,0.9801238,54669.97,76.82377,558.6142,522.811,65.95292,551.06445,0.00038150966,98.43527,4925.771,MIRAI-GREIP_FLOOD
2.0461483,42.714024,67.69706,-25.04004,0.019552318,0.01654804,-0.009320458,-0.008683967,0.039338037,-0.00013997196,0.01721289,1.548686,1.0970061,0.37008846,0.010508987,0.023297423,0.000773549,0.017486144,-0.006869384,0.025832262,-0.008053392,-0.005794689,0.090905786,0.02150851,-0.010884791,-0.0021288707,-0.010497909,-0.036676355,1.0181787,1.0032779,54129.97,66.173416,514.9459,545.8922,67.711426,544.5319,0.0006332694,98.16265,7352.144,MIRAI-GREIP_FLOOD
1.1126556,47.378006,65.70357,5679.627,0.006019054,0.0010412409,-0.017428055,-0.0077175917,0.0045992252,-0.019246826,-0.01577673,0.45279247,-0.15908255,0.06923956,-0.031377684,-0.031403404,-0.007220623,-0.009480304,0.058077075,-0.017996458,-0.0014400273,-0.036931317,0.005095303,-0.035674527,-0.0014311424,0.018799365,-0.04069576,-0.029260952,1.0351608,1.0020205,58859.242,165.29347,481.45398,533.79865,-17.27607,547.69006,0.00019234588,99.883514,-14158.205,MIRAI-GREIP_FLOOD
2.560522,42.93508,85.2611,375.34546,-0.023792142,-0.00063693523,0.018319571,-0.0036456694,0.048886046,-0.025085531,0.0075766603,2.1096802,0.06433727,0.017631982,0.31663162,-0.002254378,0.018292768,0.03341853,0.014672619,-0.00053086784,0.015516114,-0.016725143,0.09532136,0.05513709,0.004221557,0.010564913,-0.022094324,-0.009976746,0.9996626,0.98406315,45597.383,62.272865,442.8009,450.06006,62.681038,444.66888,0.0019952634,97.95327,807.71906,MIRAI-GREIP_FLOOD
-0.49487495,46.869167,64.16172,5375.831,-0.03518109,0.017766805,-0.045041945,-0.007907437,-0.051897928,0.0082279695,-0.00832413,-2.0213606,0.53844327,0.051348284,-0.041838713,-0.05175668,-0.01159514,-0.004489259,0.04073941,-0.012107425,-0.026250932,0.021454874,-0.0011509657,0.0043623666,-0.018154036,-0.016838832,-0.018987477,-0.0013629347,1.0193638,0.99464643,56128.484,173.40067,492.7776,534.08,11.502415,552.4421,0.00042459735,100.02315,-986.7454,MIRAI-GREIP_FLOOD
-2.3766975,46.430645,63.631306,5006.1343,-0.0061339606,0.04563571,-0.03454387,-0.0038360811,-0.10233042,-0.0049623637,-0.0067729526,-3.2957945,1.3398085,0.04618521,-0.037128065,-0.13165176,0.0013235322,-0.03776052,0.023274207,-0.06863508,-0.01628253,0.01822181,-0.03152585,0.021153793,-0.025571976,-0.026590768,0.0155538935,-0.018458696,1.007787,1.0172247,56428.227,164.90823,478.888,547.6353,-1.397028,569.6936,0.00067418546,101.29374,-564.6962,MIRAI-GREIP_FLOOD
0.3654194,45.172424,65.07438,1653.1357,-0.016372861,0.0061822417,-0.06261544,0.032887347,-0.05232212,-0.01873491,-0.03135108,-1.6017618,-0.1227188,-0.02072274,-0.12815268,-0.061414883,-0.0068532373,0.010737296,0.04068687,-0.043345015,-0.034436982,-0.01822998,0.033604503,0.020977551,-0.032148514,-0.027410235,0.0068737613,0.0008708518,1.0489157,1.0042039,57676.824,177.83412,606.4526,534.2031,-0.4252491,563.41986,0.00038814178,97.482155,1893.3779,MIRAI-GREIP_FLOOD
-1.0067921,47.80425,65.98822,3326.795,-0.0056760293,-0.0036926416,-0.028402518,-0.0062927953,-0.044241093,-0.020429302,0.0008175685,-3.5888085,-0.00069372356,0.025437832,-0.039663076,-0.05035457,0.0037181617,-0.012241182,0.05625072,-0.03138281,-0.0032052863,-0.006529661,-0.034673095,0.027633643,0.011750231,0.023859011,-0.049243808,-0.0324903,1.0007313,0.97849375,56023.656,140.75562,523.9723,517.5088,10.501308,565.8975,0.0004309339,101.56413,-6527.7144,MIRAI-GREIP_FLOOD
-1.6869411,45.513657,61.686035,4167.1724,-0.046552725,0.006199232,-0.009938646,-0.0026733598,-0.12040406,0.010848547,0.0038328837,-1.2077546,0.19228116,-0.016648607,-0.04343771,-0.07093718,-0.0009988098,0.016103612,0.010009812,-0.002093194,-0.0192568,-0.011409958,-0.038724244,0.14781249,-0.007937847,0.032037605,-0.011721667,-0.036574308,0.9828179,0.9511752,52159.21,69.959656,569.4788,516.8861,88.147934,531.9077,0.00043692405,99.030365,1337.4907,MIRAI-GREIP_FLOOD
1.9001789,46.220287,75.58066,-102.47217,0.05581331,0.023569537,0.0022526784,0.025953714,0.032527328,-0.0036468112,0.013532339,1.9724708,1.6739112,1.2843795,0.1673676,0.049600966,0.025274564,0.0066024577,-0.014694512,0.0031309016,0.0061807875,-0.03462446,0.08430034,-0.00086914754,-0.034316726,0.013484148,-0.021506213,-0.034539256,1.029111,1.0145625,50281.082,58.56143,618.71875,533.1842,90.20636,517.97235,0.0016167554,101.9079,4746.428,MIRAI-GREIP_FLOOD
1.6626854,42.441685,74.02009,1452.6992,-0.027811714,0.0085202055,0.006557449,0.0011046118,0.010385418,-0.011279174,-0.00221038,1.3653493,1.3898653,-0.050231464,-0.057863485,-0.05860005,0.034726355,0.030190155,0.015506557,0.0006376067,-0.00075877644,-0.033507034,0.042920947,0.12005282,0.009482309,0.0012788735,-0.040199466,-0.021473235,0.9787846,0.9848194,50131.05,80.19276,481.65015,495.38562,68.61852,517.258,0.00048228743,97.00169,3338.471,MIRAI-GREIP_FLOOD
3.252407,42.9907,64.72423,602.2969,-0.028146552,0.01333676,-0.0016608229,0.014966148,0.05845868,0.00491028,0.035571788,0.46794617,0.6498102,-0.044762008,-0.14349455,0.028185252,-0.022906447,0.023866769,0.012609981,0.028719936,-0.022533312,0.0032405183,0.081421316,-0.027726054,0.021847352,0.03127276,-0.029481964,-0.037704922,0.9900565,0.96429557,54395.82,72.58495,498.48465,506.51517,63.752293,517.72205,0.0003983396,100.21968,4368.3887,MIRAI-GREIP_FLOOD
0.5838642,44.916557,64.63502,4493.2617,-0.0029953197,0.009630475,-0.024281992,0.01177745,-0.017639935,-0.022200963,-0.008321118,-0.9857186,0.18028888,0.14442098,-0.09489453,-0.09488112,0.11046463,-0.0035866164,0.030526575,-0.02752425,0.00491573,-0.02114294,0.026594043,0.029580658,-0.033464164,0.036822096,0.008242721,0.012217079,0.9776928,1.0195256,54789.39,155.32193,494.41635,531.271,24.374622,549.0334,0.00033747888,98.98442,-2777.9043,MIRAI-GREIP_FLOOD
-0.5410023,46.167587,62.51608,5347.0356,-0.053454474,0.008101746,0.017024152,-0.022963298,-0.034210257,-0.012034784,0.027675036,-0.7404026,0.21591364,0.013677718,-0.10635206,-0.083148435,-0.001212269,-0.030020755,0.041917857,-0.019407429,0.004145894,-0.021834966,0.0357486,-0.017018013,-0.011858471,0.00346764,-0.029712223,-0.037804257,0.99804395,0.9956132,56285.11,174.01251,477.22418,547.6431,5.678481,566.6008,0.00039265407,102.13191,5043.7285,MIRAI-GREIP_FLOOD
-0.4188671,46.267925,65.67668,-283.37354,-0.052772492,0.001441352,-0.009353222,0.0028443001,0.0076824035,0.010147536,-0.030411348,-4.8050537,0.4908852,0.079970494,-0.044674985,-0.10065471,-0.0039280434,0.008353786,0.029972538,-0.01605745,0.021040432,-0.0067717396,0.008261085,0.0194801,0.015017578,0.019300532,-0.045920033,-0.04725847,0.95030147,0.9877599,56253.45,130.58234,462.65512,537.89764,23.91389,574.7267,0.0005508881,99.12656,-8432.781,MIRAI-GREIP_FLOOD
0.8565464,44.353226,64.55813,5330.34,-0.009569404,0.0017018799,-0.020672802,-0.008687793,-0.016073208,-0.017260438,0.002134284,-1.6514947,0.09437469,0.044958014,-0.09819708,-0.038669076,-0.02050344,0.00084616244,0.047565367,-0.015418796,-0.0005616341,-0.0026683556,0.032963634,0.021961216,-0.0046395115,0.003410317,-0.030450527,-0.04596477,0.99789435,0.9864275,54931.27,156.1015,443.91577,528.87744,1.0484505,542.85284,0.00022008091,97.497856,-7036.5693,MIRAI-GREIP_FLOOD
0.20803642,50.415802,68.03868,3143.5532,-0.027841106,0.03870732,-0.018222399,0.0115110865,0.08804239,0.051548336,-0.021243254,8.724913,4.6583614,0.002859328,0.1331315,-0.044314653,0.036994472,-0.015115824,0.044212542,0.004627849,-0.02338892,-0.02555792,0.013288319,-0.07970521,-0.004175438,0.005447302,-0.023886293,0.0073377877,0.9791863,0.9601734,60340.812,56.854973,721.8552,594.6889,113.951355,614.0449,0.00030699995,108.344955,7643.898,MIRAI-GREIP_FLOOD
0.2205677,45.01264,63.922203,7618.8145,-0.037471868,-0.0036326197,0.018668331,0.009000519,-0.02416177,-0.009794821,-0.0113907065,-0.4575014,-0.23935913,0.06648212,1.8587786,-0.04403133,0.0017762181,-0.0016104244,0.012854035,-0.0067173876,0.01044874,-0.03293348,0.08220571,0.041210108,-0.044505484,0.017554078,-0.014742928,-0.020574529,0.9753062,0.98642606,59592.863,57.429863,598.41595,580.2484,107.437325,584.36084,0.0003485998,98.711235,8036.908,MIRAI-GREIP_FLOOD
2.5726147,42.95538,63.69439,4208.272,0.016694276,0.012808082,0.031587027,-0.0071397307,0.059034005,0.024212506,0.029113831,1.0301725,0.6490838,0.014759561,-0.056438837,0.052114412,-0.03778668,0.0041248836,0.011184966,0.035195235,-0.025737923,-0.026132595,0.1308744,-0.06600342,-0.010127585,0.014270977,-0.05031719,-0.05389629,1.0083215,0.97439015,55895.113,58.3134,525.0801,558.9838,65.06957,563.5475,0.00041858386,99.492355,4550.8643,MIRAI-GREIP_FLOOD
0.2150402,46.21535,64.34344,13813.893,-0.018977163,0.012686555,0.0040243287,0.01069674,0.0020954916,0.04572477,0.00612556,-0.017783642,0.5650953,-0.0680933,-0.06345075,-0.026473926,-0.0030681954,0.0038373051,0.024527136,0.016231492,-0.0013101636,0.015166167,0.036952972,0.037252467,0.0049127336,-0.008301094,-0.04924,-0.048946444,0.99891454,0.96450925,56447.54,57.646156,486.18332,537.8301,61.334976,559.37646,0.00028767315,99.90526,3822.822,MIRAI-GREIP_FLOOD
4.185912,42.619923,69.20072,685.35913,0.025810167,-0.002785368,0.035368547,-0.004085347,0.060099006,-0.011142453,-0.007383411,6.228101,-0.038825486,0.34411952,-0.018095557,-0.026870893,0.012757226,0.023204967,-0.026479613,-0.009131226,-0.015217056,-0.028284408,0.119016886,0.08952273,-0.01613755,0.04426632,-0.042641975,0.004813075,0.9740167,0.99220073,45775.832,67.16472,487.28983,461.6854,72.709946,432.1512,0.0038250089,97.26111,-1024.6741,MIRAI-GREIP_FLOOD
-2.8181038,46.25959,63.565346,3690.0327,-0.03188532,-0.0011408626,-0.03282159,-0.00087852584,-0.09868779,0.0045545474,-0.0012559816,-0.4249363,-0.13508984,0.11362928,-0.01662945,-0.08963482,0.0049948203,-0.009603048,0.012828346,0.014322076,0.0065855915,-0.0043922523,-0.060117602,0.14668402,-0.01954928,0.0005616341,-0.012624309,-0.022563329,0.9828887,0.98284924,54513.344,82.97108,514.3866,537.75635,48.42684,566.3214,0.00040998575,96.39663,-7973.989,MIRAI-GREIP_FLOOD
0.04222107,46.01993,64.41831,2847.2544,-0.007208902,0.008811484,-0.012214557,-0.0027910117,-0.036385827,-0.03139981,-0.006064882,-1.1656618,-0.13133545,0.0853467,-0.013095362,-0.05368981,-0.010351713,-0.028126765,0.010638571,-0.030516004,-0.0018664426,-0.04932219,0.0075600147,0.015842354,0.0050703576,0.014469894,-0.022730503,-0.014123859,1.0089785,1.0479934,58640.25,173.64674,469.10458,557.13855,-6.642643,569.7822,0.000393614,99.44988,-9932.284,MIRAI-GREIP_FLOOD
-0.8725853,46.088177,59.581486,1555.3838,-0.048029684,-0.0025913776,-0.011068694,-0.0071426793,-0.06227106,0.0117083,0.04182599,-2.2431479,-0.09982349,-0.05564962,0.01261806,-0.008905627,-0.008148687,-0.0025883736,0.020526825,0.0020577665,0.0058672484,-0.0066671427,0.004856169,0.04491166,-0.03409797,0.051571332,0.0018005958,-0.042430863,0.9821335,0.9479276,55417.883,70.14749,495.24304,540.51886,71.54771,548.70874,0.00055465265,100.369576,-2901.6807,MIRAI-GREIP_FLOOD
1.0845108,43.775837,75.91474,1945.553,-0.056600012,0.024271136,-0.044143505,-0.008517618,0.013399219,-0.011205724,0.0027486053,0.84195185,1.4200431,0.04734159,0.005731769,-0.07425916,0.004854694,0.029850064,0.0182058,0.0017958693,0.009277378,-0.014374059,0.053899348,0.009852572,-0.02187986,0.029937634,0.011550657,-0.0047251303,0.9727723,1.0096517,52271.797,169.36667,565.16797,565.3973,16.146181,570.00464,0.00028166297,98.022865,-2220.9993,MIRAI-GREIP_FLOOD
-0.55981827,47.244568,63.754044,5794.0635,0.018446632,0.0013507045,0.039614286,0.021232434,-0.050528027,-0.018703172,-0.017569691,-4.1884108,-0.0500146,0.2637985,-0.07388465,-0.07068537,-0.0032565102,-0.022576548,0.023144972,-0.076857865,-0.0092764655,-0.037463203,0.036214054,0.030122317,-0.01685092,0.0026824418,-0.025950575,-0.0027388614,1.0361478,1.0154424,56149.613,177.96455,387.36,496.79153,-49.882576,546.944,0.00042611876,97.95217,-10319.537,MIRAI-GREIP_FLOOD
2.2392616,42.504173,63.175846,1532.8943,-0.033485513,0.006522819,-0.008618511,0.018679548,0.021702223,-0.0012956135,0.031700566,0.7169471,0.16322157,-0.027876003,-0.049712703,-0.017490974,0.12893699,0.025200274,0.0004954543,-0.022856062,0.0054897508,-0.011425232,0.058559597,0.042695444,-0.005006974,0.049916524,-0.02080093,-0.005542459,0.9888289,0.9760484,51126.777,63.543446,497.0166,485.58914,74.490555,488.49182,0.0004867338,95.3288,5022.297,MIRAI-GREIP_FLOOD
0.12863731,47.866573,63.04302,726.58716,-0.018482473,0.005854251,-0.006878129,-0.011473193,-0.020708928,-0.0006884965,0.032135084,-0.5535934,0.5201708,-0.030499328,-0.029772183,-0.023305073,0.00399595,0.018586356,0.012365334,-0.0008303765,-0.019172749,-0.02767144,0.0110268,-0.021952555,-0.004099477,0.011276122,-0.021239437,-0.032957118,0.9896032,0.9773494,57112.117,71.14723,480.1235,551.6723,55.609146,559.3551,0.00052410405,104.77269,-6921.186,MIRAI-GREIP_FLOOD
2.9543629,41.051292,63.67811,3979.9634,-0.0044352096,0.014934509,-0.0010439358,0.038286988,0.06933468,-0.018125808,0.029405264,2.154633,0.4005861,-0.0039464235,-0.10610729,-0.026758324,0.012440935,0.01797466,0.000121416524,0.020364465,0.0070436154,0.012894889,0.107911706,-0.0035424938,-0.024037536,0.050602067,-0.0037667807,-0.002407208,0.9556206,0.95649135,52508.938,76.38989,570.0299,498.7446,88.39856,510.36166,0.0006057965,99.349785,11869.53,MIRAI-GREIP_FLOOD
-0.6656704,47.593193,65.22061,3287.2896,-0.010665086,0.007349928,-0.020132884,-0.016242756,-0.046171255,-0.018199535,-0.030313263,-2.122902,0.1033534,-0.029531706,-0.07565293,-0.11068088,0.06069028,-0.0062085316,0.0654765,-0.009638624,-0.026981652,-0.04724816,-0.022403717,0.022835873,-0.0010903832,0.016642248,-0.02413201,0.0127894655,0.99676955,1.0073471,57197.7,161.982,573.30786,545.9197,28.764145,562.80774,0.00042781932,101.39355,-6397.5415,MIRAI-GREIP_FLOOD
2.938797,46.375893,67.772446,-1616.6353,-0.020849604,0.0018467897,0.010912973,4.030764e-05,0.06203994,0.02355969,-0.030066181,5.1513743,0.11944601,-0.020313032,0.042314187,-0.03715707,0.00030899234,-0.01577114,-0.0017885119,0.004077535,0.008953143,-0.0370894,0.048600733,0.031367548,0.015038641,0.0268885,-0.107285745,-0.011152326,0.98150253,1.0037552,52185.63,58.903255,464.09265,498.74475,56.637012,510.43103,0.00060054293,100.88417,-5996.429,MIRAI-GREIP_FLOOD
3.1709824,46.07524,75.29934,2422.5752,0.02720642,0.020896437,-0.008693444,0.008817535,0.050610416,0.004690283,-0.00032835174,1.7587314,1.1056725,0.6024549,-0.030444931,-0.00017152168,0.007789927,0.041327592,-0.0036154967,0.020949923,-0.009995447,-0.01941479,0.0769009,-0.039062694,-0.0075424225,0.008770678,-0.029313548,-0.018482585,0.99150074,0.9988227,51593.332,83.89714,502.23276,516.52,39.25223,506.8849,0.00051739265,103.611465,-8025.0317,MIRAI-GREIP_FLOOD
0.54987717,44.382614,64.90256,3437.7861,0.018853143,-0.005901271,-0.018274922,0.024216993,-0.026630295,-0.036417175,-0.01315473,-4.4245324,-0.08976616,0.0066799484,-0.10254618,-0.060938675,0.020215815,-0.0026186556,0.04723108,-0.021597743,0.009639411,-0.016286213,0.012208402,0.11472552,-0.02043468,0.06955858,0.0025798567,0.0012066588,0.95374674,0.9854749,50087.176,128.3848,576.38696,489.75623,45.068985,529.92914,0.001506231,95.92226,700.3586,MIRAI-GREIP_FLOOD
0.49899673,46.008842,64.209015,2380.644,-0.009888512,0.029805565,-0.020176543,0.02886152,-0.011645392,-0.047930412,0.018290523,0.41130918,1.3751271,-0.0009648502,-0.07056617,-0.06250373,0.01940879,0.010565658,0.07679575,-0.032242384,0.0015380653,-0.050923727,0.0155441165,-0.040440165,-0.006886611,0.011161872,-0.026335921,-0.044122912,0.98770434,1.0129352,54404.92,166.76996,682.00006,527.17004,47.01191,577.3931,0.000526994,103.08071,6608.3584,MIRAI-GREIP_FLOOD
1.0690956,45.927883,66.03177,290.3452,0.0009923149,0.0076272795,-0.020220224,-0.012641442,-0.001775681,-0.005308291,0.0048436993,-0.18519843,0.23432612,0.0038360432,-0.03471047,-0.018313015,0.011452799,0.017484877,0.013045974,0.010550873,-0.011182501,-0.015466354,0.030391097,0.0015117155,-0.0044071046,-0.008613497,-0.004006047,-0.020633603,1.0060948,0.9975587,55721.68,82.15419,507.22186,560.75775,67.23715,554.23065,0.0004940072,101.363655,1528.6907,MIRAI-GREIP_FLOOD
-1.3419514,45.937416,63.207592,5305.1274,-0.026331639,0.016147755,0.0008514011,-0.012550274,-0.063347414,-0.017310038,0.003782513,-1.6050653,0.07031463,-0.009366478,-0.08670813,-0.1631032,0.09806213,-0.042627916,0.04591385,-0.025033724,-0.012620479,-0.038408708,-0.026164055,0.027183622,-0.020763928,0.021445867,0.00047220383,0.010360115,1.005203,1.0205587,55026.0,175.62262,597.962,539.1052,24.06295,569.5071,0.0003931009,98.57956,4355.848,MIRAI-GREIP_FLOOD
2.4289494,44.39124,64.47912,3397.666,-0.0018194597,0.01384497,-0.0015730574,-0.0052878605,0.062061258,0.027265001,0.012897572,-0.8513893,0.30634138,0.028227624,-0.052384354,0.0074508875,-0.019714776,0.01410309,0.01819238,0.05455425,-0.020977419,-0.022374438,0.07873011,-0.06078847,-0.0034332066,-0.017690983,-0.0031079724,-0.04229217,0.9925236,0.9861244,56509.055,81.24312,435.05942,546.1005,36.7864,537.7342,0.00013218363,98.72718,-9486.536,MIRAI-GREIP_FLOOD
1.942297,44.886387,63.867992,2824.674,0.0046613626,0.008757118,-0.031612378,-0.010877497,0.039221033,-0.037520263,-0.0036208308,4.944459,0.06455393,0.012845693,-0.04763695,-0.07215514,-0.0006484613,-0.008770804,0.06372657,-0.04792425,-0.01764633,-0.032137297,0.07632792,-0.037240844,-0.043439098,0.023982616,-0.0139034055,-0.011064596,0.99428767,1.017257,55744.8,168.37831,486.19165,524.64606,0.7564888,537.22217,0.00048499182,103.74312,-5226.175,MIRAI-GREIP_FLOOD
2.8938103,43.610584,74.44451,1571.2842,0.0065090787,0.008003465,-0.0056038727,-0.0026968664,0.056098364,-0.0002697506,0.0008885795,1.4296398,0.25988802,0.26552963,-0.032380626,-0.0022449205,0.007880672,0.039068017,0.008184131,0.017110147,-0.0038151164,-0.010740202,0.09648806,0.010754887,-0.0019885343,0.003676007,-0.020571657,-0.021149527,1.0229366,1.0053554,50349.926,66.83857,436.0561,501.4551,35.837982,492.14813,0.00048321532,98.82658,-7921.6323,MIRAI-GREIP_FLOOD
-0.68396187,46.94463,65.17182,517.05664,-0.027337346,0.0035144873,-0.080054775,0.024633585,-0.057001308,-0.018203218,-0.020850657,-1.60216,0.050580546,-0.084645614,-0.046802282,-0.08828197,0.039614376,-0.0055493973,0.038835354,-0.121666,-0.034298193,-0.04115306,-0.0031651855,0.065637365,-0.004017651,0.012749908,-0.05738415,0.004414916,0.9932975,0.99102575,55580.75,164.50728,672.78357,542.489,51.29171,578.94574,0.00058334135,99.15147,2522.9878,MIRAI-GREIP_FLOOD
1.4105396,43.898693,69.53907,-1056.9028,0.0068766996,0.016490934,-0.00440842,-0.00063301064,0.008899745,-0.0098959785,-0.002689676,2.2454872,1.0157511,0.13908555,-0.02197518,0.002699853,0.018864797,0.028982999,-0.002557952,0.01795047,-0.005045007,-0.022867173,0.059538245,0.062821805,-0.016315907,0.017731039,-0.01606173,-0.036009595,0.9919708,1.003086,51105.58,64.989914,621.9657,514.3959,97.83436,517.4846,0.002272899,98.67965,18984.75,MIRAI-GREIP_FLOOD
0.29060364,44.305805,63.3012,3159.2004,-0.02780036,0.00954319,-0.0010667043,-0.006390678,-0.009548999,-0.046120316,0.056273222,-1.6601055,0.07845645,0.058480557,-0.024027273,-0.049764257,-0.009720832,-0.011511868,0.04402954,-0.008218134,-0.043168895,-0.040251818,0.061303377,-0.019609237,-0.013194833,-0.028050503,-0.030781915,-0.048858985,1.0072417,1.0221974,57304.246,177.37648,437.92007,532.7609,-27.166122,550.4294,0.00039154605,99.94599,-3705.646,MIRAI-GREIP_FLOOD
0.97205544,46.30216,64.09889,5754.999,0.009582722,0.003300865,-8.086441e-05,0.0014827213,0.014753308,0.01972704,0.02317229,-0.26030552,0.1406409,-0.0026910938,-0.06461762,0.024160298,-0.012225068,0.0018076645,0.03235836,-0.002343622,-0.007621557,-0.0070546935,0.038683236,-0.028343555,-0.0053646113,0.033859972,-0.033513278,-0.05242295,1.0094589,0.96934026,57883.207,57.41276,575.47565,561.4903,77.497505,580.00366,0.0003058376,99.97771,7212.107,MIRAI-GREIP_FLOOD
2.2359085,42.208275,73.277534,-386.3672,-0.03513243,0.018114947,0.024217267,0.011488933,0.0431858,-0.0017422257,0.016933769,1.1405091,1.7266564,-0.13002248,0.24520865,0.03866861,0.008594274,0.014108865,0.019992076,0.008731972,-0.006203642,-0.030935373,0.09487003,0.043824174,0.01808065,0.024006551,-0.03241679,-0.04447487,0.99574137,0.9942507,49411.145,57.680798,520.6868,496.7959,92.39058,522.2587,0.0008110537,96.45882,17363.918,MIRAI-GREIP_FLOOD
3.1168785,43.311474,63.22729,1890.1592,-0.0004728604,0.0028771476,0.00094166957,0.0018240303,0.046014205,0.00040461367,0.004549965,0.795424,0.11738647,0.23775735,-0.03791257,0.029846327,0.010847375,0.012604947,-0.004405412,0.003821021,-0.0024704123,-0.02530124,0.11077094,0.0012725741,-0.020015405,0.033295255,-0.01838957,-0.041527472,0.976598,0.97786486,53509.81,72.046074,531.1388,517.2929,81.28617,512.6319,0.0008005233,99.47342,9509.892,MIRAI-GREIP_FLOOD
-1.2506485,46.047985,62.832973,3748.8337,0.017168935,0.005478972,-0.012566917,-0.0076129707,-0.035848096,0.031507887,0.010747794,-1.5938756,0.33875936,0.025698211,-0.12716785,-0.07183171,0.0064867097,0.0072003244,0.07287959,0.0215123,0.0013542594,0.031403907,-0.011687577,0.02471902,-0.0060691815,0.009797294,-0.0036288006,-0.010748179,0.98654056,0.9449984,54694.66,73.960266,513.0348,518.75885,50.021027,526.02026,0.00043437348,99.47669,1752.5471,MIRAI-GREIP_FLOOD
3.1393623,46.84447,66.857254,1927.3923,0.032983817,0.0031731662,0.016466446,-0.004344309,0.08315859,-0.00065530126,0.005847111,2.6176553,0.111445345,0.0622784,-0.03514722,0.03318404,-0.02324889,0.010929959,0.01563939,0.019678118,0.008541084,-0.024215873,0.07720029,-0.0358531,-0.00088297296,-0.01404818,-0.07951819,-0.04315814,1.00397,0.98793924,52283.297,64.35767,423.28076,530.2521,32.346485,510.34406,0.0005116087,101.81631,-13703.432,MIRAI-GREIP_FLOOD
0.9092369,45.570354,68.81204,998.3718,-0.050974656,0.0077811466,-0.05340239,0.011014183,-0.00967546,-0.027665306,-0.0009859609,0.028850555,0.22990555,-0.12639175,-0.037131753,-0.0034518633,0.006456025,0.009316135,0.0751501,-0.03271546,-0.00797074,-0.058561657,0.05273646,0.0041387933,0.0061202818,-0.0096978145,-0.042041447,-0.032048866,1.0030316,1.0064328,55144.035,169.41786,626.76733,558.2291,27.310762,585.0439,0.00029545277,99.95656,-6136.4097,MIRAI-GREIP_FLOOD
-0.24817085,45.473633,64.48545,3203.6355,-0.008117286,0.0020551935,0.0054708263,-0.004088491,-0.0030267127,-0.00033327728,0.021546133,-3.6952615,0.12882121,0.036055386,-0.05592492,-0.07934365,0.00215141,0.00756327,0.058714394,0.00055586454,0.009176525,-0.009804893,-0.0051729083,0.037018497,-0.014681637,0.0063567944,-0.019179624,-0.044685863,0.9669427,0.9474221,53788.76,96.61476,376.7263,502.5392,-4.2783813,528.11566,0.00033964895,99.64812,-23198.988,MIRAI-GREIP_FLOOD
-0.66571426,47.39363,65.03272,4150.6006,-0.013340756,0.0057620364,-0.031056937,0.0118876705,-0.07101474,0.006656938,0.022716494,-1.444917,0.13849516,0.022950089,-0.07742342,-0.068931624,-0.005115891,-0.0059062475,0.07100879,-0.018569797,-0.03215552,-0.04183324,-0.008117318,0.040203795,-0.0032672286,0.009740864,-0.014537711,-0.028118277,1.0168806,1.0045072,57402.168,170.85458,494.63342,533.0486,-9.5859585,554.093,0.00016637208,97.95023,-12233.414,MIRAI-GREIP_FLOOD
0.3066044,46.976543,62.135395,4288.748,-0.017748136,0.009407199,-0.0035687722,-0.010092675,-0.017922467,0.0198979,-0.002355054,0.70593965,0.6061893,-0.03119969,0.01995154,-0.11141226,0.128947,0.014279157,0.038994603,-0.0002560718,-0.02395282,-0.023992348,0.017675102,-0.030800978,-0.0080423495,0.02598879,-0.02917827,-0.0009881891,0.9477197,0.9528034,55847.348,134.93909,529.8972,570.3206,45.781734,564.5259,0.00041166978,102.758255,-515.8045,MIRAI-GREIP_FLOOD
1.3100433,45.482338,63.934563,7010.9243,-0.035068087,0.033196807,-0.01855178,-3.3572316e-05,-0.0023177443,0.026588451,0.0023219618,0.2594288,0.6964666,0.009089223,-0.070114575,0.022567306,-0.0034652376,0.021489874,0.014533477,-0.016729744,-0.011734086,0.0022905692,0.05567062,0.006358845,0.018680472,0.01708539,-0.024531635,-0.026471961,0.98687965,0.9713455,53908.64,58.101288,539.44275,513.1677,66.97662,541.42633,0.00014740028,100.589066,10012.59,MIRAI-GREIP_FLOOD
-1.6306114,45.97797,64.96476,3075.439,-0.003984794,0.015622678,-0.022006553,0.014444242,-0.05871082,-0.013369982,0.01182634,-0.5496992,0.8818643,-0.011543407,-0.014235282,-0.049262363,0.010475674,0.0157588,0.045894314,-0.005799718,0.012464383,0.02859309,-0.0023709536,0.049592238,-0.020787414,0.008330688,0.02423372,-0.0013531372,1.0002736,0.99136233,57029.51,84.61861,521.70044,549.8985,58.401566,584.86993,0.0005635163,102.53943,-2337.9795,MIRAI-GREIP_FLOOD
2.5621433,43.829624,70.080826,369.20947,-0.051515307,0.02110012,-0.0138769895,0.007887566,0.027779335,0.011424358,0.014788799,1.3683007,0.70296466,0.07074787,-0.009237937,-0.014047112,-0.012180582,0.03868059,0.04304864,-0.036813386,0.011083967,-0.018193053,0.039365113,0.03307974,0.034228496,0.042894226,-0.0820879,-0.061807632,0.9757921,0.9748848,48650.07,56.19458,524.8571,484.95663,67.4769,506.07852,0.0005711596,98.11825,10483.074,MIRAI-GREIP_FLOOD
1.2284641,44.32926,63.92553,5506.5107,-0.017831627,0.010980064,-0.0010933401,-0.005229161,0.028939463,-0.033461727,-0.0062275166,4.396799,-0.012814328,0.0903506,0.010864696,-0.02872984,-0.011105674,-0.015534955,0.06324494,-0.049053222,-0.032005675,-0.052188896,0.062156737,-0.008528089,-0.014051269,0.0007110252,-0.03710643,-0.042389736,1.0054438,1.0022073,56845.832,167.488,481.34348,512.17865,6.091448,536.3139,0.00021046912,98.11412,-634.32635,MIRAI-GREIP_FLOOD
-1.3854294,46.578354,65.60517,3261.465,0.0074657886,0.006878979,-0.005996865,0.010668284,-0.059162863,0.011519956,0.0017050398,0.35212123,0.601224,0.3730239,-0.0253813,-0.06524066,0.0030963712,0.014927637,3.50317e-05,0.0033752387,0.005034809,-0.02260535,-0.0368703,0.12019376,-0.0031773,-0.0026343297,-0.013302023,-0.019733982,1.011952,0.9991645,52148.395,69.69686,565.7104,531.46375,66.72908,553.08746,0.00040721483,100.12056,-2097.4658,MIRAI-GREIP_FLOOD
0.75847626,47.18582,71.65897,750.9158,-0.023070825,0.007831299,-0.014105699,-0.009350554,-0.013354478,0.005315365,0.00046714908,0.25751543,0.40320244,0.027379954,-0.068651095,-0.039278872,0.010000172,0.008656638,0.016187724,0.0016000634,-0.012303753,-0.008168909,0.0046722293,0.016813517,0.03331848,0.014301315,-0.03651098,-0.010487949,0.997378,0.98154247,55159.33,74.791466,552.32166,531.2199,64.53128,554.99805,0.0004850455,104.08369,2255.6343,MIRAI-GREIP_FLOOD
3.1793556,44.207554,68.70551,2826.9224,0.005579302,0.0020255141,-0.003776194,-0.019853054,0.08135368,-0.006709002,-0.022432562,1.4562817,0.06702171,0.08324219,-0.067981705,-0.0053797616,-0.012375008,0.015951307,0.008539934,-0.0110387,-0.0033790339,-0.03333976,0.1031155,-0.022361709,-0.009526931,0.0018420268,-0.007641562,-0.018964497,1.0045558,1.0082188,54291.992,64.803314,429.805,519.4634,45.29007,502.34177,0.00029785506,98.13602,-7711.959,MIRAI-GREIP_FLOOD
1.4863148,43.49024,69.74486,-918.3921,-0.0037358608,0.014101589,-0.0029379479,0.0393976,0.020323921,-0.0057091406,0.025242865,1.8165017,0.687458,0.07693408,0.014440751,-0.0033021532,0.00923651,0.031820476,-0.006857137,0.022299845,-0.002360607,-0.0303386,0.061165452,0.025436241,0.006585035,0.012127986,-0.012445654,-0.030137882,1.0176234,1.0071386,53920.062,80.655975,619.9408,532.7456,91.343185,539.41504,0.0011878269,98.79221,13657.766,MIRAI-GREIP_FLOOD
1.50597,43.3224,62.192783,2869.2446,-0.019480683,-0.0049174144,0.0032680342,-0.027002169,0.004104401,-0.008496001,0.048752908,-1.4530814,0.14804213,-0.027199911,-0.06496935,-0.016893433,-0.02052379,-0.0055418257,0.04132166,0.01706834,-0.015096536,-0.0016489578,0.047218263,0.014042346,0.007020789,0.036372498,-0.025354775,-0.0781371,0.98935765,0.97147685,53528.402,141.30865,421.86096,511.14755,10.473032,509.17484,0.0004231268,96.28203,-3041.616,MIRAI-GREIP_FLOOD
4.047969,45.73811,67.89886,3695.4976,-0.022857627,0.03845786,-0.0063963956,0.012883347,0.083406694,0.014407462,0.028132185,5.8210273,3.036151,0.03457528,-0.15374374,-0.02251811,0.04399494,0.040550716,0.021162217,0.0029815454,-0.0327585,-0.022164034,0.07953209,-0.03350191,0.0005092146,0.0052631134,-0.016198024,-0.0053297263,0.9731368,0.9731174,51399.65,80.03382,676.5266,515.2185,97.36609,523.0259,0.00036945863,103.075516,5967.706,MIRAI-GREIP_FLOOD
2.3642826,40.7905,63.66071,2233.321,-0.01655311,0.0077012214,0.004028764,-0.0022869362,0.049730495,-0.031953625,0.048183575,0.73935753,0.1951264,0.01618519,-0.039584287,-0.011273701,-0.011172109,-0.0039229123,0.033643335,0.012029758,0.01449587,-0.021258991,0.07879639,-0.0012680367,0.0009267498,0.02443929,-0.01207048,-0.02238201,0.965149,0.97461784,53052.777,124.8183,520.71533,511.04324,31.95942,521.7856,0.0002909316,97.46565,-3527.4717,MIRAI-GREIP_FLOOD
1.5660496,46.520657,64.00232,6852.64,0.015564776,0.006220332,-0.0066161063,-0.025637558,0.008439733,0.0077138897,0.0257493,1.2866428,0.21507101,0.2547963,-0.012619383,-0.085325256,-0.010712799,0.0012091547,0.016938835,0.026417214,-0.025002146,-0.030670447,0.013278484,-0.06670066,-0.01461023,0.010990627,-0.0023029465,-0.01333244,1.0057205,1.005143,56128.234,158.22511,329.7437,516.8661,-28.842339,477.84692,6.232581e-05,99.219215,-23146.012,MIRAI-GREIP_FLOOD
-1.022541,47.10137,66.20519,2353.6794,-0.024210278,0.009354024,-0.02823299,-0.0022548074,-0.062280834,0.019100163,0.014425607,-2.4967313,0.16081335,0.020743527,-0.10185412,-0.07395855,-0.012223049,-0.0036618765,0.01814111,-0.039438523,-0.0005808659,-0.026315395,0.012390435,0.03174005,0.0015097926,-0.025968712,-0.032927442,-0.017839618,1.0479364,1.019625,58183.23,176.96544,514.85156,582.2121,-29.454525,583.7197,0.00036869827,101.99912,-10391.319,MIRAI-GREIP_FLOOD
1.2961178,44.029755,62.516296,3299.372,-0.04724231,0.013602505,-0.060933538,0.026364654,-0.044815376,-0.04178814,0.041687362,-1.4672608,0.021679772,-0.002000574,-0.14607316,-0.041577816,0.021586657,-0.030075656,0.030516198,-0.025592884,-0.02449435,-0.020365316,0.07172507,0.021485588,-0.059084203,-0.027247788,-0.02206279,-0.009890812,1.020383,0.96746135,54379.01,179.20241,523.30347,547.4063,-6.8537846,591.64856,0.0004719037,96.26881,4780.3535,MIRAI-GREIP_FLOOD
0.72971344,44.42881,62.726044,3880.9326,-0.026085641,-0.0059826085,0.0045906706,-0.015621858,-0.019909073,-0.022508025,0.032506578,-2.110575,-0.14033975,0.060668755,-0.076813936,-0.06274665,-0.01809927,-0.020965261,0.027438058,-0.029557003,0.004812982,-0.02489866,0.03367293,0.045558233,-0.006750999,-0.0025800033,-0.028575417,-0.028511444,1.0093225,1.0137541,53522.1,175.56293,354.40878,495.19235,-43.338753,510.61334,0.00023573097,97.88413,-25253.604,MIRAI-GREIP_FLOOD
2.1157837,44.952568,64.59673,2836.8608,-0.01708154,0.004074009,-0.024472175,0.04254489,0.054007992,-0.029287826,0.012796269,0.017296314,-0.047349907,0.03603134,-0.078377545,-0.074546345,0.106084876,-0.0049158884,0.04847557,-0.024012515,-0.029709378,-0.04764492,0.078358114,-0.059433017,-0.018718138,0.030754372,-0.01629837,0.004058685,0.98365927,1.0091841,55059.06,172.9137,482.74402,508.9631,-7.5105667,551.0519,0.000436262,98.359795,-14480.622,MIRAI-GREIP_FLOOD
-0.5417805,47.673893,62.909344,4024.1143,-0.025706891,-0.004756993,0.007146487,-0.010214849,0.007120926,0.029973306,0.01324646,-2.2314405,0.07640025,0.05772847,-0.05610414,-0.0140613895,0.009540356,-0.018358324,0.03007534,-0.005528787,0.00051507726,0.011609815,0.04613024,-0.012688092,-0.015567714,0.007295054,-0.018493546,-0.019264812,0.9486329,0.93423796,57300.734,72.06274,416.05255,546.7069,40.45182,569.1517,0.0004354507,104.087395,-9297.1455,MIRAI-GREIP_FLOOD
4.262994,43.206394,61.992325,7459.839,-0.009038699,0.012283141,0.0076204394,-0.011457707,0.02994846,0.032361887,0.065166906,-1.9042184,0.33428636,0.040938538,-0.09690654,0.019894587,-0.03376274,0.0024725776,0.059394486,0.02280854,-0.032516155,0.0010781037,0.09388757,-0.054830875,-0.0065282183,0.023689568,-0.0055113155,-0.0446962,0.966934,0.9535191,50842.645,151.10922,344.779,470.8261,-5.926138,494.6146,-9.1566806e-05,93.25929,-19143.758,MIRAI-GREIP_FLOOD
5.7863703,40.813705,63.192677,4206.589,0.023159534,0.029376457,0.015859414,0.032290883,0.08612766,-0.003991581,0.07830836,-0.4813602,0.20851551,0.13948298,-0.092529014,0.055788536,-0.020310197,0.02441503,0.057947222,0.045715503,-0.0044580223,0.016280461,0.15325737,-0.07171202,-0.01674489,0.029349366,-0.010865269,-0.041153934,0.95914435,0.9581763,50003.027,107.82291,432.89014,476.20172,48.929142,470.0141,0.00021907316,93.15073,-2899.7583,MIRAI-GREIP_FLOOD
-1.372736,48.230988,66.39042,1062.6646,-0.067096755,0.05340738,-0.07731475,-0.013907929,-0.068681784,0.007168085,-0.023697019,-1.6126859,0.6766695,0.09921468,-0.11345799,-0.093849,-0.008608294,0.010797297,0.05514118,-0.10115127,-0.034170598,-0.017663635,0.041910052,0.032439988,0.013228588,-0.05012413,-0.038568556,-0.0121564595,1.0303502,1.0021659,57301.477,174.29851,586.6686,564.0488,10.534125,581.1282,0.00041152252,101.509346,5625.806,MIRAI-GREIP_FLOOD
2.921114,43.390354,63.832394,-536.6753,-0.011144615,0.0143940495,0.017857622,-0.017447481,0.09457422,-0.009879382,0.01481843,0.57951754,0.4162887,0.006515719,-0.036604773,-0.00011496246,-0.01854238,0.012452206,0.015273626,0.024711547,0.004219264,-0.011220592,0.07982415,-0.07848679,-0.010398455,-0.008404555,-0.016603196,-0.0593311,0.9781508,0.9828358,55195.086,67.23557,412.8694,510.36246,30.221273,496.83646,0.0005551288,98.97826,-10358.992,MIRAI-GREIP_FLOOD
0.5661087,45.455257,63.639282,5137.8433,-0.011231032,0.0005103275,-0.013547283,0.003211741,-0.039424464,-0.0056823366,0.029944228,-2.0894322,-0.05578246,0.018118113,-0.004414078,-0.047838133,-0.0055045905,-0.010590673,0.046520337,-0.0033326168,0.016620146,-0.02833609,0.007768035,0.009998853,-0.026568707,0.026946057,-0.0027729059,-0.008227079,0.99004817,0.9863516,56890.613,152.15637,500.8993,542.9165,23.38748,545.1265,0.0002751847,97.89522,-8778.092,MIRAI-GREIP_FLOOD
-0.8733864,49.311485,63.725113,15431.654,-0.020319505,0.005209237,-0.020876117,0.012736092,-0.04343673,0.032781422,0.023862796,-2.6624918,-0.08510725,0.14044769,-0.09062673,-0.049247667,-0.014729075,-0.048898067,0.04464683,-0.014452979,-0.03044744,-0.021894043,0.015456796,-0.0038196554,0.0044782367,-0.026815716,-0.05780109,-0.001980327,1.0415361,0.97647333,59494.973,177.7295,348.60187,524.26263,-35.658894,538.5076,0.000111712645,97.45185,-9369.404,MIRAI-GREIP_FLOOD
6.713214,42.585835,65.387955,3383.8633,0.043610226,0.016025133,0.032269027,0.014710036,0.16364485,-0.010286159,0.030559875,11.245964,0.027196106,0.2028481,-0.048881784,0.086828664,-0.032107655,0.02647734,0.0074093086,0.028222673,-0.01444388,-0.05430095,0.18395633,-0.059492644,0.0044463924,0.020920038,-0.05785702,-0.04287973,0.98642105,0.98967004,49157.91,71.47003,537.15625,469.35724,72.07239,472.81082,0.00027902843,101.28107,4877.695,MIRAI-GREIP_FLOOD
-0.776659,51.028244,64.645355,14201.49,0.009696231,0.007692739,0.004374082,-0.0062466282,0.0065978207,0.07400516,0.01631117,0.15380406,1.2161101,-0.029602123,-0.06698999,-0.031614915,0.0024794496,0.004558377,0.008022118,0.0062853005,-0.018495336,-0.023261283,-0.040352702,-0.013748231,0.059995856,0.031015838,-0.0924424,-0.041461676,0.97306114,0.9736434,61056.574,55.897713,525.2189,602.54877,56.7278,607.58856,0.00040413297,105.612564,546.79755,MIRAI-GREIP_FLOOD
0.13219452,44.96047,64.37014,2376.8833,-0.0037327409,0.010695132,-0.0024672132,-0.022761283,0.005587492,-0.03735477,-0.016202385,1.0206271,0.1502845,0.1360696,-0.026373902,-0.09126995,-0.022212507,0.009241089,0.012608342,-0.02532972,-0.010136763,-0.0782898,0.019061625,0.021259446,0.0039462047,-0.012985175,-0.036083393,-0.018694134,1.0137464,1.044077,55438.316,174.60358,432.77405,518.3084,-25.553993,541.7831,0.00034434005,100.069725,-16784.535,MIRAI-GREIP_FLOOD
0.065683365,45.11916,64.393005,4392.3394,0.018277928,0.0013919099,0.0014601601,-0.010994065,-0.03541001,0.009250108,-0.017808786,-5.1419497,0.1918883,0.04816061,-0.054389104,-0.07225323,-0.029008484,0.004288247,0.05086775,0.015729537,0.01534823,-0.0063743116,0.004797399,0.067356646,-0.023846827,0.016862884,-0.0006808108,-0.007136715,0.9952812,0.98327416,54027.918,138.36111,418.61765,517.2919,-21.37188,526.1347,0.00018004578,95.834724,-26821.2,MIRAI-GREIP_FLOOD
1.5798244,43.56275,64.685165,2511.2688,-0.01989133,0.009733823,0.009284403,0.0030290277,0.050452113,-0.011682561,0.028037358,-0.43783438,0.51517206,-0.079756886,-0.10182757,0.015793165,-0.015161767,-0.005407217,0.025448423,0.015206301,0.0036966428,0.0074320934,0.07321763,-0.028162664,-0.009732939,-0.0004942564,-0.02943079,-0.050448343,0.98918885,0.9685928,55708.8,73.94953,461.81036,513.3775,31.738728,536.45306,0.00023341728,99.56976,-6297.5093,MIRAI-GREIP_FLOOD
1.1848164,45.88555,62.919483,3736.464,-0.016198462,-0.007911354,0.008378115,-0.025123173,0.04488066,0.005698207,0.020678604,2.1062877,-0.09850244,0.08905574,-0.051485933,-0.03197298,-0.015136766,-0.0064124865,0.03175513,0.012097754,-0.02475314,-0.04707185,0.059671044,-0.029541379,-0.017050093,0.016514057,-0.04411345,-0.053204153,1.0107232,1.0050769,56949.44,168.25647,305.74612,502.6453,-60.81984,484.86853,0.00039251498,101.81075,-36409.312,MIRAI-GREIP_FLOOD
0.54400635,45.64778,63.767574,2744.0044,-0.010116472,0.004527777,-0.024015216,-0.0076313578,-0.021130813,0.015948618,0.025092285,-1.960386,0.0068199635,0.18571699,-0.039231203,-0.048700906,-0.005945261,-0.018976962,0.02165906,0.01759096,-0.02210063,-0.024460314,0.045010865,-0.00027270243,-0.01692331,-0.004452362,-0.01965219,0.00040451065,0.992647,1.0083199,56128.883,175.8393,334.81622,507.5735,-20.990112,520.8015,0.00019828063,95.664986,-7349.785,MIRAI-GREIP_FLOOD
0.6824589,42.70891,63.7457,105.90039,-0.03875819,0.050374825,-0.014871929,-0.0042096092,-0.036791526,-0.014470948,0.0260275,-0.07458377,1.8217827,0.04106585,-0.04635676,-0.09465718,0.015353056,0.026331693,0.036076687,0.004049423,-0.022392424,0.005169725,0.06585467,0.019396886,-0.010474134,0.011000255,-0.012645949,-0.019589953,0.9540093,0.9545903,51807.117,134.08664,535.0323,524.2752,48.8396,538.7957,0.000549355,99.68926,4404.577,MIRAI-GREIP_FLOOD
3.042614,45.689526,63.84548,25108.963,0.021061216,0.008784349,0.015596241,0.0041663437,0.09112649,0.017573396,0.028436733,-2.1168282,0.18648526,0.06199582,-0.22478743,0.030373838,-0.019252134,-0.0025691884,0.051706288,0.029641047,-0.034821335,0.0082130255,0.06563038,-0.07630952,0.0021330966,-0.008235852,-0.023723856,-0.028632991,0.9676319,0.94289815,54065.086,73.10864,419.54816,507.00336,26.553982,509.35986,-0.0002645807,101.46856,-14340.281,MIRAI-GREIP_FLOOD
-0.89227295,46.874146,64.76705,2801.9536,-0.017495774,0.0014999917,-0.044274785,-0.004995958,-0.06545221,-0.02228164,-0.01749013,-2.4950285,0.0680519,-0.088142745,-0.050074577,-0.05367124,-0.004498571,-0.007408424,0.057799034,-0.05948066,0.0029088836,-0.036345277,-0.00845474,0.054306608,0.006913636,0.01457466,-0.04471834,-0.014800614,1.0071126,0.9981618,57113.77,169.72021,491.11026,551.8776,5.138852,587.13916,0.00030827482,100.25876,-3120.4731,MIRAI-GREIP_FLOOD
2.0997887,42.674965,64.40397,639.36206,-0.025140405,0.0015495528,-0.019082746,0.010420128,-0.020963114,-0.011449961,0.048988987,-1.0824234,-0.12276954,0.08034289,0.015871037,-0.05080919,-0.00515815,-0.025174385,0.020385526,-0.016717121,-0.0015445729,-0.031616148,0.08022612,0.064586654,-0.0023948867,0.02805098,-0.022969678,-0.08959539,1.0139174,1.0287529,53488.586,173.21222,506.405,535.46436,17.697601,546.94855,0.0016421214,95.284325,-1709.9321,MIRAI-GREIP_FLOOD
1.7425938,45.015266,65.76081,4031.7808,-0.004284,-0.00074061746,0.011431253,-0.004221003,0.0445648,-0.0019295525,-0.001315414,-1.2990801,0.18699354,-0.047195148,-0.06794449,0.022866558,0.0083106775,0.00033686403,0.048863985,-0.00024028588,0.025445852,-0.021277705,0.02823621,0.041596554,0.0012961333,0.019811084,-0.061632287,-0.053152222,0.969543,0.94392216,54189.008,74.23737,511.70264,515.97815,53.2816,547.2488,8.733162e-05,98.13846,-7559.9785,MIRAI-GREIP_FLOOD
-0.8249035,45.255585,63.661644,2285.4177,-0.034376673,0.0048459265,-0.036746692,-0.012252678,-0.01936104,-0.0373371,0.01858938,-0.75764203,0.09449278,0.0011580251,0.0011791475,-0.070098504,-0.010754342,-0.015793128,0.03728,-0.052082207,-0.010318085,-0.049780402,0.028265595,0.02092869,-0.016531847,-0.020536017,-0.021956988,-0.048427917,1.0206928,1.0239083,57155.05,177.14288,552.1721,560.0793,3.274003,583.4907,0.00045193767,101.937126,2567.104,MIRAI-GREIP_FLOOD
0.49920654,48.84543,63.72538,12626.113,0.021930318,0.004276381,-0.0068604853,-0.010091798,0.042041823,0.03398952,0.0061217556,-0.81736994,0.14686593,0.022360561,-0.11363563,0.016420638,-0.01565119,-0.0008064369,0.031215454,-0.010965885,-0.023995338,-0.027843041,0.013202071,-0.07475437,0.027662804,0.041819286,-0.023240194,-0.01951056,0.9753015,0.9802436,59256.605,57.968857,483.09076,586.04913,40.777714,594.391,-1.5798723e-06,103.161446,-4516.565,MIRAI-GREIP_FLOOD
0.45765877,45.325817,64.68152,6211.67,-0.00090481713,0.001998368,-0.0024870108,-0.002969287,-0.004634816,-0.012564607,0.027310008,-3.0803242,-0.09520356,0.108326316,-0.100936964,-0.07045456,-0.014811023,-0.0055771973,0.053066604,0.001262729,0.006268192,0.00087657943,-0.0003733635,0.020691037,-0.030380098,-0.0064089266,0.007977904,-0.0076296455,0.97877353,0.9624201,53541.336,115.92006,402.13177,491.84357,-9.723467,516.02734,-0.000118977376,98.202774,-29073.39,MIRAI-GREIP_FLOOD
2.219429,44.67684,73.17993,3505.1353,-0.0294305,0.011837915,0.013628697,-0.008615502,0.048363455,-0.037980244,0.016198253,1.1430643,0.5643259,0.058469214,0.15739408,-0.008121933,0.011546074,0.007877633,-0.000535883,0.035893835,0.000101178885,-0.012838233,0.073088884,-0.004915069,-0.020599883,0.0076854452,-0.015415238,0.0023271795,0.99205655,0.99218345,49362.59,75.46882,420.59653,498.40134,24.470816,491.74377,0.0003247766,101.00425,-15378.947,MIRAI-GREIP_FLOOD
3.526554,40.51343,71.01617,1518.5034,-0.02765919,0.013109802,0.008428774,-0.007402738,0.076111555,-0.0027255602,0.012857795,1.6054463,0.98948133,-0.02785611,-0.032291196,0.01692481,-0.0027549604,0.01991283,0.003547538,0.020795034,-0.007902141,-0.014251703,0.11492199,0.027237222,0.005005661,0.006609789,-0.012301173,-0.022715302,1.0036341,0.99875367,52062.957,88.76961,516.207,519.84973,61.700226,531.9967,0.00017216438,95.73048,2153.1475,MIRAI-GREIP_FLOOD
2.7248535,44.61122,65.546715,1262.6614,0.003362922,0.0006633587,-0.018021915,-0.0005492773,0.0145601295,-0.0071096043,0.0280343,2.066933,0.14092045,0.068164684,0.0009529479,-0.013803251,0.029499495,0.032365654,0.0091750305,-0.0032515358,-0.0026721763,-0.029295925,0.04561913,0.007064924,0.0002489984,0.028342737,-0.0288497,-0.029846575,0.987066,0.97189087,54814.875,78.5181,682.3944,534.7368,105.24858,504.7312,0.002777955,101.2274,14040.135,MIRAI-GREIP_FLOOD
3.1873093,46.129166,65.16848,5747.583,0.025655963,0.008247144,-0.0020987936,-0.009533491,0.07424284,0.0018239435,0.022959616,1.399847,0.11079283,0.09457875,-0.10143456,0.015114628,-0.0016085875,0.021437943,0.041388307,0.0069468515,-0.019517409,-0.027652552,0.08564216,-0.0663132,0.025357474,-0.008430762,-0.026020505,-0.006104661,0.9898467,0.9703958,56149.703,76.40006,507.98004,522.0058,30.920513,543.6939,-2.1991858e-05,102.83133,-2467.3662,MIRAI-GREIP_FLOOD
1.1955013,47.003067,63.626987,10110.299,0.04021647,-0.0028116722,-0.011420058,0.002302424,0.026546665,0.023025196,0.008422606,0.10539442,0.16694121,0.2490581,-0.09031586,0.026619771,-0.004632552,-0.0032260688,0.027118761,-0.03275525,0.009384392,-0.0118396655,0.03625965,-0.029385077,0.00055515906,0.05606925,-0.06592176,-0.07264787,0.97686297,0.96109784,53870.676,56.279724,470.01822,548.58545,52.0638,554.9611,0.00029620054,102.99636,1030.3206,MIRAI-GREIP_FLOOD
-0.3824234,46.92771,64.69687,3263.666,-0.006594928,0.013062822,-0.029523894,-0.011654891,-0.0048295334,0.0015556236,0.008457263,-0.30043626,0.9477134,0.101314045,-0.05017933,-0.05970916,0.007153865,0.0066988356,0.002411399,0.028556142,-0.013690437,0.0053077796,0.014701784,-0.023571156,-0.005122947,-0.013406875,0.013876043,-0.026006192,0.9877401,0.99492884,57018.176,76.10002,451.2113,559.87445,43.206635,566.78613,0.00032498254,101.09044,-3280.9812,MIRAI-GREIP_FLOOD
0.061182022,48.13006,63.13169,10973.58,-0.03933599,0.005326154,-0.01675167,-0.0045647933,-0.029078523,0.004389666,0.03761835,0.9601052,0.21695125,0.05766309,-0.04032718,-0.032008473,-0.017152479,-0.020923352,0.050563645,-0.025519688,-0.035069387,-0.03315479,0.038784683,-0.060728014,-0.020815324,-0.0047112186,-0.035022926,-0.029282568,1.0279706,0.9858083,58804.867,173.71552,471.3515,542.9979,-11.248211,543.2409,-6.0509497e-05,102.82834,-4882.4233,MIRAI-GREIP_FLOOD
1.9471607,42.807102,64.383385,2633.0913,0.0023680925,0.013361066,0.005153818,0.010739881,0.021318682,-0.018510858,0.03678114,-0.5380981,0.5943089,0.083431676,-0.047517944,-0.0024616718,-0.0019041648,0.019526774,0.02342833,0.015028801,-0.0038991938,0.0059588766,0.057483613,0.030872066,-0.0056809513,0.01677693,-0.011595189,-0.029272044,0.9718852,0.96346396,51829.094,93.79083,507.90225,490.8963,51.49479,513.88983,0.0004435613,98.583374,-2032.2078,MIRAI-GREIP_FLOOD
0.05993843,49.269905,64.70516,3256.2095,-0.019332258,0.010348302,-0.029709246,-0.0026514141,-0.00065888,0.010576899,0.0017595966,-1.1134243,0.3111973,0.07925146,-0.08744478,-0.042757854,-0.0022756672,0.007987333,0.06312423,-0.01655507,-0.010815099,-0.002275994,0.006110728,-0.06450715,0.012704554,-0.014471842,-0.051516484,-0.044292815,1.021968,1.0004946,57925.1,170.61557,444.1264,539.23315,-0.9921341,547.26843,0.0004278139,102.2212,1512.6091,MIRAI-GREIP_FLOOD
1.9664593,42.774178,63.059204,10703.982,-0.012314375,0.003913513,-0.0067782076,7.96821e-05,0.0129694175,0.011203242,0.027484054,-1.1057239,0.07940245,0.055744037,-0.07490589,-0.022350652,-0.012654235,0.0008160155,0.014939341,0.01059214,0.0021407334,-0.01582891,0.083824575,-5.3621832e-05,-0.023423709,0.0076876935,0.0063235685,-0.044107657,0.99509346,0.9590322,54414.19,72.86842,448.97958,507.73575,44.189743,515.7547,9.561637e-05,98.17144,-2793.4292,MIRAI-GREIP_FLOOD
2.2255955,43.824875,62.744347,2833.9814,-0.005262131,0.0065134647,0.00829003,-0.021703638,0.04327333,-0.03416965,0.022997357,0.015327632,0.16732968,0.026241042,-0.013856234,-0.037210044,-0.0048961802,-0.017923312,0.055686906,0.00020525884,-0.0058765966,-0.028539153,0.07319653,-0.06834729,0.012311976,0.030491773,-0.02570109,-0.035500508,0.9768591,0.9884364,54427.508,149.51694,504.66663,506.32288,31.637981,528.80597,0.0004970113,100.97525,3145.0994,MIRAI-GREIP_FLOOD
1.3035488,44.86179,63.025112,3077.2158,-0.007532993,0.14013956,-0.006312751,0.00717022,-0.068837345,0.027176587,0.02689,-0.14369392,3.3277497,0.03831972,-0.07018038,-0.061274413,0.0047569596,0.003130068,0.013324104,0.023961786,-0.025760932,-0.00031072646,0.08105606,0.0053195683,-0.0059579895,-0.004981677,0.0004984718,-0.01871683,1.0056069,0.98140675,51272.14,69.00404,424.7599,485.3797,43.261772,505.461,0.00029866805,96.81334,-5167.3413,MIRAI-GREIP_FLOOD
-1.1851997,47.51908,64.9547,6941.3,-0.026101708,0.009109631,-0.028101875,-0.0038220629,-0.08690784,0.013414836,-0.012639222,-1.0281305,0.21300584,-0.038901042,-0.054656804,-0.12804902,0.028990269,-0.04029118,0.03389752,-0.0102072945,0.01036378,-0.031175816,-0.046043515,0.050631482,-0.010349141,0.00332313,-0.012786071,0.004456872,1.0224926,0.99146354,56206.926,166.9224,566.916,555.73694,26.982573,574.0366,7.004144e-05,98.10821,-2672.0972,MIRAI-GREIP_FLOOD
1.5462055,45.73868,66.680626,-14.802734,0.034152895,0.017607108,7.345341e-05,0.009727507,0.024794498,0.016703157,0.019426595,1.7169578,1.0680913,0.38807982,-0.03405687,0.017202258,0.0071203406,0.01143665,0.006619175,0.0142123755,-0.009129764,-0.011891941,0.074166656,-0.014634875,-0.006410822,0.019904636,-0.02806539,-0.02916836,1.0191733,0.9996459,54801.965,58.20156,648.3032,547.8341,96.82784,552.45044,0.00075838197,101.13675,16441.94,MIRAI-GREIP_FLOOD
2.7040596,44.45858,72.43844,3230.4219,-0.013162091,0.013987242,-0.022389246,0.0013837813,0.00680881,0.003957301,0.0062367995,0.15392786,0.6090799,-0.011844317,-0.034739006,-0.11078697,0.25832677,0.05740767,0.034009367,0.0058301818,-0.036378726,-0.02839695,0.010739267,0.06783367,0.009067116,0.000586597,-0.023574047,0.017255988,0.9983406,0.9808861,48747.75,95.52811,556.23083,498.68066,46.70627,498.81546,0.00048735162,97.042496,-7792.4644,MIRAI-GREIP_FLOOD
2.4982033,42.43168,63.34362,4150.294,-0.010352478,0.0021920716,0.002532343,0.036714103,0.008002734,0.012114403,0.06283063,0.8395778,-0.123663604,0.0057334825,-0.021652868,-0.022645835,-0.0034299833,0.011261864,0.026707927,0.035121623,0.006468678,-0.015838033,0.0519827,0.024380622,-0.006650393,0.045638762,-0.007832794,-0.010066544,0.98773307,0.94651186,54211.03,105.09982,708.79895,495.88074,74.14038,501.01694,0.00032520224,95.26826,2899.9531,MIRAI-GREIP_FLOOD
1.1338005,43.332027,70.744965,2295.6064,-0.047612846,0.00064777955,-0.0337582,0.01281626,-0.009270068,-0.022691527,-0.025713116,-2.085755,-0.04021114,-0.07320787,-0.04653216,-0.07364356,0.13727953,-0.010714679,0.050504074,-0.023923686,-0.017486995,-0.03957028,0.06666511,0.07958567,-0.005966938,0.0037622976,-0.036841907,0.0039085746,1.0190116,1.0226657,50805.55,170.66638,548.9337,544.7827,-1.2330952,585.63763,0.0002887037,93.7453,-5774.3853,MIRAI-GREIP_FLOOD
0.25283813,45.176636,64.40627,2205.1155,-0.0013589859,0.0015439425,-0.016757097,0.0038298115,-0.034590572,-0.017778816,0.017832955,-2.6856685,0.076277316,-0.019996746,-0.028867086,-0.07961794,-0.0034382255,-0.013490638,0.054199755,-0.038500775,-0.01673741,-0.009477515,-0.011226654,0.060121432,0.006563319,0.0073373453,-0.042265087,-0.08231327,1.0202608,0.995096,56525.336,158.47284,529.66736,546.3283,37.620758,572.1268,0.0004174939,96.58794,8906.641,MIRAI-GREIP_FLOOD
-0.16275406,47.411255,62.62713,5797.507,-0.0025419053,0.0011105946,0.0018479559,0.0140325725,-0.04813879,0.020407978,0.023037769,-1.1919401,0.006011799,0.05176037,-0.05189817,-0.05211792,-0.014279032,-0.012661958,0.06538748,-0.013968859,-0.020683546,-0.006971755,-0.023222983,-0.029248577,-0.018198209,0.051626083,-0.021258278,-0.04291702,0.97569555,0.97018087,57197.785,163.97319,489.371,507.1081,15.79072,534.11,0.00041551125,98.35433,-8699.82,MIRAI-GREIP_FLOOD
-1.6898937,44.78044,62.617252,2385.1633,-0.03511756,0.006145417,0.012163822,-0.006808419,-0.059734717,-0.008759985,0.011116582,-2.1513677,0.42107284,-0.018278066,-0.08671448,-0.10330775,0.0012871808,-0.0016234303,0.06220988,0.0011372566,0.008321846,0.0046130596,-0.025564194,0.07856396,-0.013513418,0.02145744,-0.016203431,-0.06766721,0.95403886,0.9589942,51258.5,131.07524,479.97748,508.95493,42.2982,543.47943,0.00043238513,96.80442,-504.58966,MIRAI-GREIP_FLOOD
-0.5444832,46.18212,64.09578,1193.8455,-0.0013082847,0.014092246,0.01109403,0.0071267853,-0.055717357,0.016250068,-0.006262625,-4.2317996,0.087686114,0.10892149,-0.059533164,-0.09858912,0.006760566,-0.03138189,0.033598363,-0.025454428,-0.004923744,-0.0019439124,0.03425473,0.0078298,-0.010124295,0.034758925,0.0040389365,-0.033925228,1.0055965,1.0370141,57127.895,173.73563,479.29626,526.5749,10.043171,559.5036,0.0008032639,98.388,-387.75226,MIRAI-GREIP_FLOOD
-0.028875351,45.434387,63.859303,5788.159,-0.02246188,0.0024527896,-0.020167764,-0.0034036753,-0.063725516,0.011321377,0.026081748,-2.4218252,0.017374007,0.034620542,-0.035218205,-0.08127887,-0.013074412,-0.02774807,0.04787884,-0.016914235,0.0036851969,-0.014445724,-0.003338933,0.035559665,-0.014420076,0.018595831,-0.011341338,-0.0198589,1.0067647,0.97872794,55425.195,170.41692,461.4389,516.579,11.856719,538.9946,0.0004014237,97.537865,-3604.7375,MIRAI-GREIP_FLOOD
1.1450863,43.969135,64.09787,-562.5454,-0.02193083,0.0042576613,0.0059208437,0.0057760696,-0.0022562677,-0.018444488,0.02737648,-0.44801712,0.27971348,0.01681076,-0.09385371,-0.0310215,-0.0077871545,0.010131988,0.037643716,0.008761011,-0.008226274,0.0073392964,0.032738626,0.019460497,-0.002472091,0.03968343,-0.042120308,-0.06656303,0.9634187,0.96377665,53205.27,93.02593,502.77853,527.6411,40.480625,547.38837,0.0008320693,101.28733,-5220.7944,MIRAI-GREIP_FLOOD
-0.3370762,45.44069,62.99942,8110.22,-0.010196594,0.00039694086,0.032411065,-0.0004012417,-0.06421437,0.02562733,0.032013178,-3.3027196,-0.21736825,0.055045813,-0.08124299,-0.0663864,-0.0096362345,-0.016386539,-0.009494372,0.040752064,0.00065434724,-0.024822222,-0.012270093,0.0981514,-0.020658245,0.008562082,-0.0075104595,-0.009723705,0.9778161,0.96285504,52954.375,107.320564,377.8165,504.3869,-23.472347,511.1684,-3.487921e-05,94.75738,-40497.773,MIRAI-GREIP_FLOOD
2.4475021,44.218983,63.683605,1919.4387,0.015081439,0.0036608686,-0.005788938,-0.012949559,0.049022257,-0.010171659,0.022450235,2.1631765,0.008292347,0.17977521,0.029297134,-0.017208852,0.009995534,0.01811532,-0.0023044553,0.017349515,0.0041008554,-0.028249953,0.09215009,-0.05084392,-0.013958671,-0.0043132342,-0.00927491,-0.00010333955,0.97912806,0.9734257,56029.156,88.112915,551.6618,554.53986,66.45404,523.8445,0.0004894807,101.97059,5553.8047,MIRAI-GREIP_FLOOD
-0.6748371,46.878716,64.183426,596.50757,-0.013043981,0.009531091,-0.030564707,-0.005617313,-0.045553885,-0.018542847,0.0034899358,-2.3947942,0.13479652,0.0129043665,-0.010818596,-0.12511936,0.00022038259,-0.0043178583,0.023408959,-0.05515518,-0.006626118,-0.015806302,0.0021659136,0.019277487,0.002334325,-0.005622364,-0.036897663,-0.058545887,1.0329082,1.0150292,59417.445,173.19293,594.4502,578.5674,36.98707,581.1262,0.0006814859,99.9275,9894.196,MIRAI-GREIP_FLOOD
-2.2798462,48.18949,63.574093,4909.1387,-0.03988365,0.00956305,-0.019037172,-0.0025967737,-0.104422286,0.034699343,0.02814462,-1.8502016,0.377957,0.014269574,-0.08032015,-0.10112465,-0.004357629,-0.027730424,0.04338412,-0.01580125,-0.023284962,-0.0026103249,-0.05574137,0.055276316,0.024004627,0.037241936,-0.026757069,-0.018918313,0.9854367,0.9697,55642.766,159.53477,516.86743,540.761,14.130037,585.729,0.00017751753,100.79142,-9462.654,MIRAI-GREIP_FLOOD
0.091127396,46.775963,64.95593,379.64478,-0.032150652,0.027919112,-0.022341616,-0.0041723936,-0.05252541,0.0037688534,0.05476672,-2.5439734,0.6373317,0.050838348,-0.12533845,-0.047341473,-0.00066084415,0.0014972268,0.027520994,0.015833938,-0.03871165,-0.036016677,0.015399039,0.013960851,-0.02104068,-0.015120632,-0.037353594,-0.05764719,1.0099095,1.0127096,55581.85,178.70668,525.50696,548.42487,-0.17681503,585.51416,0.0004383488,99.771034,-132.1994,MIRAI-GREIP_FLOOD
-1.3428726,44.174084,64.49321,3883.7043,0.007538087,-0.005851874,-0.002211302,0.0020329405,-0.06972636,-0.01006085,-0.03291057,-5.3866267,0.111012466,-0.027294487,-0.063650414,-0.09735848,-0.019062867,-0.019114677,0.045956377,-0.01338022,0.018203933,-0.009670229,-0.040556848,0.1367411,-0.014801436,0.020217719,-0.026010463,-0.021534227,0.9693269,0.9945041,52113.688,139.79492,472.19052,487.67853,2.9261942,530.685,0.0004239474,94.93828,-4797.138,MIRAI-GREIP_FLOOD
4.2546816,43.497654,64.35358,554.8181,-0.010864873,0.0062249103,0.0091412775,0.0049146893,0.108558774,-0.0059981,0.013843609,6.5951443,0.2925772,0.034151677,-0.078972876,0.012468231,0.0017197203,0.01916298,-0.011671566,-0.014179612,-0.0027509988,-0.029714832,0.14380991,-0.03737684,0.0041871658,0.06605647,-0.060480595,-0.03206841,0.98578787,0.98791045,49677.55,58.515785,540.729,488.2355,76.341736,472.976,0.0014258245,101.138145,11122.539,MIRAI-GREIP_FLOOD
1.2339687,47.611732,63.157326,3484.9016,-0.016995672,0.0012520774,-0.02479919,-0.0024888464,-0.00012844801,-0.005092617,0.024341706,-1.3080673,0.2039832,0.10224207,-0.08028153,-0.009166765,-0.013457723,0.012951408,0.05190639,-0.019818747,-0.023206726,-0.023906603,0.04150027,-0.070661746,-0.01652652,0.02077275,-0.03431213,-0.027258612,0.9739064,0.9770545,55911.043,167.33868,423.71548,509.52518,-3.857792,530.7613,0.00031317823,102.25337,-9729.537,MIRAI-GREIP_FLOOD
-2.3564644,51.37823,67.27549,3105.4893,-0.02840911,0.007958083,-0.029684454,-0.0054005366,-0.105082035,0.017416101,0.002519493,-2.901174,0.27664608,-0.058133308,-0.056190472,-0.071481384,0.003937526,-0.029564343,0.020906482,-0.03344326,-0.019486392,-0.02237632,-0.047992945,-0.024907332,-0.014117628,0.0019753037,-0.010122195,-0.03269443,1.0260097,1.0138875,60344.824,175.56433,520.5387,588.9733,-4.5188484,598.65546,0.00039246472,104.404465,-9587.419,MIRAI-GREIP_FLOOD
1.5179787,43.63511,63.52632,9004.895,-0.0027881935,0.0040493775,0.015438181,-0.0049342248,-0.021727322,0.0030588456,0.031139098,-3.2117448,0.06199988,0.024708256,-0.062327817,-0.025539203,-0.010002895,-0.033182904,0.060584493,0.012502395,-0.0020164857,-0.024268396,0.030255497,0.0517314,-0.010285373,0.027480513,-0.0025023753,-0.040241163,0.97239995,0.9681503,52111.254,154.3472,402.43512,492.00745,-21.06543,520.2172,-0.00023606636,92.01753,-19900.488,MIRAI-GREIP_FLOOD
0.77462006,46.460518,64.38475,5067.227,-0.010067149,0.0045572366,-0.007193024,0.011067026,-0.022560647,-0.0077463007,0.025904067,-0.85830617,0.11790852,0.03561238,-0.022349646,-0.04148785,-0.016167043,0.0007153163,0.04769847,-0.021077039,-0.0121215135,-0.045732554,0.02172023,-0.046680626,-0.016297564,0.016106915,-0.03961972,-0.021972405,0.990693,0.9956238,57163.875,163.63309,487.65472,531.8718,-3.6799068,538.41925,0.00029725593,99.407646,-11808.298,MIRAI-GREIP_FLOOD
1.9697533,42.77077,61.759834,-1975.4238,-0.0040467083,0.0044778027,0.026151314,0.0025699646,0.02236918,-0.020229613,0.057742454,-0.10050166,0.24404423,0.060930196,0.08041608,0.034920838,-0.025215004,0.0032136776,0.0044199917,0.03830874,-0.0075235236,-0.027449619,0.08825326,-0.005225501,-0.017209666,0.0435774,-0.026212547,-0.055577695,0.98615104,0.964441,49747.246,66.93324,384.3878,475.16464,39.777264,487.0124,0.0024725106,98.36406,-13713.783,MIRAI-GREIP_FLOOD
1.3675003,45.525692,62.457035,7715.384,0.00053374097,-0.0038902003,0.008193228,0.009111691,0.010183282,0.012542865,0.035818074,-2.2544076,-0.25783354,-0.01666307,-0.06588046,-0.0058677653,-0.0042251735,-0.022947922,0.043893833,0.015016805,-0.003987062,0.014549939,0.06376743,-0.035580687,-0.040563352,0.04307863,-0.0053323014,-0.03286555,0.9745701,0.92633355,56883.57,77.485985,447.3132,535.68005,55.09448,544.04205,0.0002786544,100.0253,-8862.431,MIRAI-GREIP_FLOOD
1.3642616,46.334133,62.984047,38.777344,-0.054904267,0.011491749,-0.0038698968,-0.03460416,0.05421534,-0.029869338,0.042636536,4.6930904,0.24143352,0.058398005,-0.0965798,-0.031261396,-0.011996273,-0.014204524,0.025624277,-0.0015320862,-0.029139742,-0.057576332,0.07234907,-0.08227213,-0.028843325,-0.014374398,-0.021786066,-0.029089244,1.0315173,1.0239947,58558.38,179.1648,607.5639,552.7653,10.054069,573.9511,0.00037281692,100.36637,6974.0737,MIRAI-GREIP_FLOOD
-0.5252819,44.795506,66.8525,4800.625,-0.028280001,0.0050445725,-0.020683536,0.0122901285,-0.03956794,-0.00499986,0.010322468,0.49658418,0.33792675,0.0017725118,-0.0320194,-0.03411779,-0.003687024,0.033715334,0.023834633,0.010359948,0.0029298244,-0.026867885,0.0049975514,0.11604409,-0.003343008,0.020984836,0.0013958197,0.001285579,0.9987699,0.98796964,54849.27,69.39933,539.50745,532.9121,84.63642,547.7449,0.0002010319,97.5484,3534.9634,MIRAI-GREIP_FLOOD
4.6615944,45.25797,65.92065,2439.5503,0.045267265,0.011305879,0.023443775,-0.012399617,0.11368886,-0.022872292,0.036960937,5.964646,0.11935295,0.17986071,-0.06822749,0.04783959,-0.0124742985,0.011069983,0.03426484,0.0147799235,0.008108443,-0.0053901086,0.1167441,-0.084286794,-0.00039397972,0.022217784,-0.06351062,-0.05748216,0.990395,0.97276074,52121.188,80.02455,444.05176,490.7859,29.936161,497.1937,0.0009695957,104.50718,-10592.298,MIRAI-GREIP_FLOOD
0.20167351,46.242863,61.734604,4807.0015,-0.031889714,-0.0038066574,0.0036180555,-0.021542624,-0.040546864,0.011899714,0.061023593,-1.3721623,0.11244461,-0.002772957,-0.07721125,-0.039032552,-0.026220089,0.0005500065,0.03448697,0.004041181,-0.022864804,-0.008479263,0.01673466,-0.011529172,-0.0030097272,0.016353505,-0.026330166,-0.055892613,0.9852384,0.97380656,55051.47,165.49692,349.9094,514.1723,-18.26854,524.67035,0.0003415047,98.824974,-14053.152,MIRAI-GREIP_FLOOD
2.5743217,45.397003,65.91589,1532.2639,0.022504587,0.035122965,0.00463489,0.0050156345,0.053670228,0.0034655565,0.0063999346,3.103666,1.5685385,0.35578594,0.27800432,-0.007253624,0.045630127,0.013657028,0.016767316,-0.012895342,0.017904518,-0.011463965,0.07122791,0.024531996,-0.010026224,0.027743055,-0.01916116,-0.0062249415,0.99447894,0.9873207,47175.83,55.53808,442.398,482.74713,41.349854,487.8397,0.0006449011,100.37707,-13854.611,MIRAI-GREIP_FLOOD
-1.2277813,44.113255,63.5628,1687.7991,-0.034587823,-0.002045113,-0.019279037,0.012268905,-0.099892214,-0.0051339646,0.014269909,-0.72634053,-0.021727977,-0.05244421,0.013676712,-0.027203878,0.0031276525,0.0030211452,-0.009808786,-0.006431616,0.011469707,0.00337468,-0.03186649,0.2060619,-0.011555455,0.039553955,-0.037794262,-0.027232107,1.0160044,1.0052363,53088.055,57.74244,592.7199,522.1413,93.448456,548.79865,0.0005725921,95.983246,12319.633,MIRAI-GREIP_FLOOD
2.7041283,43.971992,70.202736,4282.4395,0.00012069009,0.0039974884,0.0041657523,-0.008494894,0.07096682,0.001967607,0.008102802,0.79681236,0.0013802946,0.20111647,0.03772396,0.03355273,-0.014244611,0.011735949,0.016762542,0.019491527,-0.022249643,-0.030318426,0.095149994,-0.03272267,-0.030452227,-0.004165091,0.0028677285,-0.025469627,1.0323267,1.0047354,53943.688,65.37725,452.90778,531.6972,47.814766,519.2206,8.58315e-05,97.07809,-1675.5327,MIRAI-GREIP_FLOOD
-0.99267197,46.674206,66.41399,-2350.787,-0.023668434,0.0032344318,-0.021172158,0.02903222,-0.12422218,0.011407962,0.0063963467,0.53381,0.62141675,0.035740435,-0.0152460635,-0.1024683,0.059204437,0.05191925,0.05359665,-0.014245098,-0.033898182,-0.016758418,-0.06107551,0.1597174,0.015619859,0.05328275,-0.04159231,-0.021844758,0.96179104,0.94411904,50831.664,58.595737,548.9559,476.34366,87.53034,499.46915,0.0068396204,98.8629,6190.0347,MIRAI-GREIP_FLOOD
1.8758068,44.149216,65.384705,3412.1726,0.01472459,0.009543753,-0.020031968,0.0042325924,0.0496189,0.018283192,-0.0015924079,2.3511314,0.10890964,1.1884758,0.0018501095,0.005855132,0.010861086,0.0042108633,-0.018617878,-0.021507856,0.014471665,-0.016259339,0.09538394,0.028167885,-0.027795464,0.01980826,-0.004802621,0.017257761,0.9690454,0.99531704,56991.758,66.850815,541.81885,567.9611,94.15708,572.8882,0.00048628985,100.838936,9241.842,MIRAI-GREIP_FLOOD
1.3961811,43.238987,62.763927,4295.711,0.0069319922,0.002594749,-0.015454613,-0.010362567,8.917786e-05,0.0010647805,0.03904723,-2.5222447,-0.28770643,0.061407104,0.13792911,-0.054398134,0.00070937345,-0.0010883901,0.038151767,0.026078764,0.028703269,-0.0027847802,0.053848624,-0.007269599,-0.016629865,0.03358779,0.00597178,-0.0065094326,0.96854913,0.9492134,56890.676,103.22087,480.12228,509.69046,36.862236,487.9465,0.00048729742,97.29327,-1184.5845,MIRAI-GREIP_FLOOD
5.014433,41.102665,74.24994,3588.4834,-0.06794412,0.0010240077,0.037058596,-0.018682843,0.10695302,-0.0037199666,-0.0114060305,3.830703,0.1354523,0.000787843,-0.023173233,-0.021255875,-0.023512619,-0.016990872,-0.017164005,-0.00894667,0.010586673,-0.032020967,0.15120137,0.018795138,0.008455742,0.021985907,-0.0766451,-0.055759434,0.9757619,0.9772273,51641.97,65.35355,430.2124,484.22498,67.52153,486.64996,0.0003208256,94.83711,3656.0603,MIRAI-GREIP_FLOOD
2.3363895,46.099003,67.20305,1461.7771,0.0045666564,0.004425075,-0.015448864,-0.0027082248,0.0028836178,0.0061707078,0.02473559,0.04951608,0.35201395,-0.020572005,-0.15288205,0.0060759345,-0.0026963896,0.0429322,0.0553835,-0.007617445,-0.0031568832,0.012790588,0.028526425,-0.028063985,0.010255742,0.0025699195,-0.009486488,-0.0126619255,0.98441553,0.96524405,53842.934,91.23052,573.35394,533.3626,60.65721,533.41327,0.00035826527,103.51763,-2051.2825,MIRAI-GREIP_FLOOD
-1.1582127,45.77242,62.669228,4576.952,-0.003959993,0.016481329,0.0018811715,0.0011588762,-0.059407853,0.00070029113,0.038062297,-1.4345365,0.2226697,0.0718845,-0.0179618,-0.11437055,0.0007521286,-0.019494796,0.045894906,-0.0035145786,-0.008573082,0.00442334,-0.044140458,-0.0023718996,-0.025969679,0.044506304,0.0248487,-0.020325419,0.98052716,0.9938029,56504.695,174.55592,536.2086,513.5206,20.647995,541.72894,0.00040718482,98.84779,3318.779,MIRAI-GREIP_FLOOD
0.42500496,46.765884,64.38929,1510.519,-0.007511647,0.0019427383,-0.011338339,-0.017560275,-0.023575744,-0.0018463092,0.020160077,-0.64772403,0.07619193,0.0039918534,-0.055800047,-0.04554238,0.0054248213,-0.001681,0.027014527,0.022976309,-0.016083352,0.002622963,0.020210326,-0.02511396,0.00947349,0.0024400512,-0.0014082901,-0.028297063,0.983993,0.9759918,56530.582,102.01901,480.62012,538.6241,31.48571,533.90546,0.00043769862,102.312645,-9408.459,MIRAI-GREIP_FLOOD
3.1986713,45.943066,64.760704,3725.7725,0.014877442,0.010423391,-0.03533093,-0.0012184436,0.06823027,-0.01113291,-0.025730655,0.39578676,0.18982431,-0.019164704,-0.09122753,-0.02449151,0.18844603,0.015405692,0.029338969,-0.0030401256,0.005372311,-0.04274134,0.04250729,-0.013076609,-0.012642279,0.031407394,-0.06869618,0.042949006,0.96190774,0.9773966,54464.7,72.580215,440.6355,522.1427,55.159718,522.34973,0.0004960728,99.727715,-9192.753,MIRAI-GREIP_FLOOD
0.5421238,44.592094,63.80073,4323.582,0.023058001,0.0062937117,0.007123297,-0.0034541287,-0.025615683,0.019439818,0.028181821,-1.8969879,-0.02799831,0.2944647,-0.05200827,-0.08699588,-0.02191913,0.0012389664,0.02690148,0.016081754,-0.0070734597,-0.020184852,-0.006040871,0.03247502,-0.027403101,0.019708367,-0.009523396,-0.0160546,1.0059952,1.0011125,53986.1,169.79706,360.68372,460.9972,-36.039017,483.61716,0.00032005546,94.63993,-22075.816,MIRAI-GREIP_FLOOD
-0.5147915,45.57416,65.71373,3152.0288,0.010443692,-0.0018934862,-0.030105848,-0.008291732,-0.04883542,-0.029971551,0.0071019046,-3.642043,-0.0526334,-0.030249577,0.029542807,-0.063791096,0.0029908193,-0.021019222,0.03987146,-0.038877293,0.02470975,-0.022733357,-0.0024501681,0.09516197,0.003917818,0.021198206,-0.06105224,-0.032796867,1.0028132,0.9979397,55684.895,144.48346,483.678,546.2111,13.644167,566.91473,0.0003095523,97.11662,-11491.654,MIRAI-GREIP_FLOOD
-1.0441303,45.22111,65.49353,1254.8574,-0.063519076,0.016590355,-0.038499475,-0.015516236,-0.07044119,-0.03541176,0.04625905,-1.5355506,0.23194104,0.10668126,-0.122114725,-0.071674906,-0.007318243,-0.011000339,0.022975078,-0.011882921,-0.021366302,-0.03857993,0.028528094,0.073079415,-0.041978836,-0.052309193,-0.047127116,-0.015430903,1.036308,0.9932327,55161.74,178.72762,538.8799,555.2082,-9.698715,578.77277,0.0002988169,102.29307,1949.4331,MIRAI-GREIP_FLOOD
2.9051685,46.994125,66.583244,8433.377,-0.030695017,0.02177663,-0.021270502,0.0029440818,0.012691867,0.015645627,0.009047829,-0.15306091,0.98786545,-0.042084023,-0.08826189,-0.06462463,0.14777474,1.82027e-05,0.014438152,0.0112436,-0.015576832,0.010909074,0.062016964,-0.050453667,-0.011491221,-0.017540429,0.0024108123,0.02814535,0.9831977,0.97524256,54034.023,106.46421,440.80884,511.08664,13.352032,529.32465,-0.00021200239,101.384796,-15622.142,MIRAI-GREIP_FLOOD
0.89689064,44.736237,78.81298,46.15381,-0.007938099,0.0060203564,-0.01486925,0.0039825332,-0.0105192065,-0.0072965277,0.014002312,0.7181678,0.28801972,0.096950345,0.02983119,-0.011907652,0.014632525,0.03315684,0.011659405,0.0067147007,-0.022081358,-0.013539547,0.013944685,0.07149909,0.008898549,0.018537942,-0.029472234,-0.04475897,1.0339913,0.9960807,51558.15,71.35885,610.5907,517.1687,81.62554,515.42804,0.0006750809,98.018135,6885.649,MIRAI-GREIP_FLOOD
2.8231297,45.583435,82.34728,788.635,0.017337687,0.007785262,0.001973873,-0.0072402344,0.06964957,-0.013855398,-0.023760153,4.3029556,0.39723304,0.29852092,0.02400181,-0.0030180207,0.0121300295,0.037329726,0.013125109,0.004309914,-0.0114479,-0.031542785,0.061795294,0.02176306,0.009621828,0.0075176246,-0.06216343,-0.022737868,1.0178719,0.99996126,47589.164,58.708652,526.5051,482.6236,58.489243,473.3186,0.0008856463,101.396675,5496.575,MIRAI-GREIP_FLOOD
-1.5836868,47.267193,64.98382,1013.0254,-0.014984382,0.015287057,0.0067995465,-0.01731711,-0.078740664,-0.010909959,0.05037045,-1.0500481,0.3741558,0.078522645,-0.08363062,-0.14599039,0.032085393,-0.0069191633,0.009350631,-0.029281247,0.0167355,-0.032724213,-0.022817075,0.048668724,-0.035753693,0.0013975799,-0.028926412,-0.016696943,1.00822,1.014743,56579.793,177.46368,559.76306,563.23944,-9.082043,589.76447,0.00043488893,102.55436,-7784.237,MIRAI-GREIP_FLOOD
3.078516,46.760498,78.14829,3068.273,-0.025501236,0.025028793,0.0006971718,-0.0074550393,0.068582825,-0.002278845,-0.0099878535,1.7689253,1.2307917,0.04219105,-0.1343863,-0.06592534,0.13977678,0.020340335,0.04465782,-0.022429712,-0.030898556,-0.017823003,0.0535779,-0.034615126,0.021027101,-0.014904845,-0.040100023,0.017008698,0.98207915,0.962772,52791.55,71.001526,464.26248,494.37427,51.34943,503.167,0.0003937644,100.56288,-7227.091,MIRAI-GREIP_FLOOD
3.2114372,44.043285,66.80596,4277.9214,-0.0046355464,0.013514574,-0.01133597,0.00045292825,0.056966722,-0.000529745,0.017210677,0.62854844,0.54434353,-0.052663192,-0.10669134,0.030928131,-0.01698941,0.02541612,0.013493326,-0.0030152034,-0.017115382,-0.02771574,0.086850524,-0.018693171,0.010103764,0.0010452245,-0.023332465,-0.027649244,0.991711,0.9843448,54277.285,77.5522,559.09546,507.1415,69.173164,527.0239,-2.2311448e-05,99.99223,5571.6367,MIRAI-GREIP_FLOOD
-0.62109566,49.606487,63.770195,2788.7239,-0.028921522,0.0035144202,-0.02254089,-0.006839709,-0.024501437,-0.0026148483,0.00577444,-0.93299747,0.18826747,0.06487963,-0.0697712,-0.03984806,-0.0018416081,-0.0014049234,0.02442694,-0.012091327,-0.017981824,-0.030789634,0.0060693026,-0.06348136,-0.03182676,-0.020661425,-0.026435025,-0.008896775,0.99705046,1.0038017,58723.574,175.98044,501.63675,550.3363,-2.8658657,572.73157,0.0004336341,104.38222,-3106.843,MIRAI-GREIP_FLOOD
1.5002728,44.950394,64.78777,4550.61,0.0070055854,-9.292737e-05,-0.0111419195,0.0033271096,0.012215426,-0.01964742,0.035197712,-1.5476699,-0.15368766,0.014226714,-0.01491105,0.008046401,-0.0091252765,-0.0036764191,0.028796121,0.011490932,0.008536893,-0.036620717,0.04671502,-0.0010874122,-0.0024378998,0.0114158075,-0.024392352,-0.030447017,1.0264351,0.98354566,55702.71,75.005005,495.2655,526.26953,44.463997,541.20953,0.00016030359,97.57953,-5161.2173,MIRAI-GREIP_FLOOD
2.072832,44.776028,74.382744,-521.6133,-0.029752197,0.0195196,-0.00960216,-0.0008890144,0.035302095,-0.0041818996,0.014612136,1.7679483,1.5478034,-0.054183323,0.011439565,0.026707213,-0.007609886,0.024158873,0.021301953,-0.0035582762,-8.797739e-05,-0.022842502,0.07973552,-0.024034878,0.024522802,0.022155777,-0.035612106,-0.045596413,1.0136466,0.99012667,53634.797,65.60113,587.4452,520.3579,87.43665,541.93317,0.00076060416,102.07559,15281.88,MIRAI-GREIP_FLOOD
2.4789734,42.561325,64.13932,1485.1675,-0.056260668,0.014291304,0.0262417,0.0075253583,0.101231925,-0.04215395,0.025087431,9.553717,0.6271967,-0.068929724,1.092754,-0.01182605,0.011025768,-0.007248632,0.034106575,-0.02565016,-0.011181518,-0.007560616,0.11486411,-0.03989941,-0.0035283063,0.041281044,-0.012482604,-0.060033012,0.97440463,0.9954625,54162.883,124.33644,669.99054,537.04565,98.85698,550.8463,0.000661323,101.30646,20144.354,MIRAI-GREIP_FLOOD
2.9381332,45.3155,73.03539,-205.46143,0.015970116,0.0053589325,0.027087063,-0.007992523,0.05062872,0.0076575195,-0.0033245608,3.2689185,0.20481795,0.0025771745,0.03261164,-0.0037342915,0.007045912,0.018018238,0.014340177,-0.007692114,-0.022900548,-0.03621425,0.078799844,-0.00021898003,0.0010874844,0.049404554,-0.06339586,-0.013987318,0.9986944,0.97922665,48269.754,56.52423,474.4663,501.48483,53.956623,508.1751,0.00076339504,102.05367,-2294.348,MIRAI-GREIP_FLOOD
1.4786072,45.982735,62.47968,3392.2092,-0.025716856,0.0035770312,0.0070714876,-0.009348285,-0.011125157,-0.0016006822,0.03659308,-1.1089797,0.28121835,0.021450007,-0.09987901,-0.05421335,0.0006045941,0.018931631,0.038236514,-0.017676754,0.008253417,0.012630782,0.014409423,-0.042075537,-0.0014048722,0.018097412,-0.008214185,-0.046587903,0.9650761,0.9435061,53569.64,97.07443,435.7098,514.9066,34.36449,522.8557,0.00043588213,102.19654,-7649.193,MIRAI-GREIP_FLOOD
3.6462803,44.702072,65.73564,1287.4783,0.009192153,0.0065713064,-4.138332e-05,-0.0060062245,0.0759298,-0.012643563,0.016911883,1.703229,0.053745028,0.020106856,-0.122220844,0.012583005,-0.010801823,0.008239536,0.014587329,0.0268664,-0.007878381,4.798174e-05,0.086812735,-0.05020643,0.00338658,0.007006853,-0.046737436,-0.041247528,0.995368,0.9839149,54063.438,74.698944,465.10327,532.69574,55.15913,531.02423,0.00044390932,101.77255,-3353.4902,MIRAI-GREIP_FLOOD
1.7034054,46.21051,64.45228,-351.58887,0.01896166,0.0014577842,-0.0045589893,0.0153699685,0.04276874,-0.007708757,-0.013623159,1.1422307,0.16186418,0.22673714,-0.078508414,0.041425176,0.004044097,0.030690089,0.02551129,-0.014165306,-0.001250878,-0.020525094,0.04389149,-0.01679908,0.00037695747,0.054822467,-0.055666223,0.011343322,0.97390676,0.96857125,54186.684,57.717697,579.3279,540.91205,90.573326,534.7522,0.0019105395,102.212074,9626.471,MIRAI-GREIP_FLOOD
1.3823414,46.632416,64.89688,3872.332,0.026709635,0.007589371,-0.018850878,-0.00868019,0.032921325,0.0046152277,0.021312729,-1.2588959,0.33532596,0.56520396,0.076364145,-0.051417653,0.02801208,-0.0006853044,-0.0011773268,-0.008791647,0.014558893,-0.015968667,0.03793323,-0.0062392186,-0.006202413,0.0004265178,0.0010577776,-0.007759798,0.99322104,0.9984334,53750.85,67.52861,402.43536,542.3361,14.298007,530.34607,0.00030479103,104.243126,-22777.271,MIRAI-GREIP_FLOOD
1.5709972,45.6404,64.91923,13977.77,-0.053139593,0.0101965,-0.022048015,0.010368805,0.056468897,0.033318106,-0.0067423703,-0.19491589,0.5355463,-0.008207717,-0.112078846,-0.0183963,0.0069969497,-0.0022742804,0.028356459,0.03555775,0.008516981,0.018851597,0.08568114,-0.04020956,-0.010074387,-0.008954624,-0.00020956155,-0.049171127,0.9723241,0.97503024,57313.03,71.41432,475.5044,558.05316,53.308254,569.1234,-0.00010522264,100.20727,-3799.7605,MIRAI-GREIP_FLOOD
-1.1481228,46.468803,69.21711,6489.7954,-0.02103803,0.0050395024,-0.033196118,0.007376158,-0.0670848,-0.02240721,-0.01941362,-2.4908967,0.0076420605,-0.034144405,-0.026058484,-0.074833974,-0.011186675,-0.027769092,0.05784434,-0.08041672,-0.013051016,-0.041685592,-0.016840756,0.038654022,-0.014359928,-0.007993564,-0.022081183,-0.018733632,1.0333768,0.98479885,56094.473,174.91402,513.9868,555.51587,-1.0005779,582.2478,0.0001467431,98.30508,-6927.1284,MIRAI-GREIP_FLOOD
-1.9251499,48.491592,64.52545,5699.432,-0.024763893,0.002338017,-0.026509605,-0.006395993,-0.09298473,0.0022673914,0.03382737,-4.0141997,-0.033248357,-0.032598794,-0.06812795,-0.04929111,0.008208733,-0.013622196,0.03953265,-0.05301624,-0.032344356,-0.02569073,-0.0083755255,0.05379611,-5.0389208e-05,-0.021175265,-0.045445375,-0.031082856,1.0223501,1.0078598,56016.887,175.45734,473.13287,552.1152,-9.210772,578.0841,0.00024364944,103.12042,-696.1845,MIRAI-GREIP_FLOOD
-0.69327164,46.840515,62.130363,3376.0256,-0.010804757,0.0026471002,0.01797261,-0.006739738,-0.04750038,-0.00549775,0.023867859,-2.5671525,0.19902602,-0.05768341,-0.005623214,-0.084977046,-0.013519053,-0.0226149,0.043866668,-0.03469844,-0.01609762,-0.02417526,0.0187487,-0.036326043,-0.03770407,0.034829456,-0.019707818,-0.03978346,0.9986129,0.9887191,59220.67,165.80334,472.64838,543.968,26.075422,540.3243,0.0006164157,102.96542,5048.514,MIRAI-GREIP_FLOOD
2.3375359,43.666344,64.32538,-216.52393,0.0074303146,0.0046114656,0.028611194,0.009431282,0.044485256,0.017903727,0.021800656,2.9805474,0.19297555,0.41162008,-0.022993712,0.0176217,0.0034665153,0.0022576656,-0.011616651,-0.005506403,-0.018148236,-0.036606647,0.09423804,0.06023072,-0.022549711,0.046680704,-0.051594283,-0.019977514,0.97918785,0.9850578,48670.688,59.069836,470.7414,488.81903,53.96267,502.17175,0.0019337211,99.31556,-3170.4766,MIRAI-GREIP_FLOOD
3.4729767,44.224934,64.417305,4640.0654,-0.0057193544,0.0010666287,-0.0075958036,0.00076486537,0.082058616,-0.025266716,0.016709153,7.6108823,-0.24554047,0.010524689,0.094912566,0.015058038,0.0106890835,-0.006144354,-0.0029062945,-0.010555097,0.009566335,-0.04690423,0.101065874,-0.010095814,-0.019399658,0.017980298,-0.02523679,0.0005000178,0.9929325,0.9649257,53658.465,76.92221,539.16174,504.78458,78.05705,492.45355,0.00041676746,100.941345,-1075.9348,MIRAI-GREIP_FLOOD
1.2415848,43.21297,64.41355,3302.8203,-0.013181817,-0.0026903658,-0.013923809,0.0024363704,0.0023027388,0.0061495677,-0.0062685693,-2.9631119,0.2849456,-0.049744863,-0.009620636,-0.048908114,-0.009033311,0.002900483,0.046643578,0.020942593,0.018607618,0.000644112,0.044097424,0.063257895,-0.017065478,0.040281624,-0.011785234,-0.00893617,0.96662754,0.9507887,50943.61,102.96092,390.55408,502.6486,16.206379,516.1514,0.00030362484,95.49483,-15266.184,MIRAI-GREIP_FLOOD
5.635316,45.79641,65.28822,6734.3057,-0.01193853,0.012200213,-0.013682561,-0.008780715,0.12639874,-0.0010786531,0.009109654,1.1596065,0.8090254,0.0655448,-0.12666857,-0.047946718,0.2753712,0.018462542,0.026889069,-0.021321185,0.0071018743,-0.017683983,0.099874794,-0.051994596,-0.00400214,-0.018908542,-0.029799972,0.045535654,0.97859156,0.9711458,52923.555,65.40009,315.96057,473.7748,24.162752,469.67133,6.1100174e-05,100.34551,-6207.2324,MIRAI-GREIP_FLOOD
-0.21780205,44.63527,64.75366,1203.112,-0.03605741,0.003338591,0.025605531,0.030069971,0.016030937,-0.02235655,0.013546694,-0.1860807,0.3353308,-0.04020329,0.44396996,-0.05248463,-0.00055197254,0.014063904,0.010594743,0.013519425,0.011213961,-0.010928008,0.048963487,0.035694584,-0.031685747,0.001741756,-0.025026614,0.0034576003,0.9898082,0.96861786,55688.04,65.051926,527.55817,526.60144,67.36268,539.82135,0.00053173944,100.69987,-3630.2473,MIRAI-GREIP_FLOOD
1.0719509,44.23357,63.938652,5577.086,-0.032028772,0.007702622,-0.020643396,-0.0064073415,0.022072997,-0.012064127,0.041978393,0.13533688,0.29076746,0.12582794,-0.05403774,-0.06818339,-0.017105205,-0.0013950234,0.045680374,-0.0061712926,-0.030362025,-0.020262094,0.047735333,-0.03515064,-5.657319e-05,-0.0075680525,-0.02476079,-0.049096126,0.99736726,0.9700331,56071.4,165.34618,394.48505,515.3385,0.12605667,519.9451,0.00030334268,100.45988,1955.3638,MIRAI-GREIP_FLOOD
0.95145416,42.71801,63.173206,1742.5823,-0.031249478,0.022788823,-0.017528523,-0.008458104,0.004474108,-0.040091243,0.011233609,-0.32086945,0.61612356,0.029645635,-0.06743499,-0.08251904,0.04267511,-0.0018268777,0.04283332,-0.03177317,-0.012814838,-0.023030406,0.07083291,0.0015387499,-0.018657755,0.0063134776,-0.01846535,-0.009470199,0.9607101,0.9983455,53310.605,167.70433,494.80255,528.4758,29.290653,556.57733,0.00051582407,97.988594,7547.0786,MIRAI-GREIP_FLOOD
-0.42554665,45.037785,62.761692,3752.0093,-0.025863085,0.004679806,0.0039223256,-0.0059286314,-0.059116416,0.002135593,0.040701743,-2.2408862,0.015760435,0.038447946,-0.051245168,-0.08495436,-0.011549313,-0.02361634,0.048080478,-0.0050087553,-0.0154810995,-0.034441404,-0.008323371,0.038375027,-0.019553676,0.019650266,-0.024739176,-0.021466361,1.0004159,0.9806625,55563.47,174.62016,462.03937,545.25104,18.006832,565.1786,0.00041388196,96.57205,-471.22797,MIRAI-GREIP_FLOOD
3.2612839,45.96585,69.32057,5104.154,-0.03385857,-0.0019003743,-0.0081855,-0.011470604,0.061639555,-0.026938876,0.005077566,-2.1819334,0.19368021,0.0663507,-0.078977905,0.019989602,-0.0041246503,0.006105867,0.032888804,-0.036428977,0.029962836,0.007979892,0.06348938,-0.02588374,0.0106168715,0.026834097,-0.07034646,-0.053517107,0.9603529,0.9401308,51915.527,83.27985,353.16785,524.4295,0.77643013,523.7657,0.00023873478,100.37093,-25629.58,MIRAI-GREIP_FLOOD
2.6038055,44.89167,63.980583,1905.1868,-0.007597571,-0.008359894,0.0048551755,-0.0042645307,0.043206975,-0.0075729354,0.03668028,0.24155992,-0.09366481,0.049371615,-0.0807391,0.036100022,-0.014700236,-0.0067848666,0.014677027,0.019049019,-0.012261603,-0.010403063,0.08775145,-0.023765782,-0.025754035,0.025400838,-0.023145609,-0.05245202,0.9979154,0.96618044,54776.54,75.51321,385.2298,513.1123,48.222694,507.3658,0.0007213532,99.77181,-7212.7183,MIRAI-GREIP_FLOOD
-1.7851486,49.754482,64.464905,5162.211,-0.007485775,-0.004392483,-0.051365215,0.026330808,-0.085996896,-0.021551676,0.0032128813,-2.0442324,-0.21632543,-0.01872145,-0.06458949,-0.07220369,-0.004006179,-0.051409096,0.027274823,-0.060910963,-0.0024231034,-0.011085192,-0.03952205,0.0047592437,-0.013342458,0.045190603,-0.03736145,-0.008684889,1.0248196,1.0020533,60733.43,173.19417,447.77618,554.2631,-22.318596,577.19495,0.00034981788,102.58146,-15856.678,MIRAI-GREIP_FLOOD
0.28027344,46.913807,67.425575,2604.205,-0.10501443,0.004747691,-0.069375284,0.009032289,0.03634738,-0.02061802,-0.06204545,1.3905414,0.63225424,0.028730072,0.0072000916,-0.13262191,0.1924289,0.02825727,0.091958754,-0.04568377,-0.009581581,-0.055814408,0.07629001,-0.0065824515,-0.00638343,0.024516474,-0.08648466,0.00094383955,1.0115504,0.99153495,53871.492,148.90405,524.34753,603.22266,24.848269,623.64954,0.00046850013,101.29034,-3747.6758,MIRAI-GREIP_FLOOD
0.92977715,43.700466,61.46415,2416.4043,-0.03209209,0.01334875,-0.012132375,0.016643716,-0.01710399,0.0007604534,0.037415862,0.27575892,0.5394206,-0.062512815,-0.053699687,-0.06674005,0.1711,0.028913131,0.01627199,-0.026431812,-0.014290271,-0.0050669396,0.049803913,0.012036386,-0.001474896,0.056058608,-0.010793399,-0.014089642,0.9731493,0.9375376,54201.047,65.574974,641.25793,533.5663,124.47683,549.15625,0.00059701677,99.085526,21590.746,MIRAI-GREIP_FLOOD
2.0230694,41.742535,64.05941,2223.8787,-0.019360729,0.010260186,-0.0051546446,-0.006862286,0.023183735,-0.0029926666,0.030173259,-0.60217834,0.20761572,0.030158177,-0.06751871,-0.0045736786,-0.029320529,0.0010073697,0.039366633,0.017756764,-0.02653883,-0.035658818,0.07488555,0.018239647,-0.0017852127,0.0072145066,-0.044888213,-0.058226142,0.99408627,0.99644214,54705.76,172.73195,459.18484,526.1397,-5.0627213,552.3311,0.00029032666,94.5808,-4957.661,MIRAI-GREIP_FLOOD
0.29229355,45.749363,64.12171,6421.9214,0.014431326,-0.0005208403,-0.009701284,0.013749032,-0.050198704,-0.013129437,0.024668539,-2.1767197,0.24057433,0.091103256,0.0013533235,-0.084394254,-0.010502787,-0.007901256,0.0482014,-0.02199322,-0.0066404697,-0.030375617,0.006444752,0.06197428,-0.0014639855,0.026677094,-0.043075427,-0.06596046,0.9898812,0.9826301,54471.574,152.14583,502.31015,521.08624,20.486671,551.59393,0.000600965,96.795906,-275.12665,MIRAI-GREIP_FLOOD
1.1910248,47.18297,64.62023,4433.4385,-0.006631054,-0.0022157906,-0.008386989,0.0038931712,0.023749487,0.0075270617,-0.006861349,-0.051470637,0.48210797,0.098901235,-0.079539075,0.024354652,-0.027103886,-0.009325318,0.03960358,-0.06402776,0.029404053,-0.032472618,0.046011448,-0.020275526,0.0036583073,0.032278858,-0.09120579,-0.055491213,0.98731637,0.9789112,56140.02,56.16952,587.2987,563.1493,75.69728,582.2328,0.00050479406,103.73321,9172.456,MIRAI-GREIP_FLOOD
-0.25178337,47.783066,74.245575,2488.3857,-0.026783573,0.0046395133,-0.042038016,0.0018725091,0.0002346877,-0.035887588,-0.040532965,1.461863,0.5348248,0.0068565644,0.059931666,-0.0391973,-0.0041508,0.013826156,0.060115643,-0.033501077,0.0019401032,-0.07150447,-0.0025597215,0.03093208,0.016826961,-0.0012222712,-0.061831478,0.0072355843,0.99448615,1.0094137,53974.137,148.568,556.00574,543.70105,2.5195808,586.55963,0.0003073713,102.93548,-15733.605,MIRAI-GREIP_FLOOD
2.3163052,41.82398,64.02303,3830.0981,-0.030820075,0.004061358,0.0074473647,0.0008934326,0.038004868,-0.015275447,0.033666275,1.074038,0.20962068,-0.061058827,-0.062229805,0.018869665,-0.0037000345,-0.013179418,0.016078686,0.016949188,-0.011678384,-0.015052605,0.08896059,0.017264562,-0.00533188,0.030357568,-0.0020072935,-0.038976442,0.95951754,0.9464957,55809.57,89.8344,512.0575,521.9102,56.99688,540.0699,0.00021690452,98.261765,2720.8699,MIRAI-GREIP_FLOOD
2.8921967,43.799873,64.92012,2578.5635,0.019759543,-0.005075224,0.01213266,-0.018686106,0.043668196,-0.040917218,0.020464223,-1.3996534,-0.307097,0.07829971,-0.047315493,-0.0064023817,-0.013777725,-0.004727533,0.03943885,0.004154211,0.018690944,-0.021526381,0.0700022,0.018881047,-0.0010145898,0.0006910693,-0.056120284,-0.04065662,0.9988541,0.9635065,52910.08,98.29964,387.4934,496.03967,2.1326199,490.35617,0.0002999599,98.20547,-26489.13,MIRAI-GREIP_FLOOD
1.6316223,42.451653,63.87323,3028.8916,0.024429474,0.0011201015,-0.0035999506,-0.0019872927,-0.008851793,-0.008774877,0.008658873,-0.7199712,0.043991785,0.12712984,-0.1462174,-0.032369286,-0.0026881436,0.021416932,0.030349081,0.028573856,-0.0043011387,0.0047656195,0.029686987,0.07244059,-0.0071867025,0.018183783,-0.009844745,-0.029003404,0.9821968,0.97907233,49823.95,98.26117,460.17685,500.78772,37.941643,503.38718,0.0005828425,95.83441,-5529.574,MIRAI-GREIP_FLOOD
-0.66036034,45.98079,63.317757,4501.8384,-0.010002087,0.0037994937,0.004798735,-0.0032784834,-0.056350358,-0.017327247,0.018351603,-2.7138963,0.3071372,0.037736215,-0.09662312,-0.09513617,0.028394008,0.0037005916,0.0441541,-0.0071135066,-0.019104594,-0.02971267,-0.015528202,0.036554616,-0.024175907,0.013981286,-0.0002315361,-0.0019732863,0.97516286,0.986044,54147.527,167.1822,470.20468,525.9216,-6.0466824,546.89374,0.00023038375,100.412994,-14695.822,MIRAI-GREIP_FLOOD
-0.9143429,46.442543,61.909237,3400.93,-0.025768004,0.019903006,-0.0021279673,-0.004266006,-0.037067287,0.006813319,0.0426166,-0.31718647,0.33224678,0.002118256,-0.06660828,-0.065334864,0.0051356032,-0.02452097,0.05778041,-0.004012757,-0.027559007,-0.013065001,-0.007716298,-0.045178052,-0.0320547,-0.006462061,0.029366108,-0.037832476,1.0034437,1.010499,57991.832,176.78314,697.92377,547.5108,38.195,570.92993,0.0005011586,103.11674,9121.538,MIRAI-GREIP_FLOOD
4.268732,41.522377,64.738,7127.421,-0.023608234,0.0065191607,0.01617814,0.005741901,0.10280771,0.00076311233,0.0243398,1.4726143,0.061254904,-0.025662478,-0.0256094,0.042737816,-0.013039015,0.0056660175,0.024194328,0.00735274,-0.016918773,-0.033891477,0.17134368,-0.021603826,-0.023441475,0.014354777,-0.022753526,-0.020820435,0.9972857,0.9739144,51438.812,62.926113,432.45563,481.45914,47.030632,499.14377,-9.764744e-05,97.630775,-1934.6143,MIRAI-GREIP_FLOOD
1.5633354,45.92498,61.05725,2226.9126,-0.019294484,0.001065798,0.0045190286,-0.00061647594,0.014719864,0.0077580186,0.037139766,-1.3600924,0.12192539,-0.047922052,-0.04232899,7.398892e-05,-0.009108776,-0.017641447,0.011267239,0.00089793,-0.01038724,-0.0057357037,0.070512414,-0.06450024,-0.010278519,0.071670905,-0.0342647,-0.036035318,0.95824736,0.93528426,56330.867,64.430176,468.36926,522.14825,67.70401,536.115,0.0008794453,103.00997,-1211.4019,MIRAI-GREIP_FLOOD
-0.78894806,47.25071,65.40525,674.83887,-0.010187169,0.013195546,-0.016821852,-0.015441643,-0.06434775,-0.00015976431,0.0022515282,-0.51208663,0.24579582,0.14785337,-0.07801964,-0.12376198,0.0012617911,0.010637244,0.022187863,-0.004952755,-0.0041089696,-0.046068862,-0.038682938,0.029703345,-0.028036304,0.007229046,-0.0025321124,-0.029474067,1.0192152,1.0265465,57553.004,175.79988,634.89575,580.1285,43.347214,583.09955,0.0005936009,101.79869,6067.5117,MIRAI-GREIP_FLOOD
1.3639793,43.82189,64.26825,3872.264,-0.00921009,-0.0010294243,0.008317571,-0.004247952,0.0029096166,0.013653585,0.037399463,-2.6611404,0.100148335,0.01649126,-0.12090011,-0.010786377,-0.016074171,0.016244102,0.020842394,0.022369675,-0.01301154,0.005555642,0.032165468,0.037394363,0.002910567,0.0130986655,-0.033191063,-0.040758073,0.9778669,0.9401399,50993.61,86.03364,351.2281,474.9295,-7.0470657,479.9276,0.00015505574,98.43019,-27917.863,MIRAI-GREIP_FLOOD
2.7543106,44.825966,65.032364,2914.3218,0.01419206,0.011075019,-0.009392744,-0.003545899,0.07489797,-0.01013883,0.013366777,0.5970497,0.2908925,0.06583559,-0.03959701,-0.034687042,0.0062578963,0.0010451023,0.041217864,0.015820835,-0.004563015,-0.03961768,0.077872515,-0.06308654,-0.016051264,-0.013146566,-0.0075932355,-0.012940688,0.9819805,0.9702685,57074.78,67.18412,456.73944,526.1847,50.058407,535.8057,0.00013979072,101.53418,-6470.8965,MIRAI-GREIP_FLOOD
-1.5689564,47.085068,63.800095,9163.68,0.0019353442,0.0078099235,-0.007579539,0.001166392,-0.07766317,0.004757058,-0.0029772636,-2.2164493,0.018073393,0.032250293,0.024416026,-0.11843938,-0.020874344,-0.020539777,0.033638533,-0.03384631,-0.02190248,-0.015441162,-0.024726093,-0.010876278,-0.026988428,0.011208031,-0.006494201,0.01459595,1.0253459,0.99373645,59722.54,160.60916,510.53198,553.7646,0.767601,537.558,0.00031725824,99.50835,-289.7481,MIRAI-GREIP_FLOOD
0.8835125,46.28706,84.75711,808.8447,0.014783515,0.02090121,0.0070826192,0.07035108,0.036505774,-0.017331576,0.022682678,-0.3881917,1.273602,0.2633601,0.13539189,-0.07420802,0.053766605,0.02178444,0.0046567013,0.009943493,-0.007516518,-0.05156318,0.033679426,0.040373098,-0.01488103,-0.008575776,-0.035771642,-0.026210636,0.99742925,1.0068219,49654.332,90.28017,515.3589,498.06415,7.967004,513.6037,0.00068989367,101.281204,-33320.027,MIRAI-GREIP_FLOOD
-1.2449112,48.458195,65.20305,3118.1787,0.009581902,0.0015172694,-0.01032759,-0.00047669373,-0.06378153,0.009863513,4.3681357e-05,-0.16156352,0.18521966,0.04640133,-0.053773113,-0.06850555,0.012247431,0.010419757,0.026171286,-0.015885832,0.00954315,-0.01691508,-0.038104475,0.05687179,-0.009673511,0.0018903404,-0.012226374,-0.03456468,1.024144,0.9902171,57533.332,68.890076,570.213,554.87134,64.16943,567.77496,0.00059796934,104.427216,711.7234,MIRAI-GREIP_FLOOD
1.6593456,45.290966,64.87346,2670.7942,-0.005312199,-0.0042114197,-0.008367332,0.0004854668,0.022759177,-0.004562736,0.007125267,-0.41760564,-0.03150194,0.039203655,-0.04181923,0.0030593248,0.004679748,-0.0020991825,-0.0005803816,-0.0164057,-0.0032408861,-0.011591175,0.05511856,0.043077674,-0.016126284,0.025869887,-0.03836341,-0.028456654,0.98861635,0.9785298,53555.914,68.27962,406.25543,518.2215,44.43051,527.0222,0.00037374598,99.99548,-11170.04,MIRAI-GREIP_FLOOD
3.43112,44.0263,63.52123,8739.973,0.0012509059,-0.011516164,0.011964078,-0.02752847,0.021486722,0.011679075,0.034243166,-2.2919292,-0.54664224,0.117649496,-0.02742667,-0.06003075,0.0792438,-0.01344377,-0.011935946,0.037259784,0.0069877133,-0.021428037,0.08483702,0.02131918,-0.021982629,-0.02128226,-0.014159566,0.008994568,1.0030818,0.95275503,50941.984,107.61331,237.80417,474.47012,-37.68098,452.08167,-0.00015848524,94.28608,-42368.52,MIRAI-GREIP_FLOOD
0.15994644,45.417812,63.687965,1907.678,0.011816415,0.010735326,0.0016422151,-0.008645862,-0.034366347,-0.010531411,0.03719352,-1.4525747,0.59420174,0.12562114,-0.035873033,-0.0070989686,0.007373839,-0.001588515,0.028100904,0.03538355,-0.026933735,0.01101076,0.009088516,0.030463798,0.014104119,0.03674695,-0.01437499,-0.063670814,0.98023415,0.9743578,54015.31,95.77952,550.7366,534.413,55.572384,551.6165,0.0012610885,100.21973,2325.035,MIRAI-GREIP_FLOOD
2.146988,45.14943,64.372604,25587.342,-0.038530808,-0.0031355594,-0.0023815292,0.0066882255,0.05835069,0.0006274524,0.008687269,-0.9111278,-0.020906402,0.017887834,-0.1154669,0.010222374,-0.026066123,-0.020015834,0.013926309,0.016106984,0.00052599236,-0.02703984,0.1131075,-0.048026856,-0.042980768,-0.00987446,0.012534912,-0.04177932,0.9941351,0.9798316,58039.24,74.05066,468.28503,540.0558,56.043655,556.64655,-0.0001848461,98.53646,-3554.8665,MIRAI-GREIP_FLOOD
2.9066944,43.44522,76.57978,1238.4355,-0.018929042,0.016432049,0.017523259,0.008239273,0.084800564,0.015352057,0.01810005,5.7608633,1.0369916,0.024017476,0.022887746,-0.009028389,0.0066500427,0.017604731,-0.014113847,0.025572749,-0.013029993,-0.039139792,0.085671484,-0.003051169,0.00125302,-0.025806317,-0.020735536,-0.014156306,1.0169923,1.0165558,53527.492,88.397354,702.39087,564.64716,106.33951,555.7739,0.0003409311,100.6084,16959.842,MIRAI-GREIP_FLOOD
2.0129128,45.652992,71.160934,4079.567,-0.029381977,0.009149007,-0.011507486,-0.008917986,0.02657123,0.00020762847,0.017804727,-0.8553524,0.49468672,0.021569142,-0.047134835,0.00424284,0.0031761501,0.033305854,0.027784847,0.019174105,0.013881929,0.003678836,0.05180472,-0.004959437,-0.004863306,-0.0023780146,-0.004463517,0.006238222,0.9965249,0.98046225,52395.355,89.05919,462.8914,530.96454,34.79602,531.4765,0.000111910274,100.46697,-7523.438,MIRAI-GREIP_FLOOD
3.2536545,47.055637,65.853905,1191.3057,0.014368167,0.0012707411,0.012072605,-0.02036451,0.09940947,-0.050770618,-0.016441148,10.322292,-0.031667344,0.11951794,0.04389715,-0.04350581,-0.00062445365,-0.0066359015,0.044693522,-0.031121723,-0.009782483,-0.053823955,0.093642354,-0.051650744,-0.01351194,0.014285803,-0.07348703,-0.03896807,0.99077576,1.0103638,53767.74,135.3736,431.28284,545.0807,15.241381,532.9846,0.0013324602,104.13098,-27613.97,MIRAI-GREIP_FLOOD
-1.7228909,49.155193,64.217636,3317.162,-0.020473033,0.00615064,-0.015980475,0.015855633,-0.08196883,-0.016854998,0.0087776845,-2.191412,0.07007726,0.010242964,-0.09501294,-0.08137712,-0.0042687985,-0.018351804,0.04691737,-0.025990363,-0.007016575,-0.054506253,-0.053165913,0.012341387,-0.011466305,-0.009505296,-0.019453786,-0.016310053,1.0193152,1.0118282,57933.66,177.39407,647.58624,548.92865,13.126477,595.42334,0.0003443404,103.522766,-7509.8315,MIRAI-GREIP_FLOOD
-1.7777691,47.557106,64.32265,13181.754,0.006474266,-0.0056656036,-0.017629515,0.0021213193,-0.079154044,0.010504449,0.012382785,-5.031409,-0.01279816,-0.013009625,-0.025806114,-0.05325267,6.938726e-05,-0.044748638,0.047297258,-0.026900617,-0.007659995,-0.0038369838,-0.012877166,0.034178864,-0.018220121,0.024929969,-0.016338635,-0.025293358,0.9948183,0.9774972,55243.773,160.6514,420.8067,537.92346,-14.296417,557.122,0.00023832737,99.16561,-12330.221,MIRAI-GREIP_FLOOD
-1.3754864,48.008152,63.872032,2206.0564,-0.013339043,0.0048926375,-0.024587082,-0.005945518,-0.0699306,0.033757806,-0.002937473,-0.7836411,0.20718196,0.15119882,-0.09156362,-0.07428338,0.008535842,0.011346367,0.009625828,0.031828996,-0.015488764,-0.0151277315,-0.029696882,0.052719794,-0.0017758505,-0.0022894866,-0.016327087,-0.03975378,0.99658275,0.9846361,55474.44,73.110146,454.26782,548.6764,46.98376,536.63055,0.0004379225,100.96937,-5396.85,MIRAI-GREIP_FLOOD
-1.8219204,49.82182,66.253044,7183.3447,-0.010495874,0.0015093534,-0.033206612,0.072026506,-0.095015526,-0.031828187,-0.008101392,-1.1250365,-0.16528028,-0.031197026,-0.015249323,-0.16501352,0.1812651,-0.02760256,0.06624573,-0.043978658,-0.025332008,-0.0392689,-0.046367645,0.0474814,-0.019503811,0.035569906,-0.045782592,0.010287607,1.0003552,0.96844715,60245.574,147.02632,599.8719,572.8703,16.770996,620.3816,0.00044329808,100.80346,-12042.844,MIRAI-GREIP_FLOOD
0.28308487,47.56457,64.44687,3798.0796,-0.007825791,-0.006671527,-0.04709657,-0.014954816,-0.023242587,-0.034131177,-0.018043796,-1.3598514,-0.1850255,0.124387756,0.08169387,-0.13056892,0.141985,-0.008171475,0.010069468,-0.0043810206,0.011419984,-0.0306125,-0.0031514764,0.046495076,-0.024392603,-0.011300548,-0.02657291,-0.011065434,0.9934355,0.99292344,57775.184,83.113106,462.98575,551.62274,39.770668,544.1952,0.0005741183,102.160675,-9267.765,MIRAI-GREIP_FLOOD
3.5621014,41.56308,71.03081,3629.5137,-0.029778795,0.0013286396,0.009050599,-0.0007375422,0.0855447,-0.0015873864,0.004888177,3.2026427,-0.007071346,0.086413234,0.031892873,-0.0078099077,-0.005172554,0.0012525078,0.011894017,-0.021591537,0.011500869,-0.042435385,0.13336563,0.031529635,-0.010812823,0.02143414,-0.009895818,-0.00071717426,1.0040854,1.0058053,49186.227,56.823624,490.21143,496.50217,77.83877,500.4284,0.00021422945,94.71562,8226.445,MIRAI-GREIP_FLOOD
2.3736763,45.572254,64.7338,3457.1501,0.009511932,0.01411964,0.0035209232,-0.01536335,0.079144366,-0.0046595093,0.01840691,2.6423934,0.9165243,0.041873135,-0.2465214,-0.027917363,0.005087247,0.008979094,0.03837218,0.043355674,-0.035308823,0.007211696,0.054002345,-0.0803218,0.024063384,0.035343546,-0.022429934,-0.007610302,0.95409906,0.9799286,55047.3,73.34596,466.27386,502.04834,14.677971,518.09546,0.00019440101,105.213745,-19606.904,MIRAI-GREIP_FLOOD
2.5407524,45.26419,64.5331,3247.306,0.018885916,0.008063649,0.008014042,-0.0012050996,0.051400222,0.028541252,0.01044409,-1.0221856,0.06284515,0.10228439,-0.087748975,0.057266425,-0.030108927,0.0048037525,0.001097247,0.030180914,-0.030702531,-0.050600655,0.08738881,-0.035825383,-0.007069316,0.01024062,-0.04037763,-0.021633003,0.9902891,0.9954426,56240.5,69.47058,432.7878,522.9766,18.520012,528.1781,0.0003006801,99.939026,-17632.424,MIRAI-GREIP_FLOOD
1.53866,46.917877,65.26237,3731.786,-0.0012347754,0.010149418,-0.010339031,-0.0019237188,0.04924909,-0.0009374332,0.010171378,1.8569512,0.92842114,0.02216001,-0.09546475,0.021046236,0.0071609872,0.018013638,0.038801678,-0.017602528,-0.011873893,-0.020958245,0.0633325,-0.05486051,0.004272973,0.017462315,-0.020451901,0.00433811,0.97341555,0.9717169,56941.164,66.21447,548.25085,538.6325,62.548897,554.78455,0.00051078666,108.19641,853.7214,MIRAI-GREIP_FLOOD
0.89579964,46.425716,61.353184,7922.1855,0.007110601,-0.013552089,0.024425404,-0.026666645,-0.033733048,-0.009912486,0.005397254,-4.7904434,-0.13767263,-0.027936297,0.00067250803,-0.08158524,-0.0057813083,-0.022109222,0.04140322,-0.022568736,0.028128944,-0.03222168,0.030144632,-0.017803503,-0.057567205,0.012348549,-0.010467636,-0.022360217,0.98907113,0.960374,55870.383,140.88252,355.2805,524.8024,-3.6608162,497.53607,0.0005260731,101.09375,-14696.213,MIRAI-GREIP_FLOOD
2.277254,46.115986,64.3814,3635.7964,-0.003886884,-4.948303e-05,-0.014456842,-0.011672355,0.032520235,0.02517435,0.02486162,-0.5421188,-0.0595333,-0.029097654,0.023358462,0.06218102,-0.0044456758,-6.6985376e-05,0.01638254,0.006090426,0.005271095,0.0047154026,0.06162429,-0.038022287,0.002431497,0.0048477133,-0.0100721875,-0.034293585,1.024495,0.9676098,58479.535,68.31927,653.1333,551.7705,102.81845,548.7669,0.00032104107,100.67676,9860.953,MIRAI-GREIP_FLOOD
-1.1830273,45.155136,63.304287,4040.3416,-0.032160275,0.0061892527,-0.012969227,0.0034574983,-0.06987899,0.0087511,0.026751839,-2.4211938,0.0010728091,0.07506039,-0.10705514,-0.1056561,-0.00020455755,-0.024713038,0.028575223,0.0029313425,-0.021530874,-0.0030149147,-0.009244502,0.07280735,-0.044303913,-0.02142258,0.014463842,-0.036982562,1.0215687,1.0069441,55038.465,178.16348,470.40656,533.60974,8.63735,567.3123,0.0002693823,95.20146,4108.3975,MIRAI-GREIP_FLOOD
1.9215374,44.713154,66.6236,3827.075,-0.047040716,0.0013568512,-0.0056139193,-0.015309905,0.013041403,0.0125441225,-0.00059061684,0.32591945,0.4372656,-0.0144630745,-0.09248714,-0.046157423,0.0017353758,0.0063669262,0.0047393143,0.0020540971,-0.01402716,-0.0077876863,0.04782659,0.028132234,0.024982862,-0.018184457,-0.03391707,-0.037034288,0.9955659,0.983,53870.324,77.22865,401.9484,506.99557,27.247011,513.2987,9.578759e-05,99.535515,-7120.15,MIRAI-GREIP_FLOOD
-1.4440613,49.339417,64.272316,3113.5576,-0.017978795,-0.010943658,-0.025080888,-0.005903117,-0.04753159,-0.030670071,-0.010582782,-4.860546,0.12366882,0.021238748,-0.09352795,-0.058922313,0.0014449133,-0.024949014,0.08328514,-0.06158199,0.024233742,-0.014432762,-0.03954625,0.023109252,-0.026130052,0.031968895,-0.030531455,-0.023515437,0.9561318,0.9696162,57490.496,134.7461,437.50775,540.9706,33.089867,590.51605,0.00045635377,105.19533,-5743.6353,MIRAI-GREIP_FLOOD
1.7852001,46.378178,69.11857,24.00586,0.015598201,0.0058191293,-0.0054639345,0.0035487078,0.021004621,-0.032336112,0.00176562,4.0142407,0.27730727,0.16414943,0.014134364,-0.029655231,0.014221447,0.034192935,0.014492772,-0.03969789,-0.019600816,-0.04205639,0.063789904,0.044250265,0.0016667764,0.023552572,-0.05493827,0.0022319797,0.9719243,0.9859971,51551.305,58.794464,646.8277,519.4867,84.27547,521.9893,0.0012361663,103.46558,8192.077,MIRAI-GREIP_FLOOD
3.5439205,42.552322,65.63619,918.7671,0.0030726288,-0.0014807581,0.0055095786,-0.002083923,0.05584854,-0.0036417535,0.0166553,1.1289384,0.13734995,0.054709796,-0.035960484,0.0013773376,-0.005700664,0.018862205,0.016124438,-0.010281684,0.0019585574,-0.021570656,0.075895965,0.049500085,0.00916812,0.057744466,-0.04595872,-0.04557647,0.9799897,0.9812565,49719.324,58.929752,427.85565,474.09448,48.227745,491.7195,0.0005118396,96.82165,-4151.833,MIRAI-GREIP_FLOOD
0.3886814,45.9751,61.2683,6043.2656,-0.0019765086,0.0027212745,0.021882476,0.017620457,-0.028609594,-0.0038870156,0.049147528,-2.4530194,-0.16786842,0.0037594512,0.0022666343,-0.0186381,-0.0032613904,-0.03887347,0.06543824,-0.01661454,0.008752862,-0.001991964,0.017951012,-0.06012715,-0.03528666,0.06900093,0.011129248,-0.03210698,0.9764905,0.96545005,57772.13,145.49915,471.2286,523.18964,14.0168495,552.70135,0.00047732622,97.995766,-9545.064,MIRAI-GREIP_FLOOD
1.5519371,44.277645,60.0069,8053.0913,-0.052615263,-0.0031879328,0.008667048,-0.011939311,-0.019186545,-0.025385655,0.043247525,-0.8376063,-0.03562092,-0.0033972412,-0.06573,-0.09308913,0.1513043,-0.032767683,0.039079443,-0.022805743,-0.015915424,-0.027734462,0.085074306,-0.004068866,-0.052410997,0.006219334,-0.007646712,-0.0012447592,1.0154381,0.96816444,50616.56,176.42923,397.21625,516.1897,-28.436142,527.1179,0.00026732037,95.2745,-11091.824,MIRAI-GREIP_FLOOD
0.2059021,46.178547,65.62981,5137.6865,-0.0050767325,-0.002164605,-0.034123592,-0.0017327942,-0.049322665,-0.006330733,-0.020136079,-2.9350476,0.13919327,0.015489064,-0.08627989,-0.058055278,-0.01937335,-0.011890828,0.05044852,0.0029226206,0.014430404,0.017816857,0.009621263,0.037038658,-0.035072926,0.022172246,0.0034158118,0.0022454094,0.98619944,0.97744584,54725.773,145.74918,420.2445,526.61664,-14.738926,542.10724,0.00025124382,99.397316,-19059.992,MIRAI-GREIP_FLOOD
1.4455528,44.61756,63.976765,2689.0195,-0.019690014,0.011535983,-0.00582597,-0.014792308,-0.004464155,-0.0013863813,0.02899444,0.9383655,0.2795825,0.07446975,-0.006666351,-0.057560034,-0.006836559,0.007380312,0.03673076,0.00502734,-0.0037882873,-0.01336504,0.029995024,-0.035779417,-0.01401789,0.013848228,0.002944218,-0.033917032,0.99986726,1.0040622,56023.23,166.94337,607.3303,534.0238,43.824295,538.4952,0.00038301124,98.82002,9065.106,MIRAI-GREIP_FLOOD
2.122345,43.26166,67.105385,815.3213,0.01013602,0.013913895,-0.003700112,-0.0009158644,0.02974159,-0.010369772,0.022043657,1.2192738,0.9479753,0.1840493,-0.0705782,0.043089487,-0.0015514955,0.028649203,0.0050664647,0.0076571987,-0.016089933,-0.023033392,0.08223158,0.0058190846,-0.00116474,-0.0005759555,-0.0083965985,-0.04024078,1.0127499,0.9996246,53671.477,70.64736,579.5918,532.12683,81.9557,547.32764,0.00055035576,99.929405,12137.088,MIRAI-GREIP_FLOOD
0.62584877,46.754044,64.176155,8347.566,0.009459824,-0.00095085794,-0.019851288,-0.00720108,-0.001430721,0.0116758365,0.02015318,-3.7587976,0.060177326,0.048090704,-0.11290875,-0.031149488,-0.01706191,-0.020346072,0.074366465,-0.0049074646,-0.0077323285,0.013433507,0.0096796155,-0.008446159,0.004092818,-0.00071716146,-0.023913994,-0.05995821,1.0118641,0.9637063,55342.95,151.96431,381.7384,516.77686,-12.794939,536.8195,0.00022358813,98.52916,-10229.38,MIRAI-GREIP_FLOOD
1.9452686,46.72502,67.675514,326.89893,0.059970524,-0.00052241236,-0.0036238786,-0.014541282,0.029263131,0.020897714,-0.011222737,0.78203845,0.10607426,0.8691996,0.05354902,-0.029846905,0.006408782,0.019410418,-0.015326888,0.014616542,-0.022359006,-0.0014636293,0.043111384,-0.015510577,-0.030051136,-0.00895065,-0.03448024,-0.029117938,1.0084299,1.0072016,53165.45,77.74507,459.04712,551.7161,27.704136,517.5082,0.0006266202,103.496056,-16156.853,MIRAI-GREIP_FLOOD
2.4925213,46.062935,63.44454,29337.793,0.00505371,-0.00523569,0.0008303649,0.0069701797,0.085892595,0.015920235,0.011785421,-2.029955,-0.35020167,0.11115332,-0.109318465,0.01944104,0.0011991559,-0.022932928,0.02412092,0.01286586,0.036476057,0.005871374,0.124382496,-0.056937184,-0.04199128,0.014388451,-0.017008726,-0.045102183,0.99322087,0.9445783,55571.07,68.56215,338.91516,529.88525,37.668373,527.21216,8.815089e-05,98.93591,-16889.992,MIRAI-GREIP_FLOOD
0.50439453,45.542976,65.290985,5010.503,-0.0045832247,0.0012755691,-0.02747191,0.00529171,-0.042257123,-0.007071998,2.1988526e-05,-1.2749228,-0.16515446,0.24859345,-0.010010953,-0.054619156,-0.0014975256,-0.03216661,0.01591109,-0.041572206,0.01010734,8.015428e-05,0.019415498,0.055393305,-0.02040162,0.010689862,-0.0063145254,-0.043337602,1.0438663,1.0471877,56625.715,176.0002,393.22272,503.36765,-15.546867,499.39026,0.00017022449,96.48458,-13082.226,MIRAI-GREIP_FLOOD
-0.034467697,47.216934,64.630424,5847.201,0.0043607317,0.00085816154,-0.027037868,0.0032464557,-0.017239448,-0.017197998,-0.012484565,-0.5636697,-0.24025315,0.15057428,0.07678544,-0.10081819,0.0039743003,-0.00729355,0.042957835,-0.005580266,0.015107363,-0.028293617,0.011821628,-0.0209763,-0.030307874,0.017211277,-0.015676023,-0.0009025913,0.98372346,0.98706335,59217.31,143.16571,471.036,561.49304,23.470459,555.0728,0.0003087131,102.11856,-3341.7822,MIRAI-GREIP_FLOOD
-1.3351822,47.314877,63.364117,891.6604,-0.04782793,0.007970556,0.0033572759,-0.011337664,-0.094648,-0.0031640788,0.029943492,-1.7589607,0.3202415,0.038172387,-0.08050303,-0.123930946,0.0005313754,-0.0090319,0.035467833,-0.009089908,-0.014439311,-0.054103155,-0.034356415,0.067407995,-0.018108731,-0.013580637,-0.0321068,-0.033711776,1.0040766,1.0008472,54340.69,176.87967,581.59595,523.1024,33.656242,564.3225,0.0004318839,100.53016,6572.0625,MIRAI-GREIP_FLOOD
-1.2552338,46.176117,62.082874,1285.5312,-0.036534805,0.0017430853,0.0064713857,-0.0022309376,-0.078803845,-0.008307271,0.025507264,-2.7215948,0.11753362,0.024578542,0.009886566,-0.11701484,-0.008676592,-0.008989446,0.020108623,-0.012538814,0.021820785,-0.021742115,-0.035092533,0.034637474,-0.018860083,0.042062998,-0.0169105,-0.014755044,0.9867195,1.0008926,58260.06,166.04965,559.24243,565.5456,38.967148,559.6105,0.00054763805,98.61579,-68.79477,MIRAI-GREIP_FLOOD
-1.2547874,47.843925,61.86065,2987.4644,0.007983063,0.025552753,0.006017259,0.013231993,-0.043928556,0.0037930864,0.033002764,0.41873914,1.2171667,0.3387066,-0.046797276,-0.039211866,0.012000609,0.027450223,0.036040556,0.012601208,0.008154832,0.001057093,-0.025725543,-0.026982239,-0.014778598,0.04184445,-0.0029764092,-0.049138475,0.98382974,0.969273,57518.92,71.44395,681.1647,556.2325,95.15972,582.32214,0.00073510717,103.81873,12788.739,MIRAI-GREIP_FLOOD
-0.75065804,45.24695,64.65139,2344.735,-0.0021315366,0.0037385405,0.0087816585,0.029415404,-0.07265678,-0.0019111542,0.028988475,-2.6413426,0.25047922,-0.016624868,-0.09735751,-0.06056135,-0.011544175,0.0019439403,0.080604926,0.000993032,0.01246421,0.0054936763,-0.041504145,0.10358797,0.006965925,0.0050873146,-0.025554793,-0.059166238,0.9985503,0.9721836,51569.043,120.974075,557.9756,501.42776,39.851494,550.2541,0.00041258393,97.215126,-10935.366,MIRAI-GREIP_FLOOD
-0.8484287,46.105232,62.38161,3542.3123,-0.012263413,0.008858628,-1.7408747e-05,0.0012913755,-0.01895566,0.026433755,0.02011032,-1.5140874,0.27612337,0.15571101,-0.05071482,-0.024929509,0.014055989,0.002468517,0.027847439,-0.0058435043,-0.005300257,0.028903477,0.043758154,-0.012701067,-0.035514046,0.027081918,0.009302761,-0.012475894,0.96036214,0.9475641,56117.645,78.16066,518.869,555.7663,65.04445,578.5319,0.00047178756,102.454124,-6959.8555,MIRAI-GREIP_FLOOD
-0.4186325,45.248363,64.60778,4324.402,0.011394344,-0.003314384,-0.003413267,0.0016880218,-0.018860543,0.011016404,0.012287312,-2.7081625,-0.00080630183,0.0274664,-0.030631717,-0.05618077,0.0018185485,0.012229615,0.035243925,0.017707292,0.009251199,0.000450979,-0.0076920986,0.046734706,-0.011963323,-0.005077524,-0.03188459,-0.010113082,0.98206395,0.96097004,53413.008,96.50873,472.39044,529.6823,14.413706,539.4776,0.00031620558,100.48711,-14570.509,MIRAI-GREIP_FLOOD
3.9035912,41.183887,75.94323,3624.1245,-0.038916793,0.0015289296,0.018233653,0.0024450875,0.08560306,-0.018050114,0.021124024,1.5726782,0.16392602,0.07423378,0.04270888,0.0016241102,-0.016027352,0.021502558,0.016571995,0.009383963,0.009585697,-0.04892681,0.13311386,0.018039444,-0.0190086,0.019597907,0.008344142,0.009212418,0.97964025,0.9907094,49749.305,72.29869,415.41986,460.56973,40.609802,463.5966,4.329547e-05,95.47151,-2283.5674,MIRAI-GREIP_FLOOD
0.43533134,45.692135,63.039265,3071.4531,-0.023556666,0.01174493,0.006846881,-0.016526202,-0.020284139,-0.018104317,0.027053023,-0.99439454,0.32125053,0.042507753,-0.07736525,-0.08701217,-0.01029269,0.006951513,0.039631914,-0.0002179807,-0.043322943,-0.021531032,0.022871554,-0.03196051,-0.030697582,0.0152903665,-0.0015595928,-0.013623767,0.9925984,1.0076686,57100.008,170.37596,421.69064,517.36597,16.783735,523.20526,0.0003552084,99.83644,1649.0349,MIRAI-GREIP_FLOOD
-1.6226921,49.788063,63.668236,2847.5225,-0.011644018,0.008793465,0.018936977,0.009102394,-0.084811315,0.0131934695,0.027129382,-2.2319107,0.09788017,0.20486408,0.006243363,-0.10950017,0.017283076,-0.006468906,0.018736742,-0.027242674,0.0018691085,-0.030198783,-0.044466734,0.028297432,-0.014978965,0.02251397,-0.022925217,-0.025798868,0.99608517,1.0096369,57915.105,172.4711,532.452,542.62415,10.720999,566.4467,0.00090086757,103.32538,-9024.425,MIRAI-GREIP_FLOOD
0.1896286,45.986706,63.552593,1587.3943,-0.0023716874,0.009409909,0.008805955,0.0038727268,0.005501425,-0.013553909,0.024480883,-1.1307161,0.40096426,0.017542798,-0.04470911,0.012884645,-0.01277259,-0.015987737,0.009450027,0.008066226,-0.027527427,-0.01773446,0.0394122,-0.036540512,-0.012705345,0.019274455,-0.021756202,-0.039576724,0.9636671,0.97896457,56917.21,76.07223,450.18973,557.8376,43.331703,576.7177,0.0010606057,100.41026,-2518.7644,MIRAI-GREIP_FLOOD
4.5775375,41.564896,76.006454,1496.8179,-0.036992025,0.00093770766,0.0036786357,-0.0013714208,0.07071661,0.014031671,-0.015225735,0.416287,0.09640608,0.045321375,-0.11559367,0.02516041,-0.012256262,0.02942888,0.0206012,0.013141653,-0.021194454,-0.02738316,0.0933705,0.046984874,0.009439762,0.005181973,-0.059889894,-0.024686305,0.99687827,0.9758556,51812.242,78.229866,480.3958,498.70834,69.155014,490.2058,0.00028117799,93.92879,5282.976,MIRAI-GREIP_FLOOD
1.3953667,44.636475,71.16124,9684.646,-0.043739412,-0.00032727048,-0.0147038605,0.013069826,-0.013634985,0.021521451,0.019357743,0.052275658,0.36720487,-0.015950888,-0.062317442,-0.013688428,0.0013367179,0.02970323,0.010693827,-0.006900816,-0.0020546839,-0.002803877,0.04178399,0.10039913,0.008316244,0.03189546,-0.03624772,-0.03410162,0.9997186,0.9836207,50248.45,58.46526,466.85895,510.8261,60.69891,514.2376,0.00010323925,97.13179,4056.332,MIRAI-GREIP_FLOOD
1.0298462,44.27343,64.79428,401.2163,-0.028689932,0.007883452,-0.0069962256,-0.022653421,-0.018963352,-0.023755124,0.0100190155,0.11320013,0.039096832,0.010980944,-0.058937665,-0.06813485,-0.009611067,-0.012279627,0.036149748,-0.023620699,-0.0058072503,-0.035534047,0.05085522,0.027720992,-0.010787492,0.01048689,-0.020259285,-0.03857824,1.0064714,1.0277172,56151.47,174.56042,539.2647,528.41394,25.219875,544.4201,0.00053119985,98.15056,4357.8994,MIRAI-GREIP_FLOOD
0.1024971,47.462505,62.550953,4097.1294,-0.017689276,-0.00587414,0.005698679,0.0071920254,-0.041811295,0.012411532,0.032984216,-3.1533551,0.022504104,-0.00069335103,-0.050166383,-0.02317395,-0.0051627527,-0.037741676,0.0514773,-0.038119923,-0.022360908,0.010422872,0.019544959,-0.023710104,-0.024369586,0.058081258,-0.015101822,-0.04006928,0.9747973,0.9646105,56489.887,155.79985,496.49994,517.22864,27.304762,552.29736,0.00053506106,100.863014,-4089.389,MIRAI-GREIP_FLOOD
1.80443,43.85493,67.42555,2850.9097,0.027665356,0.0058619585,-0.0016981154,-0.017885236,0.018940639,-0.012798394,-0.008119933,0.3533299,-0.069578744,0.088953555,-0.14062458,-0.065543376,-0.0004376322,0.022535756,-6.401446e-05,0.01591379,0.0055981334,0.0014770031,0.049827456,0.04510663,0.0046446174,0.007321288,-0.029967397,-0.0014918484,0.9873193,0.99278075,53451.844,92.6506,436.21808,511.58786,-3.4045162,510.50864,0.00025486227,100.19829,-19015.564,MIRAI-GREIP_FLOOD
2.0925007,41.426098,63.418312,1419.7454,-0.0007890444,0.006529081,-0.0070034456,0.025146512,0.029917141,-0.011803814,0.0220619,0.06256902,-0.008009598,0.10500306,-0.020308506,-0.021592803,-0.0008348431,0.014176985,-0.006295857,0.021508519,-0.011029147,-0.022900697,0.09134281,0.033522226,-0.023727078,0.015824305,-0.006280425,-0.005107196,0.9866134,0.9864456,54295.86,71.70478,512.72,500.93933,65.336395,513.49365,0.0005497077,97.24804,258.99152,MIRAI-GREIP_FLOOD
3.1285667,43.341614,64.696945,3628.6406,0.012522167,0.008955356,-0.0070739114,-0.001185404,0.0683054,-0.0141843185,0.032031134,5.0538607,0.19995762,0.01771729,-0.094641805,0.016814254,-0.005703881,0.018259067,0.016915051,0.00993532,-0.015665332,-0.020968996,0.082101285,-0.038638845,0.018968511,0.025258638,-0.033964306,-0.040821277,0.9866614,0.9687726,57129.906,99.097595,652.4464,546.5822,85.19503,555.1831,0.00052469975,101.13427,19514.902,MIRAI-GREIP_FLOOD
-2.099121,50.11458,64.460915,5972.7417,-0.02991943,0.008209868,5.108537e-05,-0.021175576,-0.037864767,0.026271569,-0.009776756,-2.2070634,0.11022681,0.12390068,-0.06286282,-0.116852514,-0.005219109,-0.015384109,0.03418228,-0.011294106,-0.0035494915,-0.038692575,-0.013781667,-0.01554634,-0.0024074246,-0.023713674,-0.008245142,-0.013611771,0.9983733,1.0070513,59659.402,170.30629,470.9777,537.4327,-23.217659,556.9763,0.00015312008,102.23376,-11296.592,MIRAI-GREIP_FLOOD
0.4787693,42.990364,64.28984,1149.2087,-0.017474048,0.031809118,0.011882334,-0.0024607468,-0.00640139,-0.007635795,0.034657683,-0.38490152,2.189233,0.02148631,-0.066605784,-0.07844598,0.017736975,0.027295446,-0.0099888295,0.025166404,0.005581216,-0.011989576,0.043828666,0.056609515,-0.02051832,-0.007432566,0.004893411,-0.0052017067,0.9741358,0.9844343,50861.586,78.797195,443.78345,482.80676,31.193628,495.56766,0.00038519345,99.23795,-19465.506,MIRAI-GREIP_FLOOD
3.2740993,41.57009,65.71507,1488.8159,-0.013348477,0.014005953,-0.002118859,-0.008256048,0.06436695,-0.0015188055,0.00014474383,1.2832166,0.64009064,-0.0074587665,-0.07537169,0.0048262905,-0.015536534,0.0291308,0.0126237925,0.022261165,-0.025231924,-0.028109195,0.09181905,0.0021431856,-0.005019759,0.0048682466,-0.019701894,-0.044384234,0.9976746,1.0106747,55055.777,67.95865,508.27618,519.87256,68.76818,532.76843,0.00034441246,96.45384,11410.002,MIRAI-GREIP_FLOOD
3.602728,41.59682,77.31584,3567.8018,-0.07928588,0.009984287,0.049172834,-0.01219365,0.055865765,0.0072701564,-0.025801428,2.1450202,0.5285091,-0.15686975,1.9784548,-0.11210954,0.29536006,0.050867185,0.026314829,-0.016921885,-0.01274224,-0.012981173,0.13306057,0.049127635,-0.012752108,-0.0011832593,-0.035024513,0.018405467,0.9884244,0.96960855,46232.855,84.67819,629.414,460.32495,97.82107,448.85764,0.0006505524,93.57867,17057.35,MIRAI-GREIP_FLOOD
0.25842857,46.50926,66.58957,1582.5156,0.0138062965,0.012363314,-0.012701586,0.035066795,0.007367654,-0.003038871,0.02528078,-0.23204577,0.7322398,0.07648617,-0.029933952,-0.021905933,-0.0052489485,0.0077342005,0.031336337,0.019356942,-0.01658057,-0.015357873,-0.0021785498,-0.00537528,0.0069726445,-0.007550453,-0.011350628,-0.04021381,1.0214399,0.98858607,54657.605,81.17708,519.2387,526.33636,33.20511,552.76025,0.00041033392,101.857124,-12766.735,MIRAI-GREIP_FLOOD
0.9206219,44.752846,64.13571,2409.2798,-0.010595805,-0.0055786525,-0.045540914,-0.007677523,-0.011917831,0.02636258,0.018870741,0.6507594,0.40188783,-0.06282014,-0.10259111,-0.057535242,0.102689855,0.019288033,0.045943853,-0.008580381,0.020526571,0.022550859,0.015891433,0.07456831,0.019723477,0.022322925,-0.042525314,-0.025999196,0.9650618,0.95019233,54912.414,69.93935,1039.4517,553.5449,204.09894,563.458,0.000498001,101.25311,70031.13,MIRAI-GREIP_FLOOD
0.59082985,46.582233,61.90903,6606.4556,0.015847769,-0.014695987,0.030080188,-0.011743662,-0.008690011,0.006412182,0.023421573,-3.1665826,-0.39791906,0.06660098,-0.055531565,-0.07900773,-0.0167728,-0.016752334,0.061367456,-0.0034892512,-0.008251657,-0.020637123,0.022853792,-0.053970892,-0.032673307,0.034147814,-0.024531884,-0.021350805,0.9738368,0.94821805,56040.51,140.37964,343.374,504.62057,-7.95879,480.26254,0.00037466476,99.045235,-16638.5,MIRAI-GREIP_FLOOD
-1.4349461,47.980934,66.16364,3448.7314,-0.015764782,0.011616781,-0.048639517,0.005211014,-0.035493143,-0.004898741,-0.029278994,1.381618,0.46912327,-0.0072713564,-0.0171571,-0.14027132,-0.005899587,0.008477647,0.08584387,-0.08529088,-0.020904459,-0.037594125,-0.018918991,0.037725132,0.0015216181,0.0010734075,-0.058746368,-0.003736345,1.0116395,0.9787855,57101.06,151.18323,526.9301,562.9148,22.779774,578.10864,0.0003796418,102.09793,1023.8209,MIRAI-GREIP_FLOOD
0.3815937,46.829823,64.89985,3496.3489,0.013605494,0.0018432733,-0.031345304,-0.010451302,-0.0006791027,-0.00366406,-4.9173832e-05,0.19703144,0.076079056,0.31808314,-0.032423243,-0.058408514,0.0042004413,0.0120218275,0.01521781,-0.0053802878,0.008678463,-0.012964077,0.016458511,0.024837103,-0.0054212324,-0.0118597355,-0.0070755365,-0.0125679085,1.0034264,0.9959102,56547.25,70.53645,451.9695,552.4778,34.85643,554.96173,0.00062007084,103.32897,-9335.528,MIRAI-GREIP_FLOOD
-0.5476322,46.87249,64.72307,42537.117,-0.05488076,0.019556148,-0.01182592,0.023991568,-0.011151755,0.05198107,-0.00663131,0.22360617,1.3594676,-0.1220904,-0.0585247,-0.056753688,0.01683763,-0.001918734,0.05102472,0.0101642115,-0.033023436,-0.011644353,0.021211684,0.032702666,-0.011446208,0.026508301,-0.020764459,-0.043612834,0.9559993,0.9609516,59604.133,57.86638,597.96985,561.08356,115.673965,616.23834,0.00028762338,100.82619,-2312.7122,MIRAI-GREIP_FLOOD
-0.16153908,47.210693,63.39556,19772.484,-0.029726855,-0.0015426312,-0.010818897,0.00038194656,-0.03869716,0.038277406,-0.0048907287,-0.7819321,0.11136488,-0.0599434,-0.053573623,-0.0021991692,0.0013384967,-0.016813206,0.014888598,0.0022048922,-0.01371159,0.00029311515,0.008660436,0.06345682,0.004686578,0.03164496,-0.03915441,-0.033164803,1.0062394,0.9711524,55174.402,56.58883,466.11664,552.4043,71.64917,569.6916,0.00026276958,99.3393,307.74878,MIRAI-GREIP_FLOOD
0.24873543,44.78319,63.59831,2107.9595,-0.017861143,0.0033884128,-0.012156533,-0.00644377,-0.03833157,-0.024026914,0.013781365,-1.8454268,-0.060574815,0.014894063,-0.073046766,-0.054853413,-0.0070860535,-0.0031196466,0.052194342,-0.033719122,-0.017421775,-0.029807113,0.017836273,0.043358933,-0.012211041,-0.01902927,-0.030572046,-0.04029785,1.0329491,0.9972935,55801.293,176.86345,534.00867,498.0384,15.284363,518.41156,0.0004380382,98.75736,6470.1494,MIRAI-GREIP_FLOOD
-0.8509903,44.86272,65.44683,432.1609,-0.043318883,0.011800517,-0.031222014,-0.0087993415,-0.03153366,-0.07604383,-0.043767538,-0.17415619,0.564578,-0.038713448,0.00032380223,-0.15756813,0.1254908,0.009913644,0.04966792,-0.049108345,0.005363133,-0.08301072,-0.017302036,0.105325334,0.011696144,0.03537603,-0.075659096,-0.017292347,0.9891273,1.038794,54022.355,151.96736,722.144,547.65094,71.836,592.6392,0.0008412942,97.25066,6481.782,MIRAI-GREIP_FLOOD
-1.1865482,49.997955,63.846695,1969.6877,-0.01995723,0.010152883,-0.008060966,-0.0037886251,-0.040024705,-0.015125163,0.030126683,-1.2008746,0.20662674,-0.00026134774,-0.035837814,-0.029812792,-0.011143579,-0.014577026,0.05114664,-0.0479984,-0.027465213,-0.059997346,-0.008334875,-0.057568904,0.0065231486,0.020617787,-0.049608644,-0.03827801,0.9881628,1.0105442,61595.035,172.81718,473.05682,563.23346,-8.929937,594.1434,0.0003189954,106.51923,-7528.8843,MIRAI-GREIP_FLOOD
3.0484352,43.05982,64.913864,633.0869,0.018861577,0.009756782,-0.0061499653,-0.009615964,0.0689384,-0.003772119,0.001586061,2.3716807,0.3956571,0.27934963,-0.061657175,-0.0001997361,0.004464153,0.013606723,0.020444479,-0.01488121,0.003377851,-0.00813086,0.08273375,0.030613083,0.0013246876,0.023099037,-0.014600541,-0.009495345,0.9978296,0.9964587,49694.957,57.90835,484.93115,494.1074,65.08657,500.22986,0.00056369306,99.39841,3777.1558,MIRAI-GREIP_FLOOD
1.6361237,42.584118,68.89911,-820.6616,-0.02914828,0.0015386563,0.01190004,0.013750508,-0.011032661,-0.005972107,0.025912285,0.9024092,0.32856727,-0.07456964,0.001480002,-0.029638799,0.007081914,0.024830906,0.0154957045,0.0042097364,-0.025789212,-0.012324475,0.054371715,0.12371628,0.0073120156,0.043666787,-0.039979327,-0.042104222,0.9744046,0.9688354,52331.56,68.33011,507.50897,500.43228,94.18324,527.4867,0.0016588767,96.13942,11954.195,MIRAI-GREIP_FLOOD
0.00010681152,45.132473,63.77812,3449.1536,-0.028988605,0.015761195,-0.013813766,-0.009543773,-0.042524643,-0.042104144,0.03257306,-0.6895138,0.3840682,0.04941135,-0.03537759,-0.075894624,-0.0002175346,-0.008247429,0.03354817,-0.03781772,-0.0023699435,-0.037712023,0.005833447,-0.0023931896,-0.029775787,-0.008865589,-0.020091197,-0.01809996,1.0190362,1.0073748,54670.727,175.89014,546.39276,512.4109,3.076787,540.0888,0.00043751826,101.927666,2496.4895,MIRAI-GREIP_FLOOD
3.3308582,42.795177,64.24915,3314.0586,0.01530659,0.004448656,0.0015192409,-0.0213048,0.058534935,-0.029195316,0.030143894,-1.4591985,-0.032030486,0.06312414,-0.03993059,-0.026169136,0.0061386027,0.0028256886,0.039870083,0.014940558,0.01685687,-0.017049663,0.07838601,-0.034386024,-0.009039327,0.013638986,-0.023556894,-0.03488394,0.9770379,0.969995,52984.324,108.510056,433.54395,508.26923,25.704094,505.62073,0.0003725636,99.33732,-5952.5234,MIRAI-GREIP_FLOOD
0.29320335,45.695072,62.400486,2308.1045,-0.038739208,-0.001489289,0.013465613,-0.005075483,-0.048498563,-0.0027136337,0.063099355,-2.2441845,0.037583772,0.024451528,0.012132841,-0.04852613,-0.012827513,-0.021274796,0.051158726,-0.008143838,-0.0107424185,-0.047458224,0.027958632,0.005602105,-0.009228567,0.015248303,-0.034576498,-0.04141211,1.0100125,0.9853788,55589.46,175.22597,442.93433,517.87256,-6.2161274,531.1969,0.0003213556,97.37351,-7271.9287,MIRAI-GREIP_FLOOD
5.5215034,45.28311,68.67488,2837.352,0.0033339392,0.006363836,-0.0071590994,0.004485201,0.12476286,0.015468505,-0.0035214284,4.244572,0.08254963,0.20854399,-0.042642944,-0.016233461,0.14209957,0.025800133,0.003918861,-0.0067864964,-0.016345905,-0.029406494,0.11514264,-0.058267955,-0.011772661,-0.0057888078,-0.048534982,0.014189778,0.9903672,0.98485893,50419.523,70.6888,540.32025,483.3345,78.716354,465.0865,0.0006219956,102.70224,4211.609,MIRAI-GREIP_FLOOD
-0.0024738312,47.67067,64.648705,4435.2153,0.0017931499,0.0024140838,-0.04215399,0.002285405,-0.03400837,-0.022038454,-0.001265984,-1.9877243,0.132812,0.09090795,-0.074391544,-0.079983436,0.12436233,-0.0066187093,0.05681944,-0.013821775,-0.0046784896,-0.026931318,-0.0025995374,-0.003337193,-0.013086524,0.02661322,-0.026619691,0.01724095,0.9756324,0.9777539,56940.52,139.09842,500.66016,557.0112,27.417282,585.6383,0.00044174865,103.38124,-8891.859,MIRAI-GREIP_FLOOD
1.2633018,47.237423,67.06995,3382.295,0.032600194,0.00648896,-0.00592137,-0.000901075,0.021231595,0.0012954156,0.017333133,1.1227617,0.052485213,0.5598294,-0.00978371,-0.03461019,0.012789736,0.0047443854,-0.002098363,-0.018872868,-0.0061246264,-0.0512316,0.047303736,0.008448975,-0.0018342491,-0.0035670283,-0.033939358,0.009115356,0.99335164,0.9844987,54878.305,67.38251,523.1313,556.84546,54.860744,555.4204,0.00054228515,105.761635,-6254.949,MIRAI-GREIP_FLOOD
1.7142773,45.819332,65.03996,4270.3145,-0.0024684612,0.011404659,-0.010762004,0.0051673776,0.034480244,0.00878782,0.016005386,3.505058,0.11756297,0.0063004345,0.016514301,-0.06264516,0.12492051,0.014682271,0.020981953,0.0142608695,-0.011169355,-0.02865156,0.026402473,-0.05222257,0.0054728845,-0.0052535557,-0.0043334765,0.027348503,0.99542546,0.9855266,57961.316,112.09068,638.0941,540.9037,52.695248,537.0868,0.00016409476,101.37809,420.38824,MIRAI-GREIP_FLOOD
3.1730442,43.364655,64.85324,3024.4478,0.01721973,0.007375866,-0.018953957,0.00076979207,0.058130227,-0.027921433,0.023372296,0.97991025,0.06963388,0.026594197,0.012323408,-0.0015479932,0.009470293,-0.0038434146,0.0067223795,0.0146170445,0.016031168,-0.025193186,0.07894963,-0.01390381,0.01310434,0.022028917,-0.030041113,-0.02423996,0.9951738,0.992338,55181.63,73.23982,581.28436,523.68414,85.72051,534.91125,0.0005849298,100.463646,11296.983,MIRAI-GREIP_FLOOD
2.8086624,43.72474,64.715355,1679.603,0.0009594392,0.012782616,0.00081331935,-0.0020162642,0.056414396,-0.020847548,0.02085734,3.6817594,0.20243345,-0.019045606,-0.0008922443,0.0069862977,0.009805918,-0.007532704,-0.007496499,-0.009782043,-0.0025274209,-0.010884124,0.11430085,0.0136662675,-0.020915706,0.019886062,-0.02447109,-0.022484874,0.9822674,0.98704,56049.51,63.894783,607.1004,542.7073,105.034164,544.1499,0.0006299255,99.949554,17814.703,MIRAI-GREIP_FLOOD
1.7852669,46.24949,64.77655,8664.414,0.02210225,-0.015656386,0.0030241953,-0.011114891,0.04679171,0.007507622,0.029644037,-1.1437283,-0.4909639,0.23053709,-0.040617958,0.0035695964,-0.042715397,-0.001931889,-0.010020839,0.016862556,0.001747869,-0.031134754,0.057867408,-0.025847943,-0.0064124484,-0.03798942,-0.037746172,-0.036627218,1.0386139,0.9892854,57250.66,86.636894,359.49823,530.33905,-5.716606,522.548,-6.230445e-05,98.604,-26196.252,MIRAI-GREIP_FLOOD
0.24756813,46.96109,67.23031,-574.87695,-0.045666102,0.002858078,-0.018557407,-0.008377344,0.018802498,0.007071262,0.0004712236,-1.2644672,0.2601508,-0.0067266915,-0.04350009,-0.05056491,0.005103251,-0.005978374,0.0037553255,-0.010323514,-0.00871286,-0.014863938,0.024643779,0.021972023,0.018618422,-0.0056540407,-0.04907635,-0.03559472,0.9427358,0.946118,57566.37,75.75418,399.982,547.39844,37.54819,559.3373,0.0008817703,100.948586,-4818.7246,MIRAI-GREIP_FLOOD
4.9964695,44.676147,64.85675,1373.5073,-0.007802378,0.04293121,-0.010438601,0.0015070698,0.14876384,0.0062083947,-0.008947993,8.583042,2.3570416,0.03179419,-0.052941334,-0.0750188,0.17843479,0.038823605,0.052177887,0.0069011003,-0.015989643,-0.027794065,0.13067031,-0.09802581,0.013171302,-0.0079589,-0.039759144,0.0047036633,0.9416005,0.9716781,54568.785,76.13568,488.9017,507.18387,56.18071,507.138,0.00048652972,104.26448,9403.87,MIRAI-GREIP_FLOOD
0.30322456,49.279755,63.776047,-19.848145,-0.009343968,0.004940388,-0.0055653555,0.012442074,-0.016021185,0.029605078,0.00023850473,-0.39278126,0.35444424,0.03226138,-0.011365804,0.012397539,0.0036263147,-0.0017893966,0.024372362,-0.004912247,-0.035616525,-0.022932708,0.010287046,-0.052786995,0.0087313745,0.06755849,-0.031479876,-0.02052543,0.9519062,0.9481961,58837.715,58.360718,482.91934,565.3446,70.91481,586.83624,0.0013562803,105.44688,-904.19037,MIRAI-GREIP_FLOOD
-0.8719635,52.886444,66.89089,8243.629,0.000124285,0.003656335,0.019853573,0.012089455,-0.02353788,0.04115557,-0.0055433786,2.3410516,0.7487196,-0.06424907,0.10135733,-0.08799874,0.01925887,0.018967165,0.02246218,-0.045774035,-0.024979731,0.008204471,-0.046031713,-0.022805464,0.031997725,0.038333215,-0.04556623,-0.011812438,0.9600632,0.9601123,65701.34,58.362755,1330.9587,639.83264,225.83878,677.7617,0.00086455495,111.94202,68279.664,MIRAI-GREIP_FLOOD
2.8152447,44.64966,63.09833,5242.802,-0.00423369,0.0008205957,-0.005300024,0.004762335,0.012888448,-0.008555262,0.04510038,-0.9392427,0.20756431,-0.0183548,-0.08493279,0.005193837,-0.021022039,0.010979608,0.07525314,0.01016782,-0.010888456,-0.014958559,0.06364727,-0.06405665,-0.014137307,0.042118855,-0.023412075,-0.030891515,0.9711434,0.94347763,52708.477,164.53241,472.197,504.4189,10.657463,526.2361,0.0003655906,99.007965,-5250.266,MIRAI-GREIP_FLOOD
0.29114342,44.179398,64.055786,445.24976,-0.021989299,0.020956857,-0.007055534,0.036887497,-0.012424402,-0.016250253,0.015278106,1.5488416,1.7415653,-0.04205911,-0.016284917,-0.028877126,0.01057954,0.019486954,0.01710836,0.00607193,-0.0036629452,-0.013863651,0.05247897,0.046150833,-0.0053695566,0.03077747,-0.0043649133,-0.0027841888,0.9744291,0.98840386,50439.312,64.77461,655.082,485.0463,109.193596,513.1936,0.0018337165,100.904465,13084.491,MIRAI-GREIP_FLOOD
0.43037224,48.044888,66.36424,8148.715,-0.012901302,0.0037451864,-0.028141392,0.010246598,-0.014229333,0.021214632,-0.0016844948,0.44272792,0.36245131,-0.054669898,-0.117637366,0.016759273,-0.0030272433,0.018420648,0.024593525,-0.024861338,0.0072414423,-0.017996943,0.006687224,0.014956235,0.011466838,0.027436184,-0.0379633,0.006149169,0.99917936,0.9979113,58658.89,57.18263,536.23914,582.16473,71.33969,609.5171,0.00025032088,104.12883,2502.708,MIRAI-GREIP_FLOOD
1.6384678,45.39502,69.091934,10811.432,-0.005465159,0.004670586,-0.003975015,0.002338833,-0.0074715354,0.023449149,0.013085773,-2.491778,0.09994039,-0.023998886,-0.110666074,-0.011326786,-0.004173394,0.003336412,0.040263444,0.014941489,0.015084099,0.003844318,0.013758481,0.046691258,-0.010407569,-0.01282888,-0.015537637,-0.0101527,1.0102588,0.9662611,49993.363,105.84399,364.23755,502.36923,-8.792202,495.6057,-0.00028975372,93.65627,-20355.955,MIRAI-GREIP_FLOOD
2.4740295,44.06132,63.81248,1937.8313,-0.05230548,0.018878853,-0.036960553,-0.0145087065,0.045264915,-0.06212682,0.02332636,2.864098,0.7286259,-0.03128634,-0.023046127,-0.10077987,0.1877939,-0.0058599003,0.043161392,-0.047147196,-0.030706894,-0.04599066,0.10551989,-0.07125474,-0.042070866,-0.02693423,-0.02147704,-0.0032202154,1.0506046,1.0209088,54268.78,177.66225,628.78467,570.6325,1.8691835,581.1391,0.00035949348,102.09322,-799.79865,MIRAI-GREIP_FLOOD
0.4870224,43.144905,62.606865,1796.925,-0.06573742,0.02048221,-0.057897273,-0.002238172,-0.030867299,-0.015885074,0.056807283,-2.2126951,0.40612125,0.017711908,-0.13362269,-0.016315535,-0.020296277,-0.0024596509,0.0037700962,-0.0047272304,-0.033467982,-0.015868584,0.068728745,0.05532906,-0.047843866,-0.047975287,-0.014164288,-0.040052585,0.99413836,1.0006901,53839.918,179.10016,509.85565,555.8414,2.563589,578.2069,0.00031342017,97.22722,9008.452,MIRAI-GREIP_FLOOD
1.9360847,44.732365,63.182903,2411.2795,-0.042708844,0.005228679,-0.013646184,-0.024121536,0.044499516,-0.046706118,0.006232662,1.1721901,0.08460106,-0.012610237,-0.08466834,-0.035898186,0.023971274,-0.018295888,0.03510247,-0.021025043,-0.03148281,-0.044276215,0.119356036,-0.040409207,-0.02842051,-0.018383455,-0.039587118,-0.013606174,1.0454081,1.0130907,55219.703,178.74146,535.8197,541.3857,-16.385311,576.41504,0.00041002734,98.60783,-230.97937,MIRAI-GREIP_FLOOD
-0.55140114,49.425213,63.701252,2765.8096,-0.0052276533,0.013742912,-0.017652543,-0.009689012,-0.06291595,0.030505612,-0.020611495,0.43699574,0.87447214,0.011926274,-0.07778549,-0.0621864,0.020923933,0.005932986,0.0098613035,-0.018975183,0.021561077,-0.001522433,-0.03881526,0.014037775,0.014019728,0.032791007,-0.010938853,-0.038496077,0.9954995,0.99600065,55249.594,65.544716,522.9659,522.3788,66.70761,547.5526,0.00055914785,106.04182,2153.27,MIRAI-GREIP_FLOOD
-0.6632557,46.78564,63.855515,4698.2,-0.022352114,0.0030274556,-0.004817953,-0.008067983,-0.017197529,0.011469783,0.03755068,-1.2291775,0.18655731,0.06954208,-0.038255423,-0.073372275,-0.00652283,-0.01952538,0.044087812,-0.010604178,-0.02087203,0.0146844685,0.0066313148,-0.040927656,0.0034271437,0.013937207,-0.024960468,-0.06808453,0.99986976,0.97248274,55976.523,154.66156,454.05157,531.5498,8.008943,542.16705,0.00062020007,103.399704,-10.082947,MIRAI-GREIP_FLOOD
-0.3767643,44.919136,64.45205,691.4861,-0.051896717,0.012719564,-0.03449451,0.02195027,-0.030423148,-0.04501786,-0.0034401915,-0.40770864,-0.05330075,-0.04076479,-0.094843864,-0.09036565,0.0031932674,-0.01865817,0.02753067,-0.0821495,-0.01614641,-0.058662824,0.05968809,0.050384637,-0.0294902,-0.022251716,-0.019325506,-0.019535247,1.0204272,1.026092,55908.684,178.93774,696.653,553.3807,1.5437202,609.24634,0.00043839333,98.80562,-2863.8674,MIRAI-GREIP_FLOOD
1.3799973,45.35607,61.9534,8203.961,-0.0070510427,0.0096389875,0.0024879118,-0.004720083,-0.017742392,0.0044417735,0.008422096,-2.147353,0.35098568,0.03632724,-0.12968668,-0.03450728,-0.01751543,-0.008409679,0.060684737,-0.0045083463,-0.014313281,-0.01209414,0.053508997,-0.029046802,-0.023043817,0.02381081,0.009021316,-0.004147142,0.9462452,0.92530847,52480.164,131.08412,403.10956,477.17798,5.868306,494.23102,5.9256505e-05,98.04188,-12672.679,MIRAI-GREIP_FLOOD
-0.8422909,46.796745,63.645706,6138.774,-0.023897456,0.012969029,-0.0057932665,-0.012653341,-0.042446785,0.019788248,-0.003806206,-0.8658377,0.37288204,0.026488846,-0.031202652,-0.12240647,-0.0007326584,-0.0110186115,0.040534362,0.011267265,0.010466938,-0.021901209,-0.0075065494,-0.018610269,-0.009891881,0.005448536,0.00014869496,-0.013015296,0.9875091,0.98963255,58160.13,153.91443,534.0709,565.77515,29.728855,565.1935,0.00022485986,102.506226,5408.037,MIRAI-GREIP_FLOOD
3.1743202,45.993446,65.663445,550.22144,0.029849581,0.0031553742,0.00015364494,0.016172094,0.07692153,-0.019753845,0.023774134,4.1004233,-0.041259214,0.31027398,0.004864186,0.013325995,0.015388382,0.017680004,-0.00020236243,0.0002196664,0.008192001,-0.03293778,0.09359324,-0.05438535,-0.037423212,0.012338486,-0.031948354,0.0014480017,0.9973006,0.9938511,52955.867,65.038025,551.00226,504.2727,82.02321,477.10257,0.0013912419,105.35186,1515.7847,MIRAI-GREIP_FLOOD
4.127656,42.76089,70.836,2933.645,-0.042936858,0.013378466,-0.009577915,0.0016819999,0.06754515,0.009322654,0.027853856,2.255828,0.88822573,-0.034091067,-0.09253717,0.013148845,-0.0033380992,0.034090664,0.03639132,0.017027725,-0.008100604,-0.0041786022,0.10760325,-0.028046919,0.00558767,-0.0065251975,-0.016045613,0.0050950143,0.9719422,0.9491249,52016.523,97.74127,532.5376,510.21017,66.804855,525.7881,0.00016095438,98.582466,5030.6963,MIRAI-GREIP_FLOOD
3.1515884,46.66549,63.593002,5055.036,-0.026228674,0.003255979,-0.02927693,-0.0028733388,0.08351478,-0.018857896,-0.01797316,10.803845,-0.07939276,0.012551694,0.17515145,-0.15588479,0.2826421,0.0029199012,0.051643357,-0.021920033,-0.052898027,-0.04312347,0.10202712,-0.069032505,-0.049805537,0.010020878,-0.057197604,0.0065041985,1.0127997,0.97930384,59950.22,117.7317,544.77136,611.69025,46.661385,576.2562,0.00054159126,102.553734,-11563.686,MIRAI-GREIP_FLOOD
-0.9186249,49.139824,64.06286,5824.215,-0.022481801,9.310618e-05,-0.0072642528,0.03018092,-0.09949475,0.03354541,0.03897662,-0.94392884,-0.13472901,0.20369974,-0.062687606,-0.11715647,0.038504507,-0.02643192,0.022701694,-0.003919364,-0.0051411893,-0.029849492,-0.021740258,0.019731957,-0.020248305,0.029762572,0.008407188,-0.016456662,1.0335367,1.0273803,60428.348,170.42883,585.1322,559.48773,16.803398,549.6505,0.00032276413,100.68266,-7930.2837,MIRAI-GREIP_FLOOD
0.20797539,44.024067,64.0984,2594.937,-0.0118992375,-0.0028826164,-0.0101873,-0.012568064,-0.04715786,0.0040546637,0.022367788,-3.3541813,-0.003979951,0.06751227,-0.08366905,-0.05719427,-0.016124109,0.008481493,0.03314768,-0.011967992,-0.008106748,-0.011558634,-0.011088252,0.11107341,-0.0004401314,0.00034153112,-0.035410576,-0.041125473,0.98292094,0.97188324,50350.957,159.01865,412.03784,502.8174,-21.993538,520.48914,0.0003335392,96.548645,-26561.135,MIRAI-GREIP_FLOOD
-0.18867493,46.84664,66.78049,2951.1965,-0.009288321,-0.0034452048,-0.016091216,0.0008591152,-0.01783623,-0.0025052326,-0.008476951,0.9365711,-0.08201677,0.2147855,0.031818617,-0.055958964,0.06574297,0.00022575725,-0.004507415,-0.036459576,0.018920021,-0.03852337,-0.012990594,0.10219359,-0.0074860947,0.01823886,-0.048167706,-0.0032228045,1.0134578,1.0002015,55380.496,67.42439,604.04346,555.4492,94.90202,567.741,0.0005315555,100.498856,-188.71481,MIRAI-GREIP_FLOOD
0.56663513,46.491993,64.69525,3594.4873,-0.019733917,0.012507168,-0.02277803,0.011983574,-0.055478103,-0.0019311917,-0.009581407,-1.2554827,0.2850564,0.10275736,-0.101090536,-0.10706639,0.098125964,0.0053935684,0.049318895,-0.007831956,-0.007049187,-0.024506802,-0.014157593,0.025038065,-0.01383319,0.0027968385,-0.008961869,0.0009410456,0.9832688,1.0007828,53811.465,165.05331,508.42743,536.63196,14.313036,560.64685,0.00047232996,98.30716,-13833.923,MIRAI-GREIP_FLOOD
0.4783039,47.76421,65.96025,2016.6001,-0.013093853,0.017323522,-0.025845382,-0.016795648,0.03567102,-0.024133265,-0.0014170934,0.88735396,-0.1726644,0.10669031,-0.020887341,-0.029220141,0.0019761466,0.019182486,0.017789716,-0.0206805,-0.012235012,-0.09563105,0.051017582,-0.011868212,0.008356811,-0.018808626,-0.06342015,-0.0435612,1.0128353,1.0423045,57255.79,177.57805,471.2527,558.15814,-41.940437,564.03656,0.00026633576,103.35975,-22432.752,MIRAI-GREIP_FLOOD
4.3116064,42.57867,66.26571,3034.4473,-0.009385272,0.016598737,-0.0037718401,-2.7325004e-05,0.13014528,-0.0044356994,-0.006592092,11.88542,0.95923877,-0.0697873,-0.060155265,-0.031500343,0.07462049,0.014133442,0.01590601,0.0062268367,-0.03390345,-0.02679991,0.10650408,0.003893863,0.0108592175,0.0028275966,-0.051274404,-0.0038962811,0.97902185,0.9645184,50709.582,82.62486,644.7372,497.53235,106.216644,514.4951,0.00058195106,100.902145,12690.776,MIRAI-GREIP_FLOOD
0.2921734,47.41966,67.323296,5907.1357,-0.012935203,-0.004861453,-0.030942207,0.009427755,-0.053006813,0.0066881003,0.018244172,-1.7325583,-0.04971964,0.14953095,-0.034701306,-0.076651916,-0.00018437766,-0.007822974,0.057152547,-0.011149304,0.0060781185,-0.0105377,0.015699267,0.010613266,-0.030546796,0.009771489,-0.036203355,0.015657848,1.0092275,0.95843405,56645.992,154.49704,481.05103,539.0363,9.594061,532.83966,0.00026849477,98.22933,-11869.843,MIRAI-GREIP_FLOOD
-0.4600258,47.062225,64.290306,2756.0723,-0.025965277,0.009688451,-0.032795664,0.0011848676,-0.05731573,0.023347156,0.03326762,-2.06419,0.095840655,-0.014464537,-0.050751608,-0.040864587,-0.0051453803,-0.007813414,0.03716565,-0.013057796,-0.027639745,-0.034165747,-0.008180499,0.01840049,0.004698129,-0.017883405,-0.027356725,-0.036722332,1.0037638,1.0161284,58575.504,175.32176,480.96677,527.25824,-3.8494167,561.7194,0.00012880916,98.63434,-3459.7573,MIRAI-GREIP_FLOOD
1.6024132,43.990273,70.694565,217.26318,0.008667697,0.010890156,-0.001131387,0.004442293,0.017039847,-0.008944342,0.006461628,1.7331278,1.0071124,0.016061679,0.041024506,-0.0153629305,0.011798202,0.018506799,0.033315174,-0.008281357,0.00022887718,-0.026547682,0.04332149,0.04525607,0.0026781322,0.031732205,-0.043327488,-0.03524039,0.9961454,0.98884046,51724.348,55.384964,589.0508,539.1794,97.030525,553.0521,0.0005977287,99.19253,19048.975,MIRAI-GREIP_FLOOD
-2.3869534,49.381203,64.03242,3362.8882,-0.00029880553,0.0057135816,-0.011218337,-0.00820694,-0.064390674,-0.025665099,-0.007324338,-1.3407421,0.15972781,0.15784037,-0.12990853,-0.10305621,-0.012698236,-0.015670966,0.0056276936,-0.058772545,-0.008651995,-0.013914253,0.027943075,0.033196125,-0.045490883,-0.05870061,-0.049359184,-0.01754535,1.0798926,1.0169324,57451.848,178.4886,520.98456,568.12244,-11.2307415,578.2228,0.00075529853,103.71384,17507.586,MIRAI-GREIP_FLOOD
2.5850143,44.259396,61.253822,778.5156,-0.021016078,0.00022567436,-0.024684707,-0.0011294669,0.03034788,0.020632839,0.020694008,-0.24079072,0.21296538,0.032720257,0.016797218,-0.014467945,0.0071038674,0.009816763,0.015826475,-0.0052890508,0.0140707735,-0.010848743,0.08323139,-0.0444172,-0.026542468,0.035947092,-0.01585345,-0.044695742,0.9808003,0.96427447,56342.54,63.671906,575.5857,532.3801,96.31843,528.8148,0.0006743905,99.76441,9164.118,MIRAI-GREIP_FLOOD
-0.58854675,46.728577,64.237015,4966.5425,0.0036779232,-0.0015920732,0.01124783,-0.013157635,-0.021006139,-0.03362507,0.0117548825,-3.960765,0.06698409,0.05815119,-0.06605321,-0.07612544,-0.010714915,-0.0105083585,0.044595234,-0.020890802,-0.009312701,-0.029695533,0.009127855,-0.005017697,-0.00038280617,0.004791553,-0.041145273,-0.026734482,0.9671874,0.9617095,56585.805,118.68789,433.87592,513.25024,-32.250893,551.1166,0.0003082726,102.73531,-32538.338,MIRAI-GREIP_FLOOD
0.16078568,45.457123,62.606575,2216.832,-0.059937205,0.006931515,-0.01161839,-0.0018090844,-0.07097948,0.017156908,0.053491894,-1.1056516,0.20584863,0.006103944,-0.09475041,-0.048835352,-0.008693167,-0.0042654527,0.034167625,-0.014826365,-0.020561546,-0.025584733,0.011783242,0.028794143,-0.017977789,-0.017399536,-0.02866176,-0.031590875,1.0087938,0.9845025,54547.6,176.65572,548.6229,541.1055,28.973383,576.71466,0.0002995847,98.707214,2090.736,MIRAI-GREIP_FLOOD
3.0816288,46.81064,65.064865,4953.9575,-0.0018678606,-0.0041700355,0.006771437,-0.01432824,0.13699229,-0.010663649,-0.011111574,15.415824,-0.0969417,0.062866524,0.6573523,-0.026000384,0.008832193,-0.00013340265,0.0064645987,-0.032383196,-0.0111013455,-0.045301102,0.13145685,-0.0086274985,-0.02696248,0.014439743,-0.053738527,-0.015865654,1.018956,1.011253,51593.11,56.53327,452.90308,587.02545,67.63965,533.93066,0.0006363258,102.57944,2664.1682,MIRAI-GREIP_FLOOD
1.3109341,44.6974,63.596786,3926.3645,-0.01420928,0.008495209,-0.0042312127,0.0025043604,0.029214367,0.013045391,0.032809407,-0.83725,0.4082669,-0.060620524,-0.020318676,0.047655035,-0.01126443,-0.0014538271,0.029852033,0.026948497,0.0088099195,-0.019092638,0.07646996,-0.047179487,0.015972594,0.02910788,-0.027648885,-0.05666178,0.99051946,0.9685326,56568.035,63.896305,564.44055,543.7219,77.730255,562.34766,0.00046888494,100.31154,5119.589,MIRAI-GREIP_FLOOD
0.70013046,46.82521,65.32144,1000.9568,0.04120653,0.0002481453,-0.0066794804,0.0060502402,0.010560095,0.020702492,0.03431183,0.31937623,0.023555828,1.2731321,0.0390866,-0.0063942,0.00522099,0.009912196,-0.011239256,0.02070071,-0.004982592,-0.014296416,0.037281156,0.0065867654,-0.03372983,-0.0020079047,-0.0057260646,-0.04348868,1.0138663,0.994679,55086.777,83.5788,482.4762,553.3859,41.76423,540.8272,0.00050070795,100.40473,-10563.779,MIRAI-GREIP_FLOOD
-0.7925091,45.768143,63.943016,8666.256,-0.009724879,0.005335948,-0.025611034,0.0074197925,-0.053406507,0.0051335567,-0.007915963,-3.2489033,0.13060077,-0.043859143,-0.030092854,-0.06099537,-0.00449319,-0.028484877,0.056688644,-0.048823334,-0.008169722,-0.011719818,0.009524584,0.055489525,-0.0010164129,0.008243752,-0.028431842,-0.03130144,1.0360446,0.9926673,56860.594,170.27745,475.23126,533.65485,8.921913,558.99457,0.0003358582,94.95249,3281.7952,MIRAI-GREIP_FLOOD
4.8576202,44.27476,65.36548,1314.8291,0.0063056033,0.0032412156,0.000179247,-8.305535e-06,0.09286664,-0.016440596,0.020219263,0.6467998,-0.0034801662,0.13093589,-0.085880354,0.03967958,0.0016589571,0.02525914,0.005620988,0.020805055,-0.011442146,0.014349075,0.1054827,-0.020638747,0.007514683,0.025894873,-0.046519976,-0.018946793,0.97138375,0.9570254,49245.887,69.83179,245.47873,468.41824,2.9942236,460.6153,0.0014064645,99.53376,-31866.076,MIRAI-GREIP_FLOOD
-0.619133,44.505833,63.763554,4649.5967,-0.012508127,0.0068693417,-0.031937134,0.008154811,-0.063488945,0.011739601,0.019951591,0.21461058,0.13684174,0.15811609,-0.031180635,-0.04418526,0.0075389235,0.009409128,-0.003386815,0.002799905,-0.0008634012,-0.013812212,-0.015609801,0.12163294,-0.016344098,0.01215401,0.007314416,-0.034404736,1.0146111,0.9964152,52505.574,72.07461,581.07336,521.5682,84.23906,523.8893,0.00041328976,95.81068,3969.7378,MIRAI-GREIP_FLOOD
3.199955,40.72074,63.637608,1452.729,-0.008988463,0.0020712458,-0.014500879,0.0021044102,0.054938175,-0.018787172,0.026964162,0.1753797,0.038650323,0.015903652,-0.0178761,0.009856188,0.0071081044,0.009039942,0.01456815,0.013265016,0.006685001,-0.007036724,0.11560202,0.037205752,-0.027757917,0.017933028,-0.0049782684,-0.025681421,0.9957936,0.97537524,50171.02,67.535126,469.1366,487.07513,81.946236,489.88126,0.00053886394,96.41177,8052.1973,MIRAI-GREIP_FLOOD
2.9821606,44.632538,65.86676,3666.3633,-0.013602467,0.011716858,-0.005698751,-0.0044554602,0.07987795,0.034396037,-0.0019469624,0.63658094,0.31375253,0.048056245,-0.099811636,-0.0053545367,-0.017428486,0.0038292073,0.012822419,0.02441304,-0.00671773,-0.01806914,0.1036976,-0.061311223,-0.0026876456,-0.0163392,-0.026291445,-0.018111397,0.999707,0.9947955,57871.91,64.573524,482.6421,525.7156,53.90062,523.26337,2.8234688e-05,100.888885,2834.709,MIRAI-GREIP_FLOOD
3.7295303,42.329628,67.39372,3695.0112,0.004505627,-0.0007535703,-0.012474058,0.008504499,0.08158229,0.0027523986,0.02980531,2.6390374,0.24488181,0.09755888,-0.16759393,-0.057074025,0.1949447,0.02869649,0.03613238,-0.043680143,0.015794069,-0.003954633,0.097342074,0.031016208,-0.006780302,0.026501294,-0.04186877,-0.024424352,0.9929583,0.9789176,47929.086,55.775497,641.70154,477.96933,95.437325,468.69693,0.0006420748,98.01847,16712.152,MIRAI-GREIP_FLOOD
3.025999,44.018528,63.109283,5449.662,0.010723638,0.0038231828,0.022808932,-0.006211436,0.08475269,0.0033462415,0.03191769,7.6381264,-0.26514903,0.22820018,0.049401764,-0.009297141,-0.008741333,-0.022610236,0.037718244,5.2112155e-05,-0.012660473,-0.052118517,0.088457346,-0.074687645,-0.015840486,0.046861865,-0.019745853,-0.023537425,1.0004573,1.0086105,56775.355,157.596,426.70673,518.0162,-1.9981899,501.1112,0.00027933434,99.03434,-8410.49,MIRAI-GREIP_FLOOD
-1.5196304,48.30507,64.170616,5180.1177,0.008775377,0.00479904,-0.027475497,-0.0042308355,-0.09054152,-0.004498696,-0.002991627,-2.086462,0.262256,0.082968034,-0.010050534,-0.12815954,-0.011547513,-0.00088974833,0.041735075,-0.037934843,-0.023776928,-0.022922272,-0.03937614,0.011675117,-0.02248071,0.004212309,-0.03384573,-0.010567605,1.0268351,0.9977884,57222.734,172.17647,460.25653,538.9918,-0.87771606,562.0122,0.00046148815,102.29374,-4447.5903,MIRAI-GREIP_FLOOD
1.1634464,41.32971,63.019585,3917.2317,-0.020879025,0.0067071663,-0.041301034,0.022225654,-0.00021150336,-0.02328906,0.028515771,-0.19502497,0.1702685,-0.070716314,0.03046824,-0.024949796,0.058333572,0.011148992,0.014172168,0.01612072,0.0064202165,-0.027554585,0.057027996,0.093074925,-0.028377632,0.057297938,-0.007219156,0.006236639,0.9644222,0.95352304,52183.367,71.53827,621.21375,502.69156,116.22579,500.77573,0.0005470133,94.91937,10659.538,MIRAI-GREIP_FLOOD
1.8936462,46.21983,67.004395,-685.08105,-0.007841167,0.026254255,-0.01664371,0.0049006934,0.020082865,-0.0034077913,0.0070590894,1.3687023,1.5189928,-0.034182366,-0.11169475,0.051708814,-0.0061825896,0.025765186,0.03663303,0.006353436,-0.011590481,-0.009019169,0.03477806,-0.009767502,0.010299663,0.029299336,-0.025444932,-0.02443318,0.9855176,0.9860035,53197.67,58.28679,473.22745,515.066,62.934296,531.8871,0.0012891213,99.59848,1083.0758,MIRAI-GREIP_FLOOD
1.0565281,47.957253,65.13455,1877.8271,-0.003050156,0.009454891,-0.026450222,0.017898826,0.0174485,-0.021094156,0.0055987365,1.2046665,0.092388526,0.18315153,-0.049007904,-0.030526683,0.005442631,-0.0021929853,0.020960938,-0.005642483,-0.043033496,-0.06691382,0.040804446,-0.06478443,-0.013387706,-0.007714964,-0.036241468,-0.005755145,1.0221885,1.0136055,57527.3,177.64825,537.45825,537.28345,-12.56568,552.64935,0.00031390722,101.73561,-18603.22,MIRAI-GREIP_FLOOD
2.7711678,44.454777,71.647804,5459.8896,-0.024934899,0.16016674,0.014361797,0.0025264607,-0.034016207,0.052909173,0.013504142,0.35209882,4.0147605,-0.058606435,0.0012816675,0.008862086,-0.018374776,0.024132805,0.009712962,0.0178485,-0.013589985,-0.024699815,0.12305844,-0.051427353,0.034565147,-0.0053995056,-0.045111623,-0.018657664,1.0199716,0.9814014,53853.453,57.692833,451.79956,514.0717,45.290916,528.0847,0.00041988638,96.48468,1581.7253,MIRAI-GREIP_FLOOD
0.8788471,47.462547,63.889824,1711.3274,0.003564898,0.0052610743,-0.006604474,0.0072709,0.01532523,0.022281,0.02491891,0.40385747,0.093437046,0.09319112,-0.04806284,0.020151597,-0.009518667,-0.016752055,0.009699835,0.013886459,-0.019893337,-0.027528744,0.054407775,-0.042091332,-1.0600779e-05,0.033456102,-0.022306824,-0.013899969,1.0186533,0.9882055,58601.69,57.75598,552.2724,577.9906,84.94316,591.2962,0.00039827864,103.264946,8138.4077,MIRAI-GREIP_FLOOD
3.2795563,42.542015,64.623375,3176.4185,0.0015417952,-0.0020017244,-0.022380827,-0.006853796,0.03315585,-0.023776775,0.0293342,-0.48255587,0.004376024,0.012613422,-0.058016967,-0.023403635,-0.0063802795,0.0073813037,0.049866863,0.013884196,0.01917919,0.005809013,0.08163226,0.0074334596,-0.0042250776,0.011124019,-0.030358333,-0.028860437,0.9843793,0.9735272,53908.23,126.33945,494.49185,510.8028,34.047462,509.15482,0.00030608076,96.72841,1781.7402,MIRAI-GREIP_FLOOD
2.5849724,41.811363,64.52916,3446.5493,0.014273768,0.0027511476,-0.016552929,0.015794812,0.04166054,-0.009683712,0.041468594,0.23522472,-0.16316874,0.17859659,-0.029776933,0.014185289,-0.0031889908,0.008830613,0.0043927645,0.008714841,0.019050375,-0.01598051,0.09903854,0.053473853,-0.03144322,0.006005685,0.004111789,0.0067156088,0.99409705,0.9754258,52361.95,80.62694,475.63083,511.2304,67.765656,517.0082,0.00045239832,97.64698,2848.539,MIRAI-GREIP_FLOOD
3.6985722,43.135315,88.62056,2698.0483,-0.03243301,-0.001144614,0.0064637233,0.00417469,0.068937086,-0.02060554,-0.012540823,4.195749,-0.012242645,0.08378147,0.20563924,-0.049559787,0.116857566,0.027215937,0.004339884,-0.022374712,0.0010703551,-0.057998706,0.08688581,0.06815395,0.004215429,-0.0013698463,-0.027064528,0.018878462,1.0066036,0.97944456,47687.01,74.21611,686.4214,479.58508,92.52015,441.3909,0.0007629724,96.94161,-1816.7993,MIRAI-GREIP_FLOOD
1.6564293,42.341404,65.516914,286.50195,-0.0138266925,0.012293092,0.009560957,-0.002010734,0.038010567,0.0032682084,0.01125503,1.1018159,1.1327089,-0.002053827,-0.030885871,-0.027251307,0.0052294764,0.011346013,0.012520625,0.00069816597,-0.012087891,-0.013086956,0.07854825,0.029160982,0.004378236,0.004397543,-0.031781442,-0.039594643,0.9991216,0.99335265,54385.094,65.04608,555.402,524.843,82.90512,552.2568,0.0006033358,99.80621,11613.348,MIRAI-GREIP_FLOOD
2.1989765,43.09756,65.0798,4939.522,-0.0024408288,0.008768402,-0.015226094,0.015999721,0.031638376,-0.030030953,0.017313538,1.8988129,0.13242888,0.054053813,-0.037442587,-0.005471534,-0.0260578,-0.02284868,0.04653046,-0.024674803,-0.001489257,-0.022528257,0.065650344,0.0074942107,-0.024356497,0.019757442,-0.032651454,-0.023256715,1.0103263,0.99305844,53353.027,156.26431,492.37744,514.0662,-13.544601,521.95953,-0.00011067653,97.26226,-18148.441,MIRAI-GREIP_FLOOD
0.33031654,44.7393,72.96145,-271.96484,-0.027072757,0.025788939,-0.0009470596,-0.00038686208,-0.009972243,0.0048744474,0.004213173,0.5737941,0.7511365,0.059731312,0.04022401,-0.033856302,-0.0015413497,0.030576792,0.021052916,-0.008209133,0.03132188,0.008990307,0.028594434,0.09091445,-0.008755706,-0.00569117,-0.0075241593,-0.022973744,1.008424,0.9968122,50465.453,61.414585,410.19946,466.36777,34.361847,491.5659,0.0006435065,97.44576,-9018.786,MIRAI-GREIP_FLOOD
-0.10600662,47.580555,66.29866,294.95752,-0.006798897,0.009192242,-0.020283403,0.012457509,-0.016365387,-0.015760904,0.020909544,3.746411,0.85271907,0.025219101,0.032979146,-0.044627223,0.038025293,0.04079478,0.030639283,0.0105727315,-0.0031521707,-0.019051056,-0.0073019266,0.00084487355,0.031636596,0.004915553,-0.05342832,-0.0135056,0.9824958,0.9757858,58450.902,92.90265,1022.2883,535.84503,108.98008,550.2788,0.0015539427,106.22283,14258.536,MIRAI-GREIP_FLOOD
1.4901829,44.416183,65.58381,2185.4912,0.007921708,0.0028283354,-0.011361573,0.00622543,0.014869064,-0.017968042,0.005083694,0.7265366,0.01661293,0.18155947,-0.11798036,0.0038840063,-0.0049311905,0.012784422,0.020583047,-0.0056757545,-0.003358135,-0.0222724,0.0507223,0.045946974,-0.010298045,0.0007842574,-0.009982203,-0.005578166,0.9875813,0.9849539,55051.63,75.054375,541.78064,521.8648,70.9721,547.8635,0.00046542872,100.26082,5279.773,MIRAI-GREIP_FLOOD
2.7638378,45.529854,68.033676,2283.8162,-0.0015523192,0.012119149,-0.005329449,-0.0065732696,0.04170388,0.013261151,0.005895775,0.48968226,0.60617554,0.16463754,0.0077830064,0.008032214,0.01197496,0.020150727,-0.0028796494,0.016775534,-0.012878504,-0.036237773,0.05186093,0.0121339625,0.005587698,-0.007155209,-0.025670234,-0.020556023,0.9929383,1.0144107,53413.17,74.379005,447.86658,539.01434,43.68398,531.38995,0.00033830883,100.315025,-6424.456,MIRAI-GREIP_FLOOD
-1.3410873,48.44659,64.40054,4916.363,0.002756836,0.0025073946,-0.0012601377,-0.008027056,-0.05592096,0.0152898105,0.0023431936,-4.749845,-0.019785536,-0.005064765,-0.11928254,-0.050500043,0.0022580447,-0.018099248,0.044214875,-0.010305698,-0.010870298,-0.02961253,-0.00023686886,0.0041017677,0.0035666581,-0.02791372,-0.03339521,-0.0095173335,1.014003,1.0088791,57077.184,173.87456,410.47974,521.6223,-44.320602,557.7221,0.00018836098,100.120575,-14605.93,MIRAI-GREIP_FLOOD
-2.1451435,47.5944,63.681488,-427.98438,-0.03109744,0.01605316,-0.029449014,-0.017720416,-0.108238,-0.02021391,0.027092772,-1.6854548,0.22708902,0.112701416,-0.10738391,-0.13255112,0.010447993,-0.023892598,0.028002732,0.01379952,-0.013598008,-0.044830926,-0.0757516,0.056700688,-0.036472037,-0.030820098,0.008012195,-0.03791001,1.0369083,1.016661,58995.16,179.39107,745.63464,568.4657,48.05205,609.30164,0.00042566596,99.51172,33876.723,MIRAI-GREIP_FLOOD
2.6429176,43.809303,66.13167,2963.3945,0.02337612,0.014368298,0.0071989135,-0.00016644411,0.06356375,-0.010584364,0.0037011062,1.9258273,0.57704544,-0.019124135,-0.010637081,0.01911057,0.0061874758,0.009736287,0.0010935497,-7.821247e-05,0.0030248845,-0.016035145,0.11468977,-0.021645926,-0.01044834,0.013353429,-0.020681841,-0.003945427,1.0114068,1.000318,53501.35,58.618637,521.9655,532.58624,75.51994,540.3165,0.00029441388,100.00545,9292.145,MIRAI-GREIP_FLOOD
2.2713642,44.096394,75.54312,2207.4417,0.0002475083,0.028358355,0.0167344,0.003216009,0.06885383,-0.03117349,0.007879696,5.148715,2.4051027,0.020197809,0.1804617,0.017527752,0.013142762,0.011873892,-0.00010349788,0.015389175,0.014469514,-0.024267415,0.08027285,0.034328427,0.013314234,-0.0026974594,-0.046801336,-0.024650775,1.0131469,0.993862,49384.137,81.27487,537.1151,506.53894,60.940865,507.91565,0.00070126844,100.52397,-2315.5378,MIRAI-GREIP_FLOOD
1.3477135,44.604313,65.97192,1357.9353,-0.00090307556,0.0057803155,0.0029628142,-0.011111057,0.022861436,-0.0033156609,0.0040828087,1.0095205,-0.24842338,0.0198798,0.1025987,-0.05072035,0.007819466,0.012086792,0.0010420149,0.036654193,0.0020862045,-0.006046761,0.04783988,0.008352047,-0.017295118,0.003995713,-0.03002883,0.003674617,0.9890768,0.98119265,57072.2,90.72943,435.6104,546.3277,23.38642,532.34314,0.0003117109,101.757095,-12041.418,MIRAI-GREIP_FLOOD
3.2381363,42.05884,65.88747,3559.27,-0.024965148,0.0025369772,-0.0091716675,-0.0067858757,0.037917525,-0.005671041,0.028192554,-1.9681351,0.2425079,0.021639196,-0.13155964,-0.031623837,-0.0141127175,0.015062738,0.0326304,0.021189626,0.027494079,-0.0003581168,0.07368773,0.02714223,-0.007531734,0.015745565,-0.009294375,-0.00012707897,0.9698632,0.9704118,52919.88,115.5202,429.3233,483.8527,4.7274437,494.90796,1.8332357e-05,96.186615,-9881.268,MIRAI-GREIP_FLOOD
2.4793205,43.924583,64.18301,4512.6714,0.0025505945,0.007522023,-0.020130163,-0.001215415,0.038492627,0.022915661,0.011843905,0.6892406,0.4589434,0.07584392,-0.108965896,-0.00032975804,-0.009700625,0.029496273,0.021914314,0.01603285,-0.008376471,0.0046435744,0.07079786,0.0012172423,-0.010335352,0.004144709,-0.0035506068,-0.047714137,1.0022757,0.98840684,53339.234,71.33669,466.393,498.14734,53.13516,510.6685,0.000272433,99.09941,7842.084,MIRAI-GREIP_FLOOD
2.0268803,43.236694,65.856575,-85.316895,-0.038607594,0.0041548028,-0.0050649606,-0.008916683,0.024205144,-0.009759043,0.0014258735,0.920274,0.0068558753,-0.09796852,0.34566358,-0.016984977,0.013475222,0.0029794266,0.014745123,-0.0019100169,0.0023242878,0.0091492655,0.08657175,0.03409915,-0.018205876,0.009750504,-0.015400756,-0.003700601,0.97067463,0.95603186,53564.36,76.13353,536.8491,523.5696,92.972984,512.8804,0.00043232227,99.33521,5421.1685,MIRAI-GREIP_FLOOD
3.2582092,42.82118,66.21569,6086.0146,-0.0063351635,0.0036061292,-0.015386288,-0.014643145,0.04787603,-0.01908368,-0.020358615,-1.1959789,-0.15000184,0.050596934,-0.02583925,-0.034389094,-0.02571534,-0.0041019637,0.040309526,-0.0085442085,0.0101407,-0.040279407,0.09216684,-0.020059543,-0.011109593,0.016254786,-0.023044258,-0.008258884,1.0216707,1.0073838,52531.85,171.94505,364.77698,466.946,-48.62731,471.15552,6.5902364e-05,93.111404,-21239.486,MIRAI-GREIP_FLOOD
2.7428818,45.18515,63.834908,5461.2607,0.015403657,0.020066906,-0.003920973,-0.001107985,0.0314906,-0.0074305846,0.023404423,-1.6522226,0.37995788,0.13190578,-0.20221828,-0.016747849,-0.009449825,0.018648643,0.030159194,0.017686328,-0.010226468,0.010092681,0.065792084,-0.03370366,-0.009278172,0.022939973,-0.010297088,-0.02718962,0.9269076,0.9481022,51879.242,94.85411,327.00772,508.62967,-3.3717175,514.49664,0.00022147842,100.87699,-16866.83,MIRAI-GREIP_FLOOD
2.8013,42.7028,64.8843,2683.9448,-0.022049993,0.022946468,0.030531334,0.0010660494,0.039447226,0.03780266,0.00764972,0.22526711,1.2354126,-0.027708625,-0.073498584,0.008455549,-0.017152121,0.0070730965,-0.011565922,0.002516387,-0.0069621275,-0.014497999,0.071772635,0.02090835,0.004924035,0.0023307872,-0.061848465,-0.06326991,1.0051335,0.9567518,52528.492,65.25841,490.14417,503.58832,47.474945,508.92957,0.00029379025,100.638794,-8483.989,MIRAI-GREIP_FLOOD
1.33531,45.854816,64.5867,2737.4956,0.0219309,0.06997592,-0.0017732615,0.0067460174,0.02141536,0.04365051,-0.012699897,-0.16707087,6.840678,-0.010311705,-0.043286406,-0.03439754,0.0017097645,-0.013590705,0.047524795,0.03035429,-0.03956852,-0.04376505,0.03458023,-0.030454835,-0.010812527,0.043655258,-0.03620676,-0.044841364,0.95151085,0.963172,56735.98,57.973072,548.5647,565.25183,64.0968,582.3372,0.00067843247,101.554634,-4018.4744,MIRAI-GREIP_FLOOD
1.4660931,48.15511,66.62092,-214.53369,-0.0020767935,0.0030326077,-0.00512209,-0.025371406,0.032415222,0.00398464,-0.02072041,-0.08946705,0.27499622,0.040961597,0.022866,-0.03390884,0.007972652,0.0010060892,0.010074385,-0.0029982254,0.0059222197,-0.012649143,0.008267403,0.0014016554,0.030114219,-0.00937954,-0.047997154,-0.061559744,0.99501187,0.9994802,53929.066,65.918655,387.4577,514.4258,27.631344,516.9867,0.0007474047,101.82753,-18720.822,MIRAI-GREIP_FLOOD
0.9121494,43.90691,62.877308,2046.3633,-0.054669086,0.0074262093,0.0010301755,-0.005603139,0.0005915258,-0.02490013,0.05556799,1.4720325,0.10653731,0.021884693,0.0032591075,-0.015823014,-0.022826677,-0.026941335,0.033011544,-0.018607888,-0.0122060245,-0.046468783,0.043640554,0.00040249902,-0.01622476,0.00968525,-0.025333127,-0.074359596,1.0196935,1.0252595,57129.992,176.75763,562.0099,566.6417,20.057928,575.22205,0.00035471312,99.141594,5158.8423,MIRAI-GREIP_FLOOD
0.6787529,45.228024,63.77817,3617.5562,0.01606783,0.013431928,0.08110231,0.0006755572,0.04866931,-0.06365929,-0.016572101,5.2322927,-0.013440028,0.13224015,2.4535224,-0.09052314,-0.007331355,-0.025484292,0.026724335,-0.03653009,0.013248732,-0.046109363,0.07228804,-0.020408906,-0.045161042,0.04559323,-0.017568516,-0.019834425,0.96877605,1.040485,53919.344,138.73108,613.5786,512.7133,51.440598,518.1311,0.00063477375,101.21921,2572.8225,MIRAI-GREIP_FLOOD
1.7270241,45.079327,71.71064,2359.8945,-0.037903808,0.006334947,-0.0199512,-0.004218289,0.026292805,-6.009708e-05,0.001191569,-0.05716479,0.016294567,-0.0036295876,0.029716285,-0.059448484,0.010301553,0.015198547,0.03767696,0.0058826106,0.018591195,-0.022089813,0.069865406,0.008370252,-0.011669392,0.00048657414,-0.012817344,-0.0022981595,0.9893133,0.9585094,56971.414,80.133606,403.29282,550.7508,51.1544,531.33673,0.00025731872,98.4827,-8714.675,MIRAI-GREIP_FLOOD
3.9434242,40.65462,73.29573,-497.7212,-0.004295651,0.0032761327,0.015289174,0.018694296,0.07769641,-0.017757865,0.023504023,3.829784,0.06466755,-0.023925591,0.14746444,-0.006865044,0.020945774,0.009712678,0.016219184,-0.017170534,0.00416982,-0.021973126,0.12232709,0.08078942,0.0050309557,0.055143144,-0.0400997,-0.026082736,0.99903804,0.9780344,43602.12,58.964676,567.46594,423.09476,102.73162,432.6529,0.0012403474,94.74885,16042.942,MIRAI-GREIP_FLOOD
-0.3385868,45.170574,63.481846,5511.4688,-0.018295445,0.007990136,0.00015520956,0.010736348,-0.05785002,-0.016336428,0.019008078,-4.452549,-0.22864056,0.03233037,0.0023231283,-0.066251,-0.015157028,-0.05053036,0.020654688,-0.013579128,0.011984193,-0.018499807,0.026582956,0.039040927,-0.033463668,0.008367071,-0.009455838,-0.0020119082,1.0099418,1.0212332,55741.188,177.23201,428.64343,518.3867,-21.909954,548.5428,0.0005289284,97.63518,-5997.007,MIRAI-GREIP_FLOOD
-0.39438248,46.930763,63.32109,13053.691,0.0024290476,0.0131838275,-0.0048252614,0.010051798,-0.041692562,0.02960994,-0.002872555,-1.9451933,0.09839836,0.19929364,-0.0079164645,-0.084947415,-0.017276362,-0.037198532,0.043625686,0.008236467,-0.0040354533,-0.0055851415,0.030588984,-0.009937263,-0.04107084,0.019815294,0.010336245,0.013252685,0.9859667,0.9834114,54404.37,165.84418,323.4526,516.0004,-4.149521,518.1862,0.000100228426,97.244415,-8719.2705,MIRAI-GREIP_FLOOD
2.7079353,43.16151,63.723324,2098.477,0.01742743,0.0032661154,0.0024845288,-0.015327361,0.027707884,-0.023555577,-0.0030114874,-0.8597969,-0.16509551,0.19879395,0.06326212,-0.102924705,0.17219017,0.0003077276,0.020738538,-0.00042839907,-0.0011391705,-0.0372902,0.07973009,-0.009252965,-0.03654725,0.005683461,-0.02612853,0.01339265,0.9795163,0.9919038,52900.63,123.57178,382.0348,498.22897,-7.893093,482.72906,0.0003978918,97.66332,-17076.537,MIRAI-GREIP_FLOOD
1.4773788,46.07114,64.90081,531.0371,0.017011777,0.0044976547,-0.0033143791,0.019266633,0.022216436,-0.011950092,0.0030685542,1.6666791,0.124296814,0.5250203,0.00998659,0.009775133,0.014664151,0.019332616,0.0075039263,-0.0013493234,0.0033959327,-0.033976287,0.05036217,-0.0008578599,-0.025693158,0.01679992,-0.032836087,-0.009305746,0.99528986,0.9904476,54598.78,67.44646,609.53156,517.3679,81.1671,523.75793,0.0017523031,102.67536,5091.837,MIRAI-GREIP_FLOOD
1.8624916,46.420994,64.164764,12079.531,-0.059657004,0.0052745785,-0.010964859,-0.008974561,0.02703789,0.015718197,-0.006762529,-1.8033895,0.2669726,0.051975433,-0.13224219,0.001515518,-0.013718261,-0.017441753,0.031356104,0.007802266,-0.014248304,0.00087074004,0.10170102,-0.037164316,-0.0137041025,-0.005596068,0.0059769116,-0.02431127,0.9662742,0.95037764,56822.93,67.025505,418.5691,540.72253,57.04084,540.3814,1.8029503e-05,100.156,-4238.3857,MIRAI-GREIP_FLOOD
0.35326385,44.606506,64.571,3475.4507,-0.0304573,4.0501356e-05,-0.036023647,0.0025827833,-0.050796427,-0.012526233,0.013527453,-2.2266567,0.03895952,-0.016428964,-0.040907823,-0.047100924,-0.010771254,-0.0014939625,0.04082413,-0.023142314,-0.010873595,-0.0015635649,0.009000897,0.07165584,-0.017076423,0.018038943,-0.026096543,-0.036073223,0.99753267,0.99928826,54797.414,161.10222,454.0006,510.8604,1.7039871,529.4555,0.00025277399,95.653076,-10494.145,MIRAI-GREIP_FLOOD
2.1933746,44.31607,65.43514,2194.202,0.03199762,0.0068151536,-0.0042955787,0.001299206,0.0032269089,-0.008088486,-0.0088905515,0.193851,0.12178019,0.6293217,-0.08624564,-0.061012022,0.09224581,0.035206016,0.009088511,0.029301608,-0.02083175,-0.007065008,0.04499948,0.06199472,-0.016036516,0.0068728602,-0.018156953,-0.005478775,0.9728319,0.9872515,48506.6,86.88387,354.62384,472.34146,-1.3098125,466.54767,0.0014697291,98.41502,-28933.455,MIRAI-GREIP_FLOOD
-0.3679142,47.409744,64.427704,9709.482,-0.004534181,-0.001231592,0.005226182,0.0016640663,-0.06804001,0.010402244,0.0118470155,-4.0897183,0.37246358,0.033045698,-0.115954444,-0.06297163,-0.01297282,-0.022235118,0.053972717,-0.023445563,-0.0058232574,0.01131996,0.016561508,0.007479671,-0.030192666,0.016925326,-0.029417742,-0.010807653,0.9838588,0.9310084,55249.336,132.0043,453.00153,504.99945,-3.9993858,521.8452,0.00017220197,101.59223,-15623.576,MIRAI-GREIP_FLOOD
2.7027397,43.30984,63.38424,6159.79,0.005988786,0.0089074345,-0.02664348,-0.011464055,0.02199002,0.023870638,-0.0040483195,0.3231089,0.25749,0.071459875,-0.11453809,-0.004044762,0.046140745,0.01558039,0.022490818,-0.0033039553,-0.018218555,0.0014679274,0.059691608,0.03382963,-0.011310976,0.022644242,-0.0008717645,-0.017202865,0.9714406,0.98501176,51540.07,62.058083,487.1531,498.53244,63.02252,506.30576,0.0005337098,99.03274,11191.875,MIRAI-GREIP_FLOOD
1.1456604,45.985706,64.348206,3812.6318,0.002638204,0.0018877344,-0.008605834,-0.014268408,0.01561454,-0.025280882,0.007205293,0.9345786,0.027609538,0.036391128,0.012209154,-0.059679482,-0.006026885,-0.010082232,0.05604278,-0.015403196,-0.008788683,-0.02292647,0.04345578,-0.026812,-0.003978112,0.043754242,-0.034349848,0.0021771062,0.9859579,0.98265046,57352.266,121.27266,403.0217,504.5056,-8.437162,507.29532,0.00039911305,102.24859,-22469.965,MIRAI-GREIP_FLOOD
0.19633675,46.813427,64.79486,3630.1323,0.025462974,0.010585769,0.003975355,-0.0058400556,0.0043578176,-0.002923722,-0.040616598,-0.033375382,-0.2517609,0.16107215,-0.028878896,-0.0508355,-0.0070348764,-0.0037128339,0.06978694,-0.0071324822,-0.017433176,-0.04209232,0.004515767,-0.04028299,-0.011908179,0.010583867,-0.012583643,-0.008590798,1.0098155,1.0051218,60409.92,159.22647,450.39136,516.49976,-3.4303093,529.78784,0.0003326431,99.58478,-4531.795,MIRAI-GREIP_FLOOD
2.8902607,42.77295,64.86617,562.803,-0.0075704507,0.0046954365,0.010016429,0.008744473,0.060285464,-0.02135655,0.02575833,0.9351412,0.24114086,0.035385247,-0.0023361854,0.0007639313,-0.00443301,0.018335907,0.012436119,0.023700532,0.009492486,-0.021269504,0.06671703,0.03290404,-0.013660724,0.014667295,-0.048859756,-0.023251679,0.9766685,0.9883208,50029.227,61.928722,378.2864,444.32312,9.879413,463.00504,0.0006158886,100.441505,-23156.992,MIRAI-GREIP_FLOOD
3.3848095,45.15333,68.03528,7823.3438,-0.043198697,0.012285545,-0.0074695707,-0.0015086661,0.08796324,0.029933581,-0.006270248,2.9984725,0.08135397,-0.010042441,-0.016370524,0.008040163,-0.0057844897,0.010298201,-0.004911856,0.034842294,0.0025703385,-0.007519852,0.123270035,-0.03444414,-0.03264606,-0.0056309463,-0.011921636,0.04359854,1.0000708,0.9806512,54314.418,71.312225,529.2476,540.84906,74.69618,517.2692,-0.00021489199,100.20313,2278.9827,MIRAI-GREIP_FLOOD
2.8025303,45.761276,67.321815,2252.6143,-0.024489358,0.0028715823,0.0037374324,0.010290322,0.059397608,-0.022212874,0.02532022,2.2494984,0.2594439,-0.08701402,-0.021583764,0.045454618,0.0063579762,0.008514234,0.0225362,-0.003518397,0.0048467983,-0.048886318,0.060560584,0.0050745597,0.013953319,0.018396188,-0.027607938,0.014937071,0.97352856,0.9812807,52299.977,80.44514,503.83447,530.1996,56.053543,555.83636,0.00012627857,101.33014,-6036.4707,MIRAI-GREIP_FLOOD
-1.0493336,45.61815,64.88254,5351.597,-0.026639748,-0.002757052,-0.018206988,-0.0045981198,-0.009527342,-0.0045282026,0.016421402,-1.0578034,-0.119028255,0.08023951,-0.031865977,-0.024283111,-0.011271632,-0.016139831,0.020065073,0.01609157,0.012747551,-0.019193128,-0.0026230812,0.071711406,-0.012494393,0.009777632,0.014923003,0.0022664946,0.9693925,0.97333694,56983.156,72.98,403.67468,524.75476,13.839671,549.1667,0.00014964728,98.40846,-22849.879,MIRAI-GREIP_FLOOD
1.993887,42.674503,66.096436,2729.5127,-0.0126810735,0.018543618,0.008422171,0.0015880462,0.057246223,-0.049251147,0.008146923,5.3955216,1.3214779,-0.0042341556,0.45990872,-0.043759935,0.0078057195,0.013141826,0.039790552,-0.036619864,0.0051740464,-0.032418557,0.07926422,0.048233908,-0.0054863663,0.013974022,-0.025763849,-0.030634593,0.9578464,0.98935115,49230.11,114.100426,599.80554,488.99527,72.42001,525.03094,0.0006816788,101.2192,9523.213,MIRAI-GREIP_FLOOD
-0.049674988,47.597317,65.27892,-101.20801,-0.010967878,-0.0014466344,-0.020031326,0.011960037,-0.017705297,0.010072827,0.010370599,0.6580935,0.21968925,0.049117744,-0.15035892,-0.024171479,0.00963414,0.009520914,0.042576075,-0.03979796,-0.022116132,-0.025281865,-0.015135109,0.059479553,0.017695567,0.05995397,-0.049380355,-0.018505616,0.95963335,0.95990896,54585.113,57.27796,714.7532,551.22363,120.669014,591.86194,0.0007668693,103.024345,13808.032,MIRAI-GREIP_FLOOD
3.1994114,46.77692,66.61839,4064.5215,0.011679315,0.00023579597,-0.010818409,-0.01307398,0.05251281,-0.0081362985,-0.011033219,-0.7217959,-0.07713137,0.061487563,0.049468316,-0.035811722,0.041057095,0.011876839,0.012274958,0.0073638693,8.63336e-05,-0.051235422,0.07900292,-0.022248408,-0.017443491,-0.006128326,-0.04751391,0.03106578,0.9942745,0.9653595,54532.14,77.82616,374.42517,534.56024,22.095356,508.28775,0.00025144714,101.90394,-27357.766,MIRAI-GREIP_FLOOD
3.8010578,42.899033,63.42844,3726.9424,0.009103305,-0.008836629,0.020229353,-0.007880155,0.08607437,0.005996867,0.036367964,-0.9561349,-0.42272896,0.2679304,-0.035857517,-0.0067109475,-0.006897221,-0.00091571826,0.00035897363,0.034375943,0.003296053,-0.011170347,0.09920597,-0.048374828,-0.026904393,0.012240681,-0.012534721,-0.021260774,0.9801981,0.9645074,52032.043,90.23183,271.87543,454.64673,-17.4374,446.97134,0.0002374495,96.96411,-39896.95,MIRAI-GREIP_FLOOD
4.8067055,42.383915,74.61977,1325.2637,-0.068805896,0.016925221,-0.026697885,0.07242193,0.14478922,-0.021493873,-0.0035071443,13.542926,1.19345,-0.032458734,0.025121044,0.018562231,0.0051511414,0.006882744,0.049574688,-0.016115673,-0.037604168,-0.06521944,0.1549604,0.0035965291,0.026180279,0.046817645,-0.10452077,-0.05877246,0.98436904,0.9665303,48526.71,132.83641,616.7939,510.79312,63.730347,527.5592,0.00020171059,95.931404,-2640.5444,MIRAI-GREIP_FLOOD
0.17713165,45.11142,64.547806,2055.5806,-0.028435951,0.0007941052,-0.017644335,0.005007875,-0.0008058762,0.0061376886,0.027271884,-0.9296162,0.038551528,0.08209054,0.04991907,-0.026042629,0.0014707836,0.011979117,0.007189847,0.018262863,0.0012687873,0.0037041772,0.03046304,-0.009589001,0.0041038683,-0.02680731,-0.011776373,-0.008404552,0.99610835,0.9774307,59898.824,70.61453,523.969,560.08887,68.87265,552.21625,0.00043198653,99.241394,2046.6182,MIRAI-GREIP_FLOOD
1.3413486,42.107418,63.770393,2884.9707,-0.013389697,0.004147166,-0.01705247,0.0062676333,0.028500834,-0.001651913,0.020557374,-0.078522205,0.08771741,0.02557807,-0.06384839,-0.023521531,-0.0011997166,-0.0020135473,0.01118275,0.022096302,0.0010623503,0.008670775,0.080596685,0.03506897,-0.030211419,0.040075444,-0.0030195434,-0.019474024,0.9657332,0.9631802,55725.688,74.288345,530.78503,547.3298,96.79897,551.78296,0.00048180873,98.61871,17409.537,MIRAI-GREIP_FLOOD
0.30348396,48.06262,65.20212,2214.7231,0.028991837,-0.0053412267,0.010193573,0.041265797,-0.009610228,-0.032118823,0.0042452337,-0.2890463,-0.099202186,0.5514789,-0.009810737,-0.023643224,0.0145038385,0.009075668,0.048840974,0.004653996,-0.011676847,-0.00869431,0.020670831,0.004984728,0.0057615456,0.03548359,-0.044646505,-0.02358266,0.98528427,0.96514904,54676.293,97.31044,546.2841,489.36804,19.837852,498.83136,0.0032145898,102.41096,-19686.22,MIRAI-GREIP_FLOOD
1.2405834,44.826035,65.57554,5150.2666,0.011195269,0.0027746279,-0.018810727,-0.0029688065,0.009553626,2.5987974e-05,0.0067599094,-0.04369378,-0.23735625,0.112233296,0.05850614,-0.0502822,0.008445484,-0.009422916,0.03154503,0.014483418,0.022320211,-0.019078774,0.019787848,-0.0062692147,-0.017883262,0.019768665,-0.0004986208,0.024135366,0.99247104,1.0014077,56973.42,146.9694,438.67053,523.69,-0.81198883,532.7651,0.00015061311,97.348175,-16296.276,MIRAI-GREIP_FLOOD
1.635786,42.90232,70.772316,1703.4902,0.01019135,-0.0040643234,0.0045068422,0.027714415,-0.008239256,-0.022795193,0.023918746,0.015509009,0.08666315,0.028317664,-0.096294135,-0.02886763,0.00633275,0.027589118,0.03680957,0.0009442959,-0.013188187,-0.021815838,0.028171062,0.12427798,-0.0041198963,0.024099845,-0.03132079,-0.007131779,0.97892046,0.9542241,49213.145,91.24921,598.2765,504.7292,88.23459,512.38806,0.00120756,96.088104,8730.453,MIRAI-GREIP_FLOOD
2.4561882,46.026295,64.181816,30202.027,-0.028668996,-0.0074092145,-0.0030823122,0.0021130287,0.04902423,-0.034342922,0.007759763,0.43038517,-0.4550023,-0.02397091,-0.032502346,-0.002615857,0.0032108754,-0.03079433,-0.008033802,-0.017756904,0.017157719,-0.025659418,0.09952098,-0.05127752,-0.054167543,0.025831861,-0.022019655,0.010773888,0.99456763,0.9773587,58684.52,63.347366,449.9378,554.72723,74.48845,549.25226,0.00033845106,101.6953,-4217.1167,MIRAI-GREIP_FLOOD
2.5932236,43.468178,63.977844,3208.6208,-0.020180915,0.005656969,-0.022866108,-0.0036386435,0.03786304,-0.015317296,0.0024295505,2.9410288,-0.04430486,0.03004383,0.005821325,-0.05385268,0.08575211,-0.002083066,0.028599175,-0.026793767,-0.005475357,-0.019260427,0.08951193,-0.03348711,-0.011486822,0.037250243,-0.023642777,-0.035045344,0.98370427,1.0017239,55505.637,150.90184,698.3732,530.9663,63.533558,536.56433,0.0012015648,99.01472,11785.861,MIRAI-GREIP_FLOOD
0.77235985,48.501213,75.47385,-891.5459,-0.015397711,0.0037024093,0.020858163,-0.003900808,0.032599654,-0.012020627,0.013655078,1.9268703,0.76097226,0.002895221,0.007552169,-0.03497305,0.010968562,0.010704467,0.007236418,-0.02500242,-0.007827512,-0.021357683,0.0025652647,0.013037873,0.033684194,0.028949158,-0.10701317,-0.053269643,0.9877106,0.9513333,51327.977,55.947895,419.50934,558.4292,67.57448,555.9736,0.0028689667,100.55008,4536.4805,MIRAI-GREIP_FLOOD
-0.47429085,47.41155,64.50178,1688.2725,-0.04124515,0.022019362,-0.031329498,0.0072507635,-0.027533403,-0.017267577,0.0009377743,0.07291603,0.44754925,0.016319003,-0.14002147,-0.048784614,0.010508685,-0.0112693,0.041665845,-0.031335704,-0.00990631,-0.049740378,0.049462914,-0.004476405,-0.014930508,-0.013333876,-0.050528567,-0.038627934,1.0108482,1.0182707,57929.02,178.44714,597.9304,557.86053,-8.213758,609.1849,0.00024356614,102.37552,-4377.5483,MIRAI-GREIP_FLOOD
-0.15489769,44.771904,71.12505,-929.4546,-0.021760315,0.00561757,-0.020801442,0.0005170163,-0.08179027,0.028250461,0.013473315,0.8764055,0.36245006,-0.044818632,-0.010931752,-0.014244134,0.008836924,0.03127629,0.01971684,-0.014140045,0.0058776606,0.0008755876,-0.006184578,0.1671032,0.008583187,0.011467503,-0.02039708,-0.038595736,1.0048225,0.9833015,50357.793,56.373257,574.9863,498.6786,90.6529,515.3719,0.0013547098,99.4101,11239.272,MIRAI-GREIP_FLOOD
1.4468155,42.192516,62.680885,2674.464,-0.016888982,0.0013981609,-0.038240604,0.001112597,0.0027788533,-0.030438974,0.029339913,0.106800854,0.02007678,-0.014208758,0.031269763,-0.041665453,0.0072546825,-0.021477655,-0.004860731,0.00057833735,0.023435757,-0.019947477,0.06876433,0.05067449,-0.035666935,0.0351789,-0.014045296,-0.040657118,0.9863758,0.97893465,56879.883,76.09883,705.7662,567.7778,117.97599,563.6591,0.0006504809,97.974106,16231.924,MIRAI-GREIP_FLOOD
0.817461,45.48775,63.424892,2448.671,-0.048054688,0.009383367,0.010326506,-0.001038853,0.010854544,0.015298222,0.02638689,1.2781807,0.41501158,-0.063809164,-0.10804173,-0.010288143,0.010685565,0.01847708,0.03940264,0.0025566854,-0.016460827,0.0024116784,0.048948586,-0.051629644,0.018003248,0.03403066,-0.0075972076,-0.021419954,0.9607786,0.94906807,54994.13,89.44768,638.8405,539.07495,83.61643,561.26855,0.00040805817,104.25011,6347.3076,MIRAI-GREIP_FLOOD
-0.5152912,46.45185,63.510715,1023.7495,-0.034710236,0.0071766223,-0.010084528,0.0065982686,-0.06401457,-0.0076682395,0.039165236,-0.38165283,0.13379546,-0.0071900985,-0.06078083,-0.062358882,0.001788858,-0.017904574,0.044737253,-0.016067393,-0.0030951924,-0.027952801,-0.01540035,-0.010185534,-0.032052234,0.005655541,-0.00013328157,-0.043219768,1.013527,1.022939,57350.727,175.2254,653.81573,564.64404,45.00226,578.0846,0.0005089627,101.89882,6671.9873,MIRAI-GREIP_FLOOD
1.1317444,45.130337,64.436424,3110.7349,-0.011608404,0.0033995775,0.004408194,-0.011968863,-0.040532388,-0.0008141459,0.005924152,-1.3324742,0.117426254,0.078308664,-0.074262224,-0.11253999,0.07749518,0.032007817,0.0045395037,0.018808179,-0.014729565,-0.015260238,0.00070148706,0.07442654,-0.016441679,-0.0031778612,-0.01734646,-0.0066573173,0.9925231,0.98501784,52238.16,103.855865,405.50598,513.88873,14.815635,502.05612,0.00035985195,97.13813,-17327.152,MIRAI-GREIP_FLOOD
4.244607,44.440845,73.57316,2703.3174,0.0015560817,0.023202075,0.007057024,0.0029154492,0.095938705,-0.020755433,0.01807027,6.9692283,2.075807,0.023695834,-0.08198128,-0.0012043398,0.007647948,0.038751293,0.035815686,0.0027579628,-0.008019397,-0.03703072,0.09618449,0.0140031185,0.006952693,0.026145842,-0.05768213,-0.023678511,0.96851486,0.96956795,47001.668,82.98278,585.35376,466.39774,60.385372,490.4708,0.00058865146,103.15018,-4919.8276,MIRAI-GREIP_FLOOD
0.38814545,44.69651,65.04273,3053.8037,-0.01224229,-0.002536951,-0.0059497473,0.008753928,-0.04994636,-0.013316099,0.036213536,-2.8426993,0.14903,0.016866937,-0.10334588,-0.050751165,-0.0080692405,0.018465983,0.052852623,-0.0074485405,0.013902981,-0.006539752,-0.017093003,0.08968017,-0.0024279882,0.025548972,-0.022853531,-0.006332444,0.97849935,0.9538852,52563.5,107.6657,486.02066,490.65076,39.19689,514.0934,0.00024455378,98.64569,-11562.864,MIRAI-GREIP_FLOOD
0.6977005,46.142838,68.17841,-931.08984,-0.038590755,0.015511053,-0.043306507,-0.0028040353,-0.0019265106,-0.004114274,0.008875934,-0.7926359,0.16829519,0.005196929,-0.06608142,-0.029754888,0.0024353291,-0.0050365087,0.02817128,-0.003963597,-0.027897876,-0.053661916,0.04043144,-0.013124509,-0.013062395,-0.014019855,-0.04451258,-0.04261935,1.0219222,1.0407577,56683.43,178.75731,526.1935,560.576,-49.056564,569.9407,0.0003091928,100.064415,-23150.549,MIRAI-GREIP_FLOOD
1.391531,44.244766,65.76619,2912.8857,0.0015054364,0.0049751857,-0.015325365,0.0020073068,-0.008291006,0.010643512,0.012463868,0.5704316,0.08455129,0.13835791,-0.018357314,-0.014974175,0.0075668655,0.02326011,-0.0038992986,0.0023423322,-0.011930378,-0.02790529,0.052009404,0.079769924,-0.015028481,0.022919573,-0.012348847,0.0012846012,1.0051767,1.0084248,53678.547,57.709503,510.51883,543.0369,66.83536,539.95575,0.00049998757,98.961685,-39.59317,MIRAI-GREIP_FLOOD
1.236763,45.563217,63.839405,1434.0833,0.009922682,0.0007387995,0.020231882,0.014871924,-0.00836058,0.0015844282,0.0220767,-0.3002684,0.059966847,0.1756967,-0.0920571,-0.015349994,-0.0014818459,0.029387705,0.03043211,0.018434143,0.0008791685,-0.03174746,0.015091896,0.026343783,-0.021891654,0.024611324,-0.034151696,-0.028216764,0.9711431,0.96524185,51780.914,79.33477,430.13733,501.03595,41.363064,513.4811,0.0013155146,100.69593,-11268.371,MIRAI-GREIP_FLOOD
1.2607574,44.076607,65.488335,1666.6287,0.010631242,0.0049178093,-0.00878611,0.025677053,0.011519613,-0.011093561,0.03723398,0.6964101,0.08419405,0.22416025,-0.05149979,0.012492285,0.009921254,0.020146204,0.0034525106,-0.006251009,0.0063628657,-0.013837586,0.049215436,0.050239127,-0.010270039,0.015581807,-0.010518757,-0.030467264,1.0085392,0.9931894,53600.18,67.21092,650.6858,525.1289,97.27864,533.09735,0.0006105742,100.22841,12633.426,MIRAI-GREIP_FLOOD
-2.1063023,49.887596,64.403534,1363.1272,-0.029413223,0.008339468,-0.003593557,-0.019151365,-0.0383759,-0.035830617,-0.021008123,-0.7065737,0.078103445,0.076802365,-0.0010879524,-0.113368094,0.00689696,-0.031830553,0.021713756,-0.049942948,0.016192451,-0.041732993,-0.01616025,-0.04502911,0.019281598,0.012398894,-0.039067708,-0.0321164,0.99844617,1.0498645,60952.246,169.76086,505.69794,574.77844,-9.0871315,603.48157,0.00057139504,105.71938,-12964.247,MIRAI-GREIP_FLOOD
4.7970695,42.195175,78.84653,3233.6616,0.007391264,0.0045183743,0.024276113,0.022184882,0.12003988,-0.012147975,0.017546766,8.190222,0.04388122,0.34088784,-0.0014896505,0.06213428,0.003549669,0.005756556,0.016864607,0.007955091,-0.0099885985,-0.065324605,0.17608124,0.019293923,-0.014982694,0.04368924,-0.034532312,-0.015735911,1.0219221,0.9992095,48581.695,57.667458,499.76025,498.3518,67.65802,499.29257,0.00022283614,95.72586,13144.349,MIRAI-GREIP_FLOOD
-0.02221489,50.022545,65.41163,9151.326,-0.00018566847,-0.009321962,-0.008841535,0.0022906521,-0.0012043985,0.060647823,-0.01886733,0.67001826,0.1878919,0.0564087,-0.083436206,0.021550328,0.011866308,-0.014638614,0.03485213,-0.040834554,0.0055698166,-0.041276872,-0.018717527,0.031778574,0.020931305,0.04079573,-0.069485374,0.007834285,0.97453725,0.9561761,59867.164,55.965633,528.5898,625.32794,94.52735,654.64966,0.00029635374,106.66929,11517.317,MIRAI-GREIP_FLOOD
1.377943,44.273094,66.11265,2676.0981,0.003142124,0.00069666654,-0.009505314,0.01312075,0.013608305,-0.020389317,0.0134021025,0.30993408,0.10933752,0.057992324,-0.10070539,0.0016257446,-0.011065447,0.027531948,0.039864223,-0.011425371,0.018651856,-0.013731344,0.023125708,0.05197791,-0.005306371,0.006679516,-0.016893433,0.0024605729,0.9949583,0.97319895,52718.12,77.26451,468.386,493.64767,57.973793,511.09134,0.00035773084,99.14418,-5674.163,MIRAI-GREIP_FLOOD
1.1908016,46.400436,76.6751,1454.9585,-0.0022848137,0.0036414375,0.008457161,0.018010333,0.0029390445,-0.017329141,0.02075623,2.025531,0.087158315,-0.014275655,0.0760078,-0.04486417,0.039965387,0.016460024,0.02531866,-0.022949018,-0.00044283923,-0.058922883,0.01466763,0.10518585,-0.009926153,0.015286583,-0.06639983,0.009131677,1.0085708,0.9933227,49538.85,63.579712,520.7257,479.30148,62.39836,498.18277,0.00076524756,100.36321,-11054.492,MIRAI-GREIP_FLOOD
2.7269745,46.044945,73.847,1595.5581,0.013557209,0.0019342633,-0.018353073,0.0039694556,0.060936876,0.027240979,0.014105028,1.2438029,0.15262738,0.24720755,-0.046139404,-0.051025447,0.052965965,0.025157884,-0.0098810755,-0.007258411,0.010852501,-0.009050815,0.06386185,-0.026709877,-0.008309482,-0.004061458,-0.012263627,-0.025454924,1.0171096,1.0052413,54004.934,66.26175,631.2759,518.311,81.48983,481.18076,0.00016282208,99.04079,7087.48,MIRAI-GREIP_FLOOD
1.4381523,42.732548,61.55402,776.98145,-0.018289912,0.0042497003,-0.0014959462,0.00023620762,0.019201566,-0.014995059,0.03137249,-0.5032095,-0.007033795,0.05419718,0.1499209,-0.014762154,0.00466811,-0.00019472558,0.0035920367,-0.0006273296,0.027436575,-0.022415616,0.07664013,-0.008592507,-0.027982956,0.029124673,-0.014099499,-0.023609547,0.9960275,0.96656203,52920.88,66.74513,504.49017,495.47397,70.02109,492.76556,0.0006547917,99.009445,3202.4453,MIRAI-GREIP_FLOOD
1.0636406,45.219093,68.002205,4295.665,-0.019057937,0.0035370886,-0.040637013,-0.009534873,-0.050739534,0.0007425627,0.0061302516,-2.8133152,-0.08537108,0.031928465,-0.0014836341,-0.026494946,0.0037777976,-0.0071785036,0.025847279,-0.04864712,0.010119364,-0.04156767,0.0326975,0.044449985,-0.012455351,0.00039855368,-0.020774331,-0.0018408708,1.0091892,1.0124364,53306.344,172.2131,512.4791,518.3742,18.11008,534.5988,0.00022346353,97.48395,-729.60486,MIRAI-GREIP_FLOOD
0.4996376,46.736652,63.990513,3124.0967,-0.0260134,-0.0027061796,0.0006091548,-0.0078016776,-0.009004239,0.01102439,-0.005254012,-0.45871663,-0.01556307,0.009734481,0.61090636,-0.036677614,0.0034494647,-0.00875845,0.030793035,-0.032876886,0.014235454,-0.014467344,0.031069636,0.023947652,-0.0010379776,0.01343485,-0.023976574,-0.041252304,1.0010139,0.99713033,54175.566,56.822067,566.67957,561.7707,71.71031,576.3882,0.00040732214,99.321,1708.2725,MIRAI-GREIP_FLOOD
2.162407,45.17397,64.97268,864.5742,0.011290302,0.001695424,-0.0007411628,-0.016566396,0.040954664,-0.00629251,-0.0032419222,-0.18717909,0.003053099,0.011663604,0.013834236,-0.04045552,0.003983811,-0.009345518,0.0020881416,0.02692309,0.008470071,-0.018783359,0.05169159,0.020561969,-0.009918883,-0.007141246,-0.047927782,-0.018144663,1.0094544,0.99234307,52338.4,70.07412,374.865,517.3395,22.351574,515.03973,0.00038064085,100.5778,-26777.55,MIRAI-GREIP_FLOOD
0.8176861,44.3238,64.06006,5251.1665,-0.023240708,0.008938689,-0.029827293,-0.0018026173,-0.027664518,-0.0050575775,-0.0010805158,-0.7401738,-0.03985955,0.006032679,-0.013849119,-0.07036622,-0.009391516,-0.015194734,0.043389164,0.011395732,-0.0063594966,-0.029863052,0.034477293,0.014821521,-0.017505389,0.021531593,0.008353376,0.0014723465,1.0071411,0.9991374,57259.68,165.51456,438.4311,546.73627,2.9001274,547.63257,0.00016355322,96.60313,-3164.608,MIRAI-GREIP_FLOOD
1.0917854,44.58889,65.83858,1747.3435,-0.0006724987,-0.0015586425,-0.0065604155,0.005783672,-0.004224833,-0.0212269,0.019762496,-0.37430596,0.038709257,0.056510996,-0.036950275,-0.02586108,0.010732456,0.010752579,0.017861433,-0.012794122,-0.0004491862,-0.009804302,0.035454214,0.076639585,-0.019192059,0.016460322,-0.05438957,-0.024202352,0.9776445,0.9731825,52883.027,79.57049,460.22113,507.64432,52.06974,534.46173,0.000889543,99.15014,-5327.716,MIRAI-GREIP_FLOOD
2.3727722,43.888977,64.05612,11130.857,-0.011218068,0.004551049,0.006465658,0.0013879536,0.03861872,0.011920697,0.014605077,-1.2306921,0.17575881,0.059326548,-0.010851472,-0.037378136,-0.008450862,-0.021190539,0.059986703,0.013905346,-0.007326728,-0.026511319,0.093574464,-0.02965585,-0.017553933,0.011613233,-0.01734791,-0.05045149,0.9917741,0.95546055,54408.14,152.8126,367.53738,501.28384,0.010318756,505.04123,-4.1423933e-05,95.213135,-4903.46,MIRAI-GREIP_FLOOD
2.870718,41.98237,62.851852,2910.0232,-0.021218864,0.0033754152,-0.003701155,0.0052776868,0.036253422,-0.012313914,0.028331183,-0.4164772,-0.00039368868,0.02052556,-0.044462066,0.018775793,-0.0018375661,-0.0034411997,0.005393792,0.016060632,0.0046003517,-0.007025297,0.11116785,0.0049235737,-0.029051725,0.044365786,-0.0011099735,-0.024756936,0.96575606,0.9561918,54948.68,76.47062,519.18823,518.05194,78.00456,525.3233,0.0005221956,97.79637,7424.888,MIRAI-GREIP_FLOOD
-0.040037155,47.832405,64.271484,3384.9717,-0.01504802,0.005644873,-0.007938223,-0.017102005,-0.017525509,-0.005675493,0.004990909,-2.3547466,-0.0473961,0.08144554,-0.024084736,-0.07553385,0.0031835705,-0.022746507,0.038658425,-0.02916917,0.0017677248,-0.019549556,0.0115737915,-0.035755113,0.0029825768,0.02013182,-0.025810324,-0.027188791,0.9986371,1.0122277,58377.23,172.87122,448.1186,524.1382,-3.9668255,553.0457,0.00045126834,102.21074,-11546.516,MIRAI-GREIP_FLOOD
1.8454895,47.075928,61.105694,2893.271,-0.029576065,0.005160074,-0.0073155803,-0.020790687,0.05448824,-0.00061541505,0.06043678,0.28080267,0.22742786,0.10575086,-0.07792422,0.031492986,-0.022601843,-0.023022074,0.042330503,0.036970917,-0.047551446,-0.057715658,0.08140445,-0.12995975,-0.040100753,-0.024192575,-0.034734473,-0.019787934,1.0119896,0.9862133,57106.28,179.39917,486.67062,525.6064,-9.3109,548.74,0.00039277578,100.37089,-1355.9548,MIRAI-GREIP_FLOOD
-0.2952175,44.776802,62.425915,2402.7888,-0.024576213,0.0019262017,-0.00646387,0.011381975,-0.066300936,-0.02577021,0.03281282,-3.14988,0.30051464,-0.025259372,-0.051894166,-0.041408196,0.00015038066,-0.004942431,0.033201456,-0.0035181828,-0.009809487,-0.012016384,0.0044300556,0.06695659,-0.014474371,0.05499622,-0.017807014,-0.03204155,0.9495048,0.9588353,51685.82,123.51472,516.34985,508.14496,50.018658,545.39954,0.0017774864,97.70948,-2128.776,MIRAI-GREIP_FLOOD
1.2106533,46.080112,63.995674,11400.404,-0.0053556077,0.0054436265,-0.0034790277,0.0027158635,0.004947471,0.014275329,0.013189901,-1.1546326,0.036972675,0.10301083,-0.08706211,-0.038734417,-0.009885358,0.0041046226,0.0056000007,0.018979039,-0.014046412,-0.020126367,0.057285607,0.0068586855,-0.03277122,0.0018310535,0.0055869203,-0.008125854,0.9902907,0.9828205,54871.77,75.56598,387.18994,518.3436,17.18449,524.02045,-0.00020501985,99.074425,-19620.105,MIRAI-GREIP_FLOOD
3.7764988,40.928986,57.98236,2674.5012,-0.02384207,0.011466329,-0.047152646,-0.00020235404,0.06567779,0.007574151,0.02896806,2.6580257,-0.101351894,-0.042469546,0.17946139,0.042023428,0.026138162,-0.009030354,-0.032083686,-0.008723116,0.026020957,-0.000857627,0.16266102,-0.07499082,-0.034220383,0.055865772,0.005046292,-0.009136516,0.9581646,0.92869407,57624.965,63.461014,734.5483,556.93,129.99089,523.3267,0.0006145768,97.65459,20594.162,MIRAI-GREIP_FLOOD
0.012680054,47.75503,65.58043,-240.77295,-0.02263194,0.00061622635,-0.009769756,-0.007801709,-0.018926622,-0.0018741819,0.0068070856,1.2280436,0.1246154,-0.027523024,0.006869361,-0.020172868,0.024204755,-0.00070956536,-0.0059938524,-0.017591119,-0.0007052766,-0.02486372,-0.00021547079,0.0011936612,-0.016183393,0.017988307,-0.018378735,-0.032853026,1.0043987,0.9922897,59736.047,68.76859,742.6532,580.68085,125.908585,579.25494,0.0011950593,104.87863,19761.322,MIRAI-GREIP_FLOOD
1.5599785,44.283573,64.936714,942.98193,-0.011709425,-0.0020280585,-0.00882615,0.00061130524,0.00275644,-0.030250039,-0.0119286105,-1.2352922,-0.20472184,0.0015253574,0.015017053,-0.11926697,0.09033424,0.0056237634,0.031575873,-0.02235327,0.006519719,-0.04184459,0.033714354,0.029774256,-0.0050073117,0.017201655,-0.03287338,-0.024327364,1.0083929,1.0231649,53464.906,167.78903,493.45203,523.5945,5.2512236,535.0379,0.0007830252,97.62332,-10287.682,MIRAI-GREIP_FLOOD
-1.6793118,48.13617,64.31398,357.03516,-0.021423008,0.016193144,0.004841741,-0.005179414,-0.090141,0.025956571,0.038353108,-0.096426845,0.38083035,0.13096717,-0.055526704,-0.13812599,0.010569037,-0.002586986,0.022022013,0.025499221,0.0026350794,-0.0358431,-0.06124252,0.028925726,-0.019848555,0.0071994253,-0.0050258916,-0.029174972,1.0089318,1.0298564,59465.97,175.82416,560.4058,569.06696,23.418068,572.2227,0.00041786127,99.95589,-2132.7842,MIRAI-GREIP_FLOOD
1.6951599,44.17505,63.056793,11890.518,0.004144544,0.009143513,0.010174973,0.009898354,-0.01724602,0.030673154,0.03328507,-1.4841683,-0.079215735,0.051455628,-0.010911337,-0.031001244,-0.019388327,-0.02646772,0.05041518,0.01270953,-0.010081906,-0.03183946,0.04982692,0.010319935,-0.058539852,0.0059684156,0.0146801695,-0.007958486,0.99089265,0.97911423,51534.863,165.43143,380.96948,470.8265,-11.640476,488.13068,-0.00036847754,92.15639,-13463.525,MIRAI-GREIP_FLOOD
2.1749306,45.82923,66.48776,3955.832,-0.01658401,0.008804425,-0.027076527,-0.012918742,0.057522573,-0.03313244,-0.016139135,3.6081107,-0.08097049,0.029696336,-0.011813863,-0.007558176,0.0035150405,-0.0009750761,0.045416802,-0.0055385847,-0.0028269389,-0.033101406,0.08460504,-0.03900828,-0.013465,0.016054234,-0.055669103,-0.0134336,0.9989561,1.0017117,55383.88,157.2078,454.698,524.3313,8.018781,526.3986,0.0002659612,98.68043,-3405.961,MIRAI-GREIP_FLOOD
-1.1143894,44.867878,64.00825,5644.3574,0.012077199,0.037090886,0.0054376293,0.014957132,-0.082886524,-0.004692477,-0.010939409,-4.9613657,0.3806359,0.056871712,-0.044194613,-0.14565006,0.016797476,0.0055726105,0.04820484,-0.0010421406,0.004284545,-0.0017611822,-0.029734135,0.12392652,-0.043577358,0.012273988,-0.012899207,-0.013100522,0.94813174,0.9827109,51003.727,152.63828,408.42316,484.34195,9.375494,531.4466,0.00044037134,92.99183,-5009.447,MIRAI-GREIP_FLOOD
3.5365257,43.535194,65.754196,3781.043,-0.030863678,0.0012639685,-0.04677426,-0.003333344,0.07667667,-0.010631182,-0.012827342,3.3476088,-0.0122457,0.0798827,0.23650032,-0.08138372,0.1872955,0.026106842,0.009529832,-0.0152796935,0.0080365585,-0.020119473,0.10451442,-0.003985438,-0.016203763,-0.025659923,-0.017082464,0.02344711,0.99320406,0.9794861,51531.69,69.43923,487.09558,503.0306,64.208664,478.85773,0.0006515856,100.49402,5386.572,MIRAI-GREIP_FLOOD
1.5500889,45.44905,64.38339,4280.094,-0.00308197,0.03173924,-0.015622779,0.003262765,0.009510782,-0.025105938,0.0002750964,-0.42168236,0.7968224,0.02459756,-0.15404908,-0.02157845,-0.017700901,0.026499236,0.06538705,0.0026722485,-0.022139363,-0.01799982,0.03735161,-0.017776804,-0.011843755,0.033428717,-0.013288038,-0.019217435,0.9397641,0.984781,53436.17,141.90689,490.54407,483.08817,-9.272682,527.96423,0.00037492462,101.02716,-21139.691,MIRAI-GREIP_FLOOD
-0.052455902,45.726738,59.45912,7084.206,-0.011478429,-0.0014828107,0.014064863,-0.017002037,-0.03095824,0.03655475,0.04881441,-3.9433603,0.0178311,0.040455032,0.014607159,-0.06097044,-0.020278294,-0.02065853,0.033789277,0.010242876,-0.01124628,-0.023043014,0.0034362078,0.0042674723,-0.018511865,0.04001674,0.014677152,-0.051525094,0.96551204,0.9708098,54890.48,149.1532,398.35794,512.717,16.199284,509.20456,0.00025507074,97.00682,-10403.419,MIRAI-GREIP_FLOOD
2.4658146,42.56809,62.132812,3321.3506,0.016171552,-0.005679022,0.00057448866,-0.013494751,0.029158471,-0.020290567,0.0299268,-2.0645156,-0.20480454,0.07272029,-0.08897792,-0.014452806,-0.006272182,-0.002785609,0.013482594,0.025169607,0.008553531,-0.0050280616,0.08152717,0.010418551,-0.018644154,0.02260255,-0.015574001,-0.04007078,0.9802976,0.95893866,51167.17,79.268234,307.27905,469.23276,-5.12805,461.52,0.00045899872,98.020874,-27184.293,MIRAI-GREIP_FLOOD
0.94005966,44.678677,65.33745,-1003.55566,0.055848993,0.0056798304,0.016174406,0.031930566,0.022803403,0.008789739,0.01233797,2.3477144,0.2698642,1.1964644,0.006778855,-0.0009958725,0.016950823,0.009396415,-0.0029291632,0.010046418,0.004175529,-0.011901799,0.06232387,0.031670865,-0.04353275,0.023381894,-0.020472554,-0.051594213,1.007544,0.991565,52121.395,68.17279,731.3073,518.07184,106.41469,529.2361,0.0013016638,100.576035,18778.133,MIRAI-GREIP_FLOOD
3.5461102,40.86396,68.40076,435.03076,-0.031416148,0.0073973536,-0.007217599,0.048598673,0.0586908,-0.0013202446,0.031116262,1.8571038,0.38123536,-0.05357579,-0.06317421,-0.0069151027,0.0011178924,0.034308802,0.00014443882,0.0020295335,0.0066234637,-0.028406112,0.11451429,0.02502262,0.009753051,0.018574566,-0.027666604,-0.014077442,1.0012535,0.995458,51055.336,66.53052,647.2328,506.42453,113.294334,513.7621,0.0005721049,98.73441,22142.125,MIRAI-GREIP_FLOOD
3.7627182,43.401875,64.87646,6948.6284,0.008560185,0.003337749,-0.0238489,-0.011373683,0.04928647,-0.019584984,0.016142732,-1.232717,0.10071666,0.14526522,-0.04508717,0.016450983,-0.025184197,0.017528469,0.040736638,-0.017372025,-0.026409116,-0.05617757,0.08823949,-0.020330373,-0.003281918,-0.012419186,-0.05238023,-0.057842046,1.0085828,0.989182,51613.695,168.72926,351.49686,474.0141,-48.24877,483.26273,-5.6701872e-05,96.25334,-27345.85,MIRAI-GREIP_FLOOD
0.38643265,45.853798,64.994896,1736.856,-0.0017357338,0.023505293,0.008324514,0.012012062,-0.014565818,0.0040484215,0.034488946,-0.08739555,1.1241604,-0.027544081,-0.07809119,-0.017227441,-0.0047069085,0.023065805,0.048201293,0.0018773274,-0.008295825,0.00951189,0.012179077,0.0026632545,0.009662995,0.01879056,-0.011437767,-0.036276568,0.9861086,0.9584435,54399.184,68.62473,515.0799,518.37585,74.85808,555.0167,0.00044643157,102.50148,4897.6577,MIRAI-GREIP_FLOOD
-0.59778404,42.524204,61.783752,2585.3984,-0.029468982,0.0026408418,-0.014304342,0.00037576817,-0.048436187,-0.016413901,0.022292059,-1.0506597,0.051414788,0.07467632,0.019660212,-0.048339315,0.0033238612,0.002671983,0.007738373,0.005143243,0.008629415,-0.019307306,0.0062267184,0.14171953,-0.03377037,0.028159462,-0.0012592971,-0.0445458,0.99245316,0.9652451,51082.246,72.00334,509.17935,521.93805,69.720215,527.2381,0.00050703326,96.0925,-565.5238,MIRAI-GREIP_FLOOD
0.7127819,46.44715,64.01598,2706.0398,0.020350741,0.0122325085,0.017724797,0.020899631,0.021761116,0.0053648003,0.04371818,0.5656785,0.19356376,0.258748,0.14708453,-0.063195944,-0.00957463,-0.016200954,0.023120385,0.023826065,-0.004122257,-0.045373406,0.013297617,-0.05880032,-0.017256126,0.023287443,-0.0029218104,-0.004285518,0.9747217,1.041234,59549.996,161.92561,417.85706,506.21658,-50.434334,516.0868,0.00031002,99.85533,-43010.7,MIRAI-GREIP_FLOOD
2.0046673,44.15899,63.630478,2633.2568,-0.0158931,0.0064317286,0.00781414,0.0042209397,0.0147053655,-0.0042107217,0.018799135,-0.10195613,-0.058410052,0.05962242,-0.12756324,-0.038550835,-0.007947664,0.032969482,-0.024832513,0.0227333,-0.026067238,-0.04249571,0.07217735,-0.014361861,-0.0053328066,0.025914315,-0.020274196,0.0178537,0.96231556,0.98212296,54366.492,79.556274,443.8344,518.18964,36.526222,510.70892,0.00021831007,101.42925,-8853.2,MIRAI-GREIP_FLOOD
3.8872948,44.966686,64.92958,4601.5337,0.0077794488,0.003940566,-0.026999082,-0.006059304,0.087801054,0.008036894,0.011447096,1.3338335,0.4328798,-0.009621986,-0.12353939,0.013872366,0.0067248493,0.032094188,0.02853241,-0.0072069834,-0.012727288,-0.012382561,0.10283291,-0.06084336,0.021253314,0.030347612,-0.041849297,-0.030118521,0.98925894,0.9842491,54749.688,65.81706,531.244,522.3398,59.772606,532.0388,0.0002841475,103.62413,7707.1465,MIRAI-GREIP_FLOOD
2.4556656,46.052437,64.03138,5507.463,0.0110564185,-0.0037436478,0.0031073252,-0.0060162437,0.045619383,2.3000757e-05,0.019483676,0.7051883,-0.018182619,0.01774551,-0.07888155,-0.0031848857,0.0023877665,-0.008211503,0.01725934,-0.011289473,-0.02211243,-0.001744139,0.08582908,-0.047694396,-0.008169646,0.02899976,-0.03493865,-0.033832625,0.97399974,0.9601242,56075.312,78.80716,524.78613,535.3062,54.816257,554.39777,0.00039283186,103.000786,-763.60614,MIRAI-GREIP_FLOOD
1.2086773,42.343643,63.45891,5722.9844,0.01613001,0.0012446156,-0.0031202124,0.0004562065,-0.016483946,0.0039133574,0.01977248,-2.350691,0.28773022,0.0024130754,-0.10961725,-0.06486456,-0.0036558767,-0.002655615,0.07522612,0.002375464,-0.012108652,0.013828071,0.030074,0.096206,-0.033175405,0.0254432,-0.0070988894,-0.052087285,0.9694597,0.9461981,49868.44,159.49023,410.0179,498.5048,25.036463,519.9324,0.0002891515,93.82761,6104.825,MIRAI-GREIP_FLOOD
-0.00015449524,46.59228,64.04519,6233.9873,-0.014493771,0.003923277,-0.004143382,-0.013235516,-0.02582735,0.01609858,0.035614938,-0.45729244,0.0023642927,0.26281598,-0.07370178,-0.089120835,-0.008469962,-0.0058255624,0.016268916,0.03546119,-0.028752621,-0.046139233,0.008864403,0.025497496,-0.017207284,-0.00887552,-0.025434924,-0.026533848,1.0344768,1.0134794,54868.535,176.23743,347.1632,545.1437,-16.7322,531.2494,0.00016331131,95.32608,-8534.926,MIRAI-GREIP_FLOOD
-4.441334,54.860767,64.34758,8337.06,-0.046359096,-0.0030254105,-0.0009355368,-0.006536688,-0.12723467,0.05400563,0.01007713,-4.3858557,0.4393469,0.058636572,-0.0690369,-0.1200587,-0.005356128,-0.0019547949,0.031377718,-0.058981944,0.033050966,-0.0021056691,-0.10633248,0.006255379,0.024712022,-0.018945768,-0.013887573,-0.011104959,0.9664516,0.9920774,63389.43,172.14374,477.02704,598.13837,6.8866825,621.28516,0.00054905144,108.351776,10659.381,MIRAI-GREIP_FLOOD
-1.018671,46.56936,64.6324,1665.8208,-0.023234999,0.013237193,-0.027560702,-0.006247349,-0.029141733,-0.045544997,0.013589814,-0.40012777,0.7743434,0.120710276,-0.06577295,-0.09921386,-0.0028420351,0.013350684,0.041859336,-0.044792525,-0.003566714,-0.062158104,-0.0051009655,0.015272253,-0.01231532,-0.023669858,-0.052025992,-0.056287304,1.0130652,1.0192946,57405.69,173.36264,544.0315,562.41394,12.824749,590.00085,0.00041666836,103.02448,4211.894,MIRAI-GREIP_FLOOD
0.4687996,45.632122,64.22297,2243.2612,-0.0027997047,-0.002580362,-0.016233375,0.0017320939,-8.2356855e-05,0.0030608098,0.021474892,0.78614354,0.22961879,0.11595419,-0.085867524,-0.017063502,0.003005009,0.027296832,0.03051072,-0.0100683225,-0.00015782192,0.007067299,0.039003253,0.033030726,-0.020903613,0.030608024,-0.007598963,-0.008014719,0.9505694,0.95147866,54391.508,66.46772,454.52823,520.79816,73.41284,526.9926,0.000439893,103.53033,5269.9077,MIRAI-GREIP_FLOOD
1.4249268,45.403507,64.46096,3898.1816,-0.0029305276,0.010925437,-0.03524958,0.016728511,0.010324359,-0.006081435,0.0097202575,-0.7459489,0.040437117,0.074373566,-0.029777939,-0.0008573057,-0.0051229186,-0.031202797,0.03513117,-0.011831563,-0.014414273,-0.023091624,0.02872163,-0.011195807,0.0023941416,0.014858328,-0.033448756,-0.029289376,1.0283573,1.0088855,56032.875,171.7837,528.5176,515.1936,10.031113,529.72815,0.0002902695,96.620224,-10708.816,MIRAI-GREIP_FLOOD
1.0778275,47.422268,74.59186,1218.7583,-0.017957766,-0.0019789257,-0.0014941464,-0.0026862437,-0.012688655,-0.037423894,0.020250028,5.7600784,-0.1003825,-0.020091126,0.16437978,-0.010958131,0.022110105,0.012737889,-0.020116104,-0.012866689,-0.00087045133,-0.038252566,0.03613317,0.09474496,-0.008736288,0.038957935,-0.050333865,-0.013173342,1.0136788,0.9718617,51243.855,74.20048,650.83374,556.49255,89.98567,524.243,0.0014276076,101.279465,-12977.142,MIRAI-GREIP_FLOOD
0.79704094,46.513535,63.442368,1253.487,-0.011272225,-0.0028741714,0.005128144,-0.015011045,-0.00037492812,0.016175175,0.0005330937,-1.3935871,0.07613613,-0.045390617,-0.016704738,-0.03476813,0.005328708,-0.007949559,0.0046855025,0.015255633,-0.0035320246,-0.018498056,0.047192395,0.013066886,-0.014040074,0.01949961,-0.04759218,-0.023055263,0.9697075,0.96888584,55786.63,70.16227,400.62878,546.53864,27.078075,553.6836,0.00060995267,102.814766,-16151.7295,MIRAI-GREIP_FLOOD
-1.4725761,46.221325,63.62397,2175.3364,-0.035719573,0.0045213806,-0.0144504765,0.0019669544,-0.08753647,-0.00017384358,0.03076355,-0.06149566,0.42806938,0.013726817,-0.04488662,-0.094635,-0.0025782366,0.0072210277,0.052041322,-0.0142089445,-0.017236363,-0.001186938,-0.03818518,0.055168238,-0.0007786881,0.04358671,-0.023925954,-0.052603737,0.97732896,0.9643749,54217.91,145.93507,617.9694,535.4765,58.991722,571.279,0.00052032794,102.31659,4709.0396,MIRAI-GREIP_FLOOD
1.5265045,47.223732,65.55833,7389.6553,-0.013062924,-0.006772224,-0.028806597,-0.0012313536,0.031563446,-0.017351909,0.00068483176,0.10722935,-0.02538882,0.11236285,-0.065715246,0.004118951,-0.007938131,2.8056093e-05,0.0045469217,-0.017772326,0.009156758,-0.020407291,0.055491388,0.0008197502,-0.012810626,-0.0046972698,-0.027046597,-0.014845112,1.0103096,0.98318326,54809.875,65.04331,400.73865,549.3331,28.303595,540.40955,0.00026268628,102.37524,-16411.076,MIRAI-GREIP_FLOOD
0.51114273,47.052505,64.340866,5228.91,0.009679998,0.0029264966,-0.00423569,-0.008889127,-0.03892736,-0.0009327504,0.0015963521,-2.2609355,0.09159423,0.03171229,-0.036293693,-0.074889,-0.0075536086,0.0007961318,0.041049384,0.004348969,-0.015766848,-0.02957356,-0.0034635663,0.007103313,0.0029149977,0.029430978,-0.009241373,-0.029057337,0.9995221,1.0032122,56050.53,166.03323,413.2157,515.5244,-13.659943,538.5741,0.00033598786,98.99082,-9023.666,MIRAI-GREIP_FLOOD
0.6969967,46.34818,63.166218,3947.5518,-0.029885262,0.006692943,0.01830855,-0.0072293654,-0.0007115165,-0.009231312,0.048593212,-0.621637,0.046164077,0.077553846,0.011349785,-0.07965223,-0.007716474,-0.014654428,0.023484733,-0.019355098,-0.009252934,-0.041734952,0.070605576,-0.05542433,-0.037811887,0.009219701,0.0070987684,-0.018074498,1.012868,1.0176446,56699.992,176.84378,430.1774,555.1311,-11.2071,566.23785,0.00042207201,101.0978,-4404.9775,MIRAI-GREIP_FLOOD
4.4450264,44.57172,67.91202,2236.8254,-0.0036224537,0.017605811,-0.025009543,0.029468535,0.1185523,-0.025919842,-0.018858494,13.066276,0.9968401,0.48260358,0.09146932,0.041413367,0.015177721,0.02050963,0.010489974,-0.033402536,-0.019333579,-0.051136672,0.122042894,0.008105676,0.0059647276,0.044500977,-0.06995744,-0.024008721,0.96531856,0.99704975,48820.453,125.01665,656.7453,506.30737,50.942165,514.36633,0.0007228328,100.278465,-1576.3958,MIRAI-GREIP_FLOOD
0.27973175,45.416092,64.46428,2484.544,-0.015105929,0.0027677622,-0.0067414995,0.001025291,-0.016116312,0.027052902,-0.011248524,-0.6997982,0.5630187,-0.09824657,-0.08455925,-0.027311586,-0.009646604,0.014170174,0.018388404,0.015792076,-0.016665718,0.010799052,0.024197936,0.018774744,0.02210287,0.020682268,-0.03871567,-0.048781283,0.99141395,0.9574883,54519.535,68.90605,485.75446,527.63184,58.90558,542.83093,0.00033299593,100.5651,467.2922,MIRAI-GREIP_FLOOD
-0.6923809,45.26747,65.15004,2083.5198,0.0043193996,-0.0032806888,-0.013915641,-0.0062470883,-0.00997429,-0.025564253,-0.0064396206,-1.323019,0.0779218,-0.008268532,-0.052090544,-0.05534506,0.0069283056,0.012903439,0.033673733,0.021735426,0.021797217,0.0019751117,-0.025443017,0.09611171,-0.009632531,0.01203437,-0.038966935,-0.029299304,0.9720157,0.9762368,54001.14,79.32778,491.89188,523.8343,44.325752,550.3446,0.00036689598,98.569374,-64.9433,MIRAI-GREIP_FLOOD
-0.8318558,44.89618,64.68069,1378.3081,-0.040175214,0.011942733,-0.01975486,-0.011195872,-0.09701827,-0.004645439,0.008538172,-1.5265019,0.21795519,0.038583566,-0.09267774,-0.13991599,0.0069722305,-0.0013093418,0.013800172,-0.01021658,0.004410753,-0.05020926,-0.015359461,0.11329071,-0.02167461,-0.016366862,-0.025326788,-0.003920328,1.028611,1.0194864,53540.68,177.85133,531.06793,536.09863,10.133335,559.6463,0.00049975835,96.56828,1990.0874,MIRAI-GREIP_FLOOD
-1.0887089,48.50687,63.97223,6610.2627,-0.025183983,-0.00152415,-0.02611025,-0.014470815,-0.011428954,0.041553374,0.011798776,0.14448404,0.3349897,0.087872475,0.024047669,-0.05958958,0.0005389452,-0.028438516,0.023779694,-0.013771353,0.008950917,0.012686717,0.02207458,-0.013399725,-0.0021933415,-0.0014543708,-0.015432412,-0.07338694,0.99449074,0.9703448,58561.43,65.730415,493.46027,553.17896,57.62146,566.124,0.00046346424,102.17836,489.55115,MIRAI-GREIP_FLOOD
0.2065754,46.31111,64.09904,2693.7144,-0.017599002,0.008670188,-0.010201381,-0.007949873,-0.033437543,-0.001257477,0.00018045539,-2.7206497,-0.09793657,0.096351504,-0.040599443,-0.06308969,-0.013415351,-0.013943018,0.01269638,-0.011958172,-0.0122104855,-0.02623888,0.04251659,0.016010627,-0.014840537,0.009944531,8.301344e-05,-0.017980296,1.0052088,1.0352474,57329.043,174.6662,394.83884,519.50024,-20.73259,518.94446,0.00034775387,99.452484,-18461.59,MIRAI-GREIP_FLOOD
1.2135162,44.555595,64.62125,3019.1475,-0.04187916,0.008229392,-0.024406772,0.0021251694,0.028265646,0.015882494,-0.01184348,0.86861503,0.48994336,-0.016650861,-0.09862427,-0.017980073,-0.0076542124,0.014764544,0.031642713,-0.01454388,0.015690072,-0.009098499,0.06536746,0.027620232,0.010709599,0.020465355,-0.007331357,-0.020589123,0.97799623,1.0077633,55530.586,57.492245,499.20654,508.0531,58.155216,534.8816,0.00037963805,99.47454,7442.8955,MIRAI-GREIP_FLOOD
-1.7115211,48.8678,63.897194,1930.073,-0.035377666,-0.0026739223,-0.03972042,0.0024508375,-0.06665659,0.016016226,0.0356476,-2.3937345,0.012567788,-0.0045504887,-0.12577716,-0.095269576,-0.00045790523,-0.019647738,0.040316276,-0.026963346,-0.0131935645,-0.004414185,-0.0014435649,0.022210466,-0.015389951,0.009793473,-0.043930963,-0.012410468,0.9969296,0.96821564,58713.395,172.82434,415.99915,541.95056,-3.057291,563.2871,0.00037221765,100.03328,764.44934,MIRAI-GREIP_FLOOD
2.7793236,44.714096,64.522835,1581.0369,0.046720967,0.0051165596,-0.021861887,-0.0019771934,0.067803666,0.012337632,-0.0021972158,0.6174867,0.016409157,1.1067723,0.012089274,0.020597892,0.0075722085,0.014450828,0.010222601,0.019275106,-0.0016834284,-0.019043287,0.08297318,-0.051060226,-0.026696343,-0.0098007135,-0.00599741,-0.022162283,1.0219244,0.9913834,55532.203,68.288475,485.7362,537.13544,64.05944,524.4038,0.00047162134,100.47129,1155.054,MIRAI-GREIP_FLOOD
1.4646149,43.055424,62.443085,3489.7732,-0.032131903,0.013281429,0.0021876139,-0.026633685,0.039944015,-0.062279046,0.012269044,2.4172766,0.16583668,-0.023160623,0.021550423,-0.14080858,0.13714778,-0.032237325,0.019444793,-0.033259068,-0.02113782,-0.032115847,0.041957796,-0.044055253,-0.014923509,0.014164107,-0.010041105,-0.013241664,1.0537995,1.0289613,54135.32,178.14377,593.8726,558.51953,-15.337368,582.7813,0.00061811705,97.686966,6484.9116,MIRAI-GREIP_FLOOD
-0.13121986,46.24575,64.74077,3702.7766,-0.0037311297,0.0034478647,-0.026239457,0.0033013772,-0.02567737,-0.04367341,0.008402391,-0.91561675,0.17781967,0.012560765,-0.0696609,-0.060721677,-0.009812844,-0.0064687803,0.0807383,-0.05064841,-0.012703905,-0.023403905,0.0057365894,-0.006842827,-0.012679752,0.028925316,-0.038715277,-0.038424328,0.9912809,0.98273295,56952.84,153.34286,557.0276,532.44806,19.367079,566.9383,0.00034028577,101.76025,-1626.227,MIRAI-GREIP_FLOOD
0.50535583,45.909782,69.65456,1618.6416,-0.024568921,-0.0041538416,-0.013154485,-1.825951e-05,-0.043198593,-0.007009414,0.008307876,-2.5555723,0.10099002,-0.0645509,-0.09124039,-0.0268971,0.0037585117,0.016702102,0.062346905,-0.015725104,0.014064115,-0.010000117,-0.020858467,0.0999882,0.009565295,0.009965105,-0.05347883,-0.03516584,0.981473,0.96595854,51713.836,107.56198,518.7882,503.52374,34.135326,543.79407,0.00042645962,98.51962,-10025.465,MIRAI-GREIP_FLOOD
-1.1749458,45.75873,64.76625,2021.0603,-0.042193007,0.047753457,-0.04834695,-0.00050352886,-0.058045045,-0.014993688,0.008648082,-0.64677334,2.4997838,-0.0031558052,-0.018846238,-0.06877749,-0.00852576,-8.4186904e-05,0.025619496,-0.029423041,0.0038079312,-0.025182694,0.009682596,0.05546401,-0.034785822,-0.011234194,-0.014770113,-0.026027359,0.9983014,1.0441536,54885.8,173.20985,606.44226,544.881,22.614155,585.1966,0.00062158256,102.90767,2333.338,MIRAI-GREIP_FLOOD
